tick,tasks_pending,tasks_outstanding,tasks_created_this_tick,tasks_completed_this_tick,tasks_completed_total,tasks_failed_total,robots_active,robots_idle,robots_blocked,robots_charging,robots_to_charger,robots_waiting_for_charger,robots_failed,average_battery,min_battery,max_battery,replans_this_tick,replans_total,blocked_ticks_this_tick,blocked_ticks_total
1,0,0,0.0,0.0,0.0,0.0,0,13,0,0,0,0,0,100.0,100.0,100.0,0.0,0.0,0.0,0.0
2,0,0,0.0,0.0,0.0,0.0,0,13,0,0,0,0,0,100.0,100.0,100.0,0.0,0.0,0.0,0.0
3,0,1.0,1.0,0.0,0.0,0.0,1,12,0,0,0,0,0,99.9731,99.65,100.0,0.0,0.0,0.0,0.0
4,0,1.0,0.0,0.0,0.0,0.0,1,12,0,0,0,0,0,99.9462,99.3,100.0,0.0,0.0,0.0,0.0
5,0,2.0,1.0,0.0,0.0,0.0,2,11,0,0,0,0,0,99.8923,98.95,100.0,0.0,0.0,0.0,0.0
6,0,2.0,0.0,0.0,0.0,0.0,2,11,0,0,0,0,0,99.8385,98.6,100.0,0.0,0.0,0.0,0.0
7,0,3.0,1.0,0.0,0.0,0.0,3,10,0,0,0,0,0,99.7462,98.1,100.0,0.0,0.0,0.0,0.0
8,0,3.0,0.0,0.0,0.0,0.0,3,10,0,0,0,0,0,99.6538,97.6,100.0,0.0,0.0,0.0,0.0
9,0,4.0,1.0,0.0,0.0,0.0,4,9,0,0,0,0,0,99.5346,97.1,100.0,0.0,0.0,0.0,0.0
10,0,4.0,0.0,0.0,0.0,0.0,4,9,0,0,0,0,0,99.4038,96.6,100.0,0.0,0.0,0.0,0.0
11,0,5.0,1.0,0.0,0.0,0.0,5,8,0,0,0,0,0,99.2346,96.1,100.0,0.0,0.0,0.0,0.0
12,0,4.0,0.0,1.0,1.0,0.0,4,9,0,0,0,0,0,99.0538,95.6,100.0,0.0,0.0,0.0,0.0
13,0,4.0,0.0,0.0,1.0,0.0,4,9,0,0,0,0,0,98.9115,95.1,100.0,0.0,0.0,0.0,0.0
14,0,4.0,0.0,0.0,1.0,0.0,4,9,0,0,0,0,0,98.7692,94.6,100.0,0.0,0.0,0.0,0.0
15,0,5.0,1.0,0.0,1.0,0.0,5,8,0,0,0,0,0,98.6,94.1,100.0,0.0,0.0,0.0,0.0
16,0,5.0,0.0,0.0,1.0,0.0,5,8,0,0,0,0,0,98.4308,93.6,100.0,0.0,0.0,0.0,0.0
17,0,4.0,0.0,1.0,2.0,0.0,4,9,0,0,0,0,0,98.2615,93.1,100.0,0.0,0.0,0.0,0.0
18,0,3.0,0.0,1.0,3.0,0.0,3,10,0,0,0,0,0,98.1308,93.1,100.0,0.0,0.0,0.0,0.0
19,0,5.0,2.0,0.0,3.0,0.0,5,8,0,0,0,0,0,97.9846,93.1,100.0,0.0,0.0,0.0,0.0
20,0,4.0,0.0,1.0,4.0,0.0,4,9,0,0,0,0,0,97.8385,93.1,100.0,0.0,0.0,0.0,0.0
21,0,4.0,0.0,0.0,4.0,0.0,4,9,0,0,0,0,0,97.7192,93.1,100.0,0.0,0.0,0.0,0.0
22,0,4.0,0.0,0.0,4.0,0.0,4,9,0,0,0,0,0,97.5885,93.1,100.0,0.0,0.0,0.0,0.0
23,0,5.0,1.0,0.0,4.0,0.0,4,8,1,0,0,0,0,97.4577,93.1,100.0,0.0,0.0,1.0,1.0
24,0,5.0,0.0,0.0,4.0,0.0,4,8,1,0,0,0,0,97.3,92.75,100.0,1.0,1.0,1.0,2.0
25,0,5.0,1.0,1.0,5.0,0.0,5,8,0,0,0,0,0,97.1154,92.75,100.0,0.0,1.0,0.0,2.0
26,0,5.0,0.0,0.0,5.0,0.0,5,8,0,0,0,0,0,96.9462,92.75,100.0,0.0,1.0,0.0,2.0
27,0,6.0,1.0,0.0,5.0,0.0,6,7,0,0,0,0,0,96.7269,92.75,100.0,0.0,1.0,0.0,2.0
28,0,5.0,0.0,1.0,6.0,0.0,5,8,0,0,0,0,0,96.5077,92.75,100.0,0.0,1.0,0.0,2.0
29,0,5.0,0.0,0.0,6.0,0.0,5,8,0,0,0,0,0,96.3269,92.75,100.0,0.0,1.0,0.0,2.0
30,0,5.0,0.0,0.0,6.0,0.0,5,8,0,0,0,0,0,96.1462,92.6,100.0,0.0,1.0,0.0,2.0
31,0,6.0,1.0,0.0,6.0,0.0,6,7,0,0,0,0,0,95.9269,92.25,100.0,0.0,1.0,0.0,2.0
32,0,5.0,0.0,1.0,7.0,0.0,5,8,0,0,0,0,0,95.6962,91.75,100.0,0.0,1.0,0.0,2.0
33,0,5.0,0.0,0.0,7.0,0.0,5,8,0,0,0,0,0,95.5038,91.25,100.0,0.0,1.0,0.0,2.0
34,0,5.0,0.0,0.0,7.0,0.0,5,8,0,0,0,0,0,95.3115,90.75,100.0,0.0,1.0,0.0,2.0
35,0,7.0,2.0,0.0,7.0,0.0,5,6,2,0,0,0,0,95.1308,90.25,100.0,0.0,1.0,2.0,4.0
36,0,6.0,0.0,1.0,8.0,0.0,5,7,1,0,0,0,0,94.9231,89.75,100.0,1.0,2.0,1.0,5.0
37,0,6.0,1.0,1.0,9.0,0.0,6,7,0,0,0,0,0,94.6615,89.75,100.0,0.0,2.0,0.0,5.0
38,0,5.0,0.0,1.0,10.0,0.0,5,8,0,0,0,0,0,94.4654,89.75,100.0,0.0,2.0,0.0,5.0
39,0,4.0,0.0,1.0,11.0,0.0,4,9,0,0,0,0,0,94.3077,89.55,100.0,0.0,2.0,0.0,5.0
40,0,4.0,0.0,0.0,11.0,0.0,4,9,0,0,0,0,0,94.1769,89.05,100.0,0.0,2.0,0.0,5.0
41,0,4.0,0.0,0.0,11.0,0.0,4,9,0,0,0,0,0,94.0346,88.55,100.0,0.0,2.0,0.0,5.0
42,0,3.0,0.0,1.0,12.0,0.0,3,10,0,0,0,0,0,93.8923,88.05,100.0,0.0,2.0,0.0,5.0
43,0,5.0,2.0,0.0,12.0,0.0,5,8,0,0,0,0,0,93.7231,87.55,100.0,0.0,2.0,0.0,5.0
44,0,5.0,0.0,0.0,12.0,0.0,5,8,0,0,0,0,0,93.5423,87.05,100.0,0.0,2.0,0.0,5.0
45,0,5.0,1.0,1.0,13.0,0.0,5,8,0,0,0,0,0,93.3346,86.55,100.0,0.0,2.0,0.0,5.0
46,0,5.0,0.0,0.0,13.0,0.0,5,8,0,0,0,0,0,93.1654,86.55,100.0,0.0,2.0,0.0,5.0
47,0,5.0,0.0,0.0,13.0,0.0,5,8,0,0,0,0,0,92.9962,86.55,100.0,0.0,2.0,0.0,5.0
48,0,5.0,0.0,0.0,13.0,0.0,5,8,0,0,0,0,0,92.8269,86.55,100.0,0.0,2.0,0.0,5.0
49,0,5.0,0.0,0.0,13.0,0.0,5,8,0,0,0,0,0,92.6577,86.55,100.0,0.0,2.0,0.0,5.0
50,0,5.0,0.0,0.0,13.0,0.0,3,8,2,0,0,0,0,92.5538,86.1,100.0,0.0,2.0,2.0,7.0
51,0,6.0,2.0,1.0,14.0,0.0,5,7,1,0,0,0,0,92.3846,85.6,100.0,1.0,3.0,2.0,9.0
52,0,6.0,0.0,0.0,14.0,0.0,6,7,0,0,0,0,0,92.1885,85.6,100.0,0.0,3.0,0.0,9.0
53,0,6.0,0.0,0.0,14.0,0.0,6,7,0,0,0,0,0,91.9808,85.6,100.0,0.0,3.0,0.0,9.0
54,0,6.0,0.0,0.0,14.0,0.0,6,7,0,0,0,0,0,91.7615,85.6,100.0,0.0,3.0,0.0,9.0
55,0,8.0,2.0,0.0,14.0,0.0,8,5,0,0,0,0,0,91.4885,85.6,100.0,0.0,3.0,0.0,9.0
56,0,6.0,0.0,2.0,16.0,0.0,6,7,0,0,0,0,0,91.2154,85.6,100.0,0.0,3.0,0.0,9.0
57,0,5.0,0.0,1.0,17.0,0.0,5,8,0,0,0,0,0,91.0192,85.15,100.0,0.0,3.0,0.0,9.0
58,0,5.0,0.0,0.0,17.0,0.0,5,8,0,0,0,0,0,90.8615,84.65,100.0,0.0,3.0,0.0,9.0
59,0,6.0,1.0,0.0,17.0,0.0,6,7,0,0,0,0,0,90.6769,84.15,100.0,0.0,3.0,0.0,9.0
60,0,6.0,0.0,0.0,17.0,0.0,4,7,2,0,0,0,0,90.5692,84.15,100.0,0.0,3.0,2.0,11.0
61,0,6.0,0.0,0.0,17.0,0.0,5,7,1,0,0,0,0,90.4615,84.1,100.0,1.0,4.0,2.0,13.0
62,0,6.0,0.0,0.0,17.0,0.0,6,7,0,0,0,0,0,90.2538,83.65,100.0,0.0,4.0,0.0,13.0
63,0,6.0,0.0,0.0,17.0,0.0,6,7,0,0,0,0,0,90.0462,83.15,100.0,0.0,4.0,0.0,13.0
64,0,6.0,0.0,0.0,17.0,0.0,6,7,0,0,0,0,0,89.8385,82.65,100.0,0.0,4.0,0.0,13.0
65,0,8.0,2.0,0.0,17.0,0.0,7,5,1,0,0,0,0,89.6038,82.15,100.0,0.0,4.0,1.0,14.0
66,0,8.0,0.0,0.0,17.0,0.0,7,5,1,0,0,0,0,89.3423,81.65,100.0,1.0,5.0,1.0,15.0
67,0,9.0,2.0,1.0,18.0,0.0,9,4,0,0,0,0,0,89.0154,81.15,100.0,0.0,5.0,0.0,15.0
68,0,9.0,0.0,0.0,18.0,0.0,9,4,0,0,0,0,0,88.7038,80.65,100.0,0.0,5.0,0.0,15.0
69,0,8.0,0.0,1.0,19.0,0.0,8,5,0,0,0,0,0,88.3923,80.15,100.0,0.0,5.0,0.0,15.0
70,0,7.0,0.0,1.0,20.0,0.0,6,6,1,0,0,0,0,88.1577,79.65,100.0,0.0,5.0,1.0,16.0
71,0,7.0,0.0,0.0,20.0,0.0,6,6,1,0,0,0,0,87.9615,79.15,100.0,1.0,6.0,1.0,17.0
72,0,5.0,0.0,2.0,22.0,0.0,5,8,0,0,0,0,0,87.7,78.65,100.0,0.0,6.0,0.0,17.0
73,0,5.0,0.0,0.0,22.0,0.0,5,8,0,0,0,0,0,87.5423,78.65,100.0,0.0,6.0,0.0,17.0
74,0,5.0,0.0,0.0,22.0,0.0,5,8,0,0,0,0,0,87.3846,78.65,100.0,0.0,6.0,0.0,17.0
75,0,7.0,2.0,0.0,22.0,0.0,7,6,0,0,0,0,0,87.1731,78.3,100.0,0.0,6.0,0.0,17.0
76,0,7.0,0.0,0.0,22.0,0.0,7,6,0,0,0,0,0,86.9615,77.8,100.0,0.0,6.0,0.0,17.0
77,0,7.0,0.0,0.0,22.0,0.0,6,6,1,0,0,0,0,86.7654,77.3,100.0,0.0,6.0,1.0,18.0
78,0,7.0,0.0,0.0,22.0,0.0,6,6,1,0,0,0,0,86.5423,76.8,100.0,1.0,7.0,1.0,19.0
79,0,9.0,2.0,0.0,22.0,0.0,9,4,0,0,0,0,0,86.2654,76.3,100.0,0.0,7.0,0.0,19.0
80,0,9.0,0.0,0.0,22.0,0.0,9,4,0,0,0,0,0,85.9538,75.8,100.0,0.0,7.0,0.0,19.0
81,0,8.0,0.0,1.0,23.0,0.0,8,5,0,0,0,0,0,85.6308,75.3,100.0,0.0,7.0,0.0,19.0
82,0,8.0,0.0,0.0,23.0,0.0,8,5,0,0,0,0,0,85.3346,74.8,100.0,0.0,7.0,0.0,19.0
83,0,9.0,1.0,0.0,23.0,0.0,9,4,0,0,0,0,0,85.0115,74.3,100.0,0.0,7.0,0.0,19.0
84,0,8.0,0.0,1.0,24.0,0.0,7,5,1,0,0,0,0,84.7269,73.8,100.0,0.0,7.0,1.0,20.0
85,0,9.0,1.0,0.0,24.0,0.0,8,4,1,0,0,0,0,84.4538,73.3,100.0,1.0,8.0,1.0,21.0
86,0,8.0,0.0,1.0,25.0,0.0,8,5,0,0,0,0,0,84.1038,72.8,100.0,0.0,8.0,0.0,21.0
87,0,7.0,0.0,1.0,26.0,0.0,7,6,0,0,0,0,0,83.8192,72.3,100.0,0.0,8.0,0.0,21.0
88,0,7.0,0.0,0.0,26.0,0.0,7,6,0,0,0,0,0,83.5731,72.3,100.0,0.0,8.0,0.0,21.0
89,0,7.0,0.0,0.0,26.0,0.0,7,6,0,0,0,0,0,83.3269,72.3,100.0,0.0,8.0,0.0,21.0
90,0,7.0,0.0,0.0,26.0,0.0,7,6,0,0,0,0,0,83.0808,72.3,100.0,0.0,8.0,0.0,21.0
91,0,9.0,2.0,0.0,26.0,0.0,7,4,2,0,0,0,0,82.8577,72.3,100.0,0.0,8.0,2.0,23.0
92,0,7.0,0.0,2.0,28.0,0.0,6,6,1,0,0,0,0,82.5962,72.3,100.0,1.0,9.0,1.0,24.0
93,0,8.0,1.0,0.0,28.0,0.0,8,5,0,0,0,0,0,82.3192,71.95,100.0,0.0,9.0,0.0,24.0
94,0,8.0,0.0,0.0,28.0,0.0,6,5,2,0,0,0,0,82.1346,71.95,100.0,0.0,9.0,2.0,26.0
95,0,9.0,1.0,0.0,28.0,0.0,7,4,2,0,0,0,0,81.9231,71.95,100.0,2.0,11.0,3.0,29.0
96,0,8.0,0.0,1.0,29.0,0.0,8,5,0,0,0,0,0,81.6115,71.45,100.0,0.0,11.0,0.0,29.0
97,0,8.0,0.0,0.0,29.0,0.0,7,5,1,0,0,0,0,81.3769,71.45,100.0,0.0,11.0,1.0,30.0
98,0,7.0,0.0,1.0,30.0,0.0,7,6,0,0,0,0,0,81.0808,70.95,100.0,0.0,11.0,0.0,30.0
99,0,8.0,1.0,0.0,30.0,0.0,7,5,1,0,0,0,0,80.8346,70.45,100.0,0.0,11.0,1.0,31.0
100,0,8.0,0.0,0.0,30.0,0.0,7,5,1,0,0,0,0,80.6269,70.45,100.0,1.0,12.0,2.0,33.0
101,0,8.0,0.0,0.0,30.0,0.0,8,5,0,0,0,0,0,80.3423,69.95,100.0,0.0,12.0,0.0,33.0
102,0,8.0,0.0,0.0,30.0,0.0,7,5,1,0,0,0,0,80.0846,69.95,100.0,0.0,12.0,1.0,34.0
103,0,8.0,1.0,1.0,31.0,0.0,7,5,1,0,0,0,0,79.8,69.45,100.0,0.0,12.0,1.0,35.0
104,0,8.0,0.0,0.0,31.0,0.0,5,5,3,0,0,0,0,79.6308,69.45,100.0,0.0,12.0,3.0,38.0
105,0,9.0,1.0,0.0,31.0,0.0,8,4,1,0,0,0,0,79.4346,69.45,100.0,2.0,14.0,3.0,41.0
106,0,9.0,0.0,0.0,31.0,0.0,9,4,0,0,0,0,0,79.1231,68.95,100.0,0.0,14.0,0.0,41.0
107,0,11.0,2.0,0.0,31.0,0.0,10,2,1,0,0,0,0,78.8346,68.45,100.0,0.0,14.0,1.0,42.0
108,0,11.0,0.0,0.0,31.0,0.0,11,2,0,0,0,0,0,78.5462,67.95,100.0,1.0,15.0,1.0,43.0
109,0,11.0,0.0,0.0,31.0,0.0,11,2,0,0,0,0,0,78.1692,67.45,100.0,0.0,15.0,0.0,43.0
110,0,10.0,0.0,1.0,32.0,0.0,10,3,0,0,0,0,0,77.7808,66.95,100.0,0.0,15.0,0.0,43.0
111,0,10.0,0.0,0.0,32.0,0.0,10,3,0,0,0,0,0,77.4308,66.45,100.0,0.0,15.0,0.0,43.0
112,0,9.0,0.0,1.0,33.0,0.0,9,4,0,0,0,0,0,77.0692,65.95,100.0,0.0,15.0,0.0,43.0
113,0,9.0,0.0,0.0,33.0,0.0,9,4,0,0,0,0,0,76.7462,65.45,100.0,0.0,15.0,0.0,43.0
114,0,8.0,0.0,1.0,34.0,0.0,8,5,0,0,0,0,0,76.4231,64.95,100.0,0.0,15.0,0.0,43.0
115,0,11.0,3.0,0.0,34.0,0.0,10,2,1,0,0,0,0,76.0962,64.45,100.0,0.0,15.0,1.0,44.0
116,0,10.0,0.0,1.0,35.0,0.0,8,3,2,0,0,0,0,75.7962,63.95,100.0,1.0,16.0,2.0,46.0
117,0,10.0,0.0,0.0,35.0,0.0,9,3,1,0,0,0,0,75.4692,63.45,100.0,1.0,17.0,1.0,47.0
118,0,9.0,0.0,1.0,36.0,0.0,9,4,0,0,0,0,0,75.1808,62.95,100.0,0.0,17.0,0.0,47.0
119,0,9.0,0.0,0.0,36.0,0.0,8,4,1,0,0,0,0,74.9577,62.45,100.0,0.0,17.0,1.0,48.0
120,0,9.0,0.0,0.0,36.0,0.0,9,4,0,0,0,0,0,74.7346,61.95,100.0,1.0,18.0,1.0,49.0
121,0,10.0,1.0,0.0,36.0,0.0,10,3,0,0,0,0,0,74.4577,61.45,99.65,0.0,18.0,0.0,49.0
122,0,9.0,0.0,1.0,37.0,0.0,9,4,0,0,0,0,0,74.1808,60.95,99.3,0.0,18.0,0.0,49.0
123,0,10.0,1.0,0.0,37.0,0.0,10,3,0,0,0,0,0,73.9154,60.45,98.95,0.0,18.0,0.0,49.0
124,0,10.0,0.0,0.0,37.0,0.0,8,3,2,0,0,0,0,73.7154,60.45,98.6,0.0,18.0,2.0,51.0
125,0,11.0,1.0,0.0,37.0,0.0,10,2,1,0,0,0,0,73.4654,60.45,98.25,1.0,19.0,2.0,53.0
126,0,11.0,0.0,0.0,37.0,0.0,11,2,0,0,0,0,0,73.15,59.95,97.9,0.0,19.0,0.0,53.0
127,0,12.0,1.0,0.0,37.0,0.0,11,1,1,0,0,0,0,72.8346,59.95,97.4,0.0,19.0,1.0,54.0
128,0,11.0,0.0,1.0,38.0,0.0,11,2,0,0,0,0,0,72.4692,59.45,96.9,0.0,19.0,0.0,54.0
129,0,10.0,0.0,1.0,39.0,0.0,10,3,0,0,0,0,0,72.1423,59.45,96.4,0.0,19.0,0.0,54.0
130,0,10.0,0.0,0.0,39.0,0.0,10,3,0,0,0,0,0,71.8538,59.45,96.4,0.0,19.0,0.0,54.0
131,0,11.0,1.0,0.0,39.0,0.0,11,2,0,0,0,0,0,71.5385,59.1,96.4,0.0,19.0,0.0,54.0
132,0,11.0,0.0,0.0,39.0,0.0,11,2,0,0,0,0,0,71.2231,58.75,96.4,0.0,19.0,0.0,54.0
133,0,9.0,0.0,2.0,41.0,0.0,9,4,0,0,0,0,0,70.8962,58.4,96.4,0.0,19.0,0.0,54.0
134,0,9.0,0.0,0.0,41.0,0.0,9,4,0,0,0,0,0,70.6346,58.05,96.4,0.0,19.0,0.0,54.0
135,0,11.0,2.0,0.0,41.0,0.0,11,2,0,0,0,0,0,70.2962,57.7,96.05,0.0,19.0,0.0,54.0
136,0,11.0,0.0,0.0,41.0,0.0,11,2,0,0,0,0,0,69.9577,57.35,95.7,0.0,19.0,0.0,54.0
137,0,11.0,0.0,0.0,41.0,0.0,11,2,0,0,0,0,0,69.6192,57.0,95.35,0.0,19.0,0.0,54.0
138,0,10.0,0.0,1.0,42.0,0.0,10,3,0,0,0,0,0,69.2692,56.65,94.85,0.0,19.0,0.0,54.0
139,0,11.0,2.0,1.0,43.0,0.0,11,2,0,0,0,0,0,68.9038,56.3,94.35,0.0,19.0,0.0,54.0
140,0,10.0,0.0,1.0,44.0,0.0,10,3,0,0,0,0,0,68.5654,55.95,93.85,0.0,19.0,0.0,54.0
141,0,9.0,0.0,1.0,45.0,0.0,8,4,1,0,0,0,0,68.3038,55.55,93.85,0.0,19.0,1.0,55.0
142,0,9.0,0.0,0.0,45.0,0.0,9,4,0,0,0,0,0,68.0423,55.05,93.85,0.0,19.0,0.0,55.0
143,0,8.0,0.0,1.0,46.0,0.0,7,5,1,0,0,0,0,67.8077,54.55,93.85,0.0,19.0,1.0,56.0
144,0,8.0,0.0,0.0,46.0,0.0,7,5,1,0,0,0,0,67.5846,54.05,93.85,1.0,20.0,1.0,57.0
145,0,8.0,1.0,1.0,47.0,0.0,7,5,1,0,0,0,0,67.35,53.55,93.85,0.0,20.0,1.0,58.0
146,0,8.0,0.0,0.0,47.0,0.0,6,5,2,0,0,0,0,67.1808,53.05,93.85,0.0,20.0,2.0,60.0
147,0,9.0,1.0,0.0,47.0,0.0,8,4,1,0,0,0,0,66.9731,52.55,93.85,1.0,21.0,2.0,62.0
148,0,9.0,0.0,0.0,47.0,0.0,9,4,0,0,0,0,0,66.7,52.05,93.85,0.0,21.0,0.0,62.0
149,0,10.0,1.0,0.0,47.0,0.0,10,3,0,0,0,0,0,66.4,51.55,93.5,0.0,21.0,0.0,62.0
150,0,10.0,0.0,0.0,47.0,0.0,9,3,1,0,0,0,0,66.1385,51.05,93.15,0.0,21.0,1.0,63.0
151,0,11.0,1.0,0.0,47.0,0.0,11,2,0,0,0,0,0,65.8115,50.55,92.8,0.0,21.0,0.0,63.0
152,0,10.0,0.0,1.0,48.0,0.0,9,3,1,0,0,0,0,65.5115,50.05,92.3,0.0,21.0,1.0,64.0
153,0,9.0,0.0,1.0,49.0,0.0,8,4,1,0,0,0,0,65.2654,49.55,91.8,1.0,22.0,2.0,66.0
154,0,8.0,0.0,1.0,50.0,0.0,8,5,0,0,0,0,0,64.9923,49.55,91.3,0.0,22.0,0.0,66.0
155,0,9.0,2.0,1.0,51.0,0.0,7,4,2,0,0,0,0,64.7577,49.55,91.3,0.0,22.0,2.0,68.0
156,0,9.0,0.0,0.0,51.0,0.0,7,4,2,0,0,0,0,64.6,49.55,91.3,1.0,23.0,3.0,71.0
157,0,9.0,0.0,0.0,51.0,0.0,6,4,3,0,0,0,0,64.4308,49.55,91.3,0.0,23.0,3.0,74.0
158,0,9.0,0.0,0.0,51.0,0.0,8,4,1,0,0,0,0,64.2077,49.25,91.3,0.0,23.0,1.0,75.0
159,0,9.0,0.0,0.0,51.0,0.0,8,4,1,0,0,0,0,63.9846,48.75,91.3,0.0,23.0,1.0,76.0
160,0,9.0,0.0,0.0,51.0,0.0,8,4,1,0,0,0,0,63.75,48.25,91.3,0.0,23.0,1.0,77.0
161,0,9.0,0.0,0.0,51.0,0.0,8,4,1,0,0,0,0,63.5154,47.75,91.3,0.0,23.0,1.0,78.0
162,0,8.0,0.0,1.0,52.0,0.0,7,5,1,0,0,0,0,63.2808,47.25,91.3,0.0,23.0,1.0,79.0
163,0,11.0,3.0,0.0,52.0,0.0,10,2,1,0,0,0,0,62.9923,46.75,90.95,0.0,23.0,1.0,80.0
164,0,10.0,0.0,1.0,53.0,0.0,9,3,1,0,0,0,0,62.6923,46.25,90.6,0.0,23.0,1.0,81.0
165,0,11.0,1.0,0.0,53.0,0.0,10,2,1,0,0,0,0,62.4038,45.9,90.25,0.0,23.0,1.0,82.0
166,0,11.0,0.0,0.0,53.0,0.0,9,2,2,0,0,0,0,62.1423,45.55,89.75,0.0,23.0,2.0,84.0
167,0,11.0,0.0,0.0,53.0,0.0,10,2,1,0,0,0,0,61.8192,45.2,89.25,0.0,23.0,1.0,85.0
168,0,10.0,0.0,1.0,54.0,0.0,9,3,1,0,0,0,0,61.4846,44.7,88.75,0.0,23.0,1.0,86.0
169,0,9.0,0.0,1.0,55.0,0.0,8,4,1,0,0,0,0,61.1885,44.2,88.75,0.0,23.0,1.0,87.0
170,0,9.0,0.0,0.0,55.0,0.0,8,4,1,0,0,0,0,60.9308,43.7,88.75,0.0,23.0,1.0,88.0
171,0,10.0,1.0,0.0,55.0,0.0,9,3,1,0,0,0,0,60.6462,43.2,88.75,0.0,23.0,1.0,89.0
172,0,9.0,0.0,1.0,56.0,0.0,8,4,1,0,0,0,0,60.3615,42.7,88.75,0.0,23.0,1.0,90.0
173,0,9.0,0.0,0.0,56.0,0.0,6,4,3,0,0,0,0,60.1923,42.2,88.75,0.0,23.0,3.0,93.0
174,0,8.0,0.0,1.0,57.0,0.0,6,5,2,0,0,0,0,60.0231,41.7,88.75,1.0,24.0,3.0,96.0
175,0,10.0,2.0,0.0,57.0,0.0,9,3,1,0,0,0,0,59.7615,41.2,88.4,0.0,24.0,1.0,97.0
176,0,9.0,0.0,1.0,58.0,0.0,8,4,1,0,0,0,0,59.5,40.7,88.05,0.0,24.0,1.0,98.0
177,0,10.0,1.0,0.0,58.0,0.0,8,3,2,0,0,0,0,59.2769,40.7,87.7,0.0,24.0,2.0,100.0
178,0,10.0,0.0,0.0,58.0,0.0,9,3,1,0,0,0,0,59.0154,40.7,87.35,0.0,24.0,1.0,101.0
179,0,10.0,1.0,1.0,59.0,0.0,9,3,1,0,0,0,0,58.7269,40.35,87.0,0.0,24.0,1.0,102.0
180,0,10.0,0.0,0.0,59.0,0.0,9,3,1,0,0,0,0,58.4769,40.0,86.65,0.0,24.0,1.0,103.0
181,0,9.0,0.0,1.0,60.0,0.0,8,4,1,0,0,0,0,58.2154,39.5,86.3,0.0,24.0,1.0,104.0
182,0,9.0,0.0,0.0,60.0,0.0,8,4,1,0,0,0,0,57.9692,39.3,85.95,0.0,24.0,1.0,105.0
183,0,9.0,0.0,0.0,60.0,0.0,7,4,2,0,0,0,0,57.7615,38.95,85.6,0.0,24.0,2.0,107.0
184,0,8.0,0.0,1.0,61.0,0.0,7,5,1,0,0,0,0,57.5154,38.6,85.25,0.0,24.0,1.0,108.0
185,0,9.0,1.0,0.0,61.0,0.0,7,4,2,0,0,0,0,57.3077,38.25,84.9,0.0,24.0,2.0,110.0
186,0,8.0,0.0,1.0,62.0,0.0,7,5,1,0,0,0,0,57.1,37.9,84.55,1.0,25.0,2.0,112.0
187,0,10.0,2.0,0.0,62.0,0.0,9,3,1,0,0,0,0,56.8269,37.4,84.2,0.0,25.0,1.0,113.0
188,0,10.0,0.0,0.0,62.0,0.0,9,3,1,0,0,0,0,56.5423,36.9,83.7,0.0,25.0,1.0,114.0
189,0,10.0,0.0,0.0,62.0,0.0,8,3,2,0,0,0,0,56.2846,36.4,83.2,0.0,25.0,2.0,116.0
190,0,8.0,0.0,2.0,64.0,0.0,6,5,2,0,0,0,0,56.0269,35.9,82.7,0.0,25.0,2.0,118.0
191,0,9.0,1.0,0.0,64.0,0.0,6,4,3,0,0,0,0,55.8462,35.4,82.2,0.0,25.0,3.0,121.0
192,0,9.0,0.0,0.0,64.0,0.0,7,4,2,0,0,0,0,55.6385,34.9,81.7,0.0,25.0,2.0,123.0
193,0,9.0,0.0,0.0,64.0,0.0,8,4,1,0,0,0,0,55.4308,34.4,81.2,1.0,26.0,2.0,125.0
194,0,9.0,0.0,0.0,64.0,0.0,8,4,1,0,0,0,0,55.1731,33.9,80.7,0.0,26.0,1.0,126.0
195,0,11.0,2.0,0.0,64.0,0.0,9,2,2,0,0,0,0,54.9,33.4,80.2,0.0,26.0,2.0,128.0
196,0,10.0,0.0,1.0,65.0,0.0,7,3,3,0,0,0,0,54.6538,32.9,79.7,1.0,27.0,3.0,131.0
197,0,9.0,0.0,1.0,66.0,0.0,6,4,3,0,0,0,0,54.4192,32.4,79.7,0.0,27.0,3.0,134.0
198,0,9.0,0.0,0.0,66.0,0.0,6,4,3,0,0,0,0,54.2231,31.9,79.7,1.0,28.0,3.0,137.0
199,0,8.0,1.0,2.0,68.0,0.0,6,5,2,0,0,0,0,53.9885,31.4,79.2,0.0,28.0,2.0,139.0
200,0,8.0,0.0,0.0,68.0,0.0,7,5,1,0,0,0,0,53.8308,30.9,79.2,1.0,29.0,2.0,141.0
201,0,8.0,0.0,0.0,68.0,0.0,7,5,1,0,0,0,0,53.6462,30.4,79.2,0.0,29.0,1.0,142.0
202,0,7.0,0.0,1.0,69.0,0.0,6,6,1,0,0,0,0,53.45,29.9,79.2,0.0,29.0,1.0,143.0
203,0,8.0,1.0,0.0,69.0,0.0,6,5,2,0,0,0,0,53.2923,29.4,79.2,0.0,29.0,2.0,145.0
204,0,8.0,0.0,0.0,69.0,0.0,5,5,3,0,0,0,0,53.1731,28.9,79.2,0.0,29.0,3.0,148.0
205,0,9.0,2.0,1.0,70.0,0.0,7,4,2,0,0,0,0,52.9615,28.4,78.85,0.0,29.0,2.0,150.0
206,0,9.0,0.0,0.0,70.0,0.0,7,4,2,0,0,0,0,52.7885,28.4,78.5,0.0,29.0,2.0,152.0
207,0,9.0,0.0,0.0,70.0,0.0,8,4,1,0,0,0,0,52.6038,28.4,78.15,1.0,30.0,2.0,154.0
208,0,9.0,0.0,0.0,70.0,0.0,7,4,2,0,0,0,0,52.4077,28.4,77.8,0.0,30.0,2.0,156.0
209,0,8.0,0.0,1.0,71.0,0.0,7,5,1,0,0,0,0,52.1731,28.4,77.45,0.0,30.0,1.0,157.0
210,0,7.0,0.0,1.0,72.0,0.0,5,6,2,0,0,0,0,51.9923,28.4,77.1,0.0,30.0,2.0,159.0
211,0,9.0,2.0,0.0,72.0,0.0,7,4,2,0,0,0,0,51.7962,28.05,77.05,0.0,30.0,2.0,161.0
212,0,9.0,0.0,0.0,72.0,0.0,7,4,2,0,0,0,0,51.6,27.7,77.05,0.0,30.0,2.0,163.0
213,0,9.0,0.0,0.0,72.0,0.0,7,4,2,0,0,0,0,51.4038,27.35,77.05,0.0,30.0,2.0,165.0
214,0,9.0,0.0,0.0,72.0,0.0,6,4,3,0,0,0,0,51.2615,27.35,77.05,1.0,31.0,4.0,169.0
215,0,10.0,1.0,0.0,72.0,0.0,7,3,3,0,0,0,0,51.1038,27.35,77.05,1.0,32.0,4.0,173.0
216,0,10.0,0.0,0.0,72.0,0.0,8,3,2,0,0,0,0,50.8654,27.0,77.05,1.0,33.0,2.0,175.0
217,0,9.0,0.0,1.0,73.0,0.0,7,4,2,0,0,0,0,50.6423,26.65,77.05,0.0,33.0,2.0,177.0
218,0,9.0,0.0,0.0,73.0,0.0,7,4,2,0,0,0,0,50.4577,26.3,77.05,0.0,33.0,2.0,179.0
219,0,11.0,2.0,0.0,73.0,0.0,8,2,3,0,0,0,0,50.2462,25.95,77.05,0.0,33.0,3.0,182.0
220,0,10.0,0.0,1.0,74.0,0.0,8,3,2,0,0,0,0,49.9962,25.45,77.05,0.0,33.0,2.0,184.0
221,0,10.0,0.0,0.0,74.0,0.0,8,3,2,0,0,0,0,49.8231,24.95,77.05,1.0,34.0,3.0,187.0
222,0,10.0,0.0,0.0,74.0,0.0,9,3,1,0,0,0,0,49.6115,24.45,77.05,1.0,35.0,2.0,189.0
223,0,11.0,1.0,0.0,74.0,0.0,10,2,1,0,0,0,0,49.3346,23.95,77.05,0.0,35.0,1.0,190.0
224,0,10.0,0.0,1.0,75.0,0.0,8,3,2,0,0,0,0,49.1231,23.45,77.05,0.0,35.0,2.0,192.0
225,0,11.0,1.0,0.0,75.0,0.0,8,2,3,0,0,0,0,48.95,22.95,77.05,0.0,35.0,3.0,195.0
226,0,11.0,0.0,0.0,75.0,0.0,9,2,2,0,0,0,0,48.7538,22.45,77.05,1.0,36.0,3.0,198.0
227,0,12.0,1.0,0.0,75.0,0.0,10,1,2,0,0,0,0,48.5038,21.95,77.05,0.0,36.0,2.0,200.0
228,0,12.0,0.0,0.0,75.0,0.0,11,1,1,0,0,0,0,48.2423,21.45,77.05,1.0,37.0,2.0,202.0
229,0,11.0,0.0,1.0,76.0,0.0,8,2,3,0,0,0,0,48.0192,20.95,77.05,0.0,37.0,3.0,205.0
230,0,11.0,0.0,0.0,76.0,0.0,9,2,2,0,0,0,0,47.7962,20.95,77.05,0.0,37.0,2.0,207.0
231,0,11.0,0.0,0.0,76.0,0.0,8,2,3,0,0,0,0,47.6,20.95,77.05,0.0,37.0,3.0,210.0
232,0,11.0,0.0,0.0,76.0,0.0,8,2,3,0,0,0,0,47.4038,20.95,77.05,0.0,37.0,3.0,213.0
233,0,12.0,1.0,0.0,76.0,0.0,10,1,2,0,0,0,0,47.1808,20.95,77.05,1.0,38.0,3.0,216.0
234,0,11.0,0.0,1.0,77.0,0.0,9,2,2,0,0,0,0,46.9192,20.95,77.05,0.0,38.0,2.0,218.0
235,1,14.0,3.0,0.0,77.0,0.0,12,0,1,0,0,0,0,46.6423,20.6,77.05,1.0,39.0,2.0,220.0
236,1,13.0,0.0,1.0,78.0,0.0,10,1,2,0,0,0,0,46.3423,20.25,77.05,0.0,39.0,2.0,222.0
237,0,13.0,0.0,0.0,78.0,0.0,11,0,2,0,0,0,0,46.0538,19.9,77.05,0.0,39.0,2.0,224.0
238,0,12.0,0.0,1.0,79.0,0.0,9,1,3,0,0,0,0,45.7923,19.55,77.05,0.0,39.0,3.0,227.0
239,0,12.0,0.0,0.0,79.0,0.0,6,1,6,0,0,0,0,45.6731,19.2,77.05,0.0,39.0,6.0,233.0
240,0,12.0,0.0,0.0,79.0,0.0,8,1,4,0,0,0,0,45.5808,18.85,77.05,3.0,42.0,7.0,240.0
241,0,12.0,0.0,0.0,79.0,0.0,10,1,2,0,0,0,0,45.3308,18.5,77.05,0.0,42.0,2.0,242.0
242,0,12.0,0.0,0.0,79.0,0.0,11,1,1,0,0,0,0,45.0808,18.15,77.05,1.0,43.0,2.0,244.0
243,0,13.0,1.0,0.0,79.0,0.0,10,0,3,0,0,0,0,44.8423,17.8,77.05,0.0,43.0,3.0,247.0
244,0,13.0,0.0,0.0,79.0,0.0,11,0,2,0,0,0,0,44.5923,17.45,77.05,1.0,44.0,3.0,250.0
245,1,13.0,1.0,1.0,80.0,0.0,9,1,3,0,0,0,0,44.3308,17.1,77.05,0.0,44.0,3.0,253.0
246,0,13.0,0.0,0.0,80.0,0.0,10,0,3,0,0,0,0,44.1192,16.75,77.05,0.0,44.0,3.0,256.0
247,2,14.0,2.0,1.0,81.0,0.0,9,1,3,0,0,0,0,43.9462,16.4,77.05,1.0,45.0,4.0,260.0
248,1,14.0,0.0,0.0,81.0,0.0,11,0,2,0,0,0,0,43.7192,16.05,77.05,0.0,45.0,2.0,262.0
249,1,14.0,0.0,0.0,81.0,0.0,12,0,1,0,0,0,0,43.4692,15.7,77.05,1.0,46.0,2.0,264.0
250,1,13.0,0.0,1.0,82.0,0.0,10,1,2,0,0,0,0,43.2192,15.35,77.05,0.0,46.0,2.0,266.0
251,1,14.0,1.0,0.0,82.0,0.0,11,0,2,0,0,0,0,42.9808,15.0,77.05,0.0,46.0,2.0,268.0
252,1,14.0,0.0,0.0,82.0,0.0,9,0,3,0,1,0,0,42.7577,14.65,77.05,0.0,46.0,3.0,271.0
253,1,14.0,0.0,0.0,82.0,0.0,7,0,5,0,1,0,0,42.6,14.3,77.05,0.0,46.0,5.0,276.0
254,1,13.0,0.0,1.0,83.0,0.0,8,1,3,0,1,0,0,42.4308,13.95,77.05,2.0,48.0,5.0,281.0
255,2,14.0,1.0,0.0,83.0,0.0,10,0,2,0,1,0,0,42.1808,13.6,77.05,0.0,48.0,2.0,283.0
256,2,14.0,0.0,0.0,83.0,0.0,11,0,1,0,1,0,0,41.9308,13.25,77.05,1.0,49.0,2.0,285.0
257,2,14.0,0.0,0.0,83.0,0.0,10,0,2,0,1,0,0,41.6808,12.9,77.05,0.0,49.0,2.0,287.0
258,2,14.0,0.0,0.0,83.0,0.0,10,0,2,0,1,0,0,41.4308,12.55,77.05,0.0,49.0,2.0,289.0
259,4,16.0,2.0,0.0,83.0,0.0,9,0,3,0,1,0,0,41.2077,12.2,77.05,0.0,49.0,3.0,292.0
260,4,16.0,0.0,0.0,83.0,0.0,9,0,3,0,1,0,0,40.9846,11.85,77.05,0.0,49.0,3.0,295.0
261,5,17.0,1.0,0.0,83.0,0.0,10,0,2,0,1,0,0,40.75,11.5,77.05,1.0,50.0,3.0,298.0
262,5,17.0,0.0,0.0,83.0,0.0,10,0,2,0,1,0,0,40.4885,11.15,77.05,0.0,50.0,2.0,300.0
263,5,16.0,0.0,1.0,84.0,0.0,9,1,2,0,1,0,0,40.2654,10.8,77.05,1.0,51.0,3.0,303.0
264,4,15.0,0.0,1.0,85.0,0.0,9,1,2,0,1,0,0,40.0038,10.45,77.05,0.0,51.0,2.0,305.0
265,4,16.0,1.0,0.0,85.0,0.0,10,0,2,0,1,0,0,39.7538,10.1,77.05,0.0,51.0,2.0,307.0
266,4,16.0,0.0,0.0,85.0,0.0,9,0,4,0,0,0,0,39.5577,10.1,77.05,0.0,51.0,4.0,311.0
267,5,17.0,1.0,0.0,85.0,0.0,9,0,3,0,1,0,0,39.3346,9.75,77.05,0.0,51.0,3.0,314.0
268,5,17.0,0.0,0.0,85.0,0.0,10,0,2,0,1,0,0,39.1115,9.4,77.05,1.0,52.0,3.0,317.0
269,5,17.0,0.0,0.0,85.0,0.0,9,0,3,0,1,0,0,38.8885,9.05,77.05,0.0,52.0,3.0,320.0
270,5,16.0,0.0,1.0,86.0,0.0,9,1,2,0,1,0,0,38.6769,8.7,77.05,1.0,53.0,3.0,323.0
271,5,17.0,1.0,0.0,86.0,0.0,9,0,3,0,1,0,0,38.5154,8.35,77.05,1.0,54.0,4.0,327.0
272,5,17.0,0.0,0.0,86.0,0.0,10,0,2,0,1,0,0,38.3154,8.0,77.05,1.0,55.0,3.0,330.0
273,5,17.0,0.0,0.0,86.0,0.0,9,0,3,0,1,0,0,38.1038,7.65,77.05,0.0,55.0,3.0,333.0
274,5,17.0,0.0,0.0,86.0,0.0,9,0,3,0,1,0,0,37.9308,7.3,77.05,0.0,55.0,3.0,336.0
275,8,20.0,3.0,0.0,86.0,0.0,10,0,2,0,1,0,0,37.7577,6.95,77.05,1.0,56.0,3.0,339.0
276,8,20.0,0.0,0.0,86.0,0.0,9,0,3,0,1,0,0,37.5846,6.6,77.05,0.0,56.0,3.0,342.0
277,8,20.0,0.0,0.0,86.0,0.0,10,0,2,0,1,0,0,37.4115,6.25,77.05,1.0,57.0,3.0,345.0
278,8,20.0,0.0,0.0,86.0,0.0,9,0,3,0,1,0,0,37.2385,5.9,77.05,0.0,57.0,3.0,348.0
279,8,20.0,0.0,0.0,86.0,0.0,9,0,3,0,1,0,0,37.0654,5.55,77.05,0.0,57.0,3.0,351.0
280,8,20.0,0.0,0.0,86.0,0.0,8,0,4,0,1,0,0,36.9192,5.2,77.05,0.0,57.0,4.0,355.0
281,8,20.0,0.0,0.0,86.0,0.0,8,0,4,0,1,0,0,36.7615,4.85,77.05,0.0,57.0,4.0,359.0
282,8,20.0,0.0,0.0,86.0,0.0,8,0,3,0,2,0,0,36.6038,4.5,77.05,1.0,58.0,4.0,363.0
283,10,22.0,2.0,0.0,86.0,0.0,8,0,3,0,2,0,0,36.4192,4.15,77.05,0.0,58.0,3.0,366.0
284,10,22.0,0.0,0.0,86.0,0.0,8,0,3,1,1,0,0,36.2615,3.8,77.05,1.0,59.0,4.0,370.0
285,11,23.0,1.0,0.0,86.0,0.0,8,0,3,1,1,0,0,36.8438,13.42,77.05,0.0,59.0,3.0,373.0
286,11,23.0,0.0,0.0,86.0,0.0,6,0,5,1,1,0,0,37.4915,13.25,77.05,0.0,59.0,5.0,378.0
287,11,23.0,0.0,0.0,86.0,0.0,7,0,4,1,1,0,0,38.1662,12.9,77.05,2.0,61.0,6.0,384.0
288,11,23.0,0.0,0.0,86.0,0.0,7,0,4,1,1,0,0,38.7754,12.55,77.05,0.0,61.0,4.0,388.0
289,12,24.0,1.0,0.0,86.0,0.0,7,0,3,1,2,0,0,39.3846,12.2,77.05,1.0,62.0,4.0,392.0
290,12,24.0,0.0,0.0,86.0,0.0,6,0,4,1,2,0,0,40.0054,11.85,77.05,0.0,62.0,4.0,396.0
291,13,25.0,1.0,0.0,86.0,0.0,8,0,2,1,2,0,0,40.5877,11.5,77.05,1.0,63.0,3.0,399.0
292,13,25.0,0.0,0.0,86.0,0.0,6,0,4,1,2,0,0,41.2085,11.15,80.76,0.0,63.0,4.0,403.0
293,13,25.0,0.0,0.0,86.0,0.0,6,0,4,1,2,0,0,41.8292,10.8,90.38,0.0,63.0,4.0,407.0
294,13,25.0,0.0,0.0,86.0,0.0,7,0,4,0,2,0,0,42.45,10.45,99.65,1.0,64.0,5.0,412.0
295,15,26.0,2.0,1.0,87.0,0.0,6,1,4,0,2,0,0,42.2923,10.1,99.3,0.0,64.0,4.0,416.0
296,15,26.0,0.0,0.0,87.0,0.0,7,0,4,0,2,0,0,42.1462,9.75,98.95,0.0,64.0,4.0,420.0
297,15,26.0,0.0,0.0,87.0,0.0,6,0,5,0,2,0,0,42.0385,9.4,98.6,0.0,64.0,5.0,425.0
298,15,26.0,0.0,0.0,87.0,0.0,7,0,4,0,2,0,0,41.9308,9.05,98.25,1.0,65.0,5.0,430.0
299,16,27.0,1.0,0.0,87.0,0.0,7,0,4,0,2,0,0,41.7962,8.7,97.9,0.0,65.0,4.0,434.0
300,16,27.0,0.0,0.0,87.0,0.0,7,0,4,0,2,0,0,41.6615,8.35,97.55,0.0,65.0,4.0,438.0
301,16,27.0,0.0,0.0,87.0,0.0,7,0,4,0,2,0,0,41.5538,8.0,97.2,1.0,66.0,5.0,443.0
302,16,27.0,0.0,0.0,87.0,0.0,7,0,4,1,1,0,0,41.4077,7.65,96.85,0.0,66.0,4.0,447.0
303,17,28.0,1.0,0.0,87.0,0.0,7,0,4,1,1,0,0,41.9988,9.6,96.5,0.0,66.0,4.0,451.0
304,17,28.0,0.0,0.0,87.0,0.0,6,0,5,1,1,0,0,42.6285,9.25,96.15,0.0,66.0,5.0,456.0
305,18,29.0,1.0,0.0,87.0,0.0,7,0,4,1,1,0,0,43.2581,8.9,95.8,1.0,67.0,5.0,461.0
306,18,29.0,0.0,0.0,87.0,0.0,7,0,4,1,1,0,0,43.8608,8.55,95.45,0.0,67.0,4.0,465.0
307,20,31.0,2.0,0.0,87.0,0.0,6,0,5,1,1,0,0,44.4904,8.2,95.1,0.0,67.0,5.0,470.0
308,20,31.0,0.0,0.0,87.0,0.0,6,0,5,1,1,0,0,45.1469,7.85,94.75,1.0,68.0,6.0,476.0
309,20,31.0,0.0,0.0,87.0,0.0,7,0,4,1,1,0,0,45.7765,7.5,94.4,1.0,69.0,5.0,481.0
310,20,31.0,0.0,0.0,87.0,0.0,7,0,4,1,1,0,0,46.3946,7.15,94.05,0.0,69.0,4.0,485.0
311,20,31.0,0.0,0.0,87.0,0.0,7,0,4,1,1,0,0,47.0127,6.8,93.7,0.0,69.0,4.0,489.0
312,19,31.0,0.0,0.0,87.0,0.0,8,0,4,0,1,0,0,47.6423,6.45,99.65,1.0,70.0,5.0,494.0
313,19,31.0,0.0,0.0,87.0,0.0,8,0,4,0,1,0,0,47.5346,6.1,99.3,0.0,70.0,4.0,498.0
314,19,31.0,0.0,0.0,87.0,0.0,8,0,4,0,1,0,0,47.3885,5.75,98.95,0.0,70.0,4.0,502.0
315,21,33.0,2.0,0.0,87.0,0.0,7,0,5,0,1,0,0,47.2692,5.4,98.6,0.0,70.0,5.0,507.0
316,21,33.0,0.0,0.0,87.0,0.0,8,0,4,0,1,0,0,47.15,5.05,98.25,1.0,71.0,5.0,512.0
317,22,34.0,1.0,0.0,87.0,0.0,8,0,4,0,1,0,0,46.9923,4.7,97.9,0.0,71.0,4.0,516.0
318,22,34.0,0.0,0.0,87.0,0.0,8,0,4,1,0,0,0,46.8346,4.35,97.55,0.0,71.0,4.0,520.0
319,23,35.0,1.0,0.0,87.0,0.0,8,0,4,1,0,0,0,47.4781,13.915,97.2,1.0,72.0,5.0,525.0
320,23,35.0,0.0,0.0,87.0,0.0,8,0,4,1,0,0,0,48.0946,22.5,96.85,0.0,72.0,4.0,529.0
321,23,35.0,0.0,0.0,87.0,0.0,8,0,4,1,0,0,0,48.7112,22.5,96.5,0.0,72.0,4.0,533.0
322,23,35.0,0.0,0.0,87.0,0.0,7,0,5,1,0,0,0,49.3546,22.5,96.15,0.0,72.0,5.0,538.0
323,24,36.0,1.0,0.0,87.0,0.0,8,0,4,1,0,0,0,49.9981,22.5,95.8,1.0,73.0,5.0,543.0
324,24,36.0,0.0,0.0,87.0,0.0,7,0,5,1,0,0,0,50.63,22.0,95.45,0.0,73.0,5.0,548.0
325,25,37.0,1.0,0.0,87.0,0.0,8,0,4,1,0,0,0,51.2619,21.5,95.1,1.0,74.0,5.0,553.0
326,25,37.0,0.0,0.0,87.0,0.0,8,0,4,1,0,0,0,51.9054,21.5,94.75,1.0,75.0,5.0,558.0
327,25,37.0,0.0,0.0,87.0,0.0,8,0,4,1,0,0,0,52.5488,21.5,94.4,0.0,75.0,4.0,562.0
328,24,36.0,0.0,1.0,88.0,0.0,8,1,4,0,0,0,0,53.1385,21.5,99.65,0.0,75.0,4.0,566.0
329,23,36.0,0.0,0.0,88.0,0.0,7,0,6,0,0,0,0,53.0577,21.5,99.3,0.0,75.0,6.0,572.0
330,23,36.0,0.0,0.0,88.0,0.0,8,0,5,0,0,0,0,52.9769,21.5,98.95,1.0,76.0,6.0,578.0
331,26,39.0,3.0,0.0,88.0,0.0,8,0,5,0,0,0,0,52.8577,21.0,98.6,0.0,76.0,5.0,583.0
332,26,39.0,0.0,0.0,88.0,0.0,9,0,4,0,0,0,0,52.7385,20.5,98.25,1.0,77.0,5.0,588.0
333,26,39.0,0.0,0.0,88.0,0.0,8,0,5,0,0,0,0,52.6577,20.5,97.9,1.0,78.0,6.0,594.0
334,26,39.0,0.0,0.0,88.0,0.0,9,0,4,0,0,0,0,52.5769,20.5,97.55,1.0,79.0,5.0,599.0
335,27,40.0,1.0,0.0,88.0,0.0,9,0,4,0,0,0,0,52.4423,20.5,97.2,0.0,79.0,4.0,603.0
336,27,40.0,0.0,0.0,88.0,0.0,7,0,6,0,0,0,0,52.3615,20.5,96.85,0.0,79.0,6.0,609.0
337,27,40.0,0.0,0.0,88.0,0.0,8,0,5,0,0,0,0,52.2808,20.5,96.5,1.0,80.0,6.0,615.0
338,27,40.0,0.0,0.0,88.0,0.0,8,0,5,0,0,0,0,52.1615,20.0,96.15,0.0,80.0,5.0,620.0
339,28,41.0,1.0,0.0,88.0,0.0,9,0,4,0,0,0,0,52.0423,19.5,95.8,1.0,81.0,5.0,625.0
340,28,41.0,0.0,0.0,88.0,0.0,9,0,4,0,0,0,0,51.9231,19.5,95.45,1.0,82.0,5.0,630.0
341,28,41.0,0.0,0.0,88.0,0.0,9,0,4,0,0,0,0,51.8038,19.5,95.1,0.0,82.0,4.0,634.0
342,28,41.0,0.0,0.0,88.0,0.0,9,0,4,0,0,0,0,51.6462,19.5,94.6,0.0,82.0,4.0,638.0
343,29,42.0,1.0,0.0,88.0,0.0,7,0,6,0,0,0,0,51.5423,19.5,94.1,0.0,82.0,6.0,644.0
344,29,41.0,0.0,1.0,89.0,0.0,7,1,5,0,0,0,0,51.4385,19.5,93.6,1.0,83.0,6.0,650.0
345,30,43.0,2.0,0.0,89.0,0.0,8,0,5,0,0,0,0,51.3077,19.0,93.25,0.0,83.0,5.0,655.0
346,30,43.0,0.0,0.0,89.0,0.0,9,0,4,0,0,0,0,51.1769,18.5,92.9,1.0,84.0,5.0,660.0
347,31,43.0,1.0,1.0,90.0,0.0,8,1,4,0,0,0,0,51.0577,18.5,92.55,1.0,85.0,5.0,665.0
348,30,43.0,0.0,0.0,90.0,0.0,9,0,4,0,0,0,0,50.95,18.5,92.2,0.0,85.0,4.0,669.0
349,30,43.0,0.0,0.0,90.0,0.0,9,0,4,0,0,0,0,50.8154,18.5,91.85,0.0,85.0,4.0,673.0
350,30,43.0,0.0,0.0,90.0,0.0,6,0,7,0,0,0,0,50.7615,18.5,91.5,0.0,85.0,7.0,680.0
351,30,43.0,0.0,0.0,90.0,0.0,8,0,5,0,0,0,0,50.7077,18.5,91.15,2.0,87.0,7.0,687.0
352,30,43.0,0.0,0.0,90.0,0.0,8,0,5,0,0,0,0,50.5885,18.0,90.8,0.0,87.0,5.0,692.0
353,30,43.0,0.0,0.0,90.0,0.0,9,0,4,0,0,0,0,50.4962,17.5,90.45,1.0,88.0,5.0,697.0
354,30,43.0,0.0,0.0,90.0,0.0,9,0,4,0,0,0,0,50.4154,17.5,90.1,1.0,89.0,5.0,702.0
355,33,46.0,3.0,0.0,90.0,0.0,9,0,4,0,0,0,0,50.3346,17.5,89.75,0.0,89.0,4.0,706.0
356,33,46.0,0.0,0.0,90.0,0.0,9,0,4,0,0,0,0,50.1885,17.5,89.4,0.0,89.0,4.0,710.0
357,33,46.0,0.0,0.0,90.0,0.0,6,0,7,0,0,0,0,50.1231,17.5,89.05,0.0,89.0,7.0,717.0
358,33,46.0,0.0,0.0,90.0,0.0,8,0,5,0,0,0,0,50.0577,17.5,88.7,2.0,91.0,7.0,724.0
359,34,47.0,1.0,0.0,90.0,0.0,8,0,5,0,0,0,0,49.9269,17.0,88.35,0.0,91.0,5.0,729.0
360,34,47.0,0.0,0.0,90.0,0.0,9,0,4,0,0,0,0,49.8231,16.5,88.0,1.0,92.0,5.0,734.0
361,34,47.0,0.0,0.0,90.0,0.0,9,0,4,0,0,0,0,49.7308,16.5,87.65,1.0,93.0,5.0,739.0
362,34,47.0,0.0,0.0,90.0,0.0,9,0,4,0,0,0,0,49.6269,16.5,87.15,0.0,93.0,4.0,743.0
363,35,48.0,1.0,0.0,90.0,0.0,9,0,4,0,0,0,0,49.4692,16.5,86.65,0.0,93.0,4.0,747.0
364,35,48.0,0.0,0.0,90.0,0.0,6,0,7,0,0,0,0,49.3923,16.5,86.15,0.0,93.0,7.0,754.0
365,36,49.0,1.0,0.0,90.0,0.0,8,0,5,0,0,0,0,49.3154,16.5,85.65,2.0,95.0,7.0,761.0
366,36,49.0,0.0,0.0,90.0,0.0,8,0,5,0,0,0,0,49.1731,16.0,85.15,0.0,95.0,5.0,766.0
367,37,50.0,1.0,0.0,90.0,0.0,9,0,4,0,0,0,0,49.0577,15.5,84.65,1.0,96.0,5.0,771.0
368,37,50.0,0.0,0.0,90.0,0.0,9,0,4,0,0,0,0,48.9538,15.5,84.15,1.0,97.0,5.0,776.0
369,37,50.0,0.0,0.0,90.0,0.0,8,0,5,0,0,0,0,48.8885,15.5,84.15,0.0,97.0,5.0,781.0
370,37,49.0,0.0,1.0,91.0,0.0,8,1,4,0,0,0,0,48.7692,15.5,84.15,1.0,98.0,5.0,786.0
371,37,50.0,1.0,0.0,91.0,0.0,6,0,7,0,0,0,0,48.7038,15.5,83.65,0.0,98.0,7.0,793.0
372,37,50.0,0.0,0.0,91.0,0.0,8,0,5,0,0,0,0,48.6769,15.5,83.65,2.0,100.0,7.0,800.0
373,38,51.0,1.0,0.0,91.0,0.0,8,0,5,0,0,0,0,48.5846,15.0,83.65,0.0,100.0,5.0,805.0
374,38,51.0,0.0,0.0,91.0,0.0,8,0,4,0,1,0,0,48.5192,14.5,83.65,1.0,101.0,5.0,810.0
375,39,52.0,1.0,0.0,91.0,0.0,9,0,3,0,1,0,0,48.4385,14.15,83.65,1.0,102.0,4.0,814.0
376,39,52.0,0.0,0.0,91.0,0.0,10,0,2,0,1,0,0,48.3462,13.8,83.65,1.0,103.0,3.0,817.0
377,39,52.0,0.0,0.0,91.0,0.0,10,0,2,0,1,0,0,48.1731,13.45,83.65,0.0,103.0,2.0,819.0
378,39,51.0,0.0,1.0,92.0,0.0,6,1,5,0,1,0,0,48.0808,13.1,83.65,0.0,103.0,5.0,824.0
379,41,53.0,2.0,0.0,92.0,0.0,7,0,5,0,1,0,0,48.0269,12.75,83.65,1.0,104.0,6.0,830.0
380,41,53.0,0.0,0.0,92.0,0.0,7,0,5,0,1,0,0,47.9462,12.4,83.65,0.0,104.0,5.0,835.0
381,41,53.0,0.0,0.0,92.0,0.0,8,0,4,0,1,0,0,47.8923,12.05,83.65,1.0,105.0,5.0,840.0
382,41,53.0,0.0,0.0,92.0,0.0,9,0,3,0,1,0,0,47.8115,11.7,83.65,1.0,106.0,4.0,844.0
383,41,53.0,0.0,0.0,92.0,0.0,10,0,2,0,1,0,0,47.7308,11.35,83.65,1.0,107.0,3.0,847.0
384,41,53.0,0.0,0.0,92.0,0.0,10,0,2,0,1,0,0,47.5692,11.0,83.65,0.0,107.0,2.0,849.0
385,42,54.0,1.0,0.0,92.0,0.0,7,0,5,0,1,0,0,47.4885,10.65,83.65,0.0,107.0,5.0,854.0
386,42,54.0,0.0,0.0,92.0,0.0,7,0,5,0,1,0,0,47.4346,10.3,83.65,1.0,108.0,6.0,860.0
387,44,56.0,2.0,0.0,92.0,0.0,7,0,5,0,1,0,0,47.3538,9.95,83.65,0.0,108.0,5.0,865.0
388,44,56.0,0.0,0.0,92.0,0.0,8,0,4,0,1,0,0,47.3,9.6,83.65,1.0,109.0,5.0,870.0
389,44,56.0,0.0,0.0,92.0,0.0,9,0,3,0,1,0,0,47.2192,9.25,83.65,1.0,110.0,4.0,874.0
390,44,56.0,0.0,0.0,92.0,0.0,10,0,2,0,1,0,0,47.1385,8.9,83.65,1.0,111.0,3.0,877.0
391,45,57.0,1.0,0.0,92.0,0.0,10,0,2,0,1,0,0,46.9769,8.55,83.65,0.0,111.0,2.0,879.0
392,45,57.0,0.0,0.0,92.0,0.0,7,0,5,0,1,0,0,46.8962,8.2,83.65,0.0,111.0,5.0,884.0
393,45,57.0,0.0,0.0,92.0,0.0,7,0,5,0,1,0,0,46.8423,7.85,83.65,1.0,112.0,6.0,890.0
394,45,57.0,0.0,0.0,92.0,0.0,7,0,5,0,1,0,0,46.7615,7.5,83.65,0.0,112.0,5.0,895.0
395,47,59.0,2.0,0.0,92.0,0.0,7,0,5,0,1,0,0,46.7346,7.15,83.65,1.0,113.0,6.0,901.0
396,47,59.0,0.0,0.0,92.0,0.0,9,0,3,0,1,0,0,46.6808,6.8,83.65,2.0,115.0,5.0,906.0
397,47,59.0,0.0,0.0,92.0,0.0,9,0,3,0,1,0,0,46.5885,6.45,83.65,0.0,115.0,3.0,909.0
398,47,59.0,0.0,0.0,92.0,0.0,9,0,3,0,1,0,0,46.4423,6.1,83.65,0.0,115.0,3.0,912.0
399,47,59.0,0.0,0.0,92.0,0.0,5,0,7,0,1,0,0,46.4154,5.75,83.65,0.0,115.0,7.0,919.0
400,47,59.0,0.0,0.0,92.0,0.0,6,0,6,0,1,0,0,46.3885,5.4,83.65,1.0,116.0,7.0,926.0
401,48,60.0,1.0,0.0,92.0,0.0,6,0,6,0,1,0,0,46.3346,5.05,83.65,0.0,116.0,6.0,932.0
402,48,60.0,0.0,0.0,92.0,0.0,7,0,5,0,1,0,0,46.3077,4.7,83.65,1.0,117.0,6.0,938.0
403,50,62.0,2.0,0.0,92.0,0.0,9,0,3,0,1,0,0,46.2538,4.35,83.65,2.0,119.0,5.0,943.0
404,50,62.0,0.0,0.0,92.0,0.0,8,0,4,1,0,0,0,46.1615,4.0,83.65,0.0,119.0,4.0,947.0
405,51,63.0,1.0,0.0,92.0,0.0,8,0,3,1,1,0,0,46.8077,13.6,83.65,1.0,120.0,4.0,951.0
406,51,63.0,0.0,0.0,92.0,0.0,5,0,6,1,1,0,0,47.5192,14.3,83.65,0.0,120.0,6.0,957.0
407,51,63.0,0.0,0.0,92.0,0.0,6,0,5,1,1,0,0,48.2308,13.95,83.65,1.0,121.0,6.0,963.0
408,51,63.0,0.0,0.0,92.0,0.0,6,0,5,1,1,0,0,48.9154,13.6,83.65,0.0,121.0,5.0,968.0
409,51,63.0,0.0,0.0,92.0,0.0,6,0,5,1,1,0,0,49.6269,13.25,83.65,0.0,121.0,5.0,973.0
410,51,63.0,0.0,0.0,92.0,0.0,8,0,3,1,1,0,0,50.3385,12.9,83.65,2.0,123.0,5.0,978.0
411,52,64.0,1.0,0.0,92.0,0.0,8,0,3,1,1,0,0,50.9846,12.55,83.65,0.0,123.0,3.0,981.0
412,52,64.0,0.0,0.0,92.0,0.0,8,0,3,1,1,0,0,51.6038,12.2,83.65,0.0,123.0,3.0,984.0
413,52,64.0,0.0,0.0,92.0,0.0,5,0,6,1,1,0,0,52.3154,11.85,90.4,0.0,123.0,6.0,990.0
414,52,64.0,0.0,0.0,92.0,0.0,7,0,5,0,1,0,0,53.0,11.5,99.65,1.0,124.0,6.0,996.0
415,55,67.0,3.0,0.0,92.0,0.0,7,0,5,0,1,0,0,52.9192,11.15,99.3,0.0,124.0,5.0,1001.0
416,55,67.0,0.0,0.0,92.0,0.0,7,0,5,0,1,0,0,52.8654,10.8,98.95,0.0,124.0,5.0,1006.0
417,55,67.0,0.0,0.0,92.0,0.0,9,0,3,0,1,0,0,52.8115,10.45,98.6,2.0,126.0,5.0,1011.0
418,55,67.0,0.0,0.0,92.0,0.0,9,0,3,0,1,0,0,52.6923,10.1,98.25,0.0,126.0,3.0,1014.0
419,56,68.0,1.0,0.0,92.0,0.0,9,0,3,0,1,0,0,52.5462,9.75,97.9,0.0,126.0,3.0,1017.0
420,56,68.0,0.0,0.0,92.0,0.0,6,0,6,0,1,0,0,52.4923,9.4,97.55,0.0,126.0,6.0,1023.0
421,56,68.0,0.0,0.0,92.0,0.0,7,0,5,0,1,0,0,52.4385,9.05,97.2,1.0,127.0,6.0,1029.0
422,56,68.0,0.0,0.0,92.0,0.0,7,0,5,0,1,0,0,52.3577,8.7,96.85,0.0,127.0,5.0,1034.0
423,56,68.0,0.0,0.0,92.0,0.0,7,0,5,0,1,0,0,52.3038,8.35,96.5,0.0,127.0,5.0,1039.0
424,56,68.0,0.0,0.0,92.0,0.0,9,0,3,0,1,0,0,52.25,8.0,96.15,2.0,129.0,5.0,1044.0
425,57,69.0,1.0,0.0,92.0,0.0,9,0,3,0,1,0,0,52.1308,7.65,95.8,0.0,129.0,3.0,1047.0
426,57,69.0,0.0,0.0,92.0,0.0,9,0,3,0,1,0,0,51.9846,7.3,95.45,0.0,129.0,3.0,1050.0
427,59,71.0,2.0,0.0,92.0,0.0,6,0,6,0,1,0,0,51.9308,6.95,95.1,0.0,129.0,6.0,1056.0
428,59,71.0,0.0,0.0,92.0,0.0,7,0,5,0,1,0,0,51.8769,6.6,94.75,1.0,130.0,6.0,1062.0
429,60,72.0,1.0,0.0,92.0,0.0,7,0,5,0,1,0,0,51.7962,6.25,94.4,0.0,130.0,5.0,1067.0
430,60,72.0,0.0,0.0,92.0,0.0,7,0,5,0,1,0,0,51.7423,5.9,94.05,0.0,130.0,5.0,1072.0
431,60,72.0,0.0,0.0,92.0,0.0,9,0,3,0,1,0,0,51.6885,5.55,93.7,2.0,132.0,5.0,1077.0
432,60,72.0,0.0,0.0,92.0,0.0,9,0,3,0,1,0,0,51.5692,5.2,93.35,0.0,132.0,3.0,1080.0
433,60,72.0,0.0,0.0,92.0,0.0,9,0,3,0,1,0,0,51.4231,4.85,93.0,0.0,132.0,3.0,1083.0
434,60,72.0,0.0,0.0,92.0,0.0,6,0,6,0,1,0,0,51.3692,4.5,92.65,0.0,132.0,6.0,1089.0
435,62,74.0,2.0,0.0,92.0,0.0,7,0,5,0,1,0,0,51.3154,4.15,92.3,1.0,133.0,6.0,1095.0
436,62,74.0,0.0,0.0,92.0,0.0,7,0,5,0,1,0,0,51.2346,3.8,91.95,0.0,133.0,5.0,1100.0
437,62,74.0,0.0,0.0,92.0,0.0,7,0,5,0,1,0,0,51.1808,3.45,91.6,0.0,133.0,5.0,1105.0
438,62,74.0,0.0,0.0,92.0,0.0,9,0,3,0,1,0,0,51.1269,3.1,91.25,2.0,135.0,5.0,1110.0
439,63,75.0,1.0,0.0,92.0,0.0,9,0,3,0,1,0,0,51.0077,2.75,90.9,0.0,135.0,3.0,1113.0
440,63,75.0,0.0,0.0,92.0,0.0,9,0,3,0,1,0,0,50.8615,2.4,90.55,0.0,135.0,3.0,1116.0
441,63,75.0,0.0,0.0,92.0,0.0,6,0,6,1,0,0,0,50.8077,2.05,90.2,0.0,135.0,6.0,1122.0
442,63,75.0,0.0,0.0,92.0,0.0,7,0,5,1,0,0,0,51.5342,11.845,89.85,1.0,136.0,6.0,1128.0
443,65,77.0,2.0,0.0,92.0,0.0,6,0,6,1,0,0,0,52.2608,19.3,89.85,0.0,136.0,6.0,1134.0
444,65,77.0,0.0,0.0,92.0,0.0,7,0,5,1,0,0,0,53.0142,19.3,89.85,1.0,137.0,6.0,1140.0
445,66,78.0,1.0,0.0,92.0,0.0,9,0,3,1,0,0,0,53.7408,19.3,89.5,2.0,139.0,5.0,1145.0
446,66,78.0,0.0,0.0,92.0,0.0,9,0,3,1,0,0,0,54.4288,18.95,89.5,0.0,139.0,3.0,1148.0
447,66,78.0,0.0,0.0,92.0,0.0,9,0,3,1,0,0,0,55.0631,18.6,89.15,0.0,139.0,3.0,1151.0
448,66,78.0,0.0,0.0,92.0,0.0,6,0,6,1,0,0,0,55.7896,18.6,88.8,0.0,139.0,6.0,1157.0
449,66,78.0,0.0,0.0,92.0,0.0,7,0,5,1,0,0,0,56.5162,18.6,88.45,1.0,140.0,6.0,1163.0
450,66,78.0,0.0,0.0,92.0,0.0,7,0,5,1,0,0,0,57.2158,18.6,90.205,0.0,140.0,5.0,1168.0
451,67,80.0,2.0,0.0,92.0,0.0,8,0,5,0,0,0,0,57.9154,18.6,99.65,0.0,140.0,5.0,1173.0
452,67,80.0,0.0,0.0,92.0,0.0,10,0,3,0,0,0,0,57.8615,18.6,99.3,2.0,142.0,5.0,1178.0
453,67,80.0,0.0,0.0,92.0,0.0,10,0,3,0,0,0,0,57.7423,18.25,98.95,0.0,142.0,3.0,1181.0
454,67,80.0,0.0,0.0,92.0,0.0,10,0,3,0,0,0,0,57.5962,17.9,98.6,0.0,142.0,3.0,1184.0
455,68,81.0,1.0,0.0,92.0,0.0,7,0,6,0,0,0,0,57.5423,17.9,98.25,0.0,142.0,6.0,1190.0
456,68,81.0,0.0,0.0,92.0,0.0,8,0,5,0,0,0,0,57.4885,17.9,97.9,1.0,143.0,6.0,1196.0
457,69,82.0,1.0,0.0,92.0,0.0,7,0,6,0,0,0,0,57.4346,17.9,97.55,0.0,143.0,6.0,1202.0
458,69,82.0,0.0,0.0,92.0,0.0,8,0,5,0,0,0,0,57.4077,17.9,97.2,1.0,144.0,6.0,1208.0
459,70,83.0,1.0,0.0,92.0,0.0,10,0,3,0,0,0,0,57.3538,17.9,96.85,2.0,146.0,5.0,1213.0
460,70,83.0,0.0,0.0,92.0,0.0,10,0,3,0,0,0,0,57.2615,17.55,96.5,0.0,146.0,3.0,1216.0
461,70,83.0,0.0,0.0,92.0,0.0,10,0,3,0,0,0,0,57.1154,17.2,96.15,0.0,146.0,3.0,1219.0
462,70,83.0,0.0,0.0,92.0,0.0,6,0,7,0,0,0,0,57.0885,17.2,95.8,0.0,146.0,7.0,1226.0
463,71,84.0,1.0,0.0,92.0,0.0,7,0,6,0,0,0,0,57.0615,17.2,95.45,1.0,147.0,7.0,1233.0
464,71,84.0,0.0,0.0,92.0,0.0,7,0,6,0,0,0,0,57.0077,17.2,95.1,0.0,147.0,6.0,1239.0
465,72,85.0,1.0,0.0,92.0,0.0,8,0,5,0,0,0,0,56.9808,17.2,94.75,1.0,148.0,6.0,1245.0
466,72,85.0,0.0,0.0,92.0,0.0,10,0,3,0,0,0,0,56.9269,17.2,94.4,2.0,150.0,5.0,1250.0
467,73,86.0,1.0,0.0,92.0,0.0,10,0,3,0,0,0,0,56.8346,16.85,94.05,0.0,150.0,3.0,1253.0
468,73,86.0,0.0,0.0,92.0,0.0,10,0,3,0,0,0,0,56.6885,16.5,93.7,0.0,150.0,3.0,1256.0
469,73,86.0,0.0,0.0,92.0,0.0,6,0,7,0,0,0,0,56.6615,16.5,93.35,0.0,150.0,7.0,1263.0
470,73,86.0,0.0,0.0,92.0,0.0,7,0,6,0,0,0,0,56.6346,16.5,93.0,1.0,151.0,7.0,1270.0
471,74,87.0,1.0,0.0,92.0,0.0,7,0,6,0,0,0,0,56.5808,16.5,92.65,0.0,151.0,6.0,1276.0
472,74,87.0,0.0,0.0,92.0,0.0,8,0,5,0,0,0,0,56.5538,16.5,92.3,1.0,152.0,6.0,1282.0
473,74,87.0,0.0,0.0,92.0,0.0,10,0,3,0,0,0,0,56.5,16.5,91.95,2.0,154.0,5.0,1287.0
474,74,87.0,0.0,0.0,92.0,0.0,10,0,3,0,0,0,0,56.4077,16.15,91.6,0.0,154.0,3.0,1290.0
475,77,90.0,3.0,0.0,92.0,0.0,10,0,3,0,0,0,0,56.2615,15.8,91.25,0.0,154.0,3.0,1293.0
476,77,90.0,0.0,0.0,92.0,0.0,6,0,7,0,0,0,0,56.2346,15.8,90.9,0.0,154.0,7.0,1300.0
477,77,90.0,0.0,0.0,92.0,0.0,7,0,6,0,0,0,0,56.2077,15.8,90.55,1.0,155.0,7.0,1307.0
478,77,90.0,0.0,0.0,92.0,0.0,7,0,6,0,0,0,0,56.1538,15.8,90.2,0.0,155.0,6.0,1313.0
479,77,90.0,0.0,0.0,92.0,0.0,8,0,5,0,0,0,0,56.1269,15.8,89.85,1.0,156.0,6.0,1319.0
480,77,90.0,0.0,0.0,92.0,0.0,10,0,3,0,0,0,0,56.0731,15.8,89.5,2.0,158.0,5.0,1324.0
481,77,90.0,0.0,0.0,92.0,0.0,10,0,3,0,0,0,0,55.9808,15.45,89.15,0.0,158.0,3.0,1327.0
482,77,90.0,0.0,0.0,92.0,0.0,9,0,4,0,0,0,0,55.9,15.1,89.15,0.0,158.0,4.0,1331.0
483,78,91.0,1.0,0.0,92.0,0.0,7,0,6,0,0,0,0,55.9,15.1,89.15,1.0,159.0,7.0,1338.0
484,78,91.0,0.0,0.0,92.0,0.0,9,0,4,0,0,0,0,55.8731,15.1,88.8,2.0,161.0,6.0,1344.0
485,80,93.0,2.0,0.0,92.0,0.0,9,0,4,0,0,0,0,55.8192,15.1,88.8,0.0,161.0,4.0,1348.0
486,80,93.0,0.0,0.0,92.0,0.0,10,0,3,0,0,0,0,55.7923,15.1,88.8,1.0,162.0,4.0,1352.0
487,81,94.0,1.0,0.0,92.0,0.0,10,0,3,0,0,0,0,55.7269,15.1,88.8,1.0,163.0,4.0,1356.0
488,81,94.0,0.0,0.0,92.0,0.0,9,0,3,0,1,0,0,55.7,14.75,88.8,1.0,164.0,4.0,1360.0
489,81,94.0,0.0,0.0,92.0,0.0,10,0,2,0,1,0,0,55.5923,14.4,88.8,1.0,165.0,3.0,1363.0
490,81,94.0,0.0,0.0,92.0,0.0,9,0,3,0,1,0,0,55.4731,14.05,88.8,0.0,165.0,3.0,1366.0
491,82,95.0,1.0,0.0,92.0,0.0,8,0,4,0,1,0,0,55.3808,13.7,88.45,1.0,166.0,5.0,1371.0
492,82,95.0,0.0,0.0,92.0,0.0,7,0,5,0,1,0,0,55.3,13.35,88.1,0.0,166.0,5.0,1376.0
493,82,95.0,0.0,0.0,92.0,0.0,8,0,4,0,1,0,0,55.2462,13.0,87.75,1.0,167.0,5.0,1381.0
494,82,95.0,0.0,0.0,92.0,0.0,7,0,6,0,0,0,0,55.2192,13.0,87.75,0.0,167.0,6.0,1387.0
495,83,96.0,1.0,0.0,92.0,0.0,8,0,5,0,0,0,0,55.1654,13.0,87.75,1.0,168.0,6.0,1393.0
496,83,96.0,0.0,0.0,92.0,0.0,7,0,5,0,1,0,0,55.1115,12.65,87.4,1.0,169.0,6.0,1399.0
497,83,96.0,0.0,0.0,92.0,0.0,7,0,6,0,0,0,0,55.0731,12.65,87.4,0.0,169.0,6.0,1405.0
498,83,96.0,0.0,0.0,92.0,0.0,8,0,4,0,1,0,0,55.0346,12.65,87.4,2.0,171.0,6.0,1411.0
499,86,99.0,3.0,0.0,92.0,0.0,7,0,5,0,1,0,0,54.9808,12.3,87.4,0.0,171.0,5.0,1416.0
500,86,99.0,0.0,0.0,92.0,0.0,8,0,4,0,1,0,0,54.9538,11.95,87.4,1.0,172.0,5.0,1421.0
501,86,99.0,0.0,0.0,92.0,0.0,8,0,4,0,1,0,0,54.9,11.6,87.4,0.0,172.0,4.0,1425.0
502,86,99.0,0.0,0.0,92.0,0.0,8,0,4,0,1,0,0,54.7923,11.25,87.05,0.0,172.0,4.0,1429.0
503,86,99.0,0.0,0.0,92.0,0.0,7,0,5,0,1,0,0,54.7385,10.9,86.7,1.0,173.0,6.0,1435.0
504,86,99.0,0.0,0.0,92.0,0.0,7,0,5,0,1,0,0,54.6462,10.55,86.35,0.0,173.0,5.0,1440.0
505,87,100.0,1.0,0.0,92.0,0.0,8,0,4,0,1,0,0,54.5538,10.2,86.0,1.0,174.0,5.0,1445.0
506,87,100.0,0.0,0.0,92.0,0.0,7,0,5,0,1,0,0,54.4731,9.85,85.65,0.0,174.0,5.0,1450.0
507,88,101.0,1.0,0.0,92.0,0.0,8,0,4,0,1,0,0,54.4192,9.5,85.3,1.0,175.0,5.0,1455.0
508,88,101.0,0.0,0.0,92.0,0.0,8,0,4,0,1,0,0,54.3385,9.15,84.95,0.0,175.0,4.0,1459.0
509,88,101.0,0.0,0.0,92.0,0.0,7,0,5,0,1,0,0,54.2577,8.8,84.6,0.0,175.0,5.0,1464.0
510,88,101.0,0.0,0.0,92.0,0.0,6,0,6,0,1,0,0,54.2308,8.45,84.6,1.0,176.0,7.0,1471.0
511,89,102.0,1.0,0.0,92.0,0.0,7,0,5,0,1,0,0,54.1654,8.1,84.6,1.0,177.0,6.0,1477.0
512,89,102.0,0.0,0.0,92.0,0.0,9,0,3,0,1,0,0,54.0462,7.75,84.25,1.0,178.0,4.0,1481.0
513,90,103.0,1.0,0.0,92.0,0.0,7,0,5,0,1,0,0,53.9923,7.4,84.25,0.0,178.0,5.0,1486.0
514,90,103.0,0.0,0.0,92.0,0.0,8,0,4,0,1,0,0,53.9654,7.05,84.25,1.0,179.0,5.0,1491.0
515,92,105.0,2.0,0.0,92.0,0.0,8,0,4,0,1,0,0,53.9115,6.7,84.25,0.0,179.0,4.0,1495.0
516,92,105.0,0.0,0.0,92.0,0.0,8,0,4,0,1,0,0,53.8308,6.35,84.25,0.0,179.0,4.0,1499.0
517,92,105.0,0.0,0.0,92.0,0.0,7,0,5,0,1,0,0,53.8038,6.0,84.25,1.0,180.0,6.0,1505.0
518,92,105.0,0.0,0.0,92.0,0.0,7,0,5,0,1,0,0,53.7385,5.65,84.25,0.0,180.0,5.0,1510.0
519,92,105.0,0.0,0.0,92.0,0.0,8,0,4,0,1,0,0,53.6731,5.3,84.25,1.0,181.0,5.0,1515.0
520,92,105.0,0.0,0.0,92.0,0.0,7,0,5,0,1,0,0,53.6192,4.95,84.25,0.0,181.0,5.0,1520.0
521,92,105.0,0.0,0.0,92.0,0.0,8,0,4,0,1,0,0,53.5923,4.6,84.25,1.0,182.0,5.0,1525.0
522,92,105.0,0.0,0.0,92.0,0.0,8,0,4,0,1,0,0,53.5385,4.25,84.25,0.0,182.0,4.0,1529.0
523,94,107.0,2.0,0.0,92.0,0.0,8,0,4,0,1,0,0,53.4577,3.9,84.25,0.0,182.0,4.0,1533.0
524,94,107.0,0.0,0.0,92.0,0.0,7,0,5,0,1,0,0,53.4308,3.55,84.25,1.0,183.0,6.0,1539.0
525,95,108.0,1.0,0.0,92.0,0.0,7,0,5,0,1,0,0,53.3654,3.2,84.25,0.0,183.0,5.0,1544.0
526,95,108.0,0.0,0.0,92.0,0.0,8,0,4,1,0,0,0,53.3,2.85,84.25,1.0,184.0,5.0,1549.0
527,96,109.0,1.0,0.0,92.0,0.0,7,0,5,1,0,0,0,54.0204,12.565,84.25,0.0,184.0,5.0,1554.0
528,96,109.0,0.0,0.0,92.0,0.0,8,0,4,1,0,0,0,54.7677,22.28,84.25,1.0,185.0,5.0,1559.0
529,96,109.0,0.0,0.0,92.0,0.0,8,0,4,1,0,0,0,55.4881,23.3,84.25,0.0,185.0,4.0,1563.0
530,96,109.0,0.0,0.0,92.0,0.0,8,0,4,1,0,0,0,56.1815,23.3,84.25,0.0,185.0,4.0,1567.0
531,97,110.0,1.0,0.0,92.0,0.0,7,0,5,1,0,0,0,56.9288,23.3,84.25,1.0,186.0,6.0,1573.0
532,97,110.0,0.0,0.0,92.0,0.0,7,0,5,1,0,0,0,57.6377,23.3,84.25,0.0,186.0,5.0,1578.0
533,97,110.0,0.0,0.0,92.0,0.0,8,0,4,1,0,0,0,58.3465,23.3,84.25,1.0,187.0,5.0,1583.0
534,97,110.0,0.0,0.0,92.0,0.0,7,0,5,1,0,0,0,59.0669,23.3,84.25,0.0,187.0,5.0,1588.0
535,99,112.0,2.0,0.0,92.0,0.0,8,0,4,1,0,0,0,59.8142,23.3,90.285,1.0,188.0,5.0,1593.0
536,99,112.0,0.0,0.0,92.0,0.0,9,0,4,0,0,0,0,60.5077,23.3,99.65,0.0,188.0,4.0,1597.0
537,99,112.0,0.0,0.0,92.0,0.0,9,0,4,0,0,0,0,60.4269,23.3,99.3,0.0,188.0,4.0,1601.0
538,99,112.0,0.0,0.0,92.0,0.0,8,0,5,0,0,0,0,60.4,23.3,98.95,1.0,189.0,6.0,1607.0
539,100,113.0,1.0,0.0,92.0,0.0,8,0,5,0,0,0,0,60.3346,23.3,98.6,0.0,189.0,5.0,1612.0
540,100,113.0,0.0,0.0,92.0,0.0,9,0,4,0,0,0,0,60.2692,23.3,98.25,1.0,190.0,5.0,1617.0
541,101,114.0,1.0,0.0,92.0,0.0,8,0,5,0,0,0,0,60.2154,23.3,97.9,0.0,190.0,5.0,1622.0
542,101,114.0,0.0,0.0,92.0,0.0,9,0,4,0,0,0,0,60.1885,23.3,97.55,1.0,191.0,5.0,1627.0
543,101,114.0,0.0,0.0,92.0,0.0,9,0,4,0,0,0,0,60.1346,23.3,97.2,0.0,191.0,4.0,1631.0
544,101,114.0,0.0,0.0,92.0,0.0,9,0,4,0,0,0,0,60.0538,23.3,96.85,0.0,191.0,4.0,1635.0
545,102,115.0,1.0,0.0,92.0,0.0,8,0,5,0,0,0,0,60.0269,23.3,96.5,1.0,192.0,6.0,1641.0
546,102,115.0,0.0,0.0,92.0,0.0,8,0,5,0,0,0,0,59.9615,23.3,96.15,0.0,192.0,5.0,1646.0
547,104,117.0,2.0,0.0,92.0,0.0,9,0,4,0,0,0,0,59.8962,23.3,95.8,1.0,193.0,5.0,1651.0
548,104,117.0,0.0,0.0,92.0,0.0,8,0,5,0,0,0,0,59.8423,23.3,95.45,0.0,193.0,5.0,1656.0
549,104,117.0,0.0,0.0,92.0,0.0,9,0,4,0,0,0,0,59.8154,23.3,95.1,1.0,194.0,5.0,1661.0
550,104,117.0,0.0,0.0,92.0,0.0,9,0,4,0,0,0,0,59.7615,23.3,94.75,0.0,194.0,4.0,1665.0
551,104,117.0,0.0,0.0,92.0,0.0,9,0,4,0,0,0,0,59.6808,23.3,94.4,0.0,194.0,4.0,1669.0
552,104,117.0,0.0,0.0,92.0,0.0,8,0,5,0,0,0,0,59.6538,23.3,94.05,1.0,195.0,6.0,1675.0
553,104,117.0,0.0,0.0,92.0,0.0,8,0,5,0,0,0,0,59.5885,23.3,93.7,0.0,195.0,5.0,1680.0
554,104,117.0,0.0,0.0,92.0,0.0,9,0,4,0,0,0,0,59.5231,23.3,93.35,1.0,196.0,5.0,1685.0
555,107,120.0,3.0,0.0,92.0,0.0,8,0,5,0,0,0,0,59.4692,23.3,93.0,0.0,196.0,5.0,1690.0
556,107,120.0,0.0,0.0,92.0,0.0,9,0,4,0,0,0,0,59.4423,23.3,92.65,1.0,197.0,5.0,1695.0
557,107,120.0,0.0,0.0,92.0,0.0,9,0,4,0,0,0,0,59.3885,23.3,92.3,0.0,197.0,4.0,1699.0
558,107,120.0,0.0,0.0,92.0,0.0,9,0,4,0,0,0,0,59.3077,23.3,91.95,0.0,197.0,4.0,1703.0
559,108,121.0,1.0,0.0,92.0,0.0,8,0,5,0,0,0,0,59.2808,23.3,91.6,1.0,198.0,6.0,1709.0
560,108,121.0,0.0,0.0,92.0,0.0,8,0,5,0,0,0,0,59.2154,23.3,91.25,0.0,198.0,5.0,1714.0
561,108,121.0,0.0,0.0,92.0,0.0,9,0,4,0,0,0,0,59.15,23.3,90.9,1.0,199.0,5.0,1719.0
562,108,121.0,0.0,0.0,92.0,0.0,8,0,5,0,0,0,0,59.0962,23.3,90.55,0.0,199.0,5.0,1724.0
563,109,122.0,1.0,0.0,92.0,0.0,9,0,4,0,0,0,0,59.0692,23.3,90.2,1.0,200.0,5.0,1729.0
564,109,122.0,0.0,0.0,92.0,0.0,9,0,4,0,0,0,0,59.0154,23.3,89.85,0.0,200.0,4.0,1733.0
565,110,123.0,1.0,0.0,92.0,0.0,8,0,5,0,0,0,0,58.9615,23.3,89.85,0.0,200.0,5.0,1738.0
566,110,123.0,0.0,0.0,92.0,0.0,8,0,5,0,0,0,0,58.9615,23.3,89.85,2.0,202.0,7.0,1745.0
567,110,123.0,0.0,0.0,92.0,0.0,8,0,5,0,0,0,0,58.8962,23.3,89.5,0.0,202.0,5.0,1750.0
568,110,123.0,0.0,0.0,92.0,0.0,9,0,4,0,0,0,0,58.8577,23.3,89.5,1.0,203.0,5.0,1755.0
569,111,124.0,1.0,0.0,92.0,0.0,8,0,5,0,0,0,0,58.8308,23.3,89.5,0.0,203.0,5.0,1760.0
570,111,124.0,0.0,0.0,92.0,0.0,9,0,4,0,0,0,0,58.8308,23.3,89.5,1.0,204.0,5.0,1765.0
571,113,126.0,2.0,0.0,92.0,0.0,9,0,4,0,0,0,0,58.8038,23.3,89.5,0.0,204.0,4.0,1769.0
572,113,126.0,0.0,0.0,92.0,0.0,9,0,4,0,0,0,0,58.75,23.3,89.5,0.0,204.0,4.0,1773.0
573,113,126.0,0.0,0.0,92.0,0.0,8,0,5,0,0,0,0,58.75,23.3,89.5,1.0,205.0,6.0,1779.0
574,113,126.0,0.0,0.0,92.0,0.0,8,0,5,0,0,0,0,58.7115,23.3,89.5,0.0,205.0,5.0,1784.0
575,114,127.0,1.0,0.0,92.0,0.0,9,0,4,0,0,0,0,58.6731,23.3,89.5,1.0,206.0,5.0,1789.0
576,114,127.0,0.0,0.0,92.0,0.0,8,0,5,0,0,0,0,58.6462,23.3,89.5,0.0,206.0,5.0,1794.0
577,114,127.0,0.0,0.0,92.0,0.0,9,0,4,0,0,0,0,58.6462,23.3,89.5,1.0,207.0,5.0,1799.0
578,114,127.0,0.0,0.0,92.0,0.0,9,0,4,0,0,0,0,58.6192,23.3,89.5,0.0,207.0,4.0,1803.0
579,115,128.0,1.0,0.0,92.0,0.0,9,0,4,0,0,0,0,58.5654,23.3,89.5,0.0,207.0,4.0,1807.0
580,115,128.0,0.0,0.0,92.0,0.0,8,0,5,0,0,0,0,58.5654,23.3,89.5,1.0,208.0,6.0,1813.0
581,115,128.0,0.0,0.0,92.0,0.0,8,0,5,0,0,0,0,58.5269,23.3,89.5,0.0,208.0,5.0,1818.0
582,115,128.0,0.0,0.0,92.0,0.0,9,0,4,0,0,0,0,58.4885,23.3,89.5,1.0,209.0,5.0,1823.0
583,117,130.0,2.0,0.0,92.0,0.0,8,0,5,0,0,0,0,58.4615,23.3,89.5,0.0,209.0,5.0,1828.0
584,117,130.0,0.0,0.0,92.0,0.0,9,0,4,0,0,0,0,58.4615,23.3,89.5,1.0,210.0,5.0,1833.0
585,118,131.0,1.0,0.0,92.0,0.0,9,0,4,0,0,0,0,58.4346,23.3,89.5,0.0,210.0,4.0,1837.0
586,118,131.0,0.0,0.0,92.0,0.0,9,0,4,0,0,0,0,58.3808,23.3,89.5,0.0,210.0,4.0,1841.0
587,119,132.0,1.0,0.0,92.0,0.0,8,0,5,0,0,0,0,58.3808,23.3,89.5,1.0,211.0,6.0,1847.0
588,119,132.0,0.0,0.0,92.0,0.0,8,0,5,0,0,0,0,58.3423,23.3,89.5,0.0,211.0,5.0,1852.0
589,119,132.0,0.0,0.0,92.0,0.0,9,0,4,0,0,0,0,58.3038,23.3,89.5,1.0,212.0,5.0,1857.0
590,119,132.0,0.0,0.0,92.0,0.0,8,0,5,0,0,0,0,58.2769,23.3,89.5,0.0,212.0,5.0,1862.0
591,119,132.0,0.0,0.0,92.0,0.0,9,0,4,0,0,0,0,58.2769,23.3,89.5,1.0,213.0,5.0,1867.0
592,119,132.0,0.0,0.0,92.0,0.0,9,0,4,0,0,0,0,58.25,23.3,89.5,0.0,213.0,4.0,1871.0
593,119,132.0,0.0,0.0,92.0,0.0,9,0,4,0,0,0,0,58.1962,23.3,89.5,0.0,213.0,4.0,1875.0
594,119,132.0,0.0,0.0,92.0,0.0,8,0,5,0,0,0,0,58.1962,23.3,89.5,1.0,214.0,6.0,1881.0
595,122,135.0,3.0,0.0,92.0,0.0,8,0,5,0,0,0,0,58.1577,23.3,89.5,0.0,214.0,5.0,1886.0
596,122,135.0,0.0,0.0,92.0,0.0,9,0,4,0,0,0,0,58.1192,23.3,89.5,1.0,215.0,5.0,1891.0
597,123,136.0,1.0,0.0,92.0,0.0,8,0,5,0,0,0,0,58.0923,23.3,89.5,0.0,215.0,5.0,1896.0
598,123,136.0,0.0,0.0,92.0,0.0,9,0,4,0,0,0,0,58.0923,23.3,89.5,1.0,216.0,5.0,1901.0
599,123,136.0,0.0,0.0,92.0,0.0,9,0,4,0,0,0,0,58.0654,23.3,89.5,0.0,216.0,4.0,1905.0
600,123,136.0,0.0,0.0,92.0,0.0,9,0,4,0,0,0,0,58.0115,23.3,89.5,0.0,216.0,4.0,1909.0
601,123,136.0,0.0,0.0,92.0,0.0,8,0,5,0,0,0,0,58.0115,23.3,89.5,1.0,217.0,6.0,1915.0
602,123,136.0,0.0,0.0,92.0,0.0,8,0,5,0,0,0,0,57.9731,23.3,89.5,0.0,217.0,5.0,1920.0
603,124,137.0,1.0,0.0,92.0,0.0,9,0,4,0,0,0,0,57.9346,23.3,89.5,1.0,218.0,5.0,1925.0
604,124,137.0,0.0,0.0,92.0,0.0,8,0,5,0,0,0,0,57.9077,23.3,89.5,0.0,218.0,5.0,1930.0
605,125,138.0,1.0,0.0,92.0,0.0,9,0,4,0,0,0,0,57.9077,23.3,89.5,1.0,219.0,5.0,1935.0
606,125,138.0,0.0,0.0,92.0,0.0,9,0,4,0,0,0,0,57.8808,23.3,89.5,0.0,219.0,4.0,1939.0
607,126,139.0,1.0,0.0,92.0,0.0,9,0,4,0,0,0,0,57.8269,23.3,89.5,0.0,219.0,4.0,1943.0
608,126,139.0,0.0,0.0,92.0,0.0,8,0,5,0,0,0,0,57.8269,23.3,89.5,1.0,220.0,6.0,1949.0
609,126,139.0,0.0,0.0,92.0,0.0,8,0,5,0,0,0,0,57.7885,23.3,89.5,0.0,220.0,5.0,1954.0
610,126,139.0,0.0,0.0,92.0,0.0,9,0,4,0,0,0,0,57.75,23.3,89.5,1.0,221.0,5.0,1959.0
611,128,141.0,2.0,0.0,92.0,0.0,8,0,5,0,0,0,0,57.7231,23.3,89.5,0.0,221.0,5.0,1964.0
612,128,141.0,0.0,0.0,92.0,0.0,9,0,4,0,0,0,0,57.7231,23.3,89.5,1.0,222.0,5.0,1969.0
613,128,141.0,0.0,0.0,92.0,0.0,9,0,4,0,0,0,0,57.6962,23.3,89.5,0.0,222.0,4.0,1973.0
614,128,141.0,0.0,0.0,92.0,0.0,9,0,4,0,0,0,0,57.6423,23.3,89.5,0.0,222.0,4.0,1977.0
615,129,142.0,1.0,0.0,92.0,0.0,8,0,5,0,0,0,0,57.6423,23.3,89.5,1.0,223.0,6.0,1983.0
616,129,142.0,0.0,0.0,92.0,0.0,8,0,5,0,0,0,0,57.6038,23.3,89.5,0.0,223.0,5.0,1988.0
617,129,142.0,0.0,0.0,92.0,0.0,9,0,4,0,0,0,0,57.5654,23.3,89.5,1.0,224.0,5.0,1993.0
618,129,142.0,0.0,0.0,92.0,0.0,8,0,5,0,0,0,0,57.5385,23.3,89.5,0.0,224.0,5.0,1998.0
619,131,144.0,2.0,0.0,92.0,0.0,9,0,4,0,0,0,0,57.5385,23.3,89.5,1.0,225.0,5.0,2003.0
620,131,144.0,0.0,0.0,92.0,0.0,9,0,4,0,0,0,0,57.5115,23.3,89.5,0.0,225.0,4.0,2007.0
621,131,144.0,0.0,0.0,92.0,0.0,9,0,4,0,0,0,0,57.4577,23.3,89.5,0.0,225.0,4.0,2011.0
622,131,144.0,0.0,0.0,92.0,0.0,8,0,5,0,0,0,0,57.4577,23.3,89.5,1.0,226.0,6.0,2017.0
623,131,144.0,0.0,0.0,92.0,0.0,8,0,5,0,0,0,0,57.4192,23.3,89.5,0.0,226.0,5.0,2022.0
624,131,144.0,0.0,0.0,92.0,0.0,9,0,4,0,0,0,0,57.3808,23.3,89.5,1.0,227.0,5.0,2027.0
625,133,146.0,2.0,0.0,92.0,0.0,8,0,5,0,0,0,0,57.3538,23.3,89.5,0.0,227.0,5.0,2032.0
626,133,146.0,0.0,0.0,92.0,0.0,9,0,4,0,0,0,0,57.3538,23.3,89.5,1.0,228.0,5.0,2037.0
627,134,147.0,1.0,0.0,92.0,0.0,9,0,4,0,0,0,0,57.3269,23.3,89.5,0.0,228.0,4.0,2041.0
628,134,147.0,0.0,0.0,92.0,0.0,9,0,4,0,0,0,0,57.2731,23.3,89.5,0.0,228.0,4.0,2045.0
629,134,147.0,0.0,0.0,92.0,0.0,8,0,5,0,0,0,0,57.2731,23.3,89.5,1.0,229.0,6.0,2051.0
630,134,147.0,0.0,0.0,92.0,0.0,8,0,5,0,0,0,0,57.2346,23.3,89.5,0.0,229.0,5.0,2056.0
631,135,148.0,1.0,0.0,92.0,0.0,9,0,4,0,0,0,0,57.1962,23.3,89.5,1.0,230.0,5.0,2061.0
632,135,148.0,0.0,0.0,92.0,0.0,8,0,5,0,0,0,0,57.1692,23.3,89.5,0.0,230.0,5.0,2066.0
633,135,148.0,0.0,0.0,92.0,0.0,9,0,4,0,0,0,0,57.1692,23.3,89.5,1.0,231.0,5.0,2071.0
634,135,148.0,0.0,0.0,92.0,0.0,9,0,4,0,0,0,0,57.1423,23.3,89.5,0.0,231.0,4.0,2075.0
635,137,150.0,2.0,0.0,92.0,0.0,9,0,4,0,0,0,0,57.0885,23.3,89.5,0.0,231.0,4.0,2079.0
636,137,150.0,0.0,0.0,92.0,0.0,8,0,5,0,0,0,0,57.0885,23.3,89.5,1.0,232.0,6.0,2085.0
637,137,150.0,0.0,0.0,92.0,0.0,8,0,5,0,0,0,0,57.05,23.3,89.5,0.0,232.0,5.0,2090.0
638,137,150.0,0.0,0.0,92.0,0.0,9,0,4,0,0,0,0,57.0115,23.3,89.5,1.0,233.0,5.0,2095.0
639,138,151.0,1.0,0.0,92.0,0.0,8,0,5,0,0,0,0,56.9846,23.3,89.5,0.0,233.0,5.0,2100.0
640,138,151.0,0.0,0.0,92.0,0.0,9,0,4,0,0,0,0,56.9846,23.3,89.5,1.0,234.0,5.0,2105.0
641,138,151.0,0.0,0.0,92.0,0.0,9,0,4,0,0,0,0,56.9577,23.3,89.5,0.0,234.0,4.0,2109.0
642,138,151.0,0.0,0.0,92.0,0.0,9,0,4,0,0,0,0,56.9038,23.3,89.5,0.0,234.0,4.0,2113.0
643,140,153.0,2.0,0.0,92.0,0.0,8,0,5,0,0,0,0,56.9038,23.3,89.5,1.0,235.0,6.0,2119.0
644,140,153.0,0.0,0.0,92.0,0.0,8,0,5,0,0,0,0,56.8654,23.3,89.5,0.0,235.0,5.0,2124.0
645,141,154.0,1.0,0.0,92.0,0.0,9,0,4,0,0,0,0,56.8269,23.3,89.5,1.0,236.0,5.0,2129.0
646,141,154.0,0.0,0.0,92.0,0.0,8,0,5,0,0,0,0,56.8,23.3,89.5,0.0,236.0,5.0,2134.0
647,141,154.0,0.0,0.0,92.0,0.0,9,0,4,0,0,0,0,56.8,23.3,89.5,1.0,237.0,5.0,2139.0
648,141,154.0,0.0,0.0,92.0,0.0,9,0,4,0,0,0,0,56.7731,23.3,89.5,0.0,237.0,4.0,2143.0
649,141,154.0,0.0,0.0,92.0,0.0,9,0,4,0,0,0,0,56.7192,23.3,89.5,0.0,237.0,4.0,2147.0
650,141,154.0,0.0,0.0,92.0,0.0,8,0,5,0,0,0,0,56.7192,23.3,89.5,1.0,238.0,6.0,2153.0
651,142,155.0,1.0,0.0,92.0,0.0,8,0,5,0,0,0,0,56.6808,23.3,89.5,0.0,238.0,5.0,2158.0
652,142,155.0,0.0,0.0,92.0,0.0,9,0,4,0,0,0,0,56.6423,23.3,89.5,1.0,239.0,5.0,2163.0
653,143,156.0,1.0,0.0,92.0,0.0,8,0,5,0,0,0,0,56.6154,23.3,89.5,0.0,239.0,5.0,2168.0
654,143,156.0,0.0,0.0,92.0,0.0,9,0,4,0,0,0,0,56.6154,23.3,89.5,1.0,240.0,5.0,2173.0
655,145,158.0,2.0,0.0,92.0,0.0,9,0,4,0,0,0,0,56.5885,23.3,89.5,0.0,240.0,4.0,2177.0
656,145,158.0,0.0,0.0,92.0,0.0,9,0,4,0,0,0,0,56.5346,23.3,89.5,0.0,240.0,4.0,2181.0
657,145,158.0,0.0,0.0,92.0,0.0,8,0,5,0,0,0,0,56.5346,23.3,89.5,1.0,241.0,6.0,2187.0
658,145,158.0,0.0,0.0,92.0,0.0,8,0,5,0,0,0,0,56.4962,23.3,89.5,0.0,241.0,5.0,2192.0
659,146,159.0,1.0,0.0,92.0,0.0,9,0,4,0,0,0,0,56.4577,23.3,89.5,1.0,242.0,5.0,2197.0
660,146,159.0,0.0,0.0,92.0,0.0,8,0,5,0,0,0,0,56.4308,23.3,89.5,0.0,242.0,5.0,2202.0
661,146,159.0,0.0,0.0,92.0,0.0,9,0,4,0,0,0,0,56.4308,23.3,89.5,1.0,243.0,5.0,2207.0
662,146,159.0,0.0,0.0,92.0,0.0,9,0,4,0,0,0,0,56.4038,23.3,89.5,0.0,243.0,4.0,2211.0
663,146,159.0,0.0,0.0,92.0,0.0,9,0,4,0,0,0,0,56.35,23.3,89.5,0.0,243.0,4.0,2215.0
664,146,159.0,0.0,0.0,92.0,0.0,8,0,5,0,0,0,0,56.35,23.3,89.5,1.0,244.0,6.0,2221.0
665,147,160.0,1.0,0.0,92.0,0.0,8,0,5,0,0,0,0,56.3115,23.3,89.5,0.0,244.0,5.0,2226.0
666,147,160.0,0.0,0.0,92.0,0.0,9,0,4,0,0,0,0,56.2731,23.3,89.5,1.0,245.0,5.0,2231.0
667,150,163.0,3.0,0.0,92.0,0.0,8,0,5,0,0,0,0,56.2462,23.3,89.5,0.0,245.0,5.0,2236.0
668,150,163.0,0.0,0.0,92.0,0.0,9,0,4,0,0,0,0,56.2462,23.3,89.5,1.0,246.0,5.0,2241.0
669,150,163.0,0.0,0.0,92.0,0.0,9,0,4,0,0,0,0,56.2192,23.3,89.5,0.0,246.0,4.0,2245.0
670,150,163.0,0.0,0.0,92.0,0.0,9,0,4,0,0,0,0,56.1654,23.3,89.5,0.0,246.0,4.0,2249.0
671,150,163.0,0.0,0.0,92.0,0.0,8,0,5,0,0,0,0,56.1654,23.3,89.5,1.0,247.0,6.0,2255.0
672,150,163.0,0.0,0.0,92.0,0.0,8,0,5,0,0,0,0,56.1269,23.3,89.5,0.0,247.0,5.0,2260.0
673,150,163.0,0.0,0.0,92.0,0.0,9,0,4,0,0,0,0,56.0885,23.3,89.5,1.0,248.0,5.0,2265.0
674,150,163.0,0.0,0.0,92.0,0.0,8,0,5,0,0,0,0,56.0615,23.3,89.5,0.0,248.0,5.0,2270.0
675,152,165.0,2.0,0.0,92.0,0.0,9,0,4,0,0,0,0,56.0615,23.3,89.5,1.0,249.0,5.0,2275.0
676,152,165.0,0.0,0.0,92.0,0.0,9,0,4,0,0,0,0,56.0346,23.3,89.5,0.0,249.0,4.0,2279.0
677,152,165.0,0.0,0.0,92.0,0.0,9,0,4,0,0,0,0,55.9808,23.3,89.5,0.0,249.0,4.0,2283.0
678,152,165.0,0.0,0.0,92.0,0.0,8,0,5,0,0,0,0,55.9808,23.3,89.5,1.0,250.0,6.0,2289.0
679,153,166.0,1.0,0.0,92.0,0.0,8,0,5,0,0,0,0,55.9423,23.3,89.5,0.0,250.0,5.0,2294.0
680,153,166.0,0.0,0.0,92.0,0.0,9,0,4,0,0,0,0,55.9038,23.3,89.5,1.0,251.0,5.0,2299.0
681,154,167.0,1.0,0.0,92.0,0.0,8,0,5,0,0,0,0,55.8769,23.3,89.5,0.0,251.0,5.0,2304.0
682,154,167.0,0.0,0.0,92.0,0.0,9,0,4,0,0,0,0,55.8769,23.3,89.5,1.0,252.0,5.0,2309.0
683,155,168.0,1.0,0.0,92.0,0.0,9,0,4,0,0,0,0,55.85,23.3,89.5,0.0,252.0,4.0,2313.0
684,155,168.0,0.0,0.0,92.0,0.0,9,0,4,0,0,0,0,55.7962,23.3,89.5,0.0,252.0,4.0,2317.0
685,156,169.0,1.0,0.0,92.0,0.0,8,0,5,0,0,0,0,55.7962,23.3,89.5,1.0,253.0,6.0,2323.0
686,156,169.0,0.0,0.0,92.0,0.0,8,0,5,0,0,0,0,55.7577,23.3,89.5,0.0,253.0,5.0,2328.0
687,156,169.0,0.0,0.0,92.0,0.0,9,0,4,0,0,0,0,55.7192,23.3,89.5,1.0,254.0,5.0,2333.0
688,156,169.0,0.0,0.0,92.0,0.0,8,0,5,0,0,0,0,55.6923,23.3,89.5,0.0,254.0,5.0,2338.0
689,156,169.0,0.0,0.0,92.0,0.0,9,0,4,0,0,0,0,55.6923,23.3,89.5,1.0,255.0,5.0,2343.0
690,156,169.0,0.0,0.0,92.0,0.0,9,0,4,0,0,0,0,55.6654,23.3,89.5,0.0,255.0,4.0,2347.0
691,158,171.0,2.0,0.0,92.0,0.0,9,0,4,0,0,0,0,55.6115,23.3,89.5,0.0,255.0,4.0,2351.0
692,158,171.0,0.0,0.0,92.0,0.0,8,0,5,0,0,0,0,55.6115,23.3,89.5,1.0,256.0,6.0,2357.0
693,158,171.0,0.0,0.0,92.0,0.0,8,0,5,0,0,0,0,55.5731,23.3,89.5,0.0,256.0,5.0,2362.0
694,158,171.0,0.0,0.0,92.0,0.0,9,0,4,0,0,0,0,55.5346,23.3,89.5,1.0,257.0,5.0,2367.0
695,160,173.0,2.0,0.0,92.0,0.0,8,0,5,0,0,0,0,55.5077,23.3,89.5,0.0,257.0,5.0,2372.0
696,160,173.0,0.0,0.0,92.0,0.0,9,0,4,0,0,0,0,55.5077,23.3,89.5,1.0,258.0,5.0,2377.0
697,160,173.0,0.0,0.0,92.0,0.0,9,0,4,0,0,0,0,55.4808,23.3,89.5,0.0,258.0,4.0,2381.0
698,160,173.0,0.0,0.0,92.0,0.0,9,0,4,0,0,0,0,55.4269,23.3,89.5,0.0,258.0,4.0,2385.0
699,161,174.0,1.0,0.0,92.0,0.0,8,0,5,0,0,0,0,55.4269,23.3,89.5,1.0,259.0,6.0,2391.0
700,161,174.0,0.0,0.0,92.0,0.0,8,0,5,0,0,0,0,55.3885,23.3,89.5,0.0,259.0,5.0,2396.0
701,161,174.0,0.0,0.0,92.0,0.0,9,0,4,0,0,0,0,55.35,23.05,89.5,1.0,260.0,5.0,2401.0
702,161,174.0,0.0,0.0,92.0,0.0,8,0,5,0,0,0,0,55.3231,23.05,89.5,0.0,260.0,5.0,2406.0
703,162,175.0,1.0,0.0,92.0,0.0,9,0,4,0,0,0,0,55.3231,23.05,89.5,1.0,261.0,5.0,2411.0
704,162,175.0,0.0,0.0,92.0,0.0,9,0,4,0,0,0,0,55.2962,23.05,89.5,0.0,261.0,4.0,2415.0
705,163,176.0,1.0,0.0,92.0,0.0,9,0,4,0,0,0,0,55.2423,23.05,89.5,0.0,261.0,4.0,2419.0
706,163,176.0,0.0,0.0,92.0,0.0,8,0,5,0,0,0,0,55.2423,23.05,89.5,1.0,262.0,6.0,2425.0
707,164,177.0,1.0,0.0,92.0,0.0,8,0,5,0,0,0,0,55.2038,22.55,89.5,0.0,262.0,5.0,2430.0
708,164,177.0,0.0,0.0,92.0,0.0,9,0,4,0,0,0,0,55.1654,22.05,89.5,1.0,263.0,5.0,2435.0
709,165,178.0,1.0,0.0,92.0,0.0,8,0,5,0,0,0,0,55.1385,22.05,89.5,0.0,263.0,5.0,2440.0
710,165,178.0,0.0,0.0,92.0,0.0,9,0,4,0,0,0,0,55.1385,22.05,89.5,1.0,264.0,5.0,2445.0
711,165,178.0,0.0,0.0,92.0,0.0,9,0,4,0,0,0,0,55.1115,22.05,89.5,0.0,264.0,4.0,2449.0
712,165,178.0,0.0,0.0,92.0,0.0,9,0,4,0,0,0,0,55.0577,22.05,89.5,0.0,264.0,4.0,2453.0
713,165,178.0,0.0,0.0,92.0,0.0,8,0,5,0,0,0,0,55.0577,22.05,89.5,1.0,265.0,6.0,2459.0
714,165,178.0,0.0,0.0,92.0,0.0,8,0,5,0,0,0,0,55.0192,21.55,89.5,0.0,265.0,5.0,2464.0
715,168,181.0,3.0,0.0,92.0,0.0,9,0,4,0,0,0,0,54.9808,21.05,89.5,1.0,266.0,5.0,2469.0
716,168,181.0,0.0,0.0,92.0,0.0,8,0,5,0,0,0,0,54.9538,21.05,89.5,0.0,266.0,5.0,2474.0
717,168,181.0,0.0,0.0,92.0,0.0,9,0,4,0,0,0,0,54.9538,21.05,89.5,1.0,267.0,5.0,2479.0
718,168,181.0,0.0,0.0,92.0,0.0,9,0,4,0,0,0,0,54.9269,21.05,89.5,0.0,267.0,4.0,2483.0
719,168,181.0,0.0,0.0,92.0,0.0,9,0,4,0,0,0,0,54.8731,21.05,89.5,0.0,267.0,4.0,2487.0
720,168,181.0,0.0,0.0,92.0,0.0,8,0,5,0,0,0,0,54.8731,21.05,89.5,1.0,268.0,6.0,2493.0
721,168,181.0,0.0,0.0,92.0,0.0,8,0,5,0,0,0,0,54.8346,20.55,89.5,0.0,268.0,5.0,2498.0
722,168,181.0,0.0,0.0,92.0,0.0,9,0,4,0,0,0,0,54.7962,20.05,89.5,1.0,269.0,5.0,2503.0
723,170,183.0,2.0,0.0,92.0,0.0,8,0,5,0,0,0,0,54.7692,20.05,89.5,0.0,269.0,5.0,2508.0
724,170,183.0,0.0,0.0,92.0,0.0,9,0,4,0,0,0,0,54.7692,20.05,89.5,1.0,270.0,5.0,2513.0
725,171,184.0,1.0,0.0,92.0,0.0,9,0,4,0,0,0,0,54.7423,20.05,89.5,0.0,270.0,4.0,2517.0
726,171,184.0,0.0,0.0,92.0,0.0,9,0,4,0,0,0,0,54.6885,20.05,89.5,0.0,270.0,4.0,2521.0
727,172,185.0,1.0,0.0,92.0,0.0,8,0,5,0,0,0,0,54.6885,20.05,89.5,1.0,271.0,6.0,2527.0
728,172,185.0,0.0,0.0,92.0,0.0,8,0,5,0,0,0,0,54.65,19.55,89.5,0.0,271.0,5.0,2532.0
729,172,185.0,0.0,0.0,92.0,0.0,9,0,4,0,0,0,0,54.6115,19.05,89.5,1.0,272.0,5.0,2537.0
730,172,185.0,0.0,0.0,92.0,0.0,8,0,5,0,0,0,0,54.5846,19.05,89.5,0.0,272.0,5.0,2542.0
731,173,186.0,1.0,0.0,92.0,0.0,9,0,4,0,0,0,0,54.5846,19.05,89.5,1.0,273.0,5.0,2547.0
732,173,186.0,0.0,0.0,92.0,0.0,9,0,4,0,0,0,0,54.5577,19.05,89.5,0.0,273.0,4.0,2551.0
733,173,186.0,0.0,0.0,92.0,0.0,9,0,4,0,0,0,0,54.5038,19.05,89.5,0.0,273.0,4.0,2555.0
734,173,186.0,0.0,0.0,92.0,0.0,8,0,5,0,0,0,0,54.5038,19.05,89.5,1.0,274.0,6.0,2561.0
735,174,187.0,1.0,0.0,92.0,0.0,8,0,5,0,0,0,0,54.4654,18.55,89.5,0.0,274.0,5.0,2566.0
736,174,187.0,0.0,0.0,92.0,0.0,9,0,4,0,0,0,0,54.4269,18.05,89.5,1.0,275.0,5.0,2571.0
737,175,188.0,1.0,0.0,92.0,0.0,8,0,5,0,0,0,0,54.4,18.05,89.5,0.0,275.0,5.0,2576.0
738,175,188.0,0.0,0.0,92.0,0.0,9,0,4,0,0,0,0,54.4,18.05,89.5,1.0,276.0,5.0,2581.0
739,177,190.0,2.0,0.0,92.0,0.0,9,0,4,0,0,0,0,54.3731,18.05,89.5,0.0,276.0,4.0,2585.0
740,177,190.0,0.0,0.0,92.0,0.0,9,0,4,0,0,0,0,54.3192,18.05,89.5,0.0,276.0,4.0,2589.0
741,177,190.0,0.0,0.0,92.0,0.0,8,0,5,0,0,0,0,54.3192,18.05,89.5,1.0,277.0,6.0,2595.0
742,177,190.0,0.0,0.0,92.0,0.0,8,0,5,0,0,0,0,54.2808,17.55,89.5,0.0,277.0,5.0,2600.0
743,177,190.0,0.0,0.0,92.0,0.0,9,0,4,0,0,0,0,54.2423,17.05,89.5,1.0,278.0,5.0,2605.0
744,177,190.0,0.0,0.0,92.0,0.0,8,0,5,0,0,0,0,54.2154,17.05,89.5,0.0,278.0,5.0,2610.0
745,178,191.0,1.0,0.0,92.0,0.0,9,0,4,0,0,0,0,54.2154,17.05,89.5,1.0,279.0,5.0,2615.0
746,178,191.0,0.0,0.0,92.0,0.0,9,0,4,0,0,0,0,54.1885,17.05,89.5,0.0,279.0,4.0,2619.0
747,179,192.0,1.0,0.0,92.0,0.0,9,0,4,0,0,0,0,54.1346,17.05,89.5,0.0,279.0,4.0,2623.0
748,179,192.0,0.0,0.0,92.0,0.0,8,0,5,0,0,0,0,54.1346,17.05,89.5,1.0,280.0,6.0,2629.0
749,179,192.0,0.0,0.0,92.0,0.0,8,0,5,0,0,0,0,54.0962,16.55,89.5,0.0,280.0,5.0,2634.0
750,179,192.0,0.0,0.0,92.0,0.0,9,0,4,0,0,0,0,54.0577,16.05,89.5,1.0,281.0,5.0,2639.0
751,181,194.0,2.0,0.0,92.0,0.0,8,0,5,0,0,0,0,54.0308,16.05,89.5,0.0,281.0,5.0,2644.0
752,181,194.0,0.0,0.0,92.0,0.0,9,0,4,0,0,0,0,54.0308,16.05,89.5,1.0,282.0,5.0,2649.0
753,181,194.0,0.0,0.0,92.0,0.0,9,0,4,0,0,0,0,54.0038,16.05,89.5,0.0,282.0,4.0,2653.0
754,181,194.0,0.0,0.0,92.0,0.0,9,0,4,0,0,0,0,53.95,16.05,89.5,0.0,282.0,4.0,2657.0
755,183,196.0,2.0,0.0,92.0,0.0,8,0,5,0,0,0,0,53.95,16.05,89.5,1.0,283.0,6.0,2663.0
756,183,196.0,0.0,0.0,92.0,0.0,8,0,5,0,0,0,0,53.9115,15.55,89.5,0.0,283.0,5.0,2668.0
757,183,196.0,0.0,0.0,92.0,0.0,9,0,4,0,0,0,0,53.8731,15.05,89.5,1.0,284.0,5.0,2673.0
758,183,196.0,0.0,0.0,92.0,0.0,8,0,5,0,0,0,0,53.8462,15.05,89.5,0.0,284.0,5.0,2678.0
759,183,196.0,0.0,0.0,92.0,0.0,9,0,4,0,0,0,0,53.8462,15.05,89.5,1.0,285.0,5.0,2683.0
760,183,196.0,0.0,0.0,92.0,0.0,9,0,4,0,0,0,0,53.8192,15.05,89.5,0.0,285.0,4.0,2687.0
761,183,196.0,0.0,0.0,92.0,0.0,9,0,4,0,0,0,0,53.7654,15.05,89.5,0.0,285.0,4.0,2691.0
762,183,196.0,0.0,0.0,92.0,0.0,8,0,5,0,0,0,0,53.7654,15.05,89.5,1.0,286.0,6.0,2697.0
763,185,198.0,2.0,0.0,92.0,0.0,8,0,4,0,1,0,0,53.7269,14.55,89.5,1.0,287.0,5.0,2702.0
764,185,198.0,0.0,0.0,92.0,0.0,9,0,3,0,1,0,0,53.6731,14.2,89.5,1.0,288.0,4.0,2706.0
765,187,200.0,2.0,0.0,92.0,0.0,9,0,3,0,1,0,0,53.5923,13.85,89.5,0.0,288.0,3.0,2709.0
766,187,200.0,0.0,0.0,92.0,0.0,9,0,3,0,1,0,0,53.5654,13.5,89.5,1.0,289.0,4.0,2713.0
767,187,200.0,0.0,0.0,92.0,0.0,9,0,3,0,1,0,0,53.5115,13.15,89.5,0.0,289.0,3.0,2716.0
768,187,200.0,0.0,0.0,92.0,0.0,9,0,3,0,1,0,0,53.4308,12.8,89.5,0.0,289.0,3.0,2719.0
769,187,200.0,0.0,0.0,92.0,0.0,7,0,5,0,1,0,0,53.4038,12.45,89.5,0.0,289.0,5.0,2724.0
770,187,200.0,0.0,0.0,92.0,0.0,8,0,4,0,1,0,0,53.3769,12.1,89.5,1.0,290.0,5.0,2729.0
771,188,201.0,1.0,0.0,92.0,0.0,9,0,3,0,1,0,0,53.3231,11.75,89.5,1.0,291.0,4.0,2733.0
772,188,201.0,0.0,0.0,92.0,0.0,9,0,3,0,1,0,0,53.2423,11.4,89.5,0.0,291.0,3.0,2736.0
773,188,201.0,0.0,0.0,92.0,0.0,9,0,3,0,1,0,0,53.2154,11.05,89.5,1.0,292.0,4.0,2740.0
774,188,201.0,0.0,0.0,92.0,0.0,9,0,3,0,1,0,0,53.1615,10.7,89.5,0.0,292.0,3.0,2743.0
775,190,203.0,2.0,0.0,92.0,0.0,9,0,3,0,1,0,0,53.0808,10.35,89.5,0.0,292.0,3.0,2746.0
776,190,203.0,0.0,0.0,92.0,0.0,7,0,5,0,1,0,0,53.0538,10.0,89.5,0.0,292.0,5.0,2751.0
777,190,203.0,0.0,0.0,92.0,0.0,8,0,4,0,1,0,0,53.0269,9.65,89.5,1.0,293.0,5.0,2756.0
778,190,203.0,0.0,0.0,92.0,0.0,9,0,3,0,1,0,0,52.9731,9.3,89.5,1.0,294.0,4.0,2760.0
779,192,205.0,2.0,0.0,92.0,0.0,9,0,3,0,1,0,0,52.8923,8.95,89.5,0.0,294.0,3.0,2763.0
780,192,205.0,0.0,0.0,92.0,0.0,9,0,3,0,1,0,0,52.8654,8.6,89.5,1.0,295.0,4.0,2767.0
781,192,205.0,0.0,0.0,92.0,0.0,9,0,3,0,1,0,0,52.8115,8.25,89.5,0.0,295.0,3.0,2770.0
782,192,205.0,0.0,0.0,92.0,0.0,9,0,3,0,1,0,0,52.7308,7.9,89.5,0.0,295.0,3.0,2773.0
783,192,205.0,0.0,0.0,92.0,0.0,7,0,5,0,1,0,0,52.7038,7.55,89.5,0.0,295.0,5.0,2778.0
784,192,205.0,0.0,0.0,92.0,0.0,8,0,4,0,1,0,0,52.6769,7.2,89.5,1.0,296.0,5.0,2783.0
785,193,206.0,1.0,0.0,92.0,0.0,9,0,3,0,1,0,0,52.6231,6.85,89.5,1.0,297.0,4.0,2787.0
786,193,206.0,0.0,0.0,92.0,0.0,9,0,3,0,1,0,0,52.5423,6.5,89.5,0.0,297.0,3.0,2790.0
787,195,208.0,2.0,0.0,92.0,0.0,9,0,3,0,1,0,0,52.5154,6.15,89.5,1.0,298.0,4.0,2794.0
788,195,208.0,0.0,0.0,92.0,0.0,9,0,3,0,1,0,0,52.4615,5.8,89.5,0.0,298.0,3.0,2797.0
789,195,208.0,0.0,0.0,92.0,0.0,9,0,3,0,1,0,0,52.3808,5.45,89.5,0.0,298.0,3.0,2800.0
790,195,208.0,0.0,0.0,92.0,0.0,7,0,5,0,1,0,0,52.3538,5.1,89.5,0.0,298.0,5.0,2805.0
791,195,208.0,0.0,0.0,92.0,0.0,8,0,4,0,1,0,0,52.3269,4.75,89.5,1.0,299.0,5.0,2810.0
792,195,208.0,0.0,0.0,92.0,0.0,9,0,3,1,0,0,0,52.2731,4.4,89.5,1.0,300.0,4.0,2814.0
793,196,209.0,1.0,0.0,92.0,0.0,9,0,3,1,0,0,0,52.9546,13.96,89.5,0.0,300.0,3.0,2817.0
794,196,209.0,0.0,0.0,92.0,0.0,9,0,3,1,0,0,0,53.69,19.8,89.5,1.0,301.0,4.0,2821.0
795,198,211.0,2.0,0.0,92.0,0.0,9,0,3,1,0,0,0,54.3985,19.8,89.5,0.0,301.0,3.0,2824.0
796,198,211.0,0.0,0.0,92.0,0.0,9,0,3,1,0,0,0,55.08,19.8,89.5,0.0,301.0,3.0,2827.0
797,198,211.0,0.0,0.0,92.0,0.0,7,0,5,1,0,0,0,55.8154,19.8,89.5,0.0,301.0,5.0,2832.0
798,198,211.0,0.0,0.0,92.0,0.0,8,0,4,1,0,0,0,56.5508,19.8,89.5,1.0,302.0,5.0,2837.0
799,199,212.0,1.0,0.0,92.0,0.0,9,0,3,1,0,0,0,57.2592,19.45,89.5,1.0,303.0,4.0,2841.0
800,199,212.0,0.0,0.0,92.0,0.0,9,0,3,1,0,0,0,57.9408,19.1,89.5,0.0,303.0,3.0,2844.0
801,199,212.0,0.0,0.0,92.0,0.0,9,0,3,1,0,0,0,58.6762,19.1,90.44,1.0,304.0,4.0,2848.0
802,199,212.0,0.0,0.0,92.0,0.0,10,0,3,0,0,0,0,59.3577,19.1,99.65,0.0,304.0,3.0,2851.0
803,200,213.0,1.0,0.0,92.0,0.0,10,0,3,0,0,0,0,59.2769,19.1,99.3,0.0,304.0,3.0,2854.0
804,200,213.0,0.0,0.0,92.0,0.0,8,0,5,0,0,0,0,59.25,19.1,98.95,0.0,304.0,5.0,2859.0
805,201,214.0,1.0,0.0,92.0,0.0,9,0,4,0,0,0,0,59.2231,19.1,98.6,1.0,305.0,5.0,2864.0
806,201,214.0,0.0,0.0,92.0,0.0,10,0,3,0,0,0,0,59.1692,18.75,98.25,1.0,306.0,4.0,2868.0
807,202,215.0,1.0,0.0,92.0,0.0,10,0,3,0,0,0,0,59.0885,18.4,97.9,0.0,306.0,3.0,2871.0
808,202,215.0,0.0,0.0,92.0,0.0,10,0,3,0,0,0,0,59.0615,18.4,97.55,1.0,307.0,4.0,2875.0
809,202,215.0,0.0,0.0,92.0,0.0,10,0,3,0,0,0,0,59.0077,18.4,97.2,0.0,307.0,3.0,2878.0
810,202,215.0,0.0,0.0,92.0,0.0,10,0,3,0,0,0,0,58.9269,18.4,96.85,0.0,307.0,3.0,2881.0
811,204,217.0,2.0,0.0,92.0,0.0,8,0,5,0,0,0,0,58.9,18.4,96.5,0.0,307.0,5.0,2886.0
812,204,217.0,0.0,0.0,92.0,0.0,9,0,4,0,0,0,0,58.8731,18.4,96.15,1.0,308.0,5.0,2891.0
813,204,217.0,0.0,0.0,92.0,0.0,10,0,3,0,0,0,0,58.8192,18.05,95.8,1.0,309.0,4.0,2895.0
814,204,217.0,0.0,0.0,92.0,0.0,10,0,3,0,0,0,0,58.7385,17.7,95.45,0.0,309.0,3.0,2898.0
815,205,218.0,1.0,0.0,92.0,0.0,10,0,3,0,0,0,0,58.7115,17.7,95.1,1.0,310.0,4.0,2902.0
816,205,218.0,0.0,0.0,92.0,0.0,10,0,3,0,0,0,0,58.6577,17.7,94.75,0.0,310.0,3.0,2905.0
817,205,218.0,0.0,0.0,92.0,0.0,10,0,3,0,0,0,0,58.5769,17.7,94.4,0.0,310.0,3.0,2908.0
818,205,218.0,0.0,0.0,92.0,0.0,8,0,5,0,0,0,0,58.55,17.7,94.05,0.0,310.0,5.0,2913.0
819,206,219.0,1.0,0.0,92.0,0.0,9,0,4,0,0,0,0,58.5231,17.7,93.7,1.0,311.0,5.0,2918.0
820,206,219.0,0.0,0.0,92.0,0.0,10,0,3,0,0,0,0,58.4692,17.35,93.35,1.0,312.0,4.0,2922.0
821,207,220.0,1.0,0.0,92.0,0.0,10,0,3,0,0,0,0,58.3885,17.0,93.0,0.0,312.0,3.0,2925.0
822,207,220.0,0.0,0.0,92.0,0.0,10,0,3,0,0,0,0,58.3615,17.0,92.65,1.0,313.0,4.0,2929.0
823,208,221.0,1.0,0.0,92.0,0.0,10,0,3,0,0,0,0,58.3077,17.0,92.3,0.0,313.0,3.0,2932.0
824,208,221.0,0.0,0.0,92.0,0.0,10,0,3,0,0,0,0,58.2269,17.0,91.95,0.0,313.0,3.0,2935.0
825,209,222.0,1.0,0.0,92.0,0.0,8,0,5,0,0,0,0,58.2,17.0,91.6,0.0,313.0,5.0,2940.0
826,209,222.0,0.0,0.0,92.0,0.0,9,0,4,0,0,0,0,58.1731,17.0,91.25,1.0,314.0,5.0,2945.0
827,210,223.0,1.0,0.0,92.0,0.0,10,0,3,0,0,0,0,58.1192,16.65,90.9,1.0,315.0,4.0,2949.0
828,210,223.0,0.0,0.0,92.0,0.0,10,0,3,0,0,0,0,58.0385,16.3,90.55,0.0,315.0,3.0,2952.0
829,210,223.0,0.0,0.0,92.0,0.0,10,0,3,0,0,0,0,58.0115,16.3,90.2,1.0,316.0,4.0,2956.0
830,210,223.0,0.0,0.0,92.0,0.0,10,0,3,0,0,0,0,57.9577,16.3,89.85,0.0,316.0,3.0,2959.0
831,210,223.0,0.0,0.0,92.0,0.0,10,0,3,0,0,0,0,57.8654,16.3,89.5,0.0,316.0,3.0,2962.0
832,210,223.0,0.0,0.0,92.0,0.0,7,0,6,0,0,0,0,57.8654,16.3,89.5,0.0,316.0,6.0,2968.0
833,210,223.0,0.0,0.0,92.0,0.0,8,0,5,0,0,0,0,57.8654,16.3,89.5,1.0,317.0,6.0,2974.0
834,210,223.0,0.0,0.0,92.0,0.0,9,0,4,0,0,0,0,57.8269,16.3,89.5,1.0,318.0,5.0,2979.0
835,214,227.0,4.0,0.0,92.0,0.0,9,0,4,0,0,0,0,57.7615,16.3,89.5,0.0,318.0,4.0,2983.0
836,214,227.0,0.0,0.0,92.0,0.0,9,0,4,0,0,0,0,57.7615,16.3,89.5,1.0,319.0,5.0,2988.0
837,214,227.0,0.0,0.0,92.0,0.0,9,0,4,0,0,0,0,57.7346,16.3,89.5,0.0,319.0,4.0,2992.0
838,214,227.0,0.0,0.0,92.0,0.0,9,0,4,0,0,0,0,57.6808,16.3,89.5,0.0,319.0,4.0,2996.0
839,214,227.0,0.0,0.0,92.0,0.0,7,0,6,0,0,0,0,57.6808,16.3,89.5,0.0,319.0,6.0,3002.0
840,214,227.0,0.0,0.0,92.0,0.0,8,0,5,0,0,0,0,57.6808,16.3,89.5,1.0,320.0,6.0,3008.0
841,214,227.0,0.0,0.0,92.0,0.0,9,0,4,0,0,0,0,57.6423,16.3,89.5,1.0,321.0,5.0,3013.0
842,214,227.0,0.0,0.0,92.0,0.0,9,0,4,0,0,0,0,57.5769,16.3,89.5,0.0,321.0,4.0,3017.0
843,215,228.0,1.0,0.0,92.0,0.0,9,0,4,0,0,0,0,57.5769,16.3,89.5,1.0,322.0,5.0,3022.0
844,215,228.0,0.0,0.0,92.0,0.0,9,0,4,0,0,0,0,57.55,16.3,89.5,0.0,322.0,4.0,3026.0
845,216,229.0,1.0,0.0,92.0,0.0,9,0,4,0,0,0,0,57.4962,16.3,89.5,0.0,322.0,4.0,3030.0
846,216,229.0,0.0,0.0,92.0,0.0,7,0,6,0,0,0,0,57.4962,16.3,89.5,0.0,322.0,6.0,3036.0
847,217,230.0,1.0,0.0,92.0,0.0,8,0,5,0,0,0,0,57.4962,16.3,89.5,1.0,323.0,6.0,3042.0
848,217,230.0,0.0,0.0,92.0,0.0,9,0,4,0,0,0,0,57.4577,16.3,89.5,1.0,324.0,5.0,3047.0
849,218,231.0,1.0,0.0,92.0,0.0,9,0,4,0,0,0,0,57.3923,16.3,89.5,0.0,324.0,4.0,3051.0
850,218,231.0,0.0,0.0,92.0,0.0,9,0,4,0,0,0,0,57.3923,16.3,89.5,1.0,325.0,5.0,3056.0
851,219,232.0,1.0,0.0,92.0,0.0,9,0,4,0,0,0,0,57.3654,16.3,89.5,0.0,325.0,4.0,3060.0
852,219,232.0,0.0,0.0,92.0,0.0,9,0,4,0,0,0,0,57.3115,16.3,89.5,0.0,325.0,4.0,3064.0
853,219,232.0,0.0,0.0,92.0,0.0,7,0,6,0,0,0,0,57.3115,16.3,89.5,0.0,325.0,6.0,3070.0
854,219,232.0,0.0,0.0,92.0,0.0,8,0,5,0,0,0,0,57.3115,16.3,89.5,1.0,326.0,6.0,3076.0
855,220,233.0,1.0,0.0,92.0,0.0,9,0,4,0,0,0,0,57.2731,16.3,89.5,1.0,327.0,5.0,3081.0
856,220,233.0,0.0,0.0,92.0,0.0,9,0,4,0,0,0,0,57.2077,16.3,89.5,0.0,327.0,4.0,3085.0
857,220,233.0,0.0,0.0,92.0,0.0,9,0,4,0,0,0,0,57.2077,16.3,89.5,1.0,328.0,5.0,3090.0
858,220,233.0,0.0,0.0,92.0,0.0,9,0,4,0,0,0,0,57.1808,16.3,89.5,0.0,328.0,4.0,3094.0
859,222,235.0,2.0,0.0,92.0,0.0,9,0,4,0,0,0,0,57.1269,16.3,89.5,0.0,328.0,4.0,3098.0
860,222,235.0,0.0,0.0,92.0,0.0,7,0,6,0,0,0,0,57.1269,16.3,89.5,0.0,328.0,6.0,3104.0
861,222,235.0,0.0,0.0,92.0,0.0,8,0,5,0,0,0,0,57.1269,16.3,89.5,1.0,329.0,6.0,3110.0
862,222,235.0,0.0,0.0,92.0,0.0,9,0,4,0,0,0,0,57.0885,16.3,89.5,1.0,330.0,5.0,3115.0
863,223,236.0,1.0,0.0,92.0,0.0,9,0,4,0,0,0,0,57.0231,16.3,89.5,0.0,330.0,4.0,3119.0
864,223,236.0,0.0,0.0,92.0,0.0,9,0,4,0,0,0,0,57.0231,16.3,89.5,1.0,331.0,5.0,3124.0
865,224,237.0,1.0,0.0,92.0,0.0,9,0,4,0,0,0,0,56.9962,16.3,89.5,0.0,331.0,4.0,3128.0
866,224,237.0,0.0,0.0,92.0,0.0,9,0,4,0,0,0,0,56.9423,16.3,89.5,0.0,331.0,4.0,3132.0
867,225,238.0,1.0,0.0,92.0,0.0,7,0,6,0,0,0,0,56.9423,16.3,89.5,0.0,331.0,6.0,3138.0
868,225,238.0,0.0,0.0,92.0,0.0,8,0,5,0,0,0,0,56.9423,16.3,89.5,1.0,332.0,6.0,3144.0
869,225,238.0,0.0,0.0,92.0,0.0,9,0,4,0,0,0,0,56.9038,16.3,89.5,1.0,333.0,5.0,3149.0
870,225,238.0,0.0,0.0,92.0,0.0,9,0,4,0,0,0,0,56.8385,16.3,89.5,0.0,333.0,4.0,3153.0
871,226,239.0,1.0,0.0,92.0,0.0,9,0,4,0,0,0,0,56.8385,16.3,89.5,1.0,334.0,5.0,3158.0
872,226,239.0,0.0,0.0,92.0,0.0,9,0,4,0,0,0,0,56.8115,16.3,89.5,0.0,334.0,4.0,3162.0
873,226,239.0,0.0,0.0,92.0,0.0,9,0,4,0,0,0,0,56.7577,16.3,89.5,0.0,334.0,4.0,3166.0
874,226,239.0,0.0,0.0,92.0,0.0,7,0,6,0,0,0,0,56.7577,16.3,89.5,0.0,334.0,6.0,3172.0
875,228,241.0,2.0,0.0,92.0,0.0,8,0,5,0,0,0,0,56.7577,16.3,89.5,1.0,335.0,6.0,3178.0
876,228,241.0,0.0,0.0,92.0,0.0,9,0,4,0,0,0,0,56.7192,16.3,89.5,1.0,336.0,5.0,3183.0
877,229,242.0,1.0,0.0,92.0,0.0,9,0,4,0,0,0,0,56.6538,16.3,89.5,0.0,336.0,4.0,3187.0
878,229,242.0,0.0,0.0,92.0,0.0,9,0,4,0,0,0,0,56.6538,16.3,89.5,1.0,337.0,5.0,3192.0
879,229,242.0,0.0,0.0,92.0,0.0,9,0,4,0,0,0,0,56.6269,16.3,89.5,0.0,337.0,4.0,3196.0
880,229,242.0,0.0,0.0,92.0,0.0,9,0,4,0,0,0,0,56.5731,16.3,89.5,0.0,337.0,4.0,3200.0
881,229,242.0,0.0,0.0,92.0,0.0,7,0,6,0,0,0,0,56.5731,16.3,89.5,0.0,337.0,6.0,3206.0
882,229,242.0,0.0,0.0,92.0,0.0,8,0,5,0,0,0,0,56.5731,16.3,89.5,1.0,338.0,6.0,3212.0
883,231,244.0,2.0,0.0,92.0,0.0,9,0,4,0,0,0,0,56.5346,16.3,89.5,1.0,339.0,5.0,3217.0
884,231,244.0,0.0,0.0,92.0,0.0,9,0,4,0,0,0,0,56.4692,16.3,89.5,0.0,339.0,4.0,3221.0
885,232,245.0,1.0,0.0,92.0,0.0,9,0,4,0,0,0,0,56.4692,16.3,89.5,1.0,340.0,5.0,3226.0
886,232,245.0,0.0,0.0,92.0,0.0,9,0,4,0,0,0,0,56.4423,16.3,89.5,0.0,340.0,4.0,3230.0
887,232,245.0,0.0,0.0,92.0,0.0,9,0,4,0,0,0,0,56.3885,16.3,89.5,0.0,340.0,4.0,3234.0
888,232,245.0,0.0,0.0,92.0,0.0,7,0,6,0,0,0,0,56.3885,16.3,89.5,0.0,340.0,6.0,3240.0
889,232,245.0,0.0,0.0,92.0,0.0,8,0,5,0,0,0,0,56.3885,16.3,89.5,1.0,341.0,6.0,3246.0
890,232,245.0,0.0,0.0,92.0,0.0,9,0,4,0,0,0,0,56.35,16.3,89.5,1.0,342.0,5.0,3251.0
891,234,247.0,2.0,0.0,92.0,0.0,9,0,4,0,0,0,0,56.2846,16.3,89.5,0.0,342.0,4.0,3255.0
892,234,247.0,0.0,0.0,92.0,0.0,9,0,4,0,0,0,0,56.2846,16.3,89.5,1.0,343.0,5.0,3260.0
893,234,247.0,0.0,0.0,92.0,0.0,9,0,4,0,0,0,0,56.2577,16.3,89.5,0.0,343.0,4.0,3264.0
894,234,247.0,0.0,0.0,92.0,0.0,9,0,4,0,0,0,0,56.2038,16.3,89.5,0.0,343.0,4.0,3268.0
895,236,249.0,2.0,0.0,92.0,0.0,7,0,6,0,0,0,0,56.2038,16.3,89.5,0.0,343.0,6.0,3274.0
896,236,249.0,0.0,0.0,92.0,0.0,8,0,5,0,0,0,0,56.2038,16.3,89.5,1.0,344.0,6.0,3280.0
897,236,249.0,0.0,0.0,92.0,0.0,9,0,4,0,0,0,0,56.1654,16.3,89.5,1.0,345.0,5.0,3285.0
898,236,249.0,0.0,0.0,92.0,0.0,9,0,4,0,0,0,0,56.1,16.3,89.5,0.0,345.0,4.0,3289.0
899,237,250.0,1.0,0.0,92.0,0.0,9,0,4,0,0,0,0,56.1,16.3,89.5,1.0,346.0,5.0,3294.0
900,237,250.0,0.0,0.0,92.0,0.0,9,0,4,0,0,0,0,56.0731,16.3,89.5,0.0,346.0,4.0,3298.0
901,237,250.0,0.0,0.0,92.0,0.0,9,0,4,0,0,0,0,56.0192,16.3,89.5,0.0,346.0,4.0,3302.0
902,237,250.0,0.0,0.0,92.0,0.0,7,0,6,0,0,0,0,56.0192,16.3,89.5,0.0,346.0,6.0,3308.0
903,237,250.0,0.0,0.0,92.0,0.0,8,0,5,0,0,0,0,56.0192,16.3,89.5,1.0,347.0,6.0,3314.0
904,237,250.0,0.0,0.0,92.0,0.0,9,0,4,0,0,0,0,55.9808,16.3,89.5,1.0,348.0,5.0,3319.0
905,239,252.0,2.0,0.0,92.0,0.0,9,0,4,0,0,0,0,55.9154,16.3,89.5,0.0,348.0,4.0,3323.0
906,239,252.0,0.0,0.0,92.0,0.0,9,0,4,0,0,0,0,55.9154,16.3,89.5,1.0,349.0,5.0,3328.0
907,241,254.0,2.0,0.0,92.0,0.0,9,0,4,0,0,0,0,55.8885,16.3,89.5,0.0,349.0,4.0,3332.0
908,241,254.0,0.0,0.0,92.0,0.0,9,0,4,0,0,0,0,55.8346,16.3,89.5,0.0,349.0,4.0,3336.0
909,241,254.0,0.0,0.0,92.0,0.0,7,0,6,0,0,0,0,55.8346,16.3,89.5,0.0,349.0,6.0,3342.0
910,241,254.0,0.0,0.0,92.0,0.0,8,0,5,0,0,0,0,55.8346,16.3,89.5,1.0,350.0,6.0,3348.0
911,241,254.0,0.0,0.0,92.0,0.0,9,0,4,0,0,0,0,55.7962,16.3,89.5,1.0,351.0,5.0,3353.0
912,241,254.0,0.0,0.0,92.0,0.0,9,0,4,0,0,0,0,55.7308,16.3,89.5,0.0,351.0,4.0,3357.0
913,241,254.0,0.0,0.0,92.0,0.0,9,0,4,0,0,0,0,55.7308,16.3,89.5,1.0,352.0,5.0,3362.0
914,241,254.0,0.0,0.0,92.0,0.0,9,0,4,0,0,0,0,55.7038,16.3,89.5,0.0,352.0,4.0,3366.0
915,243,256.0,2.0,0.0,92.0,0.0,9,0,4,0,0,0,0,55.65,16.3,89.5,0.0,352.0,4.0,3370.0
916,243,256.0,0.0,0.0,92.0,0.0,7,0,6,0,0,0,0,55.65,16.3,89.5,0.0,352.0,6.0,3376.0
917,243,256.0,0.0,0.0,92.0,0.0,8,0,5,0,0,0,0,55.65,16.3,89.5,1.0,353.0,6.0,3382.0
918,243,256.0,0.0,0.0,92.0,0.0,9,0,4,0,0,0,0,55.6115,16.3,89.5,1.0,354.0,5.0,3387.0
919,245,258.0,2.0,0.0,92.0,0.0,9,0,4,0,0,0,0,55.5462,16.3,89.5,0.0,354.0,4.0,3391.0
920,245,258.0,0.0,0.0,92.0,0.0,9,0,4,0,0,0,0,55.5462,16.3,89.5,1.0,355.0,5.0,3396.0
921,245,258.0,0.0,0.0,92.0,0.0,9,0,4,0,0,0,0,55.5192,16.3,89.5,0.0,355.0,4.0,3400.0
922,245,258.0,0.0,0.0,92.0,0.0,9,0,4,0,0,0,0,55.4654,16.3,89.5,0.0,355.0,4.0,3404.0
923,246,259.0,1.0,0.0,92.0,0.0,7,0,6,0,0,0,0,55.4654,16.3,89.5,0.0,355.0,6.0,3410.0
924,246,259.0,0.0,0.0,92.0,0.0,8,0,5,0,0,0,0,55.4654,16.3,89.5,1.0,356.0,6.0,3416.0
925,247,260.0,1.0,0.0,92.0,0.0,9,0,4,0,0,0,0,55.4269,16.3,89.5,1.0,357.0,5.0,3421.0
926,247,260.0,0.0,0.0,92.0,0.0,9,0,4,0,0,0,0,55.3615,16.3,89.5,0.0,357.0,4.0,3425.0
927,247,260.0,0.0,0.0,92.0,0.0,9,0,4,0,0,0,0,55.3615,16.3,89.5,1.0,358.0,5.0,3430.0
928,247,260.0,0.0,0.0,92.0,0.0,9,0,4,0,0,0,0,55.3346,16.3,89.5,0.0,358.0,4.0,3434.0
929,247,260.0,0.0,0.0,92.0,0.0,9,0,4,0,0,0,0,55.2808,16.3,89.5,0.0,358.0,4.0,3438.0
930,247,260.0,0.0,0.0,92.0,0.0,7,0,6,0,0,0,0,55.2808,16.3,89.5,0.0,358.0,6.0,3444.0
931,249,262.0,2.0,0.0,92.0,0.0,8,0,5,0,0,0,0,55.2808,16.3,89.5,1.0,359.0,6.0,3450.0
932,249,262.0,0.0,0.0,92.0,0.0,9,0,4,0,0,0,0,55.2423,16.3,89.5,1.0,360.0,5.0,3455.0
933,250,263.0,1.0,0.0,92.0,0.0,9,0,4,0,0,0,0,55.1769,16.3,89.5,0.0,360.0,4.0,3459.0
934,250,263.0,0.0,0.0,92.0,0.0,9,0,4,0,0,0,0,55.1769,16.3,89.5,1.0,361.0,5.0,3464.0
935,251,264.0,1.0,0.0,92.0,0.0,9,0,4,0,0,0,0,55.15,16.3,89.5,0.0,361.0,4.0,3468.0
936,251,264.0,0.0,0.0,92.0,0.0,9,0,4,0,0,0,0,55.0962,16.3,89.5,0.0,361.0,4.0,3472.0
937,251,264.0,0.0,0.0,92.0,0.0,7,0,6,0,0,0,0,55.0962,16.3,89.5,0.0,361.0,6.0,3478.0
938,251,264.0,0.0,0.0,92.0,0.0,8,0,5,0,0,0,0,55.0962,16.3,89.5,1.0,362.0,6.0,3484.0
939,252,265.0,1.0,0.0,92.0,0.0,9,0,4,0,0,0,0,55.0577,16.3,89.5,1.0,363.0,5.0,3489.0
940,252,265.0,0.0,0.0,92.0,0.0,9,0,4,0,0,0,0,54.9923,16.3,89.5,0.0,363.0,4.0,3493.0
941,252,265.0,0.0,0.0,92.0,0.0,9,0,4,0,0,0,0,54.9923,16.3,89.5,1.0,364.0,5.0,3498.0
942,252,265.0,0.0,0.0,92.0,0.0,9,0,4,0,0,0,0,54.9654,16.3,89.5,0.0,364.0,4.0,3502.0
943,253,266.0,1.0,0.0,92.0,0.0,9,0,4,0,0,0,0,54.9115,16.3,89.5,0.0,364.0,4.0,3506.0
944,253,266.0,0.0,0.0,92.0,0.0,7,0,6,0,0,0,0,54.9115,16.3,89.5,0.0,364.0,6.0,3512.0
945,254,267.0,1.0,0.0,92.0,0.0,8,0,5,0,0,0,0,54.9115,16.3,89.5,1.0,365.0,6.0,3518.0
946,254,267.0,0.0,0.0,92.0,0.0,9,0,4,0,0,0,0,54.8731,16.3,89.5,1.0,366.0,5.0,3523.0
947,256,269.0,2.0,0.0,92.0,0.0,9,0,4,0,0,0,0,54.8077,16.3,89.5,0.0,366.0,4.0,3527.0
948,256,269.0,0.0,0.0,92.0,0.0,9,0,4,0,0,0,0,54.8077,16.3,89.5,1.0,367.0,5.0,3532.0
949,256,269.0,0.0,0.0,92.0,0.0,9,0,4,0,0,0,0,54.7808,16.3,89.5,0.0,367.0,4.0,3536.0
950,256,269.0,0.0,0.0,92.0,0.0,9,0,4,0,0,0,0,54.7269,16.3,89.5,0.0,367.0,4.0,3540.0
951,256,269.0,0.0,0.0,92.0,0.0,7,0,6,0,0,0,0,54.7269,16.3,89.5,0.0,367.0,6.0,3546.0
952,256,269.0,0.0,0.0,92.0,0.0,8,0,5,0,0,0,0,54.7269,16.3,89.5,1.0,368.0,6.0,3552.0
953,256,269.0,0.0,0.0,92.0,0.0,9,0,4,0,0,0,0,54.6885,16.3,89.5,1.0,369.0,5.0,3557.0
954,256,269.0,0.0,0.0,92.0,0.0,9,0,4,0,0,0,0,54.6231,16.3,89.5,0.0,369.0,4.0,3561.0
955,259,272.0,3.0,0.0,92.0,0.0,9,0,4,0,0,0,0,54.6231,16.3,89.5,1.0,370.0,5.0,3566.0
956,259,272.0,0.0,0.0,92.0,0.0,9,0,4,0,0,0,0,54.5962,16.3,89.5,0.0,370.0,4.0,3570.0
957,259,272.0,0.0,0.0,92.0,0.0,9,0,4,0,0,0,0,54.5423,16.3,89.5,0.0,370.0,4.0,3574.0
958,259,272.0,0.0,0.0,92.0,0.0,7,0,6,0,0,0,0,54.5423,16.3,89.5,0.0,370.0,6.0,3580.0
959,259,272.0,0.0,0.0,92.0,0.0,8,0,5,0,0,0,0,54.5423,16.3,89.5,1.0,371.0,6.0,3586.0
960,259,272.0,0.0,0.0,92.0,0.0,9,0,4,0,0,0,0,54.5038,16.3,89.5,1.0,372.0,5.0,3591.0
961,260,273.0,1.0,0.0,92.0,0.0,9,0,4,0,0,0,0,54.4385,16.3,89.5,0.0,372.0,4.0,3595.0
962,260,273.0,0.0,0.0,92.0,0.0,9,0,4,0,0,0,0,54.4385,16.3,89.5,1.0,373.0,5.0,3600.0
963,261,274.0,1.0,0.0,92.0,0.0,9,0,4,0,0,0,0,54.4115,16.3,89.5,0.0,373.0,4.0,3604.0
964,261,274.0,0.0,0.0,92.0,0.0,9,0,4,0,0,0,0,54.3577,16.3,89.5,0.0,373.0,4.0,3608.0
965,262,275.0,1.0,0.0,92.0,0.0,7,0,6,0,0,0,0,54.3577,16.3,89.5,0.0,373.0,6.0,3614.0
966,262,275.0,0.0,0.0,92.0,0.0,8,0,5,0,0,0,0,54.3577,16.3,89.5,1.0,374.0,6.0,3620.0
967,263,276.0,1.0,0.0,92.0,0.0,9,0,4,0,0,0,0,54.3192,16.3,89.5,1.0,375.0,5.0,3625.0
968,263,276.0,0.0,0.0,92.0,0.0,9,0,4,0,0,0,0,54.2538,16.3,89.5,0.0,375.0,4.0,3629.0
969,263,276.0,0.0,0.0,92.0,0.0,8,0,4,0,1,0,0,54.2269,16.3,89.5,1.0,376.0,5.0,3634.0
970,263,276.0,0.0,0.0,92.0,0.0,8,0,4,0,1,0,0,54.1731,16.2,89.5,0.0,376.0,4.0,3638.0
971,264,277.0,1.0,0.0,92.0,0.0,8,0,4,0,1,0,0,54.1192,15.85,89.5,0.0,376.0,4.0,3642.0
972,264,277.0,0.0,0.0,92.0,0.0,7,0,5,0,1,0,0,54.0923,15.5,89.5,0.0,376.0,5.0,3647.0
973,264,277.0,0.0,0.0,92.0,0.0,8,0,4,0,1,0,0,54.0654,15.15,89.5,1.0,377.0,5.0,3652.0
974,264,277.0,0.0,0.0,92.0,0.0,8,0,4,0,1,0,0,54.0,14.8,89.5,0.0,377.0,4.0,3656.0
975,266,279.0,2.0,0.0,92.0,0.0,8,0,4,0,1,0,0,53.9346,14.45,89.5,0.0,377.0,4.0,3660.0
976,266,279.0,0.0,0.0,92.0,0.0,8,0,4,0,1,0,0,53.9077,14.1,89.5,1.0,378.0,5.0,3665.0
977,266,279.0,0.0,0.0,92.0,0.0,8,0,4,0,1,0,0,53.8538,13.75,89.5,0.0,378.0,4.0,3669.0
978,266,279.0,0.0,0.0,92.0,0.0,8,0,4,0,1,0,0,53.8,13.4,89.5,0.0,378.0,4.0,3673.0
979,268,281.0,2.0,0.0,92.0,0.0,7,0,5,0,1,0,0,53.7731,13.05,89.5,0.0,378.0,5.0,3678.0
980,268,281.0,0.0,0.0,92.0,0.0,8,0,4,0,1,0,0,53.7462,12.7,89.5,1.0,379.0,5.0,3683.0
981,268,281.0,0.0,0.0,92.0,0.0,8,0,4,0,1,0,0,53.6808,12.35,89.5,0.0,379.0,4.0,3687.0
982,268,281.0,0.0,0.0,92.0,0.0,8,0,4,0,1,0,0,53.6154,12.0,89.5,0.0,379.0,4.0,3691.0
983,268,281.0,0.0,0.0,92.0,0.0,8,0,4,0,1,0,0,53.5885,11.65,89.5,1.0,380.0,5.0,3696.0
984,268,281.0,0.0,0.0,92.0,0.0,8,0,4,0,1,0,0,53.5346,11.3,89.5,0.0,380.0,4.0,3700.0
985,269,282.0,1.0,0.0,92.0,0.0,8,0,4,0,1,0,0,53.4808,10.95,89.5,0.0,380.0,4.0,3704.0
986,269,282.0,0.0,0.0,92.0,0.0,7,0,5,0,1,0,0,53.4538,10.6,89.5,0.0,380.0,5.0,3709.0
987,270,283.0,1.0,0.0,92.0,0.0,8,0,4,0,1,0,0,53.4269,10.25,89.5,1.0,381.0,5.0,3714.0
988,270,283.0,0.0,0.0,92.0,0.0,8,0,4,0,1,0,0,53.3615,9.9,89.5,0.0,381.0,4.0,3718.0
989,271,284.0,1.0,0.0,92.0,0.0,8,0,4,0,1,0,0,53.2962,9.55,89.5,0.0,381.0,4.0,3722.0
990,271,284.0,0.0,0.0,92.0,0.0,8,0,4,0,1,0,0,53.2692,9.2,89.5,1.0,382.0,5.0,3727.0
991,272,285.0,1.0,0.0,92.0,0.0,8,0,4,0,1,0,0,53.2154,8.85,89.5,0.0,382.0,4.0,3731.0
992,272,285.0,0.0,0.0,92.0,0.0,8,0,4,0,1,0,0,53.1615,8.5,89.5,0.0,382.0,4.0,3735.0
993,272,285.0,0.0,0.0,92.0,0.0,7,0,5,0,1,0,0,53.1346,8.15,89.5,0.0,382.0,5.0,3740.0
994,272,285.0,0.0,0.0,92.0,0.0,8,0,4,0,1,0,0,53.1077,7.8,89.5,1.0,383.0,5.0,3745.0
995,274,287.0,2.0,0.0,92.0,0.0,8,0,4,0,1,0,0,53.0423,7.45,89.5,0.0,383.0,4.0,3749.0
996,274,287.0,0.0,0.0,92.0,0.0,8,0,4,0,1,0,0,52.9769,7.1,89.5,0.0,383.0,4.0,3753.0
997,274,287.0,0.0,0.0,92.0,0.0,8,0,4,0,1,0,0,52.95,6.75,89.5,1.0,384.0,5.0,3758.0
998,274,287.0,0.0,0.0,92.0,0.0,8,0,4,0,1,0,0,52.8962,6.4,89.5,0.0,384.0,4.0,3762.0
999,274,287.0,0.0,0.0,92.0,0.0,8,0,4,0,1,0,0,52.8423,6.05,89.5,0.0,384.0,4.0,3766.0
1000,274,287.0,0.0,0.0,92.0,0.0,7,0,5,0,1,0,0,52.8154,5.7,89.5,0.0,384.0,5.0,3771.0
1001,274,287.0,0.0,0.0,92.0,0.0,8,0,4,0,1,0,0,52.7885,5.35,89.5,1.0,385.0,5.0,3776.0
1002,274,287.0,0.0,0.0,92.0,0.0,8,0,4,0,1,0,0,52.7231,5.0,89.5,0.0,385.0,4.0,3780.0
1003,277,290.0,3.0,0.0,92.0,0.0,8,0,4,0,1,0,0,52.6577,4.65,89.5,0.0,385.0,4.0,3784.0
1004,277,290.0,0.0,0.0,92.0,0.0,8,0,4,0,1,0,0,52.6308,4.3,89.5,1.0,386.0,5.0,3789.0
1005,278,291.0,1.0,0.0,92.0,0.0,8,0,4,0,1,0,0,52.5769,3.95,89.5,0.0,386.0,4.0,3793.0
1006,278,291.0,0.0,0.0,92.0,0.0,8,0,4,0,1,0,0,52.5231,3.6,89.5,0.0,386.0,4.0,3797.0
1007,278,291.0,0.0,0.0,92.0,0.0,7,0,5,1,0,0,0,52.4962,3.25,89.5,0.0,386.0,5.0,3802.0
1008,278,291.0,0.0,0.0,92.0,0.0,8,0,4,1,0,0,0,53.2404,12.925,89.5,1.0,387.0,5.0,3807.0
1009,278,291.0,0.0,0.0,92.0,0.0,8,0,4,1,0,0,0,53.9462,16.3,89.5,0.0,387.0,4.0,3811.0
1010,278,291.0,0.0,0.0,92.0,0.0,8,0,4,1,0,0,0,54.6519,16.3,89.5,0.0,387.0,4.0,3815.0
1011,279,292.0,1.0,0.0,92.0,0.0,8,0,4,1,0,0,0,55.3962,16.3,89.5,1.0,388.0,5.0,3820.0
1012,279,292.0,0.0,0.0,92.0,0.0,8,0,4,1,0,0,0,56.1135,16.3,89.5,0.0,388.0,4.0,3824.0
1013,279,292.0,0.0,0.0,92.0,0.0,8,0,4,1,0,0,0,56.8308,16.3,89.5,0.0,388.0,4.0,3828.0
1014,279,292.0,0.0,0.0,92.0,0.0,7,0,5,1,0,0,0,57.575,16.3,89.5,0.0,388.0,5.0,3833.0
1015,281,294.0,2.0,0.0,92.0,0.0,8,0,4,1,0,0,0,58.3192,16.3,89.5,1.0,389.0,5.0,3838.0
1016,281,294.0,0.0,0.0,92.0,0.0,8,0,4,1,0,0,0,59.025,16.3,90.325,0.0,389.0,4.0,3842.0
1017,282,295.0,1.0,0.0,92.0,0.0,9,0,4,0,0,0,0,59.7038,16.3,99.65,0.0,389.0,4.0,3846.0
1018,282,295.0,0.0,0.0,92.0,0.0,9,0,4,0,0,0,0,59.6769,16.3,99.3,1.0,390.0,5.0,3851.0
1019,283,296.0,1.0,0.0,92.0,0.0,9,0,4,0,0,0,0,59.6231,16.3,98.95,0.0,390.0,4.0,3855.0
1020,283,296.0,0.0,0.0,92.0,0.0,9,0,4,0,0,0,0,59.5692,16.3,98.6,0.0,390.0,4.0,3859.0
1021,283,296.0,0.0,0.0,92.0,0.0,8,0,5,0,0,0,0,59.5423,16.3,98.25,0.0,390.0,5.0,3864.0
1022,283,296.0,0.0,0.0,92.0,0.0,9,0,4,0,0,0,0,59.5154,16.3,97.9,1.0,391.0,5.0,3869.0
1023,283,296.0,0.0,0.0,92.0,0.0,9,0,4,0,0,0,0,59.45,16.3,97.55,0.0,391.0,4.0,3873.0
1024,283,296.0,0.0,0.0,92.0,0.0,9,0,4,0,0,0,0,59.3846,16.3,97.2,0.0,391.0,4.0,3877.0
1025,284,297.0,1.0,0.0,92.0,0.0,9,0,4,0,0,0,0,59.3577,16.3,96.85,1.0,392.0,5.0,3882.0
1026,284,297.0,0.0,0.0,92.0,0.0,9,0,4,0,0,0,0,59.3038,16.3,96.5,0.0,392.0,4.0,3886.0
1027,286,299.0,2.0,0.0,92.0,0.0,9,0,4,0,0,0,0,59.25,16.3,96.15,0.0,392.0,4.0,3890.0
1028,286,299.0,0.0,0.0,92.0,0.0,8,0,5,0,0,0,0,59.2231,16.3,95.8,0.0,392.0,5.0,3895.0
1029,286,299.0,0.0,0.0,92.0,0.0,9,0,4,0,0,0,0,59.1962,16.3,95.45,1.0,393.0,5.0,3900.0
1030,286,299.0,0.0,0.0,92.0,0.0,9,0,4,0,0,0,0,59.1308,16.3,95.1,0.0,393.0,4.0,3904.0
1031,287,300.0,1.0,0.0,92.0,0.0,9,0,4,0,0,0,0,59.0654,16.3,94.75,0.0,393.0,4.0,3908.0
1032,287,300.0,0.0,0.0,92.0,0.0,9,0,4,0,0,0,0,59.0385,16.3,94.4,1.0,394.0,5.0,3913.0
1033,287,300.0,0.0,0.0,92.0,0.0,9,0,4,0,0,0,0,58.9846,16.3,94.05,0.0,394.0,4.0,3917.0
1034,287,300.0,0.0,0.0,92.0,0.0,9,0,4,0,0,0,0,58.9308,16.3,93.7,0.0,394.0,4.0,3921.0
1035,289,302.0,2.0,0.0,92.0,0.0,8,0,5,0,0,0,0,58.9038,16.3,93.35,0.0,394.0,5.0,3926.0
1036,289,302.0,0.0,0.0,92.0,0.0,9,0,4,0,0,0,0,58.8769,16.3,93.0,1.0,395.0,5.0,3931.0
1037,289,302.0,0.0,0.0,92.0,0.0,9,0,4,0,0,0,0,58.8115,16.3,92.65,0.0,395.0,4.0,3935.0
1038,289,302.0,0.0,0.0,92.0,0.0,9,0,4,0,0,0,0,58.7462,16.3,92.3,0.0,395.0,4.0,3939.0
1039,290,303.0,1.0,0.0,92.0,0.0,9,0,4,0,0,0,0,58.7192,16.3,91.95,1.0,396.0,5.0,3944.0
1040,290,303.0,0.0,0.0,92.0,0.0,9,0,4,0,0,0,0,58.6654,16.3,91.6,0.0,396.0,4.0,3948.0
1041,290,303.0,0.0,0.0,92.0,0.0,9,0,4,0,0,0,0,58.6115,16.3,91.25,0.0,396.0,4.0,3952.0
1042,290,303.0,0.0,0.0,92.0,0.0,8,0,5,0,0,0,0,58.5846,16.3,90.9,0.0,396.0,5.0,3957.0
1043,291,304.0,1.0,0.0,92.0,0.0,9,0,4,0,0,0,0,58.5577,16.3,90.55,1.0,397.0,5.0,3962.0
1044,291,304.0,0.0,0.0,92.0,0.0,8,0,5,0,0,0,0,58.5192,16.3,90.55,0.0,397.0,5.0,3967.0
1045,293,306.0,2.0,0.0,92.0,0.0,9,0,4,0,0,0,0,58.4808,16.3,90.55,1.0,398.0,5.0,3972.0
1046,293,306.0,0.0,0.0,92.0,0.0,9,0,4,0,0,0,0,58.4538,16.3,90.2,1.0,399.0,5.0,3977.0
1047,293,306.0,0.0,0.0,92.0,0.0,9,0,4,0,0,0,0,58.4269,16.3,90.2,0.0,399.0,4.0,3981.0
1048,293,306.0,0.0,0.0,92.0,0.0,9,0,4,0,0,0,0,58.4,16.3,90.2,0.0,399.0,4.0,3985.0
1049,293,306.0,0.0,0.0,92.0,0.0,8,0,5,0,0,0,0,58.4,16.3,90.2,0.0,399.0,5.0,3990.0
1050,293,306.0,0.0,0.0,92.0,0.0,9,0,4,0,0,0,0,58.4,16.3,90.2,1.0,400.0,5.0,3995.0
1051,295,308.0,2.0,0.0,92.0,0.0,9,0,4,0,0,0,0,58.3615,16.3,90.2,0.0,400.0,4.0,3999.0
1052,295,308.0,0.0,0.0,92.0,0.0,9,0,4,0,0,0,0,58.3231,16.3,90.2,0.0,400.0,4.0,4003.0
1053,295,308.0,0.0,0.0,92.0,0.0,9,0,4,0,0,0,0,58.3231,16.3,90.2,1.0,401.0,5.0,4008.0
1054,295,308.0,0.0,0.0,92.0,0.0,9,0,4,0,0,0,0,58.2962,16.3,90.2,0.0,401.0,4.0,4012.0
1055,296,309.0,1.0,0.0,92.0,0.0,9,0,4,0,0,0,0,58.2692,16.3,90.2,0.0,401.0,4.0,4016.0
1056,296,309.0,0.0,0.0,92.0,0.0,8,0,5,0,0,0,0,58.2692,16.3,90.2,0.0,401.0,5.0,4021.0
1057,296,309.0,0.0,0.0,92.0,0.0,9,0,4,0,0,0,0,58.2692,16.3,90.2,1.0,402.0,5.0,4026.0
1058,296,309.0,0.0,0.0,92.0,0.0,9,0,4,0,0,0,0,58.2308,16.3,90.2,0.0,402.0,4.0,4030.0
1059,298,311.0,2.0,0.0,92.0,0.0,9,0,4,0,0,0,0,58.1923,16.3,90.2,0.0,402.0,4.0,4034.0
1060,298,311.0,0.0,0.0,92.0,0.0,9,0,4,0,0,0,0,58.1923,16.3,90.2,1.0,403.0,5.0,4039.0
1061,298,311.0,0.0,0.0,92.0,0.0,9,0,4,0,0,0,0,58.1654,16.3,90.2,0.0,403.0,4.0,4043.0
1062,298,311.0,0.0,0.0,92.0,0.0,9,0,4,0,0,0,0,58.1385,16.3,90.2,0.0,403.0,4.0,4047.0
1063,299,312.0,1.0,0.0,92.0,0.0,8,0,5,0,0,0,0,58.1385,16.3,90.2,0.0,403.0,5.0,4052.0
1064,299,312.0,0.0,0.0,92.0,0.0,9,0,4,0,0,0,0,58.1385,16.3,90.2,1.0,404.0,5.0,4057.0
1065,300,313.0,1.0,0.0,92.0,0.0,9,0,4,0,0,0,0,58.1,16.3,90.2,0.0,404.0,4.0,4061.0
1066,300,313.0,0.0,0.0,92.0,0.0,9,0,4,0,0,0,0,58.0615,16.3,90.2,0.0,404.0,4.0,4065.0
1067,301,314.0,1.0,0.0,92.0,0.0,9,0,4,0,0,0,0,58.0615,16.3,90.2,1.0,405.0,5.0,4070.0
1068,301,314.0,0.0,0.0,92.0,0.0,9,0,4,0,0,0,0,58.0346,16.3,90.2,0.0,405.0,4.0,4074.0
1069,301,314.0,0.0,0.0,92.0,0.0,9,0,4,0,0,0,0,58.0077,16.3,90.2,0.0,405.0,4.0,4078.0
1070,301,314.0,0.0,0.0,92.0,0.0,8,0,5,0,0,0,0,58.0077,16.3,90.2,0.0,405.0,5.0,4083.0
1071,301,314.0,0.0,0.0,92.0,0.0,9,0,4,0,0,0,0,58.0077,16.3,90.2,1.0,406.0,5.0,4088.0
1072,301,314.0,0.0,0.0,92.0,0.0,9,0,4,0,0,0,0,57.9692,16.3,90.2,0.0,406.0,4.0,4092.0
1073,302,315.0,1.0,0.0,92.0,0.0,9,0,4,0,0,0,0,57.9308,16.3,90.2,0.0,406.0,4.0,4096.0
1074,302,315.0,0.0,0.0,92.0,0.0,9,0,4,0,0,0,0,57.9308,16.3,90.2,1.0,407.0,5.0,4101.0
1075,305,318.0,3.0,0.0,92.0,0.0,9,0,4,0,0,0,0,57.9038,16.3,90.2,0.0,407.0,4.0,4105.0
1076,305,318.0,0.0,0.0,92.0,0.0,9,0,4,0,0,0,0,57.8769,16.3,90.2,0.0,407.0,4.0,4109.0
1077,305,318.0,0.0,0.0,92.0,0.0,8,0,5,0,0,0,0,57.8769,16.3,90.2,0.0,407.0,5.0,4114.0
1078,305,318.0,0.0,0.0,92.0,0.0,9,0,4,0,0,0,0,57.8769,16.3,90.2,1.0,408.0,5.0,4119.0
1079,305,318.0,0.0,0.0,92.0,0.0,9,0,4,0,0,0,0,57.8385,16.3,90.2,0.0,408.0,4.0,4123.0
1080,305,318.0,0.0,0.0,92.0,0.0,9,0,4,0,0,0,0,57.8,16.3,90.2,0.0,408.0,4.0,4127.0
1081,305,318.0,0.0,0.0,92.0,0.0,9,0,4,0,0,0,0,57.8,16.3,90.2,1.0,409.0,5.0,4132.0
1082,305,318.0,0.0,0.0,92.0,0.0,9,0,4,0,0,0,0,57.7731,16.3,90.2,0.0,409.0,4.0,4136.0
1083,306,319.0,1.0,0.0,92.0,0.0,9,0,4,0,0,0,0,57.7462,16.3,90.2,0.0,409.0,4.0,4140.0
1084,306,319.0,0.0,0.0,92.0,0.0,8,0,5,0,0,0,0,57.7462,16.3,90.2,0.0,409.0,5.0,4145.0
1085,307,320.0,1.0,0.0,92.0,0.0,9,0,4,0,0,0,0,57.7462,16.3,90.2,1.0,410.0,5.0,4150.0
1086,307,320.0,0.0,0.0,92.0,0.0,9,0,4,0,0,0,0,57.7077,16.3,90.2,0.0,410.0,4.0,4154.0
1087,309,322.0,2.0,0.0,92.0,0.0,9,0,4,0,0,0,0,57.6692,16.3,90.2,0.0,410.0,4.0,4158.0
1088,309,322.0,0.0,0.0,92.0,0.0,9,0,4,0,0,0,0,57.6692,16.3,90.2,1.0,411.0,5.0,4163.0
1089,309,322.0,0.0,0.0,92.0,0.0,9,0,4,0,0,0,0,57.6423,16.3,90.2,0.0,411.0,4.0,4167.0
1090,309,322.0,0.0,0.0,92.0,0.0,9,0,4,0,0,0,0,57.6154,16.3,90.2,0.0,411.0,4.0,4171.0
1091,310,323.0,1.0,0.0,92.0,0.0,8,0,5,0,0,0,0,57.6154,16.3,90.2,0.0,411.0,5.0,4176.0
1092,310,323.0,0.0,0.0,92.0,0.0,9,0,4,0,0,0,0,57.6154,16.3,90.2,1.0,412.0,5.0,4181.0
1093,310,323.0,0.0,0.0,92.0,0.0,9,0,4,0,0,0,0,57.5769,16.3,90.2,0.0,412.0,4.0,4185.0
1094,310,323.0,0.0,0.0,92.0,0.0,9,0,4,0,0,0,0,57.5385,16.3,90.2,0.0,412.0,4.0,4189.0
1095,311,324.0,1.0,0.0,92.0,0.0,9,0,4,0,0,0,0,57.5385,16.3,90.2,1.0,413.0,5.0,4194.0
1096,311,324.0,0.0,0.0,92.0,0.0,9,0,4,0,0,0,0,57.5115,16.3,90.2,0.0,413.0,4.0,4198.0
1097,311,324.0,0.0,0.0,92.0,0.0,9,0,4,0,0,0,0,57.4846,16.3,90.2,0.0,413.0,4.0,4202.0
1098,311,324.0,0.0,0.0,92.0,0.0,8,0,5,0,0,0,0,57.4846,16.3,90.2,0.0,413.0,5.0,4207.0
1099,313,326.0,2.0,0.0,92.0,0.0,9,0,4,0,0,0,0,57.4846,16.3,90.2,1.0,414.0,5.0,4212.0
1100,313,326.0,0.0,0.0,92.0,0.0,9,0,4,0,0,0,0,57.4462,16.3,90.2,0.0,414.0,4.0,4216.0
1101,314,327.0,1.0,0.0,92.0,0.0,9,0,4,0,0,0,0,57.4077,16.3,90.2,0.0,414.0,4.0,4220.0
1102,314,327.0,0.0,0.0,92.0,0.0,9,0,4,0,0,0,0,57.4077,16.3,90.2,1.0,415.0,5.0,4225.0
1103,314,327.0,0.0,0.0,92.0,0.0,9,0,4,0,0,0,0,57.3808,16.3,90.2,0.0,415.0,4.0,4229.0
1104,314,327.0,0.0,0.0,92.0,0.0,9,0,4,0,0,0,0,57.3538,16.3,90.2,0.0,415.0,4.0,4233.0
1105,315,328.0,1.0,0.0,92.0,0.0,8,0,5,0,0,0,0,57.3538,16.3,90.2,0.0,415.0,5.0,4238.0
1106,315,328.0,0.0,0.0,92.0,0.0,9,0,4,0,0,0,0,57.3538,16.3,90.2,1.0,416.0,5.0,4243.0
1107,316,329.0,1.0,0.0,92.0,0.0,9,0,4,0,0,0,0,57.3154,16.3,90.2,0.0,416.0,4.0,4247.0
1108,316,329.0,0.0,0.0,92.0,0.0,9,0,4,0,0,0,0,57.2769,16.3,90.2,0.0,416.0,4.0,4251.0
1109,316,329.0,0.0,0.0,92.0,0.0,9,0,4,0,0,0,0,57.2769,16.3,90.2,1.0,417.0,5.0,4256.0
1110,316,329.0,0.0,0.0,92.0,0.0,9,0,4,0,0,0,0,57.25,16.3,90.2,0.0,417.0,4.0,4260.0
1111,317,330.0,1.0,0.0,92.0,0.0,9,0,4,0,0,0,0,57.2231,16.3,90.2,0.0,417.0,4.0,4264.0
1112,317,330.0,0.0,0.0,92.0,0.0,8,0,5,0,0,0,0,57.2231,16.3,90.2,0.0,417.0,5.0,4269.0
1113,317,330.0,0.0,0.0,92.0,0.0,9,0,4,0,0,0,0,57.2231,16.3,90.2,1.0,418.0,5.0,4274.0
1114,317,330.0,0.0,0.0,92.0,0.0,9,0,4,0,0,0,0,57.1846,16.3,90.2,0.0,418.0,4.0,4278.0
1115,320,333.0,3.0,0.0,92.0,0.0,9,0,4,0,0,0,0,57.1462,16.3,90.2,0.0,418.0,4.0,4282.0
1116,320,333.0,0.0,0.0,92.0,0.0,9,0,4,0,0,0,0,57.1462,16.3,90.2,1.0,419.0,5.0,4287.0
1117,320,333.0,0.0,0.0,92.0,0.0,9,0,4,0,0,0,0,57.1192,16.3,90.2,0.0,419.0,4.0,4291.0
1118,320,333.0,0.0,0.0,92.0,0.0,9,0,4,0,0,0,0,57.0923,16.3,90.2,0.0,419.0,4.0,4295.0
1119,320,333.0,0.0,0.0,92.0,0.0,8,0,5,0,0,0,0,57.0923,16.3,90.2,0.0,419.0,5.0,4300.0
1120,320,333.0,0.0,0.0,92.0,0.0,9,0,4,0,0,0,0,57.0923,16.3,90.2,1.0,420.0,5.0,4305.0
1121,320,333.0,0.0,0.0,92.0,0.0,9,0,4,0,0,0,0,57.0538,16.3,90.2,0.0,420.0,4.0,4309.0
1122,320,333.0,0.0,0.0,92.0,0.0,9,0,4,0,0,0,0,57.0154,16.3,90.2,0.0,420.0,4.0,4313.0
1123,322,335.0,2.0,0.0,92.0,0.0,9,0,4,0,0,0,0,57.0154,16.3,90.2,1.0,421.0,5.0,4318.0
1124,322,335.0,0.0,0.0,92.0,0.0,9,0,4,0,0,0,0,56.9885,16.3,90.2,0.0,421.0,4.0,4322.0
1125,323,336.0,1.0,0.0,92.0,0.0,9,0,4,0,0,0,0,56.9615,16.3,90.2,0.0,421.0,4.0,4326.0
1126,323,336.0,0.0,0.0,92.0,0.0,8,0,5,0,0,0,0,56.9615,16.3,90.2,0.0,421.0,5.0,4331.0
1127,323,336.0,0.0,0.0,92.0,0.0,9,0,4,0,0,0,0,56.9615,16.3,90.2,1.0,422.0,5.0,4336.0
1128,323,336.0,0.0,0.0,92.0,0.0,9,0,4,0,0,0,0,56.9231,16.3,90.2,0.0,422.0,4.0,4340.0
1129,324,337.0,1.0,0.0,92.0,0.0,9,0,4,0,0,0,0,56.8846,16.3,90.2,0.0,422.0,4.0,4344.0
1130,324,337.0,0.0,0.0,92.0,0.0,9,0,4,0,0,0,0,56.8846,16.3,90.2,1.0,423.0,5.0,4349.0
1131,325,338.0,1.0,0.0,92.0,0.0,9,0,4,0,0,0,0,56.8577,16.3,90.2,0.0,423.0,4.0,4353.0
1132,325,338.0,0.0,0.0,92.0,0.0,9,0,4,0,0,0,0,56.8308,16.3,90.2,0.0,423.0,4.0,4357.0
1133,325,338.0,0.0,0.0,92.0,0.0,8,0,5,0,0,0,0,56.8308,16.3,90.2,0.0,423.0,5.0,4362.0
1134,325,338.0,0.0,0.0,92.0,0.0,9,0,4,0,0,0,0,56.8308,16.3,90.2,1.0,424.0,5.0,4367.0
1135,327,340.0,2.0,0.0,92.0,0.0,9,0,4,0,0,0,0,56.7923,16.3,90.2,0.0,424.0,4.0,4371.0
1136,327,340.0,0.0,0.0,92.0,0.0,9,0,4,0,0,0,0,56.7538,16.3,90.2,0.0,424.0,4.0,4375.0
1137,327,340.0,0.0,0.0,92.0,0.0,9,0,4,0,0,0,0,56.7538,16.3,90.2,1.0,425.0,5.0,4380.0
1138,327,340.0,0.0,0.0,92.0,0.0,9,0,4,0,0,0,0,56.7269,16.3,90.2,0.0,425.0,4.0,4384.0
1139,328,341.0,1.0,0.0,92.0,0.0,9,0,4,0,0,0,0,56.7,16.3,90.2,0.0,425.0,4.0,4388.0
1140,328,341.0,0.0,0.0,92.0,0.0,8,0,5,0,0,0,0,56.7,16.3,90.2,0.0,425.0,5.0,4393.0
1141,328,341.0,0.0,0.0,92.0,0.0,9,0,4,0,0,0,0,56.7,16.3,90.2,1.0,426.0,5.0,4398.0
1142,328,341.0,0.0,0.0,92.0,0.0,9,0,4,0,0,0,0,56.6615,16.3,90.2,0.0,426.0,4.0,4402.0
1143,329,342.0,1.0,0.0,92.0,0.0,9,0,4,0,0,0,0,56.6231,16.3,90.2,0.0,426.0,4.0,4406.0
1144,329,342.0,0.0,0.0,92.0,0.0,9,0,4,0,0,0,0,56.6231,16.3,90.2,1.0,427.0,5.0,4411.0
1145,330,343.0,1.0,0.0,92.0,0.0,9,0,4,0,0,0,0,56.5962,16.3,90.2,0.0,427.0,4.0,4415.0
1146,330,343.0,0.0,0.0,92.0,0.0,9,0,4,0,0,0,0,56.5692,16.3,90.2,0.0,427.0,4.0,4419.0
1147,332,345.0,2.0,0.0,92.0,0.0,8,0,5,0,0,0,0,56.5692,16.3,90.2,0.0,427.0,5.0,4424.0
1148,332,345.0,0.0,0.0,92.0,0.0,9,0,4,0,0,0,0,56.5692,16.3,90.2,1.0,428.0,5.0,4429.0
1149,332,345.0,0.0,0.0,92.0,0.0,9,0,4,0,0,0,0,56.5308,16.3,90.2,0.0,428.0,4.0,4433.0
1150,332,345.0,0.0,0.0,92.0,0.0,9,0,4,0,0,0,0,56.4923,16.3,90.2,0.0,428.0,4.0,4437.0
1151,332,345.0,0.0,0.0,92.0,0.0,9,0,4,0,0,0,0,56.4923,16.3,90.2,1.0,429.0,5.0,4442.0
1152,332,345.0,0.0,0.0,92.0,0.0,9,0,4,0,0,0,0,56.4654,16.0,90.2,0.0,429.0,4.0,4446.0
1153,332,345.0,0.0,0.0,92.0,0.0,9,0,4,0,0,0,0,56.4385,15.65,90.2,0.0,429.0,4.0,4450.0
1154,332,345.0,0.0,0.0,92.0,0.0,8,0,5,0,0,0,0,56.4385,15.65,90.2,0.0,429.0,5.0,4455.0
1155,334,347.0,2.0,0.0,92.0,0.0,9,0,4,0,0,0,0,56.4385,15.65,90.2,1.0,430.0,5.0,4460.0
1156,334,347.0,0.0,0.0,92.0,0.0,9,0,4,0,0,0,0,56.4,15.65,90.2,0.0,430.0,4.0,4464.0
1157,335,348.0,1.0,0.0,92.0,0.0,9,0,4,0,0,0,0,56.3615,15.65,90.2,0.0,430.0,4.0,4468.0
1158,335,348.0,0.0,0.0,92.0,0.0,9,0,4,0,0,0,0,56.3615,15.65,90.2,1.0,431.0,5.0,4473.0
1159,336,349.0,1.0,0.0,92.0,0.0,9,0,4,0,0,0,0,56.3346,15.3,90.2,0.0,431.0,4.0,4477.0
1160,336,349.0,0.0,0.0,92.0,0.0,8,0,4,0,1,0,0,56.3077,14.95,90.2,0.0,431.0,4.0,4481.0
1161,336,349.0,0.0,0.0,92.0,0.0,8,0,4,0,1,0,0,56.2808,14.6,90.2,0.0,431.0,4.0,4485.0
1162,336,349.0,0.0,0.0,92.0,0.0,10,0,2,0,1,0,0,56.2538,14.25,90.2,2.0,433.0,4.0,4489.0
1163,337,350.0,1.0,0.0,92.0,0.0,10,0,2,0,1,0,0,56.1615,13.9,90.2,0.0,433.0,2.0,4491.0
1164,337,350.0,0.0,0.0,92.0,0.0,10,0,2,0,1,0,0,56.0692,13.55,90.2,0.0,433.0,2.0,4493.0
1165,338,351.0,1.0,0.0,92.0,0.0,8,0,4,0,1,0,0,55.9615,13.2,89.85,0.0,433.0,4.0,4497.0
1166,338,351.0,0.0,0.0,92.0,0.0,7,0,5,0,1,0,0,55.8808,12.85,89.5,0.0,433.0,5.0,4502.0
1167,338,351.0,0.0,0.0,92.0,0.0,8,0,4,0,1,0,0,55.8,12.5,89.15,1.0,434.0,5.0,4507.0
1168,338,351.0,0.0,0.0,92.0,0.0,7,0,6,0,0,0,0,55.7462,12.5,88.8,0.0,434.0,6.0,4513.0
1169,338,351.0,0.0,0.0,92.0,0.0,9,0,4,0,0,0,0,55.6923,12.5,88.45,2.0,436.0,6.0,4519.0
1170,338,351.0,0.0,0.0,92.0,0.0,8,0,4,0,1,0,0,55.5731,12.15,88.1,0.0,436.0,4.0,4523.0
1171,341,354.0,3.0,0.0,92.0,0.0,8,0,5,0,0,0,0,55.5077,12.15,88.1,0.0,436.0,5.0,4528.0
1172,341,354.0,0.0,0.0,92.0,0.0,7,0,5,0,1,0,0,55.4808,12.15,88.1,1.0,437.0,6.0,4534.0
1173,341,354.0,0.0,0.0,92.0,0.0,7,0,5,0,1,0,0,55.4269,11.8,88.1,0.0,437.0,5.0,4539.0
1174,341,354.0,0.0,0.0,92.0,0.0,8,0,4,0,1,0,0,55.3731,11.45,88.1,1.0,438.0,5.0,4544.0
1175,342,355.0,1.0,0.0,92.0,0.0,8,0,4,0,1,0,0,55.2923,11.1,88.1,0.0,438.0,4.0,4548.0
1176,342,355.0,0.0,0.0,92.0,0.0,8,0,4,0,1,0,0,55.2654,10.75,88.1,1.0,439.0,5.0,4553.0
1177,342,355.0,0.0,0.0,92.0,0.0,9,0,3,0,1,0,0,55.2,10.4,88.1,1.0,440.0,4.0,4557.0
1178,342,355.0,0.0,0.0,92.0,0.0,9,0,3,0,1,0,0,55.1077,10.05,88.1,0.0,440.0,3.0,4560.0
1179,343,356.0,1.0,0.0,92.0,0.0,8,0,4,0,1,0,0,55.0538,9.7,88.1,0.0,440.0,4.0,4564.0
1180,343,356.0,0.0,0.0,92.0,0.0,7,0,5,0,1,0,0,55.0269,9.35,88.1,0.0,440.0,5.0,4569.0
1181,343,356.0,0.0,0.0,92.0,0.0,7,0,5,0,1,0,0,55.0,9.0,88.1,0.0,440.0,5.0,4574.0
1182,343,356.0,0.0,0.0,92.0,0.0,7,0,5,0,1,0,0,54.9731,8.65,88.1,0.0,440.0,5.0,4579.0
1183,344,357.0,1.0,0.0,92.0,0.0,8,0,4,0,1,0,0,54.9462,8.3,88.1,1.0,441.0,5.0,4584.0
1184,344,357.0,0.0,0.0,92.0,0.0,9,0,3,0,1,0,0,54.8808,7.95,88.1,1.0,442.0,4.0,4588.0
1185,346,359.0,2.0,0.0,92.0,0.0,9,0,3,0,1,0,0,54.7885,7.6,88.1,0.0,442.0,3.0,4591.0
1186,346,359.0,0.0,0.0,92.0,0.0,8,0,4,0,1,0,0,54.7346,7.25,88.1,0.0,442.0,4.0,4595.0
1187,347,360.0,1.0,0.0,92.0,0.0,7,0,5,0,1,0,0,54.7077,6.9,88.1,0.0,442.0,5.0,4600.0
1188,347,360.0,0.0,0.0,92.0,0.0,7,0,5,0,1,0,0,54.6808,6.55,88.1,0.0,442.0,5.0,4605.0
1189,347,360.0,0.0,0.0,92.0,0.0,7,0,5,0,1,0,0,54.6538,6.2,88.1,0.0,442.0,5.0,4610.0
1190,347,360.0,0.0,0.0,92.0,0.0,8,0,4,0,1,0,0,54.6269,5.85,88.1,1.0,443.0,5.0,4615.0
1191,347,360.0,0.0,0.0,92.0,0.0,9,0,3,0,1,0,0,54.5615,5.5,88.1,1.0,444.0,4.0,4619.0
1192,347,360.0,0.0,0.0,92.0,0.0,9,0,3,0,1,0,0,54.4692,5.15,88.1,0.0,444.0,3.0,4622.0
1193,347,360.0,0.0,0.0,92.0,0.0,8,0,4,0,1,0,0,54.4154,4.8,88.1,0.0,444.0,4.0,4626.0
1194,347,360.0,0.0,0.0,92.0,0.0,7,0,5,0,1,0,0,54.3885,4.45,88.1,0.0,444.0,5.0,4631.0
1195,350,363.0,3.0,0.0,92.0,0.0,7,0,5,0,1,0,0,54.3615,4.1,88.1,0.0,444.0,5.0,4636.0
1196,350,363.0,0.0,0.0,92.0,0.0,7,0,5,0,1,0,0,54.3346,3.75,88.1,0.0,444.0,5.0,4641.0
1197,350,363.0,0.0,0.0,92.0,0.0,8,0,4,0,1,0,0,54.3077,3.4,88.1,1.0,445.0,5.0,4646.0
1198,350,363.0,0.0,0.0,92.0,0.0,9,0,3,0,1,0,0,54.2423,3.05,88.1,1.0,446.0,4.0,4650.0
1199,351,364.0,1.0,0.0,92.0,0.0,9,0,3,0,1,0,0,54.15,2.7,88.1,0.0,446.0,3.0,4653.0
1200,351,364.0,0.0,0.0,92.0,0.0,8,0,4,0,1,0,0,54.0962,2.35,88.1,0.0,446.0,4.0,4657.0
1201,351,364.0,0.0,0.0,92.0,0.0,7,0,5,1,0,0,0,54.0692,2.0,88.1,0.0,446.0,5.0,4662.0
1202,351,364.0,0.0,0.0,92.0,0.0,7,0,5,1,0,0,0,54.8231,11.8,88.1,0.0,446.0,5.0,4667.0
1203,352,365.0,1.0,0.0,92.0,0.0,7,0,5,1,0,0,0,55.5769,16.3,88.1,0.0,446.0,5.0,4672.0
1204,352,365.0,0.0,0.0,92.0,0.0,8,0,4,1,0,0,0,56.3308,16.3,88.1,1.0,447.0,5.0,4677.0
1205,353,366.0,1.0,0.0,92.0,0.0,9,0,3,1,0,0,0,57.0462,16.3,88.1,1.0,448.0,4.0,4681.0
1206,353,366.0,0.0,0.0,92.0,0.0,9,0,3,1,0,0,0,57.7346,16.3,88.1,0.0,448.0,3.0,4684.0
1207,354,367.0,1.0,0.0,92.0,0.0,8,0,4,1,0,0,0,58.4615,16.3,88.1,0.0,448.0,4.0,4688.0
1208,354,367.0,0.0,0.0,92.0,0.0,7,0,5,1,0,0,0,59.2154,16.3,88.1,0.0,448.0,5.0,4693.0
1209,354,367.0,0.0,0.0,92.0,0.0,7,0,5,1,0,0,0,59.9692,16.3,88.1,0.0,448.0,5.0,4698.0
1210,354,367.0,0.0,0.0,92.0,0.0,7,0,5,1,0,0,0,60.7231,16.3,90.2,0.0,448.0,5.0,4703.0
1211,355,368.0,1.0,0.0,92.0,0.0,9,0,4,0,0,0,0,61.45,16.3,99.65,1.0,449.0,5.0,4708.0
1212,355,368.0,0.0,0.0,92.0,0.0,10,0,3,0,0,0,0,61.3846,16.3,99.3,1.0,450.0,4.0,4712.0
1213,356,369.0,1.0,0.0,92.0,0.0,10,0,3,0,0,0,0,61.2923,16.3,98.95,0.0,450.0,3.0,4715.0
1214,356,369.0,0.0,0.0,92.0,0.0,9,0,4,0,0,0,0,61.2385,16.3,98.6,0.0,450.0,4.0,4719.0
1215,357,370.0,1.0,0.0,92.0,0.0,8,0,5,0,0,0,0,61.2115,16.3,98.25,0.0,450.0,5.0,4724.0
1216,357,370.0,0.0,0.0,92.0,0.0,8,0,5,0,0,0,0,61.1846,16.3,97.9,0.0,450.0,5.0,4729.0
1217,357,370.0,0.0,0.0,92.0,0.0,8,0,5,0,0,0,0,61.1577,16.3,97.55,0.0,450.0,5.0,4734.0
1218,357,370.0,0.0,0.0,92.0,0.0,9,0,4,0,0,0,0,61.1308,16.3,97.2,1.0,451.0,5.0,4739.0
1219,359,372.0,2.0,0.0,92.0,0.0,10,0,3,0,0,0,0,61.0654,16.3,96.85,1.0,452.0,4.0,4743.0
1220,359,372.0,0.0,0.0,92.0,0.0,10,0,3,0,0,0,0,60.9731,16.3,96.5,0.0,452.0,3.0,4746.0
1221,359,372.0,0.0,0.0,92.0,0.0,9,0,4,0,0,0,0,60.9192,16.3,96.15,0.0,452.0,4.0,4750.0
1222,359,372.0,0.0,0.0,92.0,0.0,8,0,5,0,0,0,0,60.8923,16.3,95.8,0.0,452.0,5.0,4755.0
1223,359,372.0,0.0,0.0,92.0,0.0,8,0,5,0,0,0,0,60.8654,16.3,95.45,0.0,452.0,5.0,4760.0
1224,359,372.0,0.0,0.0,92.0,0.0,8,0,5,0,0,0,0,60.8385,16.3,95.1,0.0,452.0,5.0,4765.0
1225,360,373.0,1.0,0.0,92.0,0.0,9,0,4,0,0,0,0,60.8115,16.3,94.75,1.0,453.0,5.0,4770.0
1226,360,373.0,0.0,0.0,92.0,0.0,10,0,3,0,0,0,0,60.7462,16.3,94.4,1.0,454.0,4.0,4774.0
1227,362,375.0,2.0,0.0,92.0,0.0,10,0,3,0,0,0,0,60.6538,16.3,94.05,0.0,454.0,3.0,4777.0
1228,362,375.0,0.0,0.0,92.0,0.0,9,0,4,0,0,0,0,60.6,16.3,93.7,0.0,454.0,4.0,4781.0
1229,362,375.0,0.0,0.0,92.0,0.0,8,0,5,0,0,0,0,60.5731,16.3,93.35,0.0,454.0,5.0,4786.0
1230,362,375.0,0.0,0.0,92.0,0.0,8,0,5,0,0,0,0,60.5462,16.3,93.0,0.0,454.0,5.0,4791.0
1231,363,376.0,1.0,0.0,92.0,0.0,8,0,5,0,0,0,0,60.5192,16.3,92.65,0.0,454.0,5.0,4796.0
1232,363,376.0,0.0,0.0,92.0,0.0,9,0,4,0,0,0,0,60.4923,16.3,92.3,1.0,455.0,5.0,4801.0
1233,363,376.0,0.0,0.0,92.0,0.0,10,0,3,0,0,0,0,60.4269,16.3,91.95,1.0,456.0,4.0,4805.0
1234,363,376.0,0.0,0.0,92.0,0.0,10,0,3,0,0,0,0,60.3346,16.3,91.6,0.0,456.0,3.0,4808.0
1235,365,378.0,2.0,0.0,92.0,0.0,9,0,4,0,0,0,0,60.2808,16.3,91.25,0.0,456.0,4.0,4812.0
1236,365,378.0,0.0,0.0,92.0,0.0,8,0,5,0,0,0,0,60.2538,16.3,90.9,0.0,456.0,5.0,4817.0
1237,365,378.0,0.0,0.0,92.0,0.0,8,0,5,0,0,0,0,60.2269,16.3,90.55,0.0,456.0,5.0,4822.0
1238,365,378.0,0.0,0.0,92.0,0.0,8,0,5,0,0,0,0,60.2,16.3,90.2,0.0,456.0,5.0,4827.0
1239,365,378.0,0.0,0.0,92.0,0.0,9,0,4,0,0,0,0,60.1731,16.3,89.85,1.0,457.0,5.0,4832.0
1240,365,378.0,0.0,0.0,92.0,0.0,10,0,3,0,0,0,0,60.1077,16.3,89.5,1.0,458.0,4.0,4836.0
1241,366,379.0,1.0,0.0,92.0,0.0,9,0,4,0,0,0,0,60.0808,16.3,89.5,0.0,458.0,4.0,4840.0
1242,366,379.0,0.0,0.0,92.0,0.0,10,0,3,0,0,0,0,60.0538,16.3,89.5,1.0,459.0,4.0,4844.0
1243,368,381.0,2.0,0.0,92.0,0.0,10,0,3,0,0,0,0,60.0269,16.3,89.15,1.0,460.0,4.0,4848.0
1244,368,381.0,0.0,0.0,92.0,0.0,9,0,3,0,1,0,0,60.0,15.95,89.15,0.0,460.0,3.0,4851.0
1245,369,382.0,1.0,0.0,92.0,0.0,9,0,4,0,0,0,0,60.0,15.95,89.15,0.0,460.0,4.0,4855.0
1246,369,382.0,0.0,0.0,92.0,0.0,9,0,3,0,1,0,0,60.0,15.95,89.15,1.0,461.0,4.0,4859.0
1247,369,382.0,0.0,0.0,92.0,0.0,10,0,2,0,1,0,0,59.9731,15.6,89.15,1.0,462.0,3.0,4862.0
1248,369,382.0,0.0,0.0,92.0,0.0,10,0,2,0,1,0,0,59.9077,15.6,89.15,0.0,462.0,2.0,4864.0
1249,369,382.0,0.0,0.0,92.0,0.0,9,0,3,0,1,0,0,59.8808,15.6,89.15,0.0,462.0,3.0,4867.0
1250,369,382.0,0.0,0.0,92.0,0.0,9,0,3,0,1,0,0,59.8808,15.6,89.15,1.0,463.0,4.0,4871.0
1251,370,383.0,1.0,0.0,92.0,0.0,9,0,3,0,1,0,0,59.8423,15.6,89.15,0.0,463.0,3.0,4874.0
1252,370,383.0,0.0,0.0,92.0,0.0,9,0,3,0,1,0,0,59.8038,15.6,89.15,0.0,463.0,3.0,4877.0
1253,370,383.0,0.0,0.0,92.0,0.0,8,0,4,0,1,0,0,59.8038,15.6,89.15,0.0,463.0,4.0,4881.0
1254,370,383.0,0.0,0.0,92.0,0.0,9,0,3,0,1,0,0,59.8038,15.6,89.15,1.0,464.0,4.0,4885.0
1255,373,386.0,3.0,0.0,92.0,0.0,9,0,3,0,1,0,0,59.7769,15.6,89.15,0.0,464.0,3.0,4888.0
1256,373,386.0,0.0,0.0,92.0,0.0,9,0,3,0,1,0,0,59.75,15.6,89.15,0.0,464.0,3.0,4891.0
1257,373,386.0,0.0,0.0,92.0,0.0,9,0,3,0,1,0,0,59.75,15.6,89.15,1.0,465.0,4.0,4895.0
1258,373,386.0,0.0,0.0,92.0,0.0,9,0,3,0,1,0,0,59.7115,15.6,89.15,0.0,465.0,3.0,4898.0
1259,374,387.0,1.0,0.0,92.0,0.0,9,0,3,0,1,0,0,59.6731,15.6,89.15,0.0,465.0,3.0,4901.0
1260,374,387.0,0.0,0.0,92.0,0.0,8,0,4,0,1,0,0,59.6731,15.6,89.15,0.0,465.0,4.0,4905.0
1261,374,387.0,0.0,0.0,92.0,0.0,9,0,3,0,1,0,0,59.6731,15.6,89.15,1.0,466.0,4.0,4909.0
1262,374,387.0,0.0,0.0,92.0,0.0,9,0,3,0,1,0,0,59.6462,15.6,89.15,0.0,466.0,3.0,4912.0
1263,374,387.0,0.0,0.0,92.0,0.0,9,0,3,0,1,0,0,59.6192,15.6,89.15,0.0,466.0,3.0,4915.0
1264,374,387.0,0.0,0.0,92.0,0.0,9,0,3,0,1,0,0,59.6192,15.6,89.15,1.0,467.0,4.0,4919.0
1265,375,388.0,1.0,0.0,92.0,0.0,9,0,3,0,1,0,0,59.5808,15.6,89.15,0.0,467.0,3.0,4922.0
1266,375,388.0,0.0,0.0,92.0,0.0,9,0,3,0,1,0,0,59.5423,15.6,89.15,0.0,467.0,3.0,4925.0
1267,377,390.0,2.0,0.0,92.0,0.0,8,0,4,0,1,0,0,59.5423,15.6,89.15,0.0,467.0,4.0,4929.0
1268,377,390.0,0.0,0.0,92.0,0.0,9,0,3,0,1,0,0,59.5423,15.6,89.15,1.0,468.0,4.0,4933.0
1269,378,391.0,1.0,0.0,92.0,0.0,9,0,3,0,1,0,0,59.5154,15.6,89.15,0.0,468.0,3.0,4936.0
1270,378,391.0,0.0,0.0,92.0,0.0,9,0,3,0,1,0,0,59.4885,15.6,89.15,0.0,468.0,3.0,4939.0
1271,378,391.0,0.0,0.0,92.0,0.0,9,0,3,0,1,0,0,59.4885,15.6,89.15,1.0,469.0,4.0,4943.0
1272,378,391.0,0.0,0.0,92.0,0.0,9,0,3,0,1,0,0,59.45,15.6,89.15,0.0,469.0,3.0,4946.0
1273,378,391.0,0.0,0.0,92.0,0.0,9,0,3,0,1,0,0,59.4115,15.6,89.15,0.0,469.0,3.0,4949.0
1274,378,391.0,0.0,0.0,92.0,0.0,8,0,4,0,1,0,0,59.4115,15.6,89.15,0.0,469.0,4.0,4953.0
1275,380,393.0,2.0,0.0,92.0,0.0,9,0,3,0,1,0,0,59.4115,15.6,89.15,1.0,470.0,4.0,4957.0
1276,380,393.0,0.0,0.0,92.0,0.0,9,0,3,0,1,0,0,59.3846,15.6,89.15,0.0,470.0,3.0,4960.0
1277,380,393.0,0.0,0.0,92.0,0.0,9,0,3,0,1,0,0,59.3577,15.6,89.15,0.0,470.0,3.0,4963.0
1278,380,393.0,0.0,0.0,92.0,0.0,9,0,3,0,1,0,0,59.3577,15.6,89.15,1.0,471.0,4.0,4967.0
1279,381,394.0,1.0,0.0,92.0,0.0,9,0,3,0,1,0,0,59.3192,15.6,89.15,0.0,471.0,3.0,4970.0
1280,381,394.0,0.0,0.0,92.0,0.0,9,0,3,0,1,0,0,59.2808,15.6,89.15,0.0,471.0,3.0,4973.0
1281,381,394.0,0.0,0.0,92.0,0.0,8,0,4,0,1,0,0,59.2808,15.6,89.15,0.0,471.0,4.0,4977.0
1282,381,394.0,0.0,0.0,92.0,0.0,9,0,3,0,1,0,0,59.2808,15.6,89.15,1.0,472.0,4.0,4981.0
1283,383,396.0,2.0,0.0,92.0,0.0,9,0,3,0,1,0,0,59.2538,15.6,89.15,0.0,472.0,3.0,4984.0
1284,383,396.0,0.0,0.0,92.0,0.0,9,0,3,0,1,0,0,59.2269,15.6,89.15,0.0,472.0,3.0,4987.0
1285,384,397.0,1.0,0.0,92.0,0.0,9,0,3,0,1,0,0,59.2269,15.6,89.15,1.0,473.0,4.0,4991.0
1286,384,397.0,0.0,0.0,92.0,0.0,9,0,3,0,1,0,0,59.1885,15.6,89.15,0.0,473.0,3.0,4994.0
1287,384,397.0,0.0,0.0,92.0,0.0,9,0,3,0,1,0,0,59.15,15.6,89.15,0.0,473.0,3.0,4997.0
1288,384,397.0,0.0,0.0,92.0,0.0,8,0,4,0,1,0,0,59.15,15.6,89.15,0.0,473.0,4.0,5001.0
1289,384,397.0,0.0,0.0,92.0,0.0,9,0,3,0,1,0,0,59.15,15.6,89.15,1.0,474.0,4.0,5005.0
1290,384,397.0,0.0,0.0,92.0,0.0,9,0,3,0,1,0,0,59.1231,15.6,89.15,0.0,474.0,3.0,5008.0
1291,386,399.0,2.0,0.0,92.0,0.0,9,0,3,0,1,0,0,59.0962,15.6,89.15,0.0,474.0,3.0,5011.0
1292,386,399.0,0.0,0.0,92.0,0.0,9,0,3,0,1,0,0,59.0962,15.6,89.15,1.0,475.0,4.0,5015.0
1293,386,399.0,0.0,0.0,92.0,0.0,9,0,3,0,1,0,0,59.0577,15.6,89.15,0.0,475.0,3.0,5018.0
1294,386,399.0,0.0,0.0,92.0,0.0,9,0,3,0,1,0,0,59.0192,15.6,89.15,0.0,475.0,3.0,5021.0
1295,387,400.0,1.0,0.0,92.0,0.0,8,0,4,0,1,0,0,59.0192,15.6,89.15,0.0,475.0,4.0,5025.0
1296,387,400.0,0.0,0.0,92.0,0.0,9,0,3,0,1,0,0,59.0192,15.6,89.15,1.0,476.0,4.0,5029.0
1297,388,401.0,1.0,0.0,92.0,0.0,9,0,3,0,1,0,0,58.9923,15.6,89.15,0.0,476.0,3.0,5032.0
1298,388,401.0,0.0,0.0,92.0,0.0,9,0,3,0,1,0,0,58.9654,15.6,89.15,0.0,476.0,3.0,5035.0
1299,389,402.0,1.0,0.0,92.0,0.0,9,0,3,0,1,0,0,58.9654,15.6,89.15,1.0,477.0,4.0,5039.0
1300,389,402.0,0.0,0.0,92.0,0.0,9,0,3,0,1,0,0,58.9269,15.6,89.15,0.0,477.0,3.0,5042.0
1301,389,402.0,0.0,0.0,92.0,0.0,9,0,3,0,1,0,0,58.8885,15.6,89.15,0.0,477.0,3.0,5045.0
1302,389,402.0,0.0,0.0,92.0,0.0,8,0,4,0,1,0,0,58.8885,15.6,89.15,0.0,477.0,4.0,5049.0
1303,390,403.0,1.0,0.0,92.0,0.0,9,0,3,0,1,0,0,58.8885,15.6,89.15,1.0,478.0,4.0,5053.0
1304,390,403.0,0.0,0.0,92.0,0.0,9,0,3,0,1,0,0,58.8615,15.6,89.15,0.0,478.0,3.0,5056.0
1305,391,404.0,1.0,0.0,92.0,0.0,9,0,3,0,1,0,0,58.8346,15.6,89.15,0.0,478.0,3.0,5059.0
1306,391,404.0,0.0,0.0,92.0,0.0,9,0,3,0,1,0,0,58.8346,15.6,89.15,1.0,479.0,4.0,5063.0
1307,392,405.0,1.0,0.0,92.0,0.0,9,0,3,0,1,0,0,58.7962,15.6,89.15,0.0,479.0,3.0,5066.0
1308,392,405.0,0.0,0.0,92.0,0.0,9,0,3,0,1,0,0,58.7577,15.6,89.15,0.0,479.0,3.0,5069.0
1309,392,405.0,0.0,0.0,92.0,0.0,8,0,4,0,1,0,0,58.7577,15.6,89.15,0.0,479.0,4.0,5073.0
1310,392,405.0,0.0,0.0,92.0,0.0,9,0,3,0,1,0,0,58.7577,15.6,89.15,1.0,480.0,4.0,5077.0
1311,393,406.0,1.0,0.0,92.0,0.0,9,0,3,0,1,0,0,58.7308,15.6,89.15,0.0,480.0,3.0,5080.0
1312,393,406.0,0.0,0.0,92.0,0.0,9,0,3,0,1,0,0,58.7038,15.6,89.15,0.0,480.0,3.0,5083.0
1313,393,406.0,0.0,0.0,92.0,0.0,9,0,3,0,1,0,0,58.7038,15.6,89.15,1.0,481.0,4.0,5087.0
1314,393,406.0,0.0,0.0,92.0,0.0,9,0,3,0,1,0,0,58.6654,15.6,89.15,0.0,481.0,3.0,5090.0
1315,396,409.0,3.0,0.0,92.0,0.0,9,0,3,0,1,0,0,58.6269,15.6,89.15,0.0,481.0,3.0,5093.0
1316,396,409.0,0.0,0.0,92.0,0.0,8,0,4,0,1,0,0,58.6269,15.6,89.15,0.0,481.0,4.0,5097.0
1317,396,409.0,0.0,0.0,92.0,0.0,9,0,3,0,1,0,0,58.6269,15.6,89.15,1.0,482.0,4.0,5101.0
1318,396,409.0,0.0,0.0,92.0,0.0,9,0,3,0,1,0,0,58.6,15.6,89.15,0.0,482.0,3.0,5104.0
1319,396,409.0,0.0,0.0,92.0,0.0,9,0,3,0,1,0,0,58.5731,15.6,89.15,0.0,482.0,3.0,5107.0
1320,396,409.0,0.0,0.0,92.0,0.0,9,0,3,0,1,0,0,58.5731,15.6,89.15,1.0,483.0,4.0,5111.0
1321,396,409.0,0.0,0.0,92.0,0.0,9,0,3,0,1,0,0,58.5346,15.6,89.15,0.0,483.0,3.0,5114.0
1322,396,409.0,0.0,0.0,92.0,0.0,9,0,3,0,1,0,0,58.4962,15.6,89.15,0.0,483.0,3.0,5117.0
1323,397,410.0,1.0,0.0,92.0,0.0,8,0,4,0,1,0,0,58.4962,15.6,89.15,0.0,483.0,4.0,5121.0
1324,397,410.0,0.0,0.0,92.0,0.0,9,0,3,0,1,0,0,58.4962,15.6,89.15,1.0,484.0,4.0,5125.0
1325,399,412.0,2.0,0.0,92.0,0.0,9,0,3,0,1,0,0,58.4692,15.6,89.15,0.0,484.0,3.0,5128.0
1326,399,412.0,0.0,0.0,92.0,0.0,9,0,3,0,1,0,0,58.4423,15.6,89.15,0.0,484.0,3.0,5131.0
1327,400,413.0,1.0,0.0,92.0,0.0,9,0,3,0,1,0,0,58.4423,15.6,89.15,1.0,485.0,4.0,5135.0
1328,400,413.0,0.0,0.0,92.0,0.0,9,0,3,0,1,0,0,58.4038,15.6,89.15,0.0,485.0,3.0,5138.0
1329,400,413.0,0.0,0.0,92.0,0.0,9,0,3,0,1,0,0,58.3654,15.6,89.15,0.0,485.0,3.0,5141.0
1330,400,413.0,0.0,0.0,92.0,0.0,8,0,4,0,1,0,0,58.3654,15.6,89.15,0.0,485.0,4.0,5145.0
1331,401,414.0,1.0,0.0,92.0,0.0,9,0,3,0,1,0,0,58.3654,15.6,89.15,1.0,486.0,4.0,5149.0
1332,401,414.0,0.0,0.0,92.0,0.0,9,0,3,0,1,0,0,58.3385,15.6,89.15,0.0,486.0,3.0,5152.0
1333,401,414.0,0.0,0.0,92.0,0.0,9,0,3,0,1,0,0,58.3115,15.6,89.15,0.0,486.0,3.0,5155.0
1334,401,414.0,0.0,0.0,92.0,0.0,9,0,3,0,1,0,0,58.3115,15.6,89.15,1.0,487.0,4.0,5159.0
1335,402,415.0,1.0,0.0,92.0,0.0,9,0,3,0,1,0,0,58.2731,15.6,89.15,0.0,487.0,3.0,5162.0
1336,402,415.0,0.0,0.0,92.0,0.0,9,0,3,0,1,0,0,58.2346,15.6,89.15,0.0,487.0,3.0,5165.0
1337,402,415.0,0.0,0.0,92.0,0.0,8,0,4,0,1,0,0,58.2346,15.6,89.15,0.0,487.0,4.0,5169.0
1338,402,415.0,0.0,0.0,92.0,0.0,9,0,3,0,1,0,0,58.2346,15.6,89.15,1.0,488.0,4.0,5173.0
1339,405,418.0,3.0,0.0,92.0,0.0,9,0,3,0,1,0,0,58.2077,15.6,89.15,0.0,488.0,3.0,5176.0
1340,405,418.0,0.0,0.0,92.0,0.0,9,0,3,0,1,0,0,58.1808,15.6,89.15,0.0,488.0,3.0,5179.0
1341,405,418.0,0.0,0.0,92.0,0.0,9,0,3,0,1,0,0,58.1808,15.6,89.15,1.0,489.0,4.0,5183.0
1342,405,418.0,0.0,0.0,92.0,0.0,9,0,3,0,1,0,0,58.1423,15.6,89.15,0.0,489.0,3.0,5186.0
1343,405,418.0,0.0,0.0,92.0,0.0,9,0,3,0,1,0,0,58.1038,15.6,89.15,0.0,489.0,3.0,5189.0
1344,405,418.0,0.0,0.0,92.0,0.0,8,0,4,0,1,0,0,58.1038,15.6,89.15,0.0,489.0,4.0,5193.0
1345,406,419.0,1.0,0.0,92.0,0.0,9,0,3,0,1,0,0,58.1038,15.6,89.15,1.0,490.0,4.0,5197.0
1346,406,419.0,0.0,0.0,92.0,0.0,9,0,3,0,1,0,0,58.0769,15.6,89.15,0.0,490.0,3.0,5200.0
1347,407,420.0,1.0,0.0,92.0,0.0,9,0,3,0,1,0,0,58.05,15.6,89.15,0.0,490.0,3.0,5203.0
1348,407,420.0,0.0,0.0,92.0,0.0,9,0,3,0,1,0,0,58.05,15.6,89.15,1.0,491.0,4.0,5207.0
1349,407,420.0,0.0,0.0,92.0,0.0,9,0,3,0,1,0,0,58.0115,15.6,89.15,0.0,491.0,3.0,5210.0
1350,407,420.0,0.0,0.0,92.0,0.0,9,0,3,0,1,0,0,57.9731,15.35,89.15,0.0,491.0,3.0,5213.0
1351,408,421.0,1.0,0.0,92.0,0.0,8,0,4,0,1,0,0,57.9731,15.35,89.15,0.0,491.0,4.0,5217.0
1352,408,421.0,0.0,0.0,92.0,0.0,9,0,3,0,1,0,0,57.9731,15.35,89.15,1.0,492.0,4.0,5221.0
1353,409,422.0,1.0,0.0,92.0,0.0,9,0,3,0,1,0,0,57.9462,15.35,89.15,0.0,492.0,3.0,5224.0
1354,409,422.0,0.0,0.0,92.0,0.0,9,0,3,0,1,0,0,57.9192,15.35,89.15,0.0,492.0,3.0,5227.0
1355,411,424.0,2.0,0.0,92.0,0.0,9,0,3,0,1,0,0,57.9192,15.35,89.15,1.0,493.0,4.0,5231.0
1356,411,424.0,0.0,0.0,92.0,0.0,8,0,3,0,2,0,0,57.8808,14.85,89.15,0.0,493.0,3.0,5234.0
1357,411,424.0,0.0,0.0,92.0,0.0,8,0,3,0,2,0,0,57.8538,14.5,89.15,0.0,493.0,3.0,5237.0
1358,411,424.0,0.0,0.0,92.0,0.0,8,0,3,0,2,0,0,57.8269,14.15,89.15,0.0,493.0,3.0,5240.0
1359,411,424.0,0.0,0.0,92.0,0.0,9,0,2,0,2,0,0,57.7731,13.8,89.15,1.0,494.0,3.0,5243.0
1360,411,424.0,0.0,0.0,92.0,0.0,9,0,2,0,2,0,0,57.6923,13.45,89.15,0.0,494.0,2.0,5245.0
1361,411,424.0,0.0,0.0,92.0,0.0,9,0,2,0,2,0,0,57.5731,13.1,89.15,0.0,494.0,2.0,5247.0
1362,411,424.0,0.0,0.0,92.0,0.0,8,0,3,0,2,0,0,57.4808,12.75,89.15,0.0,494.0,3.0,5250.0
1363,413,426.0,2.0,0.0,92.0,0.0,7,0,4,0,2,0,0,57.4269,12.4,89.15,0.0,494.0,4.0,5254.0
1364,413,426.0,0.0,0.0,92.0,0.0,8,0,3,0,2,0,0,57.3731,12.05,89.15,1.0,495.0,4.0,5258.0
1365,414,427.0,1.0,0.0,92.0,0.0,8,0,3,0,2,0,0,57.2808,11.7,89.15,0.0,495.0,3.0,5261.0
1366,414,427.0,0.0,0.0,92.0,0.0,9,0,2,0,2,0,0,57.1885,11.35,89.15,1.0,496.0,3.0,5264.0
1367,415,428.0,1.0,0.0,92.0,0.0,8,0,3,0,2,0,0,57.1077,11.0,89.15,0.0,496.0,3.0,5267.0
1368,415,428.0,0.0,0.0,92.0,0.0,8,0,3,0,2,0,0,57.0269,10.65,89.15,0.0,496.0,3.0,5270.0
1369,415,428.0,0.0,0.0,92.0,0.0,7,0,4,0,2,0,0,56.9731,10.3,89.15,0.0,496.0,4.0,5274.0
1370,415,428.0,0.0,0.0,92.0,0.0,7,0,4,0,2,0,0,56.9192,9.95,89.15,0.0,496.0,4.0,5278.0
1371,416,429.0,1.0,0.0,92.0,0.0,8,0,3,0,2,0,0,56.8654,9.6,89.15,1.0,497.0,4.0,5282.0
1372,416,429.0,0.0,0.0,92.0,0.0,8,0,3,0,2,0,0,56.7731,9.25,89.15,0.0,497.0,3.0,5285.0
1373,416,429.0,0.0,0.0,92.0,0.0,9,0,2,0,2,0,0,56.6808,8.9,89.15,1.0,498.0,3.0,5288.0
1374,416,429.0,0.0,0.0,92.0,0.0,8,0,3,0,2,0,0,56.6,8.55,89.15,0.0,498.0,3.0,5291.0
1375,418,431.0,2.0,0.0,92.0,0.0,8,0,3,0,2,0,0,56.5192,8.2,89.15,0.0,498.0,3.0,5294.0
1376,418,431.0,0.0,0.0,92.0,0.0,7,0,4,0,2,0,0,56.4654,7.85,89.15,0.0,498.0,4.0,5298.0
1377,418,431.0,0.0,0.0,92.0,0.0,7,0,4,0,2,0,0,56.4115,7.5,89.15,0.0,498.0,4.0,5302.0
1378,418,431.0,0.0,0.0,92.0,0.0,8,0,3,0,2,0,0,56.3577,7.15,89.15,1.0,499.0,4.0,5306.0
1379,419,432.0,1.0,0.0,92.0,0.0,8,0,3,0,2,0,0,56.2654,6.8,89.15,0.0,499.0,3.0,5309.0
1380,419,432.0,0.0,0.0,92.0,0.0,9,0,2,0,2,0,0,56.1731,6.45,89.15,1.0,500.0,3.0,5312.0
1381,420,433.0,1.0,0.0,92.0,0.0,8,0,3,0,2,0,0,56.0923,6.1,89.15,0.0,500.0,3.0,5315.0
1382,420,433.0,0.0,0.0,92.0,0.0,8,0,3,0,2,0,0,56.0115,5.75,89.15,0.0,500.0,3.0,5318.0
1383,420,433.0,0.0,0.0,92.0,0.0,7,0,4,0,2,0,0,55.9577,5.4,89.15,0.0,500.0,4.0,5322.0
1384,420,433.0,0.0,0.0,92.0,0.0,7,0,4,0,2,0,0,55.9038,5.05,89.15,0.0,500.0,4.0,5326.0
1385,421,434.0,1.0,0.0,92.0,0.0,8,0,3,0,2,0,0,55.85,4.7,89.15,1.0,501.0,4.0,5330.0
1386,421,434.0,0.0,0.0,92.0,0.0,8,0,3,1,1,0,0,55.7577,4.35,89.15,0.0,501.0,3.0,5333.0
1387,423,436.0,2.0,0.0,92.0,0.0,9,0,2,1,1,0,0,56.4281,5.45,89.15,1.0,502.0,3.0,5336.0
1388,423,436.0,0.0,0.0,92.0,0.0,8,0,3,1,1,0,0,57.11,5.1,89.15,0.0,502.0,3.0,5339.0
1389,423,436.0,0.0,0.0,92.0,0.0,8,0,3,2,0,0,0,57.7919,4.75,89.15,0.0,502.0,3.0,5342.0
1390,423,436.0,0.0,0.0,92.0,0.0,7,0,4,2,0,0,0,59.2604,14.275,89.15,0.0,502.0,4.0,5346.0
1391,423,436.0,0.0,0.0,92.0,0.0,7,0,4,2,0,0,0,60.7288,21.3,89.15,0.0,502.0,4.0,5350.0
1392,423,436.0,0.0,0.0,92.0,0.0,8,0,3,2,0,0,0,62.1973,21.3,89.15,1.0,503.0,4.0,5354.0
1393,423,436.0,0.0,0.0,92.0,0.0,8,0,3,2,0,0,0,63.6273,20.8,89.15,0.0,503.0,3.0,5357.0
1394,423,436.0,0.0,0.0,92.0,0.0,9,0,2,2,0,0,0,65.0573,20.3,89.15,1.0,504.0,3.0,5360.0
1395,426,439.0,3.0,0.0,92.0,0.0,8,0,3,2,0,0,0,66.4988,20.3,90.435,0.0,504.0,3.0,5363.0
1396,426,439.0,0.0,0.0,92.0,0.0,9,0,3,1,0,0,0,67.9135,20.3,99.65,0.0,504.0,3.0,5366.0
1397,426,439.0,0.0,0.0,92.0,0.0,8,0,4,1,0,0,0,68.6192,20.3,99.3,0.0,504.0,4.0,5370.0
1398,426,439.0,0.0,0.0,92.0,0.0,8,0,4,1,0,0,0,69.325,20.3,98.95,0.0,504.0,4.0,5374.0
1399,427,440.0,1.0,0.0,92.0,0.0,10,0,3,0,0,0,0,70.0038,20.3,99.65,1.0,505.0,4.0,5378.0
1400,427,440.0,0.0,0.0,92.0,0.0,10,0,3,0,0,0,0,69.9115,19.8,99.3,0.0,505.0,3.0,5381.0
1401,427,440.0,0.0,0.0,92.0,0.0,11,0,2,0,0,0,0,69.8192,19.3,98.95,1.0,506.0,3.0,5384.0
1402,427,440.0,0.0,0.0,92.0,0.0,10,0,3,0,0,0,0,69.7385,19.3,98.6,0.0,506.0,3.0,5387.0
1403,428,441.0,1.0,0.0,92.0,0.0,10,0,3,0,0,0,0,69.6577,19.3,98.25,0.0,506.0,3.0,5390.0
1404,428,441.0,0.0,0.0,92.0,0.0,9,0,4,0,0,0,0,69.6038,19.3,97.9,0.0,506.0,4.0,5394.0
1405,429,442.0,1.0,0.0,92.0,0.0,9,0,4,0,0,0,0,69.55,19.3,97.55,0.0,506.0,4.0,5398.0
1406,429,442.0,0.0,0.0,92.0,0.0,10,0,3,0,0,0,0,69.4962,19.3,97.2,1.0,507.0,4.0,5402.0
1407,429,442.0,0.0,0.0,92.0,0.0,10,0,3,0,0,0,0,69.4038,18.8,96.85,0.0,507.0,3.0,5405.0
1408,429,442.0,0.0,0.0,92.0,0.0,11,0,2,0,0,0,0,69.3115,18.3,96.5,1.0,508.0,3.0,5408.0
1409,430,443.0,1.0,0.0,92.0,0.0,10,0,3,0,0,0,0,69.2308,18.3,96.15,0.0,508.0,3.0,5411.0
1410,430,443.0,0.0,0.0,92.0,0.0,10,0,3,0,0,0,0,69.15,18.3,95.8,0.0,508.0,3.0,5414.0
1411,432,445.0,2.0,0.0,92.0,0.0,9,0,4,0,0,0,0,69.0962,18.3,95.45,0.0,508.0,4.0,5418.0
1412,432,445.0,0.0,0.0,92.0,0.0,9,0,4,0,0,0,0,69.0423,18.3,95.1,0.0,508.0,4.0,5422.0
1413,432,445.0,0.0,0.0,92.0,0.0,10,0,3,0,0,0,0,68.9885,18.3,94.75,1.0,509.0,4.0,5426.0
1414,432,445.0,0.0,0.0,92.0,0.0,10,0,3,0,0,0,0,68.8962,17.8,94.4,0.0,509.0,3.0,5429.0
1415,433,446.0,1.0,0.0,92.0,0.0,11,0,2,0,0,0,0,68.8038,17.3,94.05,1.0,510.0,3.0,5432.0
1416,433,446.0,0.0,0.0,92.0,0.0,10,0,3,0,0,0,0,68.7231,17.3,93.7,0.0,510.0,3.0,5435.0
1417,433,446.0,0.0,0.0,92.0,0.0,10,0,3,0,0,0,0,68.6423,17.3,93.35,0.0,510.0,3.0,5438.0
1418,433,446.0,0.0,0.0,92.0,0.0,9,0,4,0,0,0,0,68.5885,17.3,93.0,0.0,510.0,4.0,5442.0
1419,434,447.0,1.0,0.0,92.0,0.0,9,0,4,0,0,0,0,68.5346,17.3,92.65,0.0,510.0,4.0,5446.0
1420,434,447.0,0.0,0.0,92.0,0.0,10,0,3,0,0,0,0,68.4808,17.3,92.3,1.0,511.0,4.0,5450.0
1421,434,447.0,0.0,0.0,92.0,0.0,10,0,3,0,0,0,0,68.3885,16.8,91.95,0.0,511.0,3.0,5453.0
1422,434,447.0,0.0,0.0,92.0,0.0,11,0,2,0,0,0,0,68.2962,16.3,91.6,1.0,512.0,3.0,5456.0
1423,436,449.0,2.0,0.0,92.0,0.0,10,0,3,0,0,0,0,68.2154,16.3,91.25,0.0,512.0,3.0,5459.0
1424,436,449.0,0.0,0.0,92.0,0.0,10,0,3,0,0,0,0,68.1346,16.3,90.9,0.0,512.0,3.0,5462.0
1425,437,450.0,1.0,0.0,92.0,0.0,9,0,4,0,0,0,0,68.0808,16.3,90.55,0.0,512.0,4.0,5466.0
1426,437,450.0,0.0,0.0,92.0,0.0,9,0,4,0,0,0,0,68.0154,16.3,90.2,0.0,512.0,4.0,5470.0
1427,438,451.0,1.0,0.0,92.0,0.0,7,0,6,0,0,0,0,68.0154,16.3,90.2,0.0,512.0,6.0,5476.0
1428,438,451.0,0.0,0.0,92.0,0.0,9,0,4,0,0,0,0,68.0154,16.3,90.2,2.0,514.0,6.0,5482.0
1429,438,451.0,0.0,0.0,92.0,0.0,10,0,3,0,0,0,0,67.95,16.3,89.85,1.0,515.0,4.0,5486.0
1430,438,451.0,0.0,0.0,92.0,0.0,10,0,3,0,0,0,0,67.8846,16.3,89.85,0.0,515.0,3.0,5489.0
1431,438,451.0,0.0,0.0,92.0,0.0,9,0,4,0,0,0,0,67.8577,16.3,89.85,0.0,515.0,4.0,5493.0
1432,438,451.0,0.0,0.0,92.0,0.0,8,0,5,0,0,0,0,67.8577,16.3,89.85,0.0,515.0,5.0,5498.0
1433,438,451.0,0.0,0.0,92.0,0.0,8,0,5,0,0,0,0,67.8577,16.3,89.85,0.0,515.0,5.0,5503.0
1434,438,451.0,0.0,0.0,92.0,0.0,8,0,5,0,0,0,0,67.8577,16.3,89.85,0.0,515.0,5.0,5508.0
1435,441,454.0,3.0,0.0,92.0,0.0,9,0,4,0,0,0,0,67.8577,16.3,89.85,1.0,516.0,5.0,5513.0
1436,441,454.0,0.0,0.0,92.0,0.0,10,0,3,0,0,0,0,67.8192,16.3,89.85,1.0,517.0,4.0,5517.0
1437,442,455.0,1.0,0.0,92.0,0.0,10,0,3,0,0,0,0,67.7538,16.3,89.85,0.0,517.0,3.0,5520.0
1438,442,455.0,0.0,0.0,92.0,0.0,9,0,4,0,0,0,0,67.7269,16.3,89.85,0.0,517.0,4.0,5524.0
1439,442,455.0,0.0,0.0,92.0,0.0,8,0,5,0,0,0,0,67.7269,16.3,89.85,0.0,517.0,5.0,5529.0
1440,442,455.0,0.0,0.0,92.0,0.0,8,0,5,0,0,0,0,67.7269,16.3,89.85,0.0,517.0,5.0,5534.0
1441,442,455.0,0.0,0.0,92.0,0.0,8,0,5,0,0,0,0,67.7269,16.3,89.85,0.0,517.0,5.0,5539.0
1442,442,455.0,0.0,0.0,92.0,0.0,9,0,4,0,0,0,0,67.7269,16.3,89.85,1.0,518.0,5.0,5544.0
1443,443,456.0,1.0,0.0,92.0,0.0,10,0,3,0,0,0,0,67.6885,16.3,89.85,1.0,519.0,4.0,5548.0
1444,443,456.0,0.0,0.0,92.0,0.0,10,0,3,0,0,0,0,67.6231,16.3,89.85,0.0,519.0,3.0,5551.0
1445,444,457.0,1.0,0.0,92.0,0.0,9,0,4,0,0,0,0,67.5962,16.3,89.85,0.0,519.0,4.0,5555.0
1446,444,457.0,0.0,0.0,92.0,0.0,8,0,5,0,0,0,0,67.5962,16.3,89.85,0.0,519.0,5.0,5560.0
1447,445,458.0,1.0,0.0,92.0,0.0,8,0,5,0,0,0,0,67.5962,16.3,89.85,0.0,519.0,5.0,5565.0
1448,445,458.0,0.0,0.0,92.0,0.0,8,0,5,0,0,0,0,67.5962,16.3,89.85,0.0,519.0,5.0,5570.0
1449,445,458.0,0.0,0.0,92.0,0.0,9,0,4,0,0,0,0,67.5962,16.3,89.85,1.0,520.0,5.0,5575.0
1450,445,458.0,0.0,0.0,92.0,0.0,10,0,3,0,0,0,0,67.5577,16.3,89.85,1.0,521.0,4.0,5579.0
1451,447,460.0,2.0,0.0,92.0,0.0,10,0,3,0,0,0,0,67.4923,16.3,89.85,0.0,521.0,3.0,5582.0
1452,447,460.0,0.0,0.0,92.0,0.0,9,0,4,0,0,0,0,67.4654,16.3,89.85,0.0,521.0,4.0,5586.0
1453,447,460.0,0.0,0.0,92.0,0.0,8,0,5,0,0,0,0,67.4654,16.3,89.85,0.0,521.0,5.0,5591.0
1454,447,460.0,0.0,0.0,92.0,0.0,8,0,5,0,0,0,0,67.4654,16.3,89.85,0.0,521.0,5.0,5596.0
1455,448,461.0,1.0,0.0,92.0,0.0,8,0,5,0,0,0,0,67.4654,16.3,89.85,0.0,521.0,5.0,5601.0
1456,448,461.0,0.0,0.0,92.0,0.0,9,0,4,0,0,0,0,67.4654,16.3,89.85,1.0,522.0,5.0,5606.0
1457,448,461.0,0.0,0.0,92.0,0.0,10,0,3,0,0,0,0,67.4269,16.3,89.85,1.0,523.0,4.0,5610.0
1458,448,461.0,0.0,0.0,92.0,0.0,10,0,3,0,0,0,0,67.3615,16.3,89.85,0.0,523.0,3.0,5613.0
1459,450,463.0,2.0,0.0,92.0,0.0,9,0,4,0,0,0,0,67.3346,16.3,89.85,0.0,523.0,4.0,5617.0
1460,450,463.0,0.0,0.0,92.0,0.0,8,0,5,0,0,0,0,67.3346,16.3,89.85,0.0,523.0,5.0,5622.0
1461,450,463.0,0.0,0.0,92.0,0.0,8,0,5,0,0,0,0,67.3346,16.3,89.85,0.0,523.0,5.0,5627.0
1462,450,463.0,0.0,0.0,92.0,0.0,8,0,5,0,0,0,0,67.3346,16.3,89.85,0.0,523.0,5.0,5632.0
1463,450,463.0,0.0,0.0,92.0,0.0,9,0,4,0,0,0,0,67.3346,16.3,89.85,1.0,524.0,5.0,5637.0
1464,450,463.0,0.0,0.0,92.0,0.0,10,0,3,0,0,0,0,67.2962,16.3,89.85,1.0,525.0,4.0,5641.0
1465,452,465.0,2.0,0.0,92.0,0.0,10,0,3,0,0,0,0,67.2308,16.3,89.85,0.0,525.0,3.0,5644.0
1466,452,465.0,0.0,0.0,92.0,0.0,9,0,4,0,0,0,0,67.2038,16.3,89.85,0.0,525.0,4.0,5648.0
1467,453,466.0,1.0,0.0,92.0,0.0,8,0,5,0,0,0,0,67.2038,16.3,89.85,0.0,525.0,5.0,5653.0
1468,453,466.0,0.0,0.0,92.0,0.0,8,0,5,0,0,0,0,67.2038,16.3,89.85,0.0,525.0,5.0,5658.0
1469,453,466.0,0.0,0.0,92.0,0.0,8,0,5,0,0,0,0,67.2038,16.3,89.85,0.0,525.0,5.0,5663.0
1470,453,466.0,0.0,0.0,92.0,0.0,9,0,4,0,0,0,0,67.2038,16.3,89.85,1.0,526.0,5.0,5668.0
1471,454,467.0,1.0,0.0,92.0,0.0,10,0,3,0,0,0,0,67.1654,16.3,89.85,1.0,527.0,4.0,5672.0
1472,454,467.0,0.0,0.0,92.0,0.0,10,0,3,0,0,0,0,67.1,16.3,89.85,0.0,527.0,3.0,5675.0
1473,454,467.0,0.0,0.0,92.0,0.0,9,0,4,0,0,0,0,67.0731,16.3,89.85,0.0,527.0,4.0,5679.0
1474,454,467.0,0.0,0.0,92.0,0.0,8,0,5,0,0,0,0,67.0731,16.3,89.85,0.0,527.0,5.0,5684.0
1475,456,469.0,2.0,0.0,92.0,0.0,8,0,5,0,0,0,0,67.0731,16.3,89.85,0.0,527.0,5.0,5689.0
1476,456,469.0,0.0,0.0,92.0,0.0,8,0,5,0,0,0,0,67.0731,16.3,89.85,0.0,527.0,5.0,5694.0
1477,456,469.0,0.0,0.0,92.0,0.0,9,0,4,0,0,0,0,67.0731,16.3,89.85,1.0,528.0,5.0,5699.0
1478,456,469.0,0.0,0.0,92.0,0.0,10,0,3,0,0,0,0,67.0346,16.3,89.85,1.0,529.0,4.0,5703.0
1479,457,470.0,1.0,0.0,92.0,0.0,10,0,3,0,0,0,0,66.9692,16.3,89.85,0.0,529.0,3.0,5706.0
1480,457,470.0,0.0,0.0,92.0,0.0,9,0,4,0,0,0,0,66.9423,16.3,89.85,0.0,529.0,4.0,5710.0
1481,457,470.0,0.0,0.0,92.0,0.0,8,0,5,0,0,0,0,66.9423,16.3,89.85,0.0,529.0,5.0,5715.0
1482,457,470.0,0.0,0.0,92.0,0.0,8,0,5,0,0,0,0,66.9423,16.3,89.85,0.0,529.0,5.0,5720.0
1483,459,472.0,2.0,0.0,92.0,0.0,8,0,5,0,0,0,0,66.9423,16.3,89.85,0.0,529.0,5.0,5725.0
1484,459,472.0,0.0,0.0,92.0,0.0,9,0,4,0,0,0,0,66.9423,16.3,89.85,1.0,530.0,5.0,5730.0
1485,460,473.0,1.0,0.0,92.0,0.0,10,0,3,0,0,0,0,66.9038,16.3,89.85,1.0,531.0,4.0,5734.0
1486,460,473.0,0.0,0.0,92.0,0.0,10,0,3,0,0,0,0,66.8385,16.3,89.85,0.0,531.0,3.0,5737.0
1487,460,473.0,0.0,0.0,92.0,0.0,9,0,4,0,0,0,0,66.8115,16.3,89.85,0.0,531.0,4.0,5741.0
1488,460,473.0,0.0,0.0,92.0,0.0,8,0,5,0,0,0,0,66.8115,16.3,89.85,0.0,531.0,5.0,5746.0
1489,460,473.0,0.0,0.0,92.0,0.0,8,0,5,0,0,0,0,66.8115,16.3,89.85,0.0,531.0,5.0,5751.0
1490,460,473.0,0.0,0.0,92.0,0.0,8,0,5,0,0,0,0,66.8115,16.3,89.85,0.0,531.0,5.0,5756.0
1491,461,474.0,1.0,0.0,92.0,0.0,9,0,4,0,0,0,0,66.8115,16.3,89.85,1.0,532.0,5.0,5761.0
1492,461,474.0,0.0,0.0,92.0,0.0,10,0,3,0,0,0,0,66.7731,16.3,89.85,1.0,533.0,4.0,5765.0
1493,462,475.0,1.0,0.0,92.0,0.0,10,0,3,0,0,0,0,66.7077,16.3,89.85,0.0,533.0,3.0,5768.0
1494,462,475.0,0.0,0.0,92.0,0.0,9,0,4,0,0,0,0,66.6808,16.3,89.85,0.0,533.0,4.0,5772.0
1495,464,477.0,2.0,0.0,92.0,0.0,8,0,5,0,0,0,0,66.6808,16.3,89.85,0.0,533.0,5.0,5777.0
1496,464,477.0,0.0,0.0,92.0,0.0,8,0,5,0,0,0,0,66.6808,16.3,89.85,0.0,533.0,5.0,5782.0
1497,464,477.0,0.0,0.0,92.0,0.0,8,0,5,0,0,0,0,66.6808,16.3,89.85,0.0,533.0,5.0,5787.0
1498,464,477.0,0.0,0.0,92.0,0.0,9,0,4,0,0,0,0,66.6808,16.3,89.85,1.0,534.0,5.0,5792.0
1499,465,478.0,1.0,0.0,92.0,0.0,10,0,3,0,0,0,0,66.6423,16.3,89.85,1.0,535.0,4.0,5796.0
1500,465,478.0,0.0,0.0,92.0,0.0,10,0,3,0,0,0,0,66.5769,16.3,89.85,0.0,535.0,3.0,5799.0
1501,465,478.0,0.0,0.0,92.0,0.0,9,0,4,0,0,0,0,66.55,16.3,89.85,0.0,535.0,4.0,5803.0
1502,465,478.0,0.0,0.0,92.0,0.0,8,0,5,0,0,0,0,66.55,16.3,89.85,0.0,535.0,5.0,5808.0
1503,465,478.0,0.0,0.0,92.0,0.0,8,0,5,0,0,0,0,66.55,16.3,89.85,0.0,535.0,5.0,5813.0
1504,465,478.0,0.0,0.0,92.0,0.0,8,0,5,0,0,0,0,66.55,16.3,89.85,0.0,535.0,5.0,5818.0
1505,466,479.0,1.0,0.0,92.0,0.0,9,0,4,0,0,0,0,66.55,16.3,89.85,1.0,536.0,5.0,5823.0
1506,466,479.0,0.0,0.0,92.0,0.0,10,0,3,0,0,0,0,66.5115,16.3,89.85,1.0,537.0,4.0,5827.0
1507,469,482.0,3.0,0.0,92.0,0.0,10,0,3,0,0,0,0,66.4462,16.3,89.85,0.0,537.0,3.0,5830.0
1508,469,482.0,0.0,0.0,92.0,0.0,9,0,4,0,0,0,0,66.4192,16.3,89.85,0.0,537.0,4.0,5834.0
1509,469,482.0,0.0,0.0,92.0,0.0,8,0,5,0,0,0,0,66.4192,16.3,89.85,0.0,537.0,5.0,5839.0
1510,469,482.0,0.0,0.0,92.0,0.0,8,0,5,0,0,0,0,66.4192,16.3,89.85,0.0,537.0,5.0,5844.0
1511,469,482.0,0.0,0.0,92.0,0.0,8,0,5,0,0,0,0,66.4192,16.3,89.85,0.0,537.0,5.0,5849.0
1512,469,482.0,0.0,0.0,92.0,0.0,9,0,4,0,0,0,0,66.4192,16.3,89.85,1.0,538.0,5.0,5854.0
1513,469,482.0,0.0,0.0,92.0,0.0,10,0,3,0,0,0,0,66.3808,16.3,89.85,1.0,539.0,4.0,5858.0
1514,469,482.0,0.0,0.0,92.0,0.0,10,0,3,0,0,0,0,66.3154,16.3,89.85,0.0,539.0,3.0,5861.0
1515,471,484.0,2.0,0.0,92.0,0.0,9,0,4,0,0,0,0,66.2885,16.3,89.85,0.0,539.0,4.0,5865.0
1516,471,484.0,0.0,0.0,92.0,0.0,8,0,5,0,0,0,0,66.2885,16.3,89.85,0.0,539.0,5.0,5870.0
1517,471,484.0,0.0,0.0,92.0,0.0,8,0,5,0,0,0,0,66.2885,16.3,89.85,0.0,539.0,5.0,5875.0
1518,471,484.0,0.0,0.0,92.0,0.0,8,0,5,0,0,0,0,66.2885,16.3,89.85,0.0,539.0,5.0,5880.0
1519,472,485.0,1.0,0.0,92.0,0.0,9,0,4,0,0,0,0,66.2885,16.3,89.85,1.0,540.0,5.0,5885.0
1520,472,485.0,0.0,0.0,92.0,0.0,10,0,3,0,0,0,0,66.25,16.3,89.85,1.0,541.0,4.0,5889.0
1521,473,486.0,1.0,0.0,92.0,0.0,10,0,3,0,0,0,0,66.1846,16.3,89.85,0.0,541.0,3.0,5892.0
1522,473,486.0,0.0,0.0,92.0,0.0,9,0,4,0,0,0,0,66.1577,16.3,89.85,0.0,541.0,4.0,5896.0
1523,474,487.0,1.0,0.0,92.0,0.0,8,0,5,0,0,0,0,66.1577,16.3,89.85,0.0,541.0,5.0,5901.0
1524,474,487.0,0.0,0.0,92.0,0.0,8,0,5,0,0,0,0,66.1577,16.3,89.85,0.0,541.0,5.0,5906.0
1525,475,488.0,1.0,0.0,92.0,0.0,8,0,5,0,0,0,0,66.1577,16.3,89.85,0.0,541.0,5.0,5911.0
1526,475,488.0,0.0,0.0,92.0,0.0,9,0,4,0,0,0,0,66.1577,16.3,89.85,1.0,542.0,5.0,5916.0
1527,475,488.0,0.0,0.0,92.0,0.0,10,0,3,0,0,0,0,66.1192,16.3,89.85,1.0,543.0,4.0,5920.0
1528,475,488.0,0.0,0.0,92.0,0.0,10,0,3,0,0,0,0,66.0538,16.3,89.85,0.0,543.0,3.0,5923.0
1529,475,488.0,0.0,0.0,92.0,0.0,9,0,4,0,0,0,0,66.0269,16.3,89.85,0.0,543.0,4.0,5927.0
1530,475,488.0,0.0,0.0,92.0,0.0,8,0,5,0,0,0,0,66.0269,16.3,89.85,0.0,543.0,5.0,5932.0
1531,477,490.0,2.0,0.0,92.0,0.0,8,0,5,0,0,0,0,66.0269,16.3,89.85,0.0,543.0,5.0,5937.0
1532,477,490.0,0.0,0.0,92.0,0.0,8,0,5,0,0,0,0,66.0269,16.3,89.85,0.0,543.0,5.0,5942.0
1533,477,490.0,0.0,0.0,92.0,0.0,9,0,4,0,0,0,0,66.0269,16.3,89.85,1.0,544.0,5.0,5947.0
1534,477,490.0,0.0,0.0,92.0,0.0,10,0,3,0,0,0,0,65.9885,16.3,89.85,1.0,545.0,4.0,5951.0
1535,479,492.0,2.0,0.0,92.0,0.0,10,0,3,0,0,0,0,65.9231,16.3,89.85,0.0,545.0,3.0,5954.0
1536,479,492.0,0.0,0.0,92.0,0.0,9,0,4,0,0,0,0,65.8962,16.3,89.85,0.0,545.0,4.0,5958.0
1537,479,492.0,0.0,0.0,92.0,0.0,8,0,5,0,0,0,0,65.8962,16.3,89.85,0.0,545.0,5.0,5963.0
1538,479,492.0,0.0,0.0,92.0,0.0,8,0,5,0,0,0,0,65.8962,16.3,89.85,0.0,545.0,5.0,5968.0
1539,480,493.0,1.0,0.0,92.0,0.0,8,0,5,0,0,0,0,65.8962,16.3,89.85,0.0,545.0,5.0,5973.0
1540,480,493.0,0.0,0.0,92.0,0.0,9,0,4,0,0,0,0,65.8962,16.3,89.85,1.0,546.0,5.0,5978.0
1541,480,493.0,0.0,0.0,92.0,0.0,10,0,3,0,0,0,0,65.8577,16.3,89.85,1.0,547.0,4.0,5982.0
1542,480,493.0,0.0,0.0,92.0,0.0,10,0,3,0,0,0,0,65.7923,16.3,89.85,0.0,547.0,3.0,5985.0
1543,481,494.0,1.0,0.0,92.0,0.0,9,0,4,0,0,0,0,65.7654,16.3,89.85,0.0,547.0,4.0,5989.0
1544,481,494.0,0.0,0.0,92.0,0.0,8,0,5,0,0,0,0,65.7654,16.3,89.85,0.0,547.0,5.0,5994.0
1545,482,495.0,1.0,0.0,92.0,0.0,8,0,5,0,0,0,0,65.7654,16.3,89.85,0.0,547.0,5.0,5999.0
1546,482,495.0,0.0,0.0,92.0,0.0,8,0,5,0,0,0,0,65.7654,16.3,89.85,0.0,547.0,5.0,6004.0
1547,483,496.0,1.0,0.0,92.0,0.0,9,0,4,0,0,0,0,65.7654,16.3,89.85,1.0,548.0,5.0,6009.0
1548,483,496.0,0.0,0.0,92.0,0.0,10,0,3,0,0,0,0,65.7269,16.3,89.85,1.0,549.0,4.0,6013.0
1549,484,497.0,1.0,0.0,92.0,0.0,10,0,3,0,0,0,0,65.6615,16.3,89.85,0.0,549.0,3.0,6016.0
1550,484,497.0,0.0,0.0,92.0,0.0,9,0,4,0,0,0,0,65.6346,16.3,89.85,0.0,549.0,4.0,6020.0
1551,484,497.0,0.0,0.0,92.0,0.0,8,0,5,0,0,0,0,65.6346,16.3,89.85,0.0,549.0,5.0,6025.0
1552,484,497.0,0.0,0.0,92.0,0.0,8,0,5,0,0,0,0,65.6346,16.3,89.85,0.0,549.0,5.0,6030.0
1553,484,497.0,0.0,0.0,92.0,0.0,8,0,5,0,0,0,0,65.6346,16.3,89.85,0.0,549.0,5.0,6035.0
1554,484,497.0,0.0,0.0,92.0,0.0,9,0,4,0,0,0,0,65.6346,16.3,89.85,1.0,550.0,5.0,6040.0
1555,487,500.0,3.0,0.0,92.0,0.0,10,0,3,0,0,0,0,65.5962,16.3,89.85,1.0,551.0,4.0,6044.0
1556,487,500.0,0.0,0.0,92.0,0.0,10,0,3,0,0,0,0,65.5308,16.3,89.85,0.0,551.0,3.0,6047.0
1557,487,500.0,0.0,0.0,92.0,0.0,9,0,4,0,0,0,0,65.5038,16.3,89.85,0.0,551.0,4.0,6051.0
1558,487,500.0,0.0,0.0,92.0,0.0,8,0,5,0,0,0,0,65.5038,16.3,89.85,0.0,551.0,5.0,6056.0
1559,487,500.0,0.0,0.0,92.0,0.0,8,0,5,0,0,0,0,65.5038,16.3,89.85,0.0,551.0,5.0,6061.0
1560,487,500.0,0.0,0.0,92.0,0.0,8,0,5,0,0,0,0,65.5038,16.3,89.85,0.0,551.0,5.0,6066.0
1561,487,500.0,0.0,0.0,92.0,0.0,9,0,4,0,0,0,0,65.5038,16.3,89.85,1.0,552.0,5.0,6071.0
1562,487,500.0,0.0,0.0,92.0,0.0,10,0,3,0,0,0,0,65.4654,16.3,89.85,1.0,553.0,4.0,6075.0
1563,489,502.0,2.0,0.0,92.0,0.0,10,0,3,0,0,0,0,65.4,16.3,89.85,0.0,553.0,3.0,6078.0
1564,489,502.0,0.0,0.0,92.0,0.0,9,0,4,0,0,0,0,65.3731,16.3,89.85,0.0,553.0,4.0,6082.0
1565,490,503.0,1.0,0.0,92.0,0.0,8,0,5,0,0,0,0,65.3731,16.3,89.85,0.0,553.0,5.0,6087.0
1566,490,503.0,0.0,0.0,92.0,0.0,8,0,5,0,0,0,0,65.3731,16.3,89.85,0.0,553.0,5.0,6092.0
1567,491,504.0,1.0,0.0,92.0,0.0,8,0,5,0,0,0,0,65.3731,16.3,89.85,0.0,553.0,5.0,6097.0
1568,491,504.0,0.0,0.0,92.0,0.0,9,0,4,0,0,0,0,65.3731,16.3,89.85,1.0,554.0,5.0,6102.0
1569,491,504.0,0.0,0.0,92.0,0.0,10,0,3,0,0,0,0,65.3346,16.3,89.85,1.0,555.0,4.0,6106.0
1570,491,504.0,0.0,0.0,92.0,0.0,10,0,3,0,0,0,0,65.2692,16.3,89.85,0.0,555.0,3.0,6109.0
1571,492,505.0,1.0,0.0,92.0,0.0,9,0,4,0,0,0,0,65.2423,16.3,89.85,0.0,555.0,4.0,6113.0
1572,492,505.0,0.0,0.0,92.0,0.0,8,0,5,0,0,0,0,65.2423,16.3,89.85,0.0,555.0,5.0,6118.0
1573,492,505.0,0.0,0.0,92.0,0.0,8,0,5,0,0,0,0,65.2423,16.3,89.85,0.0,555.0,5.0,6123.0
1574,492,505.0,0.0,0.0,92.0,0.0,8,0,5,0,0,0,0,65.2423,16.3,89.85,0.0,555.0,5.0,6128.0
1575,493,506.0,1.0,0.0,92.0,0.0,9,0,4,0,0,0,0,65.2423,16.3,89.85,1.0,556.0,5.0,6133.0
1576,493,506.0,0.0,0.0,92.0,0.0,10,0,3,0,0,0,0,65.2038,16.3,89.85,1.0,557.0,4.0,6137.0
1577,494,507.0,1.0,0.0,92.0,0.0,10,0,3,0,0,0,0,65.1385,16.3,89.85,0.0,557.0,3.0,6140.0
1578,494,507.0,0.0,0.0,92.0,0.0,9,0,4,0,0,0,0,65.1115,16.3,89.85,0.0,557.0,4.0,6144.0
1579,496,509.0,2.0,0.0,92.0,0.0,8,0,5,0,0,0,0,65.1115,16.3,89.85,0.0,557.0,5.0,6149.0
1580,496,509.0,0.0,0.0,92.0,0.0,8,0,5,0,0,0,0,65.1115,16.3,89.85,0.0,557.0,5.0,6154.0
1581,496,509.0,0.0,0.0,92.0,0.0,8,0,5,0,0,0,0,65.1115,16.3,89.85,0.0,557.0,5.0,6159.0
1582,496,509.0,0.0,0.0,92.0,0.0,9,0,4,0,0,0,0,65.1115,16.3,89.85,1.0,558.0,5.0,6164.0
1583,496,509.0,0.0,0.0,92.0,0.0,10,0,3,0,0,0,0,65.0731,16.3,89.85,1.0,559.0,4.0,6168.0
1584,496,509.0,0.0,0.0,92.0,0.0,10,0,3,0,0,0,0,65.0077,16.3,89.85,0.0,559.0,3.0,6171.0
1585,497,510.0,1.0,0.0,92.0,0.0,9,0,4,0,0,0,0,64.9808,16.3,89.85,0.0,559.0,4.0,6175.0
1586,497,510.0,0.0,0.0,92.0,0.0,8,0,5,0,0,0,0,64.9808,16.3,89.85,0.0,559.0,5.0,6180.0
1587,498,511.0,1.0,0.0,92.0,0.0,8,0,5,0,0,0,0,64.9808,16.3,89.85,0.0,559.0,5.0,6185.0
1588,498,511.0,0.0,0.0,92.0,0.0,8,0,5,0,0,0,0,64.9808,16.3,89.85,0.0,559.0,5.0,6190.0
1589,498,511.0,0.0,0.0,92.0,0.0,9,0,4,0,0,0,0,64.9808,16.3,89.85,1.0,560.0,5.0,6195.0
1590,498,511.0,0.0,0.0,92.0,0.0,10,0,3,0,0,0,0,64.9423,16.3,89.85,1.0,561.0,4.0,6199.0
1591,500,513.0,2.0,0.0,92.0,0.0,10,0,3,0,0,0,0,64.8769,16.3,89.85,0.0,561.0,3.0,6202.0
1592,500,513.0,0.0,0.0,92.0,0.0,9,0,4,0,0,0,0,64.85,16.3,89.85,0.0,561.0,4.0,6206.0
1593,500,513.0,0.0,0.0,92.0,0.0,8,0,5,0,0,0,0,64.85,16.3,89.85,0.0,561.0,5.0,6211.0
1594,500,513.0,0.0,0.0,92.0,0.0,8,0,5,0,0,0,0,64.85,16.3,89.85,0.0,561.0,5.0,6216.0
1595,502,515.0,2.0,0.0,92.0,0.0,8,0,5,0,0,0,0,64.85,16.3,89.85,0.0,561.0,5.0,6221.0
1596,502,515.0,0.0,0.0,92.0,0.0,9,0,4,0,0,0,0,64.85,16.3,89.85,1.0,562.0,5.0,6226.0
1597,502,515.0,0.0,0.0,92.0,0.0,10,0,3,0,0,0,0,64.8115,16.3,89.85,1.0,563.0,4.0,6230.0
1598,502,515.0,0.0,0.0,92.0,0.0,10,0,3,0,0,0,0,64.7462,16.3,89.85,0.0,563.0,3.0,6233.0
1599,502,515.0,0.0,0.0,92.0,0.0,9,0,4,0,0,0,0,64.7192,16.3,89.85,0.0,563.0,4.0,6237.0
1600,502,515.0,0.0,0.0,92.0,0.0,8,0,5,0,0,0,0,64.7192,16.3,89.85,0.0,563.0,5.0,6242.0
1601,502,515.0,0.0,0.0,92.0,0.0,8,0,5,0,0,0,0,64.7192,16.3,89.85,0.0,563.0,5.0,6247.0
1602,502,515.0,0.0,0.0,92.0,0.0,8,0,5,0,0,0,0,64.7192,16.3,89.85,0.0,563.0,5.0,6252.0
1603,504,517.0,2.0,0.0,92.0,0.0,9,0,4,0,0,0,0,64.7192,16.3,89.85,1.0,564.0,5.0,6257.0
1604,504,517.0,0.0,0.0,92.0,0.0,10,0,3,0,0,0,0,64.6808,16.3,89.85,1.0,565.0,4.0,6261.0
1605,506,519.0,2.0,0.0,92.0,0.0,10,0,3,0,0,0,0,64.6154,16.3,89.85,0.0,565.0,3.0,6264.0
1606,506,519.0,0.0,0.0,92.0,0.0,9,0,4,0,0,0,0,64.5885,16.3,89.85,0.0,565.0,4.0,6268.0
1607,506,519.0,0.0,0.0,92.0,0.0,8,0,5,0,0,0,0,64.5885,16.3,89.85,0.0,565.0,5.0,6273.0
1608,506,519.0,0.0,0.0,92.0,0.0,8,0,5,0,0,0,0,64.5885,16.3,89.85,0.0,565.0,5.0,6278.0
1609,506,519.0,0.0,0.0,92.0,0.0,8,0,5,0,0,0,0,64.5885,16.3,89.85,0.0,565.0,5.0,6283.0
1610,506,519.0,0.0,0.0,92.0,0.0,9,0,4,0,0,0,0,64.5885,16.3,89.85,1.0,566.0,5.0,6288.0
1611,507,520.0,1.0,0.0,92.0,0.0,10,0,3,0,0,0,0,64.55,16.3,89.85,1.0,567.0,4.0,6292.0
1612,507,520.0,0.0,0.0,92.0,0.0,10,0,3,0,0,0,0,64.4846,16.3,89.85,0.0,567.0,3.0,6295.0
1613,507,520.0,0.0,0.0,92.0,0.0,9,0,4,0,0,0,0,64.4577,16.3,89.85,0.0,567.0,4.0,6299.0
1614,507,520.0,0.0,0.0,92.0,0.0,8,0,5,0,0,0,0,64.4577,16.3,89.85,0.0,567.0,5.0,6304.0
1615,509,522.0,2.0,0.0,92.0,0.0,8,0,5,0,0,0,0,64.4577,16.3,89.85,0.0,567.0,5.0,6309.0
1616,509,522.0,0.0,0.0,92.0,0.0,8,0,5,0,0,0,0,64.4577,16.3,89.85,0.0,567.0,5.0,6314.0
1617,509,522.0,0.0,0.0,92.0,0.0,9,0,4,0,0,0,0,64.4577,16.3,89.85,1.0,568.0,5.0,6319.0
1618,509,522.0,0.0,0.0,92.0,0.0,10,0,3,0,0,0,0,64.4192,16.3,89.85,1.0,569.0,4.0,6323.0
1619,511,524.0,2.0,0.0,92.0,0.0,10,0,3,0,0,0,0,64.3538,16.3,89.85,0.0,569.0,3.0,6326.0
1620,511,524.0,0.0,0.0,92.0,0.0,9,0,4,0,0,0,0,64.3269,16.3,89.85,0.0,569.0,4.0,6330.0
1621,511,524.0,0.0,0.0,92.0,0.0,8,0,5,0,0,0,0,64.3269,16.3,89.85,0.0,569.0,5.0,6335.0
1622,511,524.0,0.0,0.0,92.0,0.0,8,0,5,0,0,0,0,64.3269,16.3,89.85,0.0,569.0,5.0,6340.0
1623,511,524.0,0.0,0.0,92.0,0.0,8,0,5,0,0,0,0,64.3269,16.3,89.85,0.0,569.0,5.0,6345.0
1624,511,524.0,0.0,0.0,92.0,0.0,9,0,4,0,0,0,0,64.3269,16.3,89.85,1.0,570.0,5.0,6350.0
1625,512,525.0,1.0,0.0,92.0,0.0,10,0,3,0,0,0,0,64.2885,16.3,89.85,1.0,571.0,4.0,6354.0
1626,512,525.0,0.0,0.0,92.0,0.0,10,0,3,0,0,0,0,64.2231,16.3,89.85,0.0,571.0,3.0,6357.0
1627,514,527.0,2.0,0.0,92.0,0.0,9,0,4,0,0,0,0,64.1962,16.3,89.85,0.0,571.0,4.0,6361.0
1628,514,527.0,0.0,0.0,92.0,0.0,8,0,5,0,0,0,0,64.1962,16.3,89.85,0.0,571.0,5.0,6366.0
1629,514,527.0,0.0,0.0,92.0,0.0,8,0,5,0,0,0,0,64.1962,16.3,89.85,0.0,571.0,5.0,6371.0
1630,514,527.0,0.0,0.0,92.0,0.0,8,0,5,0,0,0,0,64.1962,16.3,89.85,0.0,571.0,5.0,6376.0
1631,514,527.0,0.0,0.0,92.0,0.0,9,0,4,0,0,0,0,64.1962,16.3,89.85,1.0,572.0,5.0,6381.0
1632,514,527.0,0.0,0.0,92.0,0.0,10,0,3,0,0,0,0,64.1577,16.3,89.85,1.0,573.0,4.0,6385.0
1633,515,528.0,1.0,0.0,92.0,0.0,10,0,3,0,0,0,0,64.0923,16.3,89.85,0.0,573.0,3.0,6388.0
1634,515,528.0,0.0,0.0,92.0,0.0,9,0,4,0,0,0,0,64.0654,16.3,89.85,0.0,573.0,4.0,6392.0
1635,517,530.0,2.0,0.0,92.0,0.0,8,0,5,0,0,0,0,64.0654,16.3,89.85,0.0,573.0,5.0,6397.0
1636,517,530.0,0.0,0.0,92.0,0.0,8,0,5,0,0,0,0,64.0654,16.3,89.85,0.0,573.0,5.0,6402.0
1637,517,530.0,0.0,0.0,92.0,0.0,8,0,5,0,0,0,0,64.0654,16.3,89.85,0.0,573.0,5.0,6407.0
1638,517,530.0,0.0,0.0,92.0,0.0,9,0,4,0,0,0,0,64.0654,16.3,89.85,1.0,574.0,5.0,6412.0
1639,518,531.0,1.0,0.0,92.0,0.0,10,0,3,0,0,0,0,64.0269,16.3,89.85,1.0,575.0,4.0,6416.0
1640,518,531.0,0.0,0.0,92.0,0.0,10,0,3,0,0,0,0,63.9615,16.3,89.85,0.0,575.0,3.0,6419.0
1641,518,531.0,0.0,0.0,92.0,0.0,9,0,4,0,0,0,0,63.9346,16.3,89.85,0.0,575.0,4.0,6423.0
1642,518,531.0,0.0,0.0,92.0,0.0,8,0,5,0,0,0,0,63.9346,16.3,89.85,0.0,575.0,5.0,6428.0
1643,519,532.0,1.0,0.0,92.0,0.0,8,0,5,0,0,0,0,63.9346,16.3,89.85,0.0,575.0,5.0,6433.0
1644,519,532.0,0.0,0.0,92.0,0.0,8,0,5,0,0,0,0,63.9346,16.3,89.85,0.0,575.0,5.0,6438.0
1645,520,533.0,1.0,0.0,92.0,0.0,9,0,4,0,0,0,0,63.9346,16.3,89.85,1.0,576.0,5.0,6443.0
1646,520,533.0,0.0,0.0,92.0,0.0,10,0,3,0,0,0,0,63.8962,16.3,89.85,1.0,577.0,4.0,6447.0
1647,521,534.0,1.0,0.0,92.0,0.0,10,0,3,0,0,0,0,63.8308,16.3,89.85,0.0,577.0,3.0,6450.0
1648,521,534.0,0.0,0.0,92.0,0.0,9,0,4,0,0,0,0,63.8038,16.3,89.85,0.0,577.0,4.0,6454.0
1649,521,534.0,0.0,0.0,92.0,0.0,8,0,5,0,0,0,0,63.8038,16.3,89.85,0.0,577.0,5.0,6459.0
1650,521,534.0,0.0,0.0,92.0,0.0,8,0,5,0,0,0,0,63.8038,16.3,89.85,0.0,577.0,5.0,6464.0
1651,523,536.0,2.0,0.0,92.0,0.0,8,0,5,0,0,0,0,63.8038,16.3,89.85,0.0,577.0,5.0,6469.0
1652,523,536.0,0.0,0.0,92.0,0.0,9,0,4,0,0,0,0,63.8038,16.3,89.85,1.0,578.0,5.0,6474.0
1653,523,536.0,0.0,0.0,92.0,0.0,10,0,3,0,0,0,0,63.7654,16.3,89.85,1.0,579.0,4.0,6478.0
1654,523,536.0,0.0,0.0,92.0,0.0,10,0,3,0,0,0,0,63.7,16.3,89.85,0.0,579.0,3.0,6481.0
1655,524,537.0,1.0,0.0,92.0,0.0,9,0,4,0,0,0,0,63.6731,16.3,89.85,0.0,579.0,4.0,6485.0
1656,524,537.0,0.0,0.0,92.0,0.0,8,0,5,0,0,0,0,63.6731,16.3,89.85,0.0,579.0,5.0,6490.0
1657,524,537.0,0.0,0.0,92.0,0.0,8,0,5,0,0,0,0,63.6731,16.3,89.85,0.0,579.0,5.0,6495.0
1658,524,537.0,0.0,0.0,92.0,0.0,8,0,5,0,0,0,0,63.6731,16.3,89.85,0.0,579.0,5.0,6500.0
1659,525,538.0,1.0,0.0,92.0,0.0,9,0,4,0,0,0,0,63.6731,16.3,89.85,1.0,580.0,5.0,6505.0
1660,525,538.0,0.0,0.0,92.0,0.0,10,0,3,0,0,0,0,63.6346,16.3,89.85,1.0,581.0,4.0,6509.0
1661,526,539.0,1.0,0.0,92.0,0.0,10,0,3,0,0,0,0,63.5692,16.3,89.85,0.0,581.0,3.0,6512.0
1662,526,539.0,0.0,0.0,92.0,0.0,9,0,4,0,0,0,0,63.5423,16.3,89.85,0.0,581.0,4.0,6516.0
1663,527,540.0,1.0,0.0,92.0,0.0,8,0,5,0,0,0,0,63.5423,16.3,89.85,0.0,581.0,5.0,6521.0
1664,527,540.0,0.0,0.0,92.0,0.0,8,0,5,0,0,0,0,63.5423,16.3,89.85,0.0,581.0,5.0,6526.0
1665,528,541.0,1.0,0.0,92.0,0.0,8,0,5,0,0,0,0,63.5423,16.3,89.85,0.0,581.0,5.0,6531.0
1666,528,541.0,0.0,0.0,92.0,0.0,9,0,4,0,0,0,0,63.5423,16.3,89.85,1.0,582.0,5.0,6536.0
1667,529,542.0,1.0,0.0,92.0,0.0,10,0,3,0,0,0,0,63.5038,16.3,89.85,1.0,583.0,4.0,6540.0
1668,529,542.0,0.0,0.0,92.0,0.0,10,0,3,0,0,0,0,63.4385,16.3,89.85,0.0,583.0,3.0,6543.0
1669,529,542.0,0.0,0.0,92.0,0.0,9,0,4,0,0,0,0,63.4115,16.3,89.85,0.0,583.0,4.0,6547.0
1670,529,542.0,0.0,0.0,92.0,0.0,8,0,5,0,0,0,0,63.4115,16.3,89.85,0.0,583.0,5.0,6552.0
1671,529,542.0,0.0,0.0,92.0,0.0,8,0,5,0,0,0,0,63.4115,16.3,89.85,0.0,583.0,5.0,6557.0
1672,529,542.0,0.0,0.0,92.0,0.0,8,0,5,0,0,0,0,63.4115,16.3,89.85,0.0,583.0,5.0,6562.0
1673,529,542.0,0.0,0.0,92.0,0.0,9,0,4,0,0,0,0,63.4115,16.3,89.85,1.0,584.0,5.0,6567.0
1674,529,542.0,0.0,0.0,92.0,0.0,10,0,3,0,0,0,0,63.3731,16.3,89.85,1.0,585.0,4.0,6571.0
1675,533,546.0,4.0,0.0,92.0,0.0,10,0,3,0,0,0,0,63.3077,16.3,89.85,0.0,585.0,3.0,6574.0
1676,533,546.0,0.0,0.0,92.0,0.0,9,0,4,0,0,0,0,63.2808,16.3,89.85,0.0,585.0,4.0,6578.0
1677,533,546.0,0.0,0.0,92.0,0.0,8,0,5,0,0,0,0,63.2808,16.3,89.85,0.0,585.0,5.0,6583.0
1678,533,546.0,0.0,0.0,92.0,0.0,8,0,5,0,0,0,0,63.2808,16.3,89.85,0.0,585.0,5.0,6588.0
1679,533,546.0,0.0,0.0,92.0,0.0,8,0,5,0,0,0,0,63.2808,16.3,89.85,0.0,585.0,5.0,6593.0
1680,533,546.0,0.0,0.0,92.0,0.0,9,0,4,0,0,0,0,63.2808,16.3,89.85,1.0,586.0,5.0,6598.0
1681,533,546.0,0.0,0.0,92.0,0.0,10,0,3,0,0,0,0,63.2423,16.3,89.85,1.0,587.0,4.0,6602.0
1682,533,546.0,0.0,0.0,92.0,0.0,10,0,3,0,0,0,0,63.1769,16.3,89.85,0.0,587.0,3.0,6605.0
1683,534,547.0,1.0,0.0,92.0,0.0,9,0,4,0,0,0,0,63.15,16.3,89.85,0.0,587.0,4.0,6609.0
1684,534,547.0,0.0,0.0,92.0,0.0,8,0,5,0,0,0,0,63.15,16.3,89.85,0.0,587.0,5.0,6614.0
1685,535,548.0,1.0,0.0,92.0,0.0,8,0,5,0,0,0,0,63.15,16.3,89.85,0.0,587.0,5.0,6619.0
1686,535,548.0,0.0,0.0,92.0,0.0,8,0,5,0,0,0,0,63.15,16.3,89.85,0.0,587.0,5.0,6624.0
1687,536,549.0,1.0,0.0,92.0,0.0,9,0,4,0,0,0,0,63.15,16.3,89.85,1.0,588.0,5.0,6629.0
1688,536,549.0,0.0,0.0,92.0,0.0,10,0,3,0,0,0,0,63.1115,16.3,89.85,1.0,589.0,4.0,6633.0
1689,537,550.0,1.0,0.0,92.0,0.0,10,0,3,0,0,0,0,63.0462,16.3,89.85,0.0,589.0,3.0,6636.0
1690,537,550.0,0.0,0.0,92.0,0.0,9,0,4,0,0,0,0,63.0192,16.3,89.85,0.0,589.0,4.0,6640.0
1691,538,551.0,1.0,0.0,92.0,0.0,8,0,5,0,0,0,0,63.0192,16.3,89.85,0.0,589.0,5.0,6645.0
1692,538,551.0,0.0,0.0,92.0,0.0,8,0,5,0,0,0,0,63.0192,16.3,89.85,0.0,589.0,5.0,6650.0
1693,538,551.0,0.0,0.0,92.0,0.0,8,0,5,0,0,0,0,63.0192,16.3,89.85,0.0,589.0,5.0,6655.0
1694,538,551.0,0.0,0.0,92.0,0.0,9,0,4,0,0,0,0,63.0192,16.3,89.85,1.0,590.0,5.0,6660.0
1695,539,552.0,1.0,0.0,92.0,0.0,10,0,3,0,0,0,0,62.9808,16.3,89.85,1.0,591.0,4.0,6664.0
1696,539,552.0,0.0,0.0,92.0,0.0,10,0,3,0,0,0,0,62.9154,16.3,89.85,0.0,591.0,3.0,6667.0
1697,539,552.0,0.0,0.0,92.0,0.0,9,0,4,0,0,0,0,62.8885,16.3,89.85,0.0,591.0,4.0,6671.0
1698,539,552.0,0.0,0.0,92.0,0.0,8,0,5,0,0,0,0,62.8885,16.3,89.85,0.0,591.0,5.0,6676.0
1699,541,554.0,2.0,0.0,92.0,0.0,8,0,5,0,0,0,0,62.8885,16.3,89.85,0.0,591.0,5.0,6681.0
1700,541,554.0,0.0,0.0,92.0,0.0,8,0,5,0,0,0,0,62.8885,16.3,89.85,0.0,591.0,5.0,6686.0
1701,541,554.0,0.0,0.0,92.0,0.0,9,0,4,0,0,0,0,62.8885,16.3,89.85,1.0,592.0,5.0,6691.0
1702,541,554.0,0.0,0.0,92.0,0.0,10,0,3,0,0,0,0,62.85,16.3,89.85,1.0,593.0,4.0,6695.0
1703,542,555.0,1.0,0.0,92.0,0.0,10,0,3,0,0,0,0,62.7846,16.3,89.85,0.0,593.0,3.0,6698.0
1704,542,555.0,0.0,0.0,92.0,0.0,9,0,4,0,0,0,0,62.7577,16.3,89.85,0.0,593.0,4.0,6702.0
1705,543,556.0,1.0,0.0,92.0,0.0,8,0,5,0,0,0,0,62.7577,16.3,89.85,0.0,593.0,5.0,6707.0
1706,543,556.0,0.0,0.0,92.0,0.0,8,0,5,0,0,0,0,62.7577,16.3,89.85,0.0,593.0,5.0,6712.0
1707,544,557.0,1.0,0.0,92.0,0.0,8,0,5,0,0,0,0,62.7577,16.3,89.85,0.0,593.0,5.0,6717.0
1708,544,557.0,0.0,0.0,92.0,0.0,9,0,4,0,0,0,0,62.7577,16.3,89.85,1.0,594.0,5.0,6722.0
1709,544,557.0,0.0,0.0,92.0,0.0,10,0,3,0,0,0,0,62.7192,16.3,89.85,1.0,595.0,4.0,6726.0
1710,544,557.0,0.0,0.0,92.0,0.0,10,0,3,0,0,0,0,62.6538,16.3,89.85,0.0,595.0,3.0,6729.0
1711,545,558.0,1.0,0.0,92.0,0.0,9,0,4,0,0,0,0,62.6269,16.3,89.85,0.0,595.0,4.0,6733.0
1712,545,558.0,0.0,0.0,92.0,0.0,8,0,5,0,0,0,0,62.6269,16.3,89.85,0.0,595.0,5.0,6738.0
1713,545,558.0,0.0,0.0,92.0,0.0,8,0,5,0,0,0,0,62.6269,16.3,89.85,0.0,595.0,5.0,6743.0
1714,545,558.0,0.0,0.0,92.0,0.0,8,0,5,0,0,0,0,62.6269,16.3,89.85,0.0,595.0,5.0,6748.0
1715,547,560.0,2.0,0.0,92.0,0.0,9,0,4,0,0,0,0,62.6269,16.3,89.85,1.0,596.0,5.0,6753.0
1716,547,560.0,0.0,0.0,92.0,0.0,10,0,3,0,0,0,0,62.5885,16.3,89.85,1.0,597.0,4.0,6757.0
1717,548,561.0,1.0,0.0,92.0,0.0,10,0,3,0,0,0,0,62.5231,16.3,89.85,0.0,597.0,3.0,6760.0
1718,548,561.0,0.0,0.0,92.0,0.0,9,0,4,0,0,0,0,62.4962,16.3,89.85,0.0,597.0,4.0,6764.0
1719,548,561.0,0.0,0.0,92.0,0.0,8,0,5,0,0,0,0,62.4962,16.3,89.85,0.0,597.0,5.0,6769.0
1720,548,561.0,0.0,0.0,92.0,0.0,8,0,5,0,0,0,0,62.4962,16.3,89.85,0.0,597.0,5.0,6774.0
1721,548,561.0,0.0,0.0,92.0,0.0,8,0,5,0,0,0,0,62.4962,16.3,89.85,0.0,597.0,5.0,6779.0
1722,548,561.0,0.0,0.0,92.0,0.0,9,0,4,0,0,0,0,62.4962,16.3,89.85,1.0,598.0,5.0,6784.0
1723,550,563.0,2.0,0.0,92.0,0.0,10,0,3,0,0,0,0,62.4577,16.3,89.85,1.0,599.0,4.0,6788.0
1724,550,563.0,0.0,0.0,92.0,0.0,10,0,3,0,0,0,0,62.3923,16.3,89.85,0.0,599.0,3.0,6791.0
1725,551,564.0,1.0,0.0,92.0,0.0,9,0,4,0,0,0,0,62.3654,16.3,89.85,0.0,599.0,4.0,6795.0
1726,551,564.0,0.0,0.0,92.0,0.0,8,0,5,0,0,0,0,62.3654,16.3,89.85,0.0,599.0,5.0,6800.0
1727,551,564.0,0.0,0.0,92.0,0.0,8,0,5,0,0,0,0,62.3654,16.3,89.85,0.0,599.0,5.0,6805.0
1728,551,564.0,0.0,0.0,92.0,0.0,8,0,5,0,0,0,0,62.3654,16.3,89.85,0.0,599.0,5.0,6810.0
1729,551,564.0,0.0,0.0,92.0,0.0,9,0,4,0,0,0,0,62.3654,16.3,89.85,1.0,600.0,5.0,6815.0
1730,551,564.0,0.0,0.0,92.0,0.0,10,0,3,0,0,0,0,62.3269,16.3,89.85,1.0,601.0,4.0,6819.0
1731,553,566.0,2.0,0.0,92.0,0.0,10,0,3,0,0,0,0,62.2615,16.3,89.85,0.0,601.0,3.0,6822.0
1732,553,566.0,0.0,0.0,92.0,0.0,9,0,4,0,0,0,0,62.2346,16.3,89.85,0.0,601.0,4.0,6826.0
1733,553,566.0,0.0,0.0,92.0,0.0,8,0,5,0,0,0,0,62.2346,16.3,89.85,0.0,601.0,5.0,6831.0
1734,553,566.0,0.0,0.0,92.0,0.0,8,0,5,0,0,0,0,62.2346,16.3,89.85,0.0,601.0,5.0,6836.0
1735,555,568.0,2.0,0.0,92.0,0.0,8,0,5,0,0,0,0,62.2346,16.3,89.85,0.0,601.0,5.0,6841.0
1736,555,568.0,0.0,0.0,92.0,0.0,9,0,4,0,0,0,0,62.2346,16.3,89.85,1.0,602.0,5.0,6846.0
1737,555,568.0,0.0,0.0,92.0,0.0,10,0,3,0,0,0,0,62.1962,16.3,89.85,1.0,603.0,4.0,6850.0
1738,555,568.0,0.0,0.0,92.0,0.0,10,0,3,0,0,0,0,62.1308,16.3,89.85,0.0,603.0,3.0,6853.0
1739,556,569.0,1.0,0.0,92.0,0.0,9,0,4,0,0,0,0,62.1038,16.3,89.85,0.0,603.0,4.0,6857.0
1740,556,569.0,0.0,0.0,92.0,0.0,8,0,5,0,0,0,0,62.1038,16.3,89.85,0.0,603.0,5.0,6862.0
1741,556,569.0,0.0,0.0,92.0,0.0,8,0,5,0,0,0,0,62.1038,16.3,89.85,0.0,603.0,5.0,6867.0
1742,556,569.0,0.0,0.0,92.0,0.0,8,0,5,0,0,0,0,62.1038,16.3,89.85,0.0,603.0,5.0,6872.0
1743,556,569.0,0.0,0.0,92.0,0.0,9,0,4,0,0,0,0,62.1038,16.3,89.85,1.0,604.0,5.0,6877.0
1744,556,569.0,0.0,0.0,92.0,0.0,10,0,3,0,0,0,0,62.0654,16.3,89.85,1.0,605.0,4.0,6881.0
1745,558,571.0,2.0,0.0,92.0,0.0,10,0,3,0,0,0,0,62.0,16.3,89.85,0.0,605.0,3.0,6884.0
1746,558,571.0,0.0,0.0,92.0,0.0,9,0,4,0,0,0,0,61.9731,16.3,89.85,0.0,605.0,4.0,6888.0
1747,560,573.0,2.0,0.0,92.0,0.0,8,0,5,0,0,0,0,61.9731,16.3,89.85,0.0,605.0,5.0,6893.0
1748,560,573.0,0.0,0.0,92.0,0.0,8,0,5,0,0,0,0,61.9731,16.3,89.85,0.0,605.0,5.0,6898.0
1749,560,573.0,0.0,0.0,92.0,0.0,8,0,5,0,0,0,0,61.9731,16.3,89.85,0.0,605.0,5.0,6903.0
1750,560,573.0,0.0,0.0,92.0,0.0,9,0,4,0,0,0,0,61.9731,16.3,89.85,1.0,606.0,5.0,6908.0
1751,560,573.0,0.0,0.0,92.0,0.0,10,0,3,0,0,0,0,61.9346,16.3,89.85,1.0,607.0,4.0,6912.0
1752,560,573.0,0.0,0.0,92.0,0.0,10,0,3,0,0,0,0,61.8692,16.3,89.85,0.0,607.0,3.0,6915.0
1753,560,573.0,0.0,0.0,92.0,0.0,9,0,4,0,0,0,0,61.8423,16.3,89.85,0.0,607.0,4.0,6919.0
1754,560,573.0,0.0,0.0,92.0,0.0,8,0,5,0,0,0,0,61.8423,16.3,89.85,0.0,607.0,5.0,6924.0
1755,562,575.0,2.0,0.0,92.0,0.0,8,0,5,0,0,0,0,61.8423,16.3,89.85,0.0,607.0,5.0,6929.0
1756,562,575.0,0.0,0.0,92.0,0.0,8,0,5,0,0,0,0,61.8423,16.3,89.85,0.0,607.0,5.0,6934.0
1757,562,575.0,0.0,0.0,92.0,0.0,9,0,4,0,0,0,0,61.8423,16.3,89.85,1.0,608.0,5.0,6939.0
1758,562,575.0,0.0,0.0,92.0,0.0,10,0,3,0,0,0,0,61.8038,16.3,89.85,1.0,609.0,4.0,6943.0
1759,564,577.0,2.0,0.0,92.0,0.0,10,0,3,0,0,0,0,61.7385,16.3,89.85,0.0,609.0,3.0,6946.0
1760,564,577.0,0.0,0.0,92.0,0.0,9,0,4,0,0,0,0,61.7115,16.3,89.85,0.0,609.0,4.0,6950.0
1761,564,577.0,0.0,0.0,92.0,0.0,8,0,5,0,0,0,0,61.7115,16.3,89.85,0.0,609.0,5.0,6955.0
1762,564,577.0,0.0,0.0,92.0,0.0,8,0,5,0,0,0,0,61.7115,16.3,89.85,0.0,609.0,5.0,6960.0
1763,565,578.0,1.0,0.0,92.0,0.0,8,0,5,0,0,0,0,61.7115,16.3,89.85,0.0,609.0,5.0,6965.0
1764,565,578.0,0.0,0.0,92.0,0.0,9,0,4,0,0,0,0,61.7115,16.3,89.85,1.0,610.0,5.0,6970.0
1765,566,579.0,1.0,0.0,92.0,0.0,10,0,3,0,0,0,0,61.6731,16.3,89.85,1.0,611.0,4.0,6974.0
1766,566,579.0,0.0,0.0,92.0,0.0,10,0,3,0,0,0,0,61.6077,16.3,89.85,0.0,611.0,3.0,6977.0
1767,566,579.0,0.0,0.0,92.0,0.0,9,0,4,0,0,0,0,61.5808,16.3,89.85,0.0,611.0,4.0,6981.0
1768,566,579.0,0.0,0.0,92.0,0.0,8,0,5,0,0,0,0,61.5808,16.3,89.85,0.0,611.0,5.0,6986.0
1769,566,579.0,0.0,0.0,92.0,0.0,8,0,5,0,0,0,0,61.5808,16.3,89.85,0.0,611.0,5.0,6991.0
1770,566,579.0,0.0,0.0,92.0,0.0,8,0,5,0,0,0,0,61.5808,16.3,89.85,0.0,611.0,5.0,6996.0
1771,568,581.0,2.0,0.0,92.0,0.0,9,0,4,0,0,0,0,61.5808,16.3,89.85,1.0,612.0,5.0,7001.0
1772,568,581.0,0.0,0.0,92.0,0.0,10,0,3,0,0,0,0,61.5423,16.3,89.85,1.0,613.0,4.0,7005.0
1773,569,582.0,1.0,0.0,92.0,0.0,10,0,3,0,0,0,0,61.4769,16.3,89.85,0.0,613.0,3.0,7008.0
1774,569,582.0,0.0,0.0,92.0,0.0,9,0,4,0,0,0,0,61.45,16.3,89.85,0.0,613.0,4.0,7012.0
1775,570,583.0,1.0,0.0,92.0,0.0,8,0,5,0,0,0,0,61.45,16.3,89.85,0.0,613.0,5.0,7017.0
1776,570,583.0,0.0,0.0,92.0,0.0,8,0,5,0,0,0,0,61.45,16.3,89.85,0.0,613.0,5.0,7022.0
1777,570,583.0,0.0,0.0,92.0,0.0,8,0,5,0,0,0,0,61.45,16.3,89.85,0.0,613.0,5.0,7027.0
1778,570,583.0,0.0,0.0,92.0,0.0,9,0,4,0,0,0,0,61.45,16.3,89.85,1.0,614.0,5.0,7032.0
1779,571,584.0,1.0,0.0,92.0,0.0,10,0,3,0,0,0,0,61.4115,16.3,89.85,1.0,615.0,4.0,7036.0
1780,571,584.0,0.0,0.0,92.0,0.0,10,0,3,0,0,0,0,61.3462,16.3,89.85,0.0,615.0,3.0,7039.0
1781,571,584.0,0.0,0.0,92.0,0.0,9,0,4,0,0,0,0,61.3192,16.3,89.85,0.0,615.0,4.0,7043.0
1782,571,584.0,0.0,0.0,92.0,0.0,8,0,5,0,0,0,0,61.3192,16.3,89.85,0.0,615.0,5.0,7048.0
1783,572,585.0,1.0,0.0,92.0,0.0,8,0,5,0,0,0,0,61.3192,16.3,89.85,0.0,615.0,5.0,7053.0
1784,572,585.0,0.0,0.0,92.0,0.0,8,0,5,0,0,0,0,61.3192,16.3,89.85,0.0,615.0,5.0,7058.0
1785,573,586.0,1.0,0.0,92.0,0.0,9,0,4,0,0,0,0,61.3192,16.3,89.85,1.0,616.0,5.0,7063.0
1786,573,586.0,0.0,0.0,92.0,0.0,10,0,3,0,0,0,0,61.2808,16.3,89.85,1.0,617.0,4.0,7067.0
1787,575,588.0,2.0,0.0,92.0,0.0,10,0,3,0,0,0,0,61.2154,16.3,89.85,0.0,617.0,3.0,7070.0
1788,575,588.0,0.0,0.0,92.0,0.0,9,0,4,0,0,0,0,61.1885,16.3,89.85,0.0,617.0,4.0,7074.0
1789,575,588.0,0.0,0.0,92.0,0.0,8,0,5,0,0,0,0,61.1885,16.3,89.85,0.0,617.0,5.0,7079.0
1790,575,588.0,0.0,0.0,92.0,0.0,8,0,5,0,0,0,0,61.1885,16.3,89.85,0.0,617.0,5.0,7084.0
1791,575,588.0,0.0,0.0,92.0,0.0,8,0,5,0,0,0,0,61.1885,16.3,89.85,0.0,617.0,5.0,7089.0
1792,575,588.0,0.0,0.0,92.0,0.0,9,0,4,0,0,0,0,61.1885,16.3,89.85,1.0,618.0,5.0,7094.0
1793,575,588.0,0.0,0.0,92.0,0.0,10,0,3,0,0,0,0,61.15,16.3,89.85,1.0,619.0,4.0,7098.0
1794,575,588.0,0.0,0.0,92.0,0.0,10,0,3,0,0,0,0,61.0846,16.3,89.85,0.0,619.0,3.0,7101.0
1795,578,591.0,3.0,0.0,92.0,0.0,9,0,4,0,0,0,0,61.0577,16.3,89.85,0.0,619.0,4.0,7105.0
1796,578,591.0,0.0,0.0,92.0,0.0,8,0,5,0,0,0,0,61.0577,16.3,89.85,0.0,619.0,5.0,7110.0
1797,578,591.0,0.0,0.0,92.0,0.0,8,0,5,0,0,0,0,61.0577,16.3,89.85,0.0,619.0,5.0,7115.0
1798,578,591.0,0.0,0.0,92.0,0.0,8,0,5,0,0,0,0,61.0577,16.3,89.85,0.0,619.0,5.0,7120.0
1799,578,591.0,0.0,0.0,92.0,0.0,9,0,4,0,0,0,0,61.0577,16.3,89.85,1.0,620.0,5.0,7125.0
1800,578,591.0,0.0,0.0,92.0,0.0,10,0,3,0,0,0,0,61.0192,16.3,89.85,1.0,621.0,4.0,7129.0
1801,579,592.0,1.0,0.0,92.0,0.0,10,0,3,0,0,0,0,60.9538,16.3,89.85,0.0,621.0,3.0,7132.0
1802,579,592.0,0.0,0.0,92.0,0.0,9,0,4,0,0,0,0,60.9269,16.3,89.85,0.0,621.0,4.0,7136.0
1803,580,593.0,1.0,0.0,92.0,0.0,8,0,5,0,0,0,0,60.9269,16.3,89.85,0.0,621.0,5.0,7141.0
1804,580,593.0,0.0,0.0,92.0,0.0,8,0,5,0,0,0,0,60.9269,16.3,89.85,0.0,621.0,5.0,7146.0
1805,581,594.0,1.0,0.0,92.0,0.0,8,0,5,0,0,0,0,60.9269,16.3,89.85,0.0,621.0,5.0,7151.0
1806,581,594.0,0.0,0.0,92.0,0.0,9,0,4,0,0,0,0,60.9269,16.3,89.85,1.0,622.0,5.0,7156.0
1807,582,595.0,1.0,0.0,92.0,0.0,10,0,3,0,0,0,0,60.8885,16.3,89.85,1.0,623.0,4.0,7160.0
1808,582,595.0,0.0,0.0,92.0,0.0,10,0,3,0,0,0,0,60.8231,16.3,89.85,0.0,623.0,3.0,7163.0
1809,582,595.0,0.0,0.0,92.0,0.0,9,0,4,0,0,0,0,60.7962,16.3,89.85,0.0,623.0,4.0,7167.0
1810,582,595.0,0.0,0.0,92.0,0.0,8,0,5,0,0,0,0,60.7962,16.3,89.85,0.0,623.0,5.0,7172.0
1811,583,596.0,1.0,0.0,92.0,0.0,8,0,5,0,0,0,0,60.7962,16.3,89.85,0.0,623.0,5.0,7177.0
1812,583,596.0,0.0,0.0,92.0,0.0,8,0,5,0,0,0,0,60.7962,16.3,89.85,0.0,623.0,5.0,7182.0
1813,583,596.0,0.0,0.0,92.0,0.0,9,0,4,0,0,0,0,60.7962,16.3,89.85,1.0,624.0,5.0,7187.0
1814,583,596.0,0.0,0.0,92.0,0.0,10,0,3,0,0,0,0,60.7577,16.3,89.85,1.0,625.0,4.0,7191.0
1815,585,598.0,2.0,0.0,92.0,0.0,10,0,3,0,0,0,0,60.6923,16.3,89.85,0.0,625.0,3.0,7194.0
1816,585,598.0,0.0,0.0,92.0,0.0,9,0,4,0,0,0,0,60.6654,16.3,89.85,0.0,625.0,4.0,7198.0
1817,585,598.0,0.0,0.0,92.0,0.0,8,0,5,0,0,0,0,60.6654,16.3,89.85,0.0,625.0,5.0,7203.0
1818,585,598.0,0.0,0.0,92.0,0.0,8,0,5,0,0,0,0,60.6654,16.3,89.85,0.0,625.0,5.0,7208.0
1819,587,600.0,2.0,0.0,92.0,0.0,8,0,5,0,0,0,0,60.6654,16.3,89.85,0.0,625.0,5.0,7213.0
1820,587,600.0,0.0,0.0,92.0,0.0,9,0,4,0,0,0,0,60.6654,16.3,89.85,1.0,626.0,5.0,7218.0
1821,587,600.0,0.0,0.0,92.0,0.0,10,0,3,0,0,0,0,60.6269,16.3,89.85,1.0,627.0,4.0,7222.0
1822,587,600.0,0.0,0.0,92.0,0.0,10,0,3,0,0,0,0,60.5615,16.3,89.85,0.0,627.0,3.0,7225.0
1823,587,600.0,0.0,0.0,92.0,0.0,9,0,4,0,0,0,0,60.5346,16.3,89.85,0.0,627.0,4.0,7229.0
1824,587,600.0,0.0,0.0,92.0,0.0,8,0,5,0,0,0,0,60.5346,16.3,89.85,0.0,627.0,5.0,7234.0
1825,588,601.0,1.0,0.0,92.0,0.0,8,0,5,0,0,0,0,60.5346,16.3,89.85,0.0,627.0,5.0,7239.0
1826,588,601.0,0.0,0.0,92.0,0.0,8,0,5,0,0,0,0,60.5346,16.3,89.85,0.0,627.0,5.0,7244.0
1827,589,602.0,1.0,0.0,92.0,0.0,9,0,4,0,0,0,0,60.5346,16.3,89.85,1.0,628.0,5.0,7249.0
1828,589,602.0,0.0,0.0,92.0,0.0,10,0,3,0,0,0,0,60.4962,16.3,89.85,1.0,629.0,4.0,7253.0
1829,590,603.0,1.0,0.0,92.0,0.0,10,0,3,0,0,0,0,60.4308,16.3,89.85,0.0,629.0,3.0,7256.0
1830,590,603.0,0.0,0.0,92.0,0.0,9,0,4,0,0,0,0,60.4038,16.3,89.85,0.0,629.0,4.0,7260.0
1831,591,604.0,1.0,0.0,92.0,0.0,8,0,5,0,0,0,0,60.4038,16.3,89.85,0.0,629.0,5.0,7265.0
1832,591,604.0,0.0,0.0,92.0,0.0,8,0,5,0,0,0,0,60.4038,16.3,89.85,0.0,629.0,5.0,7270.0
1833,591,604.0,0.0,0.0,92.0,0.0,8,0,5,0,0,0,0,60.4038,16.3,89.85,0.0,629.0,5.0,7275.0
1834,591,604.0,0.0,0.0,92.0,0.0,9,0,4,0,0,0,0,60.4038,16.3,89.85,1.0,630.0,5.0,7280.0
1835,593,606.0,2.0,0.0,92.0,0.0,10,0,3,0,0,0,0,60.3654,16.3,89.85,1.0,631.0,4.0,7284.0
1836,593,606.0,0.0,0.0,92.0,0.0,10,0,3,0,0,0,0,60.3,16.3,89.85,0.0,631.0,3.0,7287.0
1837,593,606.0,0.0,0.0,92.0,0.0,9,0,4,0,0,0,0,60.2731,16.3,89.85,0.0,631.0,4.0,7291.0
1838,593,606.0,0.0,0.0,92.0,0.0,8,0,5,0,0,0,0,60.2731,16.3,89.85,0.0,631.0,5.0,7296.0
1839,593,606.0,0.0,0.0,92.0,0.0,8,0,5,0,0,0,0,60.2731,16.3,89.85,0.0,631.0,5.0,7301.0
1840,593,606.0,0.0,0.0,92.0,0.0,8,0,5,0,0,0,0,60.2731,16.3,89.85,0.0,631.0,5.0,7306.0
1841,593,606.0,0.0,0.0,92.0,0.0,9,0,4,0,0,0,0,60.2731,16.3,89.85,1.0,632.0,5.0,7311.0
1842,593,606.0,0.0,0.0,92.0,0.0,10,0,3,0,0,0,0,60.2346,16.3,89.85,1.0,633.0,4.0,7315.0
1843,596,609.0,3.0,0.0,92.0,0.0,10,0,3,0,0,0,0,60.1692,16.3,89.85,0.0,633.0,3.0,7318.0
1844,596,609.0,0.0,0.0,92.0,0.0,9,0,4,0,0,0,0,60.1423,16.3,89.85,0.0,633.0,4.0,7322.0
1845,597,610.0,1.0,0.0,92.0,0.0,8,0,5,0,0,0,0,60.1423,16.3,89.85,0.0,633.0,5.0,7327.0
1846,597,610.0,0.0,0.0,92.0,0.0,8,0,5,0,0,0,0,60.1423,16.3,89.85,0.0,633.0,5.0,7332.0
1847,597,610.0,0.0,0.0,92.0,0.0,8,0,5,0,0,0,0,60.1423,16.3,89.85,0.0,633.0,5.0,7337.0
1848,597,610.0,0.0,0.0,92.0,0.0,9,0,4,0,0,0,0,60.1423,16.3,89.85,1.0,634.0,5.0,7342.0
1849,597,610.0,0.0,0.0,92.0,0.0,10,0,3,0,0,0,0,60.1038,16.3,89.85,1.0,635.0,4.0,7346.0
1850,597,610.0,0.0,0.0,92.0,0.0,10,0,3,0,0,0,0,60.0385,16.3,89.85,0.0,635.0,3.0,7349.0
1851,598,611.0,1.0,0.0,92.0,0.0,9,0,4,0,0,0,0,60.0115,16.3,89.85,0.0,635.0,4.0,7353.0
1852,598,611.0,0.0,0.0,92.0,0.0,8,0,5,0,0,0,0,60.0115,16.3,89.85,0.0,635.0,5.0,7358.0
1853,598,611.0,0.0,0.0,92.0,0.0,8,0,5,0,0,0,0,60.0115,16.3,89.85,0.0,635.0,5.0,7363.0
1854,598,611.0,0.0,0.0,92.0,0.0,8,0,5,0,0,0,0,60.0115,16.3,89.85,0.0,635.0,5.0,7368.0
1855,600,613.0,2.0,0.0,92.0,0.0,9,0,4,0,0,0,0,60.0115,16.3,89.85,1.0,636.0,5.0,7373.0
1856,600,613.0,0.0,0.0,92.0,0.0,10,0,3,0,0,0,0,59.9731,16.3,89.85,1.0,637.0,4.0,7377.0
1857,601,614.0,1.0,0.0,92.0,0.0,10,0,3,0,0,0,0,59.9077,16.3,89.85,0.0,637.0,3.0,7380.0
1858,601,614.0,0.0,0.0,92.0,0.0,9,0,4,0,0,0,0,59.8808,16.3,89.85,0.0,637.0,4.0,7384.0
1859,602,615.0,1.0,0.0,92.0,0.0,8,0,5,0,0,0,0,59.8808,16.3,89.85,0.0,637.0,5.0,7389.0
1860,602,615.0,0.0,0.0,92.0,0.0,8,0,5,0,0,0,0,59.8808,16.3,89.85,0.0,637.0,5.0,7394.0
1861,602,615.0,0.0,0.0,92.0,0.0,8,0,5,0,0,0,0,59.8808,16.3,89.85,0.0,637.0,5.0,7399.0
1862,602,615.0,0.0,0.0,92.0,0.0,9,0,4,0,0,0,0,59.8808,16.3,89.85,1.0,638.0,5.0,7404.0
1863,602,615.0,0.0,0.0,92.0,0.0,10,0,3,0,0,0,0,59.8423,16.3,89.85,1.0,639.0,4.0,7408.0
1864,602,615.0,0.0,0.0,92.0,0.0,10,0,3,0,0,0,0,59.7769,16.3,89.85,0.0,639.0,3.0,7411.0
1865,603,616.0,1.0,0.0,92.0,0.0,9,0,4,0,0,0,0,59.75,16.3,89.85,0.0,639.0,4.0,7415.0
1866,603,616.0,0.0,0.0,92.0,0.0,8,0,5,0,0,0,0,59.75,16.3,89.85,0.0,639.0,5.0,7420.0
1867,605,618.0,2.0,0.0,92.0,0.0,8,0,5,0,0,0,0,59.75,16.3,89.85,0.0,639.0,5.0,7425.0
1868,605,618.0,0.0,0.0,92.0,0.0,8,0,5,0,0,0,0,59.75,16.3,89.85,0.0,639.0,5.0,7430.0
1869,605,618.0,0.0,0.0,92.0,0.0,9,0,4,0,0,0,0,59.75,16.3,89.85,1.0,640.0,5.0,7435.0
1870,605,618.0,0.0,0.0,92.0,0.0,10,0,3,0,0,0,0,59.7115,16.3,89.85,1.0,641.0,4.0,7439.0
1871,606,619.0,1.0,0.0,92.0,0.0,10,0,2,0,1,0,0,59.6462,16.3,89.85,1.0,642.0,3.0,7442.0
1872,606,619.0,0.0,0.0,92.0,0.0,9,0,3,0,1,0,0,59.5923,16.3,89.85,0.0,642.0,3.0,7445.0
1873,606,619.0,0.0,0.0,92.0,0.0,9,0,3,0,1,0,0,59.5385,16.0,89.85,0.0,642.0,3.0,7448.0
1874,606,619.0,0.0,0.0,92.0,0.0,8,0,4,0,1,0,0,59.4846,15.65,89.85,0.0,642.0,4.0,7452.0
1875,608,621.0,2.0,0.0,92.0,0.0,7,0,5,0,1,0,0,59.4577,15.3,89.85,0.0,642.0,5.0,7457.0
1876,608,621.0,0.0,0.0,92.0,0.0,9,0,3,0,1,0,0,59.4308,14.95,89.85,2.0,644.0,5.0,7462.0
1877,608,621.0,0.0,0.0,92.0,0.0,9,0,3,0,1,0,0,59.3385,14.6,89.85,0.0,644.0,3.0,7465.0
1878,608,621.0,0.0,0.0,92.0,0.0,9,0,3,0,1,0,0,59.2192,14.25,89.85,0.0,644.0,3.0,7468.0
1879,609,622.0,1.0,0.0,92.0,0.0,7,0,5,0,1,0,0,59.1654,13.9,89.85,0.0,644.0,5.0,7473.0
1880,609,622.0,0.0,0.0,92.0,0.0,7,0,5,0,1,0,0,59.1115,13.55,89.85,0.0,644.0,5.0,7478.0
1881,609,622.0,0.0,0.0,92.0,0.0,7,0,5,0,1,0,0,59.0577,13.2,89.85,0.0,644.0,5.0,7483.0
1882,609,622.0,0.0,0.0,92.0,0.0,6,0,7,0,0,0,0,59.0577,13.2,89.85,0.0,644.0,7.0,7490.0
1883,610,623.0,1.0,0.0,92.0,0.0,9,0,4,0,0,0,0,59.0577,13.2,89.85,3.0,647.0,7.0,7497.0
1884,610,623.0,0.0,0.0,92.0,0.0,9,0,3,0,1,0,0,58.9385,12.85,89.85,0.0,647.0,3.0,7500.0
1885,612,625.0,2.0,0.0,92.0,0.0,9,0,3,0,1,0,0,58.8192,12.5,89.85,0.0,647.0,3.0,7503.0
1886,612,625.0,0.0,0.0,92.0,0.0,7,0,5,0,1,0,0,58.7654,12.15,89.85,0.0,647.0,5.0,7508.0
1887,612,625.0,0.0,0.0,92.0,0.0,7,0,5,0,1,0,0,58.7115,11.8,89.85,0.0,647.0,5.0,7513.0
1888,612,625.0,0.0,0.0,92.0,0.0,7,0,5,0,1,0,0,58.6577,11.45,89.85,0.0,647.0,5.0,7518.0
1889,612,625.0,0.0,0.0,92.0,0.0,7,0,5,0,1,0,0,58.6038,11.1,89.85,0.0,647.0,5.0,7523.0
1890,612,625.0,0.0,0.0,92.0,0.0,9,0,3,0,1,0,0,58.55,10.75,89.85,2.0,649.0,5.0,7528.0
1891,614,627.0,2.0,0.0,92.0,0.0,9,0,3,0,1,0,0,58.4308,10.4,89.85,0.0,649.0,3.0,7531.0
1892,614,627.0,0.0,0.0,92.0,0.0,9,0,3,0,1,0,0,58.3115,10.05,89.85,0.0,649.0,3.0,7534.0
1893,614,627.0,0.0,0.0,92.0,0.0,6,0,6,0,1,0,0,58.2846,9.7,89.85,0.0,649.0,6.0,7540.0
1894,614,627.0,0.0,0.0,92.0,0.0,7,0,5,0,1,0,0,58.2577,9.35,89.85,1.0,650.0,6.0,7546.0
1895,615,628.0,1.0,0.0,92.0,0.0,7,0,5,0,1,0,0,58.2038,9.0,89.85,0.0,650.0,5.0,7551.0
1896,615,628.0,0.0,0.0,92.0,0.0,7,0,5,0,1,0,0,58.1769,8.65,89.85,0.0,650.0,5.0,7556.0
1897,615,628.0,0.0,0.0,92.0,0.0,9,0,3,0,1,0,0,58.15,8.3,89.85,2.0,652.0,5.0,7561.0
1898,615,628.0,0.0,0.0,92.0,0.0,9,0,3,0,1,0,0,58.0577,7.95,89.85,0.0,652.0,3.0,7564.0
1899,617,630.0,2.0,0.0,92.0,0.0,9,0,3,0,1,0,0,57.9385,7.6,89.85,0.0,652.0,3.0,7567.0
1900,617,630.0,0.0,0.0,92.0,0.0,6,0,6,0,1,0,0,57.9115,7.25,89.85,0.0,652.0,6.0,7573.0
1901,617,630.0,0.0,0.0,92.0,0.0,7,0,5,0,1,0,0,57.8846,6.9,89.85,1.0,653.0,6.0,7579.0
1902,617,630.0,0.0,0.0,92.0,0.0,7,0,5,0,1,0,0,57.8308,6.55,89.85,0.0,653.0,5.0,7584.0
1903,618,631.0,1.0,0.0,92.0,0.0,7,0,5,0,1,0,0,57.8038,6.2,89.85,0.0,653.0,5.0,7589.0
1904,618,631.0,0.0,0.0,92.0,0.0,9,0,3,0,1,0,0,57.7769,5.85,89.85,2.0,655.0,5.0,7594.0
1905,619,632.0,1.0,0.0,92.0,0.0,9,0,3,0,1,0,0,57.6846,5.5,89.85,0.0,655.0,3.0,7597.0
1906,619,632.0,0.0,0.0,92.0,0.0,9,0,3,0,1,0,0,57.5654,5.15,89.85,0.0,655.0,3.0,7600.0
1907,620,633.0,1.0,0.0,92.0,0.0,6,0,6,0,1,0,0,57.5385,4.8,89.85,0.0,655.0,6.0,7606.0
1908,620,633.0,0.0,0.0,92.0,0.0,7,0,5,0,1,0,0,57.5115,4.45,89.85,1.0,656.0,6.0,7612.0
1909,620,633.0,0.0,0.0,92.0,0.0,7,0,5,1,0,0,0,57.4577,4.1,89.85,0.0,656.0,5.0,7617.0
1910,620,633.0,0.0,0.0,92.0,0.0,7,0,5,1,0,0,0,58.1954,13.69,89.85,0.0,656.0,5.0,7622.0
1911,620,633.0,0.0,0.0,92.0,0.0,9,0,3,1,0,0,0,58.9331,16.3,89.85,2.0,658.0,5.0,7627.0
1912,620,633.0,0.0,0.0,92.0,0.0,9,0,3,1,0,0,0,59.6054,16.3,89.85,0.0,658.0,3.0,7630.0
1913,621,634.0,1.0,0.0,92.0,0.0,9,0,3,1,0,0,0,60.2508,16.3,89.85,0.0,658.0,3.0,7633.0
1914,621,634.0,0.0,0.0,92.0,0.0,6,0,6,1,0,0,0,60.9885,16.3,89.85,0.0,658.0,6.0,7639.0
1915,624,637.0,3.0,0.0,92.0,0.0,7,0,5,1,0,0,0,61.7262,16.3,89.85,1.0,659.0,6.0,7645.0
1916,624,637.0,0.0,0.0,92.0,0.0,7,0,5,1,0,0,0,62.4369,16.3,89.85,0.0,659.0,5.0,7650.0
1917,624,637.0,0.0,0.0,92.0,0.0,7,0,5,1,0,0,0,63.1746,16.3,89.85,0.0,659.0,5.0,7655.0
1918,624,637.0,0.0,0.0,92.0,0.0,9,0,3,1,0,0,0,63.9123,16.3,90.41,2.0,661.0,5.0,7660.0
1919,624,637.0,0.0,0.0,92.0,0.0,10,0,3,0,0,0,0,64.5577,16.3,99.65,0.0,661.0,3.0,7663.0
1920,624,637.0,0.0,0.0,92.0,0.0,10,0,3,0,0,0,0,64.4385,16.3,99.3,0.0,661.0,3.0,7666.0
1921,624,637.0,0.0,0.0,92.0,0.0,7,0,6,0,0,0,0,64.4115,16.3,98.95,0.0,661.0,6.0,7672.0
1922,624,637.0,0.0,0.0,92.0,0.0,8,0,5,0,0,0,0,64.3846,16.3,98.6,1.0,662.0,6.0,7678.0
1923,625,638.0,1.0,0.0,92.0,0.0,8,0,5,0,0,0,0,64.3308,16.3,98.25,0.0,662.0,5.0,7683.0
1924,625,638.0,0.0,0.0,92.0,0.0,8,0,5,0,0,0,0,64.3038,16.3,97.9,0.0,662.0,5.0,7688.0
1925,626,639.0,1.0,0.0,92.0,0.0,10,0,3,0,0,0,0,64.2769,16.3,97.55,2.0,664.0,5.0,7693.0
1926,626,639.0,0.0,0.0,92.0,0.0,10,0,3,0,0,0,0,64.1846,16.3,97.2,0.0,664.0,3.0,7696.0
1927,628,641.0,2.0,0.0,92.0,0.0,10,0,3,0,0,0,0,64.0654,16.3,96.85,0.0,664.0,3.0,7699.0
1928,628,641.0,0.0,0.0,92.0,0.0,7,0,6,0,0,0,0,64.0385,16.3,96.5,0.0,664.0,6.0,7705.0
1929,628,641.0,0.0,0.0,92.0,0.0,8,0,5,0,0,0,0,64.0115,16.3,96.15,1.0,665.0,6.0,7711.0
1930,628,641.0,0.0,0.0,92.0,0.0,8,0,5,0,0,0,0,63.9577,16.3,95.8,0.0,665.0,5.0,7716.0
1931,629,642.0,1.0,0.0,92.0,0.0,8,0,5,0,0,0,0,63.9308,16.3,95.45,0.0,665.0,5.0,7721.0
1932,629,642.0,0.0,0.0,92.0,0.0,10,0,3,0,0,0,0,63.9038,16.3,95.1,2.0,667.0,5.0,7726.0
1933,629,642.0,0.0,0.0,92.0,0.0,10,0,3,0,0,0,0,63.8115,16.3,94.75,0.0,667.0,3.0,7729.0
1934,629,642.0,0.0,0.0,92.0,0.0,10,0,3,0,0,0,0,63.6923,16.0,94.4,0.0,667.0,3.0,7732.0
1935,630,643.0,1.0,0.0,92.0,0.0,7,0,6,0,0,0,0,63.6654,16.0,94.05,0.0,667.0,6.0,7738.0
1936,630,643.0,0.0,0.0,92.0,0.0,8,0,5,0,0,0,0,63.6385,16.0,93.7,1.0,668.0,6.0,7744.0
1937,630,643.0,0.0,0.0,92.0,0.0,8,0,5,0,0,0,0,63.5846,16.0,93.35,0.0,668.0,5.0,7749.0
1938,630,643.0,0.0,0.0,92.0,0.0,8,0,5,0,0,0,0,63.5577,16.0,93.0,0.0,668.0,5.0,7754.0
1939,632,645.0,2.0,0.0,92.0,0.0,10,0,3,0,0,0,0,63.5308,16.0,92.65,2.0,670.0,5.0,7759.0
1940,632,645.0,0.0,0.0,92.0,0.0,10,0,3,0,0,0,0,63.4385,15.5,92.3,0.0,670.0,3.0,7762.0
1941,633,646.0,1.0,0.0,92.0,0.0,10,0,3,0,0,0,0,63.3192,15.0,91.95,0.0,670.0,3.0,7765.0
1942,633,646.0,0.0,0.0,92.0,0.0,7,0,6,0,0,0,0,63.2923,15.0,91.6,0.0,670.0,6.0,7771.0
1943,633,646.0,0.0,0.0,92.0,0.0,8,0,5,0,0,0,0,63.2654,15.0,91.25,1.0,671.0,6.0,7777.0
1944,633,646.0,0.0,0.0,92.0,0.0,8,0,5,0,0,0,0,63.2115,15.0,90.9,0.0,671.0,5.0,7782.0
1945,634,647.0,1.0,0.0,92.0,0.0,7,0,6,0,0,0,0,63.2115,15.0,90.9,0.0,671.0,6.0,7788.0
1946,634,647.0,0.0,0.0,92.0,0.0,10,0,3,0,0,0,0,63.2115,15.0,90.9,3.0,674.0,6.0,7794.0
1947,635,648.0,1.0,0.0,92.0,0.0,10,0,2,0,1,0,0,63.1192,14.5,90.55,1.0,675.0,3.0,7797.0
1948,635,648.0,0.0,0.0,92.0,0.0,10,0,2,0,1,0,0,63.0,14.15,90.55,0.0,675.0,2.0,7799.0
1949,635,648.0,0.0,0.0,92.0,0.0,8,0,4,0,1,0,0,62.9346,13.8,90.55,0.0,675.0,4.0,7803.0
1950,635,648.0,0.0,0.0,92.0,0.0,8,0,4,0,1,0,0,62.9077,13.45,90.55,1.0,676.0,5.0,7808.0
1951,636,649.0,1.0,0.0,92.0,0.0,8,0,4,0,1,0,0,62.8538,13.1,90.55,0.0,676.0,4.0,7812.0
1952,636,649.0,0.0,0.0,92.0,0.0,8,0,4,0,1,0,0,62.8269,12.75,90.55,0.0,676.0,4.0,7816.0
1953,636,649.0,0.0,0.0,92.0,0.0,9,0,3,0,1,0,0,62.8,12.4,90.55,1.0,677.0,4.0,7820.0
1954,636,649.0,0.0,0.0,92.0,0.0,10,0,2,0,1,0,0,62.7462,12.05,90.55,1.0,678.0,3.0,7823.0
1955,639,652.0,3.0,0.0,92.0,0.0,9,0,2,0,2,0,0,62.6269,11.7,90.55,0.0,678.0,2.0,7825.0
1956,639,652.0,0.0,0.0,92.0,0.0,7,0,4,0,2,0,0,62.5731,11.35,90.55,0.0,678.0,4.0,7829.0
1957,639,652.0,0.0,0.0,92.0,0.0,8,0,3,0,2,0,0,62.5192,11.0,90.55,1.0,679.0,4.0,7833.0
1958,639,652.0,0.0,0.0,92.0,0.0,8,0,3,0,2,0,0,62.3346,10.65,90.55,0.0,679.0,3.0,7836.0
1959,639,652.0,0.0,0.0,92.0,0.0,8,0,3,0,2,0,0,62.1769,10.3,90.55,0.0,679.0,3.0,7839.0
1960,639,652.0,0.0,0.0,92.0,0.0,8,0,3,0,2,0,0,62.0462,9.95,90.55,1.0,680.0,4.0,7843.0
1961,639,652.0,0.0,0.0,92.0,0.0,9,0,2,0,2,0,0,61.8615,9.6,90.55,0.0,680.0,2.0,7845.0
1962,639,652.0,0.0,0.0,92.0,0.0,6,0,5,0,2,0,0,61.7,9.25,90.2,0.0,680.0,5.0,7850.0
1963,641,654.0,2.0,0.0,92.0,0.0,5,0,6,0,2,0,0,61.5923,8.9,89.85,1.0,681.0,7.0,7857.0
1964,641,654.0,0.0,0.0,92.0,0.0,7,0,4,0,2,0,0,61.4462,8.55,89.5,2.0,683.0,6.0,7863.0
1965,642,655.0,1.0,0.0,92.0,0.0,7,0,4,0,2,0,0,61.3115,8.2,89.15,1.0,684.0,5.0,7868.0
1966,642,655.0,0.0,0.0,92.0,0.0,8,0,3,0,2,0,0,61.1923,7.85,88.8,1.0,685.0,4.0,7872.0
1967,642,655.0,0.0,0.0,92.0,0.0,9,0,2,0,2,0,0,61.0462,7.5,88.45,1.0,686.0,3.0,7875.0
1968,642,655.0,0.0,0.0,92.0,0.0,7,0,4,0,2,0,0,60.9654,7.15,88.45,0.0,686.0,4.0,7879.0
1969,643,656.0,1.0,0.0,92.0,0.0,8,0,3,0,2,0,0,60.8308,6.8,88.45,1.0,687.0,4.0,7883.0
1970,643,656.0,0.0,0.0,92.0,0.0,6,0,5,0,2,0,0,60.7231,6.45,88.45,0.0,687.0,5.0,7888.0
1971,644,657.0,1.0,0.0,92.0,0.0,7,0,4,0,2,0,0,60.6423,6.1,88.45,1.0,688.0,5.0,7893.0
1972,644,657.0,0.0,0.0,92.0,0.0,8,0,3,0,2,0,0,60.5346,5.75,88.45,1.0,689.0,4.0,7897.0
1973,644,657.0,0.0,0.0,92.0,0.0,8,0,3,0,2,0,0,60.4154,5.4,88.45,0.0,689.0,3.0,7900.0
1974,644,657.0,0.0,0.0,92.0,0.0,9,0,2,0,2,0,0,60.2962,5.05,88.45,1.0,690.0,3.0,7903.0
1975,646,659.0,2.0,0.0,92.0,0.0,8,0,3,0,2,0,0,60.1885,4.7,88.45,0.0,690.0,3.0,7906.0
1976,646,659.0,0.0,0.0,92.0,0.0,8,0,3,1,1,0,0,60.0269,4.35,88.45,0.0,690.0,3.0,7909.0
1977,646,659.0,0.0,0.0,92.0,0.0,6,0,5,1,1,0,0,60.6819,7.1,88.45,0.0,690.0,5.0,7914.0
1978,646,659.0,0.0,0.0,92.0,0.0,7,0,4,1,1,0,0,61.3369,6.75,88.45,1.0,691.0,5.0,7919.0
1979,647,660.0,1.0,0.0,92.0,0.0,8,0,3,1,1,0,0,61.965,6.4,88.45,1.0,692.0,4.0,7923.0
1980,647,660.0,0.0,0.0,92.0,0.0,8,0,3,1,1,0,0,62.5815,6.05,88.45,0.0,692.0,3.0,7926.0
1981,647,660.0,0.0,0.0,92.0,0.0,9,0,2,1,1,0,0,63.1981,5.7,88.45,1.0,693.0,3.0,7929.0
1982,647,660.0,0.0,0.0,92.0,0.0,8,0,3,1,1,0,0,63.8262,5.35,88.45,0.0,693.0,3.0,7932.0
1983,648,661.0,1.0,0.0,92.0,0.0,8,0,3,1,1,0,0,64.4273,5.0,88.45,0.0,693.0,3.0,7935.0
1984,648,661.0,0.0,0.0,92.0,0.0,6,0,5,1,1,0,0,65.0823,4.65,88.45,0.0,693.0,5.0,7940.0
1985,649,662.0,1.0,0.0,92.0,0.0,7,0,4,1,1,0,0,65.7373,4.3,90.435,1.0,694.0,5.0,7945.0
1986,649,662.0,0.0,0.0,92.0,0.0,9,0,3,1,0,0,0,66.3385,3.95,99.65,1.0,695.0,4.0,7949.0
1987,651,664.0,2.0,0.0,92.0,0.0,9,0,3,1,0,0,0,66.9581,13.555,99.3,0.0,695.0,3.0,7952.0
1988,651,664.0,0.0,0.0,92.0,0.0,9,0,3,1,0,0,0,67.6046,23.16,98.95,1.0,696.0,4.0,7956.0
1989,651,664.0,0.0,0.0,92.0,0.0,9,0,3,1,0,0,0,68.2358,32.765,98.6,0.0,696.0,3.0,7959.0
1990,651,664.0,0.0,0.0,92.0,0.0,8,0,4,1,0,0,0,68.9208,34.25,98.25,0.0,696.0,4.0,7963.0
1991,651,664.0,0.0,0.0,92.0,0.0,8,0,4,1,0,0,0,69.6327,34.25,97.9,1.0,697.0,5.0,7968.0
1992,651,664.0,0.0,0.0,92.0,0.0,9,0,3,1,0,0,0,70.2908,34.25,97.55,0.0,697.0,3.0,7971.0
1993,651,664.0,0.0,0.0,92.0,0.0,9,0,3,1,0,0,0,71.0027,34.25,97.2,1.0,698.0,4.0,7975.0
1994,651,664.0,0.0,0.0,92.0,0.0,10,0,2,1,0,0,0,71.6762,33.75,96.85,1.0,699.0,3.0,7978.0
1995,653,666.0,2.0,0.0,92.0,0.0,10,0,2,1,0,0,0,72.3227,33.25,96.5,0.0,699.0,2.0,7980.0
1996,653,666.0,0.0,0.0,92.0,0.0,10,0,3,0,0,0,0,72.9808,33.25,99.65,0.0,699.0,3.0,7983.0
1997,654,667.0,1.0,0.0,92.0,0.0,9,0,4,0,0,0,0,72.9269,33.25,99.3,0.0,699.0,4.0,7987.0
1998,654,667.0,0.0,0.0,92.0,0.0,9,0,4,0,0,0,0,72.8731,33.25,98.95,0.0,699.0,4.0,7991.0
1999,655,668.0,1.0,0.0,92.0,0.0,9,0,4,0,0,0,0,72.8192,33.25,98.6,0.0,699.0,4.0,7995.0
2000,655,668.0,0.0,0.0,92.0,0.0,10,0,3,0,0,0,0,72.7654,33.25,98.25,1.0,700.0,4.0,7999.0
2001,655,668.0,0.0,0.0,92.0,0.0,11,0,2,0,0,0,0,72.6731,32.75,97.9,1.0,701.0,3.0,8002.0
2002,655,668.0,0.0,0.0,92.0,0.0,11,0,2,0,0,0,0,72.5538,32.25,97.55,0.0,701.0,2.0,8004.0
2003,656,669.0,1.0,0.0,92.0,0.0,10,0,3,0,0,0,0,72.4731,32.25,97.2,0.0,701.0,3.0,8007.0
2004,656,669.0,0.0,0.0,92.0,0.0,9,0,4,0,0,0,0,72.4192,32.25,96.85,0.0,701.0,4.0,8011.0
2005,657,670.0,1.0,0.0,92.0,0.0,9,0,4,0,0,0,0,72.3654,32.25,96.5,0.0,701.0,4.0,8015.0
2006,657,670.0,0.0,0.0,92.0,0.0,9,0,4,0,0,0,0,72.3115,32.25,96.15,0.0,701.0,4.0,8019.0
2007,657,670.0,0.0,0.0,92.0,0.0,10,0,3,0,0,0,0,72.2577,32.25,95.8,1.0,702.0,4.0,8023.0
2008,657,670.0,0.0,0.0,92.0,0.0,11,0,2,0,0,0,0,72.1654,31.75,95.45,1.0,703.0,3.0,8026.0
2009,657,670.0,0.0,0.0,92.0,0.0,11,0,2,0,0,0,0,72.0462,31.25,95.1,0.0,703.0,2.0,8028.0
2010,657,670.0,0.0,0.0,92.0,0.0,10,0,3,0,0,0,0,71.9654,31.25,94.75,0.0,703.0,3.0,8031.0
2011,660,673.0,3.0,0.0,92.0,0.0,9,0,4,0,0,0,0,71.9115,31.25,94.4,0.0,703.0,4.0,8035.0
2012,660,673.0,0.0,0.0,92.0,0.0,9,0,4,0,0,0,0,71.8577,31.25,94.05,0.0,703.0,4.0,8039.0
2013,660,673.0,0.0,0.0,92.0,0.0,9,0,4,0,0,0,0,71.8038,31.25,93.7,0.0,703.0,4.0,8043.0
2014,660,673.0,0.0,0.0,92.0,0.0,10,0,3,0,0,0,0,71.75,31.25,93.35,1.0,704.0,4.0,8047.0
2015,661,674.0,1.0,0.0,92.0,0.0,10,0,3,0,0,0,0,71.6846,30.75,93.0,1.0,705.0,4.0,8051.0
2016,661,674.0,0.0,0.0,92.0,0.0,11,0,2,0,0,0,0,71.5538,30.25,92.65,0.0,705.0,2.0,8053.0
2017,661,674.0,0.0,0.0,92.0,0.0,9,0,4,0,0,0,0,71.5,30.25,92.3,0.0,705.0,4.0,8057.0
2018,661,674.0,0.0,0.0,92.0,0.0,9,0,4,0,0,0,0,71.4731,30.25,91.95,1.0,706.0,5.0,8062.0
2019,662,675.0,1.0,0.0,92.0,0.0,9,0,4,0,0,0,0,71.4077,30.25,91.6,0.0,706.0,4.0,8066.0
2020,662,675.0,0.0,0.0,92.0,0.0,9,0,4,0,0,0,0,71.3423,30.25,91.25,0.0,706.0,4.0,8070.0
2021,662,675.0,0.0,0.0,92.0,0.0,8,0,5,0,0,0,0,71.3154,30.25,90.9,0.0,706.0,5.0,8075.0
2022,662,675.0,0.0,0.0,92.0,0.0,9,0,4,0,0,0,0,71.2885,30.25,90.55,1.0,707.0,5.0,8080.0
2023,663,676.0,1.0,0.0,92.0,0.0,9,0,4,0,0,0,0,71.2346,30.25,90.2,0.0,707.0,4.0,8084.0
2024,663,676.0,0.0,0.0,92.0,0.0,9,0,4,0,0,0,0,71.1808,30.25,89.85,0.0,707.0,4.0,8088.0
2025,665,678.0,2.0,0.0,92.0,0.0,9,0,4,0,0,0,0,71.1538,30.25,89.5,1.0,708.0,5.0,8093.0
2026,665,678.0,0.0,0.0,92.0,0.0,9,0,4,0,0,0,0,71.0885,30.25,89.15,0.0,708.0,4.0,8097.0
2027,666,679.0,1.0,0.0,92.0,0.0,8,0,5,0,0,0,0,71.0885,30.25,89.15,0.0,708.0,5.0,8102.0
2028,666,679.0,0.0,0.0,92.0,0.0,9,0,4,0,0,0,0,71.0885,30.25,89.15,1.0,709.0,5.0,8107.0
2029,666,679.0,0.0,0.0,92.0,0.0,11,0,2,0,0,0,0,71.05,30.25,88.65,2.0,711.0,4.0,8111.0
2030,666,679.0,0.0,0.0,92.0,0.0,11,0,2,0,0,0,0,70.9846,29.75,88.65,0.0,711.0,2.0,8113.0
2031,666,679.0,0.0,0.0,92.0,0.0,11,0,2,0,0,0,0,70.9192,29.25,88.65,0.0,711.0,2.0,8115.0
2032,666,679.0,0.0,0.0,92.0,0.0,9,0,4,0,0,0,0,70.8808,29.25,88.65,0.0,711.0,4.0,8119.0
2033,666,679.0,0.0,0.0,92.0,0.0,8,0,5,0,0,0,0,70.8808,29.25,88.65,0.0,711.0,5.0,8124.0
2034,666,679.0,0.0,0.0,92.0,0.0,9,0,4,0,0,0,0,70.8808,29.25,88.65,1.0,712.0,5.0,8129.0
2035,669,682.0,3.0,0.0,92.0,0.0,9,0,4,0,0,0,0,70.8423,29.25,88.65,0.0,712.0,4.0,8133.0
2036,669,682.0,0.0,0.0,92.0,0.0,10,0,3,0,0,0,0,70.8038,29.25,88.65,1.0,713.0,4.0,8137.0
2037,669,682.0,0.0,0.0,92.0,0.0,9,0,4,0,0,0,0,70.7769,29.25,88.65,0.0,713.0,4.0,8141.0
2038,669,682.0,0.0,0.0,92.0,0.0,9,0,4,0,0,0,0,70.75,29.25,88.65,0.0,713.0,4.0,8145.0
2039,670,683.0,1.0,0.0,92.0,0.0,8,0,5,0,0,0,0,70.75,29.25,88.65,0.0,713.0,5.0,8150.0
2040,670,683.0,0.0,0.0,92.0,0.0,8,0,5,0,0,0,0,70.75,29.25,88.65,0.0,713.0,5.0,8155.0
2041,670,683.0,0.0,0.0,92.0,0.0,9,0,4,0,0,0,0,70.75,29.25,88.65,1.0,714.0,5.0,8160.0
2042,670,683.0,0.0,0.0,92.0,0.0,9,0,4,0,0,0,0,70.7115,29.25,88.65,0.0,714.0,4.0,8164.0
2043,671,684.0,1.0,0.0,92.0,0.0,10,0,3,0,0,0,0,70.6731,29.25,88.65,1.0,715.0,4.0,8168.0
2044,671,684.0,0.0,0.0,92.0,0.0,9,0,4,0,0,0,0,70.6462,29.25,88.65,0.0,715.0,4.0,8172.0
2045,672,685.0,1.0,0.0,92.0,0.0,9,0,4,0,0,0,0,70.6192,29.25,88.65,0.0,715.0,4.0,8176.0
2046,672,685.0,0.0,0.0,92.0,0.0,8,0,5,0,0,0,0,70.6192,29.25,88.65,0.0,715.0,5.0,8181.0
2047,673,686.0,1.0,0.0,92.0,0.0,8,0,5,0,0,0,0,70.6192,29.25,88.65,0.0,715.0,5.0,8186.0
2048,673,686.0,0.0,0.0,92.0,0.0,9,0,4,0,0,0,0,70.6192,29.25,88.65,1.0,716.0,5.0,8191.0
2049,673,686.0,0.0,0.0,92.0,0.0,9,0,4,0,0,0,0,70.5808,29.25,88.65,0.0,716.0,4.0,8195.0
2050,673,686.0,0.0,0.0,92.0,0.0,10,0,3,0,0,0,0,70.5423,29.25,88.65,1.0,717.0,4.0,8199.0
2051,674,687.0,1.0,0.0,92.0,0.0,9,0,4,0,0,0,0,70.5154,29.25,88.65,0.0,717.0,4.0,8203.0
2052,674,687.0,0.0,0.0,92.0,0.0,9,0,4,0,0,0,0,70.4885,29.25,88.65,0.0,717.0,4.0,8207.0
2053,675,688.0,1.0,0.0,92.0,0.0,8,0,5,0,0,0,0,70.4885,29.25,88.65,0.0,717.0,5.0,8212.0
2054,675,688.0,0.0,0.0,92.0,0.0,8,0,5,0,0,0,0,70.4885,29.25,88.65,0.0,717.0,5.0,8217.0
2055,676,689.0,1.0,0.0,92.0,0.0,9,0,4,0,0,0,0,70.4885,29.25,88.65,1.0,718.0,5.0,8222.0
2056,676,689.0,0.0,0.0,92.0,0.0,9,0,4,0,0,0,0,70.45,29.25,88.65,0.0,718.0,4.0,8226.0
2057,676,689.0,0.0,0.0,92.0,0.0,10,0,3,0,0,0,0,70.4115,29.25,88.65,1.0,719.0,4.0,8230.0
2058,676,689.0,0.0,0.0,92.0,0.0,9,0,4,0,0,0,0,70.3846,29.25,88.65,0.0,719.0,4.0,8234.0
2059,678,691.0,2.0,0.0,92.0,0.0,9,0,4,0,0,0,0,70.3577,29.25,88.65,0.0,719.0,4.0,8238.0
2060,678,691.0,0.0,0.0,92.0,0.0,8,0,5,0,0,0,0,70.3577,29.25,88.65,0.0,719.0,5.0,8243.0
2061,678,691.0,0.0,0.0,92.0,0.0,8,0,5,0,0,0,0,70.3577,29.25,88.65,0.0,719.0,5.0,8248.0
2062,678,691.0,0.0,0.0,92.0,0.0,9,0,4,0,0,0,0,70.3577,29.25,88.65,1.0,720.0,5.0,8253.0
2063,678,691.0,0.0,0.0,92.0,0.0,9,0,4,0,0,0,0,70.3192,29.25,88.65,0.0,720.0,4.0,8257.0
2064,678,691.0,0.0,0.0,92.0,0.0,10,0,3,0,0,0,0,70.2808,29.25,88.65,1.0,721.0,4.0,8261.0
2065,679,692.0,1.0,0.0,92.0,0.0,9,0,4,0,0,0,0,70.2538,29.25,88.65,0.0,721.0,4.0,8265.0
2066,679,692.0,0.0,0.0,92.0,0.0,9,0,4,0,0,0,0,70.2269,29.25,88.65,0.0,721.0,4.0,8269.0
2067,681,694.0,2.0,0.0,92.0,0.0,8,0,5,0,0,0,0,70.2269,29.25,88.65,0.0,721.0,5.0,8274.0
2068,681,694.0,0.0,0.0,92.0,0.0,8,0,5,0,0,0,0,70.2269,29.25,88.65,0.0,721.0,5.0,8279.0
2069,681,694.0,0.0,0.0,92.0,0.0,9,0,4,0,0,0,0,70.2269,29.25,88.65,1.0,722.0,5.0,8284.0
2070,681,694.0,0.0,0.0,92.0,0.0,9,0,4,0,0,0,0,70.1885,29.25,88.65,0.0,722.0,4.0,8288.0
2071,682,695.0,1.0,0.0,92.0,0.0,10,0,3,0,0,0,0,70.15,29.25,88.65,1.0,723.0,4.0,8292.0
2072,682,695.0,0.0,0.0,92.0,0.0,9,0,4,0,0,0,0,70.1231,29.25,88.65,0.0,723.0,4.0,8296.0
2073,682,695.0,0.0,0.0,92.0,0.0,9,0,4,0,0,0,0,70.0962,29.25,88.65,0.0,723.0,4.0,8300.0
2074,682,695.0,0.0,0.0,92.0,0.0,8,0,5,0,0,0,0,70.0962,29.25,88.65,0.0,723.0,5.0,8305.0
2075,684,697.0,2.0,0.0,92.0,0.0,8,0,5,0,0,0,0,70.0962,29.25,88.65,0.0,723.0,5.0,8310.0
2076,684,697.0,0.0,0.0,92.0,0.0,9,0,4,0,0,0,0,70.0962,29.25,88.65,1.0,724.0,5.0,8315.0
2077,684,697.0,0.0,0.0,92.0,0.0,9,0,4,0,0,0,0,70.0577,29.25,88.65,0.0,724.0,4.0,8319.0
2078,684,697.0,0.0,0.0,92.0,0.0,10,0,3,0,0,0,0,70.0192,29.25,88.65,1.0,725.0,4.0,8323.0
2079,684,697.0,0.0,0.0,92.0,0.0,9,0,4,0,0,0,0,69.9923,29.25,88.65,0.0,725.0,4.0,8327.0
2080,684,697.0,0.0,0.0,92.0,0.0,9,0,4,0,0,0,0,69.9654,29.25,88.65,0.0,725.0,4.0,8331.0
2081,685,698.0,1.0,0.0,92.0,0.0,8,0,5,0,0,0,0,69.9654,29.25,88.65,0.0,725.0,5.0,8336.0
2082,685,698.0,0.0,0.0,92.0,0.0,8,0,5,0,0,0,0,69.9654,29.25,88.65,0.0,725.0,5.0,8341.0
2083,687,700.0,2.0,0.0,92.0,0.0,9,0,4,0,0,0,0,69.9654,29.25,88.65,1.0,726.0,5.0,8346.0
2084,687,700.0,0.0,0.0,92.0,0.0,9,0,4,0,0,0,0,69.9269,29.25,88.65,0.0,726.0,4.0,8350.0
2085,688,701.0,1.0,0.0,92.0,0.0,10,0,3,0,0,0,0,69.8885,29.25,88.65,1.0,727.0,4.0,8354.0
2086,688,701.0,0.0,0.0,92.0,0.0,9,0,4,0,0,0,0,69.8615,29.25,88.65,0.0,727.0,4.0,8358.0
2087,688,701.0,0.0,0.0,92.0,0.0,9,0,4,0,0,0,0,69.8346,29.25,88.65,0.0,727.0,4.0,8362.0
2088,688,701.0,0.0,0.0,92.0,0.0,8,0,5,0,0,0,0,69.8346,29.25,88.65,0.0,727.0,5.0,8367.0
2089,688,701.0,0.0,0.0,92.0,0.0,8,0,5,0,0,0,0,69.8346,29.25,88.65,0.0,727.0,5.0,8372.0
2090,688,701.0,0.0,0.0,92.0,0.0,9,0,4,0,0,0,0,69.8346,29.25,88.65,1.0,728.0,5.0,8377.0
2091,689,702.0,1.0,0.0,92.0,0.0,9,0,4,0,0,0,0,69.7962,29.25,88.65,0.0,728.0,4.0,8381.0
2092,689,702.0,0.0,0.0,92.0,0.0,10,0,3,0,0,0,0,69.7577,29.25,88.65,1.0,729.0,4.0,8385.0
2093,689,702.0,0.0,0.0,92.0,0.0,9,0,4,0,0,0,0,69.7308,29.25,88.65,0.0,729.0,4.0,8389.0
2094,689,702.0,0.0,0.0,92.0,0.0,9,0,4,0,0,0,0,69.7038,29.25,88.65,0.0,729.0,4.0,8393.0
2095,692,705.0,3.0,0.0,92.0,0.0,8,0,5,0,0,0,0,69.7038,29.25,88.65,0.0,729.0,5.0,8398.0
2096,692,705.0,0.0,0.0,92.0,0.0,8,0,5,0,0,0,0,69.7038,29.25,88.65,0.0,729.0,5.0,8403.0
2097,692,705.0,0.0,0.0,92.0,0.0,9,0,4,0,0,0,0,69.7038,29.25,88.65,1.0,730.0,5.0,8408.0
2098,692,705.0,0.0,0.0,92.0,0.0,9,0,4,0,0,0,0,69.6654,29.25,88.65,0.0,730.0,4.0,8412.0
2099,693,706.0,1.0,0.0,92.0,0.0,10,0,3,0,0,0,0,69.6269,29.25,88.65,1.0,731.0,4.0,8416.0
2100,693,706.0,0.0,0.0,92.0,0.0,9,0,4,0,0,0,0,69.6,29.25,88.65,0.0,731.0,4.0,8420.0
2101,693,706.0,0.0,0.0,92.0,0.0,9,0,4,0,0,0,0,69.5731,29.25,88.65,0.0,731.0,4.0,8424.0
2102,693,706.0,0.0,0.0,92.0,0.0,8,0,5,0,0,0,0,69.5731,29.25,88.65,0.0,731.0,5.0,8429.0
2103,693,706.0,0.0,0.0,92.0,0.0,8,0,5,0,0,0,0,69.5731,29.25,88.65,0.0,731.0,5.0,8434.0
2104,693,706.0,0.0,0.0,92.0,0.0,9,0,4,0,0,0,0,69.5731,29.25,88.65,1.0,732.0,5.0,8439.0
2105,694,707.0,1.0,0.0,92.0,0.0,9,0,4,0,0,0,0,69.5346,29.25,88.65,0.0,732.0,4.0,8443.0
2106,694,707.0,0.0,0.0,92.0,0.0,10,0,3,0,0,0,0,69.4962,29.25,88.65,1.0,733.0,4.0,8447.0
2107,696,709.0,2.0,0.0,92.0,0.0,9,0,4,0,0,0,0,69.4692,29.25,88.65,0.0,733.0,4.0,8451.0
2108,696,709.0,0.0,0.0,92.0,0.0,9,0,4,0,0,0,0,69.4423,29.25,88.65,0.0,733.0,4.0,8455.0
2109,697,710.0,1.0,0.0,92.0,0.0,8,0,5,0,0,0,0,69.4423,29.25,88.65,0.0,733.0,5.0,8460.0
2110,697,710.0,0.0,0.0,92.0,0.0,8,0,5,0,0,0,0,69.4423,29.25,88.65,0.0,733.0,5.0,8465.0
2111,697,710.0,0.0,0.0,92.0,0.0,9,0,4,0,0,0,0,69.4423,29.25,88.65,1.0,734.0,5.0,8470.0
2112,697,710.0,0.0,0.0,92.0,0.0,9,0,4,0,0,0,0,69.4038,29.25,88.65,0.0,734.0,4.0,8474.0
2113,697,710.0,0.0,0.0,92.0,0.0,10,0,3,0,0,0,0,69.3654,29.25,88.65,1.0,735.0,4.0,8478.0
2114,697,710.0,0.0,0.0,92.0,0.0,9,0,4,0,0,0,0,69.3385,29.25,88.65,0.0,735.0,4.0,8482.0
2115,699,712.0,2.0,0.0,92.0,0.0,9,0,4,0,0,0,0,69.3115,29.25,88.65,0.0,735.0,4.0,8486.0
2116,699,712.0,0.0,0.0,92.0,0.0,8,0,5,0,0,0,0,69.3115,29.25,88.65,0.0,735.0,5.0,8491.0
2117,699,712.0,0.0,0.0,92.0,0.0,8,0,5,0,0,0,0,69.3115,29.25,88.65,0.0,735.0,5.0,8496.0
2118,699,712.0,0.0,0.0,92.0,0.0,9,0,4,0,0,0,0,69.3115,29.25,88.65,1.0,736.0,5.0,8501.0
2119,700,713.0,1.0,0.0,92.0,0.0,9,0,4,0,0,0,0,69.2731,29.25,88.65,0.0,736.0,4.0,8505.0
2120,700,713.0,0.0,0.0,92.0,0.0,10,0,3,0,0,0,0,69.2346,29.25,88.65,1.0,737.0,4.0,8509.0
2121,700,713.0,0.0,0.0,92.0,0.0,9,0,4,0,0,0,0,69.2077,29.25,88.65,0.0,737.0,4.0,8513.0
2122,700,713.0,0.0,0.0,92.0,0.0,9,0,4,0,0,0,0,69.1808,29.25,88.65,0.0,737.0,4.0,8517.0
2123,702,715.0,2.0,0.0,92.0,0.0,8,0,5,0,0,0,0,69.1808,29.25,88.65,0.0,737.0,5.0,8522.0
2124,702,715.0,0.0,0.0,92.0,0.0,8,0,5,0,0,0,0,69.1808,29.25,88.65,0.0,737.0,5.0,8527.0
2125,703,716.0,1.0,0.0,92.0,0.0,9,0,4,0,0,0,0,69.1808,29.25,88.65,1.0,738.0,5.0,8532.0
2126,703,716.0,0.0,0.0,92.0,0.0,9,0,4,0,0,0,0,69.1423,29.25,88.65,0.0,738.0,4.0,8536.0
2127,703,716.0,0.0,0.0,92.0,0.0,10,0,3,0,0,0,0,69.1038,29.25,88.65,1.0,739.0,4.0,8540.0
2128,703,716.0,0.0,0.0,92.0,0.0,9,0,4,0,0,0,0,69.0769,29.25,88.65,0.0,739.0,4.0,8544.0
2129,703,716.0,0.0,0.0,92.0,0.0,9,0,4,0,0,0,0,69.05,29.25,88.65,0.0,739.0,4.0,8548.0
2130,703,716.0,0.0,0.0,92.0,0.0,8,0,5,0,0,0,0,69.05,29.25,88.65,0.0,739.0,5.0,8553.0
2131,705,718.0,2.0,0.0,92.0,0.0,8,0,5,0,0,0,0,69.05,29.25,88.65,0.0,739.0,5.0,8558.0
2132,705,718.0,0.0,0.0,92.0,0.0,9,0,4,0,0,0,0,69.05,29.25,88.65,1.0,740.0,5.0,8563.0
2133,705,718.0,0.0,0.0,92.0,0.0,9,0,4,0,0,0,0,69.0115,29.25,88.65,0.0,740.0,4.0,8567.0
2134,705,718.0,0.0,0.0,92.0,0.0,10,0,3,0,0,0,0,68.9731,29.25,88.65,1.0,741.0,4.0,8571.0
2135,706,719.0,1.0,0.0,92.0,0.0,9,0,4,0,0,0,0,68.9462,29.25,88.65,0.0,741.0,4.0,8575.0
2136,706,719.0,0.0,0.0,92.0,0.0,9,0,4,0,0,0,0,68.9192,29.25,88.65,0.0,741.0,4.0,8579.0
2137,707,720.0,1.0,0.0,92.0,0.0,8,0,5,0,0,0,0,68.9192,29.25,88.65,0.0,741.0,5.0,8584.0
2138,707,720.0,0.0,0.0,92.0,0.0,8,0,5,0,0,0,0,68.9192,29.25,88.65,0.0,741.0,5.0,8589.0
2139,708,721.0,1.0,0.0,92.0,0.0,9,0,4,0,0,0,0,68.9192,29.25,88.65,1.0,742.0,5.0,8594.0
2140,708,721.0,0.0,0.0,92.0,0.0,9,0,4,0,0,0,0,68.8808,29.25,88.65,0.0,742.0,4.0,8598.0
2141,708,721.0,0.0,0.0,92.0,0.0,10,0,3,0,0,0,0,68.8423,29.25,88.65,1.0,743.0,4.0,8602.0
2142,708,721.0,0.0,0.0,92.0,0.0,9,0,4,0,0,0,0,68.8154,29.25,88.65,0.0,743.0,4.0,8606.0
2143,709,722.0,1.0,0.0,92.0,0.0,9,0,4,0,0,0,0,68.7885,29.25,88.65,0.0,743.0,4.0,8610.0
2144,709,722.0,0.0,0.0,92.0,0.0,8,0,5,0,0,0,0,68.7885,29.25,88.65,0.0,743.0,5.0,8615.0
2145,710,723.0,1.0,0.0,92.0,0.0,8,0,5,0,0,0,0,68.7885,29.25,88.65,0.0,743.0,5.0,8620.0
2146,710,723.0,0.0,0.0,92.0,0.0,9,0,4,0,0,0,0,68.7885,29.25,88.65,1.0,744.0,5.0,8625.0
2147,711,724.0,1.0,0.0,92.0,0.0,9,0,4,0,0,0,0,68.75,29.25,88.65,0.0,744.0,4.0,8629.0
2148,711,724.0,0.0,0.0,92.0,0.0,10,0,3,0,0,0,0,68.7115,29.25,88.65,1.0,745.0,4.0,8633.0
2149,711,724.0,0.0,0.0,92.0,0.0,9,0,4,0,0,0,0,68.6846,29.25,88.65,0.0,745.0,4.0,8637.0
2150,711,724.0,0.0,0.0,92.0,0.0,9,0,4,0,0,0,0,68.6577,29.25,88.65,0.0,745.0,4.0,8641.0
2151,712,725.0,1.0,0.0,92.0,0.0,8,0,5,0,0,0,0,68.6577,29.25,88.65,0.0,745.0,5.0,8646.0
2152,712,725.0,0.0,0.0,92.0,0.0,8,0,5,0,0,0,0,68.6577,29.25,88.65,0.0,745.0,5.0,8651.0
2153,712,725.0,0.0,0.0,92.0,0.0,9,0,4,0,0,0,0,68.6577,29.25,88.65,1.0,746.0,5.0,8656.0
2154,712,725.0,0.0,0.0,92.0,0.0,9,0,4,0,0,0,0,68.6192,29.25,88.65,0.0,746.0,4.0,8660.0
2155,715,728.0,3.0,0.0,92.0,0.0,10,0,3,0,0,0,0,68.5808,29.25,88.65,1.0,747.0,4.0,8664.0
2156,715,728.0,0.0,0.0,92.0,0.0,9,0,4,0,0,0,0,68.5538,29.25,88.65,0.0,747.0,4.0,8668.0
2157,715,728.0,0.0,0.0,92.0,0.0,9,0,4,0,0,0,0,68.5269,29.25,88.65,0.0,747.0,4.0,8672.0
2158,715,728.0,0.0,0.0,92.0,0.0,8,0,5,0,0,0,0,68.5269,29.25,88.65,0.0,747.0,5.0,8677.0
2159,715,728.0,0.0,0.0,92.0,0.0,8,0,5,0,0,0,0,68.5269,29.25,88.65,0.0,747.0,5.0,8682.0
2160,715,728.0,0.0,0.0,92.0,0.0,9,0,4,0,0,0,0,68.5269,29.25,88.65,1.0,748.0,5.0,8687.0
2161,715,728.0,0.0,0.0,92.0,0.0,9,0,4,0,0,0,0,68.4885,29.25,88.65,0.0,748.0,4.0,8691.0
2162,715,728.0,0.0,0.0,92.0,0.0,10,0,3,0,0,0,0,68.45,29.25,88.65,1.0,749.0,4.0,8695.0
2163,716,729.0,1.0,0.0,92.0,0.0,9,0,4,0,0,0,0,68.4231,29.25,88.65,0.0,749.0,4.0,8699.0
2164,716,729.0,0.0,0.0,92.0,0.0,9,0,4,0,0,0,0,68.3962,29.25,88.65,0.0,749.0,4.0,8703.0
2165,718,731.0,2.0,0.0,92.0,0.0,8,0,5,0,0,0,0,68.3962,29.25,88.65,0.0,749.0,5.0,8708.0
2166,718,731.0,0.0,0.0,92.0,0.0,8,0,5,0,0,0,0,68.3962,29.25,88.65,0.0,749.0,5.0,8713.0
2167,719,732.0,1.0,0.0,92.0,0.0,9,0,4,0,0,0,0,68.3962,29.25,88.65,1.0,750.0,5.0,8718.0
2168,719,732.0,0.0,0.0,92.0,0.0,9,0,4,0,0,0,0,68.3577,29.25,88.65,0.0,750.0,4.0,8722.0
2169,719,732.0,0.0,0.0,92.0,0.0,10,0,3,0,0,0,0,68.3192,29.25,88.65,1.0,751.0,4.0,8726.0
2170,719,732.0,0.0,0.0,92.0,0.0,9,0,4,0,0,0,0,68.2923,29.25,88.65,0.0,751.0,4.0,8730.0
2171,720,733.0,1.0,0.0,92.0,0.0,9,0,4,0,0,0,0,68.2654,29.25,88.65,0.0,751.0,4.0,8734.0
2172,720,733.0,0.0,0.0,92.0,0.0,8,0,5,0,0,0,0,68.2654,29.25,88.65,0.0,751.0,5.0,8739.0
2173,720,733.0,0.0,0.0,92.0,0.0,8,0,5,0,0,0,0,68.2654,29.25,88.65,0.0,751.0,5.0,8744.0
2174,720,733.0,0.0,0.0,92.0,0.0,9,0,4,0,0,0,0,68.2654,29.25,88.65,1.0,752.0,5.0,8749.0
2175,721,734.0,1.0,0.0,92.0,0.0,9,0,4,0,0,0,0,68.2269,29.25,88.65,0.0,752.0,4.0,8753.0
2176,721,734.0,0.0,0.0,92.0,0.0,10,0,3,0,0,0,0,68.1885,29.25,88.65,1.0,753.0,4.0,8757.0
2177,721,734.0,0.0,0.0,92.0,0.0,9,0,4,0,0,0,0,68.1615,29.25,88.65,0.0,753.0,4.0,8761.0
2178,721,734.0,0.0,0.0,92.0,0.0,9,0,4,0,0,0,0,68.1346,29.25,88.65,0.0,753.0,4.0,8765.0
2179,724,737.0,3.0,0.0,92.0,0.0,8,0,5,0,0,0,0,68.1346,29.25,88.65,0.0,753.0,5.0,8770.0
2180,724,737.0,0.0,0.0,92.0,0.0,8,0,5,0,0,0,0,68.1346,29.25,88.65,0.0,753.0,5.0,8775.0
2181,724,737.0,0.0,0.0,92.0,0.0,9,0,4,0,0,0,0,68.1346,29.25,88.65,1.0,754.0,5.0,8780.0
2182,724,737.0,0.0,0.0,92.0,0.0,9,0,4,0,0,0,0,68.0962,29.25,88.65,0.0,754.0,4.0,8784.0
2183,724,737.0,0.0,0.0,92.0,0.0,10,0,3,0,0,0,0,68.0577,29.25,88.65,1.0,755.0,4.0,8788.0
2184,724,737.0,0.0,0.0,92.0,0.0,9,0,4,0,0,0,0,68.0308,29.25,88.65,0.0,755.0,4.0,8792.0
2185,725,738.0,1.0,0.0,92.0,0.0,9,0,4,0,0,0,0,68.0038,29.25,88.65,0.0,755.0,4.0,8796.0
2186,725,738.0,0.0,0.0,92.0,0.0,8,0,5,0,0,0,0,68.0038,29.25,88.65,0.0,755.0,5.0,8801.0
2187,726,739.0,1.0,0.0,92.0,0.0,8,0,5,0,0,0,0,68.0038,29.25,88.65,0.0,755.0,5.0,8806.0
2188,726,739.0,0.0,0.0,92.0,0.0,9,0,4,0,0,0,0,68.0038,29.25,88.65,1.0,756.0,5.0,8811.0
2189,726,739.0,0.0,0.0,92.0,0.0,9,0,4,0,0,0,0,67.9654,29.25,88.65,0.0,756.0,4.0,8815.0
2190,726,739.0,0.0,0.0,92.0,0.0,10,0,3,0,0,0,0,67.9269,29.25,88.65,1.0,757.0,4.0,8819.0
2191,727,740.0,1.0,0.0,92.0,0.0,9,0,4,0,0,0,0,67.9,29.25,88.65,0.0,757.0,4.0,8823.0
2192,727,740.0,0.0,0.0,92.0,0.0,9,0,4,0,0,0,0,67.8731,29.25,88.65,0.0,757.0,4.0,8827.0
2193,728,741.0,1.0,0.0,92.0,0.0,8,0,5,0,0,0,0,67.8731,29.25,88.65,0.0,757.0,5.0,8832.0
2194,728,741.0,0.0,0.0,92.0,0.0,8,0,5,0,0,0,0,67.8731,29.25,88.65,0.0,757.0,5.0,8837.0
2195,730,743.0,2.0,0.0,92.0,0.0,9,0,4,0,0,0,0,67.8731,29.25,88.65,1.0,758.0,5.0,8842.0
2196,730,743.0,0.0,0.0,92.0,0.0,9,0,4,0,0,0,0,67.8346,29.25,88.65,0.0,758.0,4.0,8846.0
2197,730,743.0,0.0,0.0,92.0,0.0,10,0,3,0,0,0,0,67.7962,29.25,88.65,1.0,759.0,4.0,8850.0
2198,730,743.0,0.0,0.0,92.0,0.0,9,0,4,0,0,0,0,67.7692,29.25,88.65,0.0,759.0,4.0,8854.0
2199,730,743.0,0.0,0.0,92.0,0.0,9,0,4,0,0,0,0,67.7423,29.25,88.65,0.0,759.0,4.0,8858.0
2200,730,743.0,0.0,0.0,92.0,0.0,8,0,5,0,0,0,0,67.7423,29.25,88.65,0.0,759.0,5.0,8863.0
2201,730,743.0,0.0,0.0,92.0,0.0,8,0,5,0,0,0,0,67.7423,29.25,88.65,0.0,759.0,5.0,8868.0
2202,730,743.0,0.0,0.0,92.0,0.0,9,0,4,0,0,0,0,67.7423,29.25,88.65,1.0,760.0,5.0,8873.0
2203,732,745.0,2.0,0.0,92.0,0.0,9,0,4,0,0,0,0,67.7038,29.25,88.65,0.0,760.0,4.0,8877.0
2204,732,745.0,0.0,0.0,92.0,0.0,10,0,3,0,0,0,0,67.6654,29.25,88.65,1.0,761.0,4.0,8881.0
2205,733,746.0,1.0,0.0,92.0,0.0,9,0,4,0,0,0,0,67.6385,29.25,88.65,0.0,761.0,4.0,8885.0
2206,733,746.0,0.0,0.0,92.0,0.0,9,0,4,0,0,0,0,67.6115,29.25,88.65,0.0,761.0,4.0,8889.0
2207,734,747.0,1.0,0.0,92.0,0.0,8,0,5,0,0,0,0,67.6115,29.25,88.65,0.0,761.0,5.0,8894.0
2208,734,747.0,0.0,0.0,92.0,0.0,8,0,5,0,0,0,0,67.6115,29.25,88.65,0.0,761.0,5.0,8899.0
2209,734,747.0,0.0,0.0,92.0,0.0,9,0,4,0,0,0,0,67.6115,29.25,88.65,1.0,762.0,5.0,8904.0
2210,734,747.0,0.0,0.0,92.0,0.0,9,0,4,0,0,0,0,67.5731,29.25,88.65,0.0,762.0,4.0,8908.0
2211,735,748.0,1.0,0.0,92.0,0.0,10,0,3,0,0,0,0,67.5346,29.25,88.65,1.0,763.0,4.0,8912.0
2212,735,748.0,0.0,0.0,92.0,0.0,9,0,4,0,0,0,0,67.5077,29.25,88.65,0.0,763.0,4.0,8916.0
2213,735,748.0,0.0,0.0,92.0,0.0,9,0,4,0,0,0,0,67.4808,29.25,88.65,0.0,763.0,4.0,8920.0
2214,735,748.0,0.0,0.0,92.0,0.0,8,0,5,0,0,0,0,67.4808,29.25,88.65,0.0,763.0,5.0,8925.0
2215,737,750.0,2.0,0.0,92.0,0.0,8,0,5,0,0,0,0,67.4808,29.25,88.65,0.0,763.0,5.0,8930.0
2216,737,750.0,0.0,0.0,92.0,0.0,9,0,4,0,0,0,0,67.4808,29.25,88.65,1.0,764.0,5.0,8935.0
2217,737,750.0,0.0,0.0,92.0,0.0,9,0,4,0,0,0,0,67.4423,29.25,88.65,0.0,764.0,4.0,8939.0
2218,737,750.0,0.0,0.0,92.0,0.0,10,0,3,0,0,0,0,67.4038,29.25,88.65,1.0,765.0,4.0,8943.0
2219,738,751.0,1.0,0.0,92.0,0.0,9,0,4,0,0,0,0,67.3769,29.25,88.65,0.0,765.0,4.0,8947.0
2220,738,751.0,0.0,0.0,92.0,0.0,9,0,4,0,0,0,0,67.35,29.25,88.65,0.0,765.0,4.0,8951.0
2221,739,752.0,1.0,0.0,92.0,0.0,8,0,5,0,0,0,0,67.35,29.25,88.65,0.0,765.0,5.0,8956.0
2222,739,752.0,0.0,0.0,92.0,0.0,8,0,5,0,0,0,0,67.35,29.25,88.65,0.0,765.0,5.0,8961.0
2223,739,752.0,0.0,0.0,92.0,0.0,9,0,4,0,0,0,0,67.35,29.25,88.65,1.0,766.0,5.0,8966.0
2224,739,752.0,0.0,0.0,92.0,0.0,9,0,4,0,0,0,0,67.3115,29.25,88.65,0.0,766.0,4.0,8970.0
2225,740,753.0,1.0,0.0,92.0,0.0,10,0,3,0,0,0,0,67.2731,29.25,88.65,1.0,767.0,4.0,8974.0
2226,740,753.0,0.0,0.0,92.0,0.0,9,0,4,0,0,0,0,67.2462,29.25,88.65,0.0,767.0,4.0,8978.0
2227,742,755.0,2.0,0.0,92.0,0.0,9,0,4,0,0,0,0,67.2192,29.25,88.65,0.0,767.0,4.0,8982.0
2228,742,755.0,0.0,0.0,92.0,0.0,8,0,5,0,0,0,0,67.2192,29.25,88.65,0.0,767.0,5.0,8987.0
2229,742,755.0,0.0,0.0,92.0,0.0,8,0,5,0,0,0,0,67.2192,29.25,88.65,0.0,767.0,5.0,8992.0
2230,742,755.0,0.0,0.0,92.0,0.0,9,0,4,0,0,0,0,67.2192,29.25,88.65,1.0,768.0,5.0,8997.0
2231,742,755.0,0.0,0.0,92.0,0.0,9,0,4,0,0,0,0,67.1808,29.25,88.65,0.0,768.0,4.0,9001.0
2232,742,755.0,0.0,0.0,92.0,0.0,10,0,3,0,0,0,0,67.1423,29.25,88.65,1.0,769.0,4.0,9005.0
2233,742,755.0,0.0,0.0,92.0,0.0,9,0,4,0,0,0,0,67.1154,29.25,88.65,0.0,769.0,4.0,9009.0
2234,742,755.0,0.0,0.0,92.0,0.0,9,0,4,0,0,0,0,67.0885,29.25,88.65,0.0,769.0,4.0,9013.0
2235,745,758.0,3.0,0.0,92.0,0.0,8,0,5,0,0,0,0,67.0885,29.25,88.65,0.0,769.0,5.0,9018.0
2236,745,758.0,0.0,0.0,92.0,0.0,8,0,5,0,0,0,0,67.0885,29.25,88.65,0.0,769.0,5.0,9023.0
2237,745,758.0,0.0,0.0,92.0,0.0,9,0,4,0,0,0,0,67.0885,29.25,88.65,1.0,770.0,5.0,9028.0
2238,745,758.0,0.0,0.0,92.0,0.0,9,0,4,0,0,0,0,67.05,29.25,88.65,0.0,770.0,4.0,9032.0
2239,746,759.0,1.0,0.0,92.0,0.0,10,0,3,0,0,0,0,67.0115,29.25,88.65,1.0,771.0,4.0,9036.0
2240,746,759.0,0.0,0.0,92.0,0.0,9,0,4,0,0,0,0,66.9846,29.25,88.65,0.0,771.0,4.0,9040.0
2241,746,759.0,0.0,0.0,92.0,0.0,9,0,4,0,0,0,0,66.9577,29.25,88.65,0.0,771.0,4.0,9044.0
2242,746,759.0,0.0,0.0,92.0,0.0,8,0,5,0,0,0,0,66.9577,29.25,88.65,0.0,771.0,5.0,9049.0
2243,747,760.0,1.0,0.0,92.0,0.0,8,0,5,0,0,0,0,66.9577,29.25,88.65,0.0,771.0,5.0,9054.0
2244,747,760.0,0.0,0.0,92.0,0.0,9,0,4,0,0,0,0,66.9577,29.25,88.65,1.0,772.0,5.0,9059.0
2245,748,761.0,1.0,0.0,92.0,0.0,9,0,4,0,0,0,0,66.9192,29.25,88.65,0.0,772.0,4.0,9063.0
2246,748,761.0,0.0,0.0,92.0,0.0,10,0,3,0,0,0,0,66.8808,29.25,88.65,1.0,773.0,4.0,9067.0
2247,748,761.0,0.0,0.0,92.0,0.0,9,0,4,0,0,0,0,66.8538,29.25,88.65,0.0,773.0,4.0,9071.0
2248,748,761.0,0.0,0.0,92.0,0.0,9,0,4,0,0,0,0,66.8269,29.25,88.65,0.0,773.0,4.0,9075.0
2249,749,762.0,1.0,0.0,92.0,0.0,8,0,5,0,0,0,0,66.8269,29.25,88.65,0.0,773.0,5.0,9080.0
2250,749,762.0,0.0,0.0,92.0,0.0,8,0,5,0,0,0,0,66.8269,29.25,88.65,0.0,773.0,5.0,9085.0
2251,751,764.0,2.0,0.0,92.0,0.0,9,0,4,0,0,0,0,66.8269,29.25,88.65,1.0,774.0,5.0,9090.0
2252,751,764.0,0.0,0.0,92.0,0.0,9,0,4,0,0,0,0,66.7885,29.25,88.65,0.0,774.0,4.0,9094.0
2253,751,764.0,0.0,0.0,92.0,0.0,10,0,3,0,0,0,0,66.75,29.25,88.65,1.0,775.0,4.0,9098.0
2254,751,764.0,0.0,0.0,92.0,0.0,9,0,4,0,0,0,0,66.7231,29.25,88.65,0.0,775.0,4.0,9102.0
2255,752,765.0,1.0,0.0,92.0,0.0,9,0,4,0,0,0,0,66.6962,29.25,88.65,0.0,775.0,4.0,9106.0
2256,752,765.0,0.0,0.0,92.0,0.0,8,0,5,0,0,0,0,66.6962,29.25,88.65,0.0,775.0,5.0,9111.0
2257,752,765.0,0.0,0.0,92.0,0.0,8,0,5,0,0,0,0,66.6962,29.25,88.65,0.0,775.0,5.0,9116.0
2258,752,765.0,0.0,0.0,92.0,0.0,9,0,4,0,0,0,0,66.6962,29.25,88.65,1.0,776.0,5.0,9121.0
2259,753,766.0,1.0,0.0,92.0,0.0,9,0,4,0,0,0,0,66.6577,29.25,88.65,0.0,776.0,4.0,9125.0
2260,753,766.0,0.0,0.0,92.0,0.0,10,0,3,0,0,0,0,66.6192,29.25,88.65,1.0,777.0,4.0,9129.0
2261,753,766.0,0.0,0.0,92.0,0.0,9,0,4,0,0,0,0,66.5923,29.25,88.65,0.0,777.0,4.0,9133.0
2262,753,766.0,0.0,0.0,92.0,0.0,9,0,4,0,0,0,0,66.5654,29.25,88.65,0.0,777.0,4.0,9137.0
2263,755,768.0,2.0,0.0,92.0,0.0,8,0,5,0,0,0,0,66.5654,29.25,88.65,0.0,777.0,5.0,9142.0
2264,755,768.0,0.0,0.0,92.0,0.0,8,0,5,0,0,0,0,66.5654,29.25,88.65,0.0,777.0,5.0,9147.0
2265,756,769.0,1.0,0.0,92.0,0.0,9,0,4,0,0,0,0,66.5654,29.25,88.65,1.0,778.0,5.0,9152.0
2266,756,769.0,0.0,0.0,92.0,0.0,9,0,4,0,0,0,0,66.5269,29.25,88.65,0.0,778.0,4.0,9156.0
2267,757,770.0,1.0,0.0,92.0,0.0,10,0,3,0,0,0,0,66.4885,29.25,88.65,1.0,779.0,4.0,9160.0
2268,757,770.0,0.0,0.0,92.0,0.0,9,0,4,0,0,0,0,66.4615,29.25,88.65,0.0,779.0,4.0,9164.0
2269,757,770.0,0.0,0.0,92.0,0.0,9,0,4,0,0,0,0,66.4346,29.25,88.65,0.0,779.0,4.0,9168.0
2270,757,770.0,0.0,0.0,92.0,0.0,8,0,5,0,0,0,0,66.4346,29.25,88.65,0.0,779.0,5.0,9173.0
2271,757,770.0,0.0,0.0,92.0,0.0,8,0,5,0,0,0,0,66.4346,29.25,88.65,0.0,779.0,5.0,9178.0
2272,757,770.0,0.0,0.0,92.0,0.0,9,0,4,0,0,0,0,66.4346,29.25,88.65,1.0,780.0,5.0,9183.0
2273,757,770.0,0.0,0.0,92.0,0.0,9,0,4,0,0,0,0,66.3962,29.25,88.65,0.0,780.0,4.0,9187.0
2274,757,770.0,0.0,0.0,92.0,0.0,10,0,3,0,0,0,0,66.3577,29.25,88.65,1.0,781.0,4.0,9191.0
2275,760,773.0,3.0,0.0,92.0,0.0,9,0,4,0,0,0,0,66.3308,29.25,88.65,0.0,781.0,4.0,9195.0
2276,760,773.0,0.0,0.0,92.0,0.0,9,0,4,0,0,0,0,66.3038,29.25,88.65,0.0,781.0,4.0,9199.0
2277,761,774.0,1.0,0.0,92.0,0.0,8,0,5,0,0,0,0,66.3038,29.25,88.65,0.0,781.0,5.0,9204.0
2278,761,774.0,0.0,0.0,92.0,0.0,8,0,5,0,0,0,0,66.3038,29.25,88.65,0.0,781.0,5.0,9209.0
2279,761,774.0,0.0,0.0,92.0,0.0,9,0,4,0,0,0,0,66.3038,29.25,88.65,1.0,782.0,5.0,9214.0
2280,761,774.0,0.0,0.0,92.0,0.0,9,0,4,0,0,0,0,66.2654,29.25,88.65,0.0,782.0,4.0,9218.0
2281,761,774.0,0.0,0.0,92.0,0.0,10,0,3,0,0,0,0,66.2269,29.25,88.65,1.0,783.0,4.0,9222.0
2282,761,774.0,0.0,0.0,92.0,0.0,9,0,4,0,0,0,0,66.2,29.25,88.65,0.0,783.0,4.0,9226.0
2283,762,775.0,1.0,0.0,92.0,0.0,9,0,4,0,0,0,0,66.1731,29.25,88.65,0.0,783.0,4.0,9230.0
2284,762,775.0,0.0,0.0,92.0,0.0,8,0,5,0,0,0,0,66.1731,29.25,88.65,0.0,783.0,5.0,9235.0
2285,763,776.0,1.0,0.0,92.0,0.0,8,0,5,0,0,0,0,66.1731,29.25,88.65,0.0,783.0,5.0,9240.0
2286,763,776.0,0.0,0.0,92.0,0.0,9,0,4,0,0,0,0,66.1731,29.25,88.65,1.0,784.0,5.0,9245.0
2287,764,777.0,1.0,0.0,92.0,0.0,9,0,4,0,0,0,0,66.1346,29.25,88.65,0.0,784.0,4.0,9249.0
2288,764,777.0,0.0,0.0,92.0,0.0,10,0,3,0,0,0,0,66.0962,29.25,88.65,1.0,785.0,4.0,9253.0
2289,764,777.0,0.0,0.0,92.0,0.0,9,0,4,0,0,0,0,66.0692,29.25,88.65,0.0,785.0,4.0,9257.0
2290,764,777.0,0.0,0.0,92.0,0.0,9,0,4,0,0,0,0,66.0423,29.25,88.65,0.0,785.0,4.0,9261.0
2291,766,779.0,2.0,0.0,92.0,0.0,8,0,5,0,0,0,0,66.0423,29.25,88.65,0.0,785.0,5.0,9266.0
2292,766,779.0,0.0,0.0,92.0,0.0,8,0,5,0,0,0,0,66.0423,29.25,88.65,0.0,785.0,5.0,9271.0
2293,766,779.0,0.0,0.0,92.0,0.0,9,0,4,0,0,0,0,66.0423,29.25,88.65,1.0,786.0,5.0,9276.0
2294,766,779.0,0.0,0.0,92.0,0.0,9,0,4,0,0,0,0,66.0038,29.25,88.65,0.0,786.0,4.0,9280.0
2295,767,780.0,1.0,0.0,92.0,0.0,10,0,3,0,0,0,0,65.9654,29.25,88.65,1.0,787.0,4.0,9284.0
2296,767,780.0,0.0,0.0,92.0,0.0,9,0,4,0,0,0,0,65.9385,29.25,88.65,0.0,787.0,4.0,9288.0
2297,767,780.0,0.0,0.0,92.0,0.0,9,0,4,0,0,0,0,65.9115,29.25,88.65,0.0,787.0,4.0,9292.0
2298,767,780.0,0.0,0.0,92.0,0.0,8,0,5,0,0,0,0,65.9115,29.25,88.65,0.0,787.0,5.0,9297.0
2299,769,782.0,2.0,0.0,92.0,0.0,8,0,5,0,0,0,0,65.9115,29.25,88.65,0.0,787.0,5.0,9302.0
2300,769,782.0,0.0,0.0,92.0,0.0,9,0,4,0,0,0,0,65.9115,29.25,88.65,1.0,788.0,5.0,9307.0
2301,769,782.0,0.0,0.0,92.0,0.0,9,0,4,0,0,0,0,65.8731,29.25,88.65,0.0,788.0,4.0,9311.0
2302,769,782.0,0.0,0.0,92.0,0.0,10,0,3,0,0,0,0,65.8346,29.25,88.65,1.0,789.0,4.0,9315.0
2303,769,782.0,0.0,0.0,92.0,0.0,9,0,4,0,0,0,0,65.8077,29.25,88.65,0.0,789.0,4.0,9319.0
2304,769,782.0,0.0,0.0,92.0,0.0,9,0,4,0,0,0,0,65.7808,29.25,88.65,0.0,789.0,4.0,9323.0
2305,771,784.0,2.0,0.0,92.0,0.0,8,0,5,0,0,0,0,65.7808,29.25,88.65,0.0,789.0,5.0,9328.0
2306,771,784.0,0.0,0.0,92.0,0.0,8,0,5,0,0,0,0,65.7808,29.25,88.65,0.0,789.0,5.0,9333.0
2307,772,785.0,1.0,0.0,92.0,0.0,9,0,4,0,0,0,0,65.7808,29.25,88.65,1.0,790.0,5.0,9338.0
2308,772,785.0,0.0,0.0,92.0,0.0,9,0,4,0,0,0,0,65.7423,29.25,88.65,0.0,790.0,4.0,9342.0
2309,772,785.0,0.0,0.0,92.0,0.0,10,0,3,0,0,0,0,65.7038,29.25,88.65,1.0,791.0,4.0,9346.0
2310,772,785.0,0.0,0.0,92.0,0.0,9,0,4,0,0,0,0,65.6769,29.25,88.65,0.0,791.0,4.0,9350.0
2311,773,786.0,1.0,0.0,92.0,0.0,9,0,4,0,0,0,0,65.65,29.25,88.65,0.0,791.0,4.0,9354.0
2312,773,786.0,0.0,0.0,92.0,0.0,8,0,5,0,0,0,0,65.65,29.25,88.65,0.0,791.0,5.0,9359.0
2313,773,786.0,0.0,0.0,92.0,0.0,8,0,5,0,0,0,0,65.65,29.25,88.65,0.0,791.0,5.0,9364.0
2314,773,786.0,0.0,0.0,92.0,0.0,9,0,4,0,0,0,0,65.65,29.25,88.65,1.0,792.0,5.0,9369.0
2315,775,788.0,2.0,0.0,92.0,0.0,9,0,4,0,0,0,0,65.6115,29.25,88.65,0.0,792.0,4.0,9373.0
2316,775,788.0,0.0,0.0,92.0,0.0,10,0,3,0,0,0,0,65.5731,29.25,88.65,1.0,793.0,4.0,9377.0
2317,775,788.0,0.0,0.0,92.0,0.0,9,0,4,0,0,0,0,65.5462,29.25,88.65,0.0,793.0,4.0,9381.0
2318,775,788.0,0.0,0.0,92.0,0.0,9,0,4,0,0,0,0,65.5192,29.25,88.65,0.0,793.0,4.0,9385.0
2319,776,789.0,1.0,0.0,92.0,0.0,8,0,5,0,0,0,0,65.5192,29.25,88.65,0.0,793.0,5.0,9390.0
2320,776,789.0,0.0,0.0,92.0,0.0,8,0,5,0,0,0,0,65.5192,29.25,88.65,0.0,793.0,5.0,9395.0
2321,776,789.0,0.0,0.0,92.0,0.0,9,0,4,0,0,0,0,65.5192,29.25,88.65,1.0,794.0,5.0,9400.0
2322,776,789.0,0.0,0.0,92.0,0.0,9,0,4,0,0,0,0,65.4808,29.25,88.65,0.0,794.0,4.0,9404.0
2323,778,791.0,2.0,0.0,92.0,0.0,10,0,3,0,0,0,0,65.4423,29.25,88.65,1.0,795.0,4.0,9408.0
2324,778,791.0,0.0,0.0,92.0,0.0,9,0,4,0,0,0,0,65.4154,29.25,88.65,0.0,795.0,4.0,9412.0
2325,779,792.0,1.0,0.0,92.0,0.0,9,0,4,0,0,0,0,65.3885,29.25,88.65,0.0,795.0,4.0,9416.0
2326,779,792.0,0.0,0.0,92.0,0.0,8,0,5,0,0,0,0,65.3885,29.25,88.65,0.0,795.0,5.0,9421.0
2327,779,792.0,0.0,0.0,92.0,0.0,8,0,5,0,0,0,0,65.3885,29.25,88.65,0.0,795.0,5.0,9426.0
2328,779,792.0,0.0,0.0,92.0,0.0,9,0,4,0,0,0,0,65.3885,29.25,88.65,1.0,796.0,5.0,9431.0
2329,779,792.0,0.0,0.0,92.0,0.0,9,0,4,0,0,0,0,65.35,29.25,88.65,0.0,796.0,4.0,9435.0
2330,779,792.0,0.0,0.0,92.0,0.0,10,0,3,0,0,0,0,65.3115,29.25,88.65,1.0,797.0,4.0,9439.0
2331,780,793.0,1.0,0.0,92.0,0.0,9,0,4,0,0,0,0,65.2846,29.25,88.65,0.0,797.0,4.0,9443.0
2332,780,793.0,0.0,0.0,92.0,0.0,9,0,4,0,0,0,0,65.2577,29.25,88.65,0.0,797.0,4.0,9447.0
2333,781,794.0,1.0,0.0,92.0,0.0,8,0,5,0,0,0,0,65.2577,29.25,88.65,0.0,797.0,5.0,9452.0
2334,781,794.0,0.0,0.0,92.0,0.0,8,0,5,0,0,0,0,65.2577,29.25,88.65,0.0,797.0,5.0,9457.0
2335,783,796.0,2.0,0.0,92.0,0.0,9,0,4,0,0,0,0,65.2577,29.25,88.65,1.0,798.0,5.0,9462.0
2336,783,796.0,0.0,0.0,92.0,0.0,9,0,4,0,0,0,0,65.2192,29.25,88.65,0.0,798.0,4.0,9466.0
2337,783,796.0,0.0,0.0,92.0,0.0,10,0,3,0,0,0,0,65.1808,29.25,88.65,1.0,799.0,4.0,9470.0
2338,783,796.0,0.0,0.0,92.0,0.0,9,0,4,0,0,0,0,65.1538,29.25,88.65,0.0,799.0,4.0,9474.0
2339,784,797.0,1.0,0.0,92.0,0.0,9,0,4,0,0,0,0,65.1269,29.25,88.65,0.0,799.0,4.0,9478.0
2340,784,797.0,0.0,0.0,92.0,0.0,8,0,5,0,0,0,0,65.1269,29.25,88.65,0.0,799.0,5.0,9483.0
2341,784,797.0,0.0,0.0,92.0,0.0,8,0,5,0,0,0,0,65.1269,29.25,88.65,0.0,799.0,5.0,9488.0
2342,784,797.0,0.0,0.0,92.0,0.0,9,0,4,0,0,0,0,65.1269,29.25,88.65,1.0,800.0,5.0,9493.0
2343,784,797.0,0.0,0.0,92.0,0.0,9,0,4,0,0,0,0,65.0885,29.25,88.65,0.0,800.0,4.0,9497.0
2344,784,797.0,0.0,0.0,92.0,0.0,10,0,3,0,0,0,0,65.05,29.25,88.65,1.0,801.0,4.0,9501.0
2345,785,798.0,1.0,0.0,92.0,0.0,9,0,4,0,0,0,0,65.0231,29.25,88.65,0.0,801.0,4.0,9505.0
2346,785,798.0,0.0,0.0,92.0,0.0,9,0,4,0,0,0,0,64.9962,29.25,88.65,0.0,801.0,4.0,9509.0
2347,788,801.0,3.0,0.0,92.0,0.0,8,0,5,0,0,0,0,64.9962,29.25,88.65,0.0,801.0,5.0,9514.0
2348,788,801.0,0.0,0.0,92.0,0.0,8,0,5,0,0,0,0,64.9962,29.25,88.65,0.0,801.0,5.0,9519.0
2349,788,801.0,0.0,0.0,92.0,0.0,9,0,4,0,0,0,0,64.9962,29.25,88.65,1.0,802.0,5.0,9524.0
2350,788,801.0,0.0,0.0,92.0,0.0,9,0,4,0,0,0,0,64.9577,29.25,88.65,0.0,802.0,4.0,9528.0
2351,788,801.0,0.0,0.0,92.0,0.0,10,0,3,0,0,0,0,64.9192,29.25,88.65,1.0,803.0,4.0,9532.0
2352,788,801.0,0.0,0.0,92.0,0.0,9,0,4,0,0,0,0,64.8923,29.25,88.65,0.0,803.0,4.0,9536.0
2353,788,801.0,0.0,0.0,92.0,0.0,9,0,4,0,0,0,0,64.8654,29.25,88.65,0.0,803.0,4.0,9540.0
2354,788,801.0,0.0,0.0,92.0,0.0,8,0,5,0,0,0,0,64.8654,29.25,88.65,0.0,803.0,5.0,9545.0
2355,790,803.0,2.0,0.0,92.0,0.0,8,0,5,0,0,0,0,64.8654,29.25,88.65,0.0,803.0,5.0,9550.0
2356,790,803.0,0.0,0.0,92.0,0.0,9,0,4,0,0,0,0,64.8654,29.25,88.65,1.0,804.0,5.0,9555.0
2357,790,803.0,0.0,0.0,92.0,0.0,9,0,4,0,0,0,0,64.8269,29.25,88.65,0.0,804.0,4.0,9559.0
2358,790,803.0,0.0,0.0,92.0,0.0,10,0,3,0,0,0,0,64.7885,29.25,88.65,1.0,805.0,4.0,9563.0
2359,791,804.0,1.0,0.0,92.0,0.0,9,0,4,0,0,0,0,64.7615,29.25,88.65,0.0,805.0,4.0,9567.0
2360,791,804.0,0.0,0.0,92.0,0.0,9,0,4,0,0,0,0,64.7346,29.25,88.65,0.0,805.0,4.0,9571.0
2361,792,805.0,1.0,0.0,92.0,0.0,8,0,5,0,0,0,0,64.7346,29.25,88.65,0.0,805.0,5.0,9576.0
2362,792,805.0,0.0,0.0,92.0,0.0,8,0,5,0,0,0,0,64.7346,29.25,88.65,0.0,805.0,5.0,9581.0
2363,793,806.0,1.0,0.0,92.0,0.0,9,0,4,0,0,0,0,64.7346,29.25,88.65,1.0,806.0,5.0,9586.0
2364,793,806.0,0.0,0.0,92.0,0.0,9,0,4,0,0,0,0,64.6962,29.25,88.65,0.0,806.0,4.0,9590.0
2365,794,807.0,1.0,0.0,92.0,0.0,10,0,3,0,0,0,0,64.6577,29.25,88.65,1.0,807.0,4.0,9594.0
2366,794,807.0,0.0,0.0,92.0,0.0,9,0,4,0,0,0,0,64.6308,29.25,88.65,0.0,807.0,4.0,9598.0
2367,794,807.0,0.0,0.0,92.0,0.0,9,0,4,0,0,0,0,64.6038,29.25,88.65,0.0,807.0,4.0,9602.0
2368,794,807.0,0.0,0.0,92.0,0.0,8,0,5,0,0,0,0,64.6038,29.25,88.65,0.0,807.0,5.0,9607.0
2369,794,807.0,0.0,0.0,92.0,0.0,8,0,5,0,0,0,0,64.6038,29.25,88.65,0.0,807.0,5.0,9612.0
2370,794,807.0,0.0,0.0,92.0,0.0,9,0,4,0,0,0,0,64.6038,29.25,88.65,1.0,808.0,5.0,9617.0
2371,796,809.0,2.0,0.0,92.0,0.0,9,0,4,0,0,0,0,64.5654,29.25,88.65,0.0,808.0,4.0,9621.0
2372,796,809.0,0.0,0.0,92.0,0.0,10,0,3,0,0,0,0,64.5269,29.25,88.65,1.0,809.0,4.0,9625.0
2373,796,809.0,0.0,0.0,92.0,0.0,9,0,4,0,0,0,0,64.5,29.25,88.65,0.0,809.0,4.0,9629.0
2374,796,809.0,0.0,0.0,92.0,0.0,9,0,4,0,0,0,0,64.4731,29.25,88.65,0.0,809.0,4.0,9633.0
2375,798,811.0,2.0,0.0,92.0,0.0,8,0,5,0,0,0,0,64.4731,29.25,88.65,0.0,809.0,5.0,9638.0
2376,798,811.0,0.0,0.0,92.0,0.0,8,0,5,0,0,0,0,64.4731,29.25,88.65,0.0,809.0,5.0,9643.0
2377,798,811.0,0.0,0.0,92.0,0.0,9,0,4,0,0,0,0,64.4731,29.25,88.65,1.0,810.0,5.0,9648.0
2378,798,811.0,0.0,0.0,92.0,0.0,9,0,4,0,0,0,0,64.4346,29.25,88.65,0.0,810.0,4.0,9652.0
2379,799,812.0,1.0,0.0,92.0,0.0,10,0,3,0,0,0,0,64.3962,29.25,88.65,1.0,811.0,4.0,9656.0
2380,799,812.0,0.0,0.0,92.0,0.0,9,0,4,0,0,0,0,64.3692,29.25,88.65,0.0,811.0,4.0,9660.0
2381,799,812.0,0.0,0.0,92.0,0.0,9,0,4,0,0,0,0,64.3423,29.25,88.65,0.0,811.0,4.0,9664.0
2382,799,812.0,0.0,0.0,92.0,0.0,8,0,5,0,0,0,0,64.3423,29.25,88.65,0.0,811.0,5.0,9669.0
2383,800,813.0,1.0,0.0,92.0,0.0,8,0,5,0,0,0,0,64.3423,29.25,88.65,0.0,811.0,5.0,9674.0
2384,800,813.0,0.0,0.0,92.0,0.0,9,0,4,0,0,0,0,64.3423,29.25,88.65,1.0,812.0,5.0,9679.0
2385,801,814.0,1.0,0.0,92.0,0.0,9,0,4,0,0,0,0,64.3038,29.25,88.65,0.0,812.0,4.0,9683.0
2386,801,814.0,0.0,0.0,92.0,0.0,10,0,3,0,0,0,0,64.2654,29.25,88.65,1.0,813.0,4.0,9687.0
2387,802,815.0,1.0,0.0,92.0,0.0,9,0,4,0,0,0,0,64.2385,29.25,88.65,0.0,813.0,4.0,9691.0
2388,802,815.0,0.0,0.0,92.0,0.0,9,0,4,0,0,0,0,64.2115,29.25,88.65,0.0,813.0,4.0,9695.0
2389,803,816.0,1.0,0.0,92.0,0.0,8,0,5,0,0,0,0,64.2115,29.25,88.65,0.0,813.0,5.0,9700.0
2390,803,816.0,0.0,0.0,92.0,0.0,8,0,5,0,0,0,0,64.2115,29.25,88.65,0.0,813.0,5.0,9705.0
2391,803,816.0,0.0,0.0,92.0,0.0,9,0,4,0,0,0,0,64.2115,29.25,88.65,1.0,814.0,5.0,9710.0
2392,803,816.0,0.0,0.0,92.0,0.0,9,0,4,0,0,0,0,64.1731,29.25,88.65,0.0,814.0,4.0,9714.0
2393,803,816.0,0.0,0.0,92.0,0.0,10,0,3,0,0,0,0,64.1346,29.25,88.65,1.0,815.0,4.0,9718.0
2394,803,816.0,0.0,0.0,92.0,0.0,9,0,4,0,0,0,0,64.1077,29.25,88.65,0.0,815.0,4.0,9722.0
2395,806,819.0,3.0,0.0,92.0,0.0,9,0,4,0,0,0,0,64.0808,29.25,88.65,0.0,815.0,4.0,9726.0
2396,806,819.0,0.0,0.0,92.0,0.0,8,0,5,0,0,0,0,64.0808,29.25,88.65,0.0,815.0,5.0,9731.0
2397,806,819.0,0.0,0.0,92.0,0.0,8,0,5,0,0,0,0,64.0808,29.25,88.65,0.0,815.0,5.0,9736.0
2398,806,819.0,0.0,0.0,92.0,0.0,9,0,4,0,0,0,0,64.0808,29.25,88.65,1.0,816.0,5.0,9741.0
2399,806,819.0,0.0,0.0,92.0,0.0,9,0,4,0,0,0,0,64.0423,29.25,88.65,0.0,816.0,4.0,9745.0
2400,806,819.0,0.0,0.0,92.0,0.0,10,0,3,0,0,0,0,64.0038,29.25,88.65,1.0,817.0,4.0,9749.0
2401,806,819.0,0.0,0.0,92.0,0.0,9,0,4,0,0,0,0,63.9769,29.25,88.65,0.0,817.0,4.0,9753.0
2402,806,819.0,0.0,0.0,92.0,0.0,9,0,4,0,0,0,0,63.95,29.25,88.65,0.0,817.0,4.0,9757.0
