run_id,tick,event_type,robot_id,task_id,details
20260908_023610_56ce16,3,task_created,,G00001,type=PUTAWAY pickup=RECV dropoff=B-05
20260908_023610_56ce16,3,task_assigned,R7,G00001,
20260908_023610_56ce16,5,task_created,,G00002,type=PICK pickup=D-01 dropoff=PICK-3
20260908_023610_56ce16,5,task_assigned,R8,G00002,
20260908_023610_56ce16,7,task_created,,G00003,type=PACK pickup=PICK-3 dropoff=PACK-1
20260908_023610_56ce16,7,task_assigned,R3,G00003,
20260908_023610_56ce16,9,task_created,,G00004,type=SHIP pickup=STAGING dropoff=DOCK-2
20260908_023610_56ce16,9,task_assigned,R2,G00004,
20260908_023610_56ce16,11,task_created,,G00005,type=PUTAWAY pickup=BUFFER dropoff=A-04
20260908_023610_56ce16,11,task_assigned,R4,G00005,
20260908_023610_56ce16,12,task_completed,R7,G00001,
20260908_023610_56ce16,15,task_completed,R2,G00004,
20260908_023610_56ce16,15,task_created,,G00006,type=PICK pickup=F-05 dropoff=PICK-2
20260908_023610_56ce16,15,task_assigned,R7,G00006,
20260908_023610_56ce16,19,task_completed,R8,G00002,
20260908_023610_56ce16,19,task_created,,G00007,type=PUTAWAY pickup=BUFFER dropoff=B-05
20260908_023610_56ce16,19,task_assigned,R6,G00007,
20260908_023610_56ce16,19,task_created,,G00008,type=PACK pickup=PICK-1 dropoff=PACK-2
20260908_023610_56ce16,19,task_assigned,R9,G00008,
20260908_023610_56ce16,21,task_completed,R4,G00005,
20260908_023610_56ce16,22,task_completed,R7,G00006,
20260908_023610_56ce16,23,task_created,,G00009,type=SHIP pickup=STAGING dropoff=DOCK-1
20260908_023610_56ce16,23,task_assigned,R2,G00009,
20260908_023610_56ce16,24,task_completed,R3,G00003,
20260908_023610_56ce16,25,task_created,,G00010,type=PICK pickup=G-05 dropoff=PICK-1
20260908_023610_56ce16,25,task_assigned,R1,G00010,
20260908_023610_56ce16,27,task_created,,G00011,type=PUTAWAY pickup=BUFFER dropoff=E-02
20260908_023610_56ce16,27,task_assigned,R4,G00011,
20260908_023610_56ce16,28,task_completed,R2,G00009,
20260908_023610_56ce16,31,task_created,,G00012,type=PACK pickup=PICK-2 dropoff=PACK-2
20260908_023610_56ce16,31,task_assigned,R7,G00012,
20260908_023610_56ce16,35,task_created,,G00013,type=PUTAWAY pickup=RECV dropoff=E-07
20260908_023610_56ce16,35,task_assigned,R11,G00013,
20260908_023610_56ce16,35,task_created,,G00014,type=PICK pickup=E-06 dropoff=PICK-1
20260908_023610_56ce16,35,task_assigned,R5,G00014,
20260908_023610_56ce16,37,task_completed,R7,G00012,
20260908_023610_56ce16,37,task_created,,G00015,type=SHIP pickup=STAGING dropoff=DOCK-2
20260908_023610_56ce16,37,task_assigned,R10,G00015,
20260908_023610_56ce16,38,robot_blocked,R9,,"{""x"": 15, ""y"": 11}"
20260908_023610_56ce16,40,task_completed,R9,G00008,
20260908_023610_56ce16,42,robot_blocked,R6,,"{""x"": 7, ""y"": 4}"
20260908_023610_56ce16,43,task_created,,G00016,type=PUTAWAY pickup=RECV dropoff=A-05
20260908_023610_56ce16,43,task_assigned,R2,G00016,
20260908_023610_56ce16,43,task_created,,G00017,type=PACK pickup=PICK-3 dropoff=PACK-2
20260908_023610_56ce16,43,task_assigned,R8,G00017,
20260908_023610_56ce16,43,robot_blocked,R1,,"{""x"": 8, ""y"": 4}"
20260908_023610_56ce16,45,task_created,,G00018,type=PICK pickup=A-04 dropoff=PICK-3
20260908_023610_56ce16,45,task_assigned,R3,G00018,
20260908_023610_56ce16,46,robot_blocked,R4,,"{""x"": 6, ""y"": 2}"
20260908_023610_56ce16,47,task_completed,R10,G00015,
20260908_023610_56ce16,50,robot_blocked,R2,,"{""x"": 6, ""y"": 12}"
20260908_023610_56ce16,51,task_completed,R1,G00010,
20260908_023610_56ce16,51,task_completed,R4,G00011,
20260908_023610_56ce16,51,task_created,,G00019,type=PUTAWAY pickup=RECV dropoff=E-08
20260908_023610_56ce16,51,task_assigned,R13,G00019,
20260908_023610_56ce16,51,task_created,,G00020,type=SHIP pickup=STAGING dropoff=DOCK-1
20260908_023610_56ce16,51,task_assigned,R10,G00020,
20260908_023610_56ce16,51,robot_blocked,R8,,"{""x"": 15, ""y"": 11}"
20260908_023610_56ce16,53,task_completed,R8,G00017,
20260908_023610_56ce16,55,task_created,,G00021,type=PICK pickup=G-03 dropoff=PICK-3
20260908_023610_56ce16,55,task_assigned,R12,G00021,
20260908_023610_56ce16,55,task_created,,G00022,type=PACK pickup=PICK-1 dropoff=PACK-1
20260908_023610_56ce16,55,task_assigned,R1,G00022,
20260908_023610_56ce16,56,task_completed,R10,G00020,
20260908_023610_56ce16,57,task_completed,R5,G00014,
20260908_023610_56ce16,58,robot_blocked,R3,,"{""x"": 5, ""y"": 4}"
20260908_023610_56ce16,59,task_created,,G00023,type=PUTAWAY pickup=BUFFER dropoff=A-02
20260908_023610_56ce16,59,task_assigned,R9,G00023,
20260908_023610_56ce16,64,task_completed,R1,G00022,
20260908_023610_56ce16,65,task_created,,G00024,type=PICK pickup=H-06 dropoff=PICK-1
20260908_023610_56ce16,65,task_assigned,R8,G00024,
20260908_023610_56ce16,65,task_created,,G00025,type=SHIP pickup=STAGING dropoff=DOCK-1
20260908_023610_56ce16,65,task_assigned,R10,G00025,
20260908_023610_56ce16,65,robot_blocked,R11,,"{""x"": 2, ""y"": 4}"
20260908_023610_56ce16,67,task_created,,G00026,type=PUTAWAY pickup=BUFFER dropoff=D-06
20260908_023610_56ce16,67,task_assigned,R4,G00026,
20260908_023610_56ce16,67,task_created,,G00027,type=PACK pickup=PICK-2 dropoff=PACK-2
20260908_023610_56ce16,67,task_assigned,R5,G00027,
20260908_023610_56ce16,68,task_completed,R11,G00013,
20260908_023610_56ce16,69,robot_blocked,R13,,"{""x"": 12, ""y"": 6}"
20260908_023610_56ce16,70,task_completed,R2,G00016,
20260908_023610_56ce16,70,task_completed,R10,G00025,
20260908_023610_56ce16,74,robot_blocked,R12,,"{""x"": 17, ""y"": 4}"
20260908_023610_56ce16,75,task_created,,G00028,type=PUTAWAY pickup=BUFFER dropoff=D-07
20260908_023610_56ce16,75,task_assigned,R7,G00028,
20260908_023610_56ce16,75,task_created,,G00029,type=PICK pickup=C-07 dropoff=PICK-2
20260908_023610_56ce16,75,task_assigned,R10,G00029,
20260908_023610_56ce16,79,task_created,,G00030,type=PACK pickup=PICK-1 dropoff=PACK-1
20260908_023610_56ce16,79,task_assigned,R11,G00030,
20260908_023610_56ce16,79,task_created,,G00031,type=SHIP pickup=STAGING dropoff=DOCK-2
20260908_023610_56ce16,79,task_assigned,R1,G00031,
20260908_023610_56ce16,81,task_completed,R5,G00027,
20260908_023610_56ce16,82,task_completed,R6,G00007,
20260908_023610_56ce16,83,task_completed,R12,G00021,
20260908_023610_56ce16,83,task_created,,G00032,type=PUTAWAY pickup=BUFFER dropoff=D-03
20260908_023610_56ce16,83,task_assigned,R5,G00032,
20260908_023610_56ce16,85,task_completed,R1,G00031,
20260908_023610_56ce16,85,task_created,,G00033,type=PICK pickup=E-06 dropoff=PICK-2
20260908_023610_56ce16,85,task_assigned,R2,G00033,
20260908_023610_56ce16,90,task_completed,R3,G00018,
20260908_023610_56ce16,91,task_created,,G00034,type=PUTAWAY pickup=RECV dropoff=B-01
20260908_023610_56ce16,91,task_assigned,R6,G00034,
20260908_023610_56ce16,91,task_created,,G00035,type=PACK pickup=PICK-3 dropoff=PACK-2
20260908_023610_56ce16,91,task_assigned,R12,G00035,
20260908_023610_56ce16,91,robot_blocked,R5,,"{""x"": 12, ""y"": 7}"
20260908_023610_56ce16,93,task_created,,G00036,type=SHIP pickup=STAGING dropoff=DOCK-1
20260908_023610_56ce16,93,task_assigned,R1,G00036,
20260908_023610_56ce16,95,task_created,,G00037,type=PICK pickup=D-08 dropoff=PICK-1
20260908_023610_56ce16,95,task_assigned,R3,G00037,
20260908_023610_56ce16,96,task_completed,R11,G00030,
20260908_023610_56ce16,96,robot_blocked,R10,,"{""x"": 13, ""y"": 5}"
20260908_023610_56ce16,97,task_completed,R4,G00026,
20260908_023610_56ce16,98,task_completed,R1,G00036,
20260908_023610_56ce16,99,task_created,,G00038,type=PUTAWAY pickup=RECV dropoff=B-07
20260908_023610_56ce16,99,task_assigned,R11,G00038,
20260908_023610_56ce16,101,task_completed,R10,G00029,
20260908_023610_56ce16,102,task_completed,R9,G00023,
20260908_023610_56ce16,102,task_completed,R8,G00024,
20260908_023610_56ce16,102,task_completed,R12,G00035,
20260908_023610_56ce16,103,task_created,,G00039,type=PACK pickup=PICK-1 dropoff=PACK-1
20260908_023610_56ce16,103,task_assigned,R8,G00039,
20260908_023610_56ce16,103,robot_blocked,R7,,"{""x"": 20, ""y"": 4}"
20260908_023610_56ce16,104,task_completed,R2,G00033,
20260908_023610_56ce16,105,task_created,,G00040,type=PICK pickup=B-06 dropoff=PICK-3
20260908_023610_56ce16,105,task_assigned,R10,G00040,
20260908_023610_56ce16,107,task_created,,G00041,type=PUTAWAY pickup=BUFFER dropoff=D-02
20260908_023610_56ce16,107,task_assigned,R2,G00041,
20260908_023610_56ce16,107,task_created,,G00042,type=SHIP pickup=STAGING dropoff=DOCK-2
20260908_023610_56ce16,107,task_assigned,R12,G00042,
20260908_023610_56ce16,112,task_completed,R8,G00039,
20260908_023610_56ce16,114,task_completed,R12,G00042,
20260908_023610_56ce16,115,task_created,,G00043,type=PUTAWAY pickup=RECV dropoff=A-05
20260908_023610_56ce16,115,task_assigned,R9,G00043,
20260908_023610_56ce16,115,task_created,,G00044,type=PICK pickup=F-02 dropoff=PICK-1
20260908_023610_56ce16,115,task_assigned,R1,G00044,
20260908_023610_56ce16,115,task_created,,G00045,type=PACK pickup=PICK-3 dropoff=PACK-1
20260908_023610_56ce16,115,task_assigned,R12,G00045,
20260908_023610_56ce16,120,task_completed,R13,G00019,
20260908_023610_56ce16,120,task_completed,R7,G00028,
20260908_023610_56ce16,121,task_created,,G00046,type=SHIP pickup=STAGING dropoff=DOCK-1
20260908_023610_56ce16,121,task_assigned,R8,G00046,
20260908_023610_56ce16,123,task_created,,G00047,type=PUTAWAY pickup=RECV dropoff=F-03
20260908_023610_56ce16,123,task_assigned,R13,G00047,
20260908_023610_56ce16,125,task_completed,R9,G00043,
20260908_023610_56ce16,125,task_created,,G00048,type=PICK pickup=C-06 dropoff=PICK-2
20260908_023610_56ce16,125,task_assigned,R4,G00048,
20260908_023610_56ce16,127,task_completed,R10,G00040,
20260908_023610_56ce16,127,task_completed,R8,G00046,
20260908_023610_56ce16,127,task_created,,G00049,type=PACK pickup=PICK-2 dropoff=PACK-1
20260908_023610_56ce16,127,task_assigned,R9,G00049,
20260908_023610_56ce16,130,task_completed,R2,G00041,
20260908_023610_56ce16,131,task_created,,G00050,type=PUTAWAY pickup=RECV dropoff=D-07
20260908_023610_56ce16,131,task_assigned,R7,G00050,
20260908_023610_56ce16,134,task_completed,R5,G00032,
20260908_023610_56ce16,135,task_created,,G00051,type=PICK pickup=A-07 dropoff=PICK-3
20260908_023610_56ce16,135,task_assigned,R10,G00051,
20260908_023610_56ce16,135,task_created,,G00052,type=SHIP pickup=STAGING dropoff=DOCK-1
20260908_023610_56ce16,135,task_assigned,R8,G00052,
20260908_023610_56ce16,138,task_completed,R4,G00048,
20260908_023610_56ce16,139,task_created,,G00053,type=PUTAWAY pickup=RECV dropoff=D-04
20260908_023610_56ce16,139,task_assigned,R2,G00053,
20260908_023610_56ce16,139,task_created,,G00054,type=PACK pickup=PICK-2 dropoff=PACK-2
20260908_023610_56ce16,139,task_assigned,R4,G00054,
20260908_023610_56ce16,140,task_completed,R1,G00044,
20260908_023610_56ce16,140,task_completed,R8,G00052,
20260908_023610_56ce16,143,task_completed,R6,G00034,
20260908_023610_56ce16,143,task_completed,R12,G00045,
20260908_023610_56ce16,145,task_completed,R4,G00054,
20260908_023610_56ce16,145,task_created,,G00055,type=PICK pickup=E-05 dropoff=PICK-2
20260908_023610_56ce16,145,task_assigned,R1,G00055,
20260908_023610_56ce16,147,task_created,,G00056,type=PUTAWAY pickup=RECV dropoff=B-07
20260908_023610_56ce16,147,task_assigned,R6,G00056,
20260908_023610_56ce16,149,task_created,,G00057,type=SHIP pickup=STAGING dropoff=DOCK-1
20260908_023610_56ce16,149,task_assigned,R12,G00057,
20260908_023610_56ce16,150,task_completed,R3,G00037,
20260908_023610_56ce16,151,task_created,,G00058,type=PACK pickup=PICK-2 dropoff=PACK-1
20260908_023610_56ce16,151,task_assigned,R8,G00058,
20260908_023610_56ce16,152,task_completed,R9,G00049,
20260908_023610_56ce16,155,task_completed,R11,G00038,
20260908_023610_56ce16,155,task_created,,G00059,type=PUTAWAY pickup=RECV dropoff=E-04
20260908_023610_56ce16,155,task_assigned,R3,G00059,
20260908_023610_56ce16,155,task_created,,G00060,type=PICK pickup=B-05 dropoff=PICK-1
20260908_023610_56ce16,155,task_assigned,R5,G00060,
20260908_023610_56ce16,156,task_completed,R12,G00057,
20260908_023610_56ce16,163,task_created,,G00061,type=PUTAWAY pickup=BUFFER dropoff=E-05
20260908_023610_56ce16,163,task_assigned,R11,G00061,
20260908_023610_56ce16,163,task_created,,G00062,type=PACK pickup=PICK-1 dropoff=PACK-1
20260908_023610_56ce16,163,task_assigned,R9,G00062,
20260908_023610_56ce16,163,task_created,,G00063,type=SHIP pickup=STAGING dropoff=DOCK-1
20260908_023610_56ce16,163,task_assigned,R12,G00063,
20260908_023610_56ce16,165,task_completed,R8,G00058,
20260908_023610_56ce16,165,task_created,,G00064,type=PICK pickup=B-01 dropoff=PICK-3
20260908_023610_56ce16,165,task_assigned,R4,G00064,
20260908_023610_56ce16,168,task_completed,R1,G00055,
20260908_023610_56ce16,168,task_completed,R12,G00063,
20260908_023610_56ce16,169,task_completed,R13,G00047,
20260908_023610_56ce16,171,task_created,,G00065,type=PUTAWAY pickup=BUFFER dropoff=A-06
20260908_023610_56ce16,171,task_assigned,R13,G00065,
20260908_023610_56ce16,174,task_completed,R3,G00059,
20260908_023610_56ce16,175,task_created,,G00066,type=PICK pickup=A-03 dropoff=PICK-3
20260908_023610_56ce16,175,task_assigned,R3,G00066,
20260908_023610_56ce16,175,task_created,,G00067,type=PACK pickup=PICK-2 dropoff=PACK-2
20260908_023610_56ce16,175,task_assigned,R1,G00067,
20260908_023610_56ce16,177,task_completed,R5,G00060,
20260908_023610_56ce16,177,task_created,,G00068,type=SHIP pickup=STAGING dropoff=DOCK-1
20260908_023610_56ce16,177,task_assigned,R12,G00068,
20260908_023610_56ce16,178,task_completed,R6,G00056,
20260908_023610_56ce16,179,task_created,,G00069,type=PUTAWAY pickup=BUFFER dropoff=B-08
20260908_023610_56ce16,179,task_assigned,R5,G00069,
20260908_023610_56ce16,181,task_completed,R1,G00067,
20260908_023610_56ce16,182,task_completed,R9,G00062,
20260908_023610_56ce16,182,task_completed,R12,G00068,
20260908_023610_56ce16,185,task_completed,R10,G00051,
20260908_023610_56ce16,185,task_created,,G00070,type=PICK pickup=C-03 dropoff=PICK-2
20260908_023610_56ce16,185,task_assigned,R12,G00070,
20260908_023610_56ce16,187,task_created,,G00071,type=PUTAWAY pickup=RECV dropoff=A-01
20260908_023610_56ce16,187,task_assigned,R9,G00071,
20260908_023610_56ce16,187,task_created,,G00072,type=PACK pickup=PICK-2 dropoff=PACK-1
20260908_023610_56ce16,187,task_assigned,R8,G00072,
20260908_023610_56ce16,188,task_completed,R11,G00061,
20260908_023610_56ce16,191,task_created,,G00073,type=SHIP pickup=STAGING dropoff=DOCK-2
20260908_023610_56ce16,191,task_assigned,R1,G00073,
20260908_023610_56ce16,195,task_created,,G00074,type=PUTAWAY pickup=BUFFER dropoff=A-05
20260908_023610_56ce16,195,task_assigned,R6,G00074,
20260908_023610_56ce16,195,task_created,,G00075,type=PICK pickup=A-01 dropoff=PICK-2
20260908_023610_56ce16,195,task_assigned,R11,G00075,
20260908_023610_56ce16,198,task_completed,R1,G00073,
20260908_023610_56ce16,199,task_created,,G00076,type=PACK pickup=PICK-1 dropoff=PACK-2
20260908_023610_56ce16,199,task_assigned,R1,G00076,
20260908_023610_56ce16,200,task_completed,R5,G00069,
20260908_023610_56ce16,201,task_completed,R8,G00072,
20260908_023610_56ce16,203,task_created,,G00077,type=PUTAWAY pickup=RECV dropoff=G-03
20260908_023610_56ce16,203,task_assigned,R5,G00077,
20260908_023610_56ce16,205,task_completed,R4,G00064,
20260908_023610_56ce16,205,task_created,,G00078,type=PICK pickup=B-03 dropoff=PICK-3
20260908_023610_56ce16,205,task_assigned,R10,G00078,
20260908_023610_56ce16,205,task_created,,G00079,type=SHIP pickup=STAGING dropoff=DOCK-1
20260908_023610_56ce16,205,task_assigned,R8,G00079,
20260908_023610_56ce16,207,task_completed,R7,G00050,
20260908_023610_56ce16,207,task_completed,R2,G00053,
20260908_023610_56ce16,209,task_completed,R12,G00070,
20260908_023610_56ce16,211,task_completed,R8,G00079,
20260908_023610_56ce16,211,task_created,,G00080,type=PUTAWAY pickup=RECV dropoff=H-07
20260908_023610_56ce16,211,task_assigned,R4,G00080,
20260908_023610_56ce16,211,task_created,,G00081,type=PACK pickup=PICK-2 dropoff=PACK-2
20260908_023610_56ce16,211,task_assigned,R12,G00081,
20260908_023610_56ce16,212,task_completed,R13,G00065,
20260908_023610_56ce16,212,task_completed,R3,G00066,
20260908_023610_56ce16,215,task_completed,R11,G00075,
20260908_023610_56ce16,215,task_created,,G00082,type=PICK pickup=B-02 dropoff=PICK-2
20260908_023610_56ce16,215,task_assigned,R13,G00082,
20260908_023610_56ce16,218,task_completed,R9,G00071,
20260908_023610_56ce16,219,task_created,,G00083,type=PUTAWAY pickup=BUFFER dropoff=D-07
20260908_023610_56ce16,219,task_assigned,R7,G00083,
20260908_023610_56ce16,219,task_created,,G00084,type=SHIP pickup=STAGING dropoff=DOCK-2
20260908_023610_56ce16,219,task_assigned,R8,G00084,
20260908_023610_56ce16,220,task_completed,R12,G00081,
20260908_023610_56ce16,223,task_created,,G00085,type=PACK pickup=PICK-2 dropoff=PACK-2
20260908_023610_56ce16,223,task_assigned,R11,G00085,
20260908_023610_56ce16,224,task_completed,R8,G00084,
20260908_023610_56ce16,225,task_created,,G00086,type=PICK pickup=D-01 dropoff=PICK-1
20260908_023610_56ce16,225,task_assigned,R2,G00086,
20260908_023610_56ce16,227,task_created,,G00087,type=PUTAWAY pickup=RECV dropoff=A-06
20260908_023610_56ce16,227,task_assigned,R9,G00087,
20260908_023610_56ce16,231,task_completed,R11,G00085,
20260908_023610_56ce16,233,task_created,,G00088,type=SHIP pickup=STAGING dropoff=DOCK-1
20260908_023610_56ce16,233,task_assigned,R8,G00088,
20260908_023610_56ce16,235,task_completed,R6,G00074,
20260908_023610_56ce16,235,task_completed,R13,G00082,
20260908_023610_56ce16,235,task_created,,G00089,type=PUTAWAY pickup=BUFFER dropoff=F-04
20260908_023610_56ce16,235,task_assigned,R3,G00089,
20260908_023610_56ce16,235,task_created,,G00090,type=PICK pickup=E-01 dropoff=PICK-3
20260908_023610_56ce16,235,task_assigned,R11,G00090,
20260908_023610_56ce16,235,task_created,,G00091,type=PACK pickup=PICK-3 dropoff=PACK-1
20260908_023610_56ce16,235,task_assigned,R12,G00091,
20260908_023610_56ce16,236,task_completed,R1,G00076,
20260908_023610_56ce16,238,task_completed,R8,G00088,
20260908_023610_56ce16,243,task_completed,R5,G00077,
20260908_023610_56ce16,243,task_created,,G00092,type=PUTAWAY pickup=BUFFER dropoff=G-06
20260908_023610_56ce16,243,task_assigned,R13,G00092,
20260908_023610_56ce16,245,task_created,,G00093,type=PICK pickup=G-04 dropoff=PICK-1
20260908_023610_56ce16,245,task_assigned,R5,G00093,
20260908_023610_56ce16,247,task_completed,R2,G00086,
20260908_023610_56ce16,247,task_created,,G00094,type=PACK pickup=PICK-1 dropoff=PACK-1
20260908_023610_56ce16,247,task_assigned,R6,G00094,
20260908_023610_56ce16,247,task_created,,G00095,type=SHIP pickup=STAGING dropoff=DOCK-1
20260908_023610_56ce16,247,task_assigned,R8,G00095,
20260908_023610_56ce16,249,task_completed,R7,G00083,
20260908_023610_56ce16,249,task_completed,R9,G00087,
20260908_023610_56ce16,251,task_created,,G00096,type=PUTAWAY pickup=RECV dropoff=C-01
20260908_023610_56ce16,251,task_assigned,R9,G00096,
20260908_023610_56ce16,252,task_completed,R8,G00095,
20260908_023610_56ce16,255,task_created,,G00097,type=PICK pickup=F-04 dropoff=PICK-2
20260908_023610_56ce16,255,task_assigned,R8,G00097,
20260908_023610_56ce16,256,task_completed,R12,G00091,
20260908_023610_56ce16,259,task_completed,R13,G00092,
20260908_023610_56ce16,259,task_created,,G00098,type=PUTAWAY pickup=RECV dropoff=D-06
20260908_023610_56ce16,259,task_assigned,R2,G00098,
20260908_023610_56ce16,259,task_created,,G00099,type=PACK pickup=PICK-2 dropoff=PACK-1
20260908_023610_56ce16,259,task_assigned,R12,G00099,
20260908_023610_56ce16,261,task_created,,G00100,type=SHIP pickup=STAGING dropoff=DOCK-2
20260908_023610_56ce16,261,task_assigned,R1,G00100,
20260908_023610_56ce16,263,task_completed,R3,G00089,
20260908_023610_56ce16,264,task_completed,R5,G00093,
20260908_023610_56ce16,265,task_created,,G00101,type=PICK pickup=D-06 dropoff=PICK-2
20260908_023610_56ce16,265,task_assigned,R7,G00101,
20260908_023610_56ce16,266,task_completed,R6,G00094,
20260908_023610_56ce16,267,task_completed,R4,G00080,
20260908_023610_56ce16,267,task_created,,G00102,type=PUTAWAY pickup=BUFFER dropoff=G-07
20260908_023610_56ce16,267,task_assigned,R13,G00102,
20260908_023610_56ce16,268,task_completed,R1,G00100,
20260908_023610_56ce16,269,task_completed,R10,G00078,
20260908_023610_56ce16,271,task_created,,G00103,type=PACK pickup=PICK-2 dropoff=PACK-2
20260908_023610_56ce16,271,task_assigned,R1,G00103,
20260908_023610_56ce16,273,task_completed,R12,G00099,
20260908_023610_56ce16,274,task_completed,R9,G00096,
20260908_023610_56ce16,275,task_completed,R8,G00097,
20260908_023610_56ce16,275,task_created,,G00104,type=PUTAWAY pickup=BUFFER dropoff=A-02
20260908_023610_56ce16,275,task_assigned,R9,G00104,
20260908_023610_56ce16,275,task_created,,G00105,type=PICK pickup=G-03 dropoff=PICK-3
20260908_023610_56ce16,275,task_assigned,R10,G00105,
20260908_023610_56ce16,275,task_created,,G00106,type=SHIP pickup=STAGING dropoff=DOCK-2
20260908_023610_56ce16,275,task_assigned,R12,G00106,
20260908_023610_56ce16,279,task_completed,R11,G00090,
20260908_023610_56ce16,281,task_completed,R12,G00106,
20260908_023610_56ce16,283,task_created,,G00107,type=PUTAWAY pickup=RECV dropoff=H-08
20260908_023610_56ce16,283,task_assigned,R12,G00107,
20260908_023610_56ce16,283,task_created,,G00108,type=PACK pickup=PICK-3 dropoff=PACK-2
20260908_023610_56ce16,283,task_assigned,R8,G00108,
20260908_023610_56ce16,285,task_created,,G00109,type=PICK pickup=G-01 dropoff=PICK-1
20260908_023610_56ce16,285,task_assigned,R11,G00109,
20260908_023610_56ce16,287,task_completed,R13,G00102,
20260908_023610_56ce16,288,task_completed,R1,G00103,
20260908_023610_56ce16,289,task_interrupted,R9,G00104,
20260908_023610_56ce16,289,task_created,,G00110,type=SHIP pickup=STAGING dropoff=DOCK-2
20260908_023610_56ce16,289,task_assigned,R1,G00110,
20260908_023610_56ce16,290,task_assigned,R13,G00104,
20260908_023610_56ce16,291,task_interrupted,R2,G00098,
20260908_023610_56ce16,291,task_created,,G00111,type=PUTAWAY pickup=RECV dropoff=E-02
20260908_023610_56ce16,294,task_assigned,R5,G00098,
20260908_023610_56ce16,295,task_created,,G00112,type=PICK pickup=H-01 dropoff=PICK-3
20260908_023610_56ce16,295,task_created,,G00113,type=PACK pickup=PICK-3 dropoff=PACK-2
20260908_023610_56ce16,296,task_interrupted,R11,G00109,
20260908_023610_56ce16,296,task_completed,R1,G00110,
20260908_023610_56ce16,297,task_completed,R10,G00105,
20260908_023610_56ce16,297,task_assigned,R1,G00113,
20260908_023610_56ce16,298,task_assigned,R10,G00109,
20260908_023610_56ce16,299,task_created,,G00114,type=PUTAWAY pickup=RECV dropoff=C-05
20260908_023610_56ce16,300,task_completed,R7,G00101,
20260908_023610_56ce16,301,task_assigned,R7,G00112,
20260908_023610_56ce16,303,task_created,,G00115,type=SHIP pickup=STAGING dropoff=DOCK-1
20260908_023610_56ce16,304,task_completed,R8,G00108,
20260908_023610_56ce16,305,task_interrupted,R10,G00109,
20260908_023610_56ce16,305,task_assigned,R8,G00115,
20260908_023610_56ce16,305,task_created,,G00116,type=PICK pickup=F-03 dropoff=PICK-2
20260908_023610_56ce16,306,task_completed,R13,G00104,
20260908_023610_56ce16,307,task_assigned,R13,G00109,
20260908_023610_56ce16,307,task_created,,G00117,type=PUTAWAY pickup=BUFFER dropoff=B-03
20260908_023610_56ce16,307,task_created,,G00118,type=PACK pickup=PICK-2 dropoff=PACK-1
20260908_023610_56ce16,307,task_assigned,R6,G00118,
20260908_023610_56ce16,311,task_interrupted,R7,G00112,
20260908_023610_56ce16,311,task_assigned,R3,G00116,
20260908_023610_56ce16,312,task_interrupted,R13,G00109,
20260908_023610_56ce16,312,task_completed,R8,G00115,
20260908_023610_56ce16,313,task_assigned,R8,G00109,
20260908_023610_56ce16,315,task_created,,G00119,type=PUTAWAY pickup=BUFFER dropoff=F-04
20260908_023610_56ce16,315,task_created,,G00120,type=PICK pickup=E-06 dropoff=PICK-1
20260908_023610_56ce16,317,task_created,,G00121,type=SHIP pickup=STAGING dropoff=DOCK-2
20260908_023610_56ce16,318,task_completed,R1,G00113,
20260908_023610_56ce16,319,task_interrupted,,G00121,
20260908_023610_56ce16,319,task_created,,G00122,type=PACK pickup=PICK-3 dropoff=PACK-2
20260908_023610_56ce16,321,task_assigned,R4,G00121,
20260908_023610_56ce16,322,task_interrupted,R12,G00107,
20260908_023610_56ce16,323,task_created,,G00123,type=PUTAWAY pickup=RECV dropoff=F-01
20260908_023610_56ce16,325,task_created,,G00124,type=PICK pickup=G-04 dropoff=PICK-3
20260908_023610_56ce16,330,task_interrupted,R8,G00109,
20260908_023610_56ce16,331,task_created,,G00125,type=PUTAWAY pickup=RECV dropoff=H-07
20260908_023610_56ce16,331,task_created,,G00126,type=PACK pickup=PICK-1 dropoff=PACK-1
20260908_023610_56ce16,331,task_created,,G00127,type=SHIP pickup=STAGING dropoff=DOCK-2
20260908_023610_56ce16,333,task_completed,R6,G00118,
20260908_023610_56ce16,334,task_assigned,R6,G00127,
20260908_023610_56ce16,335,task_created,,G00128,type=PICK pickup=C-02 dropoff=PICK-2
20260908_023610_56ce16,337,task_assigned,R10,G00109,
20260908_023610_56ce16,337,task_completed,R4,G00121,
20260908_023610_56ce16,337,task_assigned,R2,G00122,
20260908_023610_56ce16,338,task_assigned,R4,G00126,
20260908_023610_56ce16,339,task_created,,G00129,type=PUTAWAY pickup=BUFFER dropoff=C-05
20260908_023610_56ce16,340,task_completed,R6,G00127,
20260908_023610_56ce16,341,task_completed,R5,G00098,
20260908_023610_56ce16,341,task_assigned,R6,G00112,
20260908_023610_56ce16,342,task_assigned,R5,G00120,
20260908_023610_56ce16,343,task_created,,G00130,type=PACK pickup=PICK-1 dropoff=PACK-1
20260908_023610_56ce16,343,task_assigned,R11,G00130,
20260908_023610_56ce16,345,task_created,,G00131,type=PICK pickup=E-02 dropoff=PICK-2
20260908_023610_56ce16,345,task_created,,G00132,type=SHIP pickup=STAGING dropoff=DOCK-1
20260908_023610_56ce16,347,task_created,,G00133,type=PUTAWAY pickup=BUFFER dropoff=B-08
20260908_023610_56ce16,348,task_completed,R3,G00116,
20260908_023610_56ce16,349,task_assigned,R3,G00124,
20260908_023610_56ce16,349,task_assigned,R1,G00132,
20260908_023610_56ce16,355,task_created,,G00134,type=PUTAWAY pickup=BUFFER dropoff=E-05
20260908_023610_56ce16,355,task_created,,G00135,type=PICK pickup=H-03 dropoff=PICK-2
20260908_023610_56ce16,355,task_created,,G00136,type=PACK pickup=PICK-3 dropoff=PACK-1
20260908_023610_56ce16,359,task_created,,G00137,type=SHIP pickup=STAGING dropoff=DOCK-1
20260908_023610_56ce16,363,task_completed,R6,G00112,
20260908_023610_56ce16,363,task_created,,G00138,type=PUTAWAY pickup=RECV dropoff=E-04
20260908_023610_56ce16,364,task_assigned,R6,G00137,
20260908_023610_56ce16,365,task_completed,R1,G00132,
20260908_023610_56ce16,365,task_created,,G00139,type=PICK pickup=C-03 dropoff=PICK-3
20260908_023610_56ce16,366,task_completed,R3,G00124,
20260908_023610_56ce16,366,task_assigned,R1,G00136,
20260908_023610_56ce16,367,task_created,,G00140,type=PACK pickup=PICK-2 dropoff=PACK-1
20260908_023610_56ce16,367,task_assigned,R3,G00140,
20260908_023610_56ce16,371,task_created,,G00141,type=PUTAWAY pickup=RECV dropoff=F-07
20260908_023610_56ce16,372,task_assigned,R13,G00128,
20260908_023610_56ce16,373,task_assigned,R12,G00107,
20260908_023610_56ce16,373,task_created,,G00142,type=SHIP pickup=STAGING dropoff=DOCK-2
20260908_023610_56ce16,374,task_completed,R2,G00122,
20260908_023610_56ce16,374,task_completed,R11,G00130,
20260908_023610_56ce16,375,task_completed,R4,G00126,
20260908_023610_56ce16,375,task_assigned,R2,G00131,
20260908_023610_56ce16,375,task_assigned,R11,G00142,
20260908_023610_56ce16,375,task_created,,G00143,type=PICK pickup=F-04 dropoff=PICK-1
20260908_023610_56ce16,376,task_completed,R10,G00109,
20260908_023610_56ce16,376,task_assigned,R4,G00135,
20260908_023610_56ce16,377,task_assigned,R10,G00139,
20260908_023610_56ce16,379,task_created,,G00144,type=PUTAWAY pickup=RECV dropoff=H-03
20260908_023610_56ce16,379,task_created,,G00145,type=PACK pickup=PICK-1 dropoff=PACK-2
20260908_023610_56ce16,380,task_completed,R6,G00137,
20260908_023610_56ce16,381,task_completed,R5,G00120,
20260908_023610_56ce16,381,task_assigned,R6,G00145,
20260908_023610_56ce16,382,task_completed,R3,G00140,
20260908_023610_56ce16,382,task_completed,R11,G00142,
20260908_023610_56ce16,382,task_assigned,R5,G00143,
20260908_023610_56ce16,383,task_assigned,R11,G00111,
20260908_023610_56ce16,383,task_assigned,R3,G00114,
20260908_023610_56ce16,384,task_assigned,R8,G00117,
20260908_023610_56ce16,385,task_created,,G00146,type=PICK pickup=D-05 dropoff=PICK-3
20260908_023610_56ce16,386,task_assigned,R7,G00146,
20260908_023610_56ce16,387,task_created,,G00147,type=PUTAWAY pickup=RECV dropoff=G-05
20260908_023610_56ce16,387,task_created,,G00148,type=SHIP pickup=STAGING dropoff=DOCK-2
20260908_023610_56ce16,391,task_created,,G00149,type=PACK pickup=PICK-3 dropoff=PACK-2
20260908_023610_56ce16,395,task_created,,G00150,type=PUTAWAY pickup=BUFFER dropoff=E-03
20260908_023610_56ce16,395,task_created,,G00151,type=PICK pickup=G-05 dropoff=PICK-1
20260908_023610_56ce16,396,task_completed,R1,G00136,
20260908_023610_56ce16,397,task_assigned,R1,G00148,
20260908_023610_56ce16,400,task_completed,R10,G00139,
20260908_023610_56ce16,401,task_assigned,R10,G00149,
20260908_023610_56ce16,401,task_created,,G00152,type=SHIP pickup=STAGING dropoff=DOCK-1
20260908_023610_56ce16,401,task_assigned,R9,G00152,
20260908_023610_56ce16,403,task_completed,R5,G00143,
20260908_023610_56ce16,403,task_created,,G00153,type=PUTAWAY pickup=BUFFER dropoff=G-03
20260908_023610_56ce16,403,task_created,,G00154,type=PACK pickup=PICK-2 dropoff=PACK-2
20260908_023610_56ce16,404,task_completed,R1,G00148,
20260908_023610_56ce16,404,task_assigned,R5,G00154,
20260908_023610_56ce16,405,task_assigned,R1,G00151,
20260908_023610_56ce16,405,task_created,,G00155,type=PICK pickup=F-05 dropoff=PICK-2
20260908_023610_56ce16,406,task_completed,R13,G00128,
20260908_023610_56ce16,407,task_assigned,R13,G00155,
20260908_023610_56ce16,408,task_completed,R6,G00145,
20260908_023610_56ce16,409,task_assigned,R6,G00119,
20260908_023610_56ce16,409,task_completed,R4,G00135,
20260908_023610_56ce16,410,task_assigned,R4,G00123,
20260908_023610_56ce16,410,task_completed,R10,G00149,
20260908_023610_56ce16,411,task_assigned,R10,G00125,
20260908_023610_56ce16,411,task_created,,G00156,type=PUTAWAY pickup=BUFFER dropoff=D-03
20260908_023610_56ce16,415,task_completed,R12,G00107,
20260908_023610_56ce16,415,task_completed,R2,G00131,
20260908_023610_56ce16,415,task_created,,G00157,type=PICK pickup=B-03 dropoff=PICK-2
20260908_023610_56ce16,415,task_created,,G00158,type=PACK pickup=PICK-3 dropoff=PACK-1
20260908_023610_56ce16,415,task_created,,G00159,type=SHIP pickup=STAGING dropoff=DOCK-1
20260908_023610_56ce16,416,task_assigned,R12,G00158,
20260908_023610_56ce16,416,task_assigned,R2,G00159,
20260908_023610_56ce16,417,task_completed,R11,G00111,
20260908_023610_56ce16,417,task_completed,R9,G00152,
20260908_023610_56ce16,418,task_assigned,R11,G00129,
20260908_023610_56ce16,418,task_assigned,R9,G00157,
20260908_023610_56ce16,419,task_created,,G00160,type=PUTAWAY pickup=RECV dropoff=B-08
20260908_023610_56ce16,420,task_completed,R5,G00154,
20260908_023610_56ce16,421,task_assigned,R5,G00133,
20260908_023610_56ce16,422,task_completed,R3,G00114,
20260908_023610_56ce16,422,task_completed,R7,G00146,
20260908_023610_56ce16,423,task_assigned,R7,G00134,
20260908_023610_56ce16,423,task_assigned,R3,G00138,
20260908_023610_56ce16,424,task_completed,R2,G00159,
20260908_023610_56ce16,425,task_created,,G00161,type=PICK pickup=D-05 dropoff=PICK-3
20260908_023610_56ce16,425,task_assigned,R2,G00161,
20260908_023610_56ce16,426,task_completed,R13,G00155,
20260908_023610_56ce16,427,task_created,,G00162,type=PUTAWAY pickup=RECV dropoff=D-05
20260908_023610_56ce16,427,task_created,,G00163,type=PACK pickup=PICK-3 dropoff=PACK-2
20260908_023610_56ce16,427,task_assigned,R13,G00163,
20260908_023610_56ce16,429,task_created,,G00164,type=SHIP pickup=STAGING dropoff=DOCK-2
20260908_023610_56ce16,432,task_completed,R8,G00117,
20260908_023610_56ce16,432,task_completed,R1,G00151,
20260908_023610_56ce16,433,task_assigned,R1,G00141,
20260908_023610_56ce16,433,task_assigned,R8,G00164,
20260908_023610_56ce16,435,task_created,,G00165,type=PUTAWAY pickup=RECV dropoff=A-02
20260908_023610_56ce16,435,task_created,,G00166,type=PICK pickup=G-05 dropoff=PICK-2
20260908_023610_56ce16,437,task_completed,R11,G00129,
20260908_023610_56ce16,438,task_completed,R4,G00123,
20260908_023610_56ce16,438,task_assigned,R11,G00166,
20260908_023610_56ce16,439,task_completed,R12,G00158,
20260908_023610_56ce16,439,task_created,,G00167,type=PACK pickup=PICK-2 dropoff=PACK-1
20260908_023610_56ce16,439,task_assigned,R4,G00167,
20260908_023610_56ce16,440,task_assigned,R12,G00144,
20260908_023610_56ce16,441,task_completed,R9,G00157,
20260908_023610_56ce16,442,task_assigned,R9,G00147,
20260908_023610_56ce16,443,task_completed,R11,G00166,
20260908_023610_56ce16,443,task_created,,G00168,type=PUTAWAY pickup=BUFFER dropoff=D-06
20260908_023610_56ce16,443,task_created,,G00169,type=SHIP pickup=STAGING dropoff=DOCK-1
20260908_023610_56ce16,444,task_assigned,R11,G00169,
20260908_023610_56ce16,445,task_created,,G00170,type=PICK pickup=G-01 dropoff=PICK-2
20260908_023610_56ce16,446,task_completed,R5,G00133,
20260908_023610_56ce16,447,task_completed,R13,G00163,
20260908_023610_56ce16,447,task_assigned,R5,G00170,
20260908_023610_56ce16,448,task_assigned,R13,G00150,
20260908_023610_56ce16,451,task_completed,R3,G00138,
20260908_023610_56ce16,451,task_completed,R2,G00161,
20260908_023610_56ce16,451,task_created,,G00171,type=PUTAWAY pickup=RECV dropoff=F-01
20260908_023610_56ce16,451,task_created,,G00172,type=PACK pickup=PICK-2 dropoff=PACK-2
20260908_023610_56ce16,452,task_assigned,R3,G00153,
20260908_023610_56ce16,452,task_completed,R4,G00167,
20260908_023610_56ce16,452,task_completed,R11,G00169,
20260908_023610_56ce16,452,task_assigned,R2,G00172,
20260908_023610_56ce16,453,task_assigned,R11,G00156,
20260908_023610_56ce16,453,task_assigned,R4,G00160,
20260908_023610_56ce16,455,task_created,,G00173,type=PICK pickup=E-02 dropoff=PICK-3
20260908_023610_56ce16,456,task_completed,R5,G00170,
20260908_023610_56ce16,457,task_created,,G00174,type=SHIP pickup=STAGING dropoff=DOCK-2
20260908_023610_56ce16,457,task_assigned,R5,G00174,
20260908_023610_56ce16,459,task_completed,R1,G00141,
20260908_023610_56ce16,459,task_created,,G00175,type=PUTAWAY pickup=RECV dropoff=H-08
20260908_023610_56ce16,460,task_completed,R8,G00164,
20260908_023610_56ce16,460,task_assigned,R1,G00173,
20260908_023610_56ce16,461,task_completed,R10,G00125,
20260908_023610_56ce16,461,task_assigned,R8,G00162,
20260908_023610_56ce16,462,task_assigned,R10,G00165,
20260908_023610_56ce16,463,task_created,,G00176,type=PACK pickup=PICK-2 dropoff=PACK-2
20260908_023610_56ce16,465,task_created,,G00177,type=PICK pickup=A-02 dropoff=PICK-1
20260908_023610_56ce16,467,task_completed,R2,G00172,
20260908_023610_56ce16,467,task_completed,R5,G00174,
20260908_023610_56ce16,467,task_created,,G00178,type=PUTAWAY pickup=BUFFER dropoff=G-04
20260908_023610_56ce16,468,task_assigned,R2,G00176,
20260908_023610_56ce16,468,task_assigned,R5,G00177,
20260908_023610_56ce16,471,task_created,,G00179,type=SHIP pickup=STAGING dropoff=DOCK-1
20260908_023610_56ce16,475,task_created,,G00180,type=PUTAWAY pickup=BUFFER dropoff=B-06
20260908_023610_56ce16,475,task_created,,G00181,type=PICK pickup=C-02 dropoff=PICK-1
20260908_023610_56ce16,475,task_created,,G00182,type=PACK pickup=PICK-3 dropoff=PACK-2
20260908_023610_56ce16,481,task_completed,R2,G00176,
20260908_023610_56ce16,482,task_assigned,R2,G00179,
20260908_023610_56ce16,483,task_created,,G00183,type=PUTAWAY pickup=RECV dropoff=H-05
20260908_023610_56ce16,485,task_created,,G00184,type=PICK pickup=F-08 dropoff=PICK-1
20260908_023610_56ce16,485,task_created,,G00185,type=SHIP pickup=STAGING dropoff=DOCK-1
20260908_023610_56ce16,486,task_completed,R7,G00134,
20260908_023610_56ce16,486,task_completed,R12,G00144,
20260908_023610_56ce16,487,task_assigned,R12,G00182,
20260908_023610_56ce16,487,task_assigned,R7,G00185,
20260908_023610_56ce16,487,task_created,,G00186,type=PACK pickup=PICK-3 dropoff=PACK-1
20260908_023610_56ce16,488,task_completed,R11,G00156,
20260908_023610_56ce16,488,task_completed,R1,G00173,
20260908_023610_56ce16,489,task_completed,R9,G00147,
20260908_023610_56ce16,489,task_completed,R2,G00179,
20260908_023610_56ce16,489,task_assigned,R11,G00181,
20260908_023610_56ce16,489,task_assigned,R1,G00186,
20260908_023610_56ce16,490,task_completed,R6,G00119,
20260908_023610_56ce16,490,task_assigned,R2,G00168,
20260908_023610_56ce16,490,task_assigned,R9,G00184,
20260908_023610_56ce16,491,task_assigned,R6,G00171,
20260908_023610_56ce16,491,task_created,,G00187,type=PUTAWAY pickup=BUFFER dropoff=D-02
20260908_023610_56ce16,495,task_created,,G00188,type=PICK pickup=F-05 dropoff=PICK-1
20260908_023610_56ce16,499,task_created,,G00189,type=PUTAWAY pickup=BUFFER dropoff=F-03
20260908_023610_56ce16,499,task_created,,G00190,type=PACK pickup=PICK-1 dropoff=PACK-1
20260908_023610_56ce16,499,task_created,,G00191,type=SHIP pickup=STAGING dropoff=DOCK-1
20260908_023610_56ce16,502,task_completed,R13,G00150,
20260908_023610_56ce16,502,task_completed,R1,G00186,
20260908_023610_56ce16,503,task_assigned,R1,G00190,
20260908_023610_56ce16,503,task_assigned,R13,G00191,
20260908_023610_56ce16,505,task_completed,R12,G00182,
20260908_023610_56ce16,505,task_created,,G00192,type=PICK pickup=A-08 dropoff=PICK-2
20260908_023610_56ce16,506,task_assigned,R12,G00188,
20260908_023610_56ce16,507,task_created,,G00193,type=PUTAWAY pickup=BUFFER dropoff=C-05
20260908_023610_56ce16,509,task_completed,R7,G00185,
20260908_023610_56ce16,510,task_completed,R10,G00165,
20260908_023610_56ce16,510,task_assigned,R7,G00192,
20260908_023610_56ce16,511,task_created,,G00194,type=PACK pickup=PICK-2 dropoff=PACK-1
20260908_023610_56ce16,511,task_assigned,R10,G00194,
20260908_023610_56ce16,513,task_completed,R8,G00162,
20260908_023610_56ce16,513,task_completed,R5,G00177,
20260908_023610_56ce16,513,task_created,,G00195,type=SHIP pickup=STAGING dropoff=DOCK-1
20260908_023610_56ce16,514,task_assigned,R8,G00195,
20260908_023610_56ce16,515,task_created,,G00196,type=PUTAWAY pickup=BUFFER dropoff=F-07
20260908_023610_56ce16,515,task_created,,G00197,type=PICK pickup=B-03 dropoff=PICK-2
20260908_023610_56ce16,515,task_assigned,R5,G00197,
20260908_023610_56ce16,520,task_completed,R6,G00171,
20260908_023610_56ce16,521,task_completed,R3,G00153,
20260908_023610_56ce16,522,task_assigned,R3,G00178,
20260908_023610_56ce16,522,task_completed,R1,G00190,
20260908_023610_56ce16,523,task_interrupted,R5,G00197,
20260908_023610_56ce16,523,task_created,,G00198,type=PUTAWAY pickup=BUFFER dropoff=B-01
20260908_023610_56ce16,523,task_created,,G00199,type=PACK pickup=PICK-3 dropoff=PACK-2
20260908_023610_56ce16,523,task_assigned,R1,G00199,
20260908_023610_56ce16,524,task_assigned,R6,G00197,
20260908_023610_56ce16,525,task_completed,R13,G00191,
20260908_023610_56ce16,525,task_created,,G00200,type=PICK pickup=F-03 dropoff=PICK-1
20260908_023610_56ce16,526,task_assigned,R13,G00200,
20260908_023610_56ce16,527,task_created,,G00201,type=SHIP pickup=STAGING dropoff=DOCK-2
20260908_023610_56ce16,528,task_completed,R9,G00184,
20260908_023610_56ce16,529,task_interrupted,R3,G00178,
20260908_023610_56ce16,529,task_completed,R10,G00194,
20260908_023610_56ce16,529,task_assigned,R9,G00201,
20260908_023610_56ce16,530,task_assigned,R10,G00175,
20260908_023610_56ce16,531,task_created,,G00202,type=PUTAWAY pickup=RECV dropoff=A-06
20260908_023610_56ce16,534,task_completed,R4,G00160,
20260908_023610_56ce16,535,task_created,,G00203,type=PICK pickup=C-02 dropoff=PICK-3
20260908_023610_56ce16,535,task_created,,G00204,type=PACK pickup=PICK-2 dropoff=PACK-1
20260908_023610_56ce16,535,task_assigned,R4,G00204,
20260908_023610_56ce16,536,task_completed,R8,G00195,
20260908_023610_56ce16,537,task_assigned,R8,G00203,
20260908_023610_56ce16,539,task_created,,G00205,type=PUTAWAY pickup=BUFFER dropoff=B-03
20260908_023610_56ce16,541,task_created,,G00206,type=SHIP pickup=STAGING dropoff=DOCK-1
20260908_023610_56ce16,543,task_interrupted,R6,G00197,
20260908_023610_56ce16,544,task_completed,R11,G00181,
20260908_023610_56ce16,544,task_assigned,R5,G00197,
20260908_023610_56ce16,545,task_completed,R1,G00199,
20260908_023610_56ce16,545,task_completed,R9,G00201,
20260908_023610_56ce16,545,task_assigned,R11,G00206,
20260908_023610_56ce16,545,task_created,,G00207,type=PICK pickup=B-03 dropoff=PICK-2
20260908_023610_56ce16,546,task_assigned,R1,G00178,
20260908_023610_56ce16,546,task_interrupted,R4,G00204,
20260908_023610_56ce16,546,task_assigned,R9,G00207,
20260908_023610_56ce16,547,task_created,,G00208,type=PUTAWAY pickup=RECV dropoff=A-06
20260908_023610_56ce16,547,task_created,,G00209,type=PACK pickup=PICK-3 dropoff=PACK-2
20260908_023610_56ce16,550,task_completed,R12,G00188,
20260908_023610_56ce16,551,task_assigned,R12,G00204,
20260908_023610_56ce16,552,task_interrupted,R1,G00178,
20260908_023610_56ce16,552,task_completed,R7,G00192,
20260908_023610_56ce16,553,task_assigned,R7,G00209,
20260908_023610_56ce16,555,task_created,,G00210,type=PUTAWAY pickup=BUFFER dropoff=A-04
20260908_023610_56ce16,555,task_created,,G00211,type=PICK pickup=B-07 dropoff=PICK-1
20260908_023610_56ce16,555,task_created,,G00212,type=SHIP pickup=STAGING dropoff=DOCK-1
20260908_023610_56ce16,559,task_created,,G00213,type=PACK pickup=PICK-1 dropoff=PACK-1
20260908_023610_56ce16,561,task_interrupted,R10,G00175,
20260908_023610_56ce16,563,task_completed,R11,G00206,
20260908_023610_56ce16,563,task_created,,G00214,type=PUTAWAY pickup=BUFFER dropoff=H-06
20260908_023610_56ce16,564,task_completed,R2,G00168,
20260908_023610_56ce16,564,task_assigned,R11,G00212,
20260908_023610_56ce16,565,task_assigned,R2,G00213,
20260908_023610_56ce16,565,task_created,,G00215,type=PICK pickup=E-05 dropoff=PICK-3
20260908_023610_56ce16,567,task_interrupted,R11,G00212,
20260908_023610_56ce16,568,task_completed,R8,G00203,
20260908_023610_56ce16,568,task_completed,R12,G00204,
20260908_023610_56ce16,569,task_completed,R7,G00209,
20260908_023610_56ce16,569,task_assigned,R12,G00212,
20260908_023610_56ce16,569,task_created,,G00216,type=SHIP pickup=STAGING dropoff=DOCK-2
20260908_023610_56ce16,569,task_assigned,R8,G00216,
20260908_023610_56ce16,570,task_assigned,R7,G00211,
20260908_023610_56ce16,571,task_created,,G00217,type=PUTAWAY pickup=RECV dropoff=A-02
20260908_023610_56ce16,571,task_created,,G00218,type=PACK pickup=PICK-3 dropoff=PACK-1
20260908_023610_56ce16,572,task_completed,R5,G00197,
20260908_023610_56ce16,573,task_assigned,R3,G00178,
20260908_023610_56ce16,573,task_assigned,R5,G00218,
20260908_023610_56ce16,575,task_interrupted,R2,G00213,
20260908_023610_56ce16,575,task_created,,G00219,type=PICK pickup=A-03 dropoff=PICK-2
20260908_023610_56ce16,577,task_assigned,R6,G00213,
20260908_023610_56ce16,579,task_completed,R12,G00212,
20260908_023610_56ce16,579,task_created,,G00220,type=PUTAWAY pickup=RECV dropoff=C-04
20260908_023610_56ce16,580,task_completed,R13,G00200,
20260908_023610_56ce16,581,task_completed,R9,G00207,
20260908_023610_56ce16,581,task_assigned,R13,G00215,
20260908_023610_56ce16,581,task_assigned,R12,G00219,
20260908_023610_56ce16,582,task_assigned,R9,G00175,
20260908_023610_56ce16,583,task_created,,G00221,type=PACK pickup=PICK-2 dropoff=PACK-1
20260908_023610_56ce16,583,task_created,,G00222,type=SHIP pickup=STAGING dropoff=DOCK-1
20260908_023610_56ce16,584,task_assigned,R4,G00222,
20260908_023610_56ce16,585,task_assigned,R1,G00221,
20260908_023610_56ce16,585,task_created,,G00223,type=PICK pickup=D-05 dropoff=PICK-2
20260908_023610_56ce16,587,task_interrupted,R12,G00219,
20260908_023610_56ce16,587,task_created,,G00224,type=PUTAWAY pickup=BUFFER dropoff=C-01
20260908_023610_56ce16,588,task_completed,R8,G00216,
20260908_023610_56ce16,589,task_assigned,R8,G00219,
20260908_023610_56ce16,592,task_completed,R7,G00211,
20260908_023610_56ce16,593,task_assigned,R7,G00223,
20260908_023610_56ce16,595,task_created,,G00225,type=PUTAWAY pickup=RECV dropoff=B-06
20260908_023610_56ce16,595,task_created,,G00226,type=PICK pickup=C-01 dropoff=PICK-1
20260908_023610_56ce16,595,task_created,,G00227,type=PACK pickup=PICK-1 dropoff=PACK-2
20260908_023610_56ce16,597,task_created,,G00228,type=SHIP pickup=STAGING dropoff=DOCK-1
20260908_023610_56ce16,598,task_completed,R5,G00218,
20260908_023610_56ce16,599,task_completed,R4,G00222,
20260908_023610_56ce16,599,task_assigned,R5,G00228,
20260908_023610_56ce16,600,task_completed,R6,G00213,
20260908_023610_56ce16,600,task_assigned,R4,G00226,
20260908_023610_56ce16,600,task_assigned,R11,G00227,
20260908_023610_56ce16,601,task_assigned,R6,G00180,
20260908_023610_56ce16,602,task_assigned,R12,G00183,
20260908_023610_56ce16,603,task_created,,G00229,type=PUTAWAY pickup=BUFFER dropoff=D-06
20260908_023610_56ce16,605,task_completed,R5,G00228,
20260908_023610_56ce16,605,task_created,,G00230,type=PICK pickup=C-08 dropoff=PICK-3
20260908_023610_56ce16,606,task_completed,R9,G00175,
20260908_023610_56ce16,606,task_assigned,R5,G00230,
20260908_023610_56ce16,607,task_created,,G00231,type=PACK pickup=PICK-3 dropoff=PACK-2
20260908_023610_56ce16,607,task_assigned,R9,G00231,
20260908_023610_56ce16,609,task_completed,R3,G00178,
20260908_023610_56ce16,610,task_assigned,R3,G00187,
20260908_023610_56ce16,611,task_created,,G00232,type=PUTAWAY pickup=BUFFER dropoff=F-01
20260908_023610_56ce16,611,task_created,,G00233,type=SHIP pickup=STAGING dropoff=DOCK-1
20260908_023610_56ce16,611,task_assigned,R10,G00233,
20260908_023610_56ce16,612,task_completed,R13,G00215,
20260908_023610_56ce16,612,task_completed,R1,G00221,
20260908_023610_56ce16,613,task_assigned,R1,G00189,
20260908_023610_56ce16,615,task_created,,G00234,type=PICK pickup=B-05 dropoff=PICK-3
20260908_023610_56ce16,619,task_created,,G00235,type=PUTAWAY pickup=RECV dropoff=E-07
20260908_023610_56ce16,619,task_created,,G00236,type=PACK pickup=PICK-2 dropoff=PACK-1
20260908_023610_56ce16,620,task_interrupted,R7,G00223,
20260908_023610_56ce16,620,task_assigned,R2,G00236,
20260908_023610_56ce16,621,task_interrupted,R8,G00219,
20260908_023610_56ce16,622,task_interrupted,R9,G00231,
20260908_023610_56ce16,623,task_completed,R6,G00180,
20260908_023610_56ce16,624,task_assigned,R6,G00231,
20260908_023610_56ce16,625,task_created,,G00237,type=PICK pickup=F-08 dropoff=PICK-2
20260908_023610_56ce16,625,task_created,,G00238,type=SHIP pickup=STAGING dropoff=DOCK-1
20260908_023610_56ce16,627,task_created,,G00239,type=PUTAWAY pickup=BUFFER dropoff=A-07
20260908_023610_56ce16,628,task_completed,R11,G00227,
20260908_023610_56ce16,628,task_completed,R10,G00233,
20260908_023610_56ce16,629,task_assigned,R11,G00219,
20260908_023610_56ce16,629,task_assigned,R10,G00238,
20260908_023610_56ce16,631,task_completed,R4,G00226,
20260908_023610_56ce16,631,task_created,,G00240,type=PACK pickup=PICK-3 dropoff=PACK-1
20260908_023610_56ce16,632,task_assigned,R4,G00240,
20260908_023610_56ce16,633,task_completed,R3,G00187,
20260908_023610_56ce16,633,task_completed,R5,G00230,
20260908_023610_56ce16,634,task_completed,R1,G00189,
20260908_023610_56ce16,634,task_assigned,R3,G00223,
20260908_023610_56ce16,634,task_assigned,R5,G00234,
20260908_023610_56ce16,634,task_completed,R10,G00238,
20260908_023610_56ce16,635,task_assigned,R1,G00237,
20260908_023610_56ce16,635,task_created,,G00241,type=PUTAWAY pickup=BUFFER dropoff=A-01
20260908_023610_56ce16,635,task_created,,G00242,type=PICK pickup=E-03 dropoff=PICK-3
20260908_023610_56ce16,635,task_assigned,R10,G00242,
20260908_023610_56ce16,637,task_completed,R6,G00231,
20260908_023610_56ce16,638,task_assigned,R6,G00193,
20260908_023610_56ce16,639,task_created,,G00243,type=SHIP pickup=STAGING dropoff=DOCK-2
20260908_023610_56ce16,642,task_completed,R12,G00183,
20260908_023610_56ce16,643,task_assigned,R12,G00243,
20260908_023610_56ce16,643,task_created,,G00244,type=PUTAWAY pickup=BUFFER dropoff=A-07
20260908_023610_56ce16,643,task_created,,G00245,type=PACK pickup=PICK-1 dropoff=PACK-1
20260908_023610_56ce16,645,task_completed,R2,G00236,
20260908_023610_56ce16,645,task_created,,G00246,type=PICK pickup=A-02 dropoff=PICK-1
20260908_023610_56ce16,646,task_completed,R3,G00223,
20260908_023610_56ce16,646,task_assigned,R2,G00245,
20260908_023610_56ce16,647,task_assigned,R3,G00246,
20260908_023610_56ce16,651,task_assigned,R8,G00196,
20260908_023610_56ce16,651,task_created,,G00247,type=PUTAWAY pickup=BUFFER dropoff=D-05
20260908_023610_56ce16,653,task_created,,G00248,type=SHIP pickup=STAGING dropoff=DOCK-2
20260908_023610_56ce16,653,task_assigned,R13,G00248,
20260908_023610_56ce16,655,task_completed,R11,G00219,
20260908_023610_56ce16,655,task_created,,G00249,type=PICK pickup=E-06 dropoff=PICK-1
20260908_023610_56ce16,655,task_assigned,R9,G00249,
20260908_023610_56ce16,655,task_created,,G00250,type=PACK pickup=PICK-2 dropoff=PACK-2
20260908_023610_56ce16,655,task_assigned,R7,G00250,
20260908_023610_56ce16,656,task_assigned,R11,G00198,
20260908_023610_56ce16,657,task_completed,R1,G00237,
20260908_023610_56ce16,658,task_assigned,R1,G00202,
20260908_023610_56ce16,659,task_created,,G00251,type=PUTAWAY pickup=RECV dropoff=D-07
20260908_023610_56ce16,665,task_created,,G00252,type=PICK pickup=E-05 dropoff=PICK-1
20260908_023610_56ce16,666,task_completed,R6,G00193,
20260908_023610_56ce16,667,task_created,,G00253,type=PUTAWAY pickup=RECV dropoff=B-03
20260908_023610_56ce16,667,task_created,,G00254,type=PACK pickup=PICK-3 dropoff=PACK-1
20260908_023610_56ce16,667,task_created,,G00255,type=SHIP pickup=STAGING dropoff=DOCK-1
20260908_023610_56ce16,667,task_assigned,R6,G00255,
20260908_023610_56ce16,668,task_completed,R2,G00245,
20260908_023610_56ce16,668,task_completed,R3,G00246,
20260908_023610_56ce16,669,task_completed,R13,G00248,
20260908_023610_56ce16,669,task_assigned,R3,G00252,
20260908_023610_56ce16,669,task_assigned,R2,G00254,
20260908_023610_56ce16,670,task_assigned,R13,G00205,
20260908_023610_56ce16,675,task_created,,G00256,type=PUTAWAY pickup=BUFFER dropoff=B-08
20260908_023610_56ce16,675,task_created,,G00257,type=PICK pickup=D-05 dropoff=PICK-2
20260908_023610_56ce16,677,task_completed,R4,G00240,
20260908_023610_56ce16,677,task_completed,R10,G00242,
20260908_023610_56ce16,678,task_assigned,R4,G00208,
20260908_023610_56ce16,678,task_completed,R12,G00243,
20260908_023610_56ce16,678,task_assigned,R10,G00257,
20260908_023610_56ce16,679,task_completed,R9,G00249,
20260908_023610_56ce16,679,task_created,,G00258,type=PACK pickup=PICK-1 dropoff=PACK-2
20260908_023610_56ce16,679,task_assigned,R12,G00258,
20260908_023610_56ce16,680,task_assigned,R9,G00210,
20260908_023610_56ce16,681,task_created,,G00259,type=SHIP pickup=STAGING dropoff=DOCK-2
20260908_023610_56ce16,682,task_completed,R5,G00234,
20260908_023610_56ce16,683,task_assigned,R5,G00259,
20260908_023610_56ce16,683,task_created,,G00260,type=PUTAWAY pickup=BUFFER dropoff=G-02
20260908_023610_56ce16,685,task_created,,G00261,type=PICK pickup=D-05 dropoff=PICK-1
20260908_023610_56ce16,686,task_completed,R8,G00196,
20260908_023610_56ce16,686,task_completed,R3,G00252,
20260908_023610_56ce16,686,task_completed,R6,G00255,
20260908_023610_56ce16,687,task_assigned,R6,G00214,
20260908_023610_56ce16,687,task_assigned,R3,G00217,
20260908_023610_56ce16,687,task_assigned,R8,G00261,
20260908_023610_56ce16,690,task_completed,R1,G00202,
20260908_023610_56ce16,691,task_created,,G00262,type=PUTAWAY pickup=RECV dropoff=B-04
20260908_023610_56ce16,691,task_created,,G00263,type=PACK pickup=PICK-2 dropoff=PACK-1
20260908_023610_56ce16,691,task_assigned,R1,G00263,
20260908_023610_56ce16,694,task_completed,R11,G00198,
20260908_023610_56ce16,694,task_completed,R7,G00250,
20260908_023610_56ce16,695,task_created,,G00264,type=PICK pickup=B-06 dropoff=PICK-2
20260908_023610_56ce16,695,task_assigned,R11,G00264,
20260908_023610_56ce16,695,task_created,,G00265,type=SHIP pickup=STAGING dropoff=DOCK-2
20260908_023610_56ce16,695,task_assigned,R7,G00265,
20260908_023610_56ce16,696,task_completed,R10,G00257,
20260908_023610_56ce16,697,task_assigned,R10,G00220,
20260908_023610_56ce16,699,task_created,,G00266,type=PUTAWAY pickup=BUFFER dropoff=G-06
20260908_023610_56ce16,701,task_completed,R13,G00205,
20260908_023610_56ce16,702,task_completed,R4,G00208,
20260908_023610_56ce16,702,task_assigned,R13,G00224,
20260908_023610_56ce16,702,task_completed,R5,G00259,
20260908_023610_56ce16,703,task_assigned,R5,G00225,
20260908_023610_56ce16,703,task_completed,R2,G00254,
20260908_023610_56ce16,703,task_completed,R7,G00265,
20260908_023610_56ce16,703,task_created,,G00267,type=PACK pickup=PICK-1 dropoff=PACK-1
20260908_023610_56ce16,703,task_assigned,R4,G00267,
20260908_023610_56ce16,704,task_assigned,R7,G00229,
20260908_023610_56ce16,704,task_assigned,R2,G00232,
20260908_023610_56ce16,704,task_completed,R11,G00264,
20260908_023610_56ce16,705,task_created,,G00268,type=PICK pickup=C-07 dropoff=PICK-1
20260908_023610_56ce16,705,task_assigned,R11,G00268,
20260908_023610_56ce16,707,task_completed,R9,G00210,
20260908_023610_56ce16,707,task_created,,G00269,type=PUTAWAY pickup=BUFFER dropoff=C-06
20260908_023610_56ce16,708,task_completed,R3,G00217,
20260908_023610_56ce16,708,task_assigned,R9,G00235,
20260908_023610_56ce16,709,task_created,,G00270,type=SHIP pickup=STAGING dropoff=DOCK-1
20260908_023610_56ce16,709,task_assigned,R3,G00270,
20260908_023610_56ce16,714,task_completed,R13,G00224,
20260908_023610_56ce16,714,task_completed,R1,G00263,
20260908_023610_56ce16,715,task_created,,G00271,type=PUTAWAY pickup=BUFFER dropoff=A-03
20260908_023610_56ce16,715,task_created,,G00272,type=PICK pickup=F-05 dropoff=PICK-1
20260908_023610_56ce16,715,task_assigned,R1,G00272,
20260908_023610_56ce16,715,task_created,,G00273,type=PACK pickup=PICK-3 dropoff=PACK-1
20260908_023610_56ce16,715,task_assigned,R13,G00273,
20260908_023610_56ce16,717,task_completed,R12,G00258,
20260908_023610_56ce16,718,task_assigned,R12,G00239,
20260908_023610_56ce16,722,task_completed,R9,G00235,
20260908_023610_56ce16,722,task_completed,R4,G00267,
20260908_023610_56ce16,723,task_assigned,R4,G00241,
20260908_023610_56ce16,723,task_created,,G00274,type=PUTAWAY pickup=BUFFER dropoff=B-07
20260908_023610_56ce16,723,task_created,,G00275,type=SHIP pickup=STAGING dropoff=DOCK-2
20260908_023610_56ce16,723,task_assigned,R9,G00275,
20260908_023610_56ce16,725,task_created,,G00276,type=PICK pickup=H-02 dropoff=PICK-2
20260908_023610_56ce16,727,task_created,,G00277,type=PACK pickup=PICK-3 dropoff=PACK-2
20260908_023610_56ce16,728,task_completed,R6,G00214,
20260908_023610_56ce16,729,task_completed,R2,G00232,
20260908_023610_56ce16,729,task_assigned,R6,G00277,
20260908_023610_56ce16,730,task_assigned,R2,G00276,
20260908_023610_56ce16,731,task_created,,G00278,type=PUTAWAY pickup=BUFFER dropoff=D-04
20260908_023610_56ce16,735,task_created,,G00279,type=PICK pickup=G-07 dropoff=PICK-3
20260908_023610_56ce16,737,task_completed,R3,G00270,
20260908_023610_56ce16,737,task_completed,R1,G00272,
20260908_023610_56ce16,737,task_created,,G00280,type=SHIP pickup=STAGING dropoff=DOCK-2
20260908_023610_56ce16,738,task_assigned,R1,G00279,
20260908_023610_56ce16,738,task_assigned,R3,G00280,
20260908_023610_56ce16,739,task_completed,R7,G00229,
20260908_023610_56ce16,739,task_created,,G00281,type=PUTAWAY pickup=RECV dropoff=F-02
20260908_023610_56ce16,739,task_created,,G00282,type=PACK pickup=PICK-1 dropoff=PACK-2
20260908_023610_56ce16,740,task_assigned,R7,G00282,
20260908_023610_56ce16,743,task_completed,R5,G00225,
20260908_023610_56ce16,743,task_completed,R3,G00280,
20260908_023610_56ce16,744,task_completed,R12,G00239,
20260908_023610_56ce16,744,task_assigned,R3,G00244,
20260908_023610_56ce16,744,task_assigned,R5,G00247,
20260908_023610_56ce16,744,task_completed,R8,G00261,
20260908_023610_56ce16,745,task_assigned,R12,G00251,
20260908_023610_56ce16,745,task_completed,R6,G00277,
20260908_023610_56ce16,745,task_created,,G00283,type=PICK pickup=A-06 dropoff=PICK-2
20260908_023610_56ce16,745,task_assigned,R8,G00283,
20260908_023610_56ce16,746,task_assigned,R6,G00253,
20260908_023610_56ce16,747,task_created,,G00284,type=PUTAWAY pickup=RECV dropoff=D-03
20260908_023610_56ce16,748,task_completed,R10,G00220,
20260908_023610_56ce16,748,task_completed,R9,G00275,
20260908_023610_56ce16,749,task_assigned,R9,G00256,
20260908_023610_56ce16,749,task_assigned,R10,G00260,
20260908_023610_56ce16,749,task_completed,R13,G00273,
20260908_023610_56ce16,750,task_assigned,R13,G00262,
20260908_023610_56ce16,751,task_created,,G00285,type=PACK pickup=PICK-2 dropoff=PACK-1
20260908_023610_56ce16,751,task_created,,G00286,type=SHIP pickup=STAGING dropoff=DOCK-2
20260908_023610_56ce16,752,task_completed,R4,G00241,
20260908_023610_56ce16,753,task_completed,R11,G00268,
20260908_023610_56ce16,753,task_assigned,R4,G00286,
20260908_023610_56ce16,754,task_assigned,R11,G00285,
20260908_023610_56ce16,755,task_created,,G00287,type=PUTAWAY pickup=RECV dropoff=B-03
20260908_023610_56ce16,755,task_created,,G00288,type=PICK pickup=H-07 dropoff=PICK-3
20260908_023610_56ce16,763,task_created,,G00289,type=PUTAWAY pickup=BUFFER dropoff=A-07
20260908_023610_56ce16,763,task_created,,G00290,type=PACK pickup=PICK-1 dropoff=PACK-1
20260908_023610_56ce16,764,task_completed,R10,G00260,
20260908_023610_56ce16,765,task_created,,G00291,type=PICK pickup=F-03 dropoff=PICK-3
20260908_023610_56ce16,765,task_created,,G00292,type=SHIP pickup=STAGING dropoff=DOCK-1
20260908_023610_56ce16,765,task_assigned,R10,G00292,
20260908_023610_56ce16,766,task_completed,R5,G00247,
20260908_023610_56ce16,767,task_completed,R11,G00285,
20260908_023610_56ce16,768,task_assigned,R5,G00288,
20260908_023610_56ce16,768,task_assigned,R11,G00290,
20260908_023610_56ce16,771,task_interrupted,R5,G00288,
20260908_023610_56ce16,771,task_created,,G00293,type=PUTAWAY pickup=BUFFER dropoff=B-05
20260908_023610_56ce16,773,task_completed,R2,G00276,
20260908_023610_56ce16,774,task_completed,R3,G00244,
20260908_023610_56ce16,774,task_completed,R8,G00283,
20260908_023610_56ce16,774,task_assigned,R2,G00288,
20260908_023610_56ce16,775,task_assigned,R3,G00291,
20260908_023610_56ce16,775,task_created,,G00294,type=PICK pickup=E-04 dropoff=PICK-3
20260908_023610_56ce16,775,task_created,,G00295,type=PACK pickup=PICK-2 dropoff=PACK-2
20260908_023610_56ce16,775,task_assigned,R8,G00295,
20260908_023610_56ce16,777,task_completed,R12,G00251,
20260908_023610_56ce16,777,task_completed,R4,G00286,
20260908_023610_56ce16,778,task_assigned,R4,G00266,
20260908_023610_56ce16,778,task_assigned,R12,G00294,
20260908_023610_56ce16,779,task_created,,G00296,type=PUTAWAY pickup=BUFFER dropoff=D-04
20260908_023610_56ce16,779,task_created,,G00297,type=SHIP pickup=STAGING dropoff=DOCK-2
20260908_023610_56ce16,781,task_completed,R10,G00292,
20260908_023610_56ce16,781,task_completed,R8,G00295,
20260908_023610_56ce16,782,task_assigned,R10,G00269,
20260908_023610_56ce16,782,task_assigned,R8,G00297,
20260908_023610_56ce16,783,task_completed,R7,G00282,
20260908_023610_56ce16,784,task_assigned,R7,G00271,
20260908_023610_56ce16,785,task_created,,G00298,type=PICK pickup=B-02 dropoff=PICK-2
20260908_023610_56ce16,787,task_completed,R13,G00262,
20260908_023610_56ce16,787,task_completed,R11,G00290,
20260908_023610_56ce16,787,task_created,,G00299,type=PUTAWAY pickup=RECV dropoff=F-08
20260908_023610_56ce16,787,task_created,,G00300,type=PACK pickup=PICK-3 dropoff=PACK-1
20260908_023610_56ce16,788,task_assigned,R11,G00298,
20260908_023610_56ce16,788,task_assigned,R13,G00300,
20260908_023610_56ce16,789,task_completed,R6,G00253,
20260908_023610_56ce16,790,task_assigned,R6,G00274,
20260908_023610_56ce16,790,task_completed,R1,G00279,
20260908_023610_56ce16,790,task_completed,R8,G00297,
20260908_023610_56ce16,791,task_assigned,R8,G00278,
20260908_023610_56ce16,791,task_assigned,R1,G00281,
20260908_023610_56ce16,792,task_interrupted,R3,G00291,
20260908_023610_56ce16,793,task_completed,R9,G00256,
20260908_023610_56ce16,793,task_created,,G00301,type=SHIP pickup=STAGING dropoff=DOCK-1
20260908_023610_56ce16,794,task_completed,R2,G00288,
20260908_023610_56ce16,794,task_assigned,R9,G00301,
20260908_023610_56ce16,795,task_assigned,R2,G00291,
20260908_023610_56ce16,795,task_created,,G00302,type=PUTAWAY pickup=RECV dropoff=D-05
20260908_023610_56ce16,795,task_created,,G00303,type=PICK pickup=B-02 dropoff=PICK-2
20260908_023610_56ce16,799,task_created,,G00304,type=PACK pickup=PICK-1 dropoff=PACK-1
20260908_023610_56ce16,803,task_created,,G00305,type=PUTAWAY pickup=BUFFER dropoff=B-01
20260908_023610_56ce16,805,task_created,,G00306,type=PICK pickup=G-06 dropoff=PICK-1
20260908_023610_56ce16,807,task_created,,G00307,type=SHIP pickup=STAGING dropoff=DOCK-1
20260908_023610_56ce16,810,task_interrupted,R4,G00266,
20260908_023610_56ce16,811,task_interrupted,R6,G00274,
20260908_023610_56ce16,811,task_completed,R11,G00298,
20260908_023610_56ce16,811,task_created,,G00308,type=PUTAWAY pickup=BUFFER dropoff=G-07
20260908_023610_56ce16,811,task_created,,G00309,type=PACK pickup=PICK-2 dropoff=PACK-1
20260908_023610_56ce16,812,task_assigned,R11,G00304,
20260908_023610_56ce16,812,task_assigned,R5,G00307,
20260908_023610_56ce16,814,task_completed,R13,G00300,
20260908_023610_56ce16,814,task_completed,R9,G00301,
20260908_023610_56ce16,815,task_assigned,R13,G00303,
20260908_023610_56ce16,815,task_assigned,R9,G00309,
20260908_023610_56ce16,815,task_created,,G00310,type=PICK pickup=G-04 dropoff=PICK-1
20260908_023610_56ce16,819,task_created,,G00311,type=PUTAWAY pickup=RECV dropoff=E-02
20260908_023610_56ce16,821,task_created,,G00312,type=SHIP pickup=STAGING dropoff=DOCK-1
20260908_023610_56ce16,823,task_completed,R10,G00269,
20260908_023610_56ce16,823,task_created,,G00313,type=PACK pickup=PICK-3 dropoff=PACK-2
20260908_023610_56ce16,824,task_completed,R7,G00271,
20260908_023610_56ce16,824,task_assigned,R10,G00312,
20260908_023610_56ce16,825,task_interrupted,R1,G00281,
20260908_023610_56ce16,825,task_assigned,R7,G00306,
20260908_023610_56ce16,825,task_interrupted,R10,G00312,
20260908_023610_56ce16,825,task_assigned,R3,G00313,
20260908_023610_56ce16,825,task_created,,G00314,type=PICK pickup=D-03 dropoff=PICK-2
20260908_023610_56ce16,827,task_completed,R5,G00307,
20260908_023610_56ce16,827,task_created,,G00315,type=PUTAWAY pickup=BUFFER dropoff=H-06
20260908_023610_56ce16,828,task_assigned,R5,G00312,
20260908_023610_56ce16,830,task_completed,R9,G00309,
20260908_023610_56ce16,831,task_interrupted,R11,G00304,
20260908_023610_56ce16,831,task_assigned,R9,G00310,
20260908_023610_56ce16,833,task_completed,R2,G00291,
20260908_023610_56ce16,833,task_completed,R5,G00312,
20260908_023610_56ce16,834,task_completed,R8,G00278,
20260908_023610_56ce16,834,task_completed,R13,G00303,
20260908_023610_56ce16,834,task_assigned,R5,G00304,
20260908_023610_56ce16,834,task_assigned,R2,G00314,
20260908_023610_56ce16,835,task_created,,G00316,type=PUTAWAY pickup=RECV dropoff=C-07
20260908_023610_56ce16,835,task_created,,G00317,type=PICK pickup=A-04 dropoff=PICK-3
20260908_023610_56ce16,835,task_created,,G00318,type=PACK pickup=PICK-3 dropoff=PACK-1
20260908_023610_56ce16,835,task_assigned,R8,G00318,
20260908_023610_56ce16,835,task_created,,G00319,type=SHIP pickup=STAGING dropoff=DOCK-1
20260908_023610_56ce16,835,task_assigned,R13,G00319,
20260908_023610_56ce16,837,task_interrupted,R12,G00294,
20260908_023610_56ce16,842,task_assigned,R6,G00274,
20260908_023610_56ce16,843,task_completed,R5,G00304,
20260908_023610_56ce16,843,task_completed,R13,G00319,
20260908_023610_56ce16,843,task_created,,G00320,type=PUTAWAY pickup=RECV dropoff=E-03
20260908_023610_56ce16,844,task_assigned,R5,G00294,
20260908_023610_56ce16,844,task_assigned,R13,G00317,
20260908_023610_56ce16,845,task_created,,G00321,type=PICK pickup=C-08 dropoff=PICK-3
20260908_023610_56ce16,847,task_created,,G00322,type=PACK pickup=PICK-2 dropoff=PACK-2
20260908_023610_56ce16,848,task_interrupted,R2,G00314,
20260908_023610_56ce16,849,task_created,,G00323,type=SHIP pickup=STAGING dropoff=DOCK-1
20260908_023610_56ce16,851,task_created,,G00324,type=PUTAWAY pickup=BUFFER dropoff=F-05
20260908_023610_56ce16,853,task_assigned,R4,G00266,
20260908_023610_56ce16,855,task_assigned,R1,G00281,
20260908_023610_56ce16,855,task_created,,G00325,type=PICK pickup=H-01 dropoff=PICK-2
20260908_023610_56ce16,857,task_completed,R8,G00318,
20260908_023610_56ce16,858,task_assigned,R8,G00323,
20260908_023610_56ce16,859,task_created,,G00326,type=PUTAWAY pickup=BUFFER dropoff=E-01
20260908_023610_56ce16,859,task_created,,G00327,type=PACK pickup=PICK-1 dropoff=PACK-2
20260908_023610_56ce16,861,task_completed,R3,G00313,
20260908_023610_56ce16,862,task_assigned,R3,G00322,
20260908_023610_56ce16,863,task_created,,G00328,type=SHIP pickup=STAGING dropoff=DOCK-1
20260908_023610_56ce16,864,task_completed,R9,G00310,
20260908_023610_56ce16,864,task_completed,R8,G00323,
20260908_023610_56ce16,865,task_assigned,R9,G00327,
20260908_023610_56ce16,865,task_assigned,R8,G00328,
20260908_023610_56ce16,865,task_created,,G00329,type=PICK pickup=C-02 dropoff=PICK-2
20260908_023610_56ce16,866,task_assigned,R11,G00314,
20260908_023610_56ce16,867,task_completed,R5,G00294,
20260908_023610_56ce16,867,task_created,,G00330,type=PUTAWAY pickup=BUFFER dropoff=A-08
20260908_023610_56ce16,868,task_assigned,R5,G00321,
20260908_023610_56ce16,870,task_assigned,R10,G00325,
20260908_023610_56ce16,870,task_completed,R8,G00328,
20260908_023610_56ce16,871,task_completed,R6,G00274,
20260908_023610_56ce16,871,task_created,,G00331,type=PACK pickup=PICK-3 dropoff=PACK-2
20260908_023610_56ce16,871,task_assigned,R8,G00331,
20260908_023610_56ce16,872,task_assigned,R6,G00329,
20260908_023610_56ce16,875,task_interrupted,R13,G00317,
20260908_023610_56ce16,875,task_completed,R3,G00322,
20260908_023610_56ce16,875,task_interrupted,R8,G00331,
20260908_023610_56ce16,875,task_created,,G00332,type=PUTAWAY pickup=RECV dropoff=H-04
20260908_023610_56ce16,875,task_created,,G00333,type=PICK pickup=F-03 dropoff=PICK-2
20260908_023610_56ce16,876,task_assigned,R3,G00331,
20260908_023610_56ce16,877,task_created,,G00334,type=SHIP pickup=STAGING dropoff=DOCK-2
20260908_023610_56ce16,879,task_completed,R9,G00327,
20260908_023610_56ce16,879,task_assigned,R12,G00334,
20260908_023610_56ce16,880,task_completed,R1,G00281,
20260908_023610_56ce16,880,task_assigned,R9,G00317,
20260908_023610_56ce16,881,task_assigned,R1,G00333,
20260908_023610_56ce16,882,task_completed,R5,G00321,
20260908_023610_56ce16,883,task_completed,R6,G00329,
20260908_023610_56ce16,883,task_created,,G00335,type=PUTAWAY pickup=BUFFER dropoff=D-06
20260908_023610_56ce16,883,task_created,,G00336,type=PACK pickup=PICK-1 dropoff=PACK-2
20260908_023610_56ce16,883,task_assigned,R5,G00336,
20260908_023610_56ce16,884,task_assigned,R6,G00284,
20260908_023610_56ce16,885,task_interrupted,R9,G00317,
20260908_023610_56ce16,885,task_created,,G00337,type=PICK pickup=D-08 dropoff=PICK-3
20260908_023610_56ce16,887,task_completed,R4,G00266,
20260908_023610_56ce16,888,task_assigned,R4,G00317,
20260908_023610_56ce16,889,task_completed,R1,G00333,
20260908_023610_56ce16,890,task_assigned,R1,G00337,
20260908_023610_56ce16,891,task_created,,G00338,type=PUTAWAY pickup=BUFFER dropoff=D-06
20260908_023610_56ce16,891,task_created,,G00339,type=SHIP pickup=STAGING dropoff=DOCK-2
20260908_023610_56ce16,893,task_completed,R3,G00331,
20260908_023610_56ce16,894,task_assigned,R3,G00339,
20260908_023610_56ce16,895,task_created,,G00340,type=PICK pickup=F-06 dropoff=PICK-3
20260908_023610_56ce16,895,task_created,,G00341,type=PACK pickup=PICK-2 dropoff=PACK-1
20260908_023610_56ce16,895,task_assigned,R2,G00341,
20260908_023610_56ce16,896,task_completed,R4,G00317,
20260908_023610_56ce16,896,task_completed,R12,G00334,
20260908_023610_56ce16,897,task_assigned,R4,G00287,
20260908_023610_56ce16,897,task_assigned,R12,G00340,
20260908_023610_56ce16,899,task_created,,G00342,type=PUTAWAY pickup=RECV dropoff=B-06
20260908_023610_56ce16,901,task_assigned,R8,G00289,
20260908_023610_56ce16,901,task_interrupted,R7,G00306,
20260908_023610_56ce16,901,task_completed,R3,G00339,
20260908_023610_56ce16,902,task_assigned,R3,G00306,
20260908_023610_56ce16,903,task_completed,R11,G00314,
20260908_023610_56ce16,904,task_assigned,R11,G00293,
20260908_023610_56ce16,905,task_created,,G00343,type=PICK pickup=C-03 dropoff=PICK-2
20260908_023610_56ce16,905,task_created,,G00344,type=SHIP pickup=STAGING dropoff=DOCK-2
20260908_023610_56ce16,907,task_created,,G00345,type=PUTAWAY pickup=BUFFER dropoff=G-04
20260908_023610_56ce16,907,task_created,,G00346,type=PACK pickup=PICK-2 dropoff=PACK-2
20260908_023610_56ce16,913,task_completed,R1,G00337,
20260908_023610_56ce16,914,task_completed,R10,G00325,
20260908_023610_56ce16,914,task_completed,R5,G00336,
20260908_023610_56ce16,914,task_assigned,R13,G00344,
20260908_023610_56ce16,914,task_assigned,R1,G00346,
20260908_023610_56ce16,915,task_assigned,R10,G00343,
20260908_023610_56ce16,915,task_created,,G00347,type=PUTAWAY pickup=BUFFER dropoff=B-04
20260908_023610_56ce16,915,task_created,,G00348,type=PICK pickup=C-08 dropoff=PICK-1
20260908_023610_56ce16,915,task_assigned,R5,G00348,
20260908_023610_56ce16,917,task_assigned,R9,G00296,
20260908_023610_56ce16,919,task_created,,G00349,type=PACK pickup=PICK-2 dropoff=PACK-1
20260908_023610_56ce16,919,task_created,,G00350,type=SHIP pickup=STAGING dropoff=DOCK-2
20260908_023610_56ce16,920,task_completed,R3,G00306,
20260908_023610_56ce16,921,task_completed,R11,G00293,
20260908_023610_56ce16,921,task_completed,R2,G00341,
20260908_023610_56ce16,921,task_assigned,R3,G00350,
20260908_023610_56ce16,922,task_assigned,R11,G00299,
20260908_023610_56ce16,922,task_assigned,R2,G00349,
20260908_023610_56ce16,923,task_created,,G00351,type=PUTAWAY pickup=BUFFER dropoff=A-06
20260908_023610_56ce16,925,task_created,,G00352,type=PICK pickup=E-06 dropoff=PICK-1
20260908_023610_56ce16,925,task_assigned,R7,G00352,
20260908_023610_56ce16,927,task_completed,R12,G00340,
20260908_023610_56ce16,928,task_completed,R6,G00284,
20260908_023610_56ce16,928,task_assigned,R12,G00302,
20260908_023610_56ce16,928,task_completed,R1,G00346,
20260908_023610_56ce16,929,task_assigned,R1,G00305,
20260908_023610_56ce16,929,task_assigned,R6,G00308,
20260908_023610_56ce16,929,task_completed,R13,G00344,
20260908_023610_56ce16,930,task_assigned,R13,G00311,
20260908_023610_56ce16,931,task_created,,G00353,type=PUTAWAY pickup=BUFFER dropoff=A-01
20260908_023610_56ce16,931,task_created,,G00354,type=PACK pickup=PICK-2 dropoff=PACK-2
20260908_023610_56ce16,933,task_created,,G00355,type=SHIP pickup=STAGING dropoff=DOCK-2
20260908_023610_56ce16,934,task_completed,R10,G00343,
20260908_023610_56ce16,935,task_completed,R2,G00349,
20260908_023610_56ce16,935,task_assigned,R10,G00355,
20260908_023610_56ce16,935,task_created,,G00356,type=PICK pickup=C-02 dropoff=PICK-3
20260908_023610_56ce16,936,task_assigned,R2,G00354,
20260908_023610_56ce16,939,task_created,,G00357,type=PUTAWAY pickup=BUFFER dropoff=F-08
20260908_023610_56ce16,940,task_completed,R4,G00287,
20260908_023610_56ce16,941,task_completed,R3,G00350,
20260908_023610_56ce16,941,task_assigned,R4,G00356,
20260908_023610_56ce16,942,task_completed,R8,G00289,
20260908_023610_56ce16,942,task_assigned,R3,G00315,
20260908_023610_56ce16,943,task_created,,G00358,type=PACK pickup=PICK-1 dropoff=PACK-1
20260908_023610_56ce16,943,task_assigned,R8,G00358,
20260908_023610_56ce16,945,task_created,,G00359,type=PICK pickup=B-04 dropoff=PICK-1
20260908_023610_56ce16,947,task_created,,G00360,type=PUTAWAY pickup=RECV dropoff=C-04
20260908_023610_56ce16,947,task_created,,G00361,type=SHIP pickup=STAGING dropoff=DOCK-2
20260908_023610_56ce16,948,task_completed,R5,G00348,
20260908_023610_56ce16,948,task_completed,R10,G00355,
20260908_023610_56ce16,949,task_assigned,R5,G00359,
20260908_023610_56ce16,949,task_assigned,R10,G00361,
20260908_023610_56ce16,954,task_completed,R1,G00305,
20260908_023610_56ce16,954,task_completed,R2,G00354,
20260908_023610_56ce16,954,task_completed,R4,G00356,
20260908_023610_56ce16,954,task_completed,R10,G00361,
20260908_023610_56ce16,955,task_assigned,R10,G00316,
20260908_023610_56ce16,955,task_assigned,R4,G00320,
20260908_023610_56ce16,955,task_created,,G00362,type=PUTAWAY pickup=RECV dropoff=G-03
20260908_023610_56ce16,955,task_created,,G00363,type=PICK pickup=E-08 dropoff=PICK-1
20260908_023610_56ce16,955,task_assigned,R1,G00363,
20260908_023610_56ce16,955,task_created,,G00364,type=PACK pickup=PICK-2 dropoff=PACK-1
20260908_023610_56ce16,955,task_assigned,R2,G00364,
20260908_023610_56ce16,956,task_completed,R7,G00352,
20260908_023610_56ce16,957,task_assigned,R7,G00324,
20260908_023610_56ce16,961,task_completed,R6,G00308,
20260908_023610_56ce16,961,task_created,,G00365,type=SHIP pickup=STAGING dropoff=DOCK-1
20260908_023610_56ce16,962,task_completed,R11,G00299,
20260908_023610_56ce16,962,task_completed,R8,G00358,
20260908_023610_56ce16,962,task_assigned,R6,G00365,
20260908_023610_56ce16,963,task_assigned,R8,G00326,
20260908_023610_56ce16,963,task_assigned,R11,G00330,
20260908_023610_56ce16,963,task_created,,G00366,type=PUTAWAY pickup=BUFFER dropoff=B-05
20260908_023610_56ce16,964,task_completed,R1,G00363,
20260908_023610_56ce16,965,task_created,,G00367,type=PICK pickup=D-01 dropoff=PICK-2
20260908_023610_56ce16,965,task_assigned,R1,G00367,
20260908_023610_56ce16,967,task_completed,R2,G00364,
20260908_023610_56ce16,967,task_created,,G00368,type=PACK pickup=PICK-2 dropoff=PACK-2
20260908_023610_56ce16,968,task_assigned,R2,G00368,
20260908_023610_56ce16,969,task_completed,R9,G00296,
20260908_023610_56ce16,970,task_completed,R13,G00311,
20260908_023610_56ce16,970,task_assigned,R9,G00332,
20260908_023610_56ce16,971,task_completed,R3,G00315,
20260908_023610_56ce16,971,task_assigned,R13,G00335,
20260908_023610_56ce16,971,task_created,,G00369,type=PUTAWAY pickup=RECV dropoff=F-01
20260908_023610_56ce16,972,task_assigned,R3,G00338,
20260908_023610_56ce16,975,task_created,,G00370,type=PICK pickup=E-03 dropoff=PICK-2
20260908_023610_56ce16,975,task_created,,G00371,type=SHIP pickup=STAGING dropoff=DOCK-2
20260908_023610_56ce16,976,task_completed,R5,G00359,
20260908_023610_56ce16,977,task_assigned,R5,G00371,
20260908_023610_56ce16,979,task_created,,G00372,type=PUTAWAY pickup=BUFFER dropoff=D-01
20260908_023610_56ce16,979,task_created,,G00373,type=PACK pickup=PICK-1 dropoff=PACK-2
20260908_023610_56ce16,980,task_completed,R2,G00368,
20260908_023610_56ce16,981,task_completed,R6,G00365,
20260908_023610_56ce16,981,task_assigned,R2,G00373,
20260908_023610_56ce16,982,task_completed,R11,G00330,
20260908_023610_56ce16,982,task_assigned,R6,G00370,
20260908_023610_56ce16,983,task_assigned,R11,G00342,
20260908_023610_56ce16,985,task_created,,G00374,type=PICK pickup=F-06 dropoff=PICK-1
20260908_023610_56ce16,986,task_completed,R12,G00302,
20260908_023610_56ce16,987,task_assigned,R12,G00374,
20260908_023610_56ce16,987,task_created,,G00375,type=PUTAWAY pickup=BUFFER dropoff=H-06
20260908_023610_56ce16,989,task_created,,G00376,type=SHIP pickup=STAGING dropoff=DOCK-2
20260908_023610_56ce16,991,task_created,,G00377,type=PACK pickup=PICK-1 dropoff=PACK-2
20260908_023610_56ce16,993,task_completed,R5,G00371,
20260908_023610_56ce16,994,task_assigned,R5,G00376,
20260908_023610_56ce16,995,task_created,,G00378,type=PUTAWAY pickup=RECV dropoff=C-07
20260908_023610_56ce16,995,task_created,,G00379,type=PICK pickup=C-01 dropoff=PICK-1
20260908_023610_56ce16,999,task_completed,R5,G00376,
20260908_023610_56ce16,1000,task_assigned,R5,G00377,
20260908_023610_56ce16,1001,task_completed,R13,G00335,
20260908_023610_56ce16,1002,task_completed,R1,G00367,
20260908_023610_56ce16,1002,task_assigned,R13,G00379,
20260908_023610_56ce16,1003,task_created,,G00380,type=PUTAWAY pickup=BUFFER dropoff=E-05
20260908_023610_56ce16,1003,task_created,,G00381,type=PACK pickup=PICK-2 dropoff=PACK-2
20260908_023610_56ce16,1003,task_created,,G00382,type=SHIP pickup=STAGING dropoff=DOCK-2
20260908_023610_56ce16,1003,task_assigned,R1,G00382,
20260908_023610_56ce16,1005,task_created,,G00383,type=PICK pickup=D-04 dropoff=PICK-1
20260908_023610_56ce16,1006,task_completed,R7,G00324,
20260908_023610_56ce16,1007,task_assigned,R7,G00381,
20260908_023610_56ce16,1010,task_completed,R2,G00373,
20260908_023610_56ce16,1011,task_completed,R1,G00382,
20260908_023610_56ce16,1011,task_assigned,R2,G00383,
20260908_023610_56ce16,1011,task_created,,G00384,type=PUTAWAY pickup=RECV dropoff=H-04
20260908_023610_56ce16,1012,task_assigned,R1,G00345,
20260908_023610_56ce16,1015,task_created,,G00385,type=PICK pickup=A-01 dropoff=PICK-1
20260908_023610_56ce16,1015,task_created,,G00386,type=PACK pickup=PICK-1 dropoff=PACK-1
20260908_023610_56ce16,1017,task_created,,G00387,type=SHIP pickup=STAGING dropoff=DOCK-1
20260908_023610_56ce16,1018,task_completed,R3,G00338,
20260908_023610_56ce16,1019,task_completed,R12,G00374,
20260908_023610_56ce16,1019,task_assigned,R3,G00387,
20260908_023610_56ce16,1019,task_created,,G00388,type=PUTAWAY pickup=BUFFER dropoff=A-03
20260908_023610_56ce16,1020,task_completed,R10,G00316,
20260908_023610_56ce16,1020,task_assigned,R12,G00386,
20260908_023610_56ce16,1021,task_assigned,R10,G00385,
20260908_023610_56ce16,1022,task_completed,R7,G00381,
20260908_023610_56ce16,1023,task_assigned,R7,G00347,
20260908_023610_56ce16,1025,task_created,,G00389,type=PICK pickup=B-01 dropoff=PICK-1
20260908_023610_56ce16,1027,task_completed,R8,G00326,
20260908_023610_56ce16,1027,task_completed,R13,G00379,
20260908_023610_56ce16,1027,task_created,,G00390,type=PUTAWAY pickup=BUFFER dropoff=F-03
20260908_023610_56ce16,1027,task_created,,G00391,type=PACK pickup=PICK-2 dropoff=PACK-1
20260908_023610_56ce16,1028,task_assigned,R8,G00389,
20260908_023610_56ce16,1028,task_assigned,R13,G00391,
20260908_023610_56ce16,1029,task_completed,R9,G00332,
20260908_023610_56ce16,1029,task_interrupted,R5,G00377,
20260908_023610_56ce16,1029,task_completed,R12,G00386,
20260908_023610_56ce16,1030,task_assigned,R12,G00351,
20260908_023610_56ce16,1030,task_assigned,R9,G00377,
20260908_023610_56ce16,1031,task_created,,G00392,type=SHIP pickup=STAGING dropoff=DOCK-2
20260908_023610_56ce16,1035,task_created,,G00393,type=PUTAWAY pickup=RECV dropoff=B-07
20260908_023610_56ce16,1035,task_created,,G00394,type=PICK pickup=D-01 dropoff=PICK-2
20260908_023610_56ce16,1038,task_completed,R6,G00370,
20260908_023610_56ce16,1039,task_completed,R11,G00342,
20260908_023610_56ce16,1039,task_assigned,R6,G00392,
20260908_023610_56ce16,1039,task_created,,G00395,type=PACK pickup=PICK-2 dropoff=PACK-2
20260908_023610_56ce16,1040,task_assigned,R11,G00395,
20260908_023610_56ce16,1041,task_completed,R3,G00387,
20260908_023610_56ce16,1043,task_completed,R13,G00391,
20260908_023610_56ce16,1043,task_created,,G00396,type=PUTAWAY pickup=BUFFER dropoff=G-06
20260908_023610_56ce16,1044,task_assigned,R13,G00394,
20260908_023610_56ce16,1045,task_created,,G00397,type=PICK pickup=A-01 dropoff=PICK-2
20260908_023610_56ce16,1045,task_created,,G00398,type=SHIP pickup=STAGING dropoff=DOCK-2
20260908_023610_56ce16,1045,task_assigned,R3,G00398,
20260908_023610_56ce16,1047,task_completed,R4,G00320,
20260908_023610_56ce16,1047,task_completed,R9,G00377,
20260908_023610_56ce16,1048,task_assigned,R4,G00353,
20260908_023610_56ce16,1048,task_assigned,R9,G00397,
20260908_023610_56ce16,1049,task_completed,R6,G00392,
20260908_023610_56ce16,1050,task_assigned,R6,G00357,
20260908_023610_56ce16,1050,task_interrupted,R3,G00398,
20260908_023610_56ce16,1051,task_created,,G00399,type=PUTAWAY pickup=RECV dropoff=D-03
20260908_023610_56ce16,1051,task_created,,G00400,type=PACK pickup=PICK-3 dropoff=PACK-2
20260908_023610_56ce16,1053,task_completed,R10,G00385,
20260908_023610_56ce16,1054,task_assigned,R10,G00398,
20260908_023610_56ce16,1055,task_created,,G00401,type=PICK pickup=E-04 dropoff=PICK-2
20260908_023610_56ce16,1058,task_completed,R1,G00345,
20260908_023610_56ce16,1059,task_assigned,R1,G00400,
20260908_023610_56ce16,1059,task_created,,G00402,type=PUTAWAY pickup=RECV dropoff=D-04
20260908_023610_56ce16,1059,task_created,,G00403,type=SHIP pickup=STAGING dropoff=DOCK-2
20260908_023610_56ce16,1059,task_assigned,R5,G00403,
20260908_023610_56ce16,1060,task_completed,R8,G00389,
20260908_023610_56ce16,1061,task_assigned,R8,G00401,
20260908_023610_56ce16,1063,task_created,,G00404,type=PACK pickup=PICK-1 dropoff=PACK-2
20260908_023610_56ce16,1065,task_created,,G00405,type=PICK pickup=B-01 dropoff=PICK-3
20260908_023610_56ce16,1066,task_completed,R12,G00351,
20260908_023610_56ce16,1066,task_completed,R2,G00383,
20260908_023610_56ce16,1067,task_assigned,R2,G00404,
20260908_023610_56ce16,1067,task_assigned,R12,G00405,
20260908_023610_56ce16,1067,task_created,,G00406,type=PUTAWAY pickup=RECV dropoff=A-01
20260908_023610_56ce16,1070,task_completed,R10,G00398,
20260908_023610_56ce16,1073,task_created,,G00407,type=SHIP pickup=STAGING dropoff=DOCK-1
20260908_023610_56ce16,1073,task_assigned,R10,G00407,
20260908_023610_56ce16,1074,task_assigned,R3,G00360,
20260908_023610_56ce16,1074,task_completed,R5,G00403,
20260908_023610_56ce16,1075,task_completed,R1,G00400,
20260908_023610_56ce16,1075,task_created,,G00408,type=PUTAWAY pickup=RECV dropoff=A-07
20260908_023610_56ce16,1075,task_created,,G00409,type=PICK pickup=H-07 dropoff=PICK-1
20260908_023610_56ce16,1075,task_created,,G00410,type=PACK pickup=PICK-1 dropoff=PACK-2
20260908_023610_56ce16,1075,task_assigned,R5,G00410,
20260908_023610_56ce16,1076,task_completed,R4,G00353,
20260908_023610_56ce16,1077,task_assigned,R4,G00362,
20260908_023610_56ce16,1078,task_interrupted,R6,G00357,
20260908_023610_56ce16,1078,task_interrupted,R4,G00362,
20260908_023610_56ce16,1078,task_completed,R11,G00395,
20260908_023610_56ce16,1078,task_completed,R10,G00407,
20260908_023610_56ce16,1079,task_assigned,R10,G00357,
20260908_023610_56ce16,1079,task_completed,R13,G00394,
20260908_023610_56ce16,1079,task_assigned,R11,G00409,
20260908_023610_56ce16,1080,task_assigned,R13,G00362,
20260908_023610_56ce16,1080,task_assigned,R1,G00366,
20260908_023610_56ce16,1081,task_completed,R2,G00404,
20260908_023610_56ce16,1082,task_interrupted,R1,G00366,
20260908_023610_56ce16,1082,task_assigned,R2,G00369,
20260908_023610_56ce16,1082,task_completed,R8,G00401,
20260908_023610_56ce16,1083,task_assigned,R8,G00366,
20260908_023610_56ce16,1083,task_created,,G00411,type=PUTAWAY pickup=RECV dropoff=G-02
20260908_023610_56ce16,1085,task_created,,G00412,type=PICK pickup=D-01 dropoff=PICK-1
20260908_023610_56ce16,1087,task_created,,G00413,type=PACK pickup=PICK-2 dropoff=PACK-2
20260908_023610_56ce16,1087,task_created,,G00414,type=SHIP pickup=STAGING dropoff=DOCK-2
20260908_023610_56ce16,1088,task_completed,R9,G00397,
20260908_023610_56ce16,1089,task_assigned,R9,G00414,
20260908_023610_56ce16,1090,task_completed,R12,G00405,
20260908_023610_56ce16,1091,task_interrupted,,G00413,
20260908_023610_56ce16,1091,task_created,,G00415,type=PUTAWAY pickup=BUFFER dropoff=D-06
20260908_023610_56ce16,1092,task_completed,R7,G00347,
20260908_023610_56ce16,1093,task_assigned,R7,G00413,
20260908_023610_56ce16,1095,task_interrupted,R10,G00357,
20260908_023610_56ce16,1095,task_created,,G00416,type=PICK pickup=B-07 dropoff=PICK-1
20260908_023610_56ce16,1097,task_interrupted,R11,G00409,
20260908_023610_56ce16,1097,task_completed,R9,G00414,
20260908_023610_56ce16,1098,task_assigned,R9,G00409,
20260908_023610_56ce16,1099,task_created,,G00417,type=PUTAWAY pickup=BUFFER dropoff=G-05
20260908_023610_56ce16,1099,task_created,,G00418,type=PACK pickup=PICK-3 dropoff=PACK-1
20260908_023610_56ce16,1100,task_completed,R8,G00366,
20260908_023610_56ce16,1101,task_created,,G00419,type=SHIP pickup=STAGING dropoff=DOCK-1
20260908_023610_56ce16,1101,task_assigned,R8,G00419,
20260908_023610_56ce16,1103,task_assigned,R4,G00418,
20260908_023610_56ce16,1105,task_created,,G00420,type=PICK pickup=F-07 dropoff=PICK-3
20260908_023610_56ce16,1107,task_created,,G00421,type=PUTAWAY pickup=BUFFER dropoff=C-01
20260908_023610_56ce16,1108,task_interrupted,R2,G00369,
20260908_023610_56ce16,1108,task_completed,R5,G00410,
20260908_023610_56ce16,1109,task_assigned,R1,G00412,
20260908_023610_56ce16,1109,task_assigned,R5,G00416,
20260908_023610_56ce16,1110,task_completed,R7,G00413,
20260908_023610_56ce16,1111,task_created,,G00422,type=PACK pickup=PICK-2 dropoff=PACK-2
20260908_023610_56ce16,1111,task_assigned,R7,G00422,
20260908_023610_56ce16,1115,task_created,,G00423,type=PUTAWAY pickup=RECV dropoff=B-04
20260908_023610_56ce16,1115,task_created,,G00424,type=PICK pickup=D-04 dropoff=PICK-1
20260908_023610_56ce16,1115,task_created,,G00425,type=SHIP pickup=STAGING dropoff=DOCK-2
20260908_023610_56ce16,1117,task_assigned,R6,G00357,
20260908_023610_56ce16,1118,task_completed,R3,G00360,
20260908_023610_56ce16,1119,task_assigned,R3,G00425,
20260908_023610_56ce16,1123,task_created,,G00426,type=PUTAWAY pickup=RECV dropoff=F-07
20260908_023610_56ce16,1123,task_created,,G00427,type=PACK pickup=PICK-1 dropoff=PACK-2
20260908_023610_56ce16,1125,task_completed,R8,G00419,
20260908_023610_56ce16,1125,task_created,,G00428,type=PICK pickup=F-02 dropoff=PICK-1
20260908_023610_56ce16,1126,task_completed,R7,G00422,
20260908_023610_56ce16,1127,task_completed,R13,G00362,
20260908_023610_56ce16,1127,task_assigned,R7,G00427,
20260908_023610_56ce16,1128,task_assigned,R13,G00420,
20260908_023610_56ce16,1129,task_created,,G00429,type=SHIP pickup=STAGING dropoff=DOCK-1
20260908_023610_56ce16,1130,task_completed,R9,G00409,
20260908_023610_56ce16,1130,task_assigned,R12,G00429,
20260908_023610_56ce16,1131,task_created,,G00430,type=PUTAWAY pickup=BUFFER dropoff=H-03
20260908_023610_56ce16,1135,task_created,,G00431,type=PICK pickup=B-06 dropoff=PICK-2
20260908_023610_56ce16,1135,task_created,,G00432,type=PACK pickup=PICK-3 dropoff=PACK-2
20260908_023610_56ce16,1135,task_assigned,R9,G00432,
20260908_023610_56ce16,1136,task_interrupted,R9,G00432,
20260908_023610_56ce16,1139,task_completed,R5,G00416,
20260908_023610_56ce16,1139,task_assigned,R10,G00432,
20260908_023610_56ce16,1139,task_created,,G00433,type=PUTAWAY pickup=RECV dropoff=E-02
20260908_023610_56ce16,1140,task_assigned,R5,G00424,
20260908_023610_56ce16,1143,task_created,,G00434,type=SHIP pickup=STAGING dropoff=DOCK-2
20260908_023610_56ce16,1145,task_completed,R4,G00418,
20260908_023610_56ce16,1145,task_created,,G00435,type=PICK pickup=C-05 dropoff=PICK-1
20260908_023610_56ce16,1146,task_assigned,R2,G00369,
20260908_023610_56ce16,1146,task_completed,R12,G00429,
20260908_023610_56ce16,1146,task_assigned,R4,G00434,
20260908_023610_56ce16,1147,task_interrupted,R13,G00420,
20260908_023610_56ce16,1147,task_completed,R3,G00425,
20260908_023610_56ce16,1147,task_created,,G00436,type=PUTAWAY pickup=BUFFER dropoff=F-04
20260908_023610_56ce16,1147,task_created,,G00437,type=PACK pickup=PICK-3 dropoff=PACK-2
20260908_023610_56ce16,1147,task_assigned,R12,G00437,
20260908_023610_56ce16,1148,task_assigned,R3,G00420,
20260908_023610_56ce16,1149,task_assigned,R8,G00428,
20260908_023610_56ce16,1149,task_assigned,R11,G00431,
20260908_023610_56ce16,1152,task_completed,R4,G00434,
20260908_023610_56ce16,1153,task_assigned,R4,G00435,
20260908_023610_56ce16,1155,task_created,,G00438,type=PUTAWAY pickup=BUFFER dropoff=C-03
20260908_023610_56ce16,1155,task_created,,G00439,type=PICK pickup=G-04 dropoff=PICK-3
20260908_023610_56ce16,1157,task_completed,R6,G00357,
20260908_023610_56ce16,1157,task_completed,R7,G00427,
20260908_023610_56ce16,1157,task_created,,G00440,type=SHIP pickup=STAGING dropoff=DOCK-1
20260908_023610_56ce16,1158,task_assigned,R7,G00439,
20260908_023610_56ce16,1158,task_assigned,R6,G00440,
20260908_023610_56ce16,1159,task_interrupted,R7,G00439,
20260908_023610_56ce16,1159,task_created,,G00441,type=PACK pickup=PICK-1 dropoff=PACK-1
20260908_023610_56ce16,1162,task_completed,R3,G00420,
20260908_023610_56ce16,1162,task_assigned,R9,G00441,
20260908_023610_56ce16,1163,task_assigned,R3,G00439,
20260908_023610_56ce16,1163,task_created,,G00442,type=PUTAWAY pickup=BUFFER dropoff=A-08
20260908_023610_56ce16,1165,task_created,,G00443,type=PICK pickup=H-08 dropoff=PICK-2
20260908_023610_56ce16,1171,task_completed,R6,G00440,
20260908_023610_56ce16,1171,task_created,,G00444,type=PUTAWAY pickup=RECV dropoff=G-04
20260908_023610_56ce16,1171,task_created,,G00445,type=PACK pickup=PICK-2 dropoff=PACK-2
20260908_023610_56ce16,1171,task_created,,G00446,type=SHIP pickup=STAGING dropoff=DOCK-1
20260908_023610_56ce16,1172,task_assigned,R6,G00446,
20260908_023610_56ce16,1173,task_completed,R12,G00437,
20260908_023610_56ce16,1174,task_assigned,R12,G00445,
20260908_023610_56ce16,1175,task_completed,R1,G00412,
20260908_023610_56ce16,1175,task_created,,G00447,type=PICK pickup=F-02 dropoff=PICK-2
20260908_023610_56ce16,1176,task_assigned,R1,G00443,
20260908_023610_56ce16,1177,task_completed,R10,G00432,
20260908_023610_56ce16,1177,task_completed,R3,G00439,
20260908_023610_56ce16,1177,task_completed,R6,G00446,
20260908_023610_56ce16,1178,task_assigned,R6,G00372,
20260908_023610_56ce16,1178,task_assigned,R3,G00375,
20260908_023610_56ce16,1178,task_assigned,R10,G00447,
20260908_023610_56ce16,1179,task_created,,G00448,type=PUTAWAY pickup=RECV dropoff=C-05
20260908_023610_56ce16,1180,task_completed,R2,G00369,
20260908_023610_56ce16,1181,task_assigned,R2,G00378,
20260908_023610_56ce16,1182,task_completed,R4,G00435,
20260908_023610_56ce16,1183,task_completed,R9,G00441,
20260908_023610_56ce16,1183,task_created,,G00449,type=PACK pickup=PICK-1 dropoff=PACK-2
20260908_023610_56ce16,1183,task_assigned,R4,G00449,
20260908_023610_56ce16,1184,task_assigned,R9,G00380,
20260908_023610_56ce16,1185,task_created,,G00450,type=PICK pickup=D-03 dropoff=PICK-1
20260908_023610_56ce16,1185,task_created,,G00451,type=SHIP pickup=STAGING dropoff=DOCK-1
20260908_023610_56ce16,1187,task_created,,G00452,type=PUTAWAY pickup=BUFFER dropoff=F-08
20260908_023610_56ce16,1189,task_completed,R12,G00445,
20260908_023610_56ce16,1189,task_assigned,R13,G00450,
20260908_023610_56ce16,1189,task_assigned,R7,G00451,
20260908_023610_56ce16,1190,task_assigned,R12,G00384,
20260908_023610_56ce16,1191,task_completed,R8,G00428,
20260908_023610_56ce16,1192,task_assigned,R8,G00388,
20260908_023610_56ce16,1195,task_completed,R5,G00424,
20260908_023610_56ce16,1195,task_created,,G00453,type=PUTAWAY pickup=BUFFER dropoff=F-03
20260908_023610_56ce16,1195,task_created,,G00454,type=PICK pickup=E-05 dropoff=PICK-1
20260908_023610_56ce16,1195,task_created,,G00455,type=PACK pickup=PICK-2 dropoff=PACK-1
20260908_023610_56ce16,1196,task_assigned,R5,G00455,
20260908_023610_56ce16,1199,task_created,,G00456,type=SHIP pickup=STAGING dropoff=DOCK-1
20260908_023610_56ce16,1200,task_completed,R4,G00449,
20260908_023610_56ce16,1201,task_assigned,R4,G00456,
20260908_023610_56ce16,1203,task_created,,G00457,type=PUTAWAY pickup=RECV dropoff=A-07
20260908_023610_56ce16,1204,task_completed,R7,G00451,
20260908_023610_56ce16,1205,task_assigned,R7,G00454,
20260908_023610_56ce16,1205,task_created,,G00458,type=PICK pickup=G-01 dropoff=PICK-2
20260908_023610_56ce16,1207,task_created,,G00459,type=PACK pickup=PICK-3 dropoff=PACK-2
20260908_023610_56ce16,1208,task_completed,R4,G00456,
20260908_023610_56ce16,1209,task_completed,R11,G00431,
20260908_023610_56ce16,1209,task_completed,R5,G00455,
20260908_023610_56ce16,1209,task_assigned,R4,G00459,
20260908_023610_56ce16,1210,task_assigned,R5,G00390,
20260908_023610_56ce16,1210,task_assigned,R11,G00458,
20260908_023610_56ce16,1211,task_created,,G00460,type=PUTAWAY pickup=RECV dropoff=B-07
20260908_023610_56ce16,1213,task_created,,G00461,type=SHIP pickup=STAGING dropoff=DOCK-1
20260908_023610_56ce16,1214,task_completed,R1,G00443,
20260908_023610_56ce16,1215,task_completed,R6,G00372,
20260908_023610_56ce16,1215,task_assigned,R1,G00461,
20260908_023610_56ce16,1215,task_created,,G00462,type=PICK pickup=D-05 dropoff=PICK-3
20260908_023610_56ce16,1216,task_assigned,R6,G00462,
20260908_023610_56ce16,1218,task_completed,R2,G00378,
20260908_023610_56ce16,1218,task_completed,R10,G00447,
20260908_023610_56ce16,1219,task_assigned,R2,G00393,
20260908_023610_56ce16,1219,task_created,,G00463,type=PUTAWAY pickup=RECV dropoff=C-03
20260908_023610_56ce16,1219,task_created,,G00464,type=PACK pickup=PICK-1 dropoff=PACK-1
20260908_023610_56ce16,1219,task_assigned,R10,G00464,
20260908_023610_56ce16,1220,task_completed,R8,G00388,
20260908_023610_56ce16,1221,task_assigned,R8,G00396,
20260908_023610_56ce16,1222,task_completed,R11,G00458,
20260908_023610_56ce16,1223,task_assigned,R11,G00399,
20260908_023610_56ce16,1223,task_completed,R1,G00461,
20260908_023610_56ce16,1224,task_assigned,R1,G00402,
20260908_023610_56ce16,1225,task_created,,G00465,type=PICK pickup=D-06 dropoff=PICK-1
20260908_023610_56ce16,1226,task_completed,R6,G00462,
20260908_023610_56ce16,1227,task_created,,G00466,type=PUTAWAY pickup=RECV dropoff=F-02
20260908_023610_56ce16,1227,task_created,,G00467,type=SHIP pickup=STAGING dropoff=DOCK-2
20260908_023610_56ce16,1227,task_assigned,R6,G00467,
20260908_023610_56ce16,1231,task_created,,G00468,type=PACK pickup=PICK-3 dropoff=PACK-1
20260908_023610_56ce16,1234,task_completed,R4,G00459,
20260908_023610_56ce16,1235,task_completed,R5,G00390,
20260908_023610_56ce16,1235,task_assigned,R4,G00468,
20260908_023610_56ce16,1235,task_created,,G00469,type=PUTAWAY pickup=RECV dropoff=G-07
20260908_023610_56ce16,1235,task_created,,G00470,type=PICK pickup=D-02 dropoff=PICK-2
20260908_023610_56ce16,1236,task_completed,R10,G00464,
20260908_023610_56ce16,1236,task_assigned,R5,G00465,
20260908_023610_56ce16,1237,task_completed,R3,G00375,
20260908_023610_56ce16,1237,task_completed,R7,G00454,
20260908_023610_56ce16,1237,task_assigned,R10,G00470,
20260908_023610_56ce16,1238,task_completed,R12,G00384,
20260908_023610_56ce16,1238,task_assigned,R7,G00406,
20260908_023610_56ce16,1238,task_assigned,R3,G00408,
20260908_023610_56ce16,1239,task_completed,R9,G00380,
20260908_023610_56ce16,1239,task_assigned,R12,G00411,
20260908_023610_56ce16,1240,task_assigned,R9,G00415,
20260908_023610_56ce16,1241,task_created,,G00471,type=SHIP pickup=STAGING dropoff=DOCK-1
20260908_023610_56ce16,1243,task_created,,G00472,type=PUTAWAY pickup=BUFFER dropoff=H-05
20260908_023610_56ce16,1243,task_created,,G00473,type=PACK pickup=PICK-1 dropoff=PACK-1
20260908_023610_56ce16,1244,task_completed,R6,G00467,
20260908_023610_56ce16,1245,task_assigned,R6,G00471,
20260908_023610_56ce16,1245,task_created,,G00474,type=PICK pickup=H-06 dropoff=PICK-2
20260908_023610_56ce16,1249,task_completed,R13,G00450,
20260908_023610_56ce16,1250,task_completed,R6,G00471,
20260908_023610_56ce16,1250,task_assigned,R13,G00473,
20260908_023610_56ce16,1251,task_assigned,R6,G00474,
20260908_023610_56ce16,1251,task_created,,G00475,type=PUTAWAY pickup=RECV dropoff=C-06
20260908_023610_56ce16,1255,task_created,,G00476,type=PICK pickup=D-03 dropoff=PICK-3
20260908_023610_56ce16,1255,task_created,,G00477,type=PACK pickup=PICK-3 dropoff=PACK-2
20260908_023610_56ce16,1255,task_created,,G00478,type=SHIP pickup=STAGING dropoff=DOCK-2
20260908_023610_56ce16,1256,task_completed,R7,G00406,
20260908_023610_56ce16,1257,task_completed,R4,G00468,
20260908_023610_56ce16,1257,task_assigned,R7,G00478,
20260908_023610_56ce16,1258,task_assigned,R4,G00477,
20260908_023610_56ce16,1259,task_completed,R13,G00473,
20260908_023610_56ce16,1259,task_created,,G00479,type=PUTAWAY pickup=RECV dropoff=E-04
20260908_023610_56ce16,1260,task_completed,R2,G00393,
20260908_023610_56ce16,1260,task_assigned,R13,G00476,
20260908_023610_56ce16,1261,task_assigned,R2,G00417,
20260908_023610_56ce16,1265,task_created,,G00480,type=PICK pickup=G-01 dropoff=PICK-2
20260908_023610_56ce16,1267,task_created,,G00481,type=PUTAWAY pickup=RECV dropoff=E-05
20260908_023610_56ce16,1267,task_created,,G00482,type=PACK pickup=PICK-2 dropoff=PACK-1
20260908_023610_56ce16,1269,task_created,,G00483,type=SHIP pickup=STAGING dropoff=DOCK-2
20260908_023610_56ce16,1273,task_completed,R3,G00408,
20260908_023610_56ce16,1274,task_assigned,R3,G00483,
20260908_023610_56ce16,1275,task_created,,G00484,type=PUTAWAY pickup=BUFFER dropoff=A-01
20260908_023610_56ce16,1275,task_created,,G00485,type=PICK pickup=E-08 dropoff=PICK-1
20260908_023610_56ce16,1277,task_completed,R11,G00399,
20260908_023610_56ce16,1278,task_completed,R10,G00470,
20260908_023610_56ce16,1278,task_assigned,R11,G00482,
20260908_023610_56ce16,1279,task_created,,G00486,type=PACK pickup=PICK-3 dropoff=PACK-2
20260908_023610_56ce16,1279,task_assigned,R10,G00486,
20260908_023610_56ce16,1281,task_completed,R4,G00477,
20260908_023610_56ce16,1281,task_completed,R7,G00478,
20260908_023610_56ce16,1282,task_assigned,R7,G00480,
20260908_023610_56ce16,1282,task_assigned,R4,G00485,
20260908_023610_56ce16,1283,task_interrupted,R5,G00465,
20260908_023610_56ce16,1283,task_created,,G00487,type=PUTAWAY pickup=RECV dropoff=B-07
20260908_023610_56ce16,1283,task_created,,G00488,type=SHIP pickup=STAGING dropoff=DOCK-2
20260908_023610_56ce16,1284,task_completed,R2,G00417,
20260908_023610_56ce16,1285,task_assigned,R2,G00488,
20260908_023610_56ce16,1285,task_created,,G00489,type=PICK pickup=D-02 dropoff=PICK-2
20260908_023610_56ce16,1286,task_completed,R8,G00396,
20260908_023610_56ce16,1287,task_assigned,R8,G00465,
20260908_023610_56ce16,1288,task_completed,R13,G00476,
20260908_023610_56ce16,1289,task_assigned,R13,G00489,
20260908_023610_56ce16,1291,task_created,,G00490,type=PUTAWAY pickup=RECV dropoff=B-02
20260908_023610_56ce16,1291,task_created,,G00491,type=PACK pickup=PICK-3 dropoff=PACK-1
20260908_023610_56ce16,1294,task_completed,R3,G00483,
20260908_023610_56ce16,1295,task_assigned,R3,G00491,
20260908_023610_56ce16,1295,task_created,,G00492,type=PICK pickup=A-05 dropoff=PICK-2
20260908_023610_56ce16,1296,task_completed,R10,G00486,
20260908_023610_56ce16,1297,task_created,,G00493,type=SHIP pickup=STAGING dropoff=DOCK-2
20260908_023610_56ce16,1297,task_assigned,R10,G00493,
20260908_023610_56ce16,1299,task_completed,R6,G00474,
20260908_023610_56ce16,1299,task_created,,G00494,type=PUTAWAY pickup=BUFFER dropoff=C-08
20260908_023610_56ce16,1300,task_completed,R7,G00480,
20260908_023610_56ce16,1300,task_assigned,R6,G00492,
20260908_023610_56ce16,1301,task_assigned,R7,G00421,
20260908_023610_56ce16,1301,task_completed,R2,G00488,
20260908_023610_56ce16,1302,task_completed,R12,G00411,
20260908_023610_56ce16,1302,task_assigned,R2,G00423,
20260908_023610_56ce16,1303,task_created,,G00495,type=PACK pickup=PICK-1 dropoff=PACK-2
20260908_023610_56ce16,1303,task_assigned,R12,G00495,
20260908_023610_56ce16,1305,task_completed,R1,G00402,
20260908_023610_56ce16,1305,task_completed,R8,G00465,
20260908_023610_56ce16,1305,task_completed,R10,G00493,
20260908_023610_56ce16,1305,task_created,,G00496,type=PICK pickup=E-02 dropoff=PICK-3
20260908_023610_56ce16,1306,task_assigned,R10,G00426,
20260908_023610_56ce16,1306,task_assigned,R1,G00430,
20260908_023610_56ce16,1306,task_assigned,R8,G00496,
20260908_023610_56ce16,1307,task_created,,G00497,type=PUTAWAY pickup=BUFFER dropoff=A-04
20260908_023610_56ce16,1308,task_completed,R11,G00482,
20260908_023610_56ce16,1308,task_completed,R4,G00485,
20260908_023610_56ce16,1309,task_assigned,R11,G00433,
20260908_023610_56ce16,1310,task_assigned,R4,G00436,
20260908_023610_56ce16,1311,task_interrupted,R3,G00491,
20260908_023610_56ce16,1311,task_created,,G00498,type=SHIP pickup=STAGING dropoff=DOCK-2
20260908_023610_56ce16,1313,task_assigned,R5,G00498,
20260908_023610_56ce16,1314,task_completed,R7,G00421,
20260908_023610_56ce16,1315,task_assigned,R7,G00491,
20260908_023610_56ce16,1315,task_created,,G00499,type=PUTAWAY pickup=BUFFER dropoff=C-05
20260908_023610_56ce16,1315,task_created,,G00500,type=PICK pickup=G-03 dropoff=PICK-1
20260908_023610_56ce16,1315,task_created,,G00501,type=PACK pickup=PICK-2 dropoff=PACK-2
20260908_023610_56ce16,1317,task_interrupted,R4,G00436,
20260908_023610_56ce16,1321,task_completed,R9,G00415,
20260908_023610_56ce16,1322,task_assigned,R9,G00501,
20260908_023610_56ce16,1323,task_created,,G00502,type=PUTAWAY pickup=RECV dropoff=C-01
20260908_023610_56ce16,1324,task_completed,R13,G00489,
20260908_023610_56ce16,1325,task_created,,G00503,type=PICK pickup=E-03 dropoff=PICK-1
20260908_023610_56ce16,1325,task_created,,G00504,type=SHIP pickup=STAGING dropoff=DOCK-2
20260908_023610_56ce16,1325,task_assigned,R13,G00504,
20260908_023610_56ce16,1327,task_created,,G00505,type=PACK pickup=PICK-2 dropoff=PACK-1
20260908_023610_56ce16,1328,task_completed,R5,G00498,
20260908_023610_56ce16,1329,task_assigned,R5,G00505,
20260908_023610_56ce16,1331,task_interrupted,R1,G00430,
20260908_023610_56ce16,1331,task_created,,G00506,type=PUTAWAY pickup=RECV dropoff=C-02
20260908_023610_56ce16,1333,task_completed,R12,G00495,
20260908_023610_56ce16,1334,task_completed,R11,G00433,
20260908_023610_56ce16,1334,task_assigned,R12,G00500,
20260908_023610_56ce16,1334,task_completed,R13,G00504,
20260908_023610_56ce16,1335,task_completed,R6,G00492,
20260908_023610_56ce16,1335,task_assigned,R11,G00503,
20260908_023610_56ce16,1335,task_created,,G00507,type=PICK pickup=A-08 dropoff=PICK-3
20260908_023610_56ce16,1335,task_assigned,R13,G00507,
20260908_023610_56ce16,1336,task_assigned,R6,G00430,
20260908_023610_56ce16,1336,task_completed,R7,G00491,
20260908_023610_56ce16,1337,task_assigned,R7,G00436,
20260908_023610_56ce16,1339,task_created,,G00508,type=PUTAWAY pickup=BUFFER dropoff=D-06
20260908_023610_56ce16,1339,task_created,,G00509,type=PACK pickup=PICK-1 dropoff=PACK-1
20260908_023610_56ce16,1339,task_created,,G00510,type=SHIP pickup=STAGING dropoff=DOCK-2
20260908_023610_56ce16,1340,task_interrupted,R6,G00430,
20260908_023610_56ce16,1343,task_completed,R11,G00503,
20260908_023610_56ce16,1344,task_completed,R10,G00426,
20260908_023610_56ce16,1344,task_assigned,R11,G00510,
20260908_023610_56ce16,1345,task_assigned,R10,G00430,
20260908_023610_56ce16,1345,task_assigned,R4,G00509,
20260908_023610_56ce16,1345,task_created,,G00511,type=PICK pickup=A-07 dropoff=PICK-1
20260908_023610_56ce16,1345,task_assigned,R3,G00511,
20260908_023610_56ce16,1346,task_completed,R5,G00505,
20260908_023610_56ce16,1347,task_assigned,R5,G00438,
20260908_023610_56ce16,1347,task_created,,G00512,type=PUTAWAY pickup=RECV dropoff=F-04
20260908_023610_56ce16,1348,task_completed,R2,G00423,
20260908_023610_56ce16,1348,task_completed,R9,G00501,
20260908_023610_56ce16,1349,task_assigned,R2,G00442,
20260908_023610_56ce16,1349,task_assigned,R9,G00444,
20260908_023610_56ce16,1349,task_completed,R8,G00496,
20260908_023610_56ce16,1350,task_assigned,R8,G00448,
20260908_023610_56ce16,1351,task_created,,G00513,type=PACK pickup=PICK-1 dropoff=PACK-1
20260908_023610_56ce16,1352,task_interrupted,R12,G00500,
20260908_023610_56ce16,1353,task_created,,G00514,type=SHIP pickup=STAGING dropoff=DOCK-2
20260908_023610_56ce16,1355,task_created,,G00515,type=PUTAWAY pickup=BUFFER dropoff=A-03
20260908_023610_56ce16,1355,task_created,,G00516,type=PICK pickup=B-06 dropoff=PICK-1
20260908_023610_56ce16,1356,task_completed,R10,G00430,
20260908_023610_56ce16,1357,task_assigned,R10,G00514,
20260908_023610_56ce16,1360,task_completed,R11,G00510,
20260908_023610_56ce16,1361,task_assigned,R11,G00513,
20260908_023610_56ce16,1363,task_created,,G00517,type=PUTAWAY pickup=RECV dropoff=B-04
20260908_023610_56ce16,1363,task_created,,G00518,type=PACK pickup=PICK-2 dropoff=PACK-1
20260908_023610_56ce16,1365,task_created,,G00519,type=PICK pickup=A-02 dropoff=PICK-2
20260908_023610_56ce16,1366,task_completed,R2,G00442,
20260908_023610_56ce16,1367,task_interrupted,R10,G00514,
20260908_023610_56ce16,1367,task_created,,G00520,type=SHIP pickup=STAGING dropoff=DOCK-1
20260908_023610_56ce16,1367,task_assigned,R2,G00520,
20260908_023610_56ce16,1371,task_completed,R4,G00509,
20260908_023610_56ce16,1371,task_created,,G00521,type=PUTAWAY pickup=BUFFER dropoff=C-04
20260908_023610_56ce16,1372,task_assigned,R4,G00514,
20260908_023610_56ce16,1374,task_completed,R13,G00507,
20260908_023610_56ce16,1374,task_interrupted,R2,G00520,
20260908_023610_56ce16,1375,task_interrupted,R11,G00513,
20260908_023610_56ce16,1375,task_assigned,R13,G00520,
20260908_023610_56ce16,1375,task_created,,G00522,type=PICK pickup=G-07 dropoff=PICK-1
20260908_023610_56ce16,1375,task_created,,G00523,type=PACK pickup=PICK-2 dropoff=PACK-1
20260908_023610_56ce16,1376,task_completed,R5,G00438,
20260908_023610_56ce16,1376,task_completed,R3,G00511,
20260908_023610_56ce16,1376,task_assigned,R1,G00513,
20260908_023610_56ce16,1377,task_assigned,R3,G00518,
20260908_023610_56ce16,1377,task_assigned,R5,G00523,
20260908_023610_56ce16,1378,task_interrupted,R8,G00448,
20260908_023610_56ce16,1378,task_assigned,R6,G00500,
20260908_023610_56ce16,1378,task_completed,R4,G00514,
20260908_023610_56ce16,1379,task_assigned,R4,G00516,
20260908_023610_56ce16,1379,task_created,,G00524,type=PUTAWAY pickup=RECV dropoff=G-07
20260908_023610_56ce16,1381,task_created,,G00525,type=SHIP pickup=STAGING dropoff=DOCK-1
20260908_023610_56ce16,1385,task_created,,G00526,type=PICK pickup=C-06 dropoff=PICK-1
20260908_023610_56ce16,1386,task_completed,R7,G00436,
20260908_023610_56ce16,1387,task_assigned,R7,G00525,
20260908_023610_56ce16,1387,task_created,,G00527,type=PUTAWAY pickup=RECV dropoff=D-02
20260908_023610_56ce16,1387,task_created,,G00528,type=PACK pickup=PICK-2 dropoff=PACK-2
20260908_023610_56ce16,1390,task_completed,R3,G00518,
20260908_023610_56ce16,1391,task_assigned,R3,G00519,
20260908_023610_56ce16,1391,task_completed,R13,G00520,
20260908_023610_56ce16,1391,task_completed,R5,G00523,
20260908_023610_56ce16,1391,task_assigned,R12,G00528,
20260908_023610_56ce16,1392,task_assigned,R5,G00522,
20260908_023610_56ce16,1392,task_assigned,R13,G00526,
20260908_023610_56ce16,1395,task_created,,G00529,type=PUTAWAY pickup=BUFFER dropoff=C-01
20260908_023610_56ce16,1395,task_created,,G00530,type=PICK pickup=G-05 dropoff=PICK-3
20260908_023610_56ce16,1395,task_created,,G00531,type=SHIP pickup=STAGING dropoff=DOCK-1
20260908_023610_56ce16,1396,task_assigned,R11,G00531,
20260908_023610_56ce16,1399,task_completed,R1,G00513,
20260908_023610_56ce16,1399,task_created,,G00532,type=PACK pickup=PICK-1 dropoff=PACK-1
20260908_023610_56ce16,1400,task_assigned,R1,G00532,
20260908_023610_56ce16,1402,task_assigned,R10,G00530,
20260908_023610_56ce16,1403,task_created,,G00533,type=PUTAWAY pickup=BUFFER dropoff=A-06
20260908_023610_56ce16,1404,task_completed,R9,G00444,
20260908_023610_56ce16,1405,task_created,,G00534,type=PICK pickup=F-05 dropoff=PICK-1
20260908_023610_56ce16,1408,task_completed,R4,G00516,
20260908_023610_56ce16,1409,task_completed,R7,G00525,
20260908_023610_56ce16,1409,task_created,,G00535,type=SHIP pickup=STAGING dropoff=DOCK-2
20260908_023610_56ce16,1409,task_assigned,R4,G00535,
20260908_023610_56ce16,1410,task_assigned,R7,G00534,
20260908_023610_56ce16,1411,task_created,,G00536,type=PUTAWAY pickup=BUFFER dropoff=B-03
20260908_023610_56ce16,1411,task_created,,G00537,type=PACK pickup=PICK-2 dropoff=PACK-2
20260908_023610_56ce16,1412,task_interrupted,R13,G00526,
20260908_023610_56ce16,1412,task_assigned,R2,G00537,
20260908_023610_56ce16,1413,task_completed,R11,G00531,
20260908_023610_56ce16,1414,task_assigned,R11,G00526,
20260908_023610_56ce16,1415,task_created,,G00538,type=PICK pickup=H-03 dropoff=PICK-1
20260908_023610_56ce16,1418,task_completed,R3,G00519,
20260908_023610_56ce16,1419,task_assigned,R3,G00538,
20260908_023610_56ce16,1419,task_created,,G00539,type=PUTAWAY pickup=RECV dropoff=F-01
20260908_023610_56ce16,1420,task_assigned,R8,G00448,
20260908_023610_56ce16,1420,task_completed,R12,G00528,
20260908_023610_56ce16,1420,task_completed,R1,G00532,
20260908_023610_56ce16,1421,task_assigned,R12,G00452,
20260908_023610_56ce16,1421,task_assigned,R1,G00453,
20260908_023610_56ce16,1422,task_completed,R6,G00500,
20260908_023610_56ce16,1423,task_created,,G00540,type=PACK pickup=PICK-3 dropoff=PACK-2
20260908_023610_56ce16,1423,task_created,,G00541,type=SHIP pickup=STAGING dropoff=DOCK-2
20260908_023610_56ce16,1423,task_assigned,R6,G00541,
20260908_023610_56ce16,1425,task_created,,G00542,type=PICK pickup=C-05 dropoff=PICK-3
20260908_023610_56ce16,1427,task_created,,G00543,type=PUTAWAY pickup=RECV dropoff=A-04
20260908_023610_56ce16,1429,task_interrupted,R7,G00534,
20260908_023610_56ce16,1429,task_completed,R4,G00535,
20260908_023610_56ce16,1430,task_assigned,R4,G00540,
20260908_023610_56ce16,1435,task_completed,R5,G00522,
20260908_023610_56ce16,1435,task_created,,G00544,type=PUTAWAY pickup=RECV dropoff=C-06
20260908_023610_56ce16,1435,task_created,,G00545,type=PICK pickup=H-08 dropoff=PICK-1
20260908_023610_56ce16,1435,task_created,,G00546,type=PACK pickup=PICK-1 dropoff=PACK-1
20260908_023610_56ce16,1436,task_assigned,R5,G00546,
20260908_023610_56ce16,1437,task_created,,G00547,type=SHIP pickup=STAGING dropoff=DOCK-1
20260908_023610_56ce16,1438,task_completed,R10,G00530,
20260908_023610_56ce16,1438,task_completed,R2,G00537,
20260908_023610_56ce16,1439,task_assigned,R10,G00534,
20260908_023610_56ce16,1439,task_completed,R6,G00541,
20260908_023610_56ce16,1439,task_assigned,R2,G00547,
20260908_023610_56ce16,1440,task_assigned,R6,G00542,
20260908_023610_56ce16,1441,task_completed,R1,G00453,
20260908_023610_56ce16,1442,task_assigned,R1,G00545,
20260908_023610_56ce16,1443,task_created,,G00548,type=PUTAWAY pickup=BUFFER dropoff=C-04
20260908_023610_56ce16,1444,task_assigned,R9,G00457,
20260908_023610_56ce16,1445,task_completed,R5,G00546,
20260908_023610_56ce16,1445,task_created,,G00549,type=PICK pickup=F-08 dropoff=PICK-2
20260908_023610_56ce16,1446,task_completed,R2,G00547,
20260908_023610_56ce16,1446,task_assigned,R5,G00549,
20260908_023610_56ce16,1447,task_completed,R12,G00452,
20260908_023610_56ce16,1447,task_assigned,R2,G00460,
20260908_023610_56ce16,1447,task_created,,G00550,type=PACK pickup=PICK-3 dropoff=PACK-2
20260908_023610_56ce16,1447,task_assigned,R13,G00550,
20260908_023610_56ce16,1448,task_assigned,R12,G00463,
20260908_023610_56ce16,1451,task_completed,R4,G00540,
20260908_023610_56ce16,1451,task_created,,G00551,type=PUTAWAY pickup=RECV dropoff=G-07
20260908_023610_56ce16,1451,task_created,,G00552,type=SHIP pickup=STAGING dropoff=DOCK-2
20260908_023610_56ce16,1452,task_completed,R11,G00526,
20260908_023610_56ce16,1452,task_assigned,R4,G00552,
20260908_023610_56ce16,1453,task_assigned,R11,G00466,
20260908_023610_56ce16,1455,task_created,,G00553,type=PICK pickup=A-06 dropoff=PICK-2
20260908_023610_56ce16,1459,task_completed,R4,G00552,
20260908_023610_56ce16,1459,task_created,,G00554,type=PUTAWAY pickup=BUFFER dropoff=E-02
20260908_023610_56ce16,1459,task_created,,G00555,type=PACK pickup=PICK-3 dropoff=PACK-2
20260908_023610_56ce16,1460,task_assigned,R4,G00553,
20260908_023610_56ce16,1460,task_assigned,R7,G00555,
20260908_023610_56ce16,1464,task_completed,R10,G00534,
20260908_023610_56ce16,1465,task_created,,G00556,type=PICK pickup=G-05 dropoff=PICK-1
20260908_023610_56ce16,1465,task_created,,G00557,type=SHIP pickup=STAGING dropoff=DOCK-2
20260908_023610_56ce16,1465,task_assigned,R10,G00557,
20260908_023610_56ce16,1467,task_completed,R5,G00549,
20260908_023610_56ce16,1467,task_created,,G00558,type=PUTAWAY pickup=RECV dropoff=B-03
20260908_023610_56ce16,1468,task_assigned,R5,G00556,
20260908_023610_56ce16,1469,task_completed,R6,G00542,
20260908_023610_56ce16,1470,task_assigned,R6,G00469,
20260908_023610_56ce16,1471,task_completed,R9,G00457,
20260908_023610_56ce16,1471,task_created,,G00559,type=PACK pickup=PICK-2 dropoff=PACK-2
20260908_023610_56ce16,1472,task_assigned,R9,G00559,
20260908_023610_56ce16,1473,task_completed,R8,G00448,
20260908_023610_56ce16,1474,task_assigned,R8,G00472,
20260908_023610_56ce16,1475,task_completed,R11,G00466,
20260908_023610_56ce16,1475,task_created,,G00560,type=PUTAWAY pickup=RECV dropoff=E-01
20260908_023610_56ce16,1475,task_created,,G00561,type=PICK pickup=G-03 dropoff=PICK-2
20260908_023610_56ce16,1476,task_completed,R3,G00538,
20260908_023610_56ce16,1476,task_assigned,R11,G00561,
20260908_023610_56ce16,1477,task_assigned,R3,G00475,
20260908_023610_56ce16,1479,task_created,,G00562,type=SHIP pickup=STAGING dropoff=DOCK-1
20260908_023610_56ce16,1481,task_completed,R10,G00557,
20260908_023610_56ce16,1482,task_assigned,R10,G00562,
20260908_023610_56ce16,1483,task_completed,R13,G00550,
20260908_023610_56ce16,1483,task_created,,G00563,type=PUTAWAY pickup=BUFFER dropoff=F-05
20260908_023610_56ce16,1483,task_created,,G00564,type=PACK pickup=PICK-1 dropoff=PACK-2
20260908_023610_56ce16,1484,task_assigned,R13,G00564,
20260908_023610_56ce16,1485,task_created,,G00565,type=PICK pickup=H-02 dropoff=PICK-3
20260908_023610_56ce16,1487,task_completed,R10,G00562,
20260908_023610_56ce16,1488,task_assigned,R10,G00565,
20260908_023610_56ce16,1491,task_completed,R2,G00460,
20260908_023610_56ce16,1491,task_completed,R11,G00561,
20260908_023610_56ce16,1491,task_created,,G00566,type=PUTAWAY pickup=RECV dropoff=B-06
20260908_023610_56ce16,1492,task_assigned,R2,G00479,
20260908_023610_56ce16,1492,task_assigned,R11,G00481,
20260908_023610_56ce16,1492,task_completed,R9,G00559,
20260908_023610_56ce16,1493,task_created,,G00567,type=SHIP pickup=STAGING dropoff=DOCK-1
20260908_023610_56ce16,1493,task_assigned,R9,G00567,
20260908_023610_56ce16,1494,task_completed,R5,G00556,
20260908_023610_56ce16,1495,task_created,,G00568,type=PICK pickup=F-06 dropoff=PICK-1
20260908_023610_56ce16,1495,task_created,,G00569,type=PACK pickup=PICK-1 dropoff=PACK-1
20260908_023610_56ce16,1495,task_assigned,R5,G00569,
20260908_023610_56ce16,1496,task_completed,R1,G00545,
20260908_023610_56ce16,1496,task_completed,R7,G00555,
20260908_023610_56ce16,1497,task_completed,R12,G00463,
20260908_023610_56ce16,1497,task_assigned,R1,G00484,
20260908_023610_56ce16,1497,task_assigned,R7,G00568,
20260908_023610_56ce16,1498,task_assigned,R12,G00487,
20260908_023610_56ce16,1499,task_created,,G00570,type=PUTAWAY pickup=RECV dropoff=H-01
20260908_023610_56ce16,1500,task_completed,R4,G00553,
20260908_023610_56ce16,1500,task_completed,R9,G00567,
20260908_023610_56ce16,1501,task_assigned,R9,G00490,
20260908_023610_56ce16,1501,task_assigned,R4,G00494,
20260908_023610_56ce16,1503,task_completed,R3,G00475,
20260908_023610_56ce16,1504,task_completed,R8,G00472,
20260908_023610_56ce16,1504,task_assigned,R3,G00497,
20260908_023610_56ce16,1504,task_completed,R5,G00569,
20260908_023610_56ce16,1505,task_assigned,R5,G00499,
20260908_023610_56ce16,1505,task_created,,G00571,type=PICK pickup=H-04 dropoff=PICK-2
20260908_023610_56ce16,1505,task_assigned,R8,G00571,
20260908_023610_56ce16,1507,task_created,,G00572,type=PUTAWAY pickup=RECV dropoff=E-02
20260908_023610_56ce16,1507,task_created,,G00573,type=PACK pickup=PICK-2 dropoff=PACK-1
20260908_023610_56ce16,1507,task_created,,G00574,type=SHIP pickup=STAGING dropoff=DOCK-2
20260908_023610_56ce16,1512,task_completed,R2,G00479,
20260908_023610_56ce16,1513,task_completed,R13,G00564,
20260908_023610_56ce16,1513,task_assigned,R2,G00574,
20260908_023610_56ce16,1514,task_assigned,R13,G00573,
20260908_023610_56ce16,1515,task_created,,G00575,type=PUTAWAY pickup=BUFFER dropoff=F-02
20260908_023610_56ce16,1515,task_created,,G00576,type=PICK pickup=F-06 dropoff=PICK-3
20260908_023610_56ce16,1516,task_completed,R10,G00565,
20260908_023610_56ce16,1517,task_completed,R11,G00481,
20260908_023610_56ce16,1517,task_completed,R4,G00494,
20260908_023610_56ce16,1517,task_assigned,R10,G00576,
20260908_023610_56ce16,1518,task_assigned,R11,G00502,
20260908_023610_56ce16,1518,task_assigned,R4,G00506,
20260908_023610_56ce16,1519,task_created,,G00577,type=PACK pickup=PICK-3 dropoff=PACK-1
20260908_023610_56ce16,1520,task_completed,R7,G00568,
20260908_023610_56ce16,1521,task_completed,R3,G00497,
20260908_023610_56ce16,1521,task_created,,G00578,type=SHIP pickup=STAGING dropoff=DOCK-2
20260908_023610_56ce16,1521,task_assigned,R7,G00578,
20260908_023610_56ce16,1522,task_assigned,R3,G00577,
20260908_023610_56ce16,1523,task_created,,G00579,type=PUTAWAY pickup=RECV dropoff=H-05
20260908_023610_56ce16,1525,task_completed,R6,G00469,
20260908_023610_56ce16,1525,task_created,,G00580,type=PICK pickup=E-02 dropoff=PICK-1
20260908_023610_56ce16,1526,task_completed,R5,G00499,
20260908_023610_56ce16,1526,task_completed,R13,G00573,
20260908_023610_56ce16,1526,task_assigned,R6,G00580,
20260908_023610_56ce16,1527,task_assigned,R13,G00508,
20260908_023610_56ce16,1529,task_completed,R8,G00571,
20260908_023610_56ce16,1530,task_assigned,R8,G00512,
20260908_023610_56ce16,1530,task_assigned,R5,G00515,
20260908_023610_56ce16,1531,task_created,,G00581,type=PUTAWAY pickup=BUFFER dropoff=D-07
20260908_023610_56ce16,1531,task_created,,G00582,type=PACK pickup=PICK-1 dropoff=PACK-2
20260908_023610_56ce16,1532,task_completed,R2,G00574,
20260908_023610_56ce16,1533,task_interrupted,R5,G00515,
20260908_023610_56ce16,1533,task_assigned,R2,G00582,
20260908_023610_56ce16,1534,task_completed,R9,G00490,
20260908_023610_56ce16,1535,task_created,,G00583,type=PICK pickup=D-01 dropoff=PICK-3
20260908_023610_56ce16,1535,task_created,,G00584,type=SHIP pickup=STAGING dropoff=DOCK-2
20260908_023610_56ce16,1535,task_assigned,R9,G00584,
20260908_023610_56ce16,1537,task_completed,R7,G00578,
20260908_023610_56ce16,1538,task_completed,R1,G00484,
20260908_023610_56ce16,1538,task_assigned,R7,G00583,
20260908_023610_56ce16,1539,task_assigned,R1,G00515,
20260908_023610_56ce16,1539,task_created,,G00585,type=PUTAWAY pickup=RECV dropoff=E-05
20260908_023610_56ce16,1543,task_created,,G00586,type=PACK pickup=PICK-3 dropoff=PACK-2
20260908_023610_56ce16,1545,task_created,,G00587,type=PICK pickup=E-07 dropoff=PICK-1
20260908_023610_56ce16,1547,task_created,,G00588,type=PUTAWAY pickup=BUFFER dropoff=A-03
20260908_023610_56ce16,1549,task_created,,G00589,type=SHIP pickup=STAGING dropoff=DOCK-1
20260908_023610_56ce16,1553,task_completed,R11,G00502,
20260908_023610_56ce16,1554,task_assigned,R11,G00589,
20260908_023610_56ce16,1555,task_created,,G00590,type=PUTAWAY pickup=RECV dropoff=G-07
20260908_023610_56ce16,1555,task_created,,G00591,type=PICK pickup=G-08 dropoff=PICK-1
20260908_023610_56ce16,1555,task_created,,G00592,type=PACK pickup=PICK-3 dropoff=PACK-2
20260908_023610_56ce16,1557,task_completed,R12,G00487,
20260908_023610_56ce16,1558,task_completed,R9,G00584,
20260908_023610_56ce16,1558,task_assigned,R12,G00586,
20260908_023610_56ce16,1559,task_assigned,R9,G00592,
20260908_023610_56ce16,1560,task_completed,R13,G00508,
20260908_023610_56ce16,1561,task_interrupted,R3,G00577,
20260908_023610_56ce16,1561,task_completed,R7,G00583,
20260908_023610_56ce16,1561,task_assigned,R13,G00587,
20260908_023610_56ce16,1562,task_assigned,R7,G00577,
20260908_023610_56ce16,1563,task_created,,G00593,type=PUTAWAY pickup=RECV dropoff=B-08
20260908_023610_56ce16,1563,task_created,,G00594,type=SHIP pickup=STAGING dropoff=DOCK-1
20260908_023610_56ce16,1565,task_completed,R2,G00582,
20260908_023610_56ce16,1565,task_created,,G00595,type=PICK pickup=H-04 dropoff=PICK-3
20260908_023610_56ce16,1566,task_completed,R6,G00580,
20260908_023610_56ce16,1566,task_assigned,R2,G00594,
20260908_023610_56ce16,1567,task_created,,G00596,type=PACK pickup=PICK-3 dropoff=PACK-1
20260908_023610_56ce16,1567,task_assigned,R6,G00596,
20260908_023610_56ce16,1568,task_completed,R11,G00589,
20260908_023610_56ce16,1569,task_assigned,R11,G00591,
20260908_023610_56ce16,1570,task_interrupted,R4,G00506,
20260908_023610_56ce16,1571,task_created,,G00597,type=PUTAWAY pickup=RECV dropoff=D-02
20260908_023610_56ce16,1573,task_completed,R2,G00594,
20260908_023610_56ce16,1574,task_completed,R10,G00576,
20260908_023610_56ce16,1574,task_assigned,R2,G00595,
20260908_023610_56ce16,1575,task_assigned,R10,G00506,
20260908_023610_56ce16,1575,task_completed,R7,G00577,
20260908_023610_56ce16,1575,task_created,,G00598,type=PICK pickup=E-03 dropoff=PICK-3
20260908_023610_56ce16,1575,task_assigned,R5,G00598,
20260908_023610_56ce16,1576,task_completed,R8,G00512,
20260908_023610_56ce16,1576,task_assigned,R7,G00517,
20260908_023610_56ce16,1577,task_created,,G00599,type=SHIP pickup=STAGING dropoff=DOCK-1
20260908_023610_56ce16,1577,task_assigned,R8,G00599,
20260908_023610_56ce16,1579,task_created,,G00600,type=PUTAWAY pickup=RECV dropoff=A-05
20260908_023610_56ce16,1579,task_created,,G00601,type=PACK pickup=PICK-3 dropoff=PACK-1
20260908_023610_56ce16,1580,task_completed,R12,G00586,
20260908_023610_56ce16,1581,task_completed,R1,G00515,
20260908_023610_56ce16,1581,task_completed,R9,G00592,
20260908_023610_56ce16,1581,task_assigned,R12,G00601,
20260908_023610_56ce16,1582,task_assigned,R9,G00521,
20260908_023610_56ce16,1582,task_assigned,R1,G00524,
20260908_023610_56ce16,1585,task_created,,G00602,type=PICK pickup=B-03 dropoff=PICK-2
20260908_023610_56ce16,1587,task_created,,G00603,type=PUTAWAY pickup=RECV dropoff=B-02
20260908_023610_56ce16,1590,task_completed,R8,G00599,
20260908_023610_56ce16,1591,task_completed,R10,G00506,
20260908_023610_56ce16,1591,task_created,,G00604,type=PACK pickup=PICK-1 dropoff=PACK-2
20260908_023610_56ce16,1591,task_created,,G00605,type=SHIP pickup=STAGING dropoff=DOCK-2
20260908_023610_56ce16,1591,task_assigned,R8,G00605,
20260908_023610_56ce16,1592,task_assigned,R10,G00604,
20260908_023610_56ce16,1595,task_interrupted,R1,G00524,
20260908_023610_56ce16,1595,task_created,,G00606,type=PUTAWAY pickup=BUFFER dropoff=D-01
20260908_023610_56ce16,1595,task_created,,G00607,type=PICK pickup=D-02 dropoff=PICK-2
20260908_023610_56ce16,1596,task_completed,R8,G00605,
20260908_023610_56ce16,1597,task_assigned,R8,G00602,
20260908_023610_56ce16,1599,task_completed,R13,G00587,
20260908_023610_56ce16,1600,task_assigned,R13,G00524,
20260908_023610_56ce16,1600,task_assigned,R3,G00607,
20260908_023610_56ce16,1603,task_completed,R12,G00601,
20260908_023610_56ce16,1603,task_created,,G00608,type=PUTAWAY pickup=BUFFER dropoff=B-08
20260908_023610_56ce16,1603,task_created,,G00609,type=PACK pickup=PICK-3 dropoff=PACK-2
20260908_023610_56ce16,1604,task_assigned,R12,G00609,
20260908_023610_56ce16,1605,task_interrupted,R6,G00596,
20260908_023610_56ce16,1605,task_created,,G00610,type=PICK pickup=B-07 dropoff=PICK-1
20260908_023610_56ce16,1605,task_created,,G00611,type=SHIP pickup=STAGING dropoff=DOCK-2
20260908_023610_56ce16,1608,task_interrupted,R12,G00609,
20260908_023610_56ce16,1609,task_completed,R11,G00591,
20260908_023610_56ce16,1610,task_completed,R2,G00595,
20260908_023610_56ce16,1610,task_assigned,R11,G00611,
20260908_023610_56ce16,1611,task_assigned,R2,G00596,
20260908_023610_56ce16,1611,task_created,,G00612,type=PUTAWAY pickup=RECV dropoff=G-05
20260908_023610_56ce16,1613,task_interrupted,R11,G00611,
20260908_023610_56ce16,1615,task_created,,G00613,type=PICK pickup=F-04 dropoff=PICK-1
20260908_023610_56ce16,1615,task_created,,G00614,type=PACK pickup=PICK-2 dropoff=PACK-1
20260908_023610_56ce16,1616,task_completed,R7,G00517,
20260908_023610_56ce16,1617,task_assigned,R7,G00611,
20260908_023610_56ce16,1618,task_assigned,R4,G00609,
20260908_023610_56ce16,1619,task_created,,G00615,type=PUTAWAY pickup=BUFFER dropoff=A-01
20260908_023610_56ce16,1619,task_created,,G00616,type=SHIP pickup=STAGING dropoff=DOCK-1
20260908_023610_56ce16,1620,task_completed,R5,G00598,
20260908_023610_56ce16,1621,task_assigned,R5,G00616,
20260908_023610_56ce16,1624,task_completed,R2,G00596,
20260908_023610_56ce16,1625,task_assigned,R2,G00614,
20260908_023610_56ce16,1625,task_created,,G00617,type=PICK pickup=E-05 dropoff=PICK-1
20260908_023610_56ce16,1626,task_completed,R9,G00521,
20260908_023610_56ce16,1626,task_completed,R8,G00602,
20260908_023610_56ce16,1627,task_assigned,R8,G00610,
20260908_023610_56ce16,1627,task_created,,G00618,type=PUTAWAY pickup=BUFFER dropoff=H-03
20260908_023610_56ce16,1627,task_created,,G00619,type=PACK pickup=PICK-3 dropoff=PACK-1
20260908_023610_56ce16,1627,task_assigned,R9,G00619,
20260908_023610_56ce16,1628,task_assigned,R1,G00613,
20260908_023610_56ce16,1630,task_completed,R7,G00611,
20260908_023610_56ce16,1631,task_assigned,R7,G00617,
20260908_023610_56ce16,1632,task_interrupted,R2,G00614,
20260908_023610_56ce16,1633,task_created,,G00620,type=SHIP pickup=STAGING dropoff=DOCK-2
20260908_023610_56ce16,1633,task_assigned,R6,G00620,
20260908_023610_56ce16,1635,task_created,,G00621,type=PUTAWAY pickup=RECV dropoff=G-03
20260908_023610_56ce16,1635,task_created,,G00622,type=PICK pickup=H-07 dropoff=PICK-1
20260908_023610_56ce16,1637,task_interrupted,R10,G00604,
20260908_023610_56ce16,1638,task_completed,R13,G00524,
20260908_023610_56ce16,1638,task_assigned,R12,G00604,
20260908_023610_56ce16,1639,task_assigned,R13,G00614,
20260908_023610_56ce16,1639,task_created,,G00623,type=PACK pickup=PICK-3 dropoff=PACK-2
20260908_023610_56ce16,1641,task_interrupted,R8,G00610,
20260908_023610_56ce16,1641,task_completed,R5,G00616,
20260908_023610_56ce16,1642,task_assigned,R5,G00623,
20260908_023610_56ce16,1643,task_created,,G00624,type=PUTAWAY pickup=RECV dropoff=C-03
20260908_023610_56ce16,1645,task_assigned,R11,G00610,
20260908_023610_56ce16,1645,task_created,,G00625,type=PICK pickup=C-03 dropoff=PICK-3
20260908_023610_56ce16,1647,task_created,,G00626,type=SHIP pickup=STAGING dropoff=DOCK-2
20260908_023610_56ce16,1649,task_completed,R6,G00620,
20260908_023610_56ce16,1650,task_completed,R9,G00619,
20260908_023610_56ce16,1650,task_assigned,R6,G00626,
20260908_023610_56ce16,1651,task_created,,G00627,type=PUTAWAY pickup=BUFFER dropoff=H-08
20260908_023610_56ce16,1651,task_created,,G00628,type=PACK pickup=PICK-1 dropoff=PACK-2
20260908_023610_56ce16,1651,task_assigned,R9,G00628,
20260908_023610_56ce16,1652,task_completed,R13,G00614,
20260908_023610_56ce16,1654,task_completed,R4,G00609,
20260908_023610_56ce16,1655,task_assigned,R4,G00622,
20260908_023610_56ce16,1655,task_assigned,R13,G00625,
20260908_023610_56ce16,1655,task_completed,R6,G00626,
20260908_023610_56ce16,1655,task_created,,G00629,type=PICK pickup=E-01 dropoff=PICK-3
20260908_023610_56ce16,1656,task_assigned,R6,G00629,
20260908_023610_56ce16,1659,task_created,,G00630,type=PUTAWAY pickup=RECV dropoff=H-01
20260908_023610_56ce16,1660,task_assigned,R2,G00527,
20260908_023610_56ce16,1660,task_completed,R3,G00607,
20260908_023610_56ce16,1661,task_completed,R12,G00604,
20260908_023610_56ce16,1661,task_created,,G00631,type=SHIP pickup=STAGING dropoff=DOCK-1
20260908_023610_56ce16,1661,task_assigned,R3,G00631,
20260908_023610_56ce16,1662,task_assigned,R12,G00529,
20260908_023610_56ce16,1663,task_created,,G00632,type=PACK pickup=PICK-3 dropoff=PACK-2
20260908_023610_56ce16,1665,task_created,,G00633,type=PICK pickup=A-01 dropoff=PICK-1
20260908_023610_56ce16,1666,task_completed,R1,G00613,
20260908_023610_56ce16,1667,task_completed,R11,G00610,
20260908_023610_56ce16,1667,task_completed,R5,G00623,
20260908_023610_56ce16,1667,task_created,,G00634,type=PUTAWAY pickup=BUFFER dropoff=C-07
20260908_023610_56ce16,1668,task_assigned,R5,G00533,
20260908_023610_56ce16,1668,task_completed,R7,G00617,
20260908_023610_56ce16,1668,task_interrupted,R13,G00625,
20260908_023610_56ce16,1668,task_assigned,R8,G00632,
20260908_023610_56ce16,1668,task_assigned,R1,G00633,
20260908_023610_56ce16,1669,task_assigned,R7,G00536,
20260908_023610_56ce16,1669,task_assigned,R11,G00625,
20260908_023610_56ce16,1669,task_completed,R3,G00631,
20260908_023610_56ce16,1670,task_assigned,R10,G00539,
20260908_023610_56ce16,1670,task_assigned,R3,G00543,
20260908_023610_56ce16,1675,task_created,,G00635,type=PUTAWAY pickup=BUFFER dropoff=F-01
20260908_023610_56ce16,1675,task_created,,G00636,type=PICK pickup=D-08 dropoff=PICK-3
20260908_023610_56ce16,1675,task_created,,G00637,type=PACK pickup=PICK-1 dropoff=PACK-2
20260908_023610_56ce16,1675,task_created,,G00638,type=SHIP pickup=STAGING dropoff=DOCK-1
20260908_023610_56ce16,1676,task_interrupted,R9,G00628,
20260908_023610_56ce16,1682,task_completed,R12,G00529,
20260908_023610_56ce16,1683,task_assigned,R12,G00638,
20260908_023610_56ce16,1683,task_created,,G00639,type=PUTAWAY pickup=RECV dropoff=G-02
20260908_023610_56ce16,1685,task_created,,G00640,type=PICK pickup=G-03 dropoff=PICK-2
20260908_023610_56ce16,1687,task_completed,R1,G00633,
20260908_023610_56ce16,1687,task_created,,G00641,type=PACK pickup=PICK-3 dropoff=PACK-2
20260908_023610_56ce16,1688,task_assigned,R1,G00628,
20260908_023610_56ce16,1689,task_created,,G00642,type=SHIP pickup=STAGING dropoff=DOCK-1
20260908_023610_56ce16,1691,task_interrupted,R7,G00536,
20260908_023610_56ce16,1691,task_created,,G00643,type=PUTAWAY pickup=RECV dropoff=H-08
20260908_023610_56ce16,1695,task_created,,G00644,type=PICK pickup=H-01 dropoff=PICK-3
20260908_023610_56ce16,1697,task_completed,R12,G00638,
20260908_023610_56ce16,1698,task_assigned,R12,G00642,
20260908_023610_56ce16,1699,task_created,,G00645,type=PUTAWAY pickup=RECV dropoff=D-06
20260908_023610_56ce16,1699,task_created,,G00646,type=PACK pickup=PICK-3 dropoff=PACK-1
20260908_023610_56ce16,1700,task_completed,R11,G00625,
20260908_023610_56ce16,1701,task_assigned,R11,G00637,
20260908_023610_56ce16,1702,task_completed,R1,G00628,
20260908_023610_56ce16,1703,task_completed,R5,G00533,
20260908_023610_56ce16,1703,task_assigned,R1,G00641,
20260908_023610_56ce16,1703,task_completed,R12,G00642,
20260908_023610_56ce16,1703,task_created,,G00647,type=SHIP pickup=STAGING dropoff=DOCK-1
20260908_023610_56ce16,1703,task_assigned,R9,G00647,
20260908_023610_56ce16,1704,task_completed,R2,G00527,
20260908_023610_56ce16,1704,task_completed,R8,G00632,
20260908_023610_56ce16,1704,task_assigned,R5,G00636,
20260908_023610_56ce16,1704,task_assigned,R12,G00646,
20260908_023610_56ce16,1705,task_completed,R3,G00543,
20260908_023610_56ce16,1705,task_assigned,R2,G00640,
20260908_023610_56ce16,1705,task_assigned,R8,G00644,
20260908_023610_56ce16,1705,task_created,,G00648,type=PICK pickup=D-08 dropoff=PICK-2
20260908_023610_56ce16,1706,task_assigned,R3,G00648,
20260908_023610_56ce16,1707,task_created,,G00649,type=PUTAWAY pickup=BUFFER dropoff=C-04
20260908_023610_56ce16,1708,task_completed,R6,G00629,
20260908_023610_56ce16,1709,task_assigned,R13,G00536,
20260908_023610_56ce16,1709,task_assigned,R6,G00544,
20260908_023610_56ce16,1711,task_created,,G00650,type=PACK pickup=PICK-3 dropoff=PACK-2
20260908_023610_56ce16,1715,task_created,,G00651,type=PUTAWAY pickup=RECV dropoff=B-02
20260908_023610_56ce16,1715,task_created,,G00652,type=PICK pickup=E-06 dropoff=PICK-1
20260908_023610_56ce16,1717,task_completed,R10,G00539,
20260908_023610_56ce16,1717,task_completed,R2,G00640,
20260908_023610_56ce16,1717,task_created,,G00653,type=SHIP pickup=STAGING dropoff=DOCK-1
20260908_023610_56ce16,1718,task_assigned,R10,G00650,
20260908_023610_56ce16,1718,task_assigned,R2,G00653,
20260908_023610_56ce16,1719,task_completed,R9,G00647,
20260908_023610_56ce16,1720,task_completed,R1,G00641,
20260908_023610_56ce16,1720,task_assigned,R9,G00652,
20260908_023610_56ce16,1721,task_assigned,R1,G00548,
20260908_023610_56ce16,1723,task_created,,G00654,type=PUTAWAY pickup=RECV dropoff=E-02
20260908_023610_56ce16,1723,task_created,,G00655,type=PACK pickup=PICK-3 dropoff=PACK-2
20260908_023610_56ce16,1724,task_assigned,R7,G00655,
20260908_023610_56ce16,1725,task_created,,G00656,type=PICK pickup=G-07 dropoff=PICK-2
20260908_023610_56ce16,1727,task_completed,R4,G00622,
20260908_023610_56ce16,1728,task_assigned,R4,G00656,
20260908_023610_56ce16,1729,task_completed,R2,G00653,
20260908_023610_56ce16,1730,task_assigned,R2,G00551,
20260908_023610_56ce16,1731,task_created,,G00657,type=PUTAWAY pickup=BUFFER dropoff=C-05
20260908_023610_56ce16,1731,task_created,,G00658,type=SHIP pickup=STAGING dropoff=DOCK-2
20260908_023610_56ce16,1734,task_completed,R12,G00646,
20260908_023610_56ce16,1735,task_assigned,R12,G00658,
20260908_023610_56ce16,1735,task_created,,G00659,type=PICK pickup=E-06 dropoff=PICK-1
20260908_023610_56ce16,1735,task_created,,G00660,type=PACK pickup=PICK-1 dropoff=PACK-1
20260908_023610_56ce16,1736,task_completed,R8,G00644,
20260908_023610_56ce16,1737,task_completed,R11,G00637,
20260908_023610_56ce16,1737,task_assigned,R8,G00660,
20260908_023610_56ce16,1738,task_assigned,R11,G00659,
20260908_023610_56ce16,1739,task_created,,G00661,type=PUTAWAY pickup=RECV dropoff=A-03
20260908_023610_56ce16,1741,task_completed,R12,G00658,
20260908_023610_56ce16,1742,task_assigned,R12,G00554,
20260908_023610_56ce16,1742,task_completed,R5,G00636,
20260908_023610_56ce16,1742,task_completed,R10,G00650,
20260908_023610_56ce16,1743,task_assigned,R10,G00558,
20260908_023610_56ce16,1743,task_assigned,R5,G00560,
20260908_023610_56ce16,1745,task_created,,G00662,type=PICK pickup=D-05 dropoff=PICK-2
20260908_023610_56ce16,1745,task_created,,G00663,type=SHIP pickup=STAGING dropoff=DOCK-2
20260908_023610_56ce16,1746,task_completed,R9,G00652,
20260908_023610_56ce16,1747,task_assigned,R9,G00663,
20260908_023610_56ce16,1747,task_created,,G00664,type=PUTAWAY pickup=RECV dropoff=B-04
20260908_023610_56ce16,1747,task_created,,G00665,type=PACK pickup=PICK-2 dropoff=PACK-1
20260908_023610_56ce16,1749,task_completed,R6,G00544,
20260908_023610_56ce16,1749,task_completed,R3,G00648,
20260908_023610_56ce16,1750,task_assigned,R3,G00662,
20260908_023610_56ce16,1750,task_assigned,R6,G00665,
20260908_023610_56ce16,1755,task_created,,G00666,type=PUTAWAY pickup=RECV dropoff=H-01
20260908_023610_56ce16,1755,task_created,,G00667,type=PICK pickup=H-06 dropoff=PICK-2
20260908_023610_56ce16,1758,task_completed,R13,G00536,
20260908_023610_56ce16,1759,task_created,,G00668,type=PACK pickup=PICK-1 dropoff=PACK-1
20260908_023610_56ce16,1759,task_created,,G00669,type=SHIP pickup=STAGING dropoff=DOCK-1
20260908_023610_56ce16,1759,task_assigned,R13,G00669,
20260908_023610_56ce16,1761,task_completed,R7,G00655,
20260908_023610_56ce16,1762,task_completed,R6,G00665,
20260908_023610_56ce16,1762,task_assigned,R7,G00668,
20260908_023610_56ce16,1763,task_assigned,R6,G00667,
20260908_023610_56ce16,1763,task_created,,G00670,type=PUTAWAY pickup=RECV dropoff=B-02
20260908_023610_56ce16,1765,task_completed,R4,G00656,
20260908_023610_56ce16,1765,task_created,,G00671,type=PICK pickup=F-08 dropoff=PICK-2
20260908_023610_56ce16,1766,task_completed,R11,G00659,
20260908_023610_56ce16,1766,task_completed,R8,G00660,
20260908_023610_56ce16,1766,task_completed,R9,G00663,
20260908_023610_56ce16,1766,task_assigned,R4,G00671,
20260908_023610_56ce16,1767,task_completed,R1,G00548,
20260908_023610_56ce16,1767,task_assigned,R9,G00563,
20260908_023610_56ce16,1767,task_assigned,R11,G00566,
20260908_023610_56ce16,1767,task_assigned,R8,G00570,
20260908_023610_56ce16,1768,task_assigned,R1,G00572,
20260908_023610_56ce16,1770,task_completed,R2,G00551,
20260908_023610_56ce16,1771,task_created,,G00672,type=PUTAWAY pickup=RECV dropoff=E-06
20260908_023610_56ce16,1771,task_created,,G00673,type=PACK pickup=PICK-3 dropoff=PACK-1
20260908_023610_56ce16,1771,task_assigned,R2,G00673,
20260908_023610_56ce16,1773,task_created,,G00674,type=SHIP pickup=STAGING dropoff=DOCK-1
20260908_023610_56ce16,1775,task_completed,R3,G00662,
20260908_023610_56ce16,1775,task_created,,G00675,type=PICK pickup=D-07 dropoff=PICK-1
20260908_023610_56ce16,1776,task_completed,R13,G00669,
20260908_023610_56ce16,1776,task_completed,R4,G00671,
20260908_023610_56ce16,1776,task_assigned,R3,G00674,
20260908_023610_56ce16,1777,task_completed,R10,G00558,
20260908_023610_56ce16,1777,task_assigned,R4,G00575,
20260908_023610_56ce16,1777,task_assigned,R13,G00675,
20260908_023610_56ce16,1778,task_assigned,R10,G00579,
20260908_023610_56ce16,1779,task_created,,G00676,type=PUTAWAY pickup=BUFFER dropoff=H-03
20260908_023610_56ce16,1781,task_completed,R12,G00554,
20260908_023610_56ce16,1782,task_assigned,R12,G00581,
20260908_023610_56ce16,1783,task_created,,G00677,type=PACK pickup=PICK-1 dropoff=PACK-2
20260908_023610_56ce16,1784,task_completed,R3,G00674,
20260908_023610_56ce16,1785,task_assigned,R3,G00677,
20260908_023610_56ce16,1785,task_created,,G00678,type=PICK pickup=B-01 dropoff=PICK-3
20260908_023610_56ce16,1787,task_created,,G00679,type=PUTAWAY pickup=RECV dropoff=A-07
20260908_023610_56ce16,1787,task_created,,G00680,type=SHIP pickup=STAGING dropoff=DOCK-2
20260908_023610_56ce16,1788,task_completed,R7,G00668,
20260908_023610_56ce16,1789,task_assigned,R7,G00680,
20260908_023610_56ce16,1792,task_completed,R2,G00673,
20260908_023610_56ce16,1793,task_completed,R9,G00563,
20260908_023610_56ce16,1793,task_assigned,R2,G00678,
20260908_023610_56ce16,1794,task_completed,R4,G00575,
20260908_023610_56ce16,1794,task_assigned,R9,G00585,
20260908_023610_56ce16,1795,task_completed,R7,G00680,
20260908_023610_56ce16,1795,task_created,,G00681,type=PUTAWAY pickup=RECV dropoff=F-08
20260908_023610_56ce16,1795,task_created,,G00682,type=PICK pickup=F-08 dropoff=PICK-2
20260908_023610_56ce16,1795,task_created,,G00683,type=PACK pickup=PICK-2 dropoff=PACK-1
20260908_023610_56ce16,1795,task_assigned,R4,G00683,
20260908_023610_56ce16,1796,task_assigned,R7,G00682,
20260908_023610_56ce16,1800,task_completed,R6,G00667,
20260908_023610_56ce16,1801,task_created,,G00684,type=SHIP pickup=STAGING dropoff=DOCK-1
20260908_023610_56ce16,1801,task_assigned,R6,G00684,
20260908_023610_56ce16,1803,task_created,,G00685,type=PUTAWAY pickup=RECV dropoff=G-04
20260908_023610_56ce16,1805,task_created,,G00686,type=PICK pickup=D-08 dropoff=PICK-3
20260908_023610_56ce16,1807,task_created,,G00687,type=PACK pickup=PICK-1 dropoff=PACK-2
20260908_023610_56ce16,1810,task_completed,R4,G00683,
20260908_023610_56ce16,1811,task_completed,R6,G00684,
20260908_023610_56ce16,1811,task_assigned,R4,G00687,
20260908_023610_56ce16,1811,task_created,,G00688,type=PUTAWAY pickup=RECV dropoff=B-07
20260908_023610_56ce16,1812,task_interrupted,R5,G00560,
20260908_023610_56ce16,1812,task_assigned,R6,G00686,
20260908_023610_56ce16,1814,task_completed,R3,G00677,
20260908_023610_56ce16,1815,task_completed,R7,G00682,
20260908_023610_56ce16,1815,task_created,,G00689,type=PICK pickup=C-05 dropoff=PICK-3
20260908_023610_56ce16,1815,task_created,,G00690,type=SHIP pickup=STAGING dropoff=DOCK-1
20260908_023610_56ce16,1815,task_assigned,R3,G00690,
20260908_023610_56ce16,1816,task_assigned,R7,G00689,
20260908_023610_56ce16,1819,task_created,,G00691,type=PUTAWAY pickup=RECV dropoff=C-07
20260908_023610_56ce16,1819,task_created,,G00692,type=PACK pickup=PICK-2 dropoff=PACK-1
20260908_023610_56ce16,1820,task_completed,R2,G00678,
20260908_023610_56ce16,1821,task_assigned,R2,G00692,
20260908_023610_56ce16,1822,task_completed,R11,G00566,
20260908_023610_56ce16,1822,task_completed,R3,G00690,
20260908_023610_56ce16,1823,task_assigned,R11,G00560,
20260908_023610_56ce16,1824,task_completed,R13,G00675,
20260908_023610_56ce16,1825,task_created,,G00693,type=PICK pickup=E-05 dropoff=PICK-3
20260908_023610_56ce16,1825,task_assigned,R13,G00693,
20260908_023610_56ce16,1827,task_created,,G00694,type=PUTAWAY pickup=BUFFER dropoff=E-01
20260908_023610_56ce16,1829,task_created,,G00695,type=SHIP pickup=STAGING dropoff=DOCK-1
20260908_023610_56ce16,1829,task_interrupted,,G00695,
20260908_023610_56ce16,1831,task_completed,R1,G00572,
20260908_023610_56ce16,1831,task_created,,G00696,type=PACK pickup=PICK-2 dropoff=PACK-2
20260908_023610_56ce16,1832,task_assigned,R1,G00695,
20260908_023610_56ce16,1833,task_interrupted,R4,G00687,
20260908_023610_56ce16,1834,task_completed,R2,G00692,
20260908_023610_56ce16,1835,task_assigned,R2,G00687,
20260908_023610_56ce16,1835,task_completed,R7,G00689,
20260908_023610_56ce16,1835,task_created,,G00697,type=PUTAWAY pickup=BUFFER dropoff=D-05
20260908_023610_56ce16,1835,task_created,,G00698,type=PICK pickup=F-01 dropoff=PICK-1
20260908_023610_56ce16,1836,task_assigned,R7,G00696,
20260908_023610_56ce16,1838,task_completed,R10,G00579,
20260908_023610_56ce16,1839,task_assigned,R10,G00698,
20260908_023610_56ce16,1843,task_created,,G00699,type=PUTAWAY pickup=RECV dropoff=E-07
20260908_023610_56ce16,1843,task_created,,G00700,type=PACK pickup=PICK-3 dropoff=PACK-1
20260908_023610_56ce16,1843,task_created,,G00701,type=SHIP pickup=STAGING dropoff=DOCK-2
20260908_023610_56ce16,1843,task_assigned,R5,G00701,
20260908_023610_56ce16,1845,task_completed,R2,G00687,
20260908_023610_56ce16,1845,task_created,,G00702,type=PICK pickup=G-08 dropoff=PICK-1
20260908_023610_56ce16,1846,task_completed,R12,G00581,
20260908_023610_56ce16,1846,task_completed,R6,G00686,
20260908_023610_56ce16,1846,task_assigned,R2,G00700,
20260908_023610_56ce16,1847,task_assigned,R12,G00702,
20260908_023610_56ce16,1849,task_completed,R11,G00560,
20260908_023610_56ce16,1850,task_assigned,R11,G00588,
20260908_023610_56ce16,1850,task_completed,R7,G00696,
20260908_023610_56ce16,1851,task_assigned,R3,G00590,
20260908_023610_56ce16,1851,task_assigned,R7,G00593,
20260908_023610_56ce16,1851,task_created,,G00703,type=PUTAWAY pickup=RECV dropoff=A-03
20260908_023610_56ce16,1855,task_created,,G00704,type=PICK pickup=F-06 dropoff=PICK-1
20260908_023610_56ce16,1855,task_created,,G00705,type=PACK pickup=PICK-3 dropoff=PACK-2
20260908_023610_56ce16,1855,task_assigned,R6,G00705,
20260908_023610_56ce16,1856,task_interrupted,R1,G00695,
20260908_023610_56ce16,1857,task_interrupted,R6,G00705,
20260908_023610_56ce16,1857,task_created,,G00706,type=SHIP pickup=STAGING dropoff=DOCK-1
20260908_023610_56ce16,1858,task_completed,R5,G00701,
20260908_023610_56ce16,1859,task_assigned,R5,G00695,
20260908_023610_56ce16,1859,task_created,,G00707,type=PUTAWAY pickup=RECV dropoff=G-04
20260908_023610_56ce16,1861,task_completed,R8,G00570,
20260908_023610_56ce16,1861,task_completed,R13,G00693,
20260908_023610_56ce16,1862,task_assigned,R8,G00705,
20260908_023610_56ce16,1862,task_assigned,R13,G00706,
20260908_023610_56ce16,1864,task_completed,R5,G00695,
20260908_023610_56ce16,1864,task_interrupted,R12,G00702,
20260908_023610_56ce16,1865,task_assigned,R5,G00702,
20260908_023610_56ce16,1865,task_assigned,R4,G00704,
20260908_023610_56ce16,1865,task_created,,G00708,type=PICK pickup=A-01 dropoff=PICK-1
20260908_023610_56ce16,1867,task_completed,R9,G00585,
20260908_023610_56ce16,1867,task_created,,G00709,type=PUTAWAY pickup=RECV dropoff=E-05
20260908_023610_56ce16,1867,task_created,,G00710,type=PACK pickup=PICK-3 dropoff=PACK-1
20260908_023610_56ce16,1868,task_interrupted,R2,G00700,
20260908_023610_56ce16,1868,task_assigned,R9,G00710,
20260908_023610_56ce16,1871,task_created,,G00711,type=SHIP pickup=STAGING dropoff=DOCK-2
20260908_023610_56ce16,1874,task_completed,R8,G00705,
20260908_023610_56ce16,1875,task_assigned,R8,G00711,
20260908_023610_56ce16,1875,task_created,,G00712,type=PUTAWAY pickup=RECV dropoff=D-08
20260908_023610_56ce16,1875,task_created,,G00713,type=PICK pickup=C-02 dropoff=PICK-1
20260908_023610_56ce16,1878,task_completed,R13,G00706,
20260908_023610_56ce16,1879,task_completed,R11,G00588,
20260908_023610_56ce16,1879,task_assigned,R13,G00700,
20260908_023610_56ce16,1879,task_created,,G00714,type=PACK pickup=PICK-3 dropoff=PACK-1
20260908_023610_56ce16,1882,task_completed,R10,G00698,
20260908_023610_56ce16,1882,task_completed,R8,G00711,
20260908_023610_56ce16,1883,task_assigned,R11,G00708,
20260908_023610_56ce16,1883,task_assigned,R10,G00713,
20260908_023610_56ce16,1883,task_assigned,R8,G00714,
20260908_023610_56ce16,1883,task_created,,G00715,type=PUTAWAY pickup=BUFFER dropoff=A-08
20260908_023610_56ce16,1885,task_created,,G00716,type=PICK pickup=H-01 dropoff=PICK-1
20260908_023610_56ce16,1885,task_created,,G00717,type=SHIP pickup=STAGING dropoff=DOCK-2
20260908_023610_56ce16,1886,task_assigned,R1,G00717,
20260908_023610_56ce16,1887,task_interrupted,R11,G00708,
20260908_023610_56ce16,1888,task_completed,R5,G00702,
20260908_023610_56ce16,1889,task_completed,R7,G00593,
20260908_023610_56ce16,1889,task_completed,R13,G00700,
20260908_023610_56ce16,1889,task_assigned,R5,G00708,
20260908_023610_56ce16,1890,task_assigned,R7,G00597,
20260908_023610_56ce16,1890,task_assigned,R13,G00716,
20260908_023610_56ce16,1891,task_created,,G00718,type=PUTAWAY pickup=BUFFER dropoff=E-06
20260908_023610_56ce16,1891,task_created,,G00719,type=PACK pickup=PICK-2 dropoff=PACK-2
20260908_023610_56ce16,1893,task_assigned,R12,G00600,
20260908_023610_56ce16,1893,task_assigned,R6,G00719,
20260908_023610_56ce16,1895,task_created,,G00720,type=PICK pickup=B-01 dropoff=PICK-3
20260908_023610_56ce16,1897,task_assigned,R2,G00720,
20260908_023610_56ce16,1898,task_interrupted,R10,G00713,
20260908_023610_56ce16,1899,task_interrupted,R8,G00714,
20260908_023610_56ce16,1899,task_created,,G00721,type=PUTAWAY pickup=BUFFER dropoff=D-01
20260908_023610_56ce16,1899,task_created,,G00722,type=SHIP pickup=STAGING dropoff=DOCK-1
20260908_023610_56ce16,1900,task_completed,R5,G00708,
20260908_023610_56ce16,1901,task_completed,R1,G00717,
20260908_023610_56ce16,1901,task_assigned,R5,G00722,
20260908_023610_56ce16,1902,task_completed,R4,G00704,
20260908_023610_56ce16,1902,task_assigned,R1,G00714,
20260908_023610_56ce16,1903,task_created,,G00723,type=PACK pickup=PICK-1 dropoff=PACK-1
20260908_023610_56ce16,1903,task_assigned,R4,G00723,
20260908_023610_56ce16,1905,task_created,,G00724,type=PICK pickup=F-07 dropoff=PICK-1
20260908_023610_56ce16,1907,task_created,,G00725,type=PUTAWAY pickup=RECV dropoff=B-02
20260908_023610_56ce16,1908,task_completed,R3,G00590,
20260908_023610_56ce16,1909,task_assigned,R3,G00713,
20260908_023610_56ce16,1912,task_completed,R4,G00723,
20260908_023610_56ce16,1913,task_created,,G00726,type=SHIP pickup=STAGING dropoff=DOCK-2
20260908_023610_56ce16,1913,task_assigned,R4,G00726,
20260908_023610_56ce16,1914,task_assigned,R11,G00724,
20260908_023610_56ce16,1915,task_created,,G00727,type=PUTAWAY pickup=BUFFER dropoff=F-06
20260908_023610_56ce16,1915,task_created,,G00728,type=PICK pickup=C-04 dropoff=PICK-1
20260908_023610_56ce16,1915,task_created,,G00729,type=PACK pickup=PICK-1 dropoff=PACK-1
20260908_023610_56ce16,1916,task_completed,R9,G00710,
20260908_023610_56ce16,1917,task_assigned,R9,G00729,
20260908_023610_56ce16,1919,task_completed,R12,G00600,
20260908_023610_56ce16,1919,task_completed,R4,G00726,
20260908_023610_56ce16,1920,task_assigned,R4,G00603,
20260908_023610_56ce16,1920,task_assigned,R12,G00728,
20260908_023610_56ce16,1921,task_completed,R6,G00719,
20260908_023610_56ce16,1922,task_assigned,R6,G00606,
20260908_023610_56ce16,1922,task_completed,R1,G00714,
20260908_023610_56ce16,1923,task_completed,R7,G00597,
20260908_023610_56ce16,1923,task_assigned,R1,G00608,
20260908_023610_56ce16,1923,task_created,,G00730,type=PUTAWAY pickup=RECV dropoff=F-03
20260908_023610_56ce16,1924,task_assigned,R7,G00612,
20260908_023610_56ce16,1924,task_completed,R3,G00713,
20260908_023610_56ce16,1925,task_created,,G00731,type=PICK pickup=D-05 dropoff=PICK-2
20260908_023610_56ce16,1925,task_assigned,R3,G00731,
20260908_023610_56ce16,1927,task_created,,G00732,type=PACK pickup=PICK-2 dropoff=PACK-1
20260908_023610_56ce16,1927,task_created,,G00733,type=SHIP pickup=STAGING dropoff=DOCK-2
20260908_023610_56ce16,1928,task_completed,R13,G00716,
20260908_023610_56ce16,1929,task_assigned,R13,G00733,
20260908_023610_56ce16,1930,task_interrupted,R9,G00729,
20260908_023610_56ce16,1931,task_created,,G00734,type=PUTAWAY pickup=BUFFER dropoff=H-08
20260908_023610_56ce16,1932,task_completed,R5,G00722,
20260908_023610_56ce16,1932,task_interrupted,R13,G00733,
20260908_023610_56ce16,1933,task_assigned,R5,G00729,
20260908_023610_56ce16,1933,task_assigned,R10,G00733,
20260908_023610_56ce16,1935,task_created,,G00735,type=PICK pickup=G-07 dropoff=PICK-3
20260908_023610_56ce16,1939,task_created,,G00736,type=PUTAWAY pickup=BUFFER dropoff=H-06
20260908_023610_56ce16,1939,task_created,,G00737,type=PACK pickup=PICK-3 dropoff=PACK-1
20260908_023610_56ce16,1940,task_assigned,R8,G00732,
20260908_023610_56ce16,1941,task_created,,G00738,type=SHIP pickup=STAGING dropoff=DOCK-1
20260908_023610_56ce16,1944,task_completed,R2,G00720,
20260908_023610_56ce16,1945,task_interrupted,R7,G00612,
20260908_023610_56ce16,1945,task_assigned,R2,G00738,
20260908_023610_56ce16,1945,task_created,,G00739,type=PICK pickup=F-02 dropoff=PICK-1
20260908_023610_56ce16,1947,task_completed,R1,G00608,
20260908_023610_56ce16,1947,task_created,,G00740,type=PUTAWAY pickup=RECV dropoff=G-05
20260908_023610_56ce16,1948,task_completed,R10,G00733,
20260908_023610_56ce16,1948,task_assigned,R1,G00737,
20260908_023610_56ce16,1949,task_completed,R11,G00724,
20260908_023610_56ce16,1949,task_assigned,R10,G00735,
20260908_023610_56ce16,1950,task_assigned,R11,G00739,
20260908_023610_56ce16,1951,task_completed,R5,G00729,
20260908_023610_56ce16,1951,task_created,,G00741,type=PACK pickup=PICK-3 dropoff=PACK-2
20260908_023610_56ce16,1952,task_assigned,R5,G00741,
20260908_023610_56ce16,1954,task_assigned,R9,G00612,
20260908_023610_56ce16,1955,task_completed,R4,G00603,
20260908_023610_56ce16,1955,task_created,,G00742,type=PUTAWAY pickup=BUFFER dropoff=G-04
20260908_023610_56ce16,1955,task_created,,G00743,type=PICK pickup=B-03 dropoff=PICK-1
20260908_023610_56ce16,1955,task_created,,G00744,type=SHIP pickup=STAGING dropoff=DOCK-2
20260908_023610_56ce16,1956,task_assigned,R4,G00743,
20260908_023610_56ce16,1956,task_assigned,R13,G00744,
20260908_023610_56ce16,1961,task_completed,R12,G00728,
20260908_023610_56ce16,1962,task_assigned,R12,G00615,
20260908_023610_56ce16,1963,task_created,,G00745,type=PUTAWAY pickup=BUFFER dropoff=F-08
20260908_023610_56ce16,1963,task_created,,G00746,type=PACK pickup=PICK-2 dropoff=PACK-1
20260908_023610_56ce16,1964,task_completed,R2,G00738,
20260908_023610_56ce16,1965,task_assigned,R2,G00746,
20260908_023610_56ce16,1965,task_created,,G00747,type=PICK pickup=G-06 dropoff=PICK-3
20260908_023610_56ce16,1966,task_completed,R4,G00743,
20260908_023610_56ce16,1967,task_assigned,R4,G00747,
20260908_023610_56ce16,1968,task_completed,R6,G00606,
20260908_023610_56ce16,1969,task_created,,G00748,type=SHIP pickup=STAGING dropoff=DOCK-2
20260908_023610_56ce16,1969,task_assigned,R6,G00748,
20260908_023610_56ce16,1971,task_completed,R8,G00732,
20260908_023610_56ce16,1971,task_created,,G00749,type=PUTAWAY pickup=RECV dropoff=H-02
20260908_023610_56ce16,1972,task_assigned,R8,G00618,
20260908_023610_56ce16,1974,task_completed,R5,G00741,
20260908_023610_56ce16,1975,task_completed,R11,G00739,
20260908_023610_56ce16,1975,task_completed,R13,G00744,
20260908_023610_56ce16,1975,task_created,,G00750,type=PICK pickup=E-07 dropoff=PICK-3
20260908_023610_56ce16,1975,task_created,,G00751,type=PACK pickup=PICK-3 dropoff=PACK-2
20260908_023610_56ce16,1975,task_assigned,R5,G00751,
20260908_023610_56ce16,1976,task_assigned,R11,G00621,
20260908_023610_56ce16,1976,task_assigned,R13,G00750,
20260908_023610_56ce16,1977,task_assigned,R7,G00624,
20260908_023610_56ce16,1979,task_completed,R3,G00731,
20260908_023610_56ce16,1979,task_completed,R2,G00746,
20260908_023610_56ce16,1979,task_created,,G00752,type=PUTAWAY pickup=BUFFER dropoff=E-04
20260908_023610_56ce16,1980,task_assigned,R2,G00627,
20260908_023610_56ce16,1980,task_assigned,R3,G00630,
20260908_023610_56ce16,1983,task_created,,G00753,type=SHIP pickup=STAGING dropoff=DOCK-2
20260908_023610_56ce16,1985,task_completed,R1,G00737,
20260908_023610_56ce16,1985,task_created,,G00754,type=PICK pickup=D-06 dropoff=PICK-1
20260908_023610_56ce16,1986,task_assigned,R1,G00753,
20260908_023610_56ce16,1987,task_completed,R10,G00735,
20260908_023610_56ce16,1987,task_created,,G00755,type=PUTAWAY pickup=BUFFER dropoff=F-03
20260908_023610_56ce16,1987,task_created,,G00756,type=PACK pickup=PICK-3 dropoff=PACK-1
20260908_023610_56ce16,1988,task_assigned,R10,G00756,
20260908_023610_56ce16,1990,task_completed,R4,G00747,
20260908_023610_56ce16,1991,task_completed,R9,G00612,
20260908_023610_56ce16,1991,task_completed,R6,G00748,
20260908_023610_56ce16,1991,task_assigned,R4,G00754,
20260908_023610_56ce16,1992,task_completed,R12,G00615,
20260908_023610_56ce16,1992,task_assigned,R9,G00634,
20260908_023610_56ce16,1992,task_assigned,R6,G00635,
20260908_023610_56ce16,1992,task_completed,R5,G00751,
20260908_023610_56ce16,1993,task_assigned,R12,G00639,
20260908_023610_56ce16,1993,task_assigned,R5,G00643,
20260908_023610_56ce16,1994,task_completed,R1,G00753,
20260908_023610_56ce16,1995,task_created,,G00757,type=PUTAWAY pickup=RECV dropoff=B-04
20260908_023610_56ce16,1995,task_created,,G00758,type=PICK pickup=A-03 dropoff=PICK-2
20260908_023610_56ce16,1995,task_assigned,R1,G00758,
20260908_023610_56ce16,1997,task_created,,G00759,type=SHIP pickup=STAGING dropoff=DOCK-2
20260908_023610_56ce16,1999,task_created,,G00760,type=PACK pickup=PICK-1 dropoff=PACK-1
20260908_023610_56ce16,2001,task_completed,R10,G00756,
20260908_023610_56ce16,2002,task_assigned,R10,G00759,
20260908_023610_56ce16,2003,task_completed,R8,G00618,
20260908_023610_56ce16,2003,task_created,,G00761,type=PUTAWAY pickup=BUFFER dropoff=B-08
20260908_023610_56ce16,2004,task_assigned,R8,G00760,
20260908_023610_56ce16,2005,task_created,,G00762,type=PICK pickup=C-08 dropoff=PICK-3
20260908_023610_56ce16,2008,task_completed,R11,G00621,
20260908_023610_56ce16,2008,task_completed,R10,G00759,
20260908_023610_56ce16,2009,task_assigned,R10,G00645,
20260908_023610_56ce16,2009,task_assigned,R11,G00762,
20260908_023610_56ce16,2011,task_created,,G00763,type=PUTAWAY pickup=BUFFER dropoff=F-07
20260908_023610_56ce16,2011,task_created,,G00764,type=PACK pickup=PICK-1 dropoff=PACK-2
20260908_023610_56ce16,2011,task_created,,G00765,type=SHIP pickup=STAGING dropoff=DOCK-2
20260908_023610_56ce16,2013,task_completed,R7,G00624,
20260908_023610_56ce16,2014,task_assigned,R7,G00765,
20260908_023610_56ce16,2015,task_created,,G00766,type=PICK pickup=H-02 dropoff=PICK-2
20260908_023610_56ce16,2018,task_completed,R9,G00634,
20260908_023610_56ce16,2018,task_completed,R11,G00762,
20260908_023610_56ce16,2019,task_completed,R13,G00750,
20260908_023610_56ce16,2019,task_assigned,R9,G00764,
20260908_023610_56ce16,2019,task_assigned,R11,G00766,
20260908_023610_56ce16,2019,task_created,,G00767,type=PUTAWAY pickup=RECV dropoff=C-02
20260908_023610_56ce16,2020,task_completed,R2,G00627,
20260908_023610_56ce16,2020,task_assigned,R13,G00649,
20260908_023610_56ce16,2021,task_assigned,R2,G00651,
20260908_023610_56ce16,2023,task_created,,G00768,type=PACK pickup=PICK-2 dropoff=PACK-2
20260908_023610_56ce16,2025,task_created,,G00769,type=PICK pickup=F-04 dropoff=PICK-3
20260908_023610_56ce16,2025,task_created,,G00770,type=SHIP pickup=STAGING dropoff=DOCK-1
20260908_023610_56ce16,2027,task_completed,R1,G00758,
20260908_023610_56ce16,2027,task_created,,G00771,type=PUTAWAY pickup=RECV dropoff=H-01
20260908_023610_56ce16,2028,task_assigned,R1,G00770,
20260908_023610_56ce16,2033,task_completed,R12,G00639,
20260908_023610_56ce16,2033,task_completed,R7,G00765,
20260908_023610_56ce16,2034,task_assigned,R7,G00768,
20260908_023610_56ce16,2034,task_assigned,R12,G00769,
20260908_023610_56ce16,2035,task_completed,R3,G00630,
20260908_023610_56ce16,2035,task_created,,G00772,type=PUTAWAY pickup=RECV dropoff=D-08
20260908_023610_56ce16,2035,task_created,,G00773,type=PICK pickup=B-06 dropoff=PICK-2
20260908_023610_56ce16,2035,task_created,,G00774,type=PACK pickup=PICK-2 dropoff=PACK-2
20260908_023610_56ce16,2036,task_assigned,R3,G00774,
20260908_023610_56ce16,2038,task_completed,R4,G00754,
20260908_023610_56ce16,2038,task_completed,R1,G00770,
20260908_023610_56ce16,2039,task_assigned,R4,G00773,
20260908_023610_56ce16,2039,task_created,,G00775,type=SHIP pickup=STAGING dropoff=DOCK-2
20260908_023610_56ce16,2039,task_assigned,R1,G00775,
20260908_023610_56ce16,2042,task_completed,R11,G00766,
20260908_023610_56ce16,2043,task_assigned,R11,G00654,
20260908_023610_56ce16,2043,task_completed,R8,G00760,
20260908_023610_56ce16,2043,task_created,,G00776,type=PUTAWAY pickup=RECV dropoff=A-05
20260908_023610_56ce16,2044,task_assigned,R8,G00657,
20260908_023610_56ce16,2044,task_completed,R1,G00775,
20260908_023610_56ce16,2045,task_created,,G00777,type=PICK pickup=F-06 dropoff=PICK-3
20260908_023610_56ce16,2045,task_assigned,R1,G00777,
20260908_023610_56ce16,2047,task_completed,R5,G00643,
20260908_023610_56ce16,2047,task_created,,G00778,type=PACK pickup=PICK-2 dropoff=PACK-1
20260908_023610_56ce16,2048,task_assigned,R5,G00778,
20260908_023610_56ce16,2050,task_completed,R13,G00649,
20260908_023610_56ce16,2050,task_completed,R7,G00768,
20260908_023610_56ce16,2051,task_assigned,R7,G00661,
20260908_023610_56ce16,2051,task_assigned,R13,G00664,
20260908_023610_56ce16,2051,task_created,,G00779,type=PUTAWAY pickup=RECV dropoff=H-08
20260908_023610_56ce16,2053,task_created,,G00780,type=SHIP pickup=STAGING dropoff=DOCK-1
20260908_023610_56ce16,2054,task_completed,R3,G00774,
20260908_023610_56ce16,2055,task_assigned,R3,G00780,
20260908_023610_56ce16,2055,task_created,,G00781,type=PICK pickup=C-07 dropoff=PICK-2
20260908_023610_56ce16,2058,task_completed,R9,G00764,
20260908_023610_56ce16,2058,task_completed,R4,G00773,
20260908_023610_56ce16,2059,task_assigned,R4,G00781,
20260908_023610_56ce16,2059,task_created,,G00782,type=PUTAWAY pickup=RECV dropoff=C-07
20260908_023610_56ce16,2059,task_created,,G00783,type=PACK pickup=PICK-3 dropoff=PACK-2
20260908_023610_56ce16,2059,task_assigned,R9,G00783,
20260908_023610_56ce16,2060,task_completed,R6,G00635,
20260908_023610_56ce16,2061,task_assigned,R6,G00666,
20260908_023610_56ce16,2062,task_completed,R3,G00780,
20260908_023610_56ce16,2065,task_completed,R10,G00645,
20260908_023610_56ce16,2065,task_created,,G00784,type=PICK pickup=B-07 dropoff=PICK-2
20260908_023610_56ce16,2065,task_assigned,R3,G00784,
20260908_023610_56ce16,2066,task_assigned,R10,G00670,
20260908_023610_56ce16,2066,task_interrupted,R3,G00784,
20260908_023610_56ce16,2067,task_created,,G00785,type=PUTAWAY pickup=RECV dropoff=B-07
20260908_023610_56ce16,2067,task_created,,G00786,type=SHIP pickup=STAGING dropoff=DOCK-1
20260908_023610_56ce16,2068,task_completed,R11,G00654,
20260908_023610_56ce16,2069,task_completed,R5,G00778,
20260908_023610_56ce16,2069,task_assigned,R11,G00786,
20260908_023610_56ce16,2071,task_created,,G00787,type=PACK pickup=PICK-2 dropoff=PACK-1
20260908_023610_56ce16,2075,task_created,,G00788,type=PUTAWAY pickup=RECV dropoff=H-04
20260908_023610_56ce16,2075,task_created,,G00789,type=PICK pickup=B-04 dropoff=PICK-1
20260908_023610_56ce16,2076,task_completed,R4,G00781,
20260908_023610_56ce16,2077,task_assigned,R4,G00787,
20260908_023610_56ce16,2078,task_completed,R9,G00783,
20260908_023610_56ce16,2078,task_interrupted,R4,G00787,
20260908_023610_56ce16,2079,task_assigned,R9,G00787,
20260908_023610_56ce16,2080,task_completed,R12,G00769,
20260908_023610_56ce16,2081,task_created,,G00790,type=SHIP pickup=STAGING dropoff=DOCK-2
20260908_023610_56ce16,2081,task_assigned,R12,G00790,
20260908_023610_56ce16,2082,task_completed,R2,G00651,
20260908_023610_56ce16,2082,task_completed,R1,G00777,
20260908_023610_56ce16,2083,task_assigned,R1,G00784,
20260908_023610_56ce16,2083,task_created,,G00791,type=PUTAWAY pickup=RECV dropoff=F-05
20260908_023610_56ce16,2083,task_created,,G00792,type=PACK pickup=PICK-2 dropoff=PACK-1
20260908_023610_56ce16,2083,task_assigned,R2,G00792,
20260908_023610_56ce16,2084,task_assigned,R3,G00789,
20260908_023610_56ce16,2085,task_created,,G00793,type=PICK pickup=B-08 dropoff=PICK-3
20260908_023610_56ce16,2089,task_completed,R8,G00657,
20260908_023610_56ce16,2090,task_assigned,R8,G00793,
20260908_023610_56ce16,2091,task_completed,R9,G00787,
20260908_023610_56ce16,2091,task_created,,G00794,type=PUTAWAY pickup=RECV dropoff=C-07
20260908_023610_56ce16,2092,task_assigned,R9,G00672,
20260908_023610_56ce16,2093,task_assigned,R5,G00676,
20260908_023610_56ce16,2094,task_completed,R11,G00786,
20260908_023610_56ce16,2095,task_completed,R2,G00792,
20260908_023610_56ce16,2095,task_created,,G00795,type=PICK pickup=C-04 dropoff=PICK-1
20260908_023610_56ce16,2095,task_created,,G00796,type=PACK pickup=PICK-2 dropoff=PACK-2
20260908_023610_56ce16,2095,task_created,,G00797,type=SHIP pickup=STAGING dropoff=DOCK-1
20260908_023610_56ce16,2095,task_assigned,R11,G00797,
20260908_023610_56ce16,2096,task_assigned,R2,G00796,
20260908_023610_56ce16,2097,task_completed,R12,G00790,
20260908_023610_56ce16,2098,task_assigned,R12,G00795,
20260908_023610_56ce16,2099,task_created,,G00798,type=PUTAWAY pickup=BUFFER dropoff=A-02
20260908_023610_56ce16,2101,task_completed,R11,G00797,
20260908_023610_56ce16,2102,task_assigned,R11,G00679,
20260908_023610_56ce16,2105,task_completed,R13,G00664,
20260908_023610_56ce16,2105,task_created,,G00799,type=PICK pickup=D-05 dropoff=PICK-2
20260908_023610_56ce16,2106,task_assigned,R13,G00681,
20260908_023610_56ce16,2106,task_assigned,R4,G00799,
20260908_023610_56ce16,2107,task_created,,G00800,type=PUTAWAY pickup=BUFFER dropoff=E-08
20260908_023610_56ce16,2107,task_created,,G00801,type=PACK pickup=PICK-3 dropoff=PACK-2
20260908_023610_56ce16,2108,task_completed,R2,G00796,
20260908_023610_56ce16,2109,task_completed,R1,G00784,
20260908_023610_56ce16,2109,task_created,,G00802,type=SHIP pickup=STAGING dropoff=DOCK-2
20260908_023610_56ce16,2109,task_assigned,R2,G00802,
20260908_023610_56ce16,2110,task_assigned,R1,G00801,
20260908_023610_56ce16,2111,task_interrupted,R12,G00795,
20260908_023610_56ce16,2115,task_created,,G00803,type=PUTAWAY pickup=BUFFER dropoff=B-03
20260908_023610_56ce16,2115,task_created,,G00804,type=PICK pickup=F-03 dropoff=PICK-3
20260908_023610_56ce16,2116,task_interrupted,R1,G00801,
20260908_023610_56ce16,2116,task_completed,R2,G00802,
20260908_023610_56ce16,2117,task_assigned,R2,G00801,
20260908_023610_56ce16,2118,task_interrupted,R2,G00801,
20260908_023610_56ce16,2119,task_created,,G00805,type=PACK pickup=PICK-1 dropoff=PACK-1
20260908_023610_56ce16,2122,task_completed,R3,G00789,
20260908_023610_56ce16,2122,task_completed,R8,G00793,
20260908_023610_56ce16,2123,task_assigned,R8,G00801,
20260908_023610_56ce16,2123,task_created,,G00806,type=PUTAWAY pickup=BUFFER dropoff=A-05
20260908_023610_56ce16,2123,task_created,,G00807,type=SHIP pickup=STAGING dropoff=DOCK-2
20260908_023610_56ce16,2123,task_assigned,R3,G00807,
20260908_023610_56ce16,2125,task_created,,G00808,type=PICK pickup=D-08 dropoff=PICK-1
20260908_023610_56ce16,2126,task_completed,R10,G00670,
20260908_023610_56ce16,2127,task_assigned,R10,G00805,
20260908_023610_56ce16,2131,task_completed,R8,G00801,
20260908_023610_56ce16,2131,task_created,,G00809,type=PUTAWAY pickup=BUFFER dropoff=C-02
20260908_023610_56ce16,2131,task_created,,G00810,type=PACK pickup=PICK-1 dropoff=PACK-2
20260908_023610_56ce16,2132,task_assigned,R8,G00810,
20260908_023610_56ce16,2134,task_completed,R11,G00679,
20260908_023610_56ce16,2135,task_created,,G00811,type=PICK pickup=C-02 dropoff=PICK-1
20260908_023610_56ce16,2136,task_completed,R5,G00676,
20260908_023610_56ce16,2137,task_created,,G00812,type=SHIP pickup=STAGING dropoff=DOCK-2
20260908_023610_56ce16,2137,task_assigned,R5,G00812,
20260908_023610_56ce16,2139,task_completed,R3,G00807,
20260908_023610_56ce16,2139,task_created,,G00813,type=PUTAWAY pickup=RECV dropoff=B-08
20260908_023610_56ce16,2140,task_completed,R9,G00672,
20260908_023610_56ce16,2140,task_assigned,R3,G00795,
20260908_023610_56ce16,2140,task_assigned,R11,G00804,
20260908_023610_56ce16,2141,task_assigned,R9,G00808,
20260908_023610_56ce16,2143,task_interrupted,R11,G00804,
20260908_023610_56ce16,2143,task_created,,G00814,type=PACK pickup=PICK-1 dropoff=PACK-1
20260908_023610_56ce16,2144,task_completed,R7,G00661,
20260908_023610_56ce16,2144,task_completed,R13,G00681,
20260908_023610_56ce16,2145,task_completed,R6,G00666,
20260908_023610_56ce16,2145,task_assigned,R7,G00804,
20260908_023610_56ce16,2145,task_completed,R10,G00805,
20260908_023610_56ce16,2145,task_assigned,R13,G00811,
20260908_023610_56ce16,2145,task_assigned,R2,G00814,
20260908_023610_56ce16,2145,task_created,,G00815,type=PICK pickup=A-08 dropoff=PICK-3
20260908_023610_56ce16,2147,task_created,,G00816,type=PUTAWAY pickup=BUFFER dropoff=B-05
20260908_023610_56ce16,2150,task_completed,R4,G00799,
20260908_023610_56ce16,2150,task_assigned,R12,G00815,
20260908_023610_56ce16,2151,task_created,,G00817,type=SHIP pickup=STAGING dropoff=DOCK-2
20260908_023610_56ce16,2151,task_assigned,R4,G00817,
20260908_023610_56ce16,2154,task_assigned,R1,G00685,
20260908_023610_56ce16,2154,task_assigned,R10,G00688,
20260908_023610_56ce16,2155,task_created,,G00818,type=PUTAWAY pickup=BUFFER dropoff=G-06
20260908_023610_56ce16,2155,task_created,,G00819,type=PICK pickup=G-01 dropoff=PICK-2
20260908_023610_56ce16,2155,task_created,,G00820,type=PACK pickup=PICK-1 dropoff=PACK-2
20260908_023610_56ce16,2159,task_completed,R4,G00817,
20260908_023610_56ce16,2160,task_interrupted,R10,G00688,
20260908_023610_56ce16,2160,task_assigned,R4,G00820,
20260908_023610_56ce16,2162,task_completed,R8,G00810,
20260908_023610_56ce16,2163,task_assigned,R8,G00819,
20260908_023610_56ce16,2163,task_created,,G00821,type=PUTAWAY pickup=RECV dropoff=D-07
20260908_023610_56ce16,2164,task_interrupted,R8,G00819,
20260908_023610_56ce16,2165,task_completed,R7,G00804,
20260908_023610_56ce16,2165,task_created,,G00822,type=PICK pickup=B-03 dropoff=PICK-2
20260908_023610_56ce16,2165,task_created,,G00823,type=SHIP pickup=STAGING dropoff=DOCK-2
20260908_023610_56ce16,2165,task_assigned,R11,G00823,
20260908_023610_56ce16,2166,task_completed,R5,G00812,
20260908_023610_56ce16,2166,task_assigned,R7,G00819,
20260908_023610_56ce16,2167,task_created,,G00824,type=PACK pickup=PICK-1 dropoff=PACK-1
20260908_023610_56ce16,2167,task_assigned,R5,G00824,
20260908_023610_56ce16,2169,task_completed,R2,G00814,
20260908_023610_56ce16,2170,task_assigned,R2,G00822,
20260908_023610_56ce16,2171,task_created,,G00825,type=PUTAWAY pickup=BUFFER dropoff=C-02
20260908_023610_56ce16,2175,task_created,,G00826,type=PICK pickup=G-04 dropoff=PICK-1
20260908_023610_56ce16,2179,task_created,,G00827,type=PUTAWAY pickup=BUFFER dropoff=B-03
20260908_023610_56ce16,2179,task_created,,G00828,type=PACK pickup=PICK-1 dropoff=PACK-1
20260908_023610_56ce16,2179,task_created,,G00829,type=SHIP pickup=STAGING dropoff=DOCK-2
20260908_023610_56ce16,2180,task_assigned,R10,G00688,
20260908_023610_56ce16,2182,task_completed,R3,G00795,
20260908_023610_56ce16,2182,task_completed,R11,G00823,
20260908_023610_56ce16,2183,task_assigned,R3,G00828,
20260908_023610_56ce16,2183,task_assigned,R11,G00829,
20260908_023610_56ce16,2184,task_interrupted,R9,G00808,
20260908_023610_56ce16,2185,task_created,,G00830,type=PICK pickup=A-05 dropoff=PICK-3
20260908_023610_56ce16,2187,task_created,,G00831,type=PUTAWAY pickup=RECV dropoff=D-02
20260908_023610_56ce16,2188,task_completed,R11,G00829,
20260908_023610_56ce16,2189,task_assigned,R11,G00808,
20260908_023610_56ce16,2190,task_completed,R1,G00685,
20260908_023610_56ce16,2190,task_completed,R2,G00822,
20260908_023610_56ce16,2191,task_interrupted,R13,G00811,
20260908_023610_56ce16,2191,task_completed,R7,G00819,
20260908_023610_56ce16,2191,task_completed,R4,G00820,
20260908_023610_56ce16,2191,task_assigned,R2,G00826,
20260908_023610_56ce16,2191,task_assigned,R8,G00830,
20260908_023610_56ce16,2191,task_created,,G00832,type=PACK pickup=PICK-3 dropoff=PACK-2
20260908_023610_56ce16,2191,task_assigned,R1,G00832,
20260908_023610_56ce16,2192,task_assigned,R4,G00811,
20260908_023610_56ce16,2193,task_completed,R5,G00824,
20260908_023610_56ce16,2193,task_created,,G00833,type=SHIP pickup=STAGING dropoff=DOCK-2
20260908_023610_56ce16,2193,task_assigned,R7,G00833,
20260908_023610_56ce16,2194,task_assigned,R5,G00691,
20260908_023610_56ce16,2195,task_created,,G00834,type=PUTAWAY pickup=RECV dropoff=E-03
20260908_023610_56ce16,2195,task_created,,G00835,type=PICK pickup=H-03 dropoff=PICK-3
20260908_023610_56ce16,2196,task_completed,R12,G00815,
20260908_023610_56ce16,2196,task_completed,R3,G00828,
20260908_023610_56ce16,2197,task_assigned,R3,G00694,
20260908_023610_56ce16,2197,task_assigned,R12,G00835,
20260908_023610_56ce16,2199,task_assigned,R6,G00697,
20260908_023610_56ce16,2201,task_completed,R7,G00833,
20260908_023610_56ce16,2203,task_created,,G00836,type=PUTAWAY pickup=RECV dropoff=B-05
20260908_023610_56ce16,2203,task_created,,G00837,type=PACK pickup=PICK-3 dropoff=PACK-1
20260908_023610_56ce16,2205,task_created,,G00838,type=PICK pickup=H-02 dropoff=PICK-2
20260908_023610_56ce16,2207,task_created,,G00839,type=SHIP pickup=STAGING dropoff=DOCK-2
20260908_023610_56ce16,2207,task_interrupted,,G00839,
20260908_023610_56ce16,2208,task_completed,R4,G00811,
20260908_023610_56ce16,2208,task_completed,R1,G00832,
20260908_023610_56ce16,2209,task_assigned,R4,G00837,
20260908_023610_56ce16,2209,task_assigned,R1,G00839,
20260908_023610_56ce16,2211,task_created,,G00840,type=PUTAWAY pickup=BUFFER dropoff=H-05
20260908_023610_56ce16,2214,task_completed,R12,G00835,
20260908_023610_56ce16,2215,task_completed,R11,G00808,
20260908_023610_56ce16,2215,task_assigned,R12,G00838,
20260908_023610_56ce16,2215,task_created,,G00841,type=PICK pickup=B-04 dropoff=PICK-2
20260908_023610_56ce16,2215,task_created,,G00842,type=PACK pickup=PICK-1 dropoff=PACK-2
20260908_023610_56ce16,2215,task_assigned,R13,G00842,
20260908_023610_56ce16,2216,task_completed,R1,G00839,
20260908_023610_56ce16,2216,task_assigned,R11,G00841,
20260908_023610_56ce16,2217,task_assigned,R1,G00699,
20260908_023610_56ce16,2218,task_completed,R2,G00826,
20260908_023610_56ce16,2219,task_assigned,R2,G00703,
20260908_023610_56ce16,2219,task_created,,G00843,type=PUTAWAY pickup=BUFFER dropoff=G-03
20260908_023610_56ce16,2221,task_created,,G00844,type=SHIP pickup=STAGING dropoff=DOCK-1
20260908_023610_56ce16,2224,task_assigned,R9,G00844,
20260908_023610_56ce16,2225,task_created,,G00845,type=PICK pickup=H-03 dropoff=PICK-2
20260908_023610_56ce16,2226,task_completed,R10,G00688,
20260908_023610_56ce16,2227,task_created,,G00846,type=PUTAWAY pickup=BUFFER dropoff=G-07
20260908_023610_56ce16,2227,task_created,,G00847,type=PACK pickup=PICK-3 dropoff=PACK-1
20260908_023610_56ce16,2227,task_assigned,R10,G00847,
20260908_023610_56ce16,2231,task_assigned,R7,G00845,
20260908_023610_56ce16,2235,task_created,,G00848,type=PUTAWAY pickup=RECV dropoff=F-01
20260908_023610_56ce16,2235,task_created,,G00849,type=PICK pickup=H-07 dropoff=PICK-3
20260908_023610_56ce16,2235,task_created,,G00850,type=SHIP pickup=STAGING dropoff=DOCK-2
20260908_023610_56ce16,2237,task_completed,R8,G00830,
20260908_023610_56ce16,2238,task_completed,R6,G00697,
20260908_023610_56ce16,2238,task_assigned,R8,G00850,
20260908_023610_56ce16,2239,task_completed,R2,G00703,
20260908_023610_56ce16,2239,task_created,,G00851,type=PACK pickup=PICK-1 dropoff=PACK-1
20260908_023610_56ce16,2239,task_assigned,R6,G00851,
20260908_023610_56ce16,2240,task_completed,R9,G00844,
20260908_023610_56ce16,2240,task_assigned,R2,G00849,
20260908_023610_56ce16,2241,task_assigned,R9,G00707,
20260908_023610_56ce16,2241,task_completed,R4,G00837,
20260908_023610_56ce16,2241,task_completed,R12,G00838,
20260908_023610_56ce16,2242,task_completed,R3,G00694,
20260908_023610_56ce16,2242,task_assigned,R12,G00709,
20260908_023610_56ce16,2242,task_assigned,R4,G00712,
20260908_023610_56ce16,2243,task_assigned,R3,G00715,
20260908_023610_56ce16,2243,task_created,,G00852,type=PUTAWAY pickup=RECV dropoff=H-05
20260908_023610_56ce16,2244,task_completed,R5,G00691,
20260908_023610_56ce16,2245,task_completed,R13,G00842,
20260908_023610_56ce16,2245,task_created,,G00853,type=PICK pickup=C-07 dropoff=PICK-1
20260908_023610_56ce16,2245,task_assigned,R5,G00853,
20260908_023610_56ce16,2246,task_assigned,R13,G00718,
20260908_023610_56ce16,2249,task_completed,R11,G00841,
20260908_023610_56ce16,2249,task_created,,G00854,type=SHIP pickup=STAGING dropoff=DOCK-2
20260908_023610_56ce16,2250,task_assigned,R11,G00854,
20260908_023610_56ce16,2251,task_created,,G00855,type=PUTAWAY pickup=BUFFER dropoff=B-03
20260908_023610_56ce16,2251,task_created,,G00856,type=PACK pickup=PICK-3 dropoff=PACK-1
20260908_023610_56ce16,2253,task_completed,R1,G00699,
20260908_023610_56ce16,2254,task_completed,R8,G00850,
20260908_023610_56ce16,2254,task_assigned,R1,G00856,
20260908_023610_56ce16,2255,task_created,,G00857,type=PICK pickup=E-04 dropoff=PICK-2
20260908_023610_56ce16,2255,task_assigned,R8,G00857,
20260908_023610_56ce16,2259,task_created,,G00858,type=PUTAWAY pickup=RECV dropoff=A-08
20260908_023610_56ce16,2260,task_completed,R11,G00854,
20260908_023610_56ce16,2261,task_assigned,R11,G00721,
20260908_023610_56ce16,2262,task_completed,R10,G00847,
20260908_023610_56ce16,2263,task_created,,G00859,type=PACK pickup=PICK-1 dropoff=PACK-1
20260908_023610_56ce16,2263,task_created,,G00860,type=SHIP pickup=STAGING dropoff=DOCK-2
20260908_023610_56ce16,2263,task_assigned,R10,G00860,
20260908_023610_56ce16,2264,task_completed,R12,G00709,
20260908_023610_56ce16,2265,task_assigned,R12,G00859,
20260908_023610_56ce16,2265,task_created,,G00861,type=PICK pickup=G-06 dropoff=PICK-1
20260908_023610_56ce16,2266,task_completed,R5,G00853,
20260908_023610_56ce16,2267,task_assigned,R5,G00861,
20260908_023610_56ce16,2267,task_created,,G00862,type=PUTAWAY pickup=RECV dropoff=H-06
20260908_023610_56ce16,2270,task_completed,R6,G00851,
20260908_023610_56ce16,2271,task_assigned,R6,G00725,
20260908_023610_56ce16,2271,task_completed,R10,G00860,
20260908_023610_56ce16,2272,task_assigned,R10,G00727,
20260908_023610_56ce16,2275,task_created,,G00863,type=PUTAWAY pickup=BUFFER dropoff=B-02
20260908_023610_56ce16,2275,task_created,,G00864,type=PICK pickup=F-08 dropoff=PICK-3
20260908_023610_56ce16,2275,task_created,,G00865,type=PACK pickup=PICK-1 dropoff=PACK-2
20260908_023610_56ce16,2277,task_created,,G00866,type=SHIP pickup=STAGING dropoff=DOCK-1
20260908_023610_56ce16,2282,task_completed,R13,G00718,
20260908_023610_56ce16,2282,task_completed,R12,G00859,
20260908_023610_56ce16,2283,task_completed,R7,G00845,
20260908_023610_56ce16,2283,task_assigned,R12,G00865,
20260908_023610_56ce16,2283,task_assigned,R13,G00866,
20260908_023610_56ce16,2283,task_created,,G00867,type=PUTAWAY pickup=RECV dropoff=H-02
20260908_023610_56ce16,2284,task_assigned,R7,G00864,
20260908_023610_56ce16,2285,task_created,,G00868,type=PICK pickup=F-06 dropoff=PICK-2
20260908_023610_56ce16,2287,task_completed,R8,G00857,
20260908_023610_56ce16,2287,task_created,,G00869,type=PACK pickup=PICK-1 dropoff=PACK-2
20260908_023610_56ce16,2288,task_completed,R2,G00849,
20260908_023610_56ce16,2288,task_assigned,R8,G00869,
20260908_023610_56ce16,2289,task_completed,R3,G00715,
20260908_023610_56ce16,2289,task_assigned,R2,G00868,
20260908_023610_56ce16,2290,task_assigned,R3,G00730,
20260908_023610_56ce16,2291,task_created,,G00870,type=PUTAWAY pickup=BUFFER dropoff=C-01
20260908_023610_56ce16,2291,task_created,,G00871,type=SHIP pickup=STAGING dropoff=DOCK-1
20260908_023610_56ce16,2292,task_completed,R9,G00707,
20260908_023610_56ce16,2293,task_assigned,R9,G00871,
20260908_023610_56ce16,2295,task_created,,G00872,type=PICK pickup=G-08 dropoff=PICK-3
20260908_023610_56ce16,2296,task_completed,R4,G00712,
20260908_023610_56ce16,2297,task_completed,R11,G00721,
20260908_023610_56ce16,2297,task_completed,R1,G00856,
20260908_023610_56ce16,2297,task_assigned,R4,G00872,
20260908_023610_56ce16,2298,task_interrupted,R3,G00730,
20260908_023610_56ce16,2298,task_assigned,R11,G00734,
20260908_023610_56ce16,2298,task_assigned,R1,G00736,
20260908_023610_56ce16,2299,task_completed,R5,G00861,
20260908_023610_56ce16,2299,task_created,,G00873,type=PUTAWAY pickup=RECV dropoff=A-06
20260908_023610_56ce16,2299,task_created,,G00874,type=PACK pickup=PICK-1 dropoff=PACK-1
20260908_023610_56ce16,2300,task_assigned,R5,G00874,
20260908_023610_56ce16,2301,task_completed,R10,G00727,
20260908_023610_56ce16,2302,task_assigned,R10,G00730,
20260908_023610_56ce16,2302,task_completed,R7,G00864,
20260908_023610_56ce16,2303,task_assigned,R7,G00740,
20260908_023610_56ce16,2305,task_created,,G00875,type=PICK pickup=H-02 dropoff=PICK-3
20260908_023610_56ce16,2305,task_created,,G00876,type=SHIP pickup=STAGING dropoff=DOCK-1
20260908_023610_56ce16,2306,task_completed,R6,G00725,
20260908_023610_56ce16,2306,task_interrupted,R5,G00874,
20260908_023610_56ce16,2307,task_assigned,R6,G00876,
20260908_023610_56ce16,2307,task_created,,G00877,type=PUTAWAY pickup=RECV dropoff=D-02
20260908_023610_56ce16,2308,task_completed,R13,G00866,
20260908_023610_56ce16,2309,task_completed,R12,G00865,
20260908_023610_56ce16,2309,task_assigned,R13,G00874,
20260908_023610_56ce16,2310,task_assigned,R12,G00875,
20260908_023610_56ce16,2311,task_created,,G00878,type=PACK pickup=PICK-1 dropoff=PACK-2
20260908_023610_56ce16,2312,task_completed,R8,G00869,
20260908_023610_56ce16,2312,task_completed,R9,G00871,
20260908_023610_56ce16,2313,task_assigned,R8,G00742,
20260908_023610_56ce16,2313,task_assigned,R9,G00878,
20260908_023610_56ce16,2315,task_created,,G00879,type=PUTAWAY pickup=RECV dropoff=C-04
20260908_023610_56ce16,2315,task_created,,G00880,type=PICK pickup=G-03 dropoff=PICK-2
20260908_023610_56ce16,2317,task_completed,R13,G00874,
20260908_023610_56ce16,2318,task_assigned,R13,G00880,
20260908_023610_56ce16,2319,task_completed,R2,G00868,
20260908_023610_56ce16,2319,task_created,,G00881,type=SHIP pickup=STAGING dropoff=DOCK-1
20260908_023610_56ce16,2320,task_assigned,R2,G00881,
20260908_023610_56ce16,2321,task_interrupted,R4,G00872,
20260908_023610_56ce16,2322,task_completed,R6,G00876,
20260908_023610_56ce16,2323,task_created,,G00882,type=PUTAWAY pickup=RECV dropoff=F-06
20260908_023610_56ce16,2323,task_created,,G00883,type=PACK pickup=PICK-2 dropoff=PACK-2
20260908_023610_56ce16,2323,task_assigned,R6,G00883,
20260908_023610_56ce16,2325,task_completed,R11,G00734,
20260908_023610_56ce16,2325,task_created,,G00884,type=PICK pickup=D-06 dropoff=PICK-1
20260908_023610_56ce16,2326,task_assigned,R11,G00872,
20260908_023610_56ce16,2328,task_completed,R2,G00881,
20260908_023610_56ce16,2329,task_assigned,R2,G00745,
20260908_023610_56ce16,2329,task_assigned,R3,G00884,
20260908_023610_56ce16,2330,task_completed,R10,G00730,
20260908_023610_56ce16,2331,task_assigned,R5,G00749,
20260908_023610_56ce16,2331,task_assigned,R10,G00752,
20260908_023610_56ce16,2331,task_created,,G00885,type=PUTAWAY pickup=BUFFER dropoff=D-04
20260908_023610_56ce16,2333,task_created,,G00886,type=SHIP pickup=STAGING dropoff=DOCK-1
20260908_023610_56ce16,2335,task_created,,G00887,type=PICK pickup=C-01 dropoff=PICK-3
20260908_023610_56ce16,2335,task_created,,G00888,type=PACK pickup=PICK-1 dropoff=PACK-1
20260908_023610_56ce16,2337,task_completed,R12,G00875,
20260908_023610_56ce16,2338,task_assigned,R12,G00886,
20260908_023610_56ce16,2339,task_completed,R13,G00880,
20260908_023610_56ce16,2339,task_completed,R6,G00883,
20260908_023610_56ce16,2339,task_created,,G00889,type=PUTAWAY pickup=BUFFER dropoff=C-06
20260908_023610_56ce16,2340,task_assigned,R6,G00887,
20260908_023610_56ce16,2340,task_assigned,R13,G00888,
20260908_023610_56ce16,2342,task_completed,R1,G00736,
20260908_023610_56ce16,2342,task_completed,R9,G00878,
20260908_023610_56ce16,2343,task_assigned,R9,G00755,
20260908_023610_56ce16,2343,task_assigned,R1,G00757,
20260908_023610_56ce16,2345,task_completed,R8,G00742,
20260908_023610_56ce16,2345,task_created,,G00890,type=PICK pickup=F-05 dropoff=PICK-2
20260908_023610_56ce16,2346,task_assigned,R8,G00890,
20260908_023610_56ce16,2347,task_completed,R10,G00752,
20260908_023610_56ce16,2347,task_completed,R11,G00872,
20260908_023610_56ce16,2347,task_created,,G00891,type=PUTAWAY pickup=RECV dropoff=B-04
20260908_023610_56ce16,2347,task_created,,G00892,type=PACK pickup=PICK-2 dropoff=PACK-1
20260908_023610_56ce16,2347,task_created,,G00893,type=SHIP pickup=STAGING dropoff=DOCK-1
20260908_023610_56ce16,2348,task_completed,R7,G00740,
20260908_023610_56ce16,2348,task_assigned,R11,G00892,
20260908_023610_56ce16,2348,task_assigned,R10,G00893,
20260908_023610_56ce16,2349,task_assigned,R7,G00761,
20260908_023610_56ce16,2355,task_completed,R12,G00886,
20260908_023610_56ce16,2355,task_created,,G00894,type=PUTAWAY pickup=RECV dropoff=B-07
20260908_023610_56ce16,2355,task_created,,G00895,type=PICK pickup=H-08 dropoff=PICK-1
20260908_023610_56ce16,2359,task_completed,R13,G00888,
20260908_023610_56ce16,2359,task_created,,G00896,type=PACK pickup=PICK-2 dropoff=PACK-1
20260908_023610_56ce16,2359,task_assigned,R12,G00896,
20260908_023610_56ce16,2360,task_assigned,R13,G00895,
20260908_023610_56ce16,2361,task_completed,R2,G00745,
20260908_023610_56ce16,2361,task_completed,R11,G00892,
20260908_023610_56ce16,2361,task_created,,G00897,type=SHIP pickup=STAGING dropoff=DOCK-2
20260908_023610_56ce16,2362,task_assigned,R2,G00763,
20260908_023610_56ce16,2362,task_assigned,R11,G00767,
20260908_023610_56ce16,2362,task_assigned,R4,G00897,
20260908_023610_56ce16,2363,task_created,,G00898,type=PUTAWAY pickup=BUFFER dropoff=C-04
20260908_023610_56ce16,2365,task_created,,G00899,type=PICK pickup=G-04 dropoff=PICK-1
20260908_023610_56ce16,2370,task_completed,R7,G00761,
20260908_023610_56ce16,2370,task_completed,R6,G00887,
20260908_023610_56ce16,2371,task_assigned,R6,G00899,
20260908_023610_56ce16,2371,task_created,,G00900,type=PUTAWAY pickup=BUFFER dropoff=B-07
20260908_023610_56ce16,2371,task_created,,G00901,type=PACK pickup=PICK-2 dropoff=PACK-1
20260908_023610_56ce16,2371,task_assigned,R7,G00901,
20260908_023610_56ce16,2372,task_completed,R10,G00893,
20260908_023610_56ce16,2373,task_completed,R5,G00749,
20260908_023610_56ce16,2373,task_interrupted,R1,G00757,
20260908_023610_56ce16,2373,task_assigned,R10,G00771,
20260908_023610_56ce16,2374,task_assigned,R5,G00757,
20260908_023610_56ce16,2375,task_completed,R2,G00763,
20260908_023610_56ce16,2375,task_created,,G00902,type=PICK pickup=D-03 dropoff=PICK-2
20260908_023610_56ce16,2375,task_created,,G00903,type=SHIP pickup=STAGING dropoff=DOCK-2
20260908_023610_56ce16,2376,task_completed,R12,G00896,
20260908_023610_56ce16,2377,task_assigned,R12,G00903,
20260908_023610_56ce16,2378,task_completed,R4,G00897,
20260908_023610_56ce16,2378,task_interrupted,R12,G00903,
20260908_023610_56ce16,2379,task_assigned,R4,G00903,
20260908_023610_56ce16,2379,task_created,,G00904,type=PUTAWAY pickup=BUFFER dropoff=G-08
20260908_023610_56ce16,2381,task_completed,R7,G00901,
20260908_023610_56ce16,2382,task_assigned,R7,G00902,
20260908_023610_56ce16,2383,task_created,,G00905,type=PACK pickup=PICK-2 dropoff=PACK-1
20260908_023610_56ce16,2384,task_completed,R4,G00903,
20260908_023610_56ce16,2385,task_assigned,R4,G00905,
20260908_023610_56ce16,2385,task_created,,G00906,type=PICK pickup=E-02 dropoff=PICK-1
20260908_023610_56ce16,2387,task_interrupted,R11,G00767,
20260908_023610_56ce16,2387,task_created,,G00907,type=PUTAWAY pickup=RECV dropoff=H-06
20260908_023610_56ce16,2389,task_created,,G00908,type=SHIP pickup=STAGING dropoff=DOCK-2
20260908_023610_56ce16,2392,task_completed,R8,G00890,
20260908_023610_56ce16,2393,task_assigned,R8,G00908,
20260908_023610_56ce16,2395,task_created,,G00909,type=PUTAWAY pickup=BUFFER dropoff=A-04
20260908_023610_56ce16,2395,task_created,,G00910,type=PICK pickup=E-04 dropoff=PICK-3
20260908_023610_56ce16,2395,task_created,,G00911,type=PACK pickup=PICK-2 dropoff=PACK-2
20260908_023610_56ce16,2396,task_completed,R3,G00884,
20260908_023610_56ce16,2397,task_assigned,R3,G00911,
20260908_023610_56ce16,2399,task_completed,R6,G00899,
20260908_023610_56ce16,2400,task_completed,R4,G00905,
20260908_023610_56ce16,2400,task_assigned,R6,G00906,
20260908_023610_56ce16,2401,task_completed,R9,G00755,
20260908_023610_56ce16,2401,task_assigned,R4,G00910,
20260908_023610_56ce16,2402,task_assigned,R9,G00767,
20260908_023610_56ce16,2403,task_interrupted,R10,G00771,
20260908_023610_56ce16,2403,task_completed,R8,G00908,
20260908_023610_56ce16,2403,task_created,,G00912,type=PUTAWAY pickup=BUFFER dropoff=F-01
20260908_023610_56ce16,2403,task_created,,G00913,type=SHIP pickup=STAGING dropoff=DOCK-1
20260908_023610_56ce16,2404,task_completed,R13,G00895,
20260908_023610_56ce16,2404,task_assigned,R12,G00913,
20260908_023610_56ce16,2405,task_assigned,R13,G00771,
20260908_023610_56ce16,2405,task_created,,G00914,type=PICK pickup=A-03 dropoff=PICK-1
20260908_023610_56ce16,2405,task_assigned,R1,G00914,
20260908_023610_56ce16,2407,task_created,,G00915,type=PACK pickup=PICK-3 dropoff=PACK-2
20260908_023610_56ce16,2407,task_assigned,R2,G00915,
20260908_023610_56ce16,2411,task_created,,G00916,type=PUTAWAY pickup=BUFFER dropoff=E-06
20260908_023610_56ce16,2413,task_completed,R3,G00911,
20260908_023610_56ce16,2414,task_assigned,R3,G00772,
20260908_023610_56ce16,2415,task_completed,R7,G00902,
20260908_023610_56ce16,2415,task_created,,G00917,type=PICK pickup=E-08 dropoff=PICK-2
20260908_023610_56ce16,2416,task_assigned,R7,G00917,
20260908_023610_56ce16,2417,task_created,,G00918,type=SHIP pickup=STAGING dropoff=DOCK-1
20260908_023610_56ce16,2419,task_completed,R6,G00906,
20260908_023610_56ce16,2419,task_created,,G00919,type=PUTAWAY pickup=RECV dropoff=B-02
20260908_023610_56ce16,2419,task_created,,G00920,type=PACK pickup=PICK-1 dropoff=PACK-1
20260908_023610_56ce16,2420,task_completed,R12,G00913,
20260908_023610_56ce16,2420,task_assigned,R6,G00918,
20260908_023610_56ce16,2421,task_assigned,R12,G00920,
20260908_023610_56ce16,2423,task_interrupted,R6,G00918,
20260908_023610_56ce16,2424,task_completed,R9,G00767,
20260908_023610_56ce16,2425,task_assigned,R9,G00918,
20260908_023610_56ce16,2425,task_created,,G00921,type=PICK pickup=F-03 dropoff=PICK-1
20260908_023610_56ce16,2427,task_assigned,R11,G00921,
20260908_023610_56ce16,2427,task_created,,G00922,type=PUTAWAY pickup=BUFFER dropoff=F-01
20260908_023610_56ce16,2431,task_created,,G00923,type=PACK pickup=PICK-2 dropoff=PACK-1
20260908_023610_56ce16,2431,task_created,,G00924,type=SHIP pickup=STAGING dropoff=DOCK-2
20260908_023610_56ce16,2435,task_created,,G00925,type=PUTAWAY pickup=BUFFER dropoff=B-04
20260908_023610_56ce16,2435,task_created,,G00926,type=PICK pickup=F-07 dropoff=PICK-2
20260908_023610_56ce16,2436,task_assigned,R8,G00924,
20260908_023610_56ce16,2437,task_completed,R7,G00917,
20260908_023610_56ce16,2438,task_assigned,R7,G00923,
20260908_023610_56ce16,2439,task_interrupted,R13,G00771,
20260908_023610_56ce16,2440,task_completed,R9,G00918,
20260908_023610_56ce16,2441,task_completed,R4,G00910,
20260908_023610_56ce16,2441,task_assigned,R9,G00926,
20260908_023610_56ce16,2442,task_assigned,R4,G00771,
20260908_023610_56ce16,2443,task_completed,R2,G00915,
20260908_023610_56ce16,2443,task_completed,R12,G00920,
20260908_023610_56ce16,2443,task_interrupted,R9,G00926,
20260908_023610_56ce16,2443,task_created,,G00927,type=PUTAWAY pickup=RECV dropoff=A-06
20260908_023610_56ce16,2443,task_created,,G00928,type=PACK pickup=PICK-2 dropoff=PACK-1
20260908_023610_56ce16,2444,task_assigned,R2,G00776,
20260908_023610_56ce16,2444,task_completed,R7,G00923,
20260908_023610_56ce16,2444,task_assigned,R12,G00926,
20260908_023610_56ce16,2444,task_assigned,R10,G00928,
20260908_023610_56ce16,2445,task_created,,G00929,type=PICK pickup=C-03 dropoff=PICK-1
20260908_023610_56ce16,2445,task_created,,G00930,type=SHIP pickup=STAGING dropoff=DOCK-2
20260908_023610_56ce16,2445,task_assigned,R7,G00930,
20260908_023610_56ce16,2449,task_assigned,R6,G00929,
20260908_023610_56ce16,2450,task_completed,R1,G00914,
20260908_023610_56ce16,2451,task_assigned,R1,G00779,
20260908_023610_56ce16,2451,task_completed,R7,G00930,
20260908_023610_56ce16,2451,task_created,,G00931,type=PUTAWAY pickup=BUFFER dropoff=F-07
20260908_023610_56ce16,2454,task_completed,R8,G00924,
20260908_023610_56ce16,2455,task_created,,G00932,type=PICK pickup=A-03 dropoff=PICK-1
20260908_023610_56ce16,2455,task_created,,G00933,type=PACK pickup=PICK-1 dropoff=PACK-2
20260908_023610_56ce16,2455,task_assigned,R8,G00933,
20260908_023610_56ce16,2459,task_created,,G00934,type=PUTAWAY pickup=RECV dropoff=D-05
20260908_023610_56ce16,2459,task_created,,G00935,type=SHIP pickup=STAGING dropoff=DOCK-1
20260908_023610_56ce16,2465,task_created,,G00936,type=PICK pickup=H-02 dropoff=PICK-3
20260908_023610_56ce16,2467,task_assigned,R9,G00935,
20260908_023610_56ce16,2467,task_created,,G00937,type=PUTAWAY pickup=RECV dropoff=G-05
20260908_023610_56ce16,2467,task_created,,G00938,type=PACK pickup=PICK-2 dropoff=PACK-2
20260908_023610_56ce16,2469,task_completed,R3,G00772,
20260908_023610_56ce16,2470,task_assigned,R3,G00938,
20260908_023610_56ce16,2472,task_completed,R10,G00928,
20260908_023610_56ce16,2473,task_created,,G00939,type=SHIP pickup=STAGING dropoff=DOCK-1
20260908_023610_56ce16,2473,task_assigned,R10,G00939,
20260908_023610_56ce16,2474,task_completed,R2,G00776,
20260908_023610_56ce16,2475,task_assigned,R2,G00932,
20260908_023610_56ce16,2475,task_created,,G00940,type=PUTAWAY pickup=BUFFER dropoff=F-05
20260908_023610_56ce16,2475,task_created,,G00941,type=PICK pickup=A-03 dropoff=PICK-2
20260908_023610_56ce16,2476,task_completed,R4,G00771,
20260908_023610_56ce16,2476,task_completed,R12,G00926,
20260908_023610_56ce16,2477,task_assigned,R4,G00782,
20260908_023610_56ce16,2477,task_assigned,R13,G00936,
20260908_023610_56ce16,2477,task_assigned,R12,G00941,
20260908_023610_56ce16,2479,task_completed,R10,G00939,
20260908_023610_56ce16,2479,task_created,,G00942,type=PACK pickup=PICK-1 dropoff=PACK-2
20260908_023610_56ce16,2480,task_completed,R5,G00757,
20260908_023610_56ce16,2480,task_assigned,R10,G00785,
20260908_023610_56ce16,2480,task_assigned,R7,G00942,
20260908_023610_56ce16,2481,task_assigned,R5,G00788,
20260908_023610_56ce16,2483,task_completed,R9,G00935,
20260908_023610_56ce16,2483,task_created,,G00943,type=PUTAWAY pickup=BUFFER dropoff=B-01
20260908_023610_56ce16,2484,task_assigned,R9,G00791,
20260908_023610_56ce16,2484,task_completed,R2,G00932,
20260908_023610_56ce16,2485,task_created,,G00944,type=PICK pickup=G-06 dropoff=PICK-2
20260908_023610_56ce16,2485,task_assigned,R2,G00944,
20260908_023610_56ce16,2486,task_completed,R11,G00921,
20260908_023610_56ce16,2487,task_completed,R1,G00779,
20260908_023610_56ce16,2487,task_created,,G00945,type=SHIP pickup=STAGING dropoff=DOCK-2
20260908_023610_56ce16,2487,task_assigned,R11,G00945,
20260908_023610_56ce16,2488,task_assigned,R1,G00794,
20260908_023610_56ce16,2488,task_completed,R8,G00933,
20260908_023610_56ce16,2489,task_assigned,R8,G00798,
20260908_023610_56ce16,2491,task_created,,G00946,type=PUTAWAY pickup=BUFFER dropoff=A-06
20260908_023610_56ce16,2491,task_created,,G00947,type=PACK pickup=PICK-1 dropoff=PACK-2
20260908_023610_56ce16,2495,task_created,,G00948,type=PICK pickup=H-01 dropoff=PICK-1
20260908_023610_56ce16,2496,task_completed,R3,G00938,
20260908_023610_56ce16,2497,task_assigned,R3,G00947,
20260908_023610_56ce16,2499,task_created,,G00949,type=PUTAWAY pickup=RECV dropoff=F-08
20260908_023610_56ce16,2501,task_created,,G00950,type=SHIP pickup=STAGING dropoff=DOCK-2
20260908_023610_56ce16,2503,task_completed,R11,G00945,
20260908_023610_56ce16,2503,task_created,,G00951,type=PACK pickup=PICK-1 dropoff=PACK-1
20260908_023610_56ce16,2504,task_completed,R12,G00941,
20260908_023610_56ce16,2504,task_assigned,R11,G00950,
20260908_023610_56ce16,2505,task_assigned,R12,G00951,
20260908_023610_56ce16,2505,task_created,,G00952,type=PICK pickup=C-04 dropoff=PICK-2
20260908_023610_56ce16,2507,task_completed,R7,G00942,
20260908_023610_56ce16,2507,task_created,,G00953,type=PUTAWAY pickup=RECV dropoff=C-07
20260908_023610_56ce16,2508,task_assigned,R7,G00948,
20260908_023610_56ce16,2509,task_completed,R11,G00950,
20260908_023610_56ce16,2510,task_assigned,R11,G00952,
20260908_023610_56ce16,2512,task_completed,R6,G00929,
20260908_023610_56ce16,2512,task_completed,R2,G00944,
20260908_023610_56ce16,2513,task_assigned,R6,G00800,
20260908_023610_56ce16,2513,task_assigned,R2,G00803,
20260908_023610_56ce16,2515,task_created,,G00954,type=PUTAWAY pickup=BUFFER dropoff=C-05
20260908_023610_56ce16,2515,task_created,,G00955,type=PICK pickup=A-05 dropoff=PICK-1
20260908_023610_56ce16,2515,task_created,,G00956,type=PACK pickup=PICK-1 dropoff=PACK-2
20260908_023610_56ce16,2515,task_created,,G00957,type=SHIP pickup=STAGING dropoff=DOCK-2
20260908_023610_56ce16,2518,task_completed,R10,G00785,
20260908_023610_56ce16,2519,task_assigned,R10,G00957,
20260908_023610_56ce16,2521,task_completed,R8,G00798,
20260908_023610_56ce16,2522,task_completed,R5,G00788,
20260908_023610_56ce16,2522,task_assigned,R8,G00956,
20260908_023610_56ce16,2523,task_assigned,R5,G00955,
20260908_023610_56ce16,2523,task_created,,G00958,type=PUTAWAY pickup=RECV dropoff=D-02
20260908_023610_56ce16,2524,task_completed,R4,G00782,
20260908_023610_56ce16,2524,task_completed,R12,G00951,
20260908_023610_56ce16,2525,task_assigned,R12,G00806,
20260908_023610_56ce16,2525,task_created,,G00959,type=PICK pickup=C-04 dropoff=PICK-1
20260908_023610_56ce16,2525,task_assigned,R4,G00959,
20260908_023610_56ce16,2526,task_completed,R3,G00947,
20260908_023610_56ce16,2527,task_completed,R13,G00936,
20260908_023610_56ce16,2527,task_created,,G00960,type=PACK pickup=PICK-2 dropoff=PACK-2
20260908_023610_56ce16,2527,task_assigned,R3,G00960,
20260908_023610_56ce16,2528,task_assigned,R13,G00809,
20260908_023610_56ce16,2529,task_created,,G00961,type=SHIP pickup=STAGING dropoff=DOCK-1
20260908_023610_56ce16,2531,task_created,,G00962,type=PUTAWAY pickup=BUFFER dropoff=B-06
20260908_023610_56ce16,2532,task_completed,R9,G00791,
20260908_023610_56ce16,2532,task_completed,R2,G00803,
20260908_023610_56ce16,2533,task_assigned,R2,G00813,
20260908_023610_56ce16,2533,task_assigned,R9,G00961,
20260908_023610_56ce16,2534,task_completed,R10,G00957,
20260908_023610_56ce16,2535,task_created,,G00963,type=PICK pickup=C-04 dropoff=PICK-1
20260908_023610_56ce16,2535,task_assigned,R10,G00963,
20260908_023610_56ce16,2537,task_completed,R1,G00794,
20260908_023610_56ce16,2538,task_assigned,R1,G00816,
20260908_023610_56ce16,2539,task_created,,G00964,type=PUTAWAY pickup=RECV dropoff=C-01
20260908_023610_56ce16,2539,task_created,,G00965,type=PACK pickup=PICK-1 dropoff=PACK-1
20260908_023610_56ce16,2540,task_completed,R3,G00960,
20260908_023610_56ce16,2541,task_assigned,R3,G00965,
20260908_023610_56ce16,2543,task_created,,G00966,type=SHIP pickup=STAGING dropoff=DOCK-2
20260908_023610_56ce16,2544,task_completed,R7,G00948,
20260908_023610_56ce16,2545,task_completed,R6,G00800,
20260908_023610_56ce16,2545,task_assigned,R7,G00966,
20260908_023610_56ce16,2545,task_created,,G00967,type=PICK pickup=E-08 dropoff=PICK-2
20260908_023610_56ce16,2546,task_interrupted,R3,G00965,
20260908_023610_56ce16,2546,task_assigned,R6,G00967,
20260908_023610_56ce16,2547,task_created,,G00968,type=PUTAWAY pickup=BUFFER dropoff=G-06
20260908_023610_56ce16,2549,task_completed,R8,G00956,
20260908_023610_56ce16,2550,task_assigned,R8,G00965,
20260908_023610_56ce16,2551,task_created,,G00969,type=PACK pickup=PICK-2 dropoff=PACK-2
20260908_023610_56ce16,2555,task_created,,G00970,type=PUTAWAY pickup=BUFFER dropoff=H-07
20260908_023610_56ce16,2555,task_created,,G00971,type=PICK pickup=H-03 dropoff=PICK-3
20260908_023610_56ce16,2557,task_created,,G00972,type=SHIP pickup=STAGING dropoff=DOCK-1
20260908_023610_56ce16,2558,task_completed,R4,G00959,
20260908_023610_56ce16,2558,task_completed,R9,G00961,
20260908_023610_56ce16,2558,task_completed,R6,G00967,
20260908_023610_56ce16,2559,task_assigned,R6,G00969,
20260908_023610_56ce16,2559,task_assigned,R4,G00971,
20260908_023610_56ce16,2559,task_assigned,R9,G00972,
20260908_023610_56ce16,2562,task_interrupted,R5,G00955,
20260908_023610_56ce16,2563,task_completed,R12,G00806,
20260908_023610_56ce16,2563,task_completed,R7,G00966,
20260908_023610_56ce16,2563,task_created,,G00973,type=PUTAWAY pickup=RECV dropoff=F-08
20260908_023610_56ce16,2563,task_created,,G00974,type=PACK pickup=PICK-3 dropoff=PACK-2
20260908_023610_56ce16,2564,task_assigned,R12,G00955,
20260908_023610_56ce16,2564,task_completed,R9,G00972,
20260908_023610_56ce16,2564,task_assigned,R7,G00974,
20260908_023610_56ce16,2565,task_completed,R6,G00969,
20260908_023610_56ce16,2565,task_created,,G00975,type=PICK pickup=G-01 dropoff=PICK-2
20260908_023610_56ce16,2565,task_assigned,R9,G00975,
20260908_023610_56ce16,2566,task_assigned,R6,G00818,
20260908_023610_56ce16,2568,task_assigned,R3,G00821,
20260908_023610_56ce16,2571,task_completed,R11,G00952,
20260908_023610_56ce16,2571,task_completed,R10,G00963,
20260908_023610_56ce16,2571,task_created,,G00976,type=PUTAWAY pickup=RECV dropoff=A-02
20260908_023610_56ce16,2571,task_created,,G00977,type=SHIP pickup=STAGING dropoff=DOCK-1
20260908_023610_56ce16,2572,task_assigned,R10,G00825,
20260908_023610_56ce16,2572,task_completed,R12,G00955,
20260908_023610_56ce16,2572,task_assigned,R11,G00977,
20260908_023610_56ce16,2573,task_completed,R13,G00809,
20260908_023610_56ce16,2573,task_assigned,R12,G00827,
20260908_023610_56ce16,2574,task_assigned,R13,G00831,
20260908_023610_56ce16,2574,task_completed,R8,G00965,
20260908_023610_56ce16,2575,task_created,,G00978,type=PICK pickup=D-05 dropoff=PICK-2
20260908_023610_56ce16,2575,task_created,,G00979,type=PACK pickup=PICK-3 dropoff=PACK-1
20260908_023610_56ce16,2575,task_assigned,R8,G00979,
20260908_023610_56ce16,2577,task_completed,R1,G00816,
20260908_023610_56ce16,2578,task_assigned,R1,G00978,
20260908_023610_56ce16,2579,task_created,,G00980,type=PUTAWAY pickup=RECV dropoff=B-03
20260908_023610_56ce16,2583,task_completed,R11,G00977,
20260908_023610_56ce16,2584,task_assigned,R5,G00834,
20260908_023610_56ce16,2584,task_assigned,R11,G00836,
20260908_023610_56ce16,2585,task_completed,R7,G00974,
20260908_023610_56ce16,2585,task_created,,G00981,type=PICK pickup=E-07 dropoff=PICK-3
20260908_023610_56ce16,2585,task_created,,G00982,type=SHIP pickup=STAGING dropoff=DOCK-1
20260908_023610_56ce16,2586,task_assigned,R7,G00982,
20260908_023610_56ce16,2587,task_completed,R6,G00818,
20260908_023610_56ce16,2587,task_interrupted,R4,G00971,
20260908_023610_56ce16,2587,task_created,,G00983,type=PUTAWAY pickup=RECV dropoff=B-03
20260908_023610_56ce16,2587,task_created,,G00984,type=PACK pickup=PICK-2 dropoff=PACK-2
20260908_023610_56ce16,2588,task_assigned,R6,G00984,
20260908_023610_56ce16,2590,task_completed,R2,G00813,
20260908_023610_56ce16,2591,task_assigned,R2,G00971,
20260908_023610_56ce16,2593,task_completed,R7,G00982,
20260908_023610_56ce16,2594,task_assigned,R7,G00981,
20260908_023610_56ce16,2595,task_created,,G00985,type=PUTAWAY pickup=RECV dropoff=A-08
20260908_023610_56ce16,2595,task_created,,G00986,type=PICK pickup=E-06 dropoff=PICK-1
20260908_023610_56ce16,2599,task_created,,G00987,type=PACK pickup=PICK-2 dropoff=PACK-1
20260908_023610_56ce16,2599,task_created,,G00988,type=SHIP pickup=STAGING dropoff=DOCK-2
20260908_023610_56ce16,2600,task_completed,R10,G00825,
20260908_023610_56ce16,2601,task_assigned,R10,G00988,
20260908_023610_56ce16,2603,task_created,,G00989,type=PUTAWAY pickup=RECV dropoff=C-03
20260908_023610_56ce16,2604,task_completed,R8,G00979,
20260908_023610_56ce16,2604,task_completed,R6,G00984,
20260908_023610_56ce16,2605,task_completed,R9,G00975,
20260908_023610_56ce16,2605,task_assigned,R8,G00986,
20260908_023610_56ce16,2605,task_assigned,R6,G00987,
20260908_023610_56ce16,2605,task_created,,G00990,type=PICK pickup=D-06 dropoff=PICK-2
20260908_023610_56ce16,2606,task_assigned,R9,G00990,
20260908_023610_56ce16,2610,task_completed,R5,G00834,
20260908_023610_56ce16,2610,task_completed,R1,G00978,
20260908_023610_56ce16,2611,task_completed,R12,G00827,
20260908_023610_56ce16,2611,task_assigned,R1,G00840,
20260908_023610_56ce16,2611,task_created,,G00991,type=PUTAWAY pickup=BUFFER dropoff=A-01
20260908_023610_56ce16,2611,task_created,,G00992,type=PACK pickup=PICK-2 dropoff=PACK-1
20260908_023610_56ce16,2611,task_assigned,R5,G00992,
20260908_023610_56ce16,2612,task_assigned,R12,G00843,
20260908_023610_56ce16,2613,task_created,,G00993,type=SHIP pickup=STAGING dropoff=DOCK-2
20260908_023610_56ce16,2615,task_completed,R11,G00836,
20260908_023610_56ce16,2615,task_created,,G00994,type=PICK pickup=D-05 dropoff=PICK-3
20260908_023610_56ce16,2616,task_completed,R3,G00821,
20260908_023610_56ce16,2616,task_assigned,R11,G00993,
20260908_023610_56ce16,2617,task_completed,R6,G00987,
20260908_023610_56ce16,2617,task_assigned,R3,G00994,
20260908_023610_56ce16,2618,task_assigned,R6,G00846,
20260908_023610_56ce16,2619,task_created,,G00995,type=PUTAWAY pickup=BUFFER dropoff=H-03
20260908_023610_56ce16,2620,task_completed,R2,G00971,
20260908_023610_56ce16,2621,task_assigned,R2,G00848,
20260908_023610_56ce16,2622,task_completed,R10,G00988,
20260908_023610_56ce16,2623,task_created,,G00996,type=PACK pickup=PICK-1 dropoff=PACK-1
20260908_023610_56ce16,2623,task_assigned,R10,G00996,
20260908_023610_56ce16,2624,task_interrupted,R1,G00840,
20260908_023610_56ce16,2625,task_completed,R12,G00843,
20260908_023610_56ce16,2625,task_created,,G00997,type=PICK pickup=G-01 dropoff=PICK-3
20260908_023610_56ce16,2626,task_assigned,R12,G00997,
20260908_023610_56ce16,2627,task_created,,G00998,type=PUTAWAY pickup=RECV dropoff=B-04
20260908_023610_56ce16,2627,task_created,,G00999,type=SHIP pickup=STAGING dropoff=DOCK-1
20260908_023610_56ce16,2629,task_completed,R8,G00986,
20260908_023610_56ce16,2629,task_interrupted,R12,G00997,
20260908_023610_56ce16,2629,task_assigned,R4,G00999,
20260908_023610_56ce16,2630,task_interrupted,R2,G00848,
20260908_023610_56ce16,2630,task_assigned,R8,G00997,
20260908_023610_56ce16,2632,task_completed,R11,G00993,
20260908_023610_56ce16,2633,task_assigned,R11,G00840,
20260908_023610_56ce16,2635,task_completed,R9,G00990,
20260908_023610_56ce16,2635,task_completed,R5,G00992,
20260908_023610_56ce16,2635,task_created,,G01000,type=PUTAWAY pickup=RECV dropoff=H-01
20260908_023610_56ce16,2635,task_created,,G01001,type=PICK pickup=H-08 dropoff=PICK-3
20260908_023610_56ce16,2635,task_created,,G01002,type=PACK pickup=PICK-1 dropoff=PACK-2
20260908_023610_56ce16,2636,task_completed,R7,G00981,
20260908_023610_56ce16,2636,task_assigned,R9,G01001,
20260908_023610_56ce16,2636,task_assigned,R5,G01002,
20260908_023610_56ce16,2637,task_assigned,R7,G00848,
20260908_023610_56ce16,2640,task_completed,R3,G00994,
20260908_023610_56ce16,2641,task_created,,G01003,type=SHIP pickup=STAGING dropoff=DOCK-2
20260908_023610_56ce16,2641,task_assigned,R3,G01003,
20260908_023610_56ce16,2642,task_completed,R6,G00846,
20260908_023610_56ce16,2643,task_assigned,R6,G00852,
20260908_023610_56ce16,2643,task_created,,G01004,type=PUTAWAY pickup=BUFFER dropoff=D-08
20260908_023610_56ce16,2644,task_completed,R4,G00999,
20260908_023610_56ce16,2645,task_created,,G01005,type=PICK pickup=F-01 dropoff=PICK-2
20260908_023610_56ce16,2645,task_assigned,R4,G01005,
20260908_023610_56ce16,2647,task_created,,G01006,type=PACK pickup=PICK-2 dropoff=PACK-2
20260908_023610_56ce16,2649,task_completed,R10,G00996,
20260908_023610_56ce16,2650,task_completed,R13,G00831,
20260908_023610_56ce16,2650,task_assigned,R10,G01006,
20260908_023610_56ce16,2651,task_assigned,R13,G00855,
20260908_023610_56ce16,2651,task_created,,G01007,type=PUTAWAY pickup=BUFFER dropoff=A-05
20260908_023610_56ce16,2655,task_created,,G01008,type=PICK pickup=B-05 dropoff=PICK-3
20260908_023610_56ce16,2655,task_created,,G01009,type=SHIP pickup=STAGING dropoff=DOCK-1
20260908_023610_56ce16,2656,task_interrupted,R8,G00997,
20260908_023610_56ce16,2659,task_assigned,R2,G01009,
20260908_023610_56ce16,2659,task_created,,G01010,type=PUTAWAY pickup=BUFFER dropoff=D-08
20260908_023610_56ce16,2659,task_created,,G01011,type=PACK pickup=PICK-3 dropoff=PACK-1
20260908_023610_56ce16,2661,task_completed,R3,G01003,
20260908_023610_56ce16,2662,task_completed,R10,G01006,
20260908_023610_56ce16,2662,task_assigned,R3,G01011,
20260908_023610_56ce16,2663,task_completed,R11,G00840,
20260908_023610_56ce16,2664,task_assigned,R12,G00997,
20260908_023610_56ce16,2665,task_completed,R5,G01002,
20260908_023610_56ce16,2665,task_created,,G01012,type=PICK pickup=G-04 dropoff=PICK-1
20260908_023610_56ce16,2666,task_assigned,R5,G01008,
20260908_023610_56ce16,2666,task_assigned,R11,G01012,
20260908_023610_56ce16,2667,task_assigned,R1,G00858,
20260908_023610_56ce16,2667,task_completed,R4,G01005,
20260908_023610_56ce16,2667,task_interrupted,R11,G01012,
20260908_023610_56ce16,2667,task_created,,G01013,type=PUTAWAY pickup=RECV dropoff=E-04
20260908_023610_56ce16,2668,task_assigned,R4,G01012,
20260908_023610_56ce16,2669,task_created,,G01014,type=SHIP pickup=STAGING dropoff=DOCK-2
20260908_023610_56ce16,2671,task_created,,G01015,type=PACK pickup=PICK-1 dropoff=PACK-1
20260908_023610_56ce16,2674,task_completed,R2,G01009,
20260908_023610_56ce16,2675,task_completed,R9,G01001,
20260908_023610_56ce16,2675,task_assigned,R2,G01014,
20260908_023610_56ce16,2675,task_created,,G01016,type=PUTAWAY pickup=RECV dropoff=A-04
20260908_023610_56ce16,2675,task_created,,G01017,type=PICK pickup=A-01 dropoff=PICK-2
20260908_023610_56ce16,2676,task_interrupted,R6,G00852,
20260908_023610_56ce16,2676,task_assigned,R9,G01015,
20260908_023610_56ce16,2681,task_completed,R7,G00848,
20260908_023610_56ce16,2681,task_completed,R2,G01014,
20260908_023610_56ce16,2682,task_assigned,R7,G00852,
20260908_023610_56ce16,2682,task_assigned,R2,G01017,
20260908_023610_56ce16,2683,task_created,,G01018,type=PUTAWAY pickup=RECV dropoff=B-03
20260908_023610_56ce16,2683,task_created,,G01019,type=PACK pickup=PICK-2 dropoff=PACK-1
20260908_023610_56ce16,2683,task_created,,G01020,type=SHIP pickup=STAGING dropoff=DOCK-2
20260908_023610_56ce16,2685,task_created,,G01021,type=PICK pickup=E-01 dropoff=PICK-3
20260908_023610_56ce16,2688,task_completed,R3,G01011,
20260908_023610_56ce16,2689,task_assigned,R3,G01020,
20260908_023610_56ce16,2691,task_created,,G01022,type=PUTAWAY pickup=RECV dropoff=G-05
20260908_023610_56ce16,2692,task_assigned,R10,G01019,
20260908_023610_56ce16,2693,task_completed,R12,G00997,
20260908_023610_56ce16,2694,task_assigned,R12,G00862,
20260908_023610_56ce16,2694,task_assigned,R8,G01021,
20260908_023610_56ce16,2695,task_completed,R4,G01012,
20260908_023610_56ce16,2695,task_completed,R3,G01020,
20260908_023610_56ce16,2695,task_created,,G01023,type=PICK pickup=F-08 dropoff=PICK-3
20260908_023610_56ce16,2695,task_created,,G01024,type=PACK pickup=PICK-3 dropoff=PACK-1
20260908_023610_56ce16,2696,task_completed,R5,G01008,
20260908_023610_56ce16,2696,task_assigned,R3,G01023,
20260908_023610_56ce16,2696,task_assigned,R4,G01024,
20260908_023610_56ce16,2697,task_completed,R1,G00858,
20260908_023610_56ce16,2697,task_created,,G01025,type=SHIP pickup=STAGING dropoff=DOCK-1
20260908_023610_56ce16,2697,task_assigned,R5,G01025,
20260908_023610_56ce16,2698,task_completed,R13,G00855,
20260908_023610_56ce16,2698,task_assigned,R1,G00863,
20260908_023610_56ce16,2699,task_created,,G01026,type=PUTAWAY pickup=BUFFER dropoff=G-04
20260908_023610_56ce16,2703,task_completed,R9,G01015,
20260908_023610_56ce16,2704,task_interrupted,R7,G00852,
20260908_023610_56ce16,2705,task_created,,G01027,type=PICK pickup=B-05 dropoff=PICK-3
20260908_023610_56ce16,2705,task_assigned,R13,G01027,
20260908_023610_56ce16,2707,task_created,,G01028,type=PUTAWAY pickup=BUFFER dropoff=G-01
20260908_023610_56ce16,2707,task_created,,G01029,type=PACK pickup=PICK-3 dropoff=PACK-1
20260908_023610_56ce16,2707,task_assigned,R11,G01029,
20260908_023610_56ce16,2711,task_created,,G01030,type=SHIP pickup=STAGING dropoff=DOCK-2
20260908_023610_56ce16,2715,task_interrupted,R13,G01027,
20260908_023610_56ce16,2715,task_created,,G01031,type=PUTAWAY pickup=BUFFER dropoff=F-04
20260908_023610_56ce16,2715,task_created,,G01032,type=PICK pickup=D-06 dropoff=PICK-2
20260908_023610_56ce16,2716,task_completed,R1,G00863,
20260908_023610_56ce16,2716,task_completed,R5,G01025,
20260908_023610_56ce16,2717,task_assigned,R5,G01027,
20260908_023610_56ce16,2717,task_assigned,R1,G01030,
20260908_023610_56ce16,2719,task_assigned,R6,G00852,
20260908_023610_56ce16,2719,task_completed,R2,G01017,
20260908_023610_56ce16,2719,task_created,,G01033,type=PACK pickup=PICK-3 dropoff=PACK-1
20260908_023610_56ce16,2720,task_completed,R10,G01019,
20260908_023610_56ce16,2720,task_assigned,R2,G01033,
20260908_023610_56ce16,2721,task_assigned,R10,G01032,
20260908_023610_56ce16,2723,task_created,,G01034,type=PUTAWAY pickup=BUFFER dropoff=C-08
20260908_023610_56ce16,2725,task_created,,G01035,type=PICK pickup=E-05 dropoff=PICK-2
20260908_023610_56ce16,2725,task_created,,G01036,type=SHIP pickup=STAGING dropoff=DOCK-2
20260908_023610_56ce16,2726,task_assigned,R9,G01036,
20260908_023610_56ce16,2731,task_created,,G01037,type=PUTAWAY pickup=BUFFER dropoff=G-06
20260908_023610_56ce16,2731,task_created,,G01038,type=PACK pickup=PICK-1 dropoff=PACK-2
20260908_023610_56ce16,2732,task_completed,R1,G01030,
20260908_023610_56ce16,2733,task_completed,R4,G01024,
20260908_023610_56ce16,2733,task_assigned,R1,G01038,
20260908_023610_56ce16,2734,task_assigned,R4,G01035,
20260908_023610_56ce16,2735,task_created,,G01039,type=PICK pickup=G-01 dropoff=PICK-2
20260908_023610_56ce16,2739,task_created,,G01040,type=PUTAWAY pickup=RECV dropoff=F-06
20260908_023610_56ce16,2739,task_created,,G01041,type=SHIP pickup=STAGING dropoff=DOCK-1
20260908_023610_56ce16,2741,task_completed,R12,G00862,
20260908_023610_56ce16,2741,task_completed,R9,G01036,
20260908_023610_56ce16,2742,task_assigned,R12,G01039,
20260908_023610_56ce16,2742,task_assigned,R9,G01041,
20260908_023610_56ce16,2743,task_completed,R8,G01021,
20260908_023610_56ce16,2743,task_completed,R2,G01033,
20260908_023610_56ce16,2743,task_created,,G01042,type=PACK pickup=PICK-1 dropoff=PACK-2
20260908_023610_56ce16,2744,task_assigned,R2,G00867,
20260908_023610_56ce16,2744,task_assigned,R8,G01042,
20260908_023610_56ce16,2745,task_completed,R3,G01023,
20260908_023610_56ce16,2745,task_created,,G01043,type=PICK pickup=E-03 dropoff=PICK-3
20260908_023610_56ce16,2746,task_assigned,R3,G01043,
20260908_023610_56ce16,2747,task_completed,R9,G01041,
20260908_023610_56ce16,2747,task_created,,G01044,type=PUTAWAY pickup=RECV dropoff=F-01
20260908_023610_56ce16,2748,task_assigned,R9,G00870,
20260908_023610_56ce16,2749,task_assigned,R7,G00873,
20260908_023610_56ce16,2750,task_completed,R11,G01029,
20260908_023610_56ce16,2751,task_assigned,R11,G00877,
20260908_023610_56ce16,2752,task_completed,R6,G00852,
20260908_023610_56ce16,2753,task_created,,G01045,type=SHIP pickup=STAGING dropoff=DOCK-2
20260908_023610_56ce16,2753,task_assigned,R6,G01045,
20260908_023610_56ce16,2754,task_assigned,R13,G00879,
20260908_023610_56ce16,2754,task_completed,R12,G01039,
20260908_023610_56ce16,2755,task_created,,G01046,type=PUTAWAY pickup=BUFFER dropoff=G-08
20260908_023610_56ce16,2755,task_created,,G01047,type=PICK pickup=D-01 dropoff=PICK-2
20260908_023610_56ce16,2755,task_created,,G01048,type=PACK pickup=PICK-1 dropoff=PACK-2
20260908_023610_56ce16,2755,task_assigned,R12,G01048,
20260908_023610_56ce16,2760,task_completed,R10,G01032,
20260908_023610_56ce16,2761,task_completed,R5,G01027,
20260908_023610_56ce16,2761,task_assigned,R10,G01047,
20260908_023610_56ce16,2762,task_assigned,R5,G00882,
20260908_023610_56ce16,2763,task_created,,G01049,type=PUTAWAY pickup=BUFFER dropoff=A-08
20260908_023610_56ce16,2765,task_completed,R4,G01035,
20260908_023610_56ce16,2765,task_created,,G01050,type=PICK pickup=D-01 dropoff=PICK-2
20260908_023610_56ce16,2766,task_completed,R1,G01038,
20260908_023610_56ce16,2766,task_assigned,R4,G01050,
20260908_023610_56ce16,2767,task_created,,G01051,type=PACK pickup=PICK-3 dropoff=PACK-2
20260908_023610_56ce16,2767,task_created,,G01052,type=SHIP pickup=STAGING dropoff=DOCK-2
20260908_023610_56ce16,2767,task_assigned,R1,G01052,
20260908_023610_56ce16,2771,task_created,,G01053,type=PUTAWAY pickup=BUFFER dropoff=G-02
20260908_023610_56ce16,2773,task_completed,R6,G01045,
20260908_023610_56ce16,2774,task_assigned,R6,G01051,
20260908_023610_56ce16,2775,task_completed,R1,G01052,
20260908_023610_56ce16,2775,task_created,,G01054,type=PICK pickup=B-01 dropoff=PICK-3
20260908_023610_56ce16,2776,task_assigned,R1,G01054,
20260908_023610_56ce16,2778,task_completed,R8,G01042,
20260908_023610_56ce16,2779,task_completed,R9,G00870,
20260908_023610_56ce16,2779,task_created,,G01055,type=PUTAWAY pickup=BUFFER dropoff=B-01
20260908_023610_56ce16,2779,task_created,,G01056,type=PACK pickup=PICK-2 dropoff=PACK-1
20260908_023610_56ce16,2779,task_assigned,R8,G01056,
20260908_023610_56ce16,2780,task_assigned,R9,G00885,
20260908_023610_56ce16,2781,task_completed,R12,G01048,
20260908_023610_56ce16,2781,task_created,,G01057,type=SHIP pickup=STAGING dropoff=DOCK-1
20260908_023610_56ce16,2782,task_assigned,R12,G01057,
20260908_023610_56ce16,2784,task_completed,R7,G00873,
20260908_023610_56ce16,2785,task_created,,G01058,type=PICK pickup=B-03 dropoff=PICK-2
20260908_023610_56ce16,2785,task_assigned,R7,G01058,
20260908_023610_56ce16,2786,task_completed,R2,G00867,
20260908_023610_56ce16,2787,task_assigned,R2,G00889,
20260908_023610_56ce16,2787,task_created,,G01059,type=PUTAWAY pickup=RECV dropoff=C-02
20260908_023610_56ce16,2789,task_interrupted,R3,G01043,
20260908_023610_56ce16,2789,task_completed,R10,G01047,
20260908_023610_56ce16,2789,task_completed,R12,G01057,
20260908_023610_56ce16,2790,task_assigned,R12,G00891,
20260908_023610_56ce16,2790,task_assigned,R10,G01043,
20260908_023610_56ce16,2791,task_created,,G01060,type=PACK pickup=PICK-1 dropoff=PACK-2
20260908_023610_56ce16,2793,task_completed,R8,G01056,
20260908_023610_56ce16,2794,task_assigned,R8,G01060,
20260908_023610_56ce16,2795,task_completed,R13,G00879,
20260908_023610_56ce16,2795,task_completed,R6,G01051,
20260908_023610_56ce16,2795,task_created,,G01061,type=PUTAWAY pickup=RECV dropoff=G-05
20260908_023610_56ce16,2795,task_created,,G01062,type=PICK pickup=G-04 dropoff=PICK-2
20260908_023610_56ce16,2795,task_created,,G01063,type=SHIP pickup=STAGING dropoff=DOCK-2
20260908_023610_56ce16,2796,task_completed,R4,G01050,
20260908_023610_56ce16,2796,task_assigned,R6,G01062,
20260908_023610_56ce16,2796,task_assigned,R13,G01063,
20260908_023610_56ce16,2797,task_assigned,R4,G00894,
20260908_023610_56ce16,2800,task_completed,R10,G01043,
20260908_023610_56ce16,2801,task_assigned,R10,G00898,
20260908_023610_56ce16,2803,task_completed,R9,G00885,
20260908_023610_56ce16,2803,task_created,,G01064,type=PUTAWAY pickup=BUFFER dropoff=F-07
20260908_023610_56ce16,2803,task_created,,G01065,type=PACK pickup=PICK-1 dropoff=PACK-2
20260908_023610_56ce16,2804,task_assigned,R9,G01065,
20260908_023610_56ce16,2805,task_created,,G01066,type=PICK pickup=G-01 dropoff=PICK-1
20260908_023610_56ce16,2806,task_completed,R5,G00882,
20260908_023610_56ce16,2807,task_completed,R7,G01058,
20260908_023610_56ce16,2807,task_assigned,R5,G01066,
20260908_023610_56ce16,2808,task_completed,R11,G00877,
20260908_023610_56ce16,2808,task_assigned,R7,G00900,
20260908_023610_56ce16,2809,task_interrupted,R5,G01066,
20260908_023610_56ce16,2809,task_created,,G01067,type=SHIP pickup=STAGING dropoff=DOCK-2
20260908_023610_56ce16,2809,task_assigned,R11,G01067,
20260908_023610_56ce16,2811,task_created,,G01068,type=PUTAWAY pickup=RECV dropoff=G-05
20260908_023610_56ce16,2813,task_completed,R2,G00889,
20260908_023610_56ce16,2813,task_completed,R13,G01063,
20260908_023610_56ce16,2814,task_assigned,R2,G00904,
20260908_023610_56ce16,2814,task_assigned,R13,G01066,
20260908_023610_56ce16,2815,task_created,,G01069,type=PICK pickup=H-05 dropoff=PICK-3
20260908_023610_56ce16,2815,task_created,,G01070,type=PACK pickup=PICK-3 dropoff=PACK-1
20260908_023610_56ce16,2817,task_completed,R1,G01054,
20260908_023610_56ce16,2818,task_completed,R8,G01060,
20260908_023610_56ce16,2818,task_completed,R6,G01062,
20260908_023610_56ce16,2818,task_assigned,R1,G01070,
20260908_023610_56ce16,2819,task_assigned,R8,G00907,
20260908_023610_56ce16,2819,task_assigned,R6,G01069,
20260908_023610_56ce16,2819,task_created,,G01071,type=PUTAWAY pickup=RECV dropoff=F-08
20260908_023610_56ce16,2821,task_completed,R7,G00900,
20260908_023610_56ce16,2822,task_assigned,R7,G00909,
20260908_023610_56ce16,2823,task_created,,G01072,type=SHIP pickup=STAGING dropoff=DOCK-1
20260908_023610_56ce16,2825,task_created,,G01073,type=PICK pickup=B-08 dropoff=PICK-1
20260908_023610_56ce16,2826,task_assigned,R3,G01072,
20260908_023610_56ce16,2827,task_created,,G01074,type=PUTAWAY pickup=RECV dropoff=B-08
20260908_023610_56ce16,2827,task_created,,G01075,type=PACK pickup=PICK-2 dropoff=PACK-1
20260908_023610_56ce16,2831,task_completed,R11,G01067,
20260908_023610_56ce16,2832,task_assigned,R11,G01075,
20260908_023610_56ce16,2833,task_completed,R1,G01070,
20260908_023610_56ce16,2834,task_assigned,R1,G01073,
20260908_023610_56ce16,2835,task_created,,G01076,type=PUTAWAY pickup=BUFFER dropoff=B-03
20260908_023610_56ce16,2835,task_created,,G01077,type=PICK pickup=C-08 dropoff=PICK-3
20260908_023610_56ce16,2837,task_completed,R2,G00904,
20260908_023610_56ce16,2837,task_created,,G01078,type=SHIP pickup=STAGING dropoff=DOCK-1
20260908_023610_56ce16,2838,task_completed,R6,G01069,
20260908_023610_56ce16,2838,task_assigned,R2,G01078,
20260908_023610_56ce16,2839,task_created,,G01079,type=PACK pickup=PICK-2 dropoff=PACK-1
20260908_023610_56ce16,2839,task_assigned,R6,G01079,
20260908_023610_56ce16,2840,task_completed,R10,G00898,
20260908_023610_56ce16,2841,task_completed,R4,G00894,
20260908_023610_56ce16,2841,task_completed,R3,G01072,
20260908_023610_56ce16,2841,task_assigned,R10,G01077,
20260908_023610_56ce16,2842,task_assigned,R3,G00912,
20260908_023610_56ce16,2842,task_assigned,R4,G00916,
20260908_023610_56ce16,2842,task_completed,R13,G01066,
20260908_023610_56ce16,2843,task_assigned,R5,G00919,
20260908_023610_56ce16,2843,task_assigned,R13,G00922,
20260908_023610_56ce16,2843,task_created,,G01080,type=PUTAWAY pickup=RECV dropoff=E-08
20260908_023610_56ce16,2845,task_created,,G01081,type=PICK pickup=B-01 dropoff=PICK-3
20260908_023610_56ce16,2846,task_completed,R9,G01065,
20260908_023610_56ce16,2846,task_completed,R11,G01075,
20260908_023610_56ce16,2847,task_assigned,R11,G00925,
20260908_023610_56ce16,2847,task_completed,R10,G01077,
20260908_023610_56ce16,2847,task_assigned,R9,G01081,
20260908_023610_56ce16,2848,task_assigned,R10,G00927,
20260908_023610_56ce16,2851,task_created,,G01082,type=PUTAWAY pickup=BUFFER dropoff=D-08
20260908_023610_56ce16,2851,task_created,,G01083,type=PACK pickup=PICK-1 dropoff=PACK-2
20260908_023610_56ce16,2851,task_created,,G01084,type=SHIP pickup=STAGING dropoff=DOCK-2
20260908_023610_56ce16,2854,task_completed,R12,G00891,
20260908_023610_56ce16,2855,task_assigned,R12,G01084,
20260908_023610_56ce16,2855,task_created,,G01085,type=PICK pickup=E-06 dropoff=PICK-2
20260908_023610_56ce16,2856,task_interrupted,R4,G00916,
20260908_023610_56ce16,2856,task_completed,R6,G01079,
20260908_023610_56ce16,2857,task_completed,R1,G01073,
20260908_023610_56ce16,2857,task_assigned,R6,G01083,
20260908_023610_56ce16,2858,task_assigned,R1,G01085,
20260908_023610_56ce16,2859,task_created,,G01086,type=PUTAWAY pickup=BUFFER dropoff=C-06
20260908_023610_56ce16,2860,task_completed,R7,G00909,
20260908_023610_56ce16,2861,task_assigned,R7,G00916,
20260908_023610_56ce16,2861,task_completed,R2,G01078,
20260908_023610_56ce16,2862,task_assigned,R2,G00931,
20260908_023610_56ce16,2863,task_created,,G01087,type=PACK pickup=PICK-3 dropoff=PACK-1
20260908_023610_56ce16,2865,task_created,,G01088,type=PICK pickup=G-03 dropoff=PICK-1
20260908_023610_56ce16,2865,task_created,,G01089,type=SHIP pickup=STAGING dropoff=DOCK-1
20260908_023610_56ce16,2867,task_created,,G01090,type=PUTAWAY pickup=BUFFER dropoff=D-04
20260908_023610_56ce16,2871,task_completed,R5,G00919,
20260908_023610_56ce16,2872,task_completed,R11,G00925,
20260908_023610_56ce16,2872,task_assigned,R5,G01089,
20260908_023610_56ce16,2873,task_interrupted,R2,G00931,
20260908_023610_56ce16,2873,task_assigned,R11,G01087,
20260908_023610_56ce16,2875,task_created,,G01091,type=PUTAWAY pickup=RECV dropoff=A-02
20260908_023610_56ce16,2875,task_created,,G01092,type=PICK pickup=F-03 dropoff=PICK-3
20260908_023610_56ce16,2875,task_created,,G01093,type=PACK pickup=PICK-2 dropoff=PACK-2
20260908_023610_56ce16,2876,task_completed,R12,G01084,
20260908_023610_56ce16,2877,task_assigned,R12,G01093,
20260908_023610_56ce16,2878,task_interrupted,R12,G01093,
20260908_023610_56ce16,2879,task_created,,G01094,type=SHIP pickup=STAGING dropoff=DOCK-2
20260908_023610_56ce16,2881,task_completed,R6,G01083,
20260908_023610_56ce16,2882,task_interrupted,R1,G01085,
20260908_023610_56ce16,2882,task_assigned,R6,G01094,
20260908_023610_56ce16,2883,task_completed,R9,G01081,
20260908_023610_56ce16,2883,task_created,,G01095,type=PUTAWAY pickup=RECV dropoff=B-03
20260908_023610_56ce16,2884,task_assigned,R9,G01093,
20260908_023610_56ce16,2885,task_created,,G01096,type=PICK pickup=G-07 dropoff=PICK-2
20260908_023610_56ce16,2886,task_completed,R10,G00927,
20260908_023610_56ce16,2887,task_created,,G01097,type=PACK pickup=PICK-1 dropoff=PACK-2
20260908_023610_56ce16,2887,task_assigned,R10,G01097,
20260908_023610_56ce16,2889,task_completed,R8,G00907,
20260908_023610_56ce16,2889,task_completed,R13,G00922,
20260908_023610_56ce16,2889,task_completed,R6,G01094,
20260908_023610_56ce16,2890,task_assigned,R13,G01085,
20260908_023610_56ce16,2890,task_assigned,R6,G01088,
20260908_023610_56ce16,2890,task_assigned,R8,G01092,
20260908_023610_56ce16,2891,task_created,,G01098,type=PUTAWAY pickup=RECV dropoff=H-02
20260908_023610_56ce16,2893,task_completed,R5,G01089,
20260908_023610_56ce16,2893,task_created,,G01099,type=SHIP pickup=STAGING dropoff=DOCK-1
20260908_023610_56ce16,2894,task_completed,R3,G00912,
20260908_023610_56ce16,2894,task_assigned,R5,G01096,
20260908_023610_56ce16,2894,task_assigned,R4,G01099,
20260908_023610_56ce16,2895,task_created,,G01100,type=PICK pickup=C-03 dropoff=PICK-1
20260908_023610_56ce16,2895,task_assigned,R3,G01100,
20260908_023610_56ce16,2899,task_completed,R13,G01085,
20260908_023610_56ce16,2899,task_completed,R11,G01087,
20260908_023610_56ce16,2899,task_created,,G01101,type=PUTAWAY pickup=RECV dropoff=B-06
20260908_023610_56ce16,2899,task_created,,G01102,type=PACK pickup=PICK-3 dropoff=PACK-2
20260908_023610_56ce16,2900,task_assigned,R11,G00931,
20260908_023610_56ce16,2900,task_assigned,R13,G01102,
20260908_023610_56ce16,2901,task_completed,R9,G01093,
20260908_023610_56ce16,2902,task_assigned,R9,G00934,
20260908_023610_56ce16,2905,task_completed,R7,G00916,
20260908_023610_56ce16,2905,task_created,,G01103,type=PICK pickup=B-02 dropoff=PICK-2
20260908_023610_56ce16,2905,task_assigned,R12,G01103,
20260908_023610_56ce16,2906,task_assigned,R2,G00937,
20260908_023610_56ce16,2906,task_assigned,R7,G00940,
20260908_023610_56ce16,2907,task_created,,G01104,type=PUTAWAY pickup=BUFFER dropoff=B-02
20260908_023610_56ce16,2907,task_created,,G01105,type=SHIP pickup=STAGING dropoff=DOCK-2
20260908_023610_56ce16,2909,task_completed,R4,G01099,
20260908_023610_56ce16,2910,task_completed,R10,G01097,
20260908_023610_56ce16,2910,task_assigned,R4,G01105,
20260908_023610_56ce16,2911,task_created,,G01106,type=PACK pickup=PICK-1 dropoff=PACK-2
20260908_023610_56ce16,2913,task_assigned,R10,G00943,
20260908_023610_56ce16,2913,task_interrupted,R8,G01092,
20260908_023610_56ce16,2913,task_assigned,R1,G01106,
20260908_023610_56ce16,2915,task_completed,R4,G01105,
20260908_023610_56ce16,2915,task_created,,G01107,type=PUTAWAY pickup=BUFFER dropoff=B-01
20260908_023610_56ce16,2915,task_created,,G01108,type=PICK pickup=G-05 dropoff=PICK-1
20260908_023610_56ce16,2916,task_assigned,R4,G01092,
20260908_023610_56ce16,2916,task_completed,R13,G01102,
20260908_023610_56ce16,2917,task_interrupted,R10,G00943,
20260908_023610_56ce16,2917,task_assigned,R13,G01108,
20260908_023610_56ce16,2921,task_created,,G01109,type=SHIP pickup=STAGING dropoff=DOCK-1
20260908_023610_56ce16,2923,task_created,,G01110,type=PUTAWAY pickup=RECV dropoff=H-01
20260908_023610_56ce16,2923,task_created,,G01111,type=PACK pickup=PICK-2 dropoff=PACK-1
20260908_023610_56ce16,2925,task_created,,G01112,type=PICK pickup=A-03 dropoff=PICK-3
20260908_023610_56ce16,2927,task_completed,R7,G00940,
20260908_023610_56ce16,2928,task_assigned,R7,G01109,
20260908_023610_56ce16,2929,task_interrupted,R11,G00931,
20260908_023610_56ce16,2931,task_completed,R4,G01092,
20260908_023610_56ce16,2931,task_created,,G01113,type=PUTAWAY pickup=RECV dropoff=G-03
20260908_023610_56ce16,2932,task_assigned,R4,G01111,
20260908_023610_56ce16,2934,task_completed,R6,G01088,
20260908_023610_56ce16,2935,task_created,,G01114,type=PICK pickup=G-06 dropoff=PICK-3
20260908_023610_56ce16,2935,task_created,,G01115,type=PACK pickup=PICK-2 dropoff=PACK-2
20260908_023610_56ce16,2935,task_created,,G01116,type=SHIP pickup=STAGING dropoff=DOCK-2
20260908_023610_56ce16,2935,task_assigned,R6,G01116,
20260908_023610_56ce16,2939,task_created,,G01117,type=PUTAWAY pickup=BUFFER dropoff=A-03
20260908_023610_56ce16,2941,task_completed,R12,G01103,
20260908_023610_56ce16,2942,task_completed,R1,G01106,
20260908_023610_56ce16,2942,task_assigned,R12,G01115,
20260908_023610_56ce16,2943,task_assigned,R1,G01112,
20260908_023610_56ce16,2944,task_interrupted,R6,G01116,
20260908_023610_56ce16,2945,task_assigned,R10,G00943,
20260908_023610_56ce16,2945,task_completed,R5,G01096,
20260908_023610_56ce16,2945,task_completed,R7,G01109,
20260908_023610_56ce16,2945,task_completed,R4,G01111,
20260908_023610_56ce16,2945,task_created,,G01118,type=PICK pickup=C-06 dropoff=PICK-2
20260908_023610_56ce16,2946,task_assigned,R5,G01114,
20260908_023610_56ce16,2946,task_assigned,R4,G01116,
20260908_023610_56ce16,2946,task_assigned,R7,G01118,
20260908_023610_56ce16,2947,task_interrupted,R9,G00934,
20260908_023610_56ce16,2947,task_created,,G01119,type=PUTAWAY pickup=RECV dropoff=F-01
20260908_023610_56ce16,2947,task_created,,G01120,type=PACK pickup=PICK-3 dropoff=PACK-2
20260908_023610_56ce16,2948,task_completed,R13,G01108,
20260908_023610_56ce16,2948,task_completed,R12,G01115,
20260908_023610_56ce16,2949,task_completed,R3,G01100,
20260908_023610_56ce16,2949,task_assigned,R13,G01120,
20260908_023610_56ce16,2949,task_created,,G01121,type=SHIP pickup=STAGING dropoff=DOCK-1
20260908_023610_56ce16,2949,task_assigned,R12,G01121,
20260908_023610_56ce16,2950,task_assigned,R3,G00931,
20260908_023610_56ce16,2955,task_completed,R4,G01116,
20260908_023610_56ce16,2955,task_created,,G01122,type=PUTAWAY pickup=RECV dropoff=C-03
20260908_023610_56ce16,2955,task_created,,G01123,type=PICK pickup=C-06 dropoff=PICK-2
20260908_023610_56ce16,2956,task_assigned,R4,G01123,
20260908_023610_56ce16,2957,task_assigned,R8,G00934,
20260908_023610_56ce16,2957,task_completed,R2,G00937,
20260908_023610_56ce16,2957,task_completed,R12,G01121,
20260908_023610_56ce16,2958,task_assigned,R2,G00946,
20260908_023610_56ce16,2958,task_assigned,R12,G00949,
20260908_023610_56ce16,2959,task_created,,G01124,type=PACK pickup=PICK-2 dropoff=PACK-2
20260908_023610_56ce16,2963,task_completed,R3,G00931,
20260908_023610_56ce16,2963,task_created,,G01125,type=PUTAWAY pickup=RECV dropoff=G-05
20260908_023610_56ce16,2963,task_created,,G01126,type=SHIP pickup=STAGING dropoff=DOCK-1
20260908_023610_56ce16,2964,task_assigned,R3,G01126,
20260908_023610_56ce16,2965,task_created,,G01127,type=PICK pickup=B-02 dropoff=PICK-2
20260908_023610_56ce16,2967,task_assigned,R11,G01124,
20260908_023610_56ce16,2968,task_interrupted,R13,G01120,
20260908_023610_56ce16,2969,task_interrupted,R7,G01118,
20260908_023610_56ce16,2971,task_assigned,R6,G01120,
20260908_023610_56ce16,2971,task_created,,G01128,type=PUTAWAY pickup=BUFFER dropoff=E-02
20260908_023610_56ce16,2971,task_created,,G01129,type=PACK pickup=PICK-2 dropoff=PACK-2
20260908_023610_56ce16,2975,task_created,,G01130,type=PICK pickup=E-08 dropoff=PICK-3
20260908_023610_56ce16,2977,task_created,,G01131,type=SHIP pickup=STAGING dropoff=DOCK-1
20260908_023610_56ce16,2979,task_created,,G01132,type=PUTAWAY pickup=RECV dropoff=F-03
20260908_023610_56ce16,2980,task_completed,R10,G00943,
20260908_023610_56ce16,2980,task_completed,R2,G00946,
20260908_023610_56ce16,2980,task_completed,R3,G01126,
20260908_023610_56ce16,2981,task_assigned,R3,G01118,
20260908_023610_56ce16,2981,task_assigned,R2,G01129,
20260908_023610_56ce16,2981,task_assigned,R10,G01131,
20260908_023610_56ce16,2982,task_completed,R5,G01114,
20260908_023610_56ce16,2983,task_created,,G01133,type=PACK pickup=PICK-3 dropoff=PACK-2
20260908_023610_56ce16,2983,task_assigned,R5,G01133,
20260908_023610_56ce16,2985,task_created,,G01134,type=PICK pickup=B-08 dropoff=PICK-2
20260908_023610_56ce16,2987,task_completed,R8,G00934,
20260908_023610_56ce16,2987,task_created,,G01135,type=PUTAWAY pickup=RECV dropoff=G-01
20260908_023610_56ce16,2988,task_completed,R1,G01112,
20260908_023610_56ce16,2988,task_assigned,R8,G01127,
20260908_023610_56ce16,2989,task_assigned,R1,G01130,
20260908_023610_56ce16,2991,task_created,,G01136,type=SHIP pickup=STAGING dropoff=DOCK-1
20260908_023610_56ce16,2991,task_assigned,R9,G01136,
20260908_023610_56ce16,2993,task_completed,R11,G01124,
20260908_023610_56ce16,2994,task_completed,R12,G00949,
20260908_023610_56ce16,2994,task_completed,R5,G01133,
20260908_023610_56ce16,2994,task_assigned,R11,G01134,
20260908_023610_56ce16,2995,task_completed,R4,G01123,
20260908_023610_56ce16,2995,task_created,,G01137,type=PUTAWAY pickup=BUFFER dropoff=G-04
20260908_023610_56ce16,2995,task_created,,G01138,type=PICK pickup=A-03 dropoff=PICK-2
20260908_023610_56ce16,2995,task_assigned,R5,G01138,
20260908_023610_56ce16,2995,task_created,,G01139,type=PACK pickup=PICK-2 dropoff=PACK-1
20260908_023610_56ce16,2995,task_assigned,R12,G01139,
20260908_023610_56ce16,2996,task_assigned,R4,G00953,
20260908_023610_56ce16,2997,task_completed,R10,G01131,
20260908_023610_56ce16,2998,task_assigned,R10,G00954,
20260908_023610_56ce16,3000,task_completed,R2,G01129,
20260908_023610_56ce16,3001,task_assigned,R2,G00958,
20260908_023610_56ce16,3001,task_completed,R6,G01120,
20260908_023610_56ce16,3002,task_assigned,R6,G00962,
20260908_023610_56ce16,3003,task_assigned,R13,G00964,
20260908_023610_56ce16,3003,task_created,,G01140,type=PUTAWAY pickup=RECV dropoff=E-03
20260908_023610_56ce16,3005,task_created,,G01141,type=PICK pickup=D-06 dropoff=PICK-3
20260908_023610_56ce16,3005,task_created,,G01142,type=SHIP pickup=STAGING dropoff=DOCK-2
20260908_023610_56ce16,3007,task_completed,R3,G01118,
20260908_023610_56ce16,3007,task_completed,R9,G01136,
20260908_023610_56ce16,3007,task_created,,G01143,type=PACK pickup=PICK-2 dropoff=PACK-1
20260908_023610_56ce16,3008,task_assigned,R9,G01142,
20260908_023610_56ce16,3008,task_assigned,R3,G01143,
20260908_023610_56ce16,3011,task_assigned,R7,G01141,
20260908_023610_56ce16,3011,task_created,,G01144,type=PUTAWAY pickup=BUFFER dropoff=E-07
20260908_023610_56ce16,3012,task_completed,R12,G01139,
20260908_023610_56ce16,3013,task_assigned,R12,G00968,
20260908_023610_56ce16,3013,task_completed,R9,G01142,
20260908_023610_56ce16,3013,task_completed,R3,G01143,
20260908_023610_56ce16,3014,task_assigned,R9,G00970,
20260908_023610_56ce16,3014,task_assigned,R3,G00973,
20260908_023610_56ce16,3015,task_created,,G01145,type=PICK pickup=C-03 dropoff=PICK-2
20260908_023610_56ce16,3017,task_completed,R8,G01127,
20260908_023610_56ce16,3018,task_assigned,R8,G01145,
20260908_023610_56ce16,3019,task_completed,R11,G01134,
20260908_023610_56ce16,3019,task_created,,G01146,type=PUTAWAY pickup=RECV dropoff=A-01
20260908_023610_56ce16,3019,task_created,,G01147,type=PACK pickup=PICK-3 dropoff=PACK-2
20260908_023610_56ce16,3019,task_created,,G01148,type=SHIP pickup=STAGING dropoff=DOCK-2
20260908_023610_56ce16,3020,task_assigned,R11,G01148,
20260908_023610_56ce16,3025,task_created,,G01149,type=PICK pickup=E-04 dropoff=PICK-2
20260908_023610_56ce16,3027,task_completed,R6,G00962,
20260908_023610_56ce16,3027,task_created,,G01150,type=PUTAWAY pickup=RECV dropoff=A-06
20260908_023610_56ce16,3028,task_completed,R10,G00954,
20260908_023610_56ce16,3028,task_assigned,R6,G01147,
20260908_023610_56ce16,3028,task_completed,R11,G01148,
20260908_023610_56ce16,3029,task_assigned,R10,G00976,
20260908_023610_56ce16,3029,task_assigned,R11,G01149,
20260908_023610_56ce16,3031,task_completed,R4,G00953,
20260908_023610_56ce16,3031,task_created,,G01151,type=PACK pickup=PICK-2 dropoff=PACK-2
20260908_023610_56ce16,3032,task_assigned,R4,G01151,
20260908_023610_56ce16,3033,task_created,,G01152,type=SHIP pickup=STAGING dropoff=DOCK-2
20260908_023610_56ce16,3035,task_created,,G01153,type=PUTAWAY pickup=BUFFER dropoff=H-03
20260908_023610_56ce16,3035,task_created,,G01154,type=PICK pickup=G-05 dropoff=PICK-2
20260908_023610_56ce16,3037,task_completed,R1,G01130,
20260908_023610_56ce16,3038,task_completed,R12,G00968,
20260908_023610_56ce16,3038,task_assigned,R1,G01152,
20260908_023610_56ce16,3039,task_assigned,R12,G01154,
20260908_023610_56ce16,3040,task_completed,R13,G00964,
20260908_023610_56ce16,3041,task_assigned,R13,G00980,
20260908_023610_56ce16,3041,task_completed,R5,G01138,
20260908_023610_56ce16,3042,task_assigned,R5,G00983,
20260908_023610_56ce16,3043,task_created,,G01155,type=PUTAWAY pickup=RECV dropoff=A-06
20260908_023610_56ce16,3043,task_created,,G01156,type=PACK pickup=PICK-1 dropoff=PACK-2
20260908_023610_56ce16,3045,task_interrupted,R3,G00973,
20260908_023610_56ce16,3045,task_created,,G01157,type=PICK pickup=E-08 dropoff=PICK-2
20260908_023610_56ce16,3047,task_completed,R8,G01145,
20260908_023610_56ce16,3047,task_created,,G01158,type=SHIP pickup=STAGING dropoff=DOCK-2
20260908_023610_56ce16,3048,task_assigned,R8,G01158,
20260908_023610_56ce16,3051,task_created,,G01159,type=PUTAWAY pickup=BUFFER dropoff=H-03
20260908_023610_56ce16,3053,task_completed,R4,G01151,
20260908_023610_56ce16,3054,task_completed,R7,G01141,
20260908_023610_56ce16,3054,task_completed,R1,G01152,
20260908_023610_56ce16,3054,task_completed,R12,G01154,
20260908_023610_56ce16,3054,task_assigned,R4,G01156,
20260908_023610_56ce16,3055,task_assigned,R12,G01157,
20260908_023610_56ce16,3055,task_created,,G01160,type=PICK pickup=G-07 dropoff=PICK-2
20260908_023610_56ce16,3055,task_assigned,R1,G01160,
20260908_023610_56ce16,3055,task_created,,G01161,type=PACK pickup=PICK-1 dropoff=PACK-2
20260908_023610_56ce16,3055,task_assigned,R7,G01161,
20260908_023610_56ce16,3057,task_completed,R6,G01147,
20260908_023610_56ce16,3058,task_assigned,R6,G00973,
20260908_023610_56ce16,3059,task_completed,R10,G00976,
20260908_023610_56ce16,3059,task_completed,R8,G01158,
20260908_023610_56ce16,3059,task_created,,G01162,type=PUTAWAY pickup=BUFFER dropoff=G-03
20260908_023610_56ce16,3060,task_assigned,R10,G00985,
20260908_023610_56ce16,3060,task_assigned,R8,G00989,
20260908_023610_56ce16,3061,task_created,,G01163,type=SHIP pickup=STAGING dropoff=DOCK-1
20260908_023610_56ce16,3062,task_completed,R11,G01149,
20260908_023610_56ce16,3063,task_assigned,R11,G01163,
20260908_023610_56ce16,3065,task_created,,G01164,type=PICK pickup=G-03 dropoff=PICK-1
20260908_023610_56ce16,3067,task_created,,G01165,type=PUTAWAY pickup=RECV dropoff=G-07
20260908_023610_56ce16,3067,task_created,,G01166,type=PACK pickup=PICK-2 dropoff=PACK-2
20260908_023610_56ce16,3071,task_completed,R11,G01163,
20260908_023610_56ce16,3072,task_completed,R9,G00970,
20260908_023610_56ce16,3072,task_completed,R13,G00980,
20260908_023610_56ce16,3072,task_assigned,R11,G01166,
20260908_023610_56ce16,3073,task_completed,R5,G00983,
20260908_023610_56ce16,3073,task_completed,R10,G00985,
20260908_023610_56ce16,3073,task_assigned,R9,G00991,
20260908_023610_56ce16,3073,task_assigned,R13,G01164,
20260908_023610_56ce16,3074,task_assigned,R10,G00995,
20260908_023610_56ce16,3074,task_assigned,R5,G00998,
20260908_023610_56ce16,3075,task_created,,G01167,type=PUTAWAY pickup=BUFFER dropoff=B-08
20260908_023610_56ce16,3075,task_created,,G01168,type=PICK pickup=H-07 dropoff=PICK-2
20260908_023610_56ce16,3075,task_created,,G01169,type=SHIP pickup=STAGING dropoff=DOCK-1
20260908_023610_56ce16,3078,task_completed,R12,G01157,
20260908_023610_56ce16,3079,task_assigned,R12,G01169,
20260908_023610_56ce16,3079,task_created,,G01170,type=PACK pickup=PICK-3 dropoff=PACK-2
20260908_023610_56ce16,3081,task_completed,R2,G00958,
20260908_023610_56ce16,3082,task_assigned,R2,G01168,
20260908_023610_56ce16,3082,task_assigned,R3,G01170,
20260908_023610_56ce16,3083,task_completed,R4,G01156,
20260908_023610_56ce16,3083,task_completed,R1,G01160,
20260908_023610_56ce16,3083,task_created,,G01171,type=PUTAWAY pickup=BUFFER dropoff=D-01
20260908_023610_56ce16,3084,task_assigned,R1,G01000,
20260908_023610_56ce16,3084,task_assigned,R4,G01004,
20260908_023610_56ce16,3085,task_created,,G01172,type=PICK pickup=A-05 dropoff=PICK-2
20260908_023610_56ce16,3086,task_interrupted,R5,G00998,
20260908_023610_56ce16,3087,task_completed,R11,G01166,
20260908_023610_56ce16,3088,task_assigned,R11,G01172,
20260908_023610_56ce16,3089,task_completed,R12,G01169,
20260908_023610_56ce16,3089,task_created,,G01173,type=SHIP pickup=STAGING dropoff=DOCK-2
20260908_023610_56ce16,3090,task_completed,R7,G01161,
20260908_023610_56ce16,3090,task_assigned,R12,G01173,
20260908_023610_56ce16,3091,task_created,,G01174,type=PUTAWAY pickup=BUFFER dropoff=E-04
20260908_023610_56ce16,3091,task_created,,G01175,type=PACK pickup=PICK-2 dropoff=PACK-2
20260908_023610_56ce16,3091,task_assigned,R7,G01175,
20260908_023610_56ce16,3095,task_completed,R12,G01173,
20260908_023610_56ce16,3095,task_created,,G01176,type=PICK pickup=G-06 dropoff=PICK-2
20260908_023610_56ce16,3096,task_assigned,R12,G01176,
20260908_023610_56ce16,3099,task_completed,R2,G01168,
20260908_023610_56ce16,3099,task_created,,G01177,type=PUTAWAY pickup=BUFFER dropoff=A-04
20260908_023610_56ce16,3100,task_assigned,R2,G00998,
20260908_023610_56ce16,3102,task_completed,R10,G00995,
20260908_023610_56ce16,3103,task_created,,G01178,type=PACK pickup=PICK-2 dropoff=PACK-2
20260908_023610_56ce16,3103,task_created,,G01179,type=SHIP pickup=STAGING dropoff=DOCK-1
20260908_023610_56ce16,3103,task_assigned,R10,G01179,
20260908_023610_56ce16,3104,task_completed,R7,G01175,
20260908_023610_56ce16,3105,task_assigned,R7,G01178,
20260908_023610_56ce16,3105,task_created,,G01180,type=PICK pickup=F-01 dropoff=PICK-3
20260908_023610_56ce16,3107,task_completed,R8,G00989,
20260908_023610_56ce16,3107,task_created,,G01181,type=PUTAWAY pickup=BUFFER dropoff=E-03
20260908_023610_56ce16,3108,task_assigned,R8,G01180,
20260908_023610_56ce16,3111,task_completed,R6,G00973,
20260908_023610_56ce16,3112,task_interrupted,R2,G00998,
20260908_023610_56ce16,3112,task_assigned,R6,G01007,
20260908_023610_56ce16,3115,task_created,,G01182,type=PUTAWAY pickup=RECV dropoff=E-01
20260908_023610_56ce16,3115,task_created,,G01183,type=PICK pickup=A-02 dropoff=PICK-3
20260908_023610_56ce16,3115,task_created,,G01184,type=PACK pickup=PICK-3 dropoff=PACK-2
20260908_023610_56ce16,3116,task_completed,R13,G01164,
20260908_023610_56ce16,3117,task_interrupted,R4,G01004,
20260908_023610_56ce16,3117,task_completed,R3,G01170,
20260908_023610_56ce16,3117,task_created,,G01185,type=SHIP pickup=STAGING dropoff=DOCK-1
20260908_023610_56ce16,3117,task_assigned,R13,G01185,
20260908_023610_56ce16,3118,task_completed,R7,G01178,
20260908_023610_56ce16,3118,task_assigned,R3,G01184,
20260908_023610_56ce16,3119,task_completed,R9,G00991,
20260908_023610_56ce16,3119,task_assigned,R7,G01183,
20260908_023610_56ce16,3120,task_assigned,R5,G00998,
20260908_023610_56ce16,3120,task_assigned,R9,G01004,
20260908_023610_56ce16,3123,task_completed,R1,G01000,
20260908_023610_56ce16,3123,task_created,,G01186,type=PUTAWAY pickup=RECV dropoff=E-03
20260908_023610_56ce16,3124,task_assigned,R1,G01010,
20260908_023610_56ce16,3125,task_created,,G01187,type=PICK pickup=G-01 dropoff=PICK-2
20260908_023610_56ce16,3127,task_created,,G01188,type=PACK pickup=PICK-1 dropoff=PACK-2
20260908_023610_56ce16,3130,task_completed,R11,G01172,
20260908_023610_56ce16,3130,task_interrupted,R12,G01176,
20260908_023610_56ce16,3131,task_created,,G01189,type=PUTAWAY pickup=RECV dropoff=E-07
20260908_023610_56ce16,3131,task_created,,G01190,type=SHIP pickup=STAGING dropoff=DOCK-2
20260908_023610_56ce16,3131,task_assigned,R11,G01190,
20260908_023610_56ce16,3132,task_completed,R6,G01007,
20260908_023610_56ce16,3132,task_interrupted,R1,G01010,
20260908_023610_56ce16,3132,task_completed,R10,G01179,
20260908_023610_56ce16,3133,task_assigned,R10,G01176,
20260908_023610_56ce16,3133,task_completed,R13,G01185,
20260908_023610_56ce16,3133,task_assigned,R6,G01188,
20260908_023610_56ce16,3134,task_assigned,R13,G01187,
20260908_023610_56ce16,3135,task_completed,R3,G01184,
20260908_023610_56ce16,3135,task_created,,G01191,type=PICK pickup=D-07 dropoff=PICK-1
20260908_023610_56ce16,3136,task_assigned,R3,G01191,
20260908_023610_56ce16,3139,task_created,,G01192,type=PUTAWAY pickup=BUFFER dropoff=G-08
20260908_023610_56ce16,3139,task_created,,G01193,type=PACK pickup=PICK-3 dropoff=PACK-2
20260908_023610_56ce16,3141,task_completed,R11,G01190,
20260908_023610_56ce16,3142,task_assigned,R11,G01193,
20260908_023610_56ce16,3145,task_created,,G01194,type=PICK pickup=H-07 dropoff=PICK-3
20260908_023610_56ce16,3145,task_created,,G01195,type=SHIP pickup=STAGING dropoff=DOCK-1
20260908_023610_56ce16,3145,task_assigned,R2,G01195,
20260908_023610_56ce16,3147,task_created,,G01196,type=PUTAWAY pickup=BUFFER dropoff=C-07
20260908_023610_56ce16,3150,task_completed,R9,G01004,
20260908_023610_56ce16,3151,task_created,,G01197,type=PACK pickup=PICK-2 dropoff=PACK-2
20260908_023610_56ce16,3151,task_assigned,R9,G01197,
20260908_023610_56ce16,3153,task_completed,R5,G00998,
20260908_023610_56ce16,3154,task_assigned,R5,G01194,
20260908_023610_56ce16,3155,task_completed,R8,G01180,
20260908_023610_56ce16,3155,task_completed,R13,G01187,
20260908_023610_56ce16,3155,task_created,,G01198,type=PUTAWAY pickup=BUFFER dropoff=H-07
20260908_023610_56ce16,3155,task_created,,G01199,type=PICK pickup=C-02 dropoff=PICK-1
20260908_023610_56ce16,3156,task_assigned,R8,G01010,
20260908_023610_56ce16,3156,task_assigned,R13,G01199,
20260908_023610_56ce16,3158,task_completed,R10,G01176,
20260908_023610_56ce16,3159,task_created,,G01200,type=SHIP pickup=STAGING dropoff=DOCK-1
20260908_023610_56ce16,3159,task_assigned,R10,G01200,
20260908_023610_56ce16,3161,task_completed,R2,G01195,
20260908_023610_56ce16,3162,task_assigned,R2,G01013,
20260908_023610_56ce16,3163,task_completed,R11,G01193,
20260908_023610_56ce16,3163,task_created,,G01201,type=PUTAWAY pickup=RECV dropoff=G-01
20260908_023610_56ce16,3163,task_created,,G01202,type=PACK pickup=PICK-1 dropoff=PACK-1
20260908_023610_56ce16,3164,task_assigned,R11,G01202,
20260908_023610_56ce16,3165,task_created,,G01203,type=PICK pickup=B-06 dropoff=PICK-2
20260908_023610_56ce16,3167,task_completed,R10,G01200,
20260908_023610_56ce16,3167,task_assigned,R4,G01203,
20260908_023610_56ce16,3170,task_assigned,R1,G01016,
20260908_023610_56ce16,3171,task_created,,G01204,type=PUTAWAY pickup=BUFFER dropoff=E-03
20260908_023610_56ce16,3172,task_completed,R6,G01188,
20260908_023610_56ce16,3172,task_completed,R3,G01191,
20260908_023610_56ce16,3173,task_assigned,R3,G01018,
20260908_023610_56ce16,3173,task_assigned,R6,G01022,
20260908_023610_56ce16,3173,task_created,,G01205,type=SHIP pickup=STAGING dropoff=DOCK-2
20260908_023610_56ce16,3173,task_assigned,R12,G01205,
20260908_023610_56ce16,3174,task_completed,R9,G01197,
20260908_023610_56ce16,3175,task_created,,G01206,type=PICK pickup=G-03 dropoff=PICK-1
20260908_023610_56ce16,3175,task_created,,G01207,type=PACK pickup=PICK-1 dropoff=PACK-2
20260908_023610_56ce16,3175,task_assigned,R9,G01207,
20260908_023610_56ce16,3179,task_completed,R7,G01183,
20260908_023610_56ce16,3179,task_completed,R13,G01199,
20260908_023610_56ce16,3179,task_created,,G01208,type=PUTAWAY pickup=RECV dropoff=H-08
20260908_023610_56ce16,3180,task_assigned,R13,G01026,
20260908_023610_56ce16,3180,task_assigned,R7,G01206,
20260908_023610_56ce16,3184,task_interrupted,R11,G01202,
20260908_023610_56ce16,3185,task_completed,R5,G01194,
20260908_023610_56ce16,3185,task_created,,G01209,type=PICK pickup=G-01 dropoff=PICK-1
20260908_023610_56ce16,3186,task_completed,R8,G01010,
20260908_023610_56ce16,3186,task_assigned,R5,G01202,
20260908_023610_56ce16,3187,task_created,,G01210,type=PUTAWAY pickup=RECV dropoff=H-01
20260908_023610_56ce16,3187,task_created,,G01211,type=PACK pickup=PICK-1 dropoff=PACK-2
20260908_023610_56ce16,3187,task_created,,G01212,type=SHIP pickup=STAGING dropoff=DOCK-1
20260908_023610_56ce16,3187,task_assigned,R8,G01212,
20260908_023610_56ce16,3188,task_completed,R12,G01205,
20260908_023610_56ce16,3189,task_assigned,R12,G01211,
20260908_023610_56ce16,3189,task_interrupted,R8,G01212,
20260908_023610_56ce16,3195,task_completed,R1,G01016,
20260908_023610_56ce16,3195,task_created,,G01213,type=PUTAWAY pickup=RECV dropoff=F-04
20260908_023610_56ce16,3195,task_created,,G01214,type=PICK pickup=D-01 dropoff=PICK-3
20260908_023610_56ce16,3196,task_assigned,R1,G01209,
20260908_023610_56ce16,3196,task_assigned,R10,G01212,
20260908_023610_56ce16,3197,task_completed,R3,G01018,
20260908_023610_56ce16,3198,task_assigned,R3,G01214,
20260908_023610_56ce16,3199,task_completed,R5,G01202,
20260908_023610_56ce16,3199,task_created,,G01215,type=PACK pickup=PICK-3 dropoff=PACK-2
20260908_023610_56ce16,3200,task_completed,R4,G01203,
20260908_023610_56ce16,3200,task_assigned,R5,G01215,
20260908_023610_56ce16,3201,task_created,,G01216,type=SHIP pickup=STAGING dropoff=DOCK-1
20260908_023610_56ce16,3201,task_assigned,R4,G01216,
20260908_023610_56ce16,3202,task_interrupted,R6,G01022,
20260908_023610_56ce16,3203,task_created,,G01217,type=PUTAWAY pickup=BUFFER dropoff=D-03
20260908_023610_56ce16,3205,task_completed,R9,G01207,
20260908_023610_56ce16,3205,task_created,,G01218,type=PICK pickup=F-07 dropoff=PICK-2
20260908_023610_56ce16,3206,task_completed,R7,G01206,
20260908_023610_56ce16,3206,task_assigned,R9,G01218,
20260908_023610_56ce16,3207,task_assigned,R7,G01022,
20260908_023610_56ce16,3207,task_completed,R13,G01026,
20260908_023610_56ce16,3208,task_assigned,R13,G01028,
20260908_023610_56ce16,3209,task_completed,R4,G01216,
20260908_023610_56ce16,3210,task_assigned,R4,G01031,
20260908_023610_56ce16,3211,task_created,,G01219,type=PUTAWAY pickup=RECV dropoff=E-02
20260908_023610_56ce16,3211,task_created,,G01220,type=PACK pickup=PICK-1 dropoff=PACK-2
20260908_023610_56ce16,3212,task_completed,R10,G01212,
20260908_023610_56ce16,3212,task_assigned,R11,G01220,
20260908_023610_56ce16,3213,task_assigned,R10,G01034,
20260908_023610_56ce16,3215,task_created,,G01221,type=PICK pickup=B-02 dropoff=PICK-3
20260908_023610_56ce16,3215,task_created,,G01222,type=SHIP pickup=STAGING dropoff=DOCK-1
20260908_023610_56ce16,3219,task_created,,G01223,type=PUTAWAY pickup=BUFFER dropoff=H-01
20260908_023610_56ce16,3221,task_interrupted,R13,G01028,
20260908_023610_56ce16,3221,task_completed,R12,G01211,
20260908_023610_56ce16,3221,task_interrupted,R9,G01218,
20260908_023610_56ce16,3222,task_completed,R2,G01013,
20260908_023610_56ce16,3222,task_completed,R5,G01215,
20260908_023610_56ce16,3222,task_assigned,R12,G01222,
20260908_023610_56ce16,3223,task_assigned,R5,G01218,
20260908_023610_56ce16,3223,task_created,,G01224,type=PACK pickup=PICK-2 dropoff=PACK-1
20260908_023610_56ce16,3223,task_assigned,R2,G01224,
20260908_023610_56ce16,3225,task_created,,G01225,type=PICK pickup=C-07 dropoff=PICK-2
20260908_023610_56ce16,3227,task_created,,G01226,type=PUTAWAY pickup=BUFFER dropoff=D-05
20260908_023610_56ce16,3229,task_completed,R12,G01222,
20260908_023610_56ce16,3229,task_created,,G01227,type=SHIP pickup=STAGING dropoff=DOCK-2
20260908_023610_56ce16,3230,task_assigned,R12,G01227,
20260908_023610_56ce16,3231,task_completed,R3,G01214,
20260908_023610_56ce16,3231,task_assigned,R8,G01221,
20260908_023610_56ce16,3232,task_assigned,R3,G01225,
20260908_023610_56ce16,3234,task_interrupted,R7,G01022,
20260908_023610_56ce16,3235,task_completed,R12,G01227,
20260908_023610_56ce16,3235,task_created,,G01228,type=PUTAWAY pickup=BUFFER dropoff=F-03
20260908_023610_56ce16,3235,task_created,,G01229,type=PICK pickup=D-01 dropoff=PICK-2
20260908_023610_56ce16,3235,task_created,,G01230,type=PACK pickup=PICK-1 dropoff=PACK-2
20260908_023610_56ce16,3236,task_assigned,R12,G01230,
20260908_023610_56ce16,3237,task_assigned,R6,G01022,
20260908_023610_56ce16,3237,task_completed,R5,G01218,
20260908_023610_56ce16,3238,task_assigned,R5,G01229,
20260908_023610_56ce16,3240,task_completed,R11,G01220,
20260908_023610_56ce16,3240,task_completed,R2,G01224,
20260908_023610_56ce16,3241,task_assigned,R11,G01028,
20260908_023610_56ce16,3241,task_assigned,R2,G01037,
20260908_023610_56ce16,3243,task_created,,G01231,type=PUTAWAY pickup=BUFFER dropoff=B-02
20260908_023610_56ce16,3243,task_created,,G01232,type=SHIP pickup=STAGING dropoff=DOCK-2
20260908_023610_56ce16,3245,task_created,,G01233,type=PICK pickup=H-02 dropoff=PICK-2
20260908_023610_56ce16,3247,task_completed,R4,G01031,
20260908_023610_56ce16,3247,task_completed,R10,G01034,
20260908_023610_56ce16,3247,task_created,,G01234,type=PACK pickup=PICK-2 dropoff=PACK-2
20260908_023610_56ce16,3248,task_assigned,R10,G01232,
20260908_023610_56ce16,3248,task_assigned,R4,G01234,
20260908_023610_56ce16,3251,task_created,,G01235,type=PUTAWAY pickup=BUFFER dropoff=B-01
20260908_023610_56ce16,3255,task_created,,G01236,type=PICK pickup=F-03 dropoff=PICK-3
20260908_023610_56ce16,3256,task_assigned,R9,G01233,
20260908_023610_56ce16,3257,task_created,,G01237,type=SHIP pickup=STAGING dropoff=DOCK-2
20260908_023610_56ce16,3259,task_created,,G01238,type=PUTAWAY pickup=RECV dropoff=E-02
20260908_023610_56ce16,3259,task_created,,G01239,type=PACK pickup=PICK-3 dropoff=PACK-2
20260908_023610_56ce16,3260,task_completed,R1,G01209,
20260908_023610_56ce16,3260,task_assigned,R13,G01237,
20260908_023610_56ce16,3261,task_assigned,R1,G01239,
20260908_023610_56ce16,3263,task_completed,R5,G01229,
20260908_023610_56ce16,3264,task_assigned,R5,G01236,
20260908_023610_56ce16,3265,task_completed,R6,G01022,
20260908_023610_56ce16,3265,task_created,,G01240,type=PICK pickup=D-05 dropoff=PICK-3
20260908_023610_56ce16,3266,task_assigned,R6,G01240,
20260908_023610_56ce16,3267,task_completed,R12,G01230,
20260908_023610_56ce16,3267,task_completed,R10,G01232,
20260908_023610_56ce16,3267,task_created,,G01241,type=PUTAWAY pickup=RECV dropoff=G-05
20260908_023610_56ce16,3268,task_completed,R2,G01037,
20260908_023610_56ce16,3268,task_assigned,R10,G01040,
20260908_023610_56ce16,3268,task_assigned,R12,G01044,
20260908_023610_56ce16,3269,task_assigned,R2,G01046,
20260908_023610_56ce16,3269,task_completed,R8,G01221,
20260908_023610_56ce16,3270,task_assigned,R8,G01049,
20260908_023610_56ce16,3271,task_created,,G01242,type=PACK pickup=PICK-3 dropoff=PACK-2
20260908_023610_56ce16,3271,task_created,,G01243,type=SHIP pickup=STAGING dropoff=DOCK-2
20260908_023610_56ce16,3272,task_completed,R3,G01225,
20260908_023610_56ce16,3273,task_assigned,R3,G01243,
20260908_023610_56ce16,3275,task_assigned,R7,G01242,
20260908_023610_56ce16,3275,task_created,,G01244,type=PUTAWAY pickup=BUFFER dropoff=D-04
20260908_023610_56ce16,3275,task_created,,G01245,type=PICK pickup=H-08 dropoff=PICK-3
20260908_023610_56ce16,3276,task_completed,R13,G01237,
20260908_023610_56ce16,3277,task_assigned,R13,G01245,
20260908_023610_56ce16,3280,task_completed,R4,G01234,
20260908_023610_56ce16,3281,task_assigned,R4,G01053,
20260908_023610_56ce16,3283,task_completed,R3,G01243,
20260908_023610_56ce16,3283,task_created,,G01246,type=PUTAWAY pickup=RECV dropoff=E-05
20260908_023610_56ce16,3283,task_created,,G01247,type=PACK pickup=PICK-1 dropoff=PACK-1
20260908_023610_56ce16,3284,task_assigned,R3,G01247,
20260908_023610_56ce16,3285,task_completed,R2,G01046,
20260908_023610_56ce16,3285,task_created,,G01248,type=PICK pickup=H-08 dropoff=PICK-1
20260908_023610_56ce16,3285,task_created,,G01249,type=SHIP pickup=STAGING dropoff=DOCK-2
20260908_023610_56ce16,3286,task_assigned,R2,G01249,
20260908_023610_56ce16,3287,task_completed,R11,G01028,
20260908_023610_56ce16,3288,task_completed,R6,G01240,
20260908_023610_56ce16,3288,task_assigned,R11,G01248,
20260908_023610_56ce16,3289,task_assigned,R6,G01055,
20260908_023610_56ce16,3290,task_completed,R5,G01236,
20260908_023610_56ce16,3291,task_assigned,R5,G01059,
20260908_023610_56ce16,3291,task_created,,G01250,type=PUTAWAY pickup=BUFFER dropoff=A-03
20260908_023610_56ce16,3293,task_completed,R1,G01239,
20260908_023610_56ce16,3294,task_assigned,R1,G01061,
20260908_023610_56ce16,3295,task_created,,G01251,type=PICK pickup=D-02 dropoff=PICK-2
20260908_023610_56ce16,3295,task_created,,G01252,type=PACK pickup=PICK-3 dropoff=PACK-1
20260908_023610_56ce16,3299,task_created,,G01253,type=PUTAWAY pickup=BUFFER dropoff=A-03
20260908_023610_56ce16,3299,task_created,,G01254,type=SHIP pickup=STAGING dropoff=DOCK-1
20260908_023610_56ce16,3302,task_completed,R4,G01053,
20260908_023610_56ce16,3303,task_interrupted,R3,G01247,
20260908_023610_56ce16,3303,task_completed,R2,G01249,
20260908_023610_56ce16,3303,task_assigned,R4,G01254,
20260908_023610_56ce16,3304,task_completed,R10,G01040,
20260908_023610_56ce16,3304,task_completed,R12,G01044,
20260908_023610_56ce16,3304,task_assigned,R2,G01247,
20260908_023610_56ce16,3305,task_assigned,R12,G01251,
20260908_023610_56ce16,3305,task_assigned,R10,G01252,
20260908_023610_56ce16,3305,task_created,,G01255,type=PICK pickup=E-03 dropoff=PICK-1
20260908_023610_56ce16,3307,task_created,,G01256,type=PUTAWAY pickup=RECV dropoff=A-03
20260908_023610_56ce16,3307,task_created,,G01257,type=PACK pickup=PICK-1 dropoff=PACK-2
20260908_023610_56ce16,3309,task_completed,R8,G01049,
20260908_023610_56ce16,3310,task_assigned,R8,G01257,
20260908_023610_56ce16,3311,task_completed,R7,G01242,
20260908_023610_56ce16,3312,task_assigned,R7,G01255,
20260908_023610_56ce16,3313,task_completed,R13,G01245,
20260908_023610_56ce16,3313,task_created,,G01258,type=SHIP pickup=STAGING dropoff=DOCK-2
20260908_023610_56ce16,3314,task_assigned,R13,G01258,
20260908_023610_56ce16,3315,task_created,,G01259,type=PUTAWAY pickup=BUFFER dropoff=F-06
20260908_023610_56ce16,3315,task_created,,G01260,type=PICK pickup=A-03 dropoff=PICK-2
20260908_023610_56ce16,3317,task_completed,R6,G01055,
20260908_023610_56ce16,3318,task_completed,R4,G01254,
20260908_023610_56ce16,3318,task_assigned,R6,G01260,
20260908_023610_56ce16,3319,task_created,,G01261,type=PACK pickup=PICK-2 dropoff=PACK-2
20260908_023610_56ce16,3319,task_assigned,R4,G01261,
20260908_023610_56ce16,3323,task_created,,G01262,type=PUTAWAY pickup=BUFFER dropoff=H-07
20260908_023610_56ce16,3324,task_completed,R2,G01247,
20260908_023610_56ce16,3325,task_created,,G01263,type=PICK pickup=A-02 dropoff=PICK-2
20260908_023610_56ce16,3325,task_assigned,R2,G01263,
20260908_023610_56ce16,3327,task_created,,G01264,type=SHIP pickup=STAGING dropoff=DOCK-2
20260908_023610_56ce16,3327,task_assigned,R3,G01264,
20260908_023610_56ce16,3330,task_completed,R13,G01258,
20260908_023610_56ce16,3331,task_interrupted,R5,G01059,
20260908_023610_56ce16,3331,task_completed,R9,G01233,
20260908_023610_56ce16,3331,task_completed,R8,G01257,
20260908_023610_56ce16,3331,task_created,,G01265,type=PUTAWAY pickup=RECV dropoff=C-07
20260908_023610_56ce16,3331,task_created,,G01266,type=PACK pickup=PICK-3 dropoff=PACK-2
20260908_023610_56ce16,3331,task_assigned,R13,G01266,
20260908_023610_56ce16,3332,task_assigned,R9,G01059,
20260908_023610_56ce16,3332,task_assigned,R8,G01064,
20260908_023610_56ce16,3333,task_completed,R10,G01252,
20260908_023610_56ce16,3334,task_assigned,R10,G01068,
20260908_023610_56ce16,3335,task_completed,R4,G01261,
20260908_023610_56ce16,3335,task_created,,G01267,type=PICK pickup=E-01 dropoff=PICK-3
20260908_023610_56ce16,3336,task_assigned,R4,G01267,
20260908_023610_56ce16,3337,task_completed,R1,G01061,
20260908_023610_56ce16,3337,task_completed,R6,G01260,
20260908_023610_56ce16,3338,task_assigned,R6,G01071,
20260908_023610_56ce16,3338,task_assigned,R1,G01074,
20260908_023610_56ce16,3339,task_created,,G01268,type=PUTAWAY pickup=RECV dropoff=E-04
20260908_023610_56ce16,3341,task_created,,G01269,type=SHIP pickup=STAGING dropoff=DOCK-1
20260908_023610_56ce16,3342,task_completed,R7,G01255,
20260908_023610_56ce16,3342,task_completed,R3,G01264,
20260908_023610_56ce16,3343,task_assigned,R3,G01269,
20260908_023610_56ce16,3343,task_created,,G01270,type=PACK pickup=PICK-3 dropoff=PACK-1
20260908_023610_56ce16,3343,task_assigned,R7,G01270,
20260908_023610_56ce16,3345,task_created,,G01271,type=PICK pickup=F-03 dropoff=PICK-2
20260908_023610_56ce16,3347,task_created,,G01272,type=PUTAWAY pickup=BUFFER dropoff=E-03
20260908_023610_56ce16,3348,task_completed,R9,G01059,
20260908_023610_56ce16,3348,task_completed,R12,G01251,
20260908_023610_56ce16,3348,task_completed,R3,G01269,
20260908_023610_56ce16,3349,task_assigned,R9,G01076,
20260908_023610_56ce16,3349,task_assigned,R12,G01080,
20260908_023610_56ce16,3349,task_assigned,R3,G01271,
20260908_023610_56ce16,3352,task_completed,R8,G01064,
20260908_023610_56ce16,3352,task_completed,R13,G01266,
20260908_023610_56ce16,3353,task_assigned,R13,G01082,
20260908_023610_56ce16,3353,task_assigned,R8,G01086,
20260908_023610_56ce16,3353,task_completed,R11,G01248,
20260908_023610_56ce16,3354,task_assigned,R11,G01090,
20260908_023610_56ce16,3355,task_created,,G01273,type=PUTAWAY pickup=RECV dropoff=D-01
20260908_023610_56ce16,3355,task_created,,G01274,type=PICK pickup=A-04 dropoff=PICK-3
20260908_023610_56ce16,3355,task_created,,G01275,type=PACK pickup=PICK-3 dropoff=PACK-1
20260908_023610_56ce16,3355,task_created,,G01276,type=SHIP pickup=STAGING dropoff=DOCK-1
20260908_023610_56ce16,3357,task_interrupted,R2,G01263,
20260908_023610_56ce16,3363,task_created,,G01277,type=PUTAWAY pickup=RECV dropoff=E-06
20260908_023610_56ce16,3365,task_completed,R8,G01086,
20260908_023610_56ce16,3365,task_created,,G01278,type=PICK pickup=A-07 dropoff=PICK-2
20260908_023610_56ce16,3366,task_assigned,R8,G01275,
20260908_023610_56ce16,3366,task_assigned,R5,G01276,
20260908_023610_56ce16,3367,task_created,,G01279,type=PACK pickup=PICK-1 dropoff=PACK-2
20260908_023610_56ce16,3369,task_created,,G01280,type=SHIP pickup=STAGING dropoff=DOCK-1
20260908_023610_56ce16,3371,task_created,,G01281,type=PUTAWAY pickup=RECV dropoff=H-05
20260908_023610_56ce16,3375,task_created,,G01282,type=PICK pickup=A-05 dropoff=PICK-2
20260908_023610_56ce16,3379,task_created,,G01283,type=PUTAWAY pickup=BUFFER dropoff=A-06
20260908_023610_56ce16,3379,task_created,,G01284,type=PACK pickup=PICK-1 dropoff=PACK-1
20260908_023610_56ce16,3380,task_completed,R12,G01080,
20260908_023610_56ce16,3381,task_completed,R5,G01276,
20260908_023610_56ce16,3381,task_assigned,R12,G01280,
20260908_023610_56ce16,3382,task_assigned,R5,G01279,
20260908_023610_56ce16,3383,task_completed,R13,G01082,
20260908_023610_56ce16,3383,task_completed,R7,G01270,
20260908_023610_56ce16,3383,task_created,,G01285,type=SHIP pickup=STAGING dropoff=DOCK-2
20260908_023610_56ce16,3384,task_assigned,R13,G01284,
20260908_023610_56ce16,3384,task_assigned,R7,G01285,
20260908_023610_56ce16,3385,task_completed,R9,G01076,
20260908_023610_56ce16,3385,task_assigned,R2,G01263,
20260908_023610_56ce16,3385,task_created,,G01286,type=PICK pickup=G-03 dropoff=PICK-2
20260908_023610_56ce16,3386,task_assigned,R9,G01274,
20260908_023610_56ce16,3387,task_completed,R10,G01068,
20260908_023610_56ce16,3387,task_created,,G01287,type=PUTAWAY pickup=BUFFER dropoff=F-02
20260908_023610_56ce16,3388,task_completed,R8,G01275,
20260908_023610_56ce16,3388,task_assigned,R10,G01278,
20260908_023610_56ce16,3389,task_assigned,R8,G01282,
20260908_023610_56ce16,3390,task_completed,R7,G01285,
20260908_023610_56ce16,3391,task_completed,R6,G01071,
20260908_023610_56ce16,3391,task_created,,G01288,type=PACK pickup=PICK-1 dropoff=PACK-1
20260908_023610_56ce16,3391,task_assigned,R7,G01288,
20260908_023610_56ce16,3392,task_assigned,R6,G01286,
20260908_023610_56ce16,3393,task_interrupted,R12,G01280,
20260908_023610_56ce16,3394,task_completed,R1,G01074,
20260908_023610_56ce16,3395,task_assigned,R1,G01280,
20260908_023610_56ce16,3395,task_created,,G01289,type=PUTAWAY pickup=BUFFER dropoff=H-04
20260908_023610_56ce16,3395,task_created,,G01290,type=PICK pickup=H-07 dropoff=PICK-2
20260908_023610_56ce16,3397,task_created,,G01291,type=SHIP pickup=STAGING dropoff=DOCK-2
20260908_023610_56ce16,3399,task_interrupted,R4,G01267,
20260908_023610_56ce16,3403,task_completed,R3,G01271,
20260908_023610_56ce16,3403,task_created,,G01292,type=PUTAWAY pickup=RECV dropoff=C-06
20260908_023610_56ce16,3403,task_created,,G01293,type=PACK pickup=PICK-3 dropoff=PACK-1
20260908_023610_56ce16,3404,task_assigned,R3,G01291,
20260908_023610_56ce16,3405,task_completed,R2,G01263,
20260908_023610_56ce16,3405,task_created,,G01294,type=PICK pickup=A-01 dropoff=PICK-1
20260908_023610_56ce16,3406,task_interrupted,R1,G01280,
20260908_023610_56ce16,3406,task_assigned,R2,G01293,
20260908_023610_56ce16,3408,task_completed,R11,G01090,
20260908_023610_56ce16,3409,task_assigned,R11,G01280,
20260908_023610_56ce16,3411,task_created,,G01295,type=PUTAWAY pickup=RECV dropoff=E-04
20260908_023610_56ce16,3411,task_created,,G01296,type=SHIP pickup=STAGING dropoff=DOCK-2
20260908_023610_56ce16,3414,task_completed,R3,G01291,
20260908_023610_56ce16,3415,task_assigned,R3,G01296,
20260908_023610_56ce16,3415,task_created,,G01297,type=PICK pickup=A-05 dropoff=PICK-2
20260908_023610_56ce16,3415,task_created,,G01298,type=PACK pickup=PICK-1 dropoff=PACK-2
20260908_023610_56ce16,3416,task_completed,R5,G01279,
20260908_023610_56ce16,3417,task_assigned,R5,G01267,
20260908_023610_56ce16,3417,task_completed,R7,G01288,
20260908_023610_56ce16,3417,task_assigned,R12,G01298,
20260908_023610_56ce16,3418,task_assigned,R7,G01290,
20260908_023610_56ce16,3419,task_completed,R13,G01284,
20260908_023610_56ce16,3419,task_created,,G01299,type=PUTAWAY pickup=RECV dropoff=F-03
20260908_023610_56ce16,3420,task_assigned,R13,G01294,
20260908_023610_56ce16,3420,task_completed,R3,G01296,
20260908_023610_56ce16,3421,task_assigned,R3,G01297,
20260908_023610_56ce16,3424,task_completed,R10,G01278,
20260908_023610_56ce16,3425,task_completed,R5,G01267,
20260908_023610_56ce16,3425,task_created,,G01300,type=PICK pickup=C-08 dropoff=PICK-1
20260908_023610_56ce16,3425,task_created,,G01301,type=SHIP pickup=STAGING dropoff=DOCK-2
20260908_023610_56ce16,3426,task_assigned,R5,G01301,
20260908_023610_56ce16,3427,task_created,,G01302,type=PUTAWAY pickup=BUFFER dropoff=F-05
20260908_023610_56ce16,3427,task_created,,G01303,type=PACK pickup=PICK-3 dropoff=PACK-1
20260908_023610_56ce16,3427,task_assigned,R10,G01303,
20260908_023610_56ce16,3428,task_completed,R6,G01286,
20260908_023610_56ce16,3428,task_interrupted,R10,G01303,
20260908_023610_56ce16,3429,task_completed,R8,G01282,
20260908_023610_56ce16,3429,task_completed,R2,G01293,
20260908_023610_56ce16,3429,task_assigned,R6,G01303,
20260908_023610_56ce16,3430,task_assigned,R8,G01091,
20260908_023610_56ce16,3430,task_assigned,R2,G01300,
20260908_023610_56ce16,3431,task_assigned,R1,G01095,
20260908_023610_56ce16,3434,task_assigned,R4,G01098,
20260908_023610_56ce16,3434,task_completed,R11,G01280,
20260908_023610_56ce16,3435,task_created,,G01304,type=PUTAWAY pickup=BUFFER dropoff=D-01
20260908_023610_56ce16,3435,task_created,,G01305,type=PICK pickup=B-07 dropoff=PICK-3
20260908_023610_56ce16,3435,task_assigned,R11,G01305,
20260908_023610_56ce16,3439,task_completed,R9,G01274,
20260908_023610_56ce16,3439,task_created,,G01306,type=PACK pickup=PICK-3 dropoff=PACK-1
20260908_023610_56ce16,3439,task_created,,G01307,type=SHIP pickup=STAGING dropoff=DOCK-1
20260908_023610_56ce16,3440,task_assigned,R9,G01307,
20260908_023610_56ce16,3442,task_completed,R12,G01298,
20260908_023610_56ce16,3443,task_completed,R13,G01294,
20260908_023610_56ce16,3443,task_assigned,R12,G01306,
20260908_023610_56ce16,3443,task_created,,G01308,type=PUTAWAY pickup=RECV dropoff=G-07
20260908_023610_56ce16,3444,task_assigned,R13,G01101,
20260908_023610_56ce16,3445,task_completed,R5,G01301,
20260908_023610_56ce16,3445,task_created,,G01309,type=PICK pickup=H-02 dropoff=PICK-2
20260908_023610_56ce16,3446,task_assigned,R5,G01309,
20260908_023610_56ce16,3451,task_created,,G01310,type=PUTAWAY pickup=BUFFER dropoff=F-01
20260908_023610_56ce16,3451,task_created,,G01311,type=PACK pickup=PICK-3 dropoff=PACK-2
20260908_023610_56ce16,3453,task_created,,G01312,type=SHIP pickup=STAGING dropoff=DOCK-2
20260908_023610_56ce16,3454,task_completed,R7,G01290,
20260908_023610_56ce16,3455,task_assigned,R7,G01312,
20260908_023610_56ce16,3455,task_created,,G01313,type=PICK pickup=A-08 dropoff=PICK-1
20260908_023610_56ce16,3456,task_interrupted,R8,G01091,
20260908_023610_56ce16,3456,task_interrupted,R11,G01305,
20260908_023610_56ce16,3457,task_completed,R3,G01297,
20260908_023610_56ce16,3458,task_assigned,R3,G01311,
20260908_023610_56ce16,3459,task_completed,R6,G01303,
20260908_023610_56ce16,3459,task_created,,G01314,type=PUTAWAY pickup=RECV dropoff=A-04
20260908_023610_56ce16,3460,task_assigned,R6,G01305,
20260908_023610_56ce16,3460,task_completed,R9,G01307,
20260908_023610_56ce16,3461,task_assigned,R9,G01313,
20260908_023610_56ce16,3463,task_created,,G01315,type=PACK pickup=PICK-2 dropoff=PACK-1
20260908_023610_56ce16,3464,task_assigned,R10,G01315,
20260908_023610_56ce16,3465,task_completed,R12,G01306,
20260908_023610_56ce16,3465,task_completed,R7,G01312,
20260908_023610_56ce16,3465,task_created,,G01316,type=PICK pickup=C-02 dropoff=PICK-3
20260908_023610_56ce16,3466,task_assigned,R7,G01091,
20260908_023610_56ce16,3466,task_assigned,R12,G01316,
20260908_023610_56ce16,3467,task_created,,G01317,type=PUTAWAY pickup=RECV dropoff=D-04
20260908_023610_56ce16,3467,task_created,,G01318,type=SHIP pickup=STAGING dropoff=DOCK-2
20260908_023610_56ce16,3471,task_completed,R13,G01101,
20260908_023610_56ce16,3472,task_assigned,R13,G01318,
20260908_023610_56ce16,3475,task_created,,G01319,type=PUTAWAY pickup=RECV dropoff=B-05
20260908_023610_56ce16,3475,task_created,,G01320,type=PICK pickup=H-04 dropoff=PICK-2
20260908_023610_56ce16,3475,task_created,,G01321,type=PACK pickup=PICK-2 dropoff=PACK-1
20260908_023610_56ce16,3476,task_completed,R5,G01309,
20260908_023610_56ce16,3476,task_completed,R3,G01311,
20260908_023610_56ce16,3477,task_interrupted,R6,G01305,
20260908_023610_56ce16,3477,task_assigned,R3,G01320,
20260908_023610_56ce16,3477,task_assigned,R5,G01321,
20260908_023610_56ce16,3481,task_completed,R2,G01300,
20260908_023610_56ce16,3481,task_created,,G01322,type=SHIP pickup=STAGING dropoff=DOCK-1
20260908_023610_56ce16,3482,task_completed,R1,G01095,
20260908_023610_56ce16,3482,task_assigned,R2,G01305,
20260908_023610_56ce16,3482,task_completed,R5,G01321,
20260908_023610_56ce16,3482,task_assigned,R8,G01322,
20260908_023610_56ce16,3483,task_assigned,R1,G01104,
20260908_023610_56ce16,3483,task_assigned,R5,G01107,
20260908_023610_56ce16,3483,task_created,,G01323,type=PUTAWAY pickup=BUFFER dropoff=E-04
20260908_023610_56ce16,3484,task_completed,R9,G01313,
20260908_023610_56ce16,3485,task_created,,G01324,type=PICK pickup=D-04 dropoff=PICK-2
20260908_023610_56ce16,3485,task_assigned,R9,G01324,
20260908_023610_56ce16,3487,task_created,,G01325,type=PACK pickup=PICK-1 dropoff=PACK-2
20260908_023610_56ce16,3488,task_interrupted,R13,G01318,
20260908_023610_56ce16,3491,task_created,,G01326,type=PUTAWAY pickup=BUFFER dropoff=B-04
20260908_023610_56ce16,3493,task_completed,R7,G01091,
20260908_023610_56ce16,3493,task_completed,R12,G01316,
20260908_023610_56ce16,3494,task_completed,R10,G01315,
20260908_023610_56ce16,3494,task_assigned,R12,G01318,
20260908_023610_56ce16,3494,task_assigned,R7,G01325,
20260908_023610_56ce16,3495,task_created,,G01327,type=PICK pickup=C-04 dropoff=PICK-3
20260908_023610_56ce16,3495,task_created,,G01328,type=SHIP pickup=STAGING dropoff=DOCK-1
20260908_023610_56ce16,3495,task_assigned,R10,G01328,
20260908_023610_56ce16,3497,task_completed,R1,G01104,
20260908_023610_56ce16,3498,task_assigned,R1,G01327,
20260908_023610_56ce16,3499,task_completed,R8,G01322,
20260908_023610_56ce16,3499,task_created,,G01329,type=PUTAWAY pickup=BUFFER dropoff=C-07
20260908_023610_56ce16,3499,task_created,,G01330,type=PACK pickup=PICK-1 dropoff=PACK-2
20260908_023610_56ce16,3499,task_assigned,R11,G01330,
20260908_023610_56ce16,3500,task_assigned,R8,G01110,
20260908_023610_56ce16,3501,task_completed,R10,G01328,
20260908_023610_56ce16,3502,task_assigned,R10,G01113,
20260908_023610_56ce16,3502,task_interrupted,R7,G01325,
20260908_023610_56ce16,3505,task_created,,G01331,type=PICK pickup=B-04 dropoff=PICK-2
20260908_023610_56ce16,3507,task_created,,G01332,type=PUTAWAY pickup=RECV dropoff=D-08
20260908_023610_56ce16,3508,task_completed,R2,G01305,
20260908_023610_56ce16,3508,task_completed,R12,G01318,
20260908_023610_56ce16,3509,task_completed,R5,G01107,
20260908_023610_56ce16,3509,task_assigned,R2,G01325,
20260908_023610_56ce16,3509,task_created,,G01333,type=SHIP pickup=STAGING dropoff=DOCK-2
20260908_023610_56ce16,3509,task_assigned,R12,G01333,
20260908_023610_56ce16,3510,task_assigned,R5,G01331,
20260908_023610_56ce16,3511,task_created,,G01334,type=PACK pickup=PICK-1 dropoff=PACK-2
20260908_023610_56ce16,3512,task_interrupted,R9,G01324,
20260908_023610_56ce16,3513,task_assigned,R13,G01334,
20260908_023610_56ce16,3514,task_completed,R12,G01333,
20260908_023610_56ce16,3515,task_assigned,R12,G01324,
20260908_023610_56ce16,3515,task_created,,G01335,type=PUTAWAY pickup=RECV dropoff=H-08
20260908_023610_56ce16,3515,task_created,,G01336,type=PICK pickup=F-05 dropoff=PICK-1
20260908_023610_56ce16,3517,task_completed,R3,G01320,
20260908_023610_56ce16,3518,task_completed,R5,G01331,
20260908_023610_56ce16,3518,task_assigned,R3,G01336,
20260908_023610_56ce16,3519,task_assigned,R5,G01117,
20260908_023610_56ce16,3522,task_assigned,R6,G01119,
20260908_023610_56ce16,3523,task_created,,G01337,type=PUTAWAY pickup=BUFFER dropoff=E-07
20260908_023610_56ce16,3523,task_created,,G01338,type=PACK pickup=PICK-2 dropoff=PACK-1
20260908_023610_56ce16,3523,task_created,,G01339,type=SHIP pickup=STAGING dropoff=DOCK-2
20260908_023610_56ce16,3524,task_assigned,R7,G01339,
20260908_023610_56ce16,3525,task_created,,G01340,type=PICK pickup=B-02 dropoff=PICK-2
20260908_023610_56ce16,3526,task_completed,R4,G01098,
20260908_023610_56ce16,3527,task_assigned,R4,G01338,
20260908_023610_56ce16,3531,task_completed,R11,G01330,
20260908_023610_56ce16,3531,task_created,,G01341,type=PUTAWAY pickup=RECV dropoff=D-03
20260908_023610_56ce16,3532,task_assigned,R11,G01340,
20260908_023610_56ce16,3535,task_created,,G01342,type=PICK pickup=B-07 dropoff=PICK-2
20260908_023610_56ce16,3535,task_created,,G01343,type=PACK pickup=PICK-3 dropoff=PACK-2
20260908_023610_56ce16,3536,task_completed,R3,G01336,
20260908_023610_56ce16,3537,task_created,,G01344,type=SHIP pickup=STAGING dropoff=DOCK-1
20260908_023610_56ce16,3537,task_assigned,R3,G01344,
20260908_023610_56ce16,3539,task_created,,G01345,type=PUTAWAY pickup=BUFFER dropoff=A-05
20260908_023610_56ce16,3540,task_completed,R5,G01117,
20260908_023610_56ce16,3540,task_completed,R7,G01339,
20260908_023610_56ce16,3541,task_completed,R13,G01334,
20260908_023610_56ce16,3541,task_assigned,R5,G01342,
20260908_023610_56ce16,3541,task_assigned,R7,G01343,
20260908_023610_56ce16,3542,task_assigned,R13,G01122,
20260908_023610_56ce16,3542,task_completed,R1,G01327,
20260908_023610_56ce16,3543,task_assigned,R1,G01125,
20260908_023610_56ce16,3545,task_completed,R10,G01113,
20260908_023610_56ce16,3545,task_completed,R2,G01325,
20260908_023610_56ce16,3545,task_created,,G01346,type=PICK pickup=B-01 dropoff=PICK-3
20260908_023610_56ce16,3546,task_assigned,R2,G01128,
20260908_023610_56ce16,3546,task_assigned,R10,G01346,
20260908_023610_56ce16,3547,task_completed,R4,G01338,
20260908_023610_56ce16,3547,task_created,,G01347,type=PUTAWAY pickup=BUFFER dropoff=H-05
20260908_023610_56ce16,3547,task_created,,G01348,type=PACK pickup=PICK-1 dropoff=PACK-2
20260908_023610_56ce16,3548,task_assigned,R4,G01348,
20260908_023610_56ce16,3551,task_completed,R6,G01119,
20260908_023610_56ce16,3551,task_created,,G01349,type=SHIP pickup=STAGING dropoff=DOCK-1
20260908_023610_56ce16,3552,task_completed,R8,G01110,
20260908_023610_56ce16,3552,task_completed,R5,G01342,
20260908_023610_56ce16,3552,task_assigned,R6,G01349,
20260908_023610_56ce16,3553,task_assigned,R8,G01132,
20260908_023610_56ce16,3553,task_assigned,R5,G01135,
20260908_023610_56ce16,3555,task_completed,R12,G01324,
20260908_023610_56ce16,3555,task_created,,G01350,type=PUTAWAY pickup=BUFFER dropoff=E-02
20260908_023610_56ce16,3555,task_created,,G01351,type=PICK pickup=H-08 dropoff=PICK-2
20260908_023610_56ce16,3556,task_completed,R3,G01344,
20260908_023610_56ce16,3556,task_assigned,R12,G01351,
20260908_023610_56ce16,3557,task_assigned,R3,G01137,
20260908_023610_56ce16,3559,task_created,,G01352,type=PACK pickup=PICK-2 dropoff=PACK-2
20260908_023610_56ce16,3560,task_completed,R11,G01340,
20260908_023610_56ce16,3560,task_assigned,R9,G01352,
20260908_023610_56ce16,3561,task_assigned,R11,G01140,
20260908_023610_56ce16,3563,task_created,,G01353,type=PUTAWAY pickup=RECV dropoff=E-05
20260908_023610_56ce16,3565,task_completed,R7,G01343,
20260908_023610_56ce16,3565,task_created,,G01354,type=PICK pickup=D-07 dropoff=PICK-3
20260908_023610_56ce16,3565,task_created,,G01355,type=SHIP pickup=STAGING dropoff=DOCK-2
20260908_023610_56ce16,3566,task_interrupted,R3,G01137,
20260908_023610_56ce16,3566,task_assigned,R7,G01355,
20260908_023610_56ce16,3571,task_created,,G01356,type=PUTAWAY pickup=RECV dropoff=H-05
20260908_023610_56ce16,3571,task_created,,G01357,type=PACK pickup=PICK-2 dropoff=PACK-1
20260908_023610_56ce16,3572,task_completed,R6,G01349,
20260908_023610_56ce16,3573,task_completed,R4,G01348,
20260908_023610_56ce16,3573,task_completed,R7,G01355,
20260908_023610_56ce16,3573,task_assigned,R6,G01357,
20260908_023610_56ce16,3574,task_assigned,R4,G01137,
20260908_023610_56ce16,3574,task_assigned,R7,G01354,
20260908_023610_56ce16,3575,task_created,,G01358,type=PICK pickup=B-06 dropoff=PICK-3
20260908_023610_56ce16,3579,task_created,,G01359,type=PUTAWAY pickup=BUFFER dropoff=G-03
20260908_023610_56ce16,3579,task_created,,G01360,type=SHIP pickup=STAGING dropoff=DOCK-1
20260908_023610_56ce16,3581,task_completed,R10,G01346,
20260908_023610_56ce16,3582,task_assigned,R10,G01360,
20260908_023610_56ce16,3583,task_created,,G01361,type=PACK pickup=PICK-3 dropoff=PACK-2
20260908_023610_56ce16,3585,task_created,,G01362,type=PICK pickup=A-01 dropoff=PICK-2
20260908_023610_56ce16,3586,task_interrupted,R5,G01135,
20260908_023610_56ce16,3587,task_created,,G01363,type=PUTAWAY pickup=RECV dropoff=E-06
20260908_023610_56ce16,3588,task_completed,R2,G01128,
20260908_023610_56ce16,3588,task_completed,R8,G01132,
20260908_023610_56ce16,3588,task_completed,R9,G01352,
20260908_023610_56ce16,3589,task_completed,R6,G01357,
20260908_023610_56ce16,3589,task_assigned,R8,G01358,
20260908_023610_56ce16,3589,task_assigned,R9,G01361,
20260908_023610_56ce16,3589,task_assigned,R2,G01362,
20260908_023610_56ce16,3590,task_assigned,R6,G01135,
20260908_023610_56ce16,3593,task_completed,R13,G01122,
20260908_023610_56ce16,3593,task_completed,R12,G01351,
20260908_023610_56ce16,3593,task_created,,G01364,type=SHIP pickup=STAGING dropoff=DOCK-1
20260908_023610_56ce16,3594,task_assigned,R12,G01144,
20260908_023610_56ce16,3594,task_assigned,R13,G01364,
20260908_023610_56ce16,3595,task_created,,G01365,type=PUTAWAY pickup=BUFFER dropoff=E-06
20260908_023610_56ce16,3595,task_created,,G01366,type=PICK pickup=H-08 dropoff=PICK-2
20260908_023610_56ce16,3595,task_created,,G01367,type=PACK pickup=PICK-1 dropoff=PACK-1
20260908_023610_56ce16,3596,task_assigned,R3,G01367,
20260908_023610_56ce16,3597,task_completed,R4,G01137,
20260908_023610_56ce16,3598,task_assigned,R4,G01366,
20260908_023610_56ce16,3599,task_completed,R10,G01360,
20260908_023610_56ce16,3600,task_assigned,R10,G01146,
20260908_023610_56ce16,3601,task_completed,R1,G01125,
20260908_023610_56ce16,3602,task_assigned,R1,G01150,
20260908_023610_56ce16,3603,task_created,,G01368,type=PUTAWAY pickup=BUFFER dropoff=A-05
20260908_023610_56ce16,3605,task_completed,R7,G01354,
20260908_023610_56ce16,3605,task_created,,G01369,type=PICK pickup=C-07 dropoff=PICK-2
20260908_023610_56ce16,3606,task_completed,R9,G01361,
20260908_023610_56ce16,3606,task_completed,R2,G01362,
20260908_023610_56ce16,3606,task_assigned,R7,G01369,
20260908_023610_56ce16,3607,task_created,,G01370,type=PACK pickup=PICK-2 dropoff=PACK-1
20260908_023610_56ce16,3607,task_assigned,R2,G01370,
20260908_023610_56ce16,3607,task_created,,G01371,type=SHIP pickup=STAGING dropoff=DOCK-1
20260908_023610_56ce16,3607,task_assigned,R9,G01371,
20260908_023610_56ce16,3609,task_completed,R6,G01135,
20260908_023610_56ce16,3610,task_assigned,R6,G01153,
20260908_023610_56ce16,3610,task_completed,R8,G01358,
20260908_023610_56ce16,3610,task_interrupted,R2,G01370,
20260908_023610_56ce16,3611,task_completed,R11,G01140,
20260908_023610_56ce16,3611,task_assigned,R8,G01370,
20260908_023610_56ce16,3611,task_created,,G01372,type=PUTAWAY pickup=RECV dropoff=H-03
20260908_023610_56ce16,3612,task_assigned,R11,G01155,
20260908_023610_56ce16,3614,task_completed,R9,G01371,
20260908_023610_56ce16,3615,task_created,,G01373,type=PICK pickup=C-06 dropoff=PICK-2
20260908_023610_56ce16,3615,task_assigned,R9,G01373,
20260908_023610_56ce16,3616,task_completed,R12,G01144,
20260908_023610_56ce16,3616,task_completed,R3,G01367,
20260908_023610_56ce16,3617,task_assigned,R3,G01159,
20260908_023610_56ce16,3617,task_assigned,R12,G01162,
20260908_023610_56ce16,3617,task_completed,R13,G01364,
20260908_023610_56ce16,3618,task_assigned,R13,G01165,
20260908_023610_56ce16,3619,task_created,,G01374,type=PUTAWAY pickup=BUFFER dropoff=E-05
20260908_023610_56ce16,3619,task_created,,G01375,type=PACK pickup=PICK-1 dropoff=PACK-2
20260908_023610_56ce16,3621,task_completed,R7,G01369,
20260908_023610_56ce16,3621,task_created,,G01376,type=SHIP pickup=STAGING dropoff=DOCK-1
20260908_023610_56ce16,3622,task_assigned,R7,G01376,
20260908_023610_56ce16,3624,task_completed,R8,G01370,
20260908_023610_56ce16,3625,task_assigned,R8,G01375,
20260908_023610_56ce16,3625,task_created,,G01377,type=PICK pickup=F-06 dropoff=PICK-2
20260908_023610_56ce16,3626,task_completed,R11,G01155,
20260908_023610_56ce16,3626,task_completed,R4,G01366,
20260908_023610_56ce16,3626,task_assigned,R5,G01377,
20260908_023610_56ce16,3627,task_assigned,R11,G01167,
20260908_023610_56ce16,3627,task_assigned,R4,G01171,
20260908_023610_56ce16,3627,task_created,,G01378,type=PUTAWAY pickup=RECV dropoff=A-07
20260908_023610_56ce16,3629,task_interrupted,R12,G01162,
20260908_023610_56ce16,3631,task_created,,G01379,type=PACK pickup=PICK-1 dropoff=PACK-2
20260908_023610_56ce16,3632,task_completed,R1,G01150,
20260908_023610_56ce16,3632,task_completed,R7,G01376,
20260908_023610_56ce16,3633,task_completed,R6,G01153,
20260908_023610_56ce16,3633,task_assigned,R1,G01162,
20260908_023610_56ce16,3633,task_assigned,R7,G01379,
20260908_023610_56ce16,3634,task_assigned,R6,G01174,
20260908_023610_56ce16,3635,task_created,,G01380,type=PUTAWAY pickup=BUFFER dropoff=C-03
20260908_023610_56ce16,3635,task_created,,G01381,type=PICK pickup=D-04 dropoff=PICK-2
20260908_023610_56ce16,3635,task_created,,G01382,type=SHIP pickup=STAGING dropoff=DOCK-1
20260908_023610_56ce16,3635,task_assigned,R2,G01382,
20260908_023610_56ce16,3638,task_completed,R10,G01146,
20260908_023610_56ce16,3639,task_assigned,R10,G01381,
20260908_023610_56ce16,3642,task_interrupted,R4,G01171,
20260908_023610_56ce16,3643,task_created,,G01383,type=PUTAWAY pickup=BUFFER dropoff=D-01
20260908_023610_56ce16,3643,task_created,,G01384,type=PACK pickup=PICK-3 dropoff=PACK-2
20260908_023610_56ce16,3645,task_completed,R3,G01159,
20260908_023610_56ce16,3645,task_created,,G01385,type=PICK pickup=G-07 dropoff=PICK-2
20260908_023610_56ce16,3646,task_assigned,R3,G01384,
20260908_023610_56ce16,3647,task_completed,R9,G01373,
20260908_023610_56ce16,3648,task_assigned,R9,G01385,
20260908_023610_56ce16,3649,task_completed,R8,G01375,
20260908_023610_56ce16,3649,task_created,,G01386,type=SHIP pickup=STAGING dropoff=DOCK-1
20260908_023610_56ce16,3650,task_completed,R2,G01382,
20260908_023610_56ce16,3650,task_assigned,R8,G01386,
20260908_023610_56ce16,3651,task_assigned,R2,G01171,
20260908_023610_56ce16,3651,task_created,,G01387,type=PUTAWAY pickup=RECV dropoff=G-06
20260908_023610_56ce16,3655,task_completed,R1,G01162,
20260908_023610_56ce16,3655,task_created,,G01388,type=PICK pickup=F-04 dropoff=PICK-1
20260908_023610_56ce16,3655,task_created,,G01389,type=PACK pickup=PICK-3 dropoff=PACK-1
20260908_023610_56ce16,3656,task_assigned,R1,G01389,
20260908_023610_56ce16,3658,task_completed,R11,G01167,
20260908_023610_56ce16,3659,task_completed,R8,G01386,
20260908_023610_56ce16,3659,task_assigned,R11,G01388,
20260908_023610_56ce16,3659,task_created,,G01390,type=PUTAWAY pickup=RECV dropoff=F-03
20260908_023610_56ce16,3660,task_assigned,R8,G01177,
20260908_023610_56ce16,3660,task_completed,R7,G01379,
20260908_023610_56ce16,3661,task_assigned,R7,G01181,
20260908_023610_56ce16,3662,task_completed,R3,G01384,
20260908_023610_56ce16,3663,task_created,,G01391,type=SHIP pickup=STAGING dropoff=DOCK-2
20260908_023610_56ce16,3663,task_assigned,R3,G01391,
20260908_023610_56ce16,3664,task_completed,R9,G01385,
20260908_023610_56ce16,3665,task_created,,G01392,type=PICK pickup=G-08 dropoff=PICK-3
20260908_023610_56ce16,3665,task_assigned,R9,G01392,
20260908_023610_56ce16,3667,task_created,,G01393,type=PUTAWAY pickup=BUFFER dropoff=H-07
20260908_023610_56ce16,3667,task_created,,G01394,type=PACK pickup=PICK-3 dropoff=PACK-1
20260908_023610_56ce16,3668,task_completed,R6,G01174,
20260908_023610_56ce16,3669,task_assigned,R6,G01182,
20260908_023610_56ce16,3669,task_interrupted,R1,G01389,
20260908_023610_56ce16,3669,task_assigned,R12,G01394,
20260908_023610_56ce16,3670,task_completed,R3,G01391,
20260908_023610_56ce16,3671,task_completed,R11,G01388,
20260908_023610_56ce16,3671,task_assigned,R3,G01389,
20260908_023610_56ce16,3672,task_assigned,R11,G01186,
20260908_023610_56ce16,3675,task_created,,G01395,type=PUTAWAY pickup=RECV dropoff=A-07
20260908_023610_56ce16,3675,task_created,,G01396,type=PICK pickup=C-04 dropoff=PICK-1
20260908_023610_56ce16,3677,task_created,,G01397,type=SHIP pickup=STAGING dropoff=DOCK-2
20260908_023610_56ce16,3679,task_created,,G01398,type=PACK pickup=PICK-1 dropoff=PACK-1
20260908_023610_56ce16,3682,task_completed,R9,G01392,
20260908_023610_56ce16,3683,task_assigned,R9,G01397,
20260908_023610_56ce16,3683,task_created,,G01399,type=PUTAWAY pickup=BUFFER dropoff=H-06
20260908_023610_56ce16,3685,task_completed,R6,G01182,
20260908_023610_56ce16,3685,task_created,,G01400,type=PICK pickup=D-08 dropoff=PICK-3
20260908_023610_56ce16,3686,task_assigned,R6,G01398,
20260908_023610_56ce16,3687,task_completed,R2,G01171,
20260908_023610_56ce16,3687,task_completed,R10,G01381,
20260908_023610_56ce16,3688,task_assigned,R2,G01396,
20260908_023610_56ce16,3688,task_assigned,R10,G01400,
20260908_023610_56ce16,3690,task_completed,R5,G01377,
20260908_023610_56ce16,3691,task_completed,R11,G01186,
20260908_023610_56ce16,3691,task_completed,R3,G01389,
20260908_023610_56ce16,3691,task_created,,G01401,type=PUTAWAY pickup=RECV dropoff=A-02
20260908_023610_56ce16,3691,task_created,,G01402,type=PACK pickup=PICK-2 dropoff=PACK-2
20260908_023610_56ce16,3691,task_created,,G01403,type=SHIP pickup=STAGING dropoff=DOCK-2
20260908_023610_56ce16,3691,task_assigned,R5,G01403,
20260908_023610_56ce16,3692,task_completed,R7,G01181,
20260908_023610_56ce16,3692,task_assigned,R11,G01189,
20260908_023610_56ce16,3692,task_assigned,R3,G01402,
20260908_023610_56ce16,3693,task_assigned,R4,G01192,
20260908_023610_56ce16,3693,task_assigned,R7,G01196,
20260908_023610_56ce16,3695,task_created,,G01404,type=PICK pickup=H-02 dropoff=PICK-3
20260908_023610_56ce16,3697,task_interrupted,R10,G01400,
20260908_023610_56ce16,3699,task_completed,R5,G01403,
20260908_023610_56ce16,3699,task_created,,G01405,type=PUTAWAY pickup=RECV dropoff=E-08
20260908_023610_56ce16,3700,task_completed,R8,G01177,
20260908_023610_56ce16,3700,task_completed,R9,G01397,
20260908_023610_56ce16,3700,task_assigned,R5,G01400,
20260908_023610_56ce16,3701,task_assigned,R9,G01404,
20260908_023610_56ce16,3703,task_completed,R6,G01398,
20260908_023610_56ce16,3703,task_created,,G01406,type=PACK pickup=PICK-3 dropoff=PACK-2
20260908_023610_56ce16,3704,task_assigned,R6,G01406,
20260908_023610_56ce16,3705,task_completed,R11,G01189,
20260908_023610_56ce16,3705,task_completed,R3,G01402,
20260908_023610_56ce16,3705,task_created,,G01407,type=PICK pickup=H-05 dropoff=PICK-3
20260908_023610_56ce16,3705,task_created,,G01408,type=SHIP pickup=STAGING dropoff=DOCK-1
20260908_023610_56ce16,3705,task_assigned,R1,G01408,
20260908_023610_56ce16,3706,task_assigned,R11,G01198,
20260908_023610_56ce16,3706,task_assigned,R3,G01407,
20260908_023610_56ce16,3707,task_created,,G01409,type=PUTAWAY pickup=RECV dropoff=B-03
20260908_023610_56ce16,3710,task_completed,R2,G01396,
20260908_023610_56ce16,3711,task_assigned,R2,G01201,
20260908_023610_56ce16,3712,task_completed,R13,G01165,
20260908_023610_56ce16,3712,task_completed,R12,G01394,
20260908_023610_56ce16,3713,task_assigned,R12,G01204,
20260908_023610_56ce16,3715,task_created,,G01410,type=PUTAWAY pickup=BUFFER dropoff=H-05
20260908_023610_56ce16,3715,task_created,,G01411,type=PICK pickup=E-08 dropoff=PICK-3
20260908_023610_56ce16,3715,task_created,,G01412,type=PACK pickup=PICK-1 dropoff=PACK-2
20260908_023610_56ce16,3715,task_assigned,R13,G01412,
20260908_023610_56ce16,3719,task_created,,G01413,type=SHIP pickup=STAGING dropoff=DOCK-1
20260908_023610_56ce16,3721,task_completed,R1,G01408,
20260908_023610_56ce16,3722,task_completed,R7,G01196,
20260908_023610_56ce16,3722,task_assigned,R1,G01413,
20260908_023610_56ce16,3723,task_assigned,R7,G01411,
20260908_023610_56ce16,3723,task_created,,G01414,type=PUTAWAY pickup=RECV dropoff=H-02
20260908_023610_56ce16,3725,task_interrupted,R11,G01198,
20260908_023610_56ce16,3725,task_completed,R3,G01407,
20260908_023610_56ce16,3725,task_created,,G01415,type=PICK pickup=C-07 dropoff=PICK-2
20260908_023610_56ce16,3726,task_completed,R9,G01404,
20260908_023610_56ce16,3726,task_completed,R6,G01406,
20260908_023610_56ce16,3726,task_assigned,R3,G01415,
20260908_023610_56ce16,3727,task_assigned,R6,G01198,
20260908_023610_56ce16,3727,task_completed,R1,G01413,
20260908_023610_56ce16,3727,task_created,,G01416,type=PACK pickup=PICK-3 dropoff=PACK-1
20260908_023610_56ce16,3727,task_assigned,R9,G01416,
20260908_023610_56ce16,3728,task_assigned,R1,G01208,
20260908_023610_56ce16,3728,task_completed,R5,G01400,
20260908_023610_56ce16,3729,task_assigned,R8,G01210,
20260908_023610_56ce16,3729,task_assigned,R5,G01213,
20260908_023610_56ce16,3731,task_created,,G01417,type=PUTAWAY pickup=RECV dropoff=C-05
20260908_023610_56ce16,3733,task_interrupted,R13,G01412,
20260908_023610_56ce16,3733,task_created,,G01418,type=SHIP pickup=STAGING dropoff=DOCK-1
20260908_023610_56ce16,3735,task_created,,G01419,type=PICK pickup=G-03 dropoff=PICK-2
20260908_023610_56ce16,3736,task_assigned,R10,G01418,
20260908_023610_56ce16,3739,task_created,,G01420,type=PUTAWAY pickup=RECV dropoff=C-08
20260908_023610_56ce16,3739,task_created,,G01421,type=PACK pickup=PICK-2 dropoff=PACK-2
20260908_023610_56ce16,3740,task_completed,R4,G01192,
20260908_023610_56ce16,3740,task_completed,R12,G01204,
20260908_023610_56ce16,3740,task_completed,R9,G01416,
20260908_023610_56ce16,3741,task_assigned,R4,G01412,
20260908_023610_56ce16,3741,task_completed,R3,G01415,
20260908_023610_56ce16,3741,task_assigned,R9,G01419,
20260908_023610_56ce16,3741,task_assigned,R12,G01421,
20260908_023610_56ce16,3742,task_interrupted,R6,G01198,
20260908_023610_56ce16,3742,task_assigned,R3,G01217,
20260908_023610_56ce16,3745,task_created,,G01422,type=PICK pickup=H-04 dropoff=PICK-1
20260908_023610_56ce16,3747,task_created,,G01423,type=PUTAWAY pickup=RECV dropoff=H-01
20260908_023610_56ce16,3747,task_created,,G01424,type=SHIP pickup=STAGING dropoff=DOCK-1
20260908_023610_56ce16,3749,task_completed,R2,G01201,
20260908_023610_56ce16,3750,task_assigned,R2,G01424,
20260908_023610_56ce16,3751,task_interrupted,R7,G01411,
20260908_023610_56ce16,3751,task_completed,R10,G01418,
20260908_023610_56ce16,3751,task_created,,G01425,type=PACK pickup=PICK-3 dropoff=PACK-2
20260908_023610_56ce16,3752,task_assigned,R10,G01425,
20260908_023610_56ce16,3755,task_created,,G01426,type=PUTAWAY pickup=BUFFER dropoff=C-07
20260908_023610_56ce16,3755,task_created,,G01427,type=PICK pickup=A-04 dropoff=PICK-2
20260908_023610_56ce16,3758,task_assigned,R13,G01411,
20260908_023610_56ce16,3761,task_created,,G01428,type=SHIP pickup=STAGING dropoff=DOCK-1
20260908_023610_56ce16,3763,task_completed,R3,G01217,
20260908_023610_56ce16,3763,task_created,,G01429,type=PUTAWAY pickup=BUFFER dropoff=F-01
20260908_023610_56ce16,3763,task_created,,G01430,type=PACK pickup=PICK-3 dropoff=PACK-1
20260908_023610_56ce16,3764,task_completed,R2,G01424,
20260908_023610_56ce16,3764,task_assigned,R3,G01428,
20260908_023610_56ce16,3765,task_completed,R9,G01419,
20260908_023610_56ce16,3765,task_assigned,R2,G01430,
20260908_023610_56ce16,3765,task_created,,G01431,type=PICK pickup=H-06 dropoff=PICK-2
20260908_023610_56ce16,3770,task_completed,R4,G01412,
20260908_023610_56ce16,3771,task_completed,R8,G01210,
20260908_023610_56ce16,3771,task_assigned,R4,G01422,
20260908_023610_56ce16,3771,task_assigned,R9,G01427,
20260908_023610_56ce16,3771,task_created,,G01432,type=PUTAWAY pickup=BUFFER dropoff=E-04
20260908_023610_56ce16,3772,task_completed,R5,G01213,
20260908_023610_56ce16,3772,task_assigned,R8,G01431,
20260908_023610_56ce16,3773,task_assigned,R5,G01198,
20260908_023610_56ce16,3775,task_completed,R12,G01421,
20260908_023610_56ce16,3775,task_created,,G01433,type=PICK pickup=A-07 dropoff=PICK-1
20260908_023610_56ce16,3775,task_created,,G01434,type=PACK pickup=PICK-3 dropoff=PACK-2
20260908_023610_56ce16,3775,task_created,,G01435,type=SHIP pickup=STAGING dropoff=DOCK-1
20260908_023610_56ce16,3775,task_assigned,R11,G01435,
20260908_023610_56ce16,3776,task_assigned,R12,G01434,
20260908_023610_56ce16,3777,task_completed,R10,G01425,
20260908_023610_56ce16,3778,task_assigned,R10,G01433,
20260908_023610_56ce16,3779,task_created,,G01436,type=PUTAWAY pickup=RECV dropoff=H-01
20260908_023610_56ce16,3785,task_completed,R8,G01431,
20260908_023610_56ce16,3785,task_created,,G01437,type=PICK pickup=D-04 dropoff=PICK-2
20260908_023610_56ce16,3786,task_interrupted,R9,G01427,
20260908_023610_56ce16,3786,task_completed,R3,G01428,
20260908_023610_56ce16,3786,task_assigned,R8,G01437,
20260908_023610_56ce16,3787,task_assigned,R3,G01427,
20260908_023610_56ce16,3787,task_created,,G01438,type=PUTAWAY pickup=BUFFER dropoff=E-08
20260908_023610_56ce16,3787,task_created,,G01439,type=PACK pickup=PICK-3 dropoff=PACK-2
20260908_023610_56ce16,3787,task_assigned,R7,G01439,
20260908_023610_56ce16,3789,task_completed,R5,G01198,
20260908_023610_56ce16,3789,task_created,,G01440,type=SHIP pickup=STAGING dropoff=DOCK-1
20260908_023610_56ce16,3790,task_assigned,R5,G01440,
20260908_023610_56ce16,3791,task_completed,R11,G01435,
20260908_023610_56ce16,3792,task_completed,R1,G01208,
20260908_023610_56ce16,3792,task_assigned,R11,G01219,
20260908_023610_56ce16,3793,task_assigned,R6,G01223,
20260908_023610_56ce16,3793,task_assigned,R1,G01226,
20260908_023610_56ce16,3793,task_completed,R12,G01434,
20260908_023610_56ce16,3794,task_assigned,R12,G01228,
20260908_023610_56ce16,3795,task_created,,G01441,type=PUTAWAY pickup=BUFFER dropoff=G-03
20260908_023610_56ce16,3795,task_created,,G01442,type=PICK pickup=C-05 dropoff=PICK-2
20260908_023610_56ce16,3798,task_completed,R2,G01430,
20260908_023610_56ce16,3799,task_created,,G01443,type=PACK pickup=PICK-2 dropoff=PACK-1
20260908_023610_56ce16,3799,task_assigned,R2,G01443,
20260908_023610_56ce16,3803,task_completed,R13,G01411,
20260908_023610_56ce16,3803,task_created,,G01444,type=PUTAWAY pickup=RECV dropoff=H-01
20260908_023610_56ce16,3803,task_created,,G01445,type=SHIP pickup=STAGING dropoff=DOCK-1
20260908_023610_56ce16,3804,task_interrupted,R3,G01427,
20260908_023610_56ce16,3804,task_assigned,R13,G01445,
20260908_023610_56ce16,3805,task_created,,G01446,type=PICK pickup=H-05 dropoff=PICK-3
20260908_023610_56ce16,3810,task_completed,R2,G01443,
20260908_023610_56ce16,3811,task_created,,G01447,type=PUTAWAY pickup=RECV dropoff=H-06
20260908_023610_56ce16,3811,task_created,,G01448,type=PACK pickup=PICK-3 dropoff=PACK-1
20260908_023610_56ce16,3811,task_assigned,R2,G01448,
20260908_023610_56ce16,3813,task_completed,R10,G01433,
20260908_023610_56ce16,3814,task_assigned,R10,G01427,
20260908_023610_56ce16,3815,task_created,,G01449,type=PICK pickup=C-08 dropoff=PICK-2
20260908_023610_56ce16,3817,task_created,,G01450,type=SHIP pickup=STAGING dropoff=DOCK-1
20260908_023610_56ce16,3819,task_completed,R5,G01440,
20260908_023610_56ce16,3819,task_assigned,R9,G01450,
20260908_023610_56ce16,3819,task_created,,G01451,type=PUTAWAY pickup=BUFFER dropoff=C-05
20260908_023610_56ce16,3820,task_completed,R4,G01422,
20260908_023610_56ce16,3820,task_assigned,R5,G01442,
20260908_023610_56ce16,3821,task_assigned,R4,G01446,
20260908_023610_56ce16,3822,task_completed,R12,G01228,
20260908_023610_56ce16,3822,task_completed,R13,G01445,
20260908_023610_56ce16,3823,task_completed,R1,G01226,
20260908_023610_56ce16,3823,task_assigned,R12,G01449,
20260908_023610_56ce16,3823,task_created,,G01452,type=PACK pickup=PICK-2 dropoff=PACK-1
20260908_023610_56ce16,3823,task_assigned,R13,G01452,
20260908_023610_56ce16,3824,task_assigned,R1,G01231,
20260908_023610_56ce16,3824,task_completed,R7,G01439,
20260908_023610_56ce16,3825,task_created,,G01453,type=PICK pickup=B-06 dropoff=PICK-2
20260908_023610_56ce16,3825,task_assigned,R7,G01453,
20260908_023610_56ce16,3827,task_created,,G01454,type=PUTAWAY pickup=RECV dropoff=B-05
20260908_023610_56ce16,3829,task_completed,R11,G01219,
20260908_023610_56ce16,3830,task_assigned,R11,G01235,
20260908_023610_56ce16,3831,task_completed,R10,G01427,
20260908_023610_56ce16,3831,task_created,,G01455,type=SHIP pickup=STAGING dropoff=DOCK-2
20260908_023610_56ce16,3832,task_completed,R8,G01437,
20260908_023610_56ce16,3832,task_assigned,R10,G01455,
20260908_023610_56ce16,3833,task_assigned,R8,G01238,
20260908_023610_56ce16,3835,task_completed,R6,G01223,
20260908_023610_56ce16,3835,task_completed,R9,G01450,
20260908_023610_56ce16,3835,task_created,,G01456,type=PUTAWAY pickup=BUFFER dropoff=B-07
20260908_023610_56ce16,3835,task_created,,G01457,type=PICK pickup=D-08 dropoff=PICK-2
20260908_023610_56ce16,3835,task_created,,G01458,type=PACK pickup=PICK-1 dropoff=PACK-1
20260908_023610_56ce16,3836,task_assigned,R9,G01241,
20260908_023610_56ce16,3836,task_assigned,R6,G01457,
20260908_023610_56ce16,3836,task_assigned,R3,G01458,
20260908_023610_56ce16,3840,task_completed,R13,G01452,
20260908_023610_56ce16,3841,task_assigned,R13,G01244,
20260908_023610_56ce16,3841,task_completed,R2,G01448,
20260908_023610_56ce16,3842,task_assigned,R2,G01246,
20260908_023610_56ce16,3842,task_completed,R10,G01455,
20260908_023610_56ce16,3843,task_assigned,R10,G01250,
20260908_023610_56ce16,3843,task_created,,G01459,type=PUTAWAY pickup=RECV dropoff=F-01
20260908_023610_56ce16,3845,task_created,,G01460,type=PICK pickup=G-06 dropoff=PICK-2
20260908_023610_56ce16,3845,task_created,,G01461,type=SHIP pickup=STAGING dropoff=DOCK-2
20260908_023610_56ce16,3847,task_created,,G01462,type=PACK pickup=PICK-1 dropoff=PACK-1
20260908_023610_56ce16,3848,task_completed,R12,G01449,
20260908_023610_56ce16,3849,task_completed,R7,G01453,
20260908_023610_56ce16,3849,task_assigned,R12,G01461,
20260908_023610_56ce16,3850,task_completed,R1,G01231,
20260908_023610_56ce16,3850,task_assigned,R7,G01462,
20260908_023610_56ce16,3851,task_assigned,R1,G01460,
20260908_023610_56ce16,3851,task_created,,G01463,type=PUTAWAY pickup=BUFFER dropoff=G-01
20260908_023610_56ce16,3855,task_completed,R11,G01235,
20260908_023610_56ce16,3855,task_completed,R8,G01238,
20260908_023610_56ce16,3855,task_completed,R6,G01457,
20260908_023610_56ce16,3855,task_created,,G01464,type=PICK pickup=G-06 dropoff=PICK-3
20260908_023610_56ce16,3856,task_assigned,R11,G01253,
20260908_023610_56ce16,3856,task_assigned,R8,G01256,
20260908_023610_56ce16,3856,task_assigned,R6,G01464,
20260908_023610_56ce16,3857,task_interrupted,R2,G01246,
20260908_023610_56ce16,3857,task_completed,R12,G01461,
20260908_023610_56ce16,3858,task_assigned,R12,G01246,
20260908_023610_56ce16,3858,task_completed,R3,G01458,
20260908_023610_56ce16,3859,task_created,,G01465,type=PUTAWAY pickup=RECV dropoff=D-03
20260908_023610_56ce16,3859,task_created,,G01466,type=PACK pickup=PICK-1 dropoff=PACK-2
20260908_023610_56ce16,3859,task_created,,G01467,type=SHIP pickup=STAGING dropoff=DOCK-1
20260908_023610_56ce16,3859,task_assigned,R3,G01467,
20260908_023610_56ce16,3864,task_interrupted,R5,G01442,
20260908_023610_56ce16,3865,task_created,,G01468,type=PICK pickup=H-01 dropoff=PICK-2
20260908_023610_56ce16,3866,task_completed,R4,G01446,
20260908_023610_56ce16,3867,task_assigned,R4,G01466,
20260908_023610_56ce16,3867,task_created,,G01469,type=PUTAWAY pickup=BUFFER dropoff=H-08
20260908_023610_56ce16,3868,task_completed,R8,G01256,
20260908_023610_56ce16,3869,task_assigned,R8,G01442,
20260908_023610_56ce16,3869,task_completed,R3,G01467,
20260908_023610_56ce16,3870,task_assigned,R3,G01468,
20260908_023610_56ce16,3871,task_completed,R13,G01244,
20260908_023610_56ce16,3871,task_completed,R7,G01462,
20260908_023610_56ce16,3871,task_created,,G01470,type=PACK pickup=PICK-3 dropoff=PACK-2
20260908_023610_56ce16,3872,task_assigned,R13,G01259,
20260908_023610_56ce16,3872,task_assigned,R7,G01470,
20260908_023610_56ce16,3873,task_completed,R1,G01460,
20260908_023610_56ce16,3873,task_created,,G01471,type=SHIP pickup=STAGING dropoff=DOCK-2
20260908_023610_56ce16,3874,task_assigned,R1,G01471,
20260908_023610_56ce16,3875,task_created,,G01472,type=PUTAWAY pickup=RECV dropoff=D-06
20260908_023610_56ce16,3875,task_created,,G01473,type=PICK pickup=B-07 dropoff=PICK-2
20260908_023610_56ce16,3876,task_completed,R9,G01241,
20260908_023610_56ce16,3877,task_assigned,R9,G01473,
20260908_023610_56ce16,3878,task_completed,R11,G01253,
20260908_023610_56ce16,3879,task_assigned,R11,G01262,
20260908_023610_56ce16,3879,task_completed,R6,G01464,
20260908_023610_56ce16,3880,task_assigned,R6,G01265,
20260908_023610_56ce16,3883,task_created,,G01474,type=PUTAWAY pickup=BUFFER dropoff=C-08
20260908_023610_56ce16,3883,task_created,,G01475,type=PACK pickup=PICK-1 dropoff=PACK-1
20260908_023610_56ce16,3884,task_completed,R1,G01471,
20260908_023610_56ce16,3885,task_assigned,R1,G01475,
20260908_023610_56ce16,3885,task_created,,G01476,type=PICK pickup=F-02 dropoff=PICK-3
20260908_023610_56ce16,3887,task_created,,G01477,type=SHIP pickup=STAGING dropoff=DOCK-2
20260908_023610_56ce16,3887,task_assigned,R2,G01477,
20260908_023610_56ce16,3889,task_completed,R10,G01250,
20260908_023610_56ce16,3890,task_assigned,R10,G01476,
20260908_023610_56ce16,3891,task_completed,R8,G01442,
20260908_023610_56ce16,3891,task_created,,G01478,type=PUTAWAY pickup=RECV dropoff=E-05
20260908_023610_56ce16,3892,task_assigned,R8,G01268,
20260908_023610_56ce16,3892,task_completed,R9,G01473,
20260908_023610_56ce16,3893,task_assigned,R9,G01272,
20260908_023610_56ce16,3894,task_completed,R12,G01246,
20260908_023610_56ce16,3895,task_completed,R7,G01470,
20260908_023610_56ce16,3895,task_created,,G01479,type=PICK pickup=B-01 dropoff=PICK-1
20260908_023610_56ce16,3895,task_created,,G01480,type=PACK pickup=PICK-3 dropoff=PACK-2
20260908_023610_56ce16,3896,task_assigned,R12,G01479,
20260908_023610_56ce16,3896,task_assigned,R7,G01480,
20260908_023610_56ce16,3897,task_assigned,R5,G01273,
20260908_023610_56ce16,3897,task_interrupted,R12,G01479,
20260908_023610_56ce16,3899,task_created,,G01481,type=PUTAWAY pickup=BUFFER dropoff=H-06
20260908_023610_56ce16,3900,task_completed,R13,G01259,
20260908_023610_56ce16,3901,task_created,,G01482,type=SHIP pickup=STAGING dropoff=DOCK-1
20260908_023610_56ce16,3901,task_assigned,R13,G01482,
20260908_023610_56ce16,3902,task_completed,R4,G01466,
20260908_023610_56ce16,3902,task_completed,R2,G01477,
20260908_023610_56ce16,3903,task_assigned,R4,G01277,
20260908_023610_56ce16,3903,task_assigned,R2,G01479,
20260908_023610_56ce16,3905,task_completed,R3,G01468,
20260908_023610_56ce16,3905,task_created,,G01483,type=PICK pickup=F-02 dropoff=PICK-3
20260908_023610_56ce16,3906,task_assigned,R3,G01483,
20260908_023610_56ce16,3907,task_created,,G01484,type=PUTAWAY pickup=RECV dropoff=E-02
20260908_023610_56ce16,3907,task_created,,G01485,type=PACK pickup=PICK-2 dropoff=PACK-1
20260908_023610_56ce16,3910,task_completed,R11,G01262,
20260908_023610_56ce16,3911,task_completed,R1,G01475,
20260908_023610_56ce16,3911,task_assigned,R11,G01485,
20260908_023610_56ce16,3912,task_completed,R9,G01272,
20260908_023610_56ce16,3912,task_completed,R10,G01476,
20260908_023610_56ce16,3913,task_assigned,R9,G01281,
20260908_023610_56ce16,3913,task_assigned,R10,G01283,
20260908_023610_56ce16,3913,task_assigned,R1,G01287,
20260908_023610_56ce16,3913,task_completed,R7,G01480,
20260908_023610_56ce16,3914,task_assigned,R7,G01289,
20260908_023610_56ce16,3915,task_created,,G01486,type=PUTAWAY pickup=RECV dropoff=B-06
20260908_023610_56ce16,3915,task_created,,G01487,type=PICK pickup=A-05 dropoff=PICK-1
20260908_023610_56ce16,3915,task_created,,G01488,type=SHIP pickup=STAGING dropoff=DOCK-1
20260908_023610_56ce16,3916,task_completed,R13,G01482,
20260908_023610_56ce16,3917,task_assigned,R13,G01488,
20260908_023610_56ce16,3919,task_completed,R8,G01268,
20260908_023610_56ce16,3919,task_created,,G01489,type=PACK pickup=PICK-3 dropoff=PACK-2
20260908_023610_56ce16,3920,task_interrupted,R4,G01277,
20260908_023610_56ce16,3920,task_assigned,R8,G01489,
20260908_023610_56ce16,3922,task_completed,R13,G01488,
20260908_023610_56ce16,3923,task_interrupted,R1,G01287,
20260908_023610_56ce16,3923,task_assigned,R13,G01487,
20260908_023610_56ce16,3923,task_created,,G01490,type=PUTAWAY pickup=BUFFER dropoff=H-01
20260908_023610_56ce16,3925,task_created,,G01491,type=PICK pickup=H-02 dropoff=PICK-2
20260908_023610_56ce16,3926,task_assigned,R12,G01491,
20260908_023610_56ce16,3929,task_completed,R3,G01483,
20260908_023610_56ce16,3929,task_created,,G01492,type=SHIP pickup=STAGING dropoff=DOCK-1
20260908_023610_56ce16,3930,task_completed,R6,G01265,
20260908_023610_56ce16,3930,task_assigned,R3,G01492,
20260908_023610_56ce16,3931,task_created,,G01493,type=PUTAWAY pickup=BUFFER dropoff=C-05
20260908_023610_56ce16,3931,task_created,,G01494,type=PACK pickup=PICK-3 dropoff=PACK-1
20260908_023610_56ce16,3931,task_assigned,R6,G01494,
20260908_023610_56ce16,3932,task_completed,R11,G01485,
20260908_023610_56ce16,3933,task_assigned,R11,G01277,
20260908_023610_56ce16,3935,task_created,,G01495,type=PICK pickup=F-06 dropoff=PICK-1
20260908_023610_56ce16,3939,task_created,,G01496,type=PUTAWAY pickup=BUFFER dropoff=A-02
20260908_023610_56ce16,3941,task_completed,R10,G01283,
20260908_023610_56ce16,3942,task_completed,R9,G01281,
20260908_023610_56ce16,3942,task_assigned,R10,G01495,
20260908_023610_56ce16,3943,task_completed,R2,G01479,
20260908_023610_56ce16,3943,task_created,,G01497,type=PACK pickup=PICK-2 dropoff=PACK-2
20260908_023610_56ce16,3943,task_created,,G01498,type=SHIP pickup=STAGING dropoff=DOCK-1
20260908_023610_56ce16,3943,task_assigned,R9,G01498,
20260908_023610_56ce16,3944,task_assigned,R2,G01497,
20260908_023610_56ce16,3945,task_created,,G01499,type=PICK pickup=D-04 dropoff=PICK-1
20260908_023610_56ce16,3947,task_created,,G01500,type=PUTAWAY pickup=RECV dropoff=D-08
20260908_023610_56ce16,3948,task_completed,R3,G01492,
20260908_023610_56ce16,3949,task_assigned,R3,G01499,
20260908_023610_56ce16,3952,task_completed,R8,G01489,
20260908_023610_56ce16,3953,task_assigned,R8,G01287,
20260908_023610_56ce16,3954,task_completed,R5,G01273,
20260908_023610_56ce16,3954,task_assigned,R4,G01292,
20260908_023610_56ce16,3955,task_completed,R13,G01487,
20260908_023610_56ce16,3955,task_created,,G01501,type=PUTAWAY pickup=BUFFER dropoff=B-08
20260908_023610_56ce16,3955,task_created,,G01502,type=PICK pickup=H-06 dropoff=PICK-3
20260908_023610_56ce16,3955,task_created,,G01503,type=PACK pickup=PICK-2 dropoff=PACK-2
20260908_023610_56ce16,3955,task_assigned,R5,G01503,
20260908_023610_56ce16,3956,task_assigned,R13,G01502,
20260908_023610_56ce16,3957,task_created,,G01504,type=SHIP pickup=STAGING dropoff=DOCK-2
20260908_023610_56ce16,3959,task_interrupted,R8,G01287,
20260908_023610_56ce16,3962,task_completed,R7,G01289,
20260908_023610_56ce16,3963,task_completed,R11,G01277,
20260908_023610_56ce16,3963,task_completed,R9,G01498,
20260908_023610_56ce16,3963,task_assigned,R7,G01504,
20260908_023610_56ce16,3963,task_created,,G01505,type=PUTAWAY pickup=BUFFER dropoff=F-08
20260908_023610_56ce16,3964,task_assigned,R9,G01287,
20260908_023610_56ce16,3964,task_assigned,R11,G01295,
20260908_023610_56ce16,3964,task_interrupted,R10,G01495,
20260908_023610_56ce16,3964,task_completed,R2,G01497,
20260908_023610_56ce16,3965,task_assigned,R2,G01495,
20260908_023610_56ce16,3965,task_created,,G01506,type=PICK pickup=H-02 dropoff=PICK-2
20260908_023610_56ce16,3967,task_completed,R6,G01494,
20260908_023610_56ce16,3967,task_created,,G01507,type=PACK pickup=PICK-1 dropoff=PACK-1
20260908_023610_56ce16,3968,task_assigned,R6,G01507,
20260908_023610_56ce16,3971,task_created,,G01508,type=PUTAWAY pickup=BUFFER dropoff=C-08
20260908_023610_56ce16,3971,task_created,,G01509,type=SHIP pickup=STAGING dropoff=DOCK-1
20260908_023610_56ce16,3973,task_completed,R5,G01503,
20260908_023610_56ce16,3974,task_assigned,R5,G01509,
20260908_023610_56ce16,3975,task_assigned,R1,G01506,
20260908_023610_56ce16,3975,task_created,,G01510,type=PICK pickup=H-04 dropoff=PICK-2
20260908_023610_56ce16,3977,task_completed,R11,G01295,
20260908_023610_56ce16,3978,task_completed,R12,G01491,
20260908_023610_56ce16,3978,task_assigned,R11,G01510,
20260908_023610_56ce16,3979,task_created,,G01511,type=PUTAWAY pickup=RECV dropoff=B-04
20260908_023610_56ce16,3979,task_created,,G01512,type=PACK pickup=PICK-2 dropoff=PACK-1
20260908_023610_56ce16,3979,task_assigned,R12,G01512,
20260908_023610_56ce16,3981,task_completed,R5,G01509,
20260908_023610_56ce16,3982,task_assigned,R5,G01299,
20260908_023610_56ce16,3983,task_completed,R2,G01495,
20260908_023610_56ce16,3984,task_assigned,R2,G01302,
20260908_023610_56ce16,3984,task_completed,R12,G01512,
20260908_023610_56ce16,3985,task_created,,G01513,type=PICK pickup=E-01 dropoff=PICK-3
20260908_023610_56ce16,3985,task_created,,G01514,type=SHIP pickup=STAGING dropoff=DOCK-1
20260908_023610_56ce16,3985,task_assigned,R12,G01514,
20260908_023610_56ce16,3987,task_completed,R6,G01507,
20260908_023610_56ce16,3987,task_created,,G01515,type=PUTAWAY pickup=RECV dropoff=C-02
20260908_023610_56ce16,3988,task_assigned,R6,G01513,
20260908_023610_56ce16,3989,task_completed,R4,G01292,
20260908_023610_56ce16,3989,task_interrupted,R13,G01502,
20260908_023610_56ce16,3990,task_assigned,R10,G01304,
20260908_023610_56ce16,3990,task_assigned,R4,G01502,
20260908_023610_56ce16,3991,task_completed,R12,G01514,
20260908_023610_56ce16,3991,task_created,,G01516,type=PACK pickup=PICK-1 dropoff=PACK-1
20260908_023610_56ce16,3991,task_assigned,R8,G01516,
20260908_023610_56ce16,3992,task_assigned,R12,G01308,
20260908_023610_56ce16,3993,task_completed,R9,G01287,
20260908_023610_56ce16,3994,task_assigned,R9,G01310,
20260908_023610_56ce16,3995,task_completed,R7,G01504,
20260908_023610_56ce16,3995,task_created,,G01517,type=PUTAWAY pickup=BUFFER dropoff=A-07
20260908_023610_56ce16,3995,task_created,,G01518,type=PICK pickup=H-01 dropoff=PICK-3
20260908_023610_56ce16,3996,task_assigned,R7,G01518,
20260908_023610_56ce16,3999,task_created,,G01519,type=SHIP pickup=STAGING dropoff=DOCK-2
20260908_023610_56ce16,4003,task_created,,G01520,type=PUTAWAY pickup=RECV dropoff=G-04
20260908_023610_56ce16,4003,task_created,,G01521,type=PACK pickup=PICK-2 dropoff=PACK-1
20260908_023610_56ce16,4005,task_interrupted,R11,G01510,
20260908_023610_56ce16,4005,task_created,,G01522,type=PICK pickup=A-03 dropoff=PICK-3
20260908_023610_56ce16,4008,task_completed,R9,G01310,
20260908_023610_56ce16,4009,task_assigned,R9,G01519,
20260908_023610_56ce16,4011,task_completed,R4,G01502,
20260908_023610_56ce16,4011,task_created,,G01523,type=PUTAWAY pickup=RECV dropoff=H-07
20260908_023610_56ce16,4012,task_assigned,R4,G01521,
20260908_023610_56ce16,4013,task_created,,G01524,type=SHIP pickup=STAGING dropoff=DOCK-1
20260908_023610_56ce16,4014,task_completed,R8,G01516,
20260908_023610_56ce16,4015,task_assigned,R8,G01524,
20260908_023610_56ce16,4015,task_created,,G01525,type=PICK pickup=B-03 dropoff=PICK-1
20260908_023610_56ce16,4015,task_created,,G01526,type=PACK pickup=PICK-3 dropoff=PACK-2
20260908_023610_56ce16,4018,task_interrupted,R6,G01513,
20260908_023610_56ce16,4019,task_completed,R3,G01499,
20260908_023610_56ce16,4019,task_interrupted,R7,G01518,
20260908_023610_56ce16,4019,task_created,,G01527,type=PUTAWAY pickup=RECV dropoff=F-01
20260908_023610_56ce16,4020,task_assigned,R3,G01526,
20260908_023610_56ce16,4021,task_completed,R8,G01524,
20260908_023610_56ce16,4022,task_assigned,R8,G01510,
20260908_023610_56ce16,4025,task_completed,R4,G01521,
20260908_023610_56ce16,4025,task_created,,G01528,type=PICK pickup=E-08 dropoff=PICK-2
20260908_023610_56ce16,4026,task_assigned,R4,G01513,
20260908_023610_56ce16,4027,task_created,,G01529,type=PUTAWAY pickup=RECV dropoff=A-06
20260908_023610_56ce16,4027,task_created,,G01530,type=PACK pickup=PICK-2 dropoff=PACK-1
20260908_023610_56ce16,4027,task_created,,G01531,type=SHIP pickup=STAGING dropoff=DOCK-2
20260908_023610_56ce16,4029,task_completed,R10,G01304,
20260908_023610_56ce16,4030,task_completed,R1,G01506,
20260908_023610_56ce16,4030,task_assigned,R10,G01531,
20260908_023610_56ce16,4031,task_assigned,R1,G01530,
20260908_023610_56ce16,4033,task_assigned,R13,G01518,
20260908_023610_56ce16,4033,task_completed,R9,G01519,
20260908_023610_56ce16,4034,task_completed,R12,G01308,
20260908_023610_56ce16,4035,task_assigned,R12,G01522,
20260908_023610_56ce16,4035,task_assigned,R9,G01525,
20260908_023610_56ce16,4035,task_created,,G01532,type=PUTAWAY pickup=RECV dropoff=H-01
20260908_023610_56ce16,4035,task_created,,G01533,type=PICK pickup=B-04 dropoff=PICK-3
20260908_023610_56ce16,4036,task_completed,R1,G01530,
20260908_023610_56ce16,4037,task_assigned,R1,G01528,
20260908_023610_56ce16,4038,task_completed,R5,G01299,
20260908_023610_56ce16,4038,task_interrupted,R9,G01525,
20260908_023610_56ce16,4039,task_created,,G01534,type=PACK pickup=PICK-2 dropoff=PACK-2
20260908_023610_56ce16,4039,task_assigned,R5,G01534,
20260908_023610_56ce16,4041,task_created,,G01535,type=SHIP pickup=STAGING dropoff=DOCK-2
20260908_023610_56ce16,4043,task_created,,G01536,type=PUTAWAY pickup=RECV dropoff=E-06
20260908_023610_56ce16,4045,task_created,,G01537,type=PICK pickup=A-06 dropoff=PICK-1
20260908_023610_56ce16,4047,task_completed,R3,G01526,
20260908_023610_56ce16,4047,task_assigned,R6,G01535,
20260908_023610_56ce16,4048,task_assigned,R3,G01525,
20260908_023610_56ce16,4050,task_completed,R10,G01531,
20260908_023610_56ce16,4051,task_created,,G01538,type=PUTAWAY pickup=BUFFER dropoff=F-08
20260908_023610_56ce16,4051,task_created,,G01539,type=PACK pickup=PICK-1 dropoff=PACK-1
20260908_023610_56ce16,4051,task_assigned,R10,G01539,
20260908_023610_56ce16,4053,task_completed,R2,G01302,
20260908_023610_56ce16,4054,task_assigned,R2,G01533,
20260908_023610_56ce16,4055,task_created,,G01540,type=PICK pickup=F-05 dropoff=PICK-2
20260908_023610_56ce16,4055,task_created,,G01541,type=SHIP pickup=STAGING dropoff=DOCK-2
20260908_023610_56ce16,4057,task_completed,R4,G01513,
20260908_023610_56ce16,4058,task_assigned,R4,G01541,
20260908_023610_56ce16,4059,task_assigned,R11,G01537,
20260908_023610_56ce16,4059,task_created,,G01542,type=PUTAWAY pickup=BUFFER dropoff=E-06
20260908_023610_56ce16,4061,task_interrupted,R3,G01525,
20260908_023610_56ce16,4062,task_assigned,R7,G01525,
20260908_023610_56ce16,4063,task_completed,R6,G01535,
20260908_023610_56ce16,4063,task_created,,G01543,type=PACK pickup=PICK-2 dropoff=PACK-2
20260908_023610_56ce16,4064,task_completed,R8,G01510,
20260908_023610_56ce16,4064,task_completed,R5,G01534,
20260908_023610_56ce16,4064,task_assigned,R6,G01543,
20260908_023610_56ce16,4065,task_assigned,R8,G01540,
20260908_023610_56ce16,4065,task_created,,G01544,type=PICK pickup=G-03 dropoff=PICK-3
20260908_023610_56ce16,4065,task_assigned,R5,G01544,
20260908_023610_56ce16,4066,task_completed,R1,G01528,
20260908_023610_56ce16,4067,task_assigned,R9,G01314,
20260908_023610_56ce16,4067,task_assigned,R1,G01317,
20260908_023610_56ce16,4067,task_created,,G01545,type=PUTAWAY pickup=RECV dropoff=A-07
20260908_023610_56ce16,4069,task_created,,G01546,type=SHIP pickup=STAGING dropoff=DOCK-2
20260908_023610_56ce16,4071,task_completed,R13,G01518,
20260908_023610_56ce16,4072,task_assigned,R13,G01546,
20260908_023610_56ce16,4075,task_created,,G01547,type=PUTAWAY pickup=BUFFER dropoff=D-03
20260908_023610_56ce16,4075,task_created,,G01548,type=PICK pickup=D-07 dropoff=PICK-1
20260908_023610_56ce16,4075,task_created,,G01549,type=PACK pickup=PICK-2 dropoff=PACK-2
20260908_023610_56ce16,4076,task_completed,R4,G01541,
20260908_023610_56ce16,4077,task_completed,R10,G01539,
20260908_023610_56ce16,4077,task_assigned,R4,G01549,
20260908_023610_56ce16,4078,task_assigned,R10,G01548,
20260908_023610_56ce16,4079,task_completed,R2,G01533,
20260908_023610_56ce16,4080,task_assigned,R2,G01319,
20260908_023610_56ce16,4083,task_completed,R6,G01543,
20260908_023610_56ce16,4083,task_created,,G01550,type=PUTAWAY pickup=BUFFER dropoff=F-05
20260908_023610_56ce16,4083,task_created,,G01551,type=SHIP pickup=STAGING dropoff=DOCK-1
20260908_023610_56ce16,4084,task_assigned,R6,G01551,
20260908_023610_56ce16,4085,task_created,,G01552,type=PICK pickup=H-05 dropoff=PICK-2
20260908_023610_56ce16,4086,task_completed,R8,G01540,
20260908_023610_56ce16,4086,task_completed,R5,G01544,
20260908_023610_56ce16,4087,task_completed,R11,G01537,
20260908_023610_56ce16,4087,task_assigned,R5,G01552,
20260908_023610_56ce16,4087,task_created,,G01553,type=PACK pickup=PICK-2 dropoff=PACK-2
20260908_023610_56ce16,4087,task_assigned,R8,G01553,
20260908_023610_56ce16,4088,task_assigned,R11,G01323,
20260908_023610_56ce16,4089,task_completed,R13,G01546,
20260908_023610_56ce16,4090,task_assigned,R13,G01326,
20260908_023610_56ce16,4091,task_completed,R6,G01551,
20260908_023610_56ce16,4091,task_created,,G01554,type=PUTAWAY pickup=RECV dropoff=E-04
20260908_023610_56ce16,4092,task_assigned,R6,G01329,
20260908_023610_56ce16,4092,task_completed,R12,G01522,
20260908_023610_56ce16,4092,task_completed,R4,G01549,
20260908_023610_56ce16,4093,task_assigned,R3,G01332,
20260908_023610_56ce16,4093,task_assigned,R4,G01335,
20260908_023610_56ce16,4093,task_assigned,R12,G01337,
20260908_023610_56ce16,4093,task_completed,R8,G01553,
20260908_023610_56ce16,4094,task_assigned,R8,G01341,
20260908_023610_56ce16,4094,task_completed,R7,G01525,
20260908_023610_56ce16,4095,task_created,,G01555,type=PICK pickup=E-02 dropoff=PICK-2
20260908_023610_56ce16,4095,task_assigned,R7,G01555,
20260908_023610_56ce16,4097,task_created,,G01556,type=SHIP pickup=STAGING dropoff=DOCK-1
20260908_023610_56ce16,4099,task_created,,G01557,type=PUTAWAY pickup=RECV dropoff=B-02
20260908_023610_56ce16,4099,task_created,,G01558,type=PACK pickup=PICK-2 dropoff=PACK-1
20260908_023610_56ce16,4101,task_completed,R9,G01314,
20260908_023610_56ce16,4102,task_assigned,R9,G01556,
20260908_023610_56ce16,4105,task_created,,G01559,type=PICK pickup=G-08 dropoff=PICK-1
20260908_023610_56ce16,4107,task_completed,R1,G01317,
20260908_023610_56ce16,4107,task_created,,G01560,type=PUTAWAY pickup=BUFFER dropoff=E-04
20260908_023610_56ce16,4108,task_completed,R5,G01552,
20260908_023610_56ce16,4108,task_assigned,R1,G01558,
20260908_023610_56ce16,4109,task_assigned,R5,G01559,
20260908_023610_56ce16,4111,task_created,,G01561,type=PACK pickup=PICK-2 dropoff=PACK-1
20260908_023610_56ce16,4111,task_created,,G01562,type=SHIP pickup=STAGING dropoff=DOCK-2
20260908_023610_56ce16,4115,task_interrupted,R2,G01319,
20260908_023610_56ce16,4115,task_completed,R11,G01323,
20260908_023610_56ce16,4115,task_created,,G01563,type=PUTAWAY pickup=RECV dropoff=C-06
20260908_023610_56ce16,4115,task_created,,G01564,type=PICK pickup=G-05 dropoff=PICK-3
20260908_023610_56ce16,4116,task_assigned,R11,G01562,
20260908_023610_56ce16,4120,task_completed,R13,G01326,
20260908_023610_56ce16,4121,task_completed,R9,G01556,
20260908_023610_56ce16,4121,task_assigned,R13,G01561,
20260908_023610_56ce16,4122,task_assigned,R9,G01564,
20260908_023610_56ce16,4123,task_completed,R10,G01548,
20260908_023610_56ce16,4123,task_created,,G01565,type=PUTAWAY pickup=RECV dropoff=E-03
20260908_023610_56ce16,4123,task_created,,G01566,type=PACK pickup=PICK-3 dropoff=PACK-2
20260908_023610_56ce16,4124,task_interrupted,R5,G01559,
20260908_023610_56ce16,4124,task_assigned,R10,G01566,
20260908_023610_56ce16,4125,task_created,,G01567,type=PICK pickup=C-07 dropoff=PICK-3
20260908_023610_56ce16,4125,task_created,,G01568,type=SHIP pickup=STAGING dropoff=DOCK-2
20260908_023610_56ce16,4127,task_completed,R6,G01329,
20260908_023610_56ce16,4128,task_assigned,R6,G01568,
20260908_023610_56ce16,4131,task_completed,R13,G01561,
20260908_023610_56ce16,4131,task_created,,G01569,type=PUTAWAY pickup=RECV dropoff=C-03
20260908_023610_56ce16,4132,task_assigned,R13,G01559,
20260908_023610_56ce16,4135,task_created,,G01570,type=PICK pickup=G-07 dropoff=PICK-1
20260908_023610_56ce16,4135,task_created,,G01571,type=PACK pickup=PICK-1 dropoff=PACK-1
20260908_023610_56ce16,4136,task_completed,R7,G01555,
20260908_023610_56ce16,4137,task_completed,R11,G01562,
20260908_023610_56ce16,4137,task_assigned,R7,G01571,
20260908_023610_56ce16,4138,task_assigned,R11,G01567,
20260908_023610_56ce16,4139,task_created,,G01572,type=PUTAWAY pickup=BUFFER dropoff=B-01
20260908_023610_56ce16,4139,task_created,,G01573,type=SHIP pickup=STAGING dropoff=DOCK-2
20260908_023610_56ce16,4141,task_completed,R12,G01337,
20260908_023610_56ce16,4141,task_completed,R1,G01558,
20260908_023610_56ce16,4142,task_assigned,R12,G01570,
20260908_023610_56ce16,4142,task_assigned,R1,G01573,
20260908_023610_56ce16,4145,task_created,,G01574,type=PICK pickup=G-01 dropoff=PICK-3
20260908_023610_56ce16,4146,task_completed,R9,G01564,
20260908_023610_56ce16,4147,task_created,,G01575,type=PUTAWAY pickup=RECV dropoff=E-01
20260908_023610_56ce16,4147,task_created,,G01576,type=PACK pickup=PICK-3 dropoff=PACK-2
20260908_023610_56ce16,4147,task_assigned,R9,G01576,
20260908_023610_56ce16,4148,task_completed,R1,G01573,
20260908_023610_56ce16,4149,task_completed,R6,G01568,
20260908_023610_56ce16,4149,task_assigned,R1,G01574,
20260908_023610_56ce16,4150,task_assigned,R6,G01319,
20260908_023610_56ce16,4150,task_interrupted,R12,G01570,
20260908_023610_56ce16,4153,task_created,,G01577,type=SHIP pickup=STAGING dropoff=DOCK-1
20260908_023610_56ce16,4154,task_completed,R10,G01566,
20260908_023610_56ce16,4155,task_completed,R4,G01335,
20260908_023610_56ce16,4155,task_completed,R9,G01576,
20260908_023610_56ce16,4155,task_assigned,R10,G01577,
20260908_023610_56ce16,4155,task_created,,G01578,type=PUTAWAY pickup=RECV dropoff=H-06
20260908_023610_56ce16,4155,task_created,,G01579,type=PICK pickup=F-07 dropoff=PICK-1
20260908_023610_56ce16,4156,task_assigned,R9,G01570,
20260908_023610_56ce16,4156,task_completed,R7,G01571,
20260908_023610_56ce16,4156,task_assigned,R4,G01579,
20260908_023610_56ce16,4157,task_assigned,R2,G01345,
20260908_023610_56ce16,4157,task_assigned,R7,G01347,
20260908_023610_56ce16,4158,task_completed,R13,G01559,
20260908_023610_56ce16,4159,task_created,,G01580,type=PACK pickup=PICK-1 dropoff=PACK-2
20260908_023610_56ce16,4159,task_assigned,R13,G01580,
20260908_023610_56ce16,4162,task_assigned,R5,G01350,
20260908_023610_56ce16,4162,task_completed,R10,G01577,
20260908_023610_56ce16,4163,task_assigned,R10,G01353,
20260908_023610_56ce16,4163,task_completed,R11,G01567,
20260908_023610_56ce16,4163,task_created,,G01581,type=PUTAWAY pickup=BUFFER dropoff=B-01
20260908_023610_56ce16,4164,task_assigned,R11,G01356,
20260908_023610_56ce16,4165,task_created,,G01582,type=PICK pickup=D-06 dropoff=PICK-3
20260908_023610_56ce16,4167,task_created,,G01583,type=SHIP pickup=STAGING dropoff=DOCK-2
20260908_023610_56ce16,4171,task_completed,R8,G01341,
20260908_023610_56ce16,4171,task_completed,R1,G01574,
20260908_023610_56ce16,4171,task_created,,G01584,type=PUTAWAY pickup=RECV dropoff=C-08
20260908_023610_56ce16,4171,task_created,,G01585,type=PACK pickup=PICK-3 dropoff=PACK-2
20260908_023610_56ce16,4172,task_completed,R3,G01332,
20260908_023610_56ce16,4172,task_assigned,R8,G01583,
20260908_023610_56ce16,4172,task_assigned,R1,G01585,
20260908_023610_56ce16,4173,task_completed,R6,G01319,
20260908_023610_56ce16,4173,task_assigned,R3,G01582,
20260908_023610_56ce16,4174,task_assigned,R6,G01359,
20260908_023610_56ce16,4175,task_completed,R13,G01580,
20260908_023610_56ce16,4175,task_created,,G01586,type=PICK pickup=H-02 dropoff=PICK-1
20260908_023610_56ce16,4176,task_assigned,R13,G01586,
20260908_023610_56ce16,4179,task_created,,G01587,type=PUTAWAY pickup=RECV dropoff=E-02
20260908_023610_56ce16,4180,task_interrupted,R4,G01579,
20260908_023610_56ce16,4180,task_completed,R1,G01585,
20260908_023610_56ce16,4181,task_created,,G01588,type=SHIP pickup=STAGING dropoff=DOCK-1
20260908_023610_56ce16,4181,task_assigned,R1,G01588,
20260908_023610_56ce16,4183,task_created,,G01589,type=PACK pickup=PICK-2 dropoff=PACK-2
20260908_023610_56ce16,4185,task_completed,R3,G01582,
20260908_023610_56ce16,4185,task_assigned,R12,G01589,
20260908_023610_56ce16,4185,task_created,,G01590,type=PICK pickup=G-06 dropoff=PICK-1
20260908_023610_56ce16,4186,task_assigned,R3,G01579,
20260908_023610_56ce16,4187,task_completed,R9,G01570,
20260908_023610_56ce16,4187,task_created,,G01591,type=PUTAWAY pickup=RECV dropoff=E-06
20260908_023610_56ce16,4188,task_completed,R1,G01588,
20260908_023610_56ce16,4188,task_assigned,R9,G01590,
20260908_023610_56ce16,4189,task_completed,R10,G01353,
20260908_023610_56ce16,4189,task_assigned,R1,G01363,
20260908_023610_56ce16,4190,task_assigned,R10,G01365,
20260908_023610_56ce16,4192,task_completed,R6,G01359,
20260908_023610_56ce16,4193,task_assigned,R6,G01368,
20260908_023610_56ce16,4194,task_interrupted,R1,G01363,
20260908_023610_56ce16,4195,task_created,,G01592,type=PUTAWAY pickup=RECV dropoff=E-05
20260908_023610_56ce16,4195,task_created,,G01593,type=PICK pickup=A-01 dropoff=PICK-1
20260908_023610_56ce16,4195,task_created,,G01594,type=PACK pickup=PICK-3 dropoff=PACK-1
20260908_023610_56ce16,4195,task_created,,G01595,type=SHIP pickup=STAGING dropoff=DOCK-1
20260908_023610_56ce16,4197,task_completed,R8,G01583,
20260908_023610_56ce16,4198,task_completed,R2,G01345,
20260908_023610_56ce16,4198,task_completed,R7,G01347,
20260908_023610_56ce16,4198,task_assigned,R8,G01595,
20260908_023610_56ce16,4199,task_assigned,R7,G01593,
20260908_023610_56ce16,4199,task_assigned,R2,G01594,
20260908_023610_56ce16,4203,task_completed,R8,G01595,
20260908_023610_56ce16,4203,task_created,,G01596,type=PUTAWAY pickup=BUFFER dropoff=H-04
20260908_023610_56ce16,4204,task_assigned,R8,G01363,
20260908_023610_56ce16,4205,task_created,,G01597,type=PICK pickup=C-05 dropoff=PICK-1
20260908_023610_56ce16,4207,task_interrupted,R10,G01365,
20260908_023610_56ce16,4207,task_created,,G01598,type=PACK pickup=PICK-2 dropoff=PACK-1
20260908_023610_56ce16,4209,task_created,,G01599,type=SHIP pickup=STAGING dropoff=DOCK-1
20260908_023610_56ce16,4211,task_completed,R12,G01589,
20260908_023610_56ce16,4211,task_created,,G01600,type=PUTAWAY pickup=RECV dropoff=E-03
20260908_023610_56ce16,4212,task_completed,R5,G01350,
20260908_023610_56ce16,4212,task_assigned,R12,G01599,
20260908_023610_56ce16,4213,task_assigned,R5,G01597,
20260908_023610_56ce16,4213,task_assigned,R1,G01598,
20260908_023610_56ce16,4215,task_created,,G01601,type=PICK pickup=B-03 dropoff=PICK-1
20260908_023610_56ce16,4215,task_assigned,R4,G01601,
20260908_023610_56ce16,4216,task_completed,R6,G01368,
20260908_023610_56ce16,4217,task_assigned,R6,G01365,
20260908_023610_56ce16,4217,task_completed,R9,G01590,
20260908_023610_56ce16,4218,task_assigned,R9,G01372,
20260908_023610_56ce16,4219,task_completed,R12,G01599,
20260908_023610_56ce16,4219,task_created,,G01602,type=PUTAWAY pickup=RECV dropoff=E-08
20260908_023610_56ce16,4219,task_created,,G01603,type=PACK pickup=PICK-2 dropoff=PACK-1
20260908_023610_56ce16,4220,task_assigned,R12,G01603,
20260908_023610_56ce16,4223,task_interrupted,R8,G01363,
20260908_023610_56ce16,4223,task_created,,G01604,type=SHIP pickup=STAGING dropoff=DOCK-2
20260908_023610_56ce16,4225,task_created,,G01605,type=PICK pickup=F-02 dropoff=PICK-3
20260908_023610_56ce16,4227,task_completed,R11,G01356,
20260908_023610_56ce16,4227,task_created,,G01606,type=PUTAWAY pickup=RECV dropoff=C-05
20260908_023610_56ce16,4228,task_assigned,R11,G01604,
20260908_023610_56ce16,4231,task_completed,R13,G01586,
20260908_023610_56ce16,4231,task_created,,G01607,type=PACK pickup=PICK-2 dropoff=PACK-2
20260908_023610_56ce16,4232,task_assigned,R13,G01607,
20260908_023610_56ce16,4235,task_completed,R12,G01603,
20260908_023610_56ce16,4235,task_created,,G01608,type=PUTAWAY pickup=RECV dropoff=H-07
20260908_023610_56ce16,4235,task_created,,G01609,type=PICK pickup=H-07 dropoff=PICK-1
20260908_023610_56ce16,4236,task_assigned,R12,G01605,
20260908_023610_56ce16,4237,task_completed,R7,G01593,
20260908_023610_56ce16,4237,task_created,,G01610,type=SHIP pickup=STAGING dropoff=DOCK-1
20260908_023610_56ce16,4238,task_completed,R1,G01598,
20260908_023610_56ce16,4238,task_assigned,R7,G01610,
20260908_023610_56ce16,4239,task_completed,R6,G01365,
20260908_023610_56ce16,4239,task_assigned,R1,G01609,
20260908_023610_56ce16,4240,task_assigned,R6,G01363,
20260908_023610_56ce16,4243,task_created,,G01611,type=PUTAWAY pickup=BUFFER dropoff=E-01
20260908_023610_56ce16,4243,task_created,,G01612,type=PACK pickup=PICK-1 dropoff=PACK-1
20260908_023610_56ce16,4245,task_created,,G01613,type=PICK pickup=C-04 dropoff=PICK-1
20260908_023610_56ce16,4246,task_completed,R2,G01594,
20260908_023610_56ce16,4246,task_completed,R4,G01601,
20260908_023610_56ce16,4247,task_assigned,R2,G01374,
20260908_023610_56ce16,4247,task_interrupted,R13,G01607,
20260908_023610_56ce16,4247,task_assigned,R10,G01612,
20260908_023610_56ce16,4247,task_assigned,R4,G01613,
20260908_023610_56ce16,4248,task_completed,R11,G01604,
20260908_023610_56ce16,4249,task_assigned,R11,G01607,
20260908_023610_56ce16,4251,task_completed,R6,G01363,
20260908_023610_56ce16,4251,task_created,,G01614,type=PUTAWAY pickup=BUFFER dropoff=B-08
20260908_023610_56ce16,4251,task_created,,G01615,type=SHIP pickup=STAGING dropoff=DOCK-1
20260908_023610_56ce16,4251,task_assigned,R8,G01615,
20260908_023610_56ce16,4252,task_assigned,R6,G01378,
20260908_023610_56ce16,4253,task_completed,R9,G01372,
20260908_023610_56ce16,4254,task_assigned,R9,G01380,
20260908_023610_56ce16,4254,task_completed,R11,G01607,
20260908_023610_56ce16,4254,task_completed,R7,G01610,
20260908_023610_56ce16,4255,task_created,,G01616,type=PICK pickup=H-08 dropoff=PICK-1
20260908_023610_56ce16,4255,task_assigned,R7,G01616,
20260908_023610_56ce16,4255,task_created,,G01617,type=PACK pickup=PICK-3 dropoff=PACK-2
20260908_023610_56ce16,4255,task_assigned,R11,G01617,
20260908_023610_56ce16,4259,task_created,,G01618,type=PUTAWAY pickup=RECV dropoff=G-02
20260908_023610_56ce16,4263,task_completed,R3,G01579,
20260908_023610_56ce16,4264,task_completed,R6,G01378,
20260908_023610_56ce16,4264,task_assigned,R3,G01383,
20260908_023610_56ce16,4265,task_created,,G01619,type=PICK pickup=D-05 dropoff=PICK-2
20260908_023610_56ce16,4265,task_created,,G01620,type=SHIP pickup=STAGING dropoff=DOCK-2
20260908_023610_56ce16,4265,task_assigned,R6,G01620,
20260908_023610_56ce16,4266,task_completed,R8,G01615,
20260908_023610_56ce16,4266,task_interrupted,R6,G01620,
20260908_023610_56ce16,4267,task_completed,R5,G01597,
20260908_023610_56ce16,4267,task_assigned,R8,G01620,
20260908_023610_56ce16,4267,task_created,,G01621,type=PUTAWAY pickup=BUFFER dropoff=A-01
20260908_023610_56ce16,4267,task_created,,G01622,type=PACK pickup=PICK-2 dropoff=PACK-2
20260908_023610_56ce16,4268,task_completed,R10,G01612,
20260908_023610_56ce16,4268,task_assigned,R5,G01622,
20260908_023610_56ce16,4269,task_assigned,R10,G01619,
20260908_023610_56ce16,4272,task_completed,R11,G01617,
20260908_023610_56ce16,4272,task_completed,R8,G01620,
20260908_023610_56ce16,4273,task_assigned,R8,G01387,
20260908_023610_56ce16,4273,task_assigned,R11,G01390,
20260908_023610_56ce16,4275,task_completed,R12,G01605,
20260908_023610_56ce16,4275,task_created,,G01623,type=PUTAWAY pickup=RECV dropoff=A-05
20260908_023610_56ce16,4275,task_created,,G01624,type=PICK pickup=E-01 dropoff=PICK-1
20260908_023610_56ce16,4276,task_assigned,R12,G01624,
20260908_023610_56ce16,4277,task_assigned,R13,G01393,
20260908_023610_56ce16,4279,task_created,,G01625,type=PACK pickup=PICK-3 dropoff=PACK-1
20260908_023610_56ce16,4279,task_created,,G01626,type=SHIP pickup=STAGING dropoff=DOCK-2
20260908_023610_56ce16,4280,task_completed,R2,G01374,
20260908_023610_56ce16,4281,task_assigned,R2,G01626,
20260908_023610_56ce16,4282,task_completed,R5,G01622,
20260908_023610_56ce16,4283,task_assigned,R5,G01625,
20260908_023610_56ce16,4283,task_created,,G01627,type=PUTAWAY pickup=BUFFER dropoff=F-06
20260908_023610_56ce16,4284,task_interrupted,R9,G01380,
20260908_023610_56ce16,4284,task_interrupted,R7,G01616,
20260908_023610_56ce16,4285,task_created,,G01628,type=PICK pickup=B-06 dropoff=PICK-3
20260908_023610_56ce16,4288,task_interrupted,R11,G01390,
20260908_023610_56ce16,4291,task_created,,G01629,type=PUTAWAY pickup=RECV dropoff=C-03
20260908_023610_56ce16,4291,task_created,,G01630,type=PACK pickup=PICK-1 dropoff=PACK-1
20260908_023610_56ce16,4293,task_created,,G01631,type=SHIP pickup=STAGING dropoff=DOCK-2
20260908_023610_56ce16,4295,task_created,,G01632,type=PICK pickup=D-07 dropoff=PICK-1
20260908_023610_56ce16,4296,task_completed,R3,G01383,
20260908_023610_56ce16,4297,task_assigned,R3,G01630,
20260908_023610_56ce16,4297,task_assigned,R6,G01631,
20260908_023610_56ce16,4299,task_created,,G01633,type=PUTAWAY pickup=BUFFER dropoff=G-03
20260908_023610_56ce16,4300,task_completed,R10,G01619,
20260908_023610_56ce16,4301,task_assigned,R10,G01616,
20260908_023610_56ce16,4303,task_created,,G01634,type=PACK pickup=PICK-1 dropoff=PACK-1
20260908_023610_56ce16,4305,task_completed,R5,G01625,
20260908_023610_56ce16,4305,task_completed,R2,G01626,
20260908_023610_56ce16,4305,task_created,,G01635,type=PICK pickup=F-05 dropoff=PICK-3
20260908_023610_56ce16,4306,task_assigned,R2,G01628,
20260908_023610_56ce16,4306,task_assigned,R5,G01634,
20260908_023610_56ce16,4307,task_created,,G01636,type=PUTAWAY pickup=BUFFER dropoff=B-02
20260908_023610_56ce16,4307,task_created,,G01637,type=SHIP pickup=STAGING dropoff=DOCK-2
20260908_023610_56ce16,4309,task_completed,R4,G01613,
20260908_023610_56ce16,4310,task_assigned,R4,G01637,
20260908_023610_56ce16,4312,task_completed,R6,G01631,
20260908_023610_56ce16,4313,task_completed,R12,G01624,
20260908_023610_56ce16,4313,task_assigned,R6,G01632,
20260908_023610_56ce16,4314,task_completed,R8,G01387,
20260908_023610_56ce16,4314,task_assigned,R12,G01635,
20260908_023610_56ce16,4315,task_created,,G01638,type=PUTAWAY pickup=RECV dropoff=G-05
20260908_023610_56ce16,4315,task_created,,G01639,type=PICK pickup=B-07 dropoff=PICK-1
20260908_023610_56ce16,4315,task_created,,G01640,type=PACK pickup=PICK-3 dropoff=PACK-2
20260908_023610_56ce16,4315,task_assigned,R8,G01640,
20260908_023610_56ce16,4318,task_assigned,R11,G01390,
20260908_023610_56ce16,4319,task_completed,R13,G01393,
20260908_023610_56ce16,4320,task_assigned,R13,G01639,
20260908_023610_56ce16,4321,task_created,,G01641,type=SHIP pickup=STAGING dropoff=DOCK-2
20260908_023610_56ce16,4323,task_created,,G01642,type=PUTAWAY pickup=RECV dropoff=D-07
20260908_023610_56ce16,4324,task_assigned,R9,G01380,
20260908_023610_56ce16,4325,task_created,,G01643,type=PICK pickup=E-06 dropoff=PICK-3
20260908_023610_56ce16,4326,task_completed,R4,G01637,
20260908_023610_56ce16,4326,task_assigned,R7,G01641,
20260908_023610_56ce16,4327,task_completed,R1,G01609,
20260908_023610_56ce16,4327,task_created,,G01644,type=PACK pickup=PICK-2 dropoff=PACK-2
20260908_023610_56ce16,4327,task_assigned,R4,G01644,
20260908_023610_56ce16,4328,task_interrupted,R3,G01630,
20260908_023610_56ce16,4328,task_completed,R5,G01634,
20260908_023610_56ce16,4328,task_assigned,R1,G01643,
20260908_023610_56ce16,4329,task_assigned,R5,G01630,
20260908_023610_56ce16,4331,task_created,,G01645,type=PUTAWAY pickup=BUFFER dropoff=E-07
20260908_023610_56ce16,4332,task_completed,R5,G01630,
20260908_023610_56ce16,4333,task_assigned,R5,G01395,
20260908_023610_56ce16,4335,task_created,,G01646,type=PICK pickup=A-08 dropoff=PICK-2
20260908_023610_56ce16,4335,task_created,,G01647,type=SHIP pickup=STAGING dropoff=DOCK-2
20260908_023610_56ce16,4337,task_completed,R8,G01640,
20260908_023610_56ce16,4338,task_assigned,R8,G01647,
20260908_023610_56ce16,4339,task_created,,G01648,type=PUTAWAY pickup=BUFFER dropoff=C-08
20260908_023610_56ce16,4339,task_created,,G01649,type=PACK pickup=PICK-2 dropoff=PACK-2
20260908_023610_56ce16,4341,task_completed,R12,G01635,
20260908_023610_56ce16,4342,task_completed,R7,G01641,
20260908_023610_56ce16,4342,task_completed,R4,G01644,
20260908_023610_56ce16,4342,task_assigned,R12,G01649,
20260908_023610_56ce16,4343,task_assigned,R4,G01399,
20260908_023610_56ce16,4343,task_assigned,R7,G01646,
20260908_023610_56ce16,4344,task_completed,R10,G01616,
20260908_023610_56ce16,4345,task_completed,R8,G01647,
20260908_023610_56ce16,4345,task_created,,G01650,type=PICK pickup=C-03 dropoff=PICK-1
20260908_023610_56ce16,4345,task_assigned,R10,G01650,
20260908_023610_56ce16,4346,task_assigned,R8,G01401,
20260908_023610_56ce16,4347,task_created,,G01651,type=PUTAWAY pickup=BUFFER dropoff=B-01
20260908_023610_56ce16,4348,task_completed,R2,G01628,
20260908_023610_56ce16,4349,task_created,,G01652,type=SHIP pickup=STAGING dropoff=DOCK-2
20260908_023610_56ce16,4349,task_assigned,R2,G01652,
20260908_023610_56ce16,4351,task_created,,G01653,type=PACK pickup=PICK-3 dropoff=PACK-2
20260908_023610_56ce16,4353,task_completed,R6,G01632,
20260908_023610_56ce16,4353,task_assigned,R3,G01653,
20260908_023610_56ce16,4354,task_assigned,R6,G01405,
20260908_023610_56ce16,4355,task_completed,R9,G01380,
20260908_023610_56ce16,4355,task_created,,G01654,type=PUTAWAY pickup=BUFFER dropoff=A-02
20260908_023610_56ce16,4355,task_created,,G01655,type=PICK pickup=A-04 dropoff=PICK-1
20260908_023610_56ce16,4356,task_completed,R12,G01649,
20260908_023610_56ce16,4356,task_assigned,R9,G01655,
20260908_023610_56ce16,4357,task_assigned,R12,G01409,
20260908_023610_56ce16,4357,task_completed,R13,G01639,
20260908_023610_56ce16,4358,task_assigned,R13,G01410,
20260908_023610_56ce16,4358,task_completed,R1,G01643,
20260908_023610_56ce16,4359,task_assigned,R1,G01414,
20260908_023610_56ce16,4360,task_completed,R5,G01395,
20260908_023610_56ce16,4361,task_assigned,R5,G01417,
20260908_023610_56ce16,4363,task_completed,R11,G01390,
20260908_023610_56ce16,4363,task_created,,G01656,type=PUTAWAY pickup=BUFFER dropoff=D-07
20260908_023610_56ce16,4363,task_created,,G01657,type=PACK pickup=PICK-2 dropoff=PACK-1
20260908_023610_56ce16,4363,task_created,,G01658,type=SHIP pickup=STAGING dropoff=DOCK-2
20260908_023610_56ce16,4364,task_assigned,R11,G01658,
20260908_023610_56ce16,4365,task_created,,G01659,type=PICK pickup=D-08 dropoff=PICK-1
20260908_023610_56ce16,4368,task_completed,R2,G01652,
20260908_023610_56ce16,4369,task_assigned,R2,G01657,
20260908_023610_56ce16,4371,task_created,,G01660,type=PUTAWAY pickup=RECV dropoff=D-02
20260908_023610_56ce16,4372,task_completed,R6,G01405,
20260908_023610_56ce16,4373,task_assigned,R6,G01659,
20260908_023610_56ce16,4375,task_completed,R4,G01399,
20260908_023610_56ce16,4375,task_created,,G01661,type=PICK pickup=H-07 dropoff=PICK-3
20260908_023610_56ce16,4375,task_created,,G01662,type=PACK pickup=PICK-3 dropoff=PACK-1
20260908_023610_56ce16,4376,task_assigned,R4,G01662,
20260908_023610_56ce16,4377,task_created,,G01663,type=SHIP pickup=STAGING dropoff=DOCK-1
20260908_023610_56ce16,4379,task_completed,R9,G01655,
20260908_023610_56ce16,4379,task_created,,G01664,type=PUTAWAY pickup=RECV dropoff=G-08
20260908_023610_56ce16,4380,task_completed,R11,G01658,
20260908_023610_56ce16,4380,task_assigned,R9,G01663,
20260908_023610_56ce16,4381,task_assigned,R11,G01661,
20260908_023610_56ce16,4383,task_completed,R2,G01657,
20260908_023610_56ce16,4384,task_completed,R10,G01650,
20260908_023610_56ce16,4385,task_completed,R13,G01410,
20260908_023610_56ce16,4385,task_created,,G01665,type=PICK pickup=A-02 dropoff=PICK-2
20260908_023610_56ce16,4385,task_assigned,R10,G01665,
20260908_023610_56ce16,4386,task_interrupted,R5,G01417,
20260908_023610_56ce16,4386,task_assigned,R13,G01420,
20260908_023610_56ce16,4387,task_created,,G01666,type=PUTAWAY pickup=BUFFER dropoff=E-06
20260908_023610_56ce16,4387,task_created,,G01667,type=PACK pickup=PICK-2 dropoff=PACK-2
20260908_023610_56ce16,4387,task_assigned,R2,G01667,
20260908_023610_56ce16,4388,task_completed,R3,G01653,
20260908_023610_56ce16,4389,task_assigned,R3,G01417,
20260908_023610_56ce16,4391,task_completed,R8,G01401,
20260908_023610_56ce16,4391,task_created,,G01668,type=SHIP pickup=STAGING dropoff=DOCK-2
20260908_023610_56ce16,4392,task_interrupted,R2,G01667,
20260908_023610_56ce16,4392,task_assigned,R8,G01668,
20260908_023610_56ce16,4393,task_completed,R12,G01409,
20260908_023610_56ce16,4393,task_completed,R7,G01646,
20260908_023610_56ce16,4394,task_assigned,R12,G01423,
20260908_023610_56ce16,4394,task_assigned,R7,G01667,
20260908_023610_56ce16,4395,task_created,,G01669,type=PUTAWAY pickup=BUFFER dropoff=D-04
20260908_023610_56ce16,4395,task_created,,G01670,type=PICK pickup=G-05 dropoff=PICK-1
20260908_023610_56ce16,4398,task_completed,R4,G01662,
20260908_023610_56ce16,4399,task_created,,G01671,type=PACK pickup=PICK-1 dropoff=PACK-2
20260908_023610_56ce16,4399,task_assigned,R4,G01671,
20260908_023610_56ce16,4400,task_completed,R9,G01663,
20260908_023610_56ce16,4401,task_completed,R3,G01417,
20260908_023610_56ce16,4401,task_assigned,R9,G01670,
20260908_023610_56ce16,4402,task_assigned,R3,G01426,
20260908_023610_56ce16,4403,task_completed,R7,G01667,
20260908_023610_56ce16,4403,task_created,,G01672,type=PUTAWAY pickup=RECV dropoff=E-02
20260908_023610_56ce16,4404,task_assigned,R7,G01429,
20260908_023610_56ce16,4405,task_created,,G01673,type=PICK pickup=G-03 dropoff=PICK-2
20260908_023610_56ce16,4405,task_created,,G01674,type=SHIP pickup=STAGING dropoff=DOCK-2
20260908_023610_56ce16,4408,task_completed,R10,G01665,
20260908_023610_56ce16,4409,task_completed,R11,G01661,
20260908_023610_56ce16,4409,task_assigned,R10,G01674,
20260908_023610_56ce16,4410,task_assigned,R11,G01673,
20260908_023610_56ce16,4411,task_interrupted,R12,G01423,
20260908_023610_56ce16,4411,task_created,,G01675,type=PUTAWAY pickup=BUFFER dropoff=E-02
20260908_023610_56ce16,4411,task_created,,G01676,type=PACK pickup=PICK-1 dropoff=PACK-2
20260908_023610_56ce16,4415,task_completed,R3,G01426,
20260908_023610_56ce16,4415,task_created,,G01677,type=PICK pickup=F-07 dropoff=PICK-2
20260908_023610_56ce16,4416,task_assigned,R3,G01676,
20260908_023610_56ce16,4417,task_completed,R10,G01674,
20260908_023610_56ce16,4418,task_assigned,R10,G01677,
20260908_023610_56ce16,4419,task_completed,R8,G01668,
20260908_023610_56ce16,4419,task_created,,G01678,type=PUTAWAY pickup=BUFFER dropoff=F-06
20260908_023610_56ce16,4419,task_created,,G01679,type=SHIP pickup=STAGING dropoff=DOCK-2
20260908_023610_56ce16,4420,task_assigned,R8,G01679,
20260908_023610_56ce16,4421,task_assigned,R2,G01423,
20260908_023610_56ce16,4423,task_created,,G01680,type=PACK pickup=PICK-1 dropoff=PACK-2
20260908_023610_56ce16,4423,task_assigned,R5,G01680,
20260908_023610_56ce16,4424,task_completed,R4,G01671,
20260908_023610_56ce16,4425,task_completed,R8,G01679,
20260908_023610_56ce16,4425,task_created,,G01681,type=PICK pickup=B-05 dropoff=PICK-3
20260908_023610_56ce16,4426,task_assigned,R4,G01432,
20260908_023610_56ce16,4426,task_assigned,R8,G01681,
20260908_023610_56ce16,4427,task_completed,R7,G01429,
20260908_023610_56ce16,4427,task_created,,G01682,type=PUTAWAY pickup=BUFFER dropoff=C-01
20260908_023610_56ce16,4428,task_assigned,R7,G01436,
20260908_023610_56ce16,4428,task_completed,R6,G01659,
20260908_023610_56ce16,4429,task_interrupted,R1,G01414,
20260908_023610_56ce16,4429,task_assigned,R6,G01438,
20260908_023610_56ce16,4431,task_completed,R11,G01673,
20260908_023610_56ce16,4432,task_assigned,R11,G01414,
20260908_023610_56ce16,4433,task_created,,G01683,type=SHIP pickup=STAGING dropoff=DOCK-2
20260908_023610_56ce16,4435,task_created,,G01684,type=PUTAWAY pickup=BUFFER dropoff=A-06
20260908_023610_56ce16,4435,task_created,,G01685,type=PICK pickup=E-03 dropoff=PICK-1
20260908_023610_56ce16,4435,task_created,,G01686,type=PACK pickup=PICK-2 dropoff=PACK-1
20260908_023610_56ce16,4437,task_interrupted,R4,G01432,
20260908_023610_56ce16,4443,task_assigned,R12,G01683,
20260908_023610_56ce16,4443,task_created,,G01687,type=PUTAWAY pickup=RECV dropoff=A-03
20260908_023610_56ce16,4444,task_completed,R13,G01420,
20260908_023610_56ce16,4445,task_assigned,R13,G01686,
20260908_023610_56ce16,4445,task_created,,G01688,type=PICK pickup=B-04 dropoff=PICK-1
20260908_023610_56ce16,4447,task_created,,G01689,type=PACK pickup=PICK-1 dropoff=PACK-1
20260908_023610_56ce16,4447,task_created,,G01690,type=SHIP pickup=STAGING dropoff=DOCK-1
20260908_023610_56ce16,4448,task_completed,R9,G01670,
20260908_023610_56ce16,4449,task_completed,R5,G01680,
20260908_023610_56ce16,4449,task_assigned,R9,G01690,
20260908_023610_56ce16,4450,task_assigned,R5,G01689,
20260908_023610_56ce16,4451,task_completed,R3,G01676,
20260908_023610_56ce16,4451,task_created,,G01691,type=PUTAWAY pickup=BUFFER dropoff=C-02
20260908_023610_56ce16,4452,task_completed,R10,G01677,
20260908_023610_56ce16,4452,task_assigned,R3,G01685,
20260908_023610_56ce16,4453,task_assigned,R10,G01688,
20260908_023610_56ce16,4454,task_assigned,R1,G01432,
20260908_023610_56ce16,4455,task_created,,G01692,type=PICK pickup=C-07 dropoff=PICK-3
20260908_023610_56ce16,4458,task_completed,R6,G01438,
20260908_023610_56ce16,4459,task_completed,R12,G01683,
20260908_023610_56ce16,4459,task_created,,G01693,type=PUTAWAY pickup=RECV dropoff=H-03
20260908_023610_56ce16,4459,task_created,,G01694,type=PACK pickup=PICK-2 dropoff=PACK-2
20260908_023610_56ce16,4459,task_assigned,R6,G01694,
20260908_023610_56ce16,4460,task_completed,R11,G01414,
20260908_023610_56ce16,4460,task_assigned,R12,G01692,
20260908_023610_56ce16,4461,task_completed,R2,G01423,
20260908_023610_56ce16,4461,task_created,,G01695,type=SHIP pickup=STAGING dropoff=DOCK-1
20260908_023610_56ce16,4461,task_assigned,R11,G01695,
20260908_023610_56ce16,4462,task_assigned,R2,G01441,
20260908_023610_56ce16,4463,task_completed,R13,G01686,
20260908_023610_56ce16,4464,task_assigned,R13,G01444,
20260908_023610_56ce16,4465,task_created,,G01696,type=PICK pickup=G-01 dropoff=PICK-2
20260908_023610_56ce16,4466,task_completed,R8,G01681,
20260908_023610_56ce16,4466,task_interrupted,R10,G01688,
20260908_023610_56ce16,4467,task_assigned,R8,G01688,
20260908_023610_56ce16,4467,task_created,,G01697,type=PUTAWAY pickup=BUFFER dropoff=A-03
20260908_023610_56ce16,4468,task_completed,R9,G01690,
20260908_023610_56ce16,4469,task_assigned,R9,G01696,
20260908_023610_56ce16,4471,task_created,,G01698,type=PACK pickup=PICK-2 dropoff=PACK-2
20260908_023610_56ce16,4472,task_interrupted,R8,G01688,
20260908_023610_56ce16,4472,task_assigned,R4,G01698,
20260908_023610_56ce16,4474,task_completed,R5,G01689,
20260908_023610_56ce16,4475,task_created,,G01699,type=PUTAWAY pickup=RECV dropoff=B-03
20260908_023610_56ce16,4475,task_created,,G01700,type=PICK pickup=A-06 dropoff=PICK-3
20260908_023610_56ce16,4475,task_created,,G01701,type=SHIP pickup=STAGING dropoff=DOCK-1
20260908_023610_56ce16,4475,task_assigned,R5,G01701,
20260908_023610_56ce16,4476,task_completed,R7,G01436,
20260908_023610_56ce16,4477,task_assigned,R7,G01688,
20260908_023610_56ce16,4477,task_completed,R6,G01694,
20260908_023610_56ce16,4478,task_assigned,R6,G01700,
20260908_023610_56ce16,4481,task_completed,R3,G01685,
20260908_023610_56ce16,4481,task_completed,R5,G01701,
20260908_023610_56ce16,4482,task_assigned,R5,G01447,
20260908_023610_56ce16,4482,task_assigned,R3,G01451,
20260908_023610_56ce16,4482,task_completed,R12,G01692,
20260908_023610_56ce16,4483,task_created,,G01702,type=PUTAWAY pickup=BUFFER dropoff=F-01
20260908_023610_56ce16,4483,task_created,,G01703,type=PACK pickup=PICK-3 dropoff=PACK-1
20260908_023610_56ce16,4483,task_assigned,R12,G01703,
20260908_023610_56ce16,4485,task_completed,R2,G01441,
20260908_023610_56ce16,4485,task_created,,G01704,type=PICK pickup=B-04 dropoff=PICK-3
20260908_023610_56ce16,4486,task_assigned,R2,G01704,
20260908_023610_56ce16,4488,task_completed,R11,G01695,
20260908_023610_56ce16,4489,task_created,,G01705,type=SHIP pickup=STAGING dropoff=DOCK-2
20260908_023610_56ce16,4489,task_assigned,R11,G01705,
20260908_023610_56ce16,4491,task_created,,G01706,type=PUTAWAY pickup=RECV dropoff=G-01
20260908_023610_56ce16,4492,task_completed,R1,G01432,
20260908_023610_56ce16,4493,task_assigned,R1,G01454,
20260908_023610_56ce16,4494,task_assigned,R10,G01456,
20260908_023610_56ce16,4494,task_completed,R11,G01705,
20260908_023610_56ce16,4495,task_created,,G01707,type=PICK pickup=F-07 dropoff=PICK-1
20260908_023610_56ce16,4495,task_created,,G01708,type=PACK pickup=PICK-2 dropoff=PACK-1
20260908_023610_56ce16,4495,task_assigned,R11,G01708,
20260908_023610_56ce16,4496,task_completed,R12,G01703,
20260908_023610_56ce16,4497,task_assigned,R12,G01707,
20260908_023610_56ce16,4498,task_interrupted,R13,G01444,
20260908_023610_56ce16,4499,task_created,,G01709,type=PUTAWAY pickup=BUFFER dropoff=D-08
20260908_023610_56ce16,4500,task_completed,R4,G01698,
20260908_023610_56ce16,4501,task_assigned,R4,G01444,
20260908_023610_56ce16,4502,task_completed,R7,G01688,
20260908_023610_56ce16,4503,task_created,,G01710,type=SHIP pickup=STAGING dropoff=DOCK-1
20260908_023610_56ce16,4503,task_assigned,R7,G01710,
20260908_023610_56ce16,4504,task_completed,R3,G01451,
20260908_023610_56ce16,4504,task_assigned,R8,G01459,
20260908_023610_56ce16,4505,task_completed,R2,G01704,
20260908_023610_56ce16,4505,task_created,,G01711,type=PICK pickup=B-03 dropoff=PICK-1
20260908_023610_56ce16,4505,task_assigned,R3,G01711,
20260908_023610_56ce16,4506,task_assigned,R2,G01463,
20260908_023610_56ce16,4507,task_created,,G01712,type=PUTAWAY pickup=BUFFER dropoff=C-06
20260908_023610_56ce16,4507,task_created,,G01713,type=PACK pickup=PICK-1 dropoff=PACK-2
20260908_023610_56ce16,4510,task_completed,R9,G01696,
20260908_023610_56ce16,4510,task_completed,R11,G01708,
20260908_023610_56ce16,4511,task_assigned,R11,G01465,
20260908_023610_56ce16,4511,task_assigned,R9,G01713,
20260908_023610_56ce16,4515,task_completed,R1,G01454,
20260908_023610_56ce16,4515,task_interrupted,R6,G01700,
20260908_023610_56ce16,4515,task_created,,G01714,type=PUTAWAY pickup=RECV dropoff=D-01
20260908_023610_56ce16,4515,task_created,,G01715,type=PICK pickup=D-07 dropoff=PICK-3
20260908_023610_56ce16,4516,task_assigned,R1,G01700,
20260908_023610_56ce16,4517,task_created,,G01716,type=SHIP pickup=STAGING dropoff=DOCK-2
20260908_023610_56ce16,4519,task_completed,R7,G01710,
20260908_023610_56ce16,4519,task_created,,G01717,type=PACK pickup=PICK-1 dropoff=PACK-1
20260908_023610_56ce16,4520,task_assigned,R7,G01716,
20260908_023610_56ce16,4523,task_created,,G01718,type=PUTAWAY pickup=RECV dropoff=E-03
20260908_023610_56ce16,4525,task_completed,R7,G01716,
20260908_023610_56ce16,4525,task_created,,G01719,type=PICK pickup=E-05 dropoff=PICK-2
20260908_023610_56ce16,4526,task_assigned,R7,G01717,
20260908_023610_56ce16,4529,task_completed,R5,G01447,
20260908_023610_56ce16,4529,task_completed,R2,G01463,
20260908_023610_56ce16,4530,task_assigned,R5,G01715,
20260908_023610_56ce16,4530,task_assigned,R2,G01719,
20260908_023610_56ce16,4531,task_created,,G01720,type=PUTAWAY pickup=BUFFER dropoff=E-08
20260908_023610_56ce16,4531,task_created,,G01721,type=PACK pickup=PICK-1 dropoff=PACK-1
20260908_023610_56ce16,4531,task_created,,G01722,type=SHIP pickup=STAGING dropoff=DOCK-2
20260908_023610_56ce16,4533,task_completed,R12,G01707,
20260908_023610_56ce16,4533,task_completed,R9,G01713,
20260908_023610_56ce16,4534,task_completed,R1,G01700,
20260908_023610_56ce16,4534,task_completed,R3,G01711,
20260908_023610_56ce16,4534,task_assigned,R9,G01721,
20260908_023610_56ce16,4534,task_assigned,R12,G01722,
20260908_023610_56ce16,4535,task_assigned,R3,G01469,
20260908_023610_56ce16,4535,task_created,,G01723,type=PICK pickup=B-06 dropoff=PICK-2
20260908_023610_56ce16,4535,task_assigned,R1,G01723,
20260908_023610_56ce16,4538,task_completed,R8,G01459,
20260908_023610_56ce16,4539,task_assigned,R8,G01472,
20260908_023610_56ce16,4539,task_created,,G01724,type=PUTAWAY pickup=BUFFER dropoff=H-07
20260908_023610_56ce16,4540,task_interrupted,R11,G01465,
20260908_023610_56ce16,4541,task_completed,R5,G01715,
20260908_023610_56ce16,4542,task_assigned,R5,G01465,
20260908_023610_56ce16,4543,task_created,,G01725,type=PACK pickup=PICK-1 dropoff=PACK-2
20260908_023610_56ce16,4544,task_assigned,R6,G01725,
20260908_023610_56ce16,4545,task_created,,G01726,type=PICK pickup=H-03 dropoff=PICK-2
20260908_023610_56ce16,4545,task_created,,G01727,type=SHIP pickup=STAGING dropoff=DOCK-2
20260908_023610_56ce16,4547,task_created,,G01728,type=PUTAWAY pickup=RECV dropoff=H-04
20260908_023610_56ce16,4550,task_completed,R4,G01444,
20260908_023610_56ce16,4550,task_completed,R12,G01722,
20260908_023610_56ce16,4551,task_interrupted,R7,G01717,
20260908_023610_56ce16,4551,task_assigned,R4,G01726,
20260908_023610_56ce16,4551,task_assigned,R12,G01727,
20260908_023610_56ce16,4553,task_assigned,R13,G01717,
20260908_023610_56ce16,4555,task_created,,G01729,type=PUTAWAY pickup=BUFFER dropoff=D-03
20260908_023610_56ce16,4555,task_created,,G01730,type=PICK pickup=F-02 dropoff=PICK-2
20260908_023610_56ce16,4555,task_created,,G01731,type=PACK pickup=PICK-3 dropoff=PACK-2
20260908_023610_56ce16,4556,task_completed,R12,G01727,
20260908_023610_56ce16,4557,task_assigned,R12,G01731,
20260908_023610_56ce16,4558,task_completed,R9,G01721,
20260908_023610_56ce16,4559,task_created,,G01732,type=SHIP pickup=STAGING dropoff=DOCK-2
20260908_023610_56ce16,4559,task_assigned,R9,G01732,
20260908_023610_56ce16,4561,task_completed,R1,G01723,
20260908_023610_56ce16,4561,task_interrupted,R9,G01732,
20260908_023610_56ce16,4562,task_completed,R2,G01719,
20260908_023610_56ce16,4562,task_assigned,R1,G01732,
20260908_023610_56ce16,4563,task_assigned,R2,G01730,
20260908_023610_56ce16,4563,task_created,,G01733,type=PUTAWAY pickup=RECV dropoff=F-06
20260908_023610_56ce16,4564,task_completed,R10,G01456,
20260908_023610_56ce16,4565,task_created,,G01734,type=PICK pickup=B-05 dropoff=PICK-2
20260908_023610_56ce16,4565,task_assigned,R10,G01734,
20260908_023610_56ce16,4566,task_completed,R4,G01726,
20260908_023610_56ce16,4567,task_completed,R3,G01469,
20260908_023610_56ce16,4567,task_created,,G01735,type=PACK pickup=PICK-3 dropoff=PACK-2
20260908_023610_56ce16,4567,task_assigned,R4,G01735,
20260908_023610_56ce16,4568,task_assigned,R3,G01474,
20260908_023610_56ce16,4568,task_completed,R13,G01717,
20260908_023610_56ce16,4569,task_assigned,R13,G01478,
20260908_023610_56ce16,4570,task_completed,R6,G01725,
20260908_023610_56ce16,4571,task_assigned,R6,G01481,
20260908_023610_56ce16,4571,task_created,,G01736,type=PUTAWAY pickup=BUFFER dropoff=F-04
20260908_023610_56ce16,4572,task_completed,R1,G01732,
20260908_023610_56ce16,4573,task_created,,G01737,type=SHIP pickup=STAGING dropoff=DOCK-2
20260908_023610_56ce16,4573,task_assigned,R1,G01737,
20260908_023610_56ce16,4574,task_assigned,R11,G01484,
20260908_023610_56ce16,4575,task_completed,R8,G01472,
20260908_023610_56ce16,4575,task_created,,G01738,type=PICK pickup=H-07 dropoff=PICK-2
20260908_023610_56ce16,4576,task_assigned,R7,G01486,
20260908_023610_56ce16,4576,task_completed,R10,G01734,
20260908_023610_56ce16,4576,task_assigned,R8,G01738,
20260908_023610_56ce16,4577,task_assigned,R10,G01490,
20260908_023610_56ce16,4578,task_completed,R12,G01731,
20260908_023610_56ce16,4578,task_completed,R1,G01737,
20260908_023610_56ce16,4579,task_assigned,R12,G01493,
20260908_023610_56ce16,4579,task_created,,G01739,type=PUTAWAY pickup=RECV dropoff=H-04
20260908_023610_56ce16,4579,task_created,,G01740,type=PACK pickup=PICK-1 dropoff=PACK-1
20260908_023610_56ce16,4579,task_assigned,R1,G01740,
20260908_023610_56ce16,4580,task_completed,R2,G01730,
20260908_023610_56ce16,4581,task_assigned,R2,G01496,
20260908_023610_56ce16,4585,task_completed,R4,G01735,
20260908_023610_56ce16,4585,task_created,,G01741,type=PICK pickup=A-01 dropoff=PICK-2
20260908_023610_56ce16,4585,task_assigned,R9,G01741,
20260908_023610_56ce16,4586,task_interrupted,R3,G01474,
20260908_023610_56ce16,4586,task_assigned,R4,G01500,
20260908_023610_56ce16,4587,task_created,,G01742,type=PUTAWAY pickup=BUFFER dropoff=F-04
20260908_023610_56ce16,4587,task_created,,G01743,type=SHIP pickup=STAGING dropoff=DOCK-2
20260908_023610_56ce16,4590,task_completed,R8,G01738,
20260908_023610_56ce16,4591,task_assigned,R8,G01743,
20260908_023610_56ce16,4591,task_created,,G01744,type=PACK pickup=PICK-2 dropoff=PACK-1
20260908_023610_56ce16,4594,task_completed,R13,G01478,
20260908_023610_56ce16,4595,task_assigned,R13,G01744,
20260908_023610_56ce16,4595,task_created,,G01745,type=PUTAWAY pickup=RECV dropoff=C-05
20260908_023610_56ce16,4595,task_created,,G01746,type=PICK pickup=A-08 dropoff=PICK-3
20260908_023610_56ce16,4599,task_completed,R5,G01465,
20260908_023610_56ce16,4599,task_completed,R6,G01481,
20260908_023610_56ce16,4599,task_completed,R8,G01743,
20260908_023610_56ce16,4600,task_assigned,R8,G01474,
20260908_023610_56ce16,4600,task_assigned,R5,G01501,
20260908_023610_56ce16,4600,task_assigned,R6,G01746,
20260908_023610_56ce16,4601,task_created,,G01747,type=SHIP pickup=STAGING dropoff=DOCK-2
20260908_023610_56ce16,4603,task_created,,G01748,type=PUTAWAY pickup=BUFFER dropoff=A-05
20260908_023610_56ce16,4603,task_created,,G01749,type=PACK pickup=PICK-2 dropoff=PACK-1
20260908_023610_56ce16,4605,task_completed,R1,G01740,
20260908_023610_56ce16,4605,task_created,,G01750,type=PICK pickup=C-03 dropoff=PICK-2
20260908_023610_56ce16,4606,task_completed,R10,G01490,
20260908_023610_56ce16,4606,task_completed,R12,G01493,
20260908_023610_56ce16,4606,task_assigned,R1,G01747,
20260908_023610_56ce16,4607,task_assigned,R10,G01749,
20260908_023610_56ce16,4607,task_assigned,R12,G01750,
20260908_023610_56ce16,4609,task_completed,R7,G01486,
20260908_023610_56ce16,4610,task_assigned,R7,G01505,
20260908_023610_56ce16,4611,task_created,,G01751,type=PUTAWAY pickup=BUFFER dropoff=H-08
20260908_023610_56ce16,4612,task_completed,R1,G01747,
20260908_023610_56ce16,4613,task_assigned,R1,G01508,
20260908_023610_56ce16,4615,task_completed,R11,G01484,
20260908_023610_56ce16,4615,task_created,,G01752,type=PICK pickup=C-07 dropoff=PICK-3
20260908_023610_56ce16,4615,task_created,,G01753,type=PACK pickup=PICK-3 dropoff=PACK-1
20260908_023610_56ce16,4615,task_created,,G01754,type=SHIP pickup=STAGING dropoff=DOCK-2
20260908_023610_56ce16,4616,task_assigned,R11,G01754,
20260908_023610_56ce16,4618,task_completed,R2,G01496,
20260908_023610_56ce16,4619,task_interrupted,,G01753,
20260908_023610_56ce16,4619,task_created,,G01755,type=PUTAWAY pickup=RECV dropoff=F-01
20260908_023610_56ce16,4622,task_completed,R5,G01501,
20260908_023610_56ce16,4622,task_completed,R13,G01744,
20260908_023610_56ce16,4623,task_assigned,R5,G01752,
20260908_023610_56ce16,4623,task_assigned,R13,G01753,
20260908_023610_56ce16,4625,task_completed,R9,G01741,
20260908_023610_56ce16,4625,task_created,,G01756,type=PICK pickup=C-07 dropoff=PICK-2
20260908_023610_56ce16,4626,task_completed,R10,G01749,
20260908_023610_56ce16,4626,task_assigned,R9,G01756,
20260908_023610_56ce16,4627,task_created,,G01757,type=PUTAWAY pickup=RECV dropoff=E-08
20260908_023610_56ce16,4627,task_created,,G01758,type=PACK pickup=PICK-2 dropoff=PACK-1
20260908_023610_56ce16,4627,task_assigned,R10,G01758,
20260908_023610_56ce16,4629,task_created,,G01759,type=SHIP pickup=STAGING dropoff=DOCK-1
20260908_023610_56ce16,4629,task_assigned,R3,G01759,
20260908_023610_56ce16,4632,task_completed,R7,G01505,
20260908_023610_56ce16,4633,task_assigned,R7,G01511,
20260908_023610_56ce16,4635,task_created,,G01760,type=PUTAWAY pickup=BUFFER dropoff=D-08
20260908_023610_56ce16,4635,task_created,,G01761,type=PICK pickup=A-04 dropoff=PICK-1
20260908_023610_56ce16,4636,task_completed,R8,G01474,
20260908_023610_56ce16,4637,task_interrupted,R5,G01752,
20260908_023610_56ce16,4637,task_assigned,R8,G01761,
20260908_023610_56ce16,4639,task_created,,G01762,type=PACK pickup=PICK-2 dropoff=PACK-2
20260908_023610_56ce16,4640,task_completed,R11,G01754,
20260908_023610_56ce16,4641,task_assigned,R11,G01762,
20260908_023610_56ce16,4642,task_completed,R10,G01758,
20260908_023610_56ce16,4643,task_created,,G01763,type=PUTAWAY pickup=RECV dropoff=A-02
20260908_023610_56ce16,4643,task_created,,G01764,type=SHIP pickup=STAGING dropoff=DOCK-2
20260908_023610_56ce16,4643,task_assigned,R10,G01764,
20260908_023610_56ce16,4644,task_completed,R12,G01750,
20260908_023610_56ce16,4644,task_completed,R3,G01759,
20260908_023610_56ce16,4645,task_assigned,R12,G01515,
20260908_023610_56ce16,4645,task_assigned,R3,G01752,
20260908_023610_56ce16,4645,task_created,,G01765,type=PICK pickup=F-05 dropoff=PICK-1
20260908_023610_56ce16,4645,task_assigned,R2,G01765,
20260908_023610_56ce16,4646,task_completed,R1,G01508,
20260908_023610_56ce16,4647,task_assigned,R1,G01517,
20260908_023610_56ce16,4650,task_completed,R13,G01753,
20260908_023610_56ce16,4651,task_created,,G01766,type=PUTAWAY pickup=BUFFER dropoff=B-04
20260908_023610_56ce16,4651,task_created,,G01767,type=PACK pickup=PICK-3 dropoff=PACK-1
20260908_023610_56ce16,4651,task_assigned,R13,G01767,
20260908_023610_56ce16,4652,task_completed,R10,G01764,
20260908_023610_56ce16,4653,task_assigned,R10,G01520,
20260908_023610_56ce16,4655,task_completed,R6,G01746,
20260908_023610_56ce16,4655,task_created,,G01768,type=PICK pickup=B-07 dropoff=PICK-3
20260908_023610_56ce16,4656,task_assigned,R6,G01768,
20260908_023610_56ce16,4657,task_created,,G01769,type=SHIP pickup=STAGING dropoff=DOCK-2
20260908_023610_56ce16,4659,task_created,,G01770,type=PUTAWAY pickup=BUFFER dropoff=D-04
20260908_023610_56ce16,4663,task_completed,R3,G01752,
20260908_023610_56ce16,4663,task_created,,G01771,type=PACK pickup=PICK-3 dropoff=PACK-1
20260908_023610_56ce16,4664,task_completed,R4,G01500,
20260908_023610_56ce16,4664,task_completed,R11,G01762,
20260908_023610_56ce16,4664,task_assigned,R3,G01769,
20260908_023610_56ce16,4665,task_assigned,R11,G01771,
20260908_023610_56ce16,4665,task_created,,G01772,type=PICK pickup=H-06 dropoff=PICK-2
20260908_023610_56ce16,4665,task_assigned,R4,G01772,
20260908_023610_56ce16,4667,task_created,,G01773,type=PUTAWAY pickup=BUFFER dropoff=G-02
20260908_023610_56ce16,4668,task_completed,R9,G01756,
20260908_023610_56ce16,4669,task_assigned,R9,G01523,
20260908_023610_56ce16,4671,task_interrupted,R1,G01517,
20260908_023610_56ce16,4671,task_created,,G01774,type=SHIP pickup=STAGING dropoff=DOCK-2
20260908_023610_56ce16,4671,task_assigned,R5,G01774,
20260908_023610_56ce16,4672,task_interrupted,R12,G01515,
20260908_023610_56ce16,4675,task_created,,G01775,type=PUTAWAY pickup=RECV dropoff=A-03
20260908_023610_56ce16,4675,task_created,,G01776,type=PICK pickup=E-01 dropoff=PICK-1
20260908_023610_56ce16,4675,task_created,,G01777,type=PACK pickup=PICK-1 dropoff=PACK-2
20260908_023610_56ce16,4679,task_completed,R13,G01767,
20260908_023610_56ce16,4680,task_assigned,R13,G01777,
20260908_023610_56ce16,4681,task_completed,R7,G01511,
20260908_023610_56ce16,4681,task_completed,R4,G01772,
20260908_023610_56ce16,4682,task_assigned,R4,G01515,
20260908_023610_56ce16,4682,task_completed,R8,G01761,
20260908_023610_56ce16,4682,task_assigned,R7,G01776,
20260908_023610_56ce16,4683,task_assigned,R8,G01517,
20260908_023610_56ce16,4683,task_created,,G01778,type=PUTAWAY pickup=RECV dropoff=B-04
20260908_023610_56ce16,4685,task_created,,G01779,type=PICK pickup=H-04 dropoff=PICK-2
20260908_023610_56ce16,4685,task_created,,G01780,type=SHIP pickup=STAGING dropoff=DOCK-2
20260908_023610_56ce16,4686,task_completed,R3,G01769,
20260908_023610_56ce16,4687,task_completed,R5,G01774,
20260908_023610_56ce16,4687,task_assigned,R3,G01780,
20260908_023610_56ce16,4687,task_created,,G01781,type=PACK pickup=PICK-3 dropoff=PACK-1
20260908_023610_56ce16,4688,task_completed,R6,G01768,
20260908_023610_56ce16,4688,task_assigned,R5,G01781,
20260908_023610_56ce16,4689,task_completed,R11,G01771,
20260908_023610_56ce16,4689,task_assigned,R6,G01779,
20260908_023610_56ce16,4690,task_assigned,R11,G01527,
20260908_023610_56ce16,4690,task_completed,R2,G01765,
20260908_023610_56ce16,4691,task_interrupted,R4,G01515,
20260908_023610_56ce16,4691,task_assigned,R2,G01529,
20260908_023610_56ce16,4691,task_created,,G01782,type=PUTAWAY pickup=BUFFER dropoff=F-07
20260908_023610_56ce16,4692,task_completed,R8,G01517,
20260908_023610_56ce16,4692,task_completed,R3,G01780,
20260908_023610_56ce16,4693,task_assigned,R3,G01515,
20260908_023610_56ce16,4693,task_assigned,R8,G01532,
20260908_023610_56ce16,4695,task_created,,G01783,type=PICK pickup=E-07 dropoff=PICK-3
20260908_023610_56ce16,4697,task_assigned,R1,G01783,
20260908_023610_56ce16,4698,task_completed,R10,G01520,
20260908_023610_56ce16,4699,task_created,,G01784,type=PUTAWAY pickup=RECV dropoff=A-02
20260908_023610_56ce16,4699,task_created,,G01785,type=PACK pickup=PICK-3 dropoff=PACK-2
20260908_023610_56ce16,4699,task_created,,G01786,type=SHIP pickup=STAGING dropoff=DOCK-1
20260908_023610_56ce16,4699,task_assigned,R10,G01786,
20260908_023610_56ce16,4704,task_completed,R13,G01777,
20260908_023610_56ce16,4705,task_assigned,R13,G01785,
20260908_023610_56ce16,4705,task_created,,G01787,type=PICK pickup=F-07 dropoff=PICK-2
20260908_023610_56ce16,4707,task_completed,R2,G01529,
20260908_023610_56ce16,4707,task_created,,G01788,type=PUTAWAY pickup=RECV dropoff=C-06
20260908_023610_56ce16,4708,task_completed,R7,G01776,
20260908_023610_56ce16,4708,task_assigned,R2,G01787,
20260908_023610_56ce16,4709,task_assigned,R12,G01536,
20260908_023610_56ce16,4709,task_assigned,R7,G01538,
20260908_023610_56ce16,4711,task_created,,G01789,type=PACK pickup=PICK-1 dropoff=PACK-1
20260908_023610_56ce16,4712,task_completed,R6,G01779,
20260908_023610_56ce16,4713,task_created,,G01790,type=SHIP pickup=STAGING dropoff=DOCK-2
20260908_023610_56ce16,4713,task_assigned,R6,G01790,
20260908_023610_56ce16,4714,task_completed,R5,G01781,
20260908_023610_56ce16,4715,task_assigned,R5,G01789,
20260908_023610_56ce16,4715,task_created,,G01791,type=PUTAWAY pickup=RECV dropoff=A-04
20260908_023610_56ce16,4715,task_created,,G01792,type=PICK pickup=E-08 dropoff=PICK-1
20260908_023610_56ce16,4716,task_completed,R10,G01786,
20260908_023610_56ce16,4717,task_assigned,R10,G01792,
20260908_023610_56ce16,4720,task_completed,R2,G01787,
20260908_023610_56ce16,4721,task_assigned,R2,G01542,
20260908_023610_56ce16,4722,task_completed,R9,G01523,
20260908_023610_56ce16,4722,task_completed,R13,G01785,
20260908_023610_56ce16,4723,task_completed,R3,G01515,
20260908_023610_56ce16,4723,task_assigned,R13,G01545,
20260908_023610_56ce16,4723,task_completed,R6,G01790,
20260908_023610_56ce16,4723,task_interrupted,R10,G01792,
20260908_023610_56ce16,4723,task_created,,G01793,type=PUTAWAY pickup=RECV dropoff=A-05
20260908_023610_56ce16,4723,task_created,,G01794,type=PACK pickup=PICK-3 dropoff=PACK-1
20260908_023610_56ce16,4723,task_assigned,R9,G01794,
20260908_023610_56ce16,4724,task_assigned,R6,G01547,
20260908_023610_56ce16,4724,task_assigned,R3,G01792,
20260908_023610_56ce16,4725,task_created,,G01795,type=PICK pickup=G-04 dropoff=PICK-2
20260908_023610_56ce16,4727,task_completed,R8,G01532,
20260908_023610_56ce16,4727,task_created,,G01796,type=SHIP pickup=STAGING dropoff=DOCK-2
20260908_023610_56ce16,4728,task_assigned,R8,G01796,
20260908_023610_56ce16,4729,task_completed,R11,G01527,
20260908_023610_56ce16,4730,task_assigned,R11,G01795,
20260908_023610_56ce16,4731,task_created,,G01797,type=PUTAWAY pickup=BUFFER dropoff=D-03
20260908_023610_56ce16,4733,task_interrupted,R8,G01796,
20260908_023610_56ce16,4734,task_completed,R12,G01536,
20260908_023610_56ce16,4734,task_completed,R7,G01538,
20260908_023610_56ce16,4735,task_assigned,R12,G01796,
20260908_023610_56ce16,4735,task_created,,G01798,type=PICK pickup=G-03 dropoff=PICK-1
20260908_023610_56ce16,4735,task_created,,G01799,type=PACK pickup=PICK-3 dropoff=PACK-1
20260908_023610_56ce16,4735,task_assigned,R7,G01799,
20260908_023610_56ce16,4736,task_completed,R1,G01783,
20260908_023610_56ce16,4737,task_assigned,R1,G01798,
20260908_023610_56ce16,4738,task_completed,R5,G01789,
20260908_023610_56ce16,4739,task_assigned,R5,G01550,
20260908_023610_56ce16,4739,task_created,,G01800,type=PUTAWAY pickup=BUFFER dropoff=B-07
20260908_023610_56ce16,4741,task_completed,R2,G01542,
20260908_023610_56ce16,4741,task_created,,G01801,type=SHIP pickup=STAGING dropoff=DOCK-1
20260908_023610_56ce16,4741,task_assigned,R4,G01801,
20260908_023610_56ce16,4742,task_assigned,R10,G01554,
20260908_023610_56ce16,4742,task_assigned,R2,G01557,
20260908_023610_56ce16,4745,task_created,,G01802,type=PICK pickup=A-05 dropoff=PICK-1
20260908_023610_56ce16,4747,task_created,,G01803,type=PUTAWAY pickup=BUFFER dropoff=E-01
20260908_023610_56ce16,4747,task_created,,G01804,type=PACK pickup=PICK-2 dropoff=PACK-2
20260908_023610_56ce16,4748,task_completed,R3,G01792,
20260908_023610_56ce16,4749,task_assigned,R3,G01804,
20260908_023610_56ce16,4752,task_completed,R9,G01794,
20260908_023610_56ce16,4753,task_assigned,R9,G01802,
20260908_023610_56ce16,4755,task_created,,G01805,type=PUTAWAY pickup=RECV dropoff=C-06
20260908_023610_56ce16,4755,task_created,,G01806,type=PICK pickup=A-04 dropoff=PICK-3
20260908_023610_56ce16,4755,task_created,,G01807,type=SHIP pickup=STAGING dropoff=DOCK-2
20260908_023610_56ce16,4756,task_completed,R13,G01545,
20260908_023610_56ce16,4757,task_completed,R4,G01801,
20260908_023610_56ce16,4757,task_assigned,R13,G01807,
20260908_023610_56ce16,4758,task_completed,R2,G01557,
20260908_023610_56ce16,4758,task_assigned,R4,G01806,
20260908_023610_56ce16,4759,task_interrupted,R6,G01547,
20260908_023610_56ce16,4759,task_created,,G01808,type=PACK pickup=PICK-1 dropoff=PACK-1
20260908_023610_56ce16,4759,task_assigned,R2,G01808,
20260908_023610_56ce16,4761,task_completed,R11,G01795,
20260908_023610_56ce16,4761,task_completed,R7,G01799,
20260908_023610_56ce16,4762,task_assigned,R11,G01547,
20260908_023610_56ce16,4762,task_assigned,R7,G01560,
20260908_023610_56ce16,4762,task_completed,R12,G01796,
20260908_023610_56ce16,4762,task_completed,R1,G01798,
20260908_023610_56ce16,4763,task_assigned,R1,G01563,
20260908_023610_56ce16,4763,task_assigned,R12,G01565,
20260908_023610_56ce16,4763,task_created,,G01809,type=PUTAWAY pickup=RECV dropoff=G-01
20260908_023610_56ce16,4765,task_completed,R3,G01804,
20260908_023610_56ce16,4765,task_created,,G01810,type=PICK pickup=D-03 dropoff=PICK-2
20260908_023610_56ce16,4766,task_assigned,R3,G01810,
20260908_023610_56ce16,4769,task_completed,R10,G01554,
20260908_023610_56ce16,4769,task_created,,G01811,type=SHIP pickup=STAGING dropoff=DOCK-1
20260908_023610_56ce16,4770,task_assigned,R10,G01811,
20260908_023610_56ce16,4771,task_created,,G01812,type=PUTAWAY pickup=RECV dropoff=E-02
20260908_023610_56ce16,4771,task_created,,G01813,type=PACK pickup=PICK-2 dropoff=PACK-2
20260908_023610_56ce16,4773,task_assigned,R8,G01813,
20260908_023610_56ce16,4775,task_created,,G01814,type=PICK pickup=G-02 dropoff=PICK-1
20260908_023610_56ce16,4776,task_interrupted,R13,G01807,
20260908_023610_56ce16,4779,task_completed,R2,G01808,
20260908_023610_56ce16,4779,task_created,,G01815,type=PUTAWAY pickup=BUFFER dropoff=B-01
20260908_023610_56ce16,4780,task_assigned,R2,G01807,
20260908_023610_56ce16,4783,task_completed,R11,G01547,
20260908_023610_56ce16,4783,task_completed,R9,G01802,
20260908_023610_56ce16,4783,task_created,,G01816,type=PACK pickup=PICK-1 dropoff=PACK-1
20260908_023610_56ce16,4783,task_created,,G01817,type=SHIP pickup=STAGING dropoff=DOCK-1
20260908_023610_56ce16,4784,task_completed,R5,G01550,
20260908_023610_56ce16,4784,task_assigned,R11,G01816,
20260908_023610_56ce16,4784,task_assigned,R9,G01817,
20260908_023610_56ce16,4785,task_assigned,R5,G01814,
20260908_023610_56ce16,4785,task_created,,G01818,type=PICK pickup=E-03 dropoff=PICK-2
20260908_023610_56ce16,4786,task_completed,R2,G01807,
20260908_023610_56ce16,4787,task_assigned,R2,G01818,
20260908_023610_56ce16,4787,task_created,,G01819,type=PUTAWAY pickup=BUFFER dropoff=F-05
20260908_023610_56ce16,4788,task_completed,R7,G01560,
20260908_023610_56ce16,4789,task_completed,R1,G01563,
20260908_023610_56ce16,4789,task_assigned,R7,G01569,
20260908_023610_56ce16,4789,task_completed,R10,G01811,
20260908_023610_56ce16,4790,task_assigned,R10,G01572,
20260908_023610_56ce16,4790,task_assigned,R1,G01575,
20260908_023610_56ce16,4795,task_created,,G01820,type=PUTAWAY pickup=RECV dropoff=E-04
20260908_023610_56ce16,4795,task_created,,G01821,type=PICK pickup=E-04 dropoff=PICK-2
20260908_023610_56ce16,4795,task_created,,G01822,type=PACK pickup=PICK-3 dropoff=PACK-2
20260908_023610_56ce16,4797,task_completed,R12,G01565,
20260908_023610_56ce16,4797,task_created,,G01823,type=SHIP pickup=STAGING dropoff=DOCK-1
20260908_023610_56ce16,4798,task_assigned,R12,G01823,
20260908_023610_56ce16,4799,task_completed,R8,G01813,
20260908_023610_56ce16,4800,task_assigned,R8,G01822,
20260908_023610_56ce16,4802,task_completed,R3,G01810,
20260908_023610_56ce16,4802,task_completed,R9,G01817,
20260908_023610_56ce16,4802,task_assigned,R13,G01821,
20260908_023610_56ce16,4803,task_assigned,R3,G01578,
20260908_023610_56ce16,4803,task_assigned,R9,G01581,
20260908_023610_56ce16,4803,task_completed,R4,G01806,
20260908_023610_56ce16,4803,task_created,,G01824,type=PUTAWAY pickup=RECV dropoff=H-02
20260908_023610_56ce16,4804,task_assigned,R6,G01584,
20260908_023610_56ce16,4804,task_assigned,R4,G01587,
20260908_023610_56ce16,4805,task_created,,G01825,type=PICK pickup=A-03 dropoff=PICK-3
20260908_023610_56ce16,4807,task_interrupted,R7,G01569,
20260908_023610_56ce16,4807,task_interrupted,R11,G01816,
20260908_023610_56ce16,4807,task_created,,G01826,type=PACK pickup=PICK-1 dropoff=PACK-2
20260908_023610_56ce16,4811,task_created,,G01827,type=PUTAWAY pickup=BUFFER dropoff=H-07
20260908_023610_56ce16,4811,task_created,,G01828,type=SHIP pickup=STAGING dropoff=DOCK-1
20260908_023610_56ce16,4815,task_created,,G01829,type=PICK pickup=A-03 dropoff=PICK-2
20260908_023610_56ce16,4817,task_completed,R5,G01814,
20260908_023610_56ce16,4817,task_completed,R8,G01822,
20260908_023610_56ce16,4818,task_assigned,R5,G01816,
20260908_023610_56ce16,4818,task_completed,R12,G01823,
20260908_023610_56ce16,4818,task_assigned,R8,G01828,
20260908_023610_56ce16,4819,task_completed,R2,G01818,
20260908_023610_56ce16,4819,task_assigned,R12,G01826,
20260908_023610_56ce16,4819,task_created,,G01830,type=PUTAWAY pickup=RECV dropoff=H-01
20260908_023610_56ce16,4819,task_created,,G01831,type=PACK pickup=PICK-3 dropoff=PACK-2
20260908_023610_56ce16,4820,task_assigned,R2,G01831,
20260908_023610_56ce16,4821,task_interrupted,R9,G01581,
20260908_023610_56ce16,4825,task_completed,R8,G01828,
20260908_023610_56ce16,4825,task_created,,G01832,type=PICK pickup=A-01 dropoff=PICK-2
20260908_023610_56ce16,4825,task_created,,G01833,type=SHIP pickup=STAGING dropoff=DOCK-2
20260908_023610_56ce16,4826,task_assigned,R8,G01833,
20260908_023610_56ce16,4827,task_completed,R5,G01816,
20260908_023610_56ce16,4827,task_created,,G01834,type=PUTAWAY pickup=BUFFER dropoff=B-08
20260908_023610_56ce16,4828,task_assigned,R5,G01825,
20260908_023610_56ce16,4831,task_completed,R13,G01821,
20260908_023610_56ce16,4831,task_completed,R8,G01833,
20260908_023610_56ce16,4831,task_created,,G01835,type=PACK pickup=PICK-3 dropoff=PACK-1
20260908_023610_56ce16,4832,task_completed,R10,G01572,
20260908_023610_56ce16,4832,task_assigned,R8,G01829,
20260908_023610_56ce16,4832,task_assigned,R13,G01835,
20260908_023610_56ce16,4833,task_assigned,R10,G01832,
20260908_023610_56ce16,4834,task_assigned,R11,G01569,
20260908_023610_56ce16,4835,task_created,,G01836,type=PUTAWAY pickup=RECV dropoff=G-07
20260908_023610_56ce16,4835,task_created,,G01837,type=PICK pickup=A-01 dropoff=PICK-1
20260908_023610_56ce16,4836,task_completed,R2,G01831,
20260908_023610_56ce16,4837,task_assigned,R2,G01837,
20260908_023610_56ce16,4839,task_created,,G01838,type=SHIP pickup=STAGING dropoff=DOCK-1
20260908_023610_56ce16,4843,task_assigned,R7,G01838,
20260908_023610_56ce16,4843,task_created,,G01839,type=PUTAWAY pickup=RECV dropoff=E-04
20260908_023610_56ce16,4843,task_created,,G01840,type=PACK pickup=PICK-3 dropoff=PACK-1
20260908_023610_56ce16,4845,task_created,,G01841,type=PICK pickup=F-04 dropoff=PICK-1
20260908_023610_56ce16,4846,task_completed,R12,G01826,
20260908_023610_56ce16,4847,task_assigned,R12,G01840,
20260908_023610_56ce16,4848,task_completed,R6,G01584,
20260908_023610_56ce16,4848,task_completed,R4,G01587,
20260908_023610_56ce16,4849,task_assigned,R4,G01581,
20260908_023610_56ce16,4849,task_assigned,R6,G01841,
20260908_023610_56ce16,4850,task_completed,R3,G01578,
20260908_023610_56ce16,4851,task_assigned,R3,G01591,
20260908_023610_56ce16,4851,task_created,,G01842,type=PUTAWAY pickup=RECV dropoff=F-07
20260908_023610_56ce16,4853,task_created,,G01843,type=SHIP pickup=STAGING dropoff=DOCK-1
20260908_023610_56ce16,4854,task_interrupted,R3,G01591,
20260908_023610_56ce16,4855,task_completed,R13,G01835,
20260908_023610_56ce16,4855,task_created,,G01844,type=PICK pickup=G-08 dropoff=PICK-1
20260908_023610_56ce16,4855,task_created,,G01845,type=PACK pickup=PICK-1 dropoff=PACK-2
20260908_023610_56ce16,4856,task_assigned,R13,G01843,
20260908_023610_56ce16,4859,task_completed,R7,G01838,
20260908_023610_56ce16,4859,task_assigned,R9,G01845,
20260908_023610_56ce16,4859,task_created,,G01846,type=PUTAWAY pickup=BUFFER dropoff=B-05
20260908_023610_56ce16,4860,task_assigned,R7,G01844,
20260908_023610_56ce16,4863,task_completed,R13,G01843,
20260908_023610_56ce16,4864,task_assigned,R13,G01591,
20260908_023610_56ce16,4865,task_created,,G01847,type=PICK pickup=H-01 dropoff=PICK-1
20260908_023610_56ce16,4866,task_completed,R1,G01575,
20260908_023610_56ce16,4867,task_created,,G01848,type=PUTAWAY pickup=BUFFER dropoff=F-05
20260908_023610_56ce16,4867,task_created,,G01849,type=PACK pickup=PICK-3 dropoff=PACK-2
20260908_023610_56ce16,4867,task_created,,G01850,type=SHIP pickup=STAGING dropoff=DOCK-1
20260908_023610_56ce16,4867,task_assigned,R1,G01850,
20260908_023610_56ce16,4868,task_completed,R10,G01832,
20260908_023610_56ce16,4868,task_interrupted,R2,G01837,
20260908_023610_56ce16,4869,task_completed,R6,G01841,
20260908_023610_56ce16,4869,task_assigned,R10,G01849,
20260908_023610_56ce16,4870,task_completed,R5,G01825,
20260908_023610_56ce16,4870,task_assigned,R6,G01837,
20260908_023610_56ce16,4870,task_completed,R12,G01840,
20260908_023610_56ce16,4871,task_assigned,R5,G01592,
20260908_023610_56ce16,4871,task_assigned,R12,G01847,
20260908_023610_56ce16,4873,task_completed,R11,G01569,
20260908_023610_56ce16,4874,task_assigned,R11,G01596,
20260908_023610_56ce16,4875,task_created,,G01851,type=PUTAWAY pickup=BUFFER dropoff=H-08
20260908_023610_56ce16,4875,task_created,,G01852,type=PICK pickup=D-07 dropoff=PICK-2
20260908_023610_56ce16,4879,task_completed,R4,G01581,
20260908_023610_56ce16,4879,task_created,,G01853,type=PACK pickup=PICK-3 dropoff=PACK-2
20260908_023610_56ce16,4880,task_assigned,R4,G01853,
20260908_023610_56ce16,4881,task_created,,G01854,type=SHIP pickup=STAGING dropoff=DOCK-2
20260908_023610_56ce16,4883,task_created,,G01855,type=PUTAWAY pickup=BUFFER dropoff=F-01
20260908_023610_56ce16,4885,task_created,,G01856,type=PICK pickup=H-04 dropoff=PICK-2
20260908_023610_56ce16,4886,task_completed,R9,G01845,
20260908_023610_56ce16,4887,task_completed,R8,G01829,
20260908_023610_56ce16,4887,task_assigned,R9,G01854,
20260908_023610_56ce16,4888,task_assigned,R8,G01852,
20260908_023610_56ce16,4889,task_completed,R6,G01837,
20260908_023610_56ce16,4890,task_assigned,R6,G01856,
20260908_023610_56ce16,4891,task_completed,R10,G01849,
20260908_023610_56ce16,4891,task_created,,G01857,type=PUTAWAY pickup=RECV dropoff=A-04
20260908_023610_56ce16,4891,task_created,,G01858,type=PACK pickup=PICK-1 dropoff=PACK-1
20260908_023610_56ce16,4892,task_assigned,R10,G01858,
20260908_023610_56ce16,4894,task_completed,R13,G01591,
20260908_023610_56ce16,4894,task_completed,R9,G01854,
20260908_023610_56ce16,4895,task_created,,G01859,type=PICK pickup=E-01 dropoff=PICK-2
20260908_023610_56ce16,4895,task_assigned,R13,G01859,
20260908_023610_56ce16,4895,task_created,,G01860,type=SHIP pickup=STAGING dropoff=DOCK-2
20260908_023610_56ce16,4895,task_assigned,R9,G01860,
20260908_023610_56ce16,4897,task_completed,R11,G01596,
20260908_023610_56ce16,4897,task_completed,R1,G01850,
20260908_023610_56ce16,4898,task_assigned,R11,G01600,
20260908_023610_56ce16,4898,task_assigned,R1,G01602,
20260908_023610_56ce16,4899,task_assigned,R2,G01606,
20260908_023610_56ce16,4899,task_created,,G01861,type=PUTAWAY pickup=BUFFER dropoff=C-01
20260908_023610_56ce16,4900,task_completed,R9,G01860,
20260908_023610_56ce16,4901,task_assigned,R9,G01608,
20260908_023610_56ce16,4903,task_completed,R5,G01592,
20260908_023610_56ce16,4903,task_created,,G01862,type=PACK pickup=PICK-2 dropoff=PACK-1
20260908_023610_56ce16,4904,task_assigned,R3,G01862,
20260908_023610_56ce16,4905,task_created,,G01863,type=PICK pickup=D-03 dropoff=PICK-2
20260908_023610_56ce16,4907,task_completed,R4,G01853,
20260908_023610_56ce16,4907,task_created,,G01864,type=PUTAWAY pickup=BUFFER dropoff=B-08
20260908_023610_56ce16,4908,task_assigned,R4,G01863,
20260908_023610_56ce16,4909,task_completed,R12,G01847,
20260908_023610_56ce16,4909,task_completed,R13,G01859,
20260908_023610_56ce16,4909,task_created,,G01865,type=SHIP pickup=STAGING dropoff=DOCK-1
20260908_023610_56ce16,4910,task_assigned,R12,G01611,
20260908_023610_56ce16,4910,task_assigned,R13,G01865,
20260908_023610_56ce16,4915,task_completed,R7,G01844,
20260908_023610_56ce16,4915,task_created,,G01866,type=PUTAWAY pickup=RECV dropoff=F-07
20260908_023610_56ce16,4915,task_created,,G01867,type=PICK pickup=D-02 dropoff=PICK-2
20260908_023610_56ce16,4915,task_created,,G01868,type=PACK pickup=PICK-2 dropoff=PACK-1
20260908_023610_56ce16,4916,task_assigned,R7,G01868,
20260908_023610_56ce16,4917,task_interrupted,R1,G01602,
20260908_023610_56ce16,4918,task_completed,R13,G01865,
20260908_023610_56ce16,4919,task_assigned,R13,G01867,
20260908_023610_56ce16,4920,task_completed,R10,G01858,
20260908_023610_56ce16,4921,task_assigned,R10,G01602,
20260908_023610_56ce16,4923,task_created,,G01869,type=PUTAWAY pickup=BUFFER dropoff=D-06
20260908_023610_56ce16,4923,task_created,,G01870,type=SHIP pickup=STAGING dropoff=DOCK-2
20260908_023610_56ce16,4925,task_created,,G01871,type=PICK pickup=G-07 dropoff=PICK-3
20260908_023610_56ce16,4926,task_interrupted,R12,G01611,
20260908_023610_56ce16,4927,task_completed,R8,G01852,
20260908_023610_56ce16,4927,task_created,,G01872,type=PACK pickup=PICK-3 dropoff=PACK-1
20260908_023610_56ce16,4928,task_completed,R3,G01862,
20260908_023610_56ce16,4928,task_assigned,R8,G01870,
20260908_023610_56ce16,4929,task_assigned,R5,G01871,
20260908_023610_56ce16,4929,task_assigned,R3,G01872,
20260908_023610_56ce16,4930,task_completed,R11,G01600,
20260908_023610_56ce16,4931,task_assigned,R11,G01611,
20260908_023610_56ce16,4931,task_completed,R7,G01868,
20260908_023610_56ce16,4931,task_created,,G01873,type=PUTAWAY pickup=BUFFER dropoff=F-01
20260908_023610_56ce16,4932,task_assigned,R7,G01614,
20260908_023610_56ce16,4932,task_completed,R6,G01856,
20260908_023610_56ce16,4933,task_assigned,R6,G01618,
20260908_023610_56ce16,4935,task_created,,G01874,type=PICK pickup=B-03 dropoff=PICK-3
20260908_023610_56ce16,4936,task_completed,R4,G01863,
20260908_023610_56ce16,4936,task_completed,R8,G01870,
20260908_023610_56ce16,4937,task_completed,R2,G01606,
20260908_023610_56ce16,4937,task_assigned,R4,G01874,
20260908_023610_56ce16,4937,task_created,,G01875,type=SHIP pickup=STAGING dropoff=DOCK-1
20260908_023610_56ce16,4937,task_assigned,R8,G01875,
20260908_023610_56ce16,4938,task_assigned,R2,G01621,
20260908_023610_56ce16,4939,task_created,,G01876,type=PUTAWAY pickup=BUFFER dropoff=C-04
20260908_023610_56ce16,4939,task_created,,G01877,type=PACK pickup=PICK-2 dropoff=PACK-2
20260908_023610_56ce16,4941,task_assigned,R1,G01877,
20260908_023610_56ce16,4942,task_completed,R8,G01875,
20260908_023610_56ce16,4943,task_assigned,R8,G01623,
20260908_023610_56ce16,4945,task_created,,G01878,type=PICK pickup=B-08 dropoff=PICK-3
20260908_023610_56ce16,4947,task_created,,G01879,type=PUTAWAY pickup=BUFFER dropoff=F-03
20260908_023610_56ce16,4951,task_completed,R10,G01602,
20260908_023610_56ce16,4951,task_created,,G01880,type=PACK pickup=PICK-2 dropoff=PACK-2
20260908_023610_56ce16,4951,task_created,,G01881,type=SHIP pickup=STAGING dropoff=DOCK-2
20260908_023610_56ce16,4952,task_completed,R7,G01614,
20260908_023610_56ce16,4952,task_assigned,R10,G01881,
20260908_023610_56ce16,4953,task_completed,R13,G01867,
20260908_023610_56ce16,4953,task_assigned,R7,G01880,
20260908_023610_56ce16,4954,task_assigned,R13,G01878,
20260908_023610_56ce16,4955,task_created,,G01882,type=PUTAWAY pickup=RECV dropoff=B-03
20260908_023610_56ce16,4955,task_created,,G01883,type=PICK pickup=C-02 dropoff=PICK-2
20260908_023610_56ce16,4956,task_completed,R3,G01872,
20260908_023610_56ce16,4957,task_assigned,R3,G01883,
20260908_023610_56ce16,4959,task_completed,R2,G01621,
20260908_023610_56ce16,4960,task_assigned,R2,G01627,
20260908_023610_56ce16,4963,task_completed,R4,G01874,
20260908_023610_56ce16,4963,task_created,,G01884,type=PUTAWAY pickup=BUFFER dropoff=A-04
20260908_023610_56ce16,4963,task_created,,G01885,type=PACK pickup=PICK-1 dropoff=PACK-2
20260908_023610_56ce16,4965,task_created,,G01886,type=PICK pickup=C-05 dropoff=PICK-2
20260908_023610_56ce16,4965,task_created,,G01887,type=SHIP pickup=STAGING dropoff=DOCK-2
20260908_023610_56ce16,4965,task_assigned,R12,G01887,
20260908_023610_56ce16,4966,task_completed,R6,G01618,
20260908_023610_56ce16,4967,task_assigned,R6,G01885,
20260908_023610_56ce16,4967,task_interrupted,,G01886,
20260908_023610_56ce16,4968,task_completed,R1,G01877,
20260908_023610_56ce16,4969,task_assigned,R1,G01886,
20260908_023610_56ce16,4971,task_completed,R8,G01623,
20260908_023610_56ce16,4971,task_completed,R10,G01881,
20260908_023610_56ce16,4971,task_created,,G01888,type=PUTAWAY pickup=BUFFER dropoff=H-04
20260908_023610_56ce16,4972,task_completed,R9,G01608,
20260908_023610_56ce16,4972,task_assigned,R8,G01629,
20260908_023610_56ce16,4972,task_interrupted,,G01633,
20260908_023610_56ce16,4973,task_assigned,R9,G01633,
20260908_023610_56ce16,4974,task_completed,R7,G01880,
20260908_023610_56ce16,4975,task_created,,G01889,type=PICK pickup=G-05 dropoff=PICK-3
20260908_023610_56ce16,4975,task_created,,G01890,type=PACK pickup=PICK-2 dropoff=PACK-1
20260908_023610_56ce16,4975,task_assigned,R7,G01890,
20260908_023610_56ce16,4979,task_created,,G01891,type=PUTAWAY pickup=BUFFER dropoff=D-02
20260908_023610_56ce16,4979,task_created,,G01892,type=SHIP pickup=STAGING dropoff=DOCK-1
20260908_023610_56ce16,4980,task_completed,R12,G01887,
20260908_023610_56ce16,4981,task_assigned,R12,G01892,
20260908_023610_56ce16,4982,task_completed,R5,G01871,
20260908_023610_56ce16,4983,task_assigned,R5,G01889,
20260908_023610_56ce16,4984,task_completed,R2,G01627,
20260908_023610_56ce16,4985,task_created,,G01893,type=PICK pickup=G-05 dropoff=PICK-1
20260908_023610_56ce16,4985,task_assigned,R2,G01893,
20260908_023610_56ce16,4986,task_completed,R1,G01886,
20260908_023610_56ce16,4986,task_completed,R12,G01892,
20260908_023610_56ce16,4987,task_assigned,R1,G01636,
20260908_023610_56ce16,4987,task_completed,R3,G01883,
20260908_023610_56ce16,4987,task_completed,R7,G01890,
20260908_023610_56ce16,4987,task_created,,G01894,type=PUTAWAY pickup=BUFFER dropoff=B-08
20260908_023610_56ce16,4987,task_created,,G01895,type=PACK pickup=PICK-1 dropoff=PACK-1
20260908_023610_56ce16,4987,task_assigned,R12,G01895,
20260908_023610_56ce16,4988,task_assigned,R3,G01638,
20260908_023610_56ce16,4988,task_assigned,R7,G01642,
20260908_023610_56ce16,4989,task_completed,R11,G01611,
20260908_023610_56ce16,4989,task_completed,R13,G01878,
20260908_023610_56ce16,4990,task_assigned,R11,G01645,
20260908_023610_56ce16,4990,task_assigned,R13,G01648,
20260908_023610_56ce16,4993,task_created,,G01896,type=SHIP pickup=STAGING dropoff=DOCK-1
20260908_023610_56ce16,4995,task_interrupted,R8,G01629,
20260908_023610_56ce16,4995,task_created,,G01897,type=PUTAWAY pickup=RECV dropoff=E-02
20260908_023610_56ce16,4995,task_created,,G01898,type=PICK pickup=E-03 dropoff=PICK-2
20260908_023610_56ce16,4998,task_completed,R9,G01633,
20260908_023610_56ce16,4998,task_assigned,R10,G01896,
20260908_023610_56ce16,4999,task_created,,G01899,type=PACK pickup=PICK-1 dropoff=PACK-1
20260908_023610_56ce16,4999,task_assigned,R9,G01899,
20260908_023610_56ce16,5001,task_completed,R6,G01885,
20260908_023610_56ce16,5002,task_assigned,R6,G01898,
20260908_023610_56ce16,5003,task_assigned,R4,G01629,
20260908_023610_56ce16,5003,task_created,,G01900,type=PUTAWAY pickup=RECV dropoff=E-06
20260908_023610_56ce16,5004,task_completed,R1,G01636,
20260908_023610_56ce16,5005,task_created,,G01901,type=PICK pickup=G-08 dropoff=PICK-2
20260908_023610_56ce16,5005,task_assigned,R1,G01901,
20260908_023610_56ce16,5007,task_created,,G01902,type=SHIP pickup=STAGING dropoff=DOCK-2
20260908_023610_56ce16,5008,task_completed,R2,G01893,
20260908_023610_56ce16,5009,task_completed,R12,G01895,
20260908_023610_56ce16,5009,task_assigned,R2,G01902,
20260908_023610_56ce16,5010,task_assigned,R12,G01651,
20260908_023610_56ce16,5011,task_created,,G01903,type=PUTAWAY pickup=RECV dropoff=H-05
20260908_023610_56ce16,5011,task_created,,G01904,type=PACK pickup=PICK-2 dropoff=PACK-1
20260908_023610_56ce16,5014,task_completed,R10,G01896,
20260908_023610_56ce16,5015,task_assigned,R10,G01904,
20260908_023610_56ce16,5015,task_created,,G01905,type=PICK pickup=C-02 dropoff=PICK-1
20260908_023610_56ce16,5019,task_created,,G01906,type=PUTAWAY pickup=RECV dropoff=C-01
20260908_023610_56ce16,5020,task_completed,R11,G01645,
20260908_023610_56ce16,5021,task_interrupted,R6,G01898,
20260908_023610_56ce16,5021,task_created,,G01907,type=SHIP pickup=STAGING dropoff=DOCK-1
20260908_023610_56ce16,5021,task_assigned,R11,G01907,
20260908_023610_56ce16,5023,task_created,,G01908,type=PACK pickup=PICK-3 dropoff=PACK-1
20260908_023610_56ce16,5025,task_created,,G01909,type=PICK pickup=F-07 dropoff=PICK-1
20260908_023610_56ce16,5027,task_completed,R5,G01889,
20260908_023610_56ce16,5027,task_created,,G01910,type=PUTAWAY pickup=RECV dropoff=C-06
20260908_023610_56ce16,5028,task_assigned,R5,G01908,
20260908_023610_56ce16,5029,task_completed,R2,G01902,
20260908_023610_56ce16,5029,task_completed,R10,G01904,
20260908_023610_56ce16,5030,task_assigned,R10,G01898,
20260908_023610_56ce16,5030,task_completed,R9,G01899,
20260908_023610_56ce16,5030,task_assigned,R2,G01905,
20260908_023610_56ce16,5031,task_completed,R4,G01629,
20260908_023610_56ce16,5031,task_interrupted,R13,G01648,
20260908_023610_56ce16,5031,task_assigned,R9,G01909,
20260908_023610_56ce16,5032,task_assigned,R4,G01648,
20260908_023610_56ce16,5032,task_assigned,R8,G01654,
20260908_023610_56ce16,5035,task_created,,G01911,type=PUTAWAY pickup=RECV dropoff=B-08
20260908_023610_56ce16,5035,task_created,,G01912,type=PICK pickup=G-08 dropoff=PICK-2
20260908_023610_56ce16,5035,task_created,,G01913,type=PACK pickup=PICK-1 dropoff=PACK-2
20260908_023610_56ce16,5035,task_created,,G01914,type=SHIP pickup=STAGING dropoff=DOCK-2
20260908_023610_56ce16,5036,task_completed,R12,G01651,
20260908_023610_56ce16,5037,task_assigned,R12,G01914,
20260908_023610_56ce16,5040,task_completed,R1,G01901,
20260908_023610_56ce16,5041,task_completed,R5,G01908,
20260908_023610_56ce16,5041,task_assigned,R1,G01913,
20260908_023610_56ce16,5042,task_completed,R4,G01648,
20260908_023610_56ce16,5042,task_assigned,R5,G01912,
20260908_023610_56ce16,5043,task_assigned,R4,G01656,
20260908_023610_56ce16,5043,task_created,,G01915,type=PUTAWAY pickup=BUFFER dropoff=E-03
20260908_023610_56ce16,5045,task_completed,R7,G01642,
20260908_023610_56ce16,5045,task_created,,G01916,type=PICK pickup=C-05 dropoff=PICK-2
20260908_023610_56ce16,5046,task_assigned,R7,G01916,
20260908_023610_56ce16,5047,task_created,,G01917,type=PACK pickup=PICK-3 dropoff=PACK-1
20260908_023610_56ce16,5049,task_created,,G01918,type=SHIP pickup=STAGING dropoff=DOCK-1
20260908_023610_56ce16,5051,task_completed,R11,G01907,
20260908_023610_56ce16,5051,task_created,,G01919,type=PUTAWAY pickup=RECV dropoff=D-06
20260908_023610_56ce16,5052,task_assigned,R6,G01918,
20260908_023610_56ce16,5055,task_completed,R12,G01914,
20260908_023610_56ce16,5055,task_created,,G01920,type=PICK pickup=C-08 dropoff=PICK-1
20260908_023610_56ce16,5056,task_assigned,R12,G01917,
20260908_023610_56ce16,5058,task_completed,R10,G01898,
20260908_023610_56ce16,5059,task_completed,R9,G01909,
20260908_023610_56ce16,5059,task_completed,R7,G01916,
20260908_023610_56ce16,5059,task_created,,G01921,type=PUTAWAY pickup=BUFFER dropoff=A-06
20260908_023610_56ce16,5059,task_created,,G01922,type=PACK pickup=PICK-3 dropoff=PACK-2
20260908_023610_56ce16,5059,task_assigned,R10,G01922,
20260908_023610_56ce16,5060,task_assigned,R9,G01920,
20260908_023610_56ce16,5063,task_created,,G01923,type=SHIP pickup=STAGING dropoff=DOCK-1
20260908_023610_56ce16,5063,task_assigned,R7,G01923,
20260908_023610_56ce16,5065,task_interrupted,R7,G01923,
20260908_023610_56ce16,5065,task_created,,G01924,type=PICK pickup=C-01 dropoff=PICK-2
20260908_023610_56ce16,5067,task_completed,R6,G01918,
20260908_023610_56ce16,5067,task_created,,G01925,type=PUTAWAY pickup=BUFFER dropoff=G-06
20260908_023610_56ce16,5068,task_assigned,R6,G01923,
20260908_023610_56ce16,5069,task_completed,R4,G01656,
20260908_023610_56ce16,5069,task_completed,R2,G01905,
20260908_023610_56ce16,5070,task_assigned,R2,G01660,
20260908_023610_56ce16,5070,task_assigned,R4,G01924,
20260908_023610_56ce16,5071,task_completed,R1,G01913,
20260908_023610_56ce16,5071,task_created,,G01926,type=PACK pickup=PICK-3 dropoff=PACK-2
20260908_023610_56ce16,5072,task_assigned,R1,G01926,
20260908_023610_56ce16,5073,task_completed,R6,G01923,
20260908_023610_56ce16,5074,task_assigned,R6,G01664,
20260908_023610_56ce16,5074,task_completed,R5,G01912,
20260908_023610_56ce16,5075,task_completed,R10,G01922,
20260908_023610_56ce16,5075,task_created,,G01927,type=PUTAWAY pickup=BUFFER dropoff=H-05
20260908_023610_56ce16,5075,task_created,,G01928,type=PICK pickup=D-02 dropoff=PICK-1
20260908_023610_56ce16,5075,task_assigned,R5,G01928,
20260908_023610_56ce16,5076,task_completed,R8,G01654,
20260908_023610_56ce16,5076,task_assigned,R13,G01666,
20260908_023610_56ce16,5076,task_assigned,R10,G01669,
20260908_023610_56ce16,5077,task_completed,R3,G01638,
20260908_023610_56ce16,5077,task_created,,G01929,type=SHIP pickup=STAGING dropoff=DOCK-2
20260908_023610_56ce16,5077,task_assigned,R8,G01929,
20260908_023610_56ce16,5078,task_assigned,R3,G01672,
20260908_023610_56ce16,5080,task_assigned,R11,G01675,
20260908_023610_56ce16,5081,task_interrupted,R9,G01920,
20260908_023610_56ce16,5082,task_completed,R12,G01917,
20260908_023610_56ce16,5083,task_created,,G01930,type=PUTAWAY pickup=RECV dropoff=A-02
20260908_023610_56ce16,5083,task_created,,G01931,type=PACK pickup=PICK-2 dropoff=PACK-1
20260908_023610_56ce16,5083,task_assigned,R12,G01931,
20260908_023610_56ce16,5085,task_created,,G01932,type=PICK pickup=E-02 dropoff=PICK-2
20260908_023610_56ce16,5090,task_completed,R1,G01926,
20260908_023610_56ce16,5091,task_created,,G01933,type=PUTAWAY pickup=RECV dropoff=C-05
20260908_023610_56ce16,5091,task_created,,G01934,type=SHIP pickup=STAGING dropoff=DOCK-1
20260908_023610_56ce16,5091,task_assigned,R1,G01934,
20260908_023610_56ce16,5092,task_assigned,R7,G01920,
20260908_023610_56ce16,5093,task_completed,R4,G01924,
20260908_023610_56ce16,5094,task_completed,R12,G01931,
20260908_023610_56ce16,5094,task_assigned,R4,G01932,
20260908_023610_56ce16,5095,task_created,,G01935,type=PICK pickup=A-01 dropoff=PICK-2
20260908_023610_56ce16,5095,task_created,,G01936,type=PACK pickup=PICK-3 dropoff=PACK-1
20260908_023610_56ce16,5095,task_assigned,R12,G01936,
20260908_023610_56ce16,5098,task_completed,R3,G01672,
20260908_023610_56ce16,5098,task_completed,R1,G01934,
20260908_023610_56ce16,5099,task_assigned,R1,G01678,
20260908_023610_56ce16,5099,task_completed,R8,G01929,
20260908_023610_56ce16,5099,task_assigned,R3,G01935,
20260908_023610_56ce16,5099,task_created,,G01937,type=PUTAWAY pickup=BUFFER dropoff=E-04
20260908_023610_56ce16,5100,task_assigned,R8,G01682,
20260908_023610_56ce16,5102,task_completed,R2,G01660,
20260908_023610_56ce16,5103,task_assigned,R2,G01684,
20260908_023610_56ce16,5105,task_created,,G01938,type=PICK pickup=E-05 dropoff=PICK-3
20260908_023610_56ce16,5105,task_created,,G01939,type=SHIP pickup=STAGING dropoff=DOCK-1
20260908_023610_56ce16,5107,task_created,,G01940,type=PUTAWAY pickup=RECV dropoff=H-03
20260908_023610_56ce16,5107,task_created,,G01941,type=PACK pickup=PICK-2 dropoff=PACK-2
20260908_023610_56ce16,5110,task_completed,R10,G01669,
20260908_023610_56ce16,5111,task_assigned,R10,G01939,
20260908_023610_56ce16,5115,task_created,,G01942,type=PUTAWAY pickup=BUFFER dropoff=A-01
20260908_023610_56ce16,5115,task_created,,G01943,type=PICK pickup=D-01 dropoff=PICK-1
20260908_023610_56ce16,5116,task_completed,R3,G01935,
20260908_023610_56ce16,5117,task_assigned,R3,G01941,
20260908_023610_56ce16,5118,task_completed,R5,G01928,
20260908_023610_56ce16,5119,task_created,,G01944,type=PACK pickup=PICK-2 dropoff=PACK-1
20260908_023610_56ce16,5119,task_created,,G01945,type=SHIP pickup=STAGING dropoff=DOCK-2
20260908_023610_56ce16,5119,task_assigned,R5,G01945,
20260908_023610_56ce16,5120,task_completed,R13,G01666,
20260908_023610_56ce16,5120,task_completed,R4,G01932,
20260908_023610_56ce16,5121,task_interrupted,R2,G01684,
20260908_023610_56ce16,5121,task_assigned,R13,G01938,
20260908_023610_56ce16,5121,task_assigned,R4,G01943,
20260908_023610_56ce16,5121,task_assigned,R9,G01944,
20260908_023610_56ce16,5122,task_completed,R6,G01664,
20260908_023610_56ce16,5122,task_completed,R12,G01936,
20260908_023610_56ce16,5123,task_assigned,R6,G01684,
20260908_023610_56ce16,5123,task_assigned,R12,G01687,
20260908_023610_56ce16,5123,task_completed,R3,G01941,
20260908_023610_56ce16,5123,task_created,,G01946,type=PUTAWAY pickup=BUFFER dropoff=D-03
20260908_023610_56ce16,5124,task_assigned,R3,G01691,
20260908_023610_56ce16,5125,task_created,,G01947,type=PICK pickup=C-01 dropoff=PICK-3
20260908_023610_56ce16,5126,task_completed,R8,G01682,
20260908_023610_56ce16,5127,task_assigned,R8,G01947,
20260908_023610_56ce16,5130,task_interrupted,R3,G01691,
20260908_023610_56ce16,5131,task_completed,R1,G01678,
20260908_023610_56ce16,5131,task_created,,G01948,type=PUTAWAY pickup=BUFFER dropoff=H-02
20260908_023610_56ce16,5131,task_created,,G01949,type=PACK pickup=PICK-3 dropoff=PACK-1
20260908_023610_56ce16,5132,task_assigned,R1,G01949,
20260908_023610_56ce16,5133,task_created,,G01950,type=SHIP pickup=STAGING dropoff=DOCK-2
20260908_023610_56ce16,5134,task_completed,R10,G01939,
20260908_023610_56ce16,5135,task_completed,R5,G01945,
20260908_023610_56ce16,5135,task_assigned,R10,G01950,
20260908_023610_56ce16,5135,task_created,,G01951,type=PICK pickup=F-02 dropoff=PICK-2
20260908_023610_56ce16,5136,task_assigned,R5,G01951,
20260908_023610_56ce16,5137,task_completed,R8,G01947,
20260908_023610_56ce16,5138,task_assigned,R8,G01691,
20260908_023610_56ce16,5139,task_created,,G01952,type=PUTAWAY pickup=BUFFER dropoff=E-06
20260908_023610_56ce16,5140,task_completed,R11,G01675,
20260908_023610_56ce16,5140,task_completed,R10,G01950,
20260908_023610_56ce16,5141,task_assigned,R11,G01693,
20260908_023610_56ce16,5141,task_assigned,R10,G01697,
20260908_023610_56ce16,5143,task_created,,G01953,type=PACK pickup=PICK-1 dropoff=PACK-1
20260908_023610_56ce16,5145,task_completed,R7,G01920,
20260908_023610_56ce16,5145,task_created,,G01954,type=PICK pickup=D-08 dropoff=PICK-2
20260908_023610_56ce16,5146,task_completed,R6,G01684,
20260908_023610_56ce16,5146,task_completed,R9,G01944,
20260908_023610_56ce16,5146,task_assigned,R7,G01953,
20260908_023610_56ce16,5147,task_assigned,R6,G01954,
20260908_023610_56ce16,5147,task_created,,G01955,type=PUTAWAY pickup=RECV dropoff=A-05
20260908_023610_56ce16,5147,task_created,,G01956,type=SHIP pickup=STAGING dropoff=DOCK-1
20260908_023610_56ce16,5147,task_assigned,R9,G01956,
20260908_023610_56ce16,5153,task_completed,R4,G01943,
20260908_023610_56ce16,5153,task_completed,R9,G01956,
20260908_023610_56ce16,5154,task_completed,R12,G01687,
20260908_023610_56ce16,5154,task_assigned,R9,G01699,
20260908_023610_56ce16,5154,task_assigned,R4,G01702,
20260908_023610_56ce16,5155,task_completed,R7,G01953,
20260908_023610_56ce16,5155,task_created,,G01957,type=PUTAWAY pickup=RECV dropoff=G-03
20260908_023610_56ce16,5155,task_created,,G01958,type=PICK pickup=G-03 dropoff=PICK-2
20260908_023610_56ce16,5155,task_created,,G01959,type=PACK pickup=PICK-1 dropoff=PACK-2
20260908_023610_56ce16,5155,task_assigned,R12,G01959,
20260908_023610_56ce16,5156,task_assigned,R7,G01958,
20260908_023610_56ce16,5159,task_completed,R5,G01951,
20260908_023610_56ce16,5160,task_completed,R13,G01938,
20260908_023610_56ce16,5161,task_completed,R8,G01691,
20260908_023610_56ce16,5161,task_created,,G01960,type=SHIP pickup=STAGING dropoff=DOCK-2
20260908_023610_56ce16,5161,task_assigned,R13,G01960,
20260908_023610_56ce16,5162,task_assigned,R8,G01706,
20260908_023610_56ce16,5162,task_assigned,R5,G01709,
20260908_023610_56ce16,5163,task_created,,G01961,type=PUTAWAY pickup=BUFFER dropoff=H-03
20260908_023610_56ce16,5165,task_created,,G01962,type=PICK pickup=B-03 dropoff=PICK-1
20260908_023610_56ce16,5167,task_completed,R1,G01949,
20260908_023610_56ce16,5167,task_created,,G01963,type=PACK pickup=PICK-1 dropoff=PACK-2
20260908_023610_56ce16,5167,task_assigned,R3,G01963,
20260908_023610_56ce16,5168,task_assigned,R1,G01962,
20260908_023610_56ce16,5170,task_completed,R11,G01693,
20260908_023610_56ce16,5170,task_interrupted,R5,G01709,
20260908_023610_56ce16,5171,task_assigned,R11,G01709,
20260908_023610_56ce16,5171,task_created,,G01964,type=PUTAWAY pickup=BUFFER dropoff=G-06
20260908_023610_56ce16,5172,task_assigned,R2,G01712,
20260908_023610_56ce16,5174,task_interrupted,R1,G01962,
20260908_023610_56ce16,5175,task_interrupted,R12,G01959,
20260908_023610_56ce16,5175,task_created,,G01965,type=PICK pickup=A-07 dropoff=PICK-2
20260908_023610_56ce16,5175,task_created,,G01966,type=SHIP pickup=STAGING dropoff=DOCK-1
20260908_023610_56ce16,5178,task_completed,R10,G01697,
20260908_023610_56ce16,5178,task_completed,R7,G01958,
20260908_023610_56ce16,5179,task_assigned,R10,G01959,
20260908_023610_56ce16,5179,task_assigned,R7,G01966,
20260908_023610_56ce16,5179,task_created,,G01967,type=PUTAWAY pickup=BUFFER dropoff=B-02
20260908_023610_56ce16,5179,task_created,,G01968,type=PACK pickup=PICK-2 dropoff=PACK-2
20260908_023610_56ce16,5180,task_completed,R4,G01702,
20260908_023610_56ce16,5181,task_completed,R13,G01960,
20260908_023610_56ce16,5181,task_assigned,R4,G01968,
20260908_023610_56ce16,5182,task_assigned,R13,G01962,
20260908_023610_56ce16,5185,task_created,,G01969,type=PICK pickup=B-02 dropoff=PICK-1
20260908_023610_56ce16,5187,task_created,,G01970,type=PUTAWAY pickup=RECV dropoff=C-01
20260908_023610_56ce16,5188,task_completed,R6,G01954,
20260908_023610_56ce16,5189,task_created,,G01971,type=SHIP pickup=STAGING dropoff=DOCK-1
20260908_023610_56ce16,5189,task_assigned,R6,G01971,
20260908_023610_56ce16,5191,task_created,,G01972,type=PACK pickup=PICK-2 dropoff=PACK-1
20260908_023610_56ce16,5192,task_completed,R7,G01966,
20260908_023610_56ce16,5193,task_completed,R9,G01699,
20260908_023610_56ce16,5193,task_completed,R3,G01963,
20260908_023610_56ce16,5193,task_assigned,R7,G01972,
20260908_023610_56ce16,5194,task_assigned,R3,G01965,
20260908_023610_56ce16,5194,task_assigned,R9,G01969,
20260908_023610_56ce16,5195,task_created,,G01973,type=PUTAWAY pickup=BUFFER dropoff=C-08
20260908_023610_56ce16,5195,task_created,,G01974,type=PICK pickup=A-04 dropoff=PICK-3
20260908_023610_56ce16,5199,task_completed,R4,G01968,
20260908_023610_56ce16,5199,task_completed,R6,G01971,
20260908_023610_56ce16,5200,task_assigned,R6,G01974,
20260908_023610_56ce16,5202,task_assigned,R1,G01714,
20260908_023610_56ce16,5202,task_assigned,R4,G01718,
20260908_023610_56ce16,5203,task_completed,R11,G01709,
20260908_023610_56ce16,5203,task_completed,R9,G01969,
20260908_023610_56ce16,5203,task_created,,G01975,type=PUTAWAY pickup=RECV dropoff=B-01
20260908_023610_56ce16,5203,task_created,,G01976,type=PACK pickup=PICK-1 dropoff=PACK-2
20260908_023610_56ce16,5203,task_created,,G01977,type=SHIP pickup=STAGING dropoff=DOCK-1
20260908_023610_56ce16,5204,task_assigned,R11,G01976,
20260908_023610_56ce16,5204,task_assigned,R9,G01977,
20260908_023610_56ce16,5205,task_completed,R8,G01706,
20260908_023610_56ce16,5205,task_completed,R10,G01959,
20260908_023610_56ce16,5205,task_created,,G01978,type=PICK pickup=F-01 dropoff=PICK-1
20260908_023610_56ce16,5206,task_assigned,R10,G01720,
20260908_023610_56ce16,5206,task_assigned,R8,G01978,
20260908_023610_56ce16,5207,task_completed,R7,G01972,
20260908_023610_56ce16,5208,task_assigned,R7,G01724,
20260908_023610_56ce16,5210,task_assigned,R12,G01728,
20260908_023610_56ce16,5211,task_created,,G01979,type=PUTAWAY pickup=BUFFER dropoff=H-01
20260908_023610_56ce16,5213,task_assigned,R5,G01729,
20260908_023610_56ce16,5215,task_created,,G01980,type=PICK pickup=B-05 dropoff=PICK-3
20260908_023610_56ce16,5215,task_created,,G01981,type=PACK pickup=PICK-3 dropoff=PACK-2
20260908_023610_56ce16,5217,task_created,,G01982,type=SHIP pickup=STAGING dropoff=DOCK-2
20260908_023610_56ce16,5218,task_completed,R13,G01962,
20260908_023610_56ce16,5219,task_assigned,R13,G01982,
20260908_023610_56ce16,5219,task_created,,G01983,type=PUTAWAY pickup=RECV dropoff=F-05
20260908_023610_56ce16,5221,task_completed,R9,G01977,
20260908_023610_56ce16,5222,task_assigned,R9,G01981,
20260908_023610_56ce16,5224,task_completed,R2,G01712,
20260908_023610_56ce16,5225,task_assigned,R2,G01980,
20260908_023610_56ce16,5225,task_created,,G01984,type=PICK pickup=G-08 dropoff=PICK-2
20260908_023610_56ce16,5227,task_interrupted,R4,G01718,
20260908_023610_56ce16,5227,task_interrupted,R10,G01720,
20260908_023610_56ce16,5227,task_completed,R3,G01965,
20260908_023610_56ce16,5227,task_created,,G01985,type=PUTAWAY pickup=BUFFER dropoff=B-06
20260908_023610_56ce16,5227,task_created,,G01986,type=PACK pickup=PICK-2 dropoff=PACK-2
20260908_023610_56ce16,5228,task_assigned,R3,G01986,
20260908_023610_56ce16,5231,task_created,,G01987,type=SHIP pickup=STAGING dropoff=DOCK-2
20260908_023610_56ce16,5234,task_completed,R3,G01986,
20260908_023610_56ce16,5235,task_completed,R13,G01982,
20260908_023610_56ce16,5235,task_assigned,R3,G01987,
20260908_023610_56ce16,5235,task_created,,G01988,type=PUTAWAY pickup=BUFFER dropoff=G-02
20260908_023610_56ce16,5235,task_created,,G01989,type=PICK pickup=H-04 dropoff=PICK-3
20260908_023610_56ce16,5236,task_assigned,R13,G01984,
20260908_023610_56ce16,5238,task_completed,R7,G01724,
20260908_023610_56ce16,5239,task_created,,G01990,type=PACK pickup=PICK-3 dropoff=PACK-2
20260908_023610_56ce16,5239,task_assigned,R7,G01990,
20260908_023610_56ce16,5242,task_completed,R3,G01987,
20260908_023610_56ce16,5243,task_assigned,R3,G01989,
20260908_023610_56ce16,5243,task_created,,G01991,type=PUTAWAY pickup=RECV dropoff=F-08
20260908_023610_56ce16,5244,task_completed,R11,G01976,
20260908_023610_56ce16,5245,task_created,,G01992,type=PICK pickup=F-01 dropoff=PICK-3
20260908_023610_56ce16,5245,task_created,,G01993,type=SHIP pickup=STAGING dropoff=DOCK-1
20260908_023610_56ce16,5245,task_assigned,R11,G01993,
20260908_023610_56ce16,5246,task_completed,R8,G01978,
20260908_023610_56ce16,5247,task_completed,R9,G01981,
20260908_023610_56ce16,5247,task_assigned,R8,G01992,
20260908_023610_56ce16,5248,task_assigned,R9,G01718,
20260908_023610_56ce16,5248,task_completed,R2,G01980,
20260908_023610_56ce16,5249,task_assigned,R2,G01720,
20260908_023610_56ce16,5251,task_completed,R6,G01974,
20260908_023610_56ce16,5251,task_created,,G01994,type=PUTAWAY pickup=BUFFER dropoff=H-05
20260908_023610_56ce16,5251,task_created,,G01995,type=PACK pickup=PICK-1 dropoff=PACK-1
20260908_023610_56ce16,5252,task_completed,R11,G01993,
20260908_023610_56ce16,5252,task_assigned,R6,G01995,
20260908_023610_56ce16,5253,task_assigned,R11,G01733,
20260908_023610_56ce16,5255,task_completed,R1,G01714,
20260908_023610_56ce16,5255,task_completed,R7,G01990,
20260908_023610_56ce16,5255,task_created,,G01996,type=PICK pickup=B-05 dropoff=PICK-3
20260908_023610_56ce16,5256,task_assigned,R7,G01736,
20260908_023610_56ce16,5256,task_assigned,R1,G01996,
20260908_023610_56ce16,5259,task_created,,G01997,type=PUTAWAY pickup=RECV dropoff=C-07
20260908_023610_56ce16,5259,task_created,,G01998,type=SHIP pickup=STAGING dropoff=DOCK-2
20260908_023610_56ce16,5260,task_completed,R5,G01729,
20260908_023610_56ce16,5260,task_completed,R13,G01984,
20260908_023610_56ce16,5260,task_assigned,R10,G01998,
20260908_023610_56ce16,5261,task_assigned,R5,G01739,
20260908_023610_56ce16,5261,task_assigned,R13,G01742,
20260908_023610_56ce16,5263,task_created,,G01999,type=PACK pickup=PICK-1 dropoff=PACK-1
20260908_023610_56ce16,5264,task_assigned,R4,G01999,
20260908_023610_56ce16,5265,task_created,,G02000,type=PICK pickup=H-05 dropoff=PICK-1
20260908_023610_56ce16,5266,task_interrupted,R8,G01992,
20260908_023610_56ce16,5267,task_created,,G02001,type=PUTAWAY pickup=RECV dropoff=B-03
20260908_023610_56ce16,5269,task_interrupted,R6,G01995,
20260908_023610_56ce16,5273,task_created,,G02002,type=SHIP pickup=STAGING dropoff=DOCK-1
20260908_023610_56ce16,5275,task_completed,R2,G01720,
20260908_023610_56ce16,5275,task_completed,R10,G01998,
20260908_023610_56ce16,5275,task_created,,G02003,type=PUTAWAY pickup=RECV dropoff=G-07
20260908_023610_56ce16,5275,task_created,,G02004,type=PICK pickup=E-05 dropoff=PICK-1
20260908_023610_56ce16,5275,task_created,,G02005,type=PACK pickup=PICK-1 dropoff=PACK-1
20260908_023610_56ce16,5276,task_completed,R3,G01989,
20260908_023610_56ce16,5276,task_assigned,R2,G01995,
20260908_023610_56ce16,5276,task_assigned,R10,G02002,
20260908_023610_56ce16,5277,task_assigned,R3,G02005,
20260908_023610_56ce16,5278,task_completed,R9,G01718,
20260908_023610_56ce16,5279,task_assigned,R9,G01992,
20260908_023610_56ce16,5281,task_completed,R10,G02002,
20260908_023610_56ce16,5282,task_completed,R12,G01728,
20260908_023610_56ce16,5282,task_assigned,R10,G02000,
20260908_023610_56ce16,5283,task_assigned,R12,G02004,
20260908_023610_56ce16,5283,task_created,,G02006,type=PUTAWAY pickup=RECV dropoff=B-01
20260908_023610_56ce16,5285,task_completed,R11,G01733,
20260908_023610_56ce16,5285,task_completed,R4,G01999,
20260908_023610_56ce16,5285,task_created,,G02007,type=PICK pickup=E-07 dropoff=PICK-1
20260908_023610_56ce16,5286,task_assigned,R11,G01745,
20260908_023610_56ce16,5286,task_assigned,R4,G02007,
20260908_023610_56ce16,5287,task_created,,G02008,type=PACK pickup=PICK-1 dropoff=PACK-1
20260908_023610_56ce16,5287,task_created,,G02009,type=SHIP pickup=STAGING dropoff=DOCK-1
20260908_023610_56ce16,5289,task_completed,R13,G01742,
20260908_023610_56ce16,5290,task_assigned,R13,G02009,
20260908_023610_56ce16,5291,task_assigned,R6,G02008,
20260908_023610_56ce16,5291,task_created,,G02010,type=PUTAWAY pickup=BUFFER dropoff=A-04
20260908_023610_56ce16,5292,task_interrupted,R11,G01745,
20260908_023610_56ce16,5294,task_completed,R2,G01995,
20260908_023610_56ce16,5295,task_completed,R7,G01736,
20260908_023610_56ce16,5295,task_created,,G02011,type=PICK pickup=C-01 dropoff=PICK-2
20260908_023610_56ce16,5295,task_assigned,R2,G02011,
20260908_023610_56ce16,5296,task_assigned,R7,G01745,
20260908_023610_56ce16,5298,task_completed,R9,G01992,
20260908_023610_56ce16,5299,task_created,,G02012,type=PUTAWAY pickup=BUFFER dropoff=E-05
20260908_023610_56ce16,5299,task_created,,G02013,type=PACK pickup=PICK-2 dropoff=PACK-1
20260908_023610_56ce16,5299,task_assigned,R9,G02013,
20260908_023610_56ce16,5301,task_interrupted,R7,G01745,
20260908_023610_56ce16,5301,task_created,,G02014,type=SHIP pickup=STAGING dropoff=DOCK-2
20260908_023610_56ce16,5302,task_assigned,R8,G02014,
20260908_023610_56ce16,5303,task_completed,R13,G02009,
20260908_023610_56ce16,5305,task_created,,G02015,type=PICK pickup=B-06 dropoff=PICK-3
20260908_023610_56ce16,5307,task_created,,G02016,type=PUTAWAY pickup=BUFFER dropoff=B-08
20260908_023610_56ce16,5308,task_completed,R3,G02005,
20260908_023610_56ce16,5308,task_completed,R4,G02007,
20260908_023610_56ce16,5309,task_assigned,R3,G01745,
20260908_023610_56ce16,5309,task_assigned,R4,G02015,
20260908_023610_56ce16,5310,task_completed,R5,G01739,
20260908_023610_56ce16,5311,task_created,,G02017,type=PACK pickup=PICK-2 dropoff=PACK-1
20260908_023610_56ce16,5311,task_assigned,R5,G02017,
20260908_023610_56ce16,5312,task_completed,R2,G02011,
20260908_023610_56ce16,5312,task_completed,R9,G02013,
20260908_023610_56ce16,5313,task_assigned,R2,G01748,
20260908_023610_56ce16,5313,task_assigned,R9,G01751,
20260908_023610_56ce16,5315,task_completed,R6,G02008,
20260908_023610_56ce16,5315,task_created,,G02018,type=PUTAWAY pickup=RECV dropoff=F-02
20260908_023610_56ce16,5315,task_created,,G02019,type=PICK pickup=C-07 dropoff=PICK-1
20260908_023610_56ce16,5315,task_created,,G02020,type=SHIP pickup=STAGING dropoff=DOCK-2
20260908_023610_56ce16,5316,task_assigned,R6,G02020,
20260908_023610_56ce16,5317,task_completed,R8,G02014,
20260908_023610_56ce16,5318,task_assigned,R11,G01755,
20260908_023610_56ce16,5318,task_completed,R1,G01996,
20260908_023610_56ce16,5318,task_assigned,R8,G02019,
20260908_023610_56ce16,5319,task_assigned,R1,G01757,
20260908_023610_56ce16,5323,task_completed,R6,G02020,
20260908_023610_56ce16,5323,task_created,,G02021,type=PUTAWAY pickup=RECV dropoff=D-03
20260908_023610_56ce16,5323,task_created,,G02022,type=PACK pickup=PICK-3 dropoff=PACK-2
20260908_023610_56ce16,5323,task_assigned,R13,G02022,
20260908_023610_56ce16,5324,task_assigned,R6,G01760,
20260908_023610_56ce16,5324,task_completed,R10,G02000,
20260908_023610_56ce16,5325,task_created,,G02023,type=PICK pickup=B-05 dropoff=PICK-1
20260908_023610_56ce16,5325,task_assigned,R10,G02023,
20260908_023610_56ce16,5329,task_created,,G02024,type=SHIP pickup=STAGING dropoff=DOCK-1
20260908_023610_56ce16,5331,task_completed,R5,G02017,
20260908_023610_56ce16,5331,task_assigned,R7,G02024,
20260908_023610_56ce16,5331,task_created,,G02025,type=PUTAWAY pickup=BUFFER dropoff=G-07
20260908_023610_56ce16,5332,task_assigned,R5,G01763,
20260908_023610_56ce16,5333,task_completed,R4,G02015,
20260908_023610_56ce16,5334,task_assigned,R4,G01766,
20260908_023610_56ce16,5335,task_completed,R2,G01748,
20260908_023610_56ce16,5335,task_created,,G02026,type=PICK pickup=H-02 dropoff=PICK-2
20260908_023610_56ce16,5335,task_created,,G02027,type=PACK pickup=PICK-3 dropoff=PACK-2
20260908_023610_56ce16,5336,task_completed,R12,G02004,
20260908_023610_56ce16,5336,task_assigned,R2,G02027,
20260908_023610_56ce16,5337,task_interrupted,R9,G01751,
20260908_023610_56ce16,5337,task_assigned,R12,G02026,
20260908_023610_56ce16,5339,task_created,,G02028,type=PUTAWAY pickup=BUFFER dropoff=B-03
20260908_023610_56ce16,5342,task_completed,R10,G02023,
20260908_023610_56ce16,5343,task_created,,G02029,type=SHIP pickup=STAGING dropoff=DOCK-2
20260908_023610_56ce16,5343,task_assigned,R10,G02029,
20260908_023610_56ce16,5345,task_created,,G02030,type=PICK pickup=G-07 dropoff=PICK-2
20260908_023610_56ce16,5346,task_completed,R3,G01745,
20260908_023610_56ce16,5347,task_completed,R11,G01755,
20260908_023610_56ce16,5347,task_completed,R7,G02024,
20260908_023610_56ce16,5347,task_created,,G02031,type=PUTAWAY pickup=BUFFER dropoff=C-05
20260908_023610_56ce16,5347,task_created,,G02032,type=PACK pickup=PICK-1 dropoff=PACK-1
20260908_023610_56ce16,5347,task_assigned,R3,G02032,
20260908_023610_56ce16,5348,task_assigned,R11,G01751,
20260908_023610_56ce16,5348,task_assigned,R7,G02030,
20260908_023610_56ce16,5355,task_created,,G02033,type=PUTAWAY pickup=RECV dropoff=F-08
20260908_023610_56ce16,5355,task_created,,G02034,type=PICK pickup=F-05 dropoff=PICK-1
20260908_023610_56ce16,5357,task_created,,G02035,type=SHIP pickup=STAGING dropoff=DOCK-1
20260908_023610_56ce16,5358,task_completed,R6,G01760,
20260908_023610_56ce16,5358,task_completed,R13,G02022,
20260908_023610_56ce16,5359,task_completed,R10,G02029,
20260908_023610_56ce16,5359,task_assigned,R13,G02035,
20260908_023610_56ce16,5359,task_created,,G02036,type=PACK pickup=PICK-2 dropoff=PACK-2
20260908_023610_56ce16,5359,task_assigned,R6,G02036,
20260908_023610_56ce16,5360,task_completed,R1,G01757,
20260908_023610_56ce16,5360,task_assigned,R10,G02034,
20260908_023610_56ce16,5361,task_assigned,R1,G01770,
20260908_023610_56ce16,5363,task_created,,G02037,type=PUTAWAY pickup=RECV dropoff=B-05
20260908_023610_56ce16,5364,task_completed,R8,G02019,
20260908_023610_56ce16,5365,task_created,,G02038,type=PICK pickup=G-04 dropoff=PICK-2
20260908_023610_56ce16,5365,task_assigned,R8,G02038,
20260908_023610_56ce16,5366,task_completed,R5,G01763,
20260908_023610_56ce16,5367,task_assigned,R5,G01773,
20260908_023610_56ce16,5368,task_completed,R13,G02035,
20260908_023610_56ce16,5369,task_assigned,R13,G01775,
20260908_023610_56ce16,5371,task_created,,G02039,type=PUTAWAY pickup=BUFFER dropoff=F-01
20260908_023610_56ce16,5371,task_created,,G02040,type=PACK pickup=PICK-3 dropoff=PACK-1
20260908_023610_56ce16,5371,task_created,,G02041,type=SHIP pickup=STAGING dropoff=DOCK-1
20260908_023610_56ce16,5375,task_created,,G02042,type=PICK pickup=H-01 dropoff=PICK-1
20260908_023610_56ce16,5379,task_completed,R12,G02026,
20260908_023610_56ce16,5379,task_created,,G02043,type=PUTAWAY pickup=BUFFER dropoff=H-07
20260908_023610_56ce16,5380,task_completed,R4,G01766,
20260908_023610_56ce16,5380,task_completed,R7,G02030,
20260908_023610_56ce16,5380,task_assigned,R12,G02041,
20260908_023610_56ce16,5381,task_assigned,R7,G02040,
20260908_023610_56ce16,5381,task_assigned,R4,G02042,
20260908_023610_56ce16,5383,task_completed,R2,G02027,
20260908_023610_56ce16,5383,task_completed,R3,G02032,
20260908_023610_56ce16,5383,task_created,,G02044,type=PACK pickup=PICK-1 dropoff=PACK-1
20260908_023610_56ce16,5384,task_assigned,R2,G01778,
20260908_023610_56ce16,5384,task_assigned,R3,G01782,
20260908_023610_56ce16,5384,task_completed,R6,G02036,
20260908_023610_56ce16,5384,task_assigned,R9,G02044,
20260908_023610_56ce16,5385,task_created,,G02045,type=PICK pickup=H-06 dropoff=PICK-2
20260908_023610_56ce16,5385,task_created,,G02046,type=SHIP pickup=STAGING dropoff=DOCK-1
20260908_023610_56ce16,5385,task_assigned,R6,G02046,
20260908_023610_56ce16,5387,task_completed,R11,G01751,
20260908_023610_56ce16,5387,task_created,,G02047,type=PUTAWAY pickup=BUFFER dropoff=C-02
20260908_023610_56ce16,5388,task_completed,R10,G02034,
20260908_023610_56ce16,5388,task_completed,R12,G02041,
20260908_023610_56ce16,5388,task_assigned,R11,G02045,
20260908_023610_56ce16,5389,task_assigned,R10,G01784,
20260908_023610_56ce16,5389,task_assigned,R12,G01788,
20260908_023610_56ce16,5392,task_interrupted,R3,G01782,
20260908_023610_56ce16,5392,task_completed,R6,G02046,
20260908_023610_56ce16,5393,task_assigned,R6,G01782,
20260908_023610_56ce16,5395,task_created,,G02048,type=PUTAWAY pickup=RECV dropoff=C-01
20260908_023610_56ce16,5395,task_created,,G02049,type=PICK pickup=D-07 dropoff=PICK-1
20260908_023610_56ce16,5395,task_created,,G02050,type=PACK pickup=PICK-3 dropoff=PACK-1
20260908_023610_56ce16,5396,task_completed,R8,G02038,
20260908_023610_56ce16,5397,task_completed,R13,G01775,
20260908_023610_56ce16,5397,task_assigned,R8,G02050,
20260908_023610_56ce16,5398,task_assigned,R13,G02049,
20260908_023610_56ce16,5399,task_completed,R5,G01773,
20260908_023610_56ce16,5399,task_created,,G02051,type=SHIP pickup=STAGING dropoff=DOCK-1
20260908_023610_56ce16,5400,task_assigned,R5,G02051,
20260908_023610_56ce16,5403,task_interrupted,R2,G01778,
20260908_023610_56ce16,5403,task_created,,G02052,type=PUTAWAY pickup=RECV dropoff=D-07
20260908_023610_56ce16,5404,task_completed,R7,G02040,
20260908_023610_56ce16,5405,task_completed,R1,G01770,
20260908_023610_56ce16,5405,task_completed,R9,G02044,
20260908_023610_56ce16,5405,task_created,,G02053,type=PICK pickup=E-01 dropoff=PICK-2
20260908_023610_56ce16,5405,task_assigned,R7,G02053,
20260908_023610_56ce16,5406,task_assigned,R9,G01778,
20260908_023610_56ce16,5406,task_completed,R10,G01784,
20260908_023610_56ce16,5406,task_assigned,R1,G01791,
20260908_023610_56ce16,5407,task_created,,G02054,type=PACK pickup=PICK-2 dropoff=PACK-1
20260908_023610_56ce16,5407,task_assigned,R10,G02054,
20260908_023610_56ce16,5411,task_created,,G02055,type=PUTAWAY pickup=RECV dropoff=E-08
20260908_023610_56ce16,5413,task_created,,G02056,type=SHIP pickup=STAGING dropoff=DOCK-2
20260908_023610_56ce16,5415,task_completed,R5,G02051,
20260908_023610_56ce16,5415,task_created,,G02057,type=PICK pickup=D-08 dropoff=PICK-3
20260908_023610_56ce16,5416,task_assigned,R5,G02056,
20260908_023610_56ce16,5417,task_completed,R11,G02045,
20260908_023610_56ce16,5418,task_assigned,R11,G02057,
20260908_023610_56ce16,5419,task_created,,G02058,type=PUTAWAY pickup=RECV dropoff=G-01
20260908_023610_56ce16,5419,task_created,,G02059,type=PACK pickup=PICK-2 dropoff=PACK-2
20260908_023610_56ce16,5420,task_completed,R4,G02042,
20260908_023610_56ce16,5421,task_completed,R5,G02056,
20260908_023610_56ce16,5421,task_assigned,R4,G02059,
20260908_023610_56ce16,5422,task_assigned,R3,G01793,
20260908_023610_56ce16,5422,task_assigned,R5,G01797,
20260908_023610_56ce16,5424,task_completed,R8,G02050,
20260908_023610_56ce16,5425,task_created,,G02060,type=PICK pickup=D-01 dropoff=PICK-1
20260908_023610_56ce16,5425,task_assigned,R8,G02060,
20260908_023610_56ce16,5427,task_completed,R10,G02054,
20260908_023610_56ce16,5427,task_created,,G02061,type=PUTAWAY pickup=RECV dropoff=B-02
20260908_023610_56ce16,5427,task_created,,G02062,type=SHIP pickup=STAGING dropoff=DOCK-2
20260908_023610_56ce16,5428,task_assigned,R10,G02062,
20260908_023610_56ce16,5431,task_created,,G02063,type=PACK pickup=PICK-1 dropoff=PACK-2
20260908_023610_56ce16,5431,task_assigned,R2,G02063,
20260908_023610_56ce16,5432,task_interrupted,R5,G01797,
20260908_023610_56ce16,5434,task_completed,R12,G01788,
20260908_023610_56ce16,5434,task_completed,R10,G02062,
20260908_023610_56ce16,5435,task_completed,R6,G01782,
20260908_023610_56ce16,5435,task_created,,G02064,type=PUTAWAY pickup=RECV dropoff=E-01
20260908_023610_56ce16,5435,task_created,,G02065,type=PICK pickup=C-07 dropoff=PICK-2
20260908_023610_56ce16,5435,task_assigned,R10,G02065,
20260908_023610_56ce16,5436,task_assigned,R6,G01797,
20260908_023610_56ce16,5437,task_completed,R4,G02059,
20260908_023610_56ce16,5438,task_interrupted,R1,G01791,
20260908_023610_56ce16,5438,task_assigned,R4,G01800,
20260908_023610_56ce16,5441,task_completed,R11,G02057,
20260908_023610_56ce16,5441,task_created,,G02066,type=SHIP pickup=STAGING dropoff=DOCK-1
20260908_023610_56ce16,5442,task_assigned,R11,G02066,
20260908_023610_56ce16,5443,task_created,,G02067,type=PUTAWAY pickup=RECV dropoff=H-06
20260908_023610_56ce16,5443,task_created,,G02068,type=PACK pickup=PICK-1 dropoff=PACK-1
20260908_023610_56ce16,5445,task_created,,G02069,type=PICK pickup=D-08 dropoff=PICK-3
20260908_023610_56ce16,5449,task_completed,R9,G01778,
20260908_023610_56ce16,5450,task_completed,R7,G02053,
20260908_023610_56ce16,5450,task_assigned,R9,G02068,
20260908_023610_56ce16,5451,task_assigned,R7,G02069,
20260908_023610_56ce16,5451,task_created,,G02070,type=PUTAWAY pickup=BUFFER dropoff=F-05
20260908_023610_56ce16,5452,task_completed,R3,G01793,
20260908_023610_56ce16,5453,task_assigned,R3,G01791,
20260908_023610_56ce16,5455,task_created,,G02071,type=PICK pickup=D-01 dropoff=PICK-1
20260908_023610_56ce16,5455,task_created,,G02072,type=PACK pickup=PICK-3 dropoff=PACK-2
20260908_023610_56ce16,5455,task_created,,G02073,type=SHIP pickup=STAGING dropoff=DOCK-2
20260908_023610_56ce16,5456,task_completed,R6,G01797,
20260908_023610_56ce16,5457,task_assigned,R6,G02073,
20260908_023610_56ce16,5459,task_completed,R2,G02063,
20260908_023610_56ce16,5459,task_completed,R11,G02066,
20260908_023610_56ce16,5459,task_created,,G02074,type=PUTAWAY pickup=BUFFER dropoff=C-08
20260908_023610_56ce16,5460,task_assigned,R11,G02071,
20260908_023610_56ce16,5460,task_assigned,R2,G02072,
20260908_023610_56ce16,5463,task_assigned,R5,G01803,
20260908_023610_56ce16,5465,task_completed,R3,G01791,
20260908_023610_56ce16,5465,task_created,,G02075,type=PICK pickup=C-03 dropoff=PICK-3
20260908_023610_56ce16,5466,task_assigned,R3,G02075,
20260908_023610_56ce16,5467,task_completed,R8,G02060,
20260908_023610_56ce16,5467,task_created,,G02076,type=PUTAWAY pickup=BUFFER dropoff=F-07
20260908_023610_56ce16,5467,task_created,,G02077,type=PACK pickup=PICK-1 dropoff=PACK-2
20260908_023610_56ce16,5468,task_assigned,R8,G02077,
20260908_023610_56ce16,5469,task_created,,G02078,type=SHIP pickup=STAGING dropoff=DOCK-2
20260908_023610_56ce16,5470,task_completed,R13,G02049,
20260908_023610_56ce16,5470,task_completed,R10,G02065,
20260908_023610_56ce16,5471,task_assigned,R13,G02078,
20260908_023610_56ce16,5475,task_completed,R4,G01800,
20260908_023610_56ce16,5475,task_assigned,R12,G01805,
20260908_023610_56ce16,5475,task_completed,R9,G02068,
20260908_023610_56ce16,5475,task_completed,R7,G02069,
20260908_023610_56ce16,5475,task_created,,G02079,type=PUTAWAY pickup=RECV dropoff=G-01
20260908_023610_56ce16,5475,task_created,,G02080,type=PICK pickup=H-03 dropoff=PICK-1
20260908_023610_56ce16,5475,task_assigned,R1,G02080,
20260908_023610_56ce16,5476,task_assigned,R9,G01809,
20260908_023610_56ce16,5476,task_assigned,R7,G01812,
20260908_023610_56ce16,5476,task_assigned,R4,G01815,
20260908_023610_56ce16,5476,task_assigned,R10,G01819,
20260908_023610_56ce16,5477,task_completed,R2,G02072,
20260908_023610_56ce16,5478,task_assigned,R2,G01820,
20260908_023610_56ce16,5479,task_created,,G02081,type=PACK pickup=PICK-3 dropoff=PACK-2
20260908_023610_56ce16,5482,task_completed,R8,G02077,
20260908_023610_56ce16,5483,task_interrupted,R10,G01819,
20260908_023610_56ce16,5483,task_created,,G02082,type=PUTAWAY pickup=RECV dropoff=G-08
20260908_023610_56ce16,5483,task_created,,G02083,type=SHIP pickup=STAGING dropoff=DOCK-1
20260908_023610_56ce16,5483,task_assigned,R8,G02083,
20260908_023610_56ce16,5484,task_completed,R6,G02073,
20260908_023610_56ce16,5485,task_assigned,R6,G02081,
20260908_023610_56ce16,5485,task_created,,G02084,type=PICK pickup=D-07 dropoff=PICK-3
20260908_023610_56ce16,5486,task_interrupted,R4,G01815,
20260908_023610_56ce16,5487,task_completed,R13,G02078,
20260908_023610_56ce16,5488,task_assigned,R13,G02084,
20260908_023610_56ce16,5490,task_completed,R8,G02083,
20260908_023610_56ce16,5491,task_created,,G02085,type=PUTAWAY pickup=BUFFER dropoff=E-07
20260908_023610_56ce16,5491,task_created,,G02086,type=PACK pickup=PICK-3 dropoff=PACK-2
20260908_023610_56ce16,5491,task_assigned,R8,G02086,
20260908_023610_56ce16,5495,task_created,,G02087,type=PICK pickup=E-02 dropoff=PICK-1
20260908_023610_56ce16,5497,task_completed,R3,G02075,
20260908_023610_56ce16,5497,task_created,,G02088,type=SHIP pickup=STAGING dropoff=DOCK-1
20260908_023610_56ce16,5498,task_assigned,R3,G02088,
20260908_023610_56ce16,5499,task_created,,G02089,type=PUTAWAY pickup=BUFFER dropoff=G-05
20260908_023610_56ce16,5503,task_created,,G02090,type=PACK pickup=PICK-3 dropoff=PACK-2
20260908_023610_56ce16,5505,task_created,,G02091,type=PICK pickup=D-08 dropoff=PICK-3
20260908_023610_56ce16,5507,task_created,,G02092,type=PUTAWAY pickup=BUFFER dropoff=E-08
20260908_023610_56ce16,5508,task_completed,R6,G02081,
20260908_023610_56ce16,5509,task_completed,R12,G01805,
20260908_023610_56ce16,5509,task_assigned,R6,G02090,
20260908_023610_56ce16,5510,task_completed,R7,G01812,
20260908_023610_56ce16,5510,task_assigned,R12,G02087,
20260908_023610_56ce16,5511,task_created,,G02093,type=SHIP pickup=STAGING dropoff=DOCK-2
20260908_023610_56ce16,5511,task_assigned,R7,G02093,
20260908_023610_56ce16,5512,task_completed,R11,G02071,
20260908_023610_56ce16,5513,task_assigned,R11,G02091,
20260908_023610_56ce16,5514,task_completed,R3,G02088,
20260908_023610_56ce16,5515,task_completed,R9,G01809,
20260908_023610_56ce16,5515,task_created,,G02094,type=PUTAWAY pickup=BUFFER dropoff=A-03
20260908_023610_56ce16,5515,task_created,,G02095,type=PICK pickup=A-07 dropoff=PICK-3
20260908_023610_56ce16,5515,task_created,,G02096,type=PACK pickup=PICK-2 dropoff=PACK-1
20260908_023610_56ce16,5515,task_assigned,R3,G02096,
20260908_023610_56ce16,5516,task_completed,R8,G02086,
20260908_023610_56ce16,5516,task_assigned,R9,G02095,
20260908_023610_56ce16,5520,task_completed,R13,G02084,
20260908_023610_56ce16,5520,task_interrupted,R6,G02090,
20260908_023610_56ce16,5521,task_completed,R5,G01803,
20260908_023610_56ce16,5521,task_assigned,R4,G01815,
20260908_023610_56ce16,5521,task_assigned,R13,G02090,
20260908_023610_56ce16,5522,task_assigned,R5,G01819,
20260908_023610_56ce16,5522,task_completed,R2,G01820,
20260908_023610_56ce16,5523,task_assigned,R10,G01824,
20260908_023610_56ce16,5523,task_assigned,R2,G01827,
20260908_023610_56ce16,5523,task_created,,G02097,type=PUTAWAY pickup=BUFFER dropoff=F-01
20260908_023610_56ce16,5525,task_created,,G02098,type=PICK pickup=B-02 dropoff=PICK-1
20260908_023610_56ce16,5525,task_created,,G02099,type=SHIP pickup=STAGING dropoff=DOCK-1
20260908_023610_56ce16,5527,task_created,,G02100,type=PACK pickup=PICK-3 dropoff=PACK-1
20260908_023610_56ce16,5529,task_completed,R13,G02090,
20260908_023610_56ce16,5529,task_completed,R3,G02096,
20260908_023610_56ce16,5530,task_assigned,R3,G02099,
20260908_023610_56ce16,5530,task_assigned,R13,G02100,
20260908_023610_56ce16,5531,task_created,,G02101,type=PUTAWAY pickup=BUFFER dropoff=B-07
20260908_023610_56ce16,5535,task_created,,G02102,type=PICK pickup=F-06 dropoff=PICK-3
20260908_023610_56ce16,5537,task_completed,R3,G02099,
