run_id,tick,event_type,robot_id,task_id,details
20260903_111825_0100b2,3,task_created,,G00001,type=PUTAWAY pickup=BUFFER dropoff=F-04
20260903_111825_0100b2,3,task_assigned,R3,G00001,
20260903_111825_0100b2,5,task_created,,G00002,type=PICK pickup=A-02 dropoff=PICK-1
20260903_111825_0100b2,5,task_assigned,R1,G00002,
20260903_111825_0100b2,7,task_created,,G00003,type=PACK pickup=PICK-3 dropoff=PACK-1
20260903_111825_0100b2,7,task_assigned,R4,G00003,
20260903_111825_0100b2,9,task_completed,R3,G00001,
20260903_111825_0100b2,9,task_created,,G00004,type=SHIP pickup=STAGING dropoff=DOCK-1
20260903_111825_0100b2,9,task_assigned,R7,G00004,
20260903_111825_0100b2,11,task_created,,G00005,type=PUTAWAY pickup=BUFFER dropoff=B-08
20260903_111825_0100b2,11,task_assigned,R3,G00005,
20260903_111825_0100b2,15,task_completed,R7,G00004,
20260903_111825_0100b2,15,task_created,,G00006,type=PICK pickup=G-07 dropoff=PICK-2
20260903_111825_0100b2,15,task_assigned,R8,G00006,
20260903_111825_0100b2,19,task_created,,G00007,type=PUTAWAY pickup=BUFFER dropoff=H-08
20260903_111825_0100b2,19,task_assigned,R6,G00007,
20260903_111825_0100b2,19,task_created,,G00008,type=PACK pickup=PICK-1 dropoff=PACK-2
20260903_111825_0100b2,19,task_assigned,R7,G00008,
20260903_111825_0100b2,20,task_completed,R3,G00005,
20260903_111825_0100b2,21,task_completed,R1,G00002,
20260903_111825_0100b2,23,task_created,,G00009,type=SHIP pickup=STAGING dropoff=DOCK-2
20260903_111825_0100b2,23,task_assigned,R3,G00009,
20260903_111825_0100b2,25,task_completed,R4,G00003,
20260903_111825_0100b2,25,task_created,,G00010,type=PICK pickup=C-03 dropoff=PICK-3
20260903_111825_0100b2,25,task_assigned,R1,G00010,
20260903_111825_0100b2,27,task_created,,G00011,type=PUTAWAY pickup=RECV dropoff=E-05
20260903_111825_0100b2,27,task_assigned,R4,G00011,
20260903_111825_0100b2,31,task_created,,G00012,type=PACK pickup=PICK-2 dropoff=PACK-1
20260903_111825_0100b2,31,task_assigned,R5,G00012,
20260903_111825_0100b2,33,task_completed,R8,G00006,
20260903_111825_0100b2,35,task_created,,G00013,type=PUTAWAY pickup=BUFFER dropoff=C-06
20260903_111825_0100b2,35,task_assigned,R8,G00013,
20260903_111825_0100b2,35,task_created,,G00014,type=PICK pickup=B-02 dropoff=PICK-1
20260903_111825_0100b2,35,task_assigned,R2,G00014,
20260903_111825_0100b2,36,task_completed,R3,G00009,
20260903_111825_0100b2,37,task_created,,G00015,type=SHIP pickup=STAGING dropoff=DOCK-1
20260903_111825_0100b2,37,task_assigned,R3,G00015,
20260903_111825_0100b2,40,task_completed,R6,G00007,
20260903_111825_0100b2,42,task_completed,R3,G00015,
20260903_111825_0100b2,43,task_created,,G00016,type=PUTAWAY pickup=BUFFER dropoff=D-02
20260903_111825_0100b2,43,task_assigned,R6,G00016,
20260903_111825_0100b2,43,task_created,,G00017,type=PACK pickup=PICK-1 dropoff=PACK-2
20260903_111825_0100b2,43,task_assigned,R3,G00017,
20260903_111825_0100b2,45,task_created,,G00018,type=PICK pickup=E-02 dropoff=PICK-1
20260903_111825_0100b2,46,task_completed,R7,G00008,
20260903_111825_0100b2,47,task_assigned,R7,G00018,
20260903_111825_0100b2,48,task_completed,R1,G00010,
20260903_111825_0100b2,49,task_completed,R8,G00013,
20260903_111825_0100b2,50,task_completed,R4,G00011,
20260903_111825_0100b2,51,task_created,,G00019,type=PUTAWAY pickup=BUFFER dropoff=E-04
20260903_111825_0100b2,51,task_assigned,R8,G00019,
20260903_111825_0100b2,51,task_created,,G00020,type=SHIP pickup=STAGING dropoff=DOCK-2
20260903_111825_0100b2,51,task_assigned,R1,G00020,
20260903_111825_0100b2,52,robot_blocked,R1,,"{""x"": 19, ""y"": 8}"
20260903_111825_0100b2,54,task_completed,R5,G00012,
20260903_111825_0100b2,55,task_created,,G00021,type=PICK pickup=H-08 dropoff=PICK-1
20260903_111825_0100b2,55,task_assigned,R4,G00021,
20260903_111825_0100b2,55,task_created,,G00022,type=PACK pickup=PICK-2 dropoff=PACK-2
20260903_111825_0100b2,55,task_assigned,R5,G00022,
20260903_111825_0100b2,56,robot_blocked,R8,,"{""x"": 12, ""y"": 2}"
20260903_111825_0100b2,59,task_created,,G00023,type=PUTAWAY pickup=RECV dropoff=E-05
20260903_111825_0100b2,60,robot_blocked,R5,,"{""x"": 12, ""y"": 9}"
20260903_111825_0100b2,63,robot_blocked,R2,,"{""x"": 11, ""y"": 4}"
20260903_111825_0100b2,63,robot_blocked,R4,,"{""x"": 10, ""y"": 4}"
20260903_111825_0100b2,65,task_created,,G00024,type=PICK pickup=C-05 dropoff=PICK-1
20260903_111825_0100b2,65,task_created,,G00025,type=SHIP pickup=STAGING dropoff=DOCK-1
20260903_111825_0100b2,67,task_created,,G00026,type=PUTAWAY pickup=RECV dropoff=F-08
20260903_111825_0100b2,67,task_created,,G00027,type=PACK pickup=PICK-3 dropoff=PACK-1
20260903_111825_0100b2,70,task_completed,R6,G00016,
20260903_111825_0100b2,70,task_completed,R3,G00017,
20260903_111825_0100b2,71,task_completed,R1,G00020,
20260903_111825_0100b2,71,task_assigned,R6,G00023,
20260903_111825_0100b2,71,task_assigned,R3,G00026,
20260903_111825_0100b2,72,task_assigned,R1,G00024,
20260903_111825_0100b2,73,task_completed,R5,G00022,
20260903_111825_0100b2,73,robot_blocked,R6,,"{""x"": 19, ""y"": 4}"
20260903_111825_0100b2,74,task_assigned,R5,G00027,
20260903_111825_0100b2,75,task_completed,R7,G00018,
20260903_111825_0100b2,75,task_created,,G00028,type=PUTAWAY pickup=BUFFER dropoff=C-08
20260903_111825_0100b2,75,task_created,,G00029,type=PICK pickup=B-06 dropoff=PICK-2
20260903_111825_0100b2,76,task_assigned,R7,G00028,
20260903_111825_0100b2,77,task_completed,R8,G00019,
20260903_111825_0100b2,78,task_assigned,R8,G00029,
20260903_111825_0100b2,79,task_created,,G00030,type=PACK pickup=PICK-3 dropoff=PACK-2
20260903_111825_0100b2,79,task_created,,G00031,type=SHIP pickup=STAGING dropoff=DOCK-2
20260903_111825_0100b2,83,task_created,,G00032,type=PUTAWAY pickup=RECV dropoff=A-07
20260903_111825_0100b2,83,robot_blocked,R3,,"{""x"": 7, ""y"": 8}"
20260903_111825_0100b2,85,task_created,,G00033,type=PICK pickup=D-03 dropoff=PICK-3
20260903_111825_0100b2,88,task_completed,R2,G00014,
20260903_111825_0100b2,89,task_assigned,R2,G00032,
20260903_111825_0100b2,91,task_created,,G00034,type=PUTAWAY pickup=RECV dropoff=E-04
20260903_111825_0100b2,91,task_created,,G00035,type=PACK pickup=PICK-2 dropoff=PACK-2
20260903_111825_0100b2,93,task_created,,G00036,type=SHIP pickup=STAGING dropoff=DOCK-1
20260903_111825_0100b2,95,task_created,,G00037,type=PICK pickup=D-06 dropoff=PICK-1
20260903_111825_0100b2,96,task_completed,R5,G00027,
20260903_111825_0100b2,97,task_assigned,R5,G00034,
20260903_111825_0100b2,98,task_completed,R1,G00024,
20260903_111825_0100b2,99,task_created,,G00038,type=PUTAWAY pickup=RECV dropoff=A-06
20260903_111825_0100b2,99,task_assigned,R1,G00038,
20260903_111825_0100b2,100,task_completed,R7,G00028,
20260903_111825_0100b2,101,task_completed,R6,G00023,
20260903_111825_0100b2,101,task_assigned,R7,G00033,
20260903_111825_0100b2,102,task_assigned,R6,G00037,
20260903_111825_0100b2,103,task_created,,G00039,type=PACK pickup=PICK-1 dropoff=PACK-2
20260903_111825_0100b2,105,task_created,,G00040,type=PICK pickup=A-03 dropoff=PICK-3
20260903_111825_0100b2,107,task_created,,G00041,type=PUTAWAY pickup=BUFFER dropoff=F-03
20260903_111825_0100b2,107,task_created,,G00042,type=SHIP pickup=STAGING dropoff=DOCK-2
20260903_111825_0100b2,108,task_completed,R4,G00021,
20260903_111825_0100b2,108,task_completed,R3,G00026,
20260903_111825_0100b2,108,task_completed,R8,G00029,
20260903_111825_0100b2,109,task_assigned,R8,G00030,
20260903_111825_0100b2,109,task_assigned,R4,G00040,
20260903_111825_0100b2,109,task_assigned,R3,G00041,
20260903_111825_0100b2,113,task_completed,R2,G00032,
20260903_111825_0100b2,113,task_completed,R7,G00033,
20260903_111825_0100b2,114,task_assigned,R7,G00035,
20260903_111825_0100b2,114,task_assigned,R2,G00039,
20260903_111825_0100b2,115,task_created,,G00043,type=PUTAWAY pickup=RECV dropoff=H-04
20260903_111825_0100b2,115,task_created,,G00044,type=PICK pickup=C-02 dropoff=PICK-3
20260903_111825_0100b2,115,task_created,,G00045,type=PACK pickup=PICK-2 dropoff=PACK-1
20260903_111825_0100b2,115,robot_blocked,R7,,"{""x"": 19, ""y"": 8}"
20260903_111825_0100b2,117,task_completed,R1,G00038,
20260903_111825_0100b2,118,task_assigned,R1,G00043,
20260903_111825_0100b2,119,task_completed,R3,G00041,
20260903_111825_0100b2,120,task_assigned,R3,G00044,
20260903_111825_0100b2,121,task_created,,G00046,type=SHIP pickup=STAGING dropoff=DOCK-1
20260903_111825_0100b2,123,task_created,,G00047,type=PUTAWAY pickup=RECV dropoff=B-08
20260903_111825_0100b2,125,task_created,,G00048,type=PICK pickup=A-04 dropoff=PICK-1
20260903_111825_0100b2,127,task_created,,G00049,type=PACK pickup=PICK-2 dropoff=PACK-2
20260903_111825_0100b2,129,task_completed,R8,G00030,
20260903_111825_0100b2,129,task_completed,R5,G00034,
20260903_111825_0100b2,130,task_assigned,R5,G00047,
20260903_111825_0100b2,130,task_assigned,R8,G00048,
20260903_111825_0100b2,131,task_created,,G00050,type=PUTAWAY pickup=RECV dropoff=G-01
20260903_111825_0100b2,134,task_completed,R7,G00035,
20260903_111825_0100b2,134,task_completed,R3,G00044,
20260903_111825_0100b2,135,task_assigned,R7,G00050,
20260903_111825_0100b2,135,task_created,,G00051,type=PICK pickup=D-07 dropoff=PICK-2
20260903_111825_0100b2,135,task_assigned,R3,G00051,
20260903_111825_0100b2,135,task_created,,G00052,type=SHIP pickup=STAGING dropoff=DOCK-1
20260903_111825_0100b2,136,task_completed,R2,G00039,
20260903_111825_0100b2,137,task_assigned,R2,G00045,
20260903_111825_0100b2,139,task_created,,G00053,type=PUTAWAY pickup=BUFFER dropoff=B-06
20260903_111825_0100b2,139,task_created,,G00054,type=PACK pickup=PICK-1 dropoff=PACK-2
20260903_111825_0100b2,145,task_created,,G00055,type=PICK pickup=D-02 dropoff=PICK-2
20260903_111825_0100b2,147,task_completed,R4,G00040,
20260903_111825_0100b2,147,task_created,,G00056,type=PUTAWAY pickup=RECV dropoff=G-05
20260903_111825_0100b2,148,task_assigned,R4,G00053,
20260903_111825_0100b2,149,task_completed,R2,G00045,
20260903_111825_0100b2,149,task_created,,G00057,type=SHIP pickup=STAGING dropoff=DOCK-1
20260903_111825_0100b2,150,task_assigned,R2,G00056,
20260903_111825_0100b2,151,task_created,,G00058,type=PACK pickup=PICK-1 dropoff=PACK-1
20260903_111825_0100b2,154,task_completed,R8,G00048,
20260903_111825_0100b2,155,task_completed,R5,G00047,
20260903_111825_0100b2,155,task_created,,G00059,type=PUTAWAY pickup=RECV dropoff=H-06
20260903_111825_0100b2,155,task_assigned,R8,G00059,
20260903_111825_0100b2,155,task_created,,G00060,type=PICK pickup=H-02 dropoff=PICK-2
20260903_111825_0100b2,156,task_assigned,R5,G00055,
20260903_111825_0100b2,157,task_completed,R1,G00043,
20260903_111825_0100b2,158,task_completed,R3,G00051,
20260903_111825_0100b2,158,task_assigned,R1,G00060,
20260903_111825_0100b2,159,task_assigned,R3,G00049,
20260903_111825_0100b2,163,task_created,,G00061,type=PUTAWAY pickup=BUFFER dropoff=C-04
20260903_111825_0100b2,163,task_created,,G00062,type=PACK pickup=PICK-1 dropoff=PACK-1
20260903_111825_0100b2,163,task_created,,G00063,type=SHIP pickup=STAGING dropoff=DOCK-1
20260903_111825_0100b2,165,task_completed,R3,G00049,
20260903_111825_0100b2,165,task_created,,G00064,type=PICK pickup=D-05 dropoff=PICK-2
20260903_111825_0100b2,166,task_assigned,R3,G00061,
20260903_111825_0100b2,171,task_completed,R6,G00037,
20260903_111825_0100b2,171,task_created,,G00065,type=PUTAWAY pickup=BUFFER dropoff=G-04
20260903_111825_0100b2,172,task_assigned,R6,G00065,
20260903_111825_0100b2,174,task_completed,R4,G00053,
20260903_111825_0100b2,174,task_completed,R1,G00060,
20260903_111825_0100b2,175,task_assigned,R1,G00064,
20260903_111825_0100b2,175,task_created,,G00066,type=PICK pickup=F-08 dropoff=PICK-1
20260903_111825_0100b2,175,task_assigned,R4,G00066,
20260903_111825_0100b2,175,task_created,,G00067,type=PACK pickup=PICK-2 dropoff=PACK-1
20260903_111825_0100b2,177,task_created,,G00068,type=SHIP pickup=STAGING dropoff=DOCK-2
20260903_111825_0100b2,179,task_completed,R5,G00055,
20260903_111825_0100b2,179,task_created,,G00069,type=PUTAWAY pickup=RECV dropoff=B-06
20260903_111825_0100b2,180,task_assigned,R5,G00069,
20260903_111825_0100b2,185,task_created,,G00070,type=PICK pickup=C-02 dropoff=PICK-2
20260903_111825_0100b2,187,task_completed,R4,G00066,
20260903_111825_0100b2,187,task_created,,G00071,type=PUTAWAY pickup=BUFFER dropoff=F-02
20260903_111825_0100b2,187,task_created,,G00072,type=PACK pickup=PICK-2 dropoff=PACK-1
20260903_111825_0100b2,188,task_assigned,R4,G00071,
20260903_111825_0100b2,191,task_created,,G00073,type=SHIP pickup=STAGING dropoff=DOCK-1
20260903_111825_0100b2,195,task_completed,R3,G00061,
20260903_111825_0100b2,195,task_created,,G00074,type=PUTAWAY pickup=RECV dropoff=A-04
20260903_111825_0100b2,195,task_created,,G00075,type=PICK pickup=G-08 dropoff=PICK-1
20260903_111825_0100b2,196,task_completed,R2,G00056,
20260903_111825_0100b2,196,task_assigned,R3,G00074,
20260903_111825_0100b2,197,task_completed,R8,G00059,
20260903_111825_0100b2,197,task_assigned,R2,G00070,
20260903_111825_0100b2,198,task_assigned,R8,G00075,
20260903_111825_0100b2,199,task_created,,G00076,type=PACK pickup=PICK-3 dropoff=PACK-1
20260903_111825_0100b2,200,task_completed,R1,G00064,
20260903_111825_0100b2,201,task_assigned,R1,G00054,
20260903_111825_0100b2,203,task_created,,G00077,type=PUTAWAY pickup=RECV dropoff=A-01
20260903_111825_0100b2,204,task_completed,R7,G00050,
20260903_111825_0100b2,205,task_assigned,R7,G00077,
20260903_111825_0100b2,205,task_created,,G00078,type=PICK pickup=H-03 dropoff=PICK-1
20260903_111825_0100b2,205,task_created,,G00079,type=SHIP pickup=STAGING dropoff=DOCK-1
20260903_111825_0100b2,211,task_created,,G00080,type=PUTAWAY pickup=BUFFER dropoff=A-08
20260903_111825_0100b2,211,task_created,,G00081,type=PACK pickup=PICK-2 dropoff=PACK-1
20260903_111825_0100b2,215,task_created,,G00082,type=PICK pickup=G-02 dropoff=PICK-2
20260903_111825_0100b2,216,task_completed,R4,G00071,
20260903_111825_0100b2,217,task_assigned,R4,G00080,
20260903_111825_0100b2,218,task_interrupted,R1,G00054,
20260903_111825_0100b2,219,task_created,,G00083,type=PUTAWAY pickup=RECV dropoff=D-06
20260903_111825_0100b2,219,task_created,,G00084,type=SHIP pickup=STAGING dropoff=DOCK-2
20260903_111825_0100b2,221,task_completed,R2,G00070,
20260903_111825_0100b2,221,task_interrupted,R3,G00074,
20260903_111825_0100b2,221,task_interrupted,R4,G00080,
20260903_111825_0100b2,222,task_assigned,R2,G00074,
20260903_111825_0100b2,223,task_created,,G00085,type=PACK pickup=PICK-3 dropoff=PACK-1
20260903_111825_0100b2,224,task_completed,R8,G00075,
20260903_111825_0100b2,225,task_assigned,R8,G00080,
20260903_111825_0100b2,225,task_created,,G00086,type=PICK pickup=C-05 dropoff=PICK-2
20260903_111825_0100b2,227,task_completed,R5,G00069,
20260903_111825_0100b2,227,task_interrupted,R7,G00077,
20260903_111825_0100b2,227,task_created,,G00087,type=PUTAWAY pickup=RECV dropoff=A-06
20260903_111825_0100b2,228,task_assigned,R5,G00077,
20260903_111825_0100b2,233,task_created,,G00088,type=SHIP pickup=STAGING dropoff=DOCK-2
20260903_111825_0100b2,234,task_completed,R6,G00065,
20260903_111825_0100b2,235,task_created,,G00089,type=PUTAWAY pickup=BUFFER dropoff=H-02
20260903_111825_0100b2,235,task_created,,G00090,type=PICK pickup=B-02 dropoff=PICK-3
20260903_111825_0100b2,235,task_created,,G00091,type=PACK pickup=PICK-1 dropoff=PACK-1
20260903_111825_0100b2,243,task_interrupted,R8,G00080,
20260903_111825_0100b2,243,task_created,,G00092,type=PUTAWAY pickup=BUFFER dropoff=H-05
20260903_111825_0100b2,245,task_created,,G00093,type=PICK pickup=A-02 dropoff=PICK-2
20260903_111825_0100b2,247,task_assigned,R3,G00080,
20260903_111825_0100b2,247,task_created,,G00094,type=PACK pickup=PICK-1 dropoff=PACK-2
20260903_111825_0100b2,247,task_created,,G00095,type=SHIP pickup=STAGING dropoff=DOCK-1
20260903_111825_0100b2,249,task_interrupted,R5,G00077,
20260903_111825_0100b2,250,task_completed,R2,G00074,
20260903_111825_0100b2,251,task_assigned,R1,G00054,
20260903_111825_0100b2,251,task_assigned,R2,G00077,
20260903_111825_0100b2,251,task_created,,G00096,type=PUTAWAY pickup=BUFFER dropoff=F-05
20260903_111825_0100b2,255,task_completed,R2,G00077,
20260903_111825_0100b2,255,task_created,,G00097,type=PICK pickup=A-07 dropoff=PICK-2
20260903_111825_0100b2,257,task_assigned,R7,G00087,
20260903_111825_0100b2,259,task_created,,G00098,type=PUTAWAY pickup=BUFFER dropoff=H-02
20260903_111825_0100b2,259,task_created,,G00099,type=PACK pickup=PICK-1 dropoff=PACK-1
20260903_111825_0100b2,260,task_assigned,R4,G00089,
20260903_111825_0100b2,261,task_created,,G00100,type=SHIP pickup=STAGING dropoff=DOCK-2
20260903_111825_0100b2,265,task_created,,G00101,type=PICK pickup=G-01 dropoff=PICK-1
20260903_111825_0100b2,267,task_created,,G00102,type=PUTAWAY pickup=BUFFER dropoff=A-01
20260903_111825_0100b2,271,task_created,,G00103,type=PACK pickup=PICK-2 dropoff=PACK-2
20260903_111825_0100b2,274,task_assigned,R5,G00083,
20260903_111825_0100b2,275,task_created,,G00104,type=PUTAWAY pickup=RECV dropoff=G-06
20260903_111825_0100b2,275,task_created,,G00105,type=PICK pickup=E-05 dropoff=PICK-2
20260903_111825_0100b2,275,task_created,,G00106,type=SHIP pickup=STAGING dropoff=DOCK-2
20260903_111825_0100b2,276,task_completed,R1,G00054,
20260903_111825_0100b2,277,task_assigned,R1,G00092,
20260903_111825_0100b2,283,task_completed,R7,G00087,
20260903_111825_0100b2,283,task_created,,G00107,type=PUTAWAY pickup=RECV dropoff=H-01
20260903_111825_0100b2,283,task_created,,G00108,type=PACK pickup=PICK-2 dropoff=PACK-1
20260903_111825_0100b2,284,task_assigned,R7,G00096,
20260903_111825_0100b2,285,task_assigned,R6,G00098,
20260903_111825_0100b2,285,task_created,,G00109,type=PICK pickup=G-07 dropoff=PICK-1
20260903_111825_0100b2,289,task_created,,G00110,type=SHIP pickup=STAGING dropoff=DOCK-2
20260903_111825_0100b2,290,task_assigned,R2,G00102,
20260903_111825_0100b2,291,task_assigned,R8,G00104,
20260903_111825_0100b2,291,task_created,,G00111,type=PUTAWAY pickup=BUFFER dropoff=B-05
20260903_111825_0100b2,295,task_created,,G00112,type=PICK pickup=E-07 dropoff=PICK-3
20260903_111825_0100b2,295,task_created,,G00113,type=PACK pickup=PICK-3 dropoff=PACK-1
20260903_111825_0100b2,299,task_created,,G00114,type=PUTAWAY pickup=BUFFER dropoff=A-06
20260903_111825_0100b2,300,task_completed,R4,G00089,
20260903_111825_0100b2,301,task_assigned,R4,G00107,
20260903_111825_0100b2,303,task_completed,R3,G00080,
20260903_111825_0100b2,303,task_created,,G00115,type=SHIP pickup=STAGING dropoff=DOCK-1
20260903_111825_0100b2,304,task_completed,R1,G00092,
20260903_111825_0100b2,304,task_assigned,R3,G00111,
20260903_111825_0100b2,305,task_assigned,R1,G00114,
20260903_111825_0100b2,305,task_created,,G00116,type=PICK pickup=H-01 dropoff=PICK-3
20260903_111825_0100b2,307,task_created,,G00117,type=PUTAWAY pickup=RECV dropoff=G-05
20260903_111825_0100b2,307,task_created,,G00118,type=PACK pickup=PICK-2 dropoff=PACK-2
20260903_111825_0100b2,315,task_created,,G00119,type=PUTAWAY pickup=RECV dropoff=A-01
20260903_111825_0100b2,315,task_created,,G00120,type=PICK pickup=B-01 dropoff=PICK-3
20260903_111825_0100b2,317,task_created,,G00121,type=SHIP pickup=STAGING dropoff=DOCK-1
20260903_111825_0100b2,319,task_created,,G00122,type=PACK pickup=PICK-2 dropoff=PACK-2
20260903_111825_0100b2,323,task_created,,G00123,type=PUTAWAY pickup=RECV dropoff=F-01
20260903_111825_0100b2,324,task_completed,R7,G00096,
20260903_111825_0100b2,325,task_assigned,R7,G00117,
20260903_111825_0100b2,325,task_created,,G00124,type=PICK pickup=E-02 dropoff=PICK-2
20260903_111825_0100b2,326,task_completed,R6,G00098,
20260903_111825_0100b2,327,task_completed,R3,G00111,
20260903_111825_0100b2,327,task_assigned,R6,G00119,
20260903_111825_0100b2,328,task_assigned,R3,G00123,
20260903_111825_0100b2,331,task_created,,G00125,type=PUTAWAY pickup=RECV dropoff=F-05
20260903_111825_0100b2,331,task_created,,G00126,type=PACK pickup=PICK-3 dropoff=PACK-1
20260903_111825_0100b2,331,task_created,,G00127,type=SHIP pickup=STAGING dropoff=DOCK-1
20260903_111825_0100b2,332,task_completed,R1,G00114,
20260903_111825_0100b2,333,task_assigned,R1,G00125,
20260903_111825_0100b2,334,task_completed,R2,G00102,
20260903_111825_0100b2,335,task_assigned,R2,G00078,
20260903_111825_0100b2,335,task_created,,G00128,type=PICK pickup=A-01 dropoff=PICK-3
20260903_111825_0100b2,339,task_created,,G00129,type=PUTAWAY pickup=BUFFER dropoff=H-02
20260903_111825_0100b2,340,task_completed,R5,G00083,
20260903_111825_0100b2,341,task_assigned,R5,G00129,
20260903_111825_0100b2,343,task_created,,G00130,type=PACK pickup=PICK-2 dropoff=PACK-2
20260903_111825_0100b2,345,task_created,,G00131,type=PICK pickup=A-01 dropoff=PICK-3
20260903_111825_0100b2,345,task_created,,G00132,type=SHIP pickup=STAGING dropoff=DOCK-2
20260903_111825_0100b2,347,task_created,,G00133,type=PUTAWAY pickup=RECV dropoff=H-07
20260903_111825_0100b2,348,task_completed,R8,G00104,
20260903_111825_0100b2,349,task_completed,R3,G00123,
20260903_111825_0100b2,349,task_assigned,R8,G00133,
20260903_111825_0100b2,350,task_assigned,R3,G00082,
20260903_111825_0100b2,355,task_completed,R1,G00125,
20260903_111825_0100b2,355,task_created,,G00134,type=PUTAWAY pickup=RECV dropoff=B-04
20260903_111825_0100b2,355,task_created,,G00135,type=PICK pickup=C-03 dropoff=PICK-2
20260903_111825_0100b2,355,task_created,,G00136,type=PACK pickup=PICK-3 dropoff=PACK-1
20260903_111825_0100b2,356,task_assigned,R1,G00134,
20260903_111825_0100b2,359,task_created,,G00137,type=SHIP pickup=STAGING dropoff=DOCK-2
20260903_111825_0100b2,360,task_completed,R4,G00107,
20260903_111825_0100b2,361,task_assigned,R4,G00086,
20260903_111825_0100b2,362,task_completed,R7,G00117,
20260903_111825_0100b2,363,task_completed,R3,G00082,
20260903_111825_0100b2,363,task_created,,G00138,type=PUTAWAY pickup=RECV dropoff=C-04
20260903_111825_0100b2,363,task_assigned,R7,G00138,
20260903_111825_0100b2,364,task_assigned,R3,G00090,
20260903_111825_0100b2,365,task_created,,G00139,type=PICK pickup=E-04 dropoff=PICK-2
20260903_111825_0100b2,366,task_completed,R5,G00129,
20260903_111825_0100b2,367,task_assigned,R5,G00093,
20260903_111825_0100b2,367,task_created,,G00140,type=PACK pickup=PICK-1 dropoff=PACK-1
20260903_111825_0100b2,371,task_created,,G00141,type=PUTAWAY pickup=RECV dropoff=A-02
20260903_111825_0100b2,372,task_completed,R4,G00086,
20260903_111825_0100b2,373,task_assigned,R4,G00141,
20260903_111825_0100b2,373,task_created,,G00142,type=SHIP pickup=STAGING dropoff=DOCK-2
20260903_111825_0100b2,375,task_created,,G00143,type=PICK pickup=D-05 dropoff=PICK-3
20260903_111825_0100b2,379,task_created,,G00144,type=PUTAWAY pickup=BUFFER dropoff=D-02
20260903_111825_0100b2,379,task_created,,G00145,type=PACK pickup=PICK-2 dropoff=PACK-1
20260903_111825_0100b2,383,task_completed,R6,G00119,
20260903_111825_0100b2,384,task_completed,R1,G00134,
20260903_111825_0100b2,384,task_assigned,R6,G00144,
20260903_111825_0100b2,385,task_assigned,R1,G00097,
20260903_111825_0100b2,385,task_created,,G00146,type=PICK pickup=C-08 dropoff=PICK-2
20260903_111825_0100b2,387,task_created,,G00147,type=PUTAWAY pickup=BUFFER dropoff=A-05
20260903_111825_0100b2,387,task_created,,G00148,type=SHIP pickup=STAGING dropoff=DOCK-1
20260903_111825_0100b2,389,task_completed,R3,G00090,
20260903_111825_0100b2,390,task_completed,R2,G00078,
20260903_111825_0100b2,390,task_assigned,R3,G00147,
20260903_111825_0100b2,391,task_assigned,R2,G00101,
20260903_111825_0100b2,391,task_created,,G00149,type=PACK pickup=PICK-1 dropoff=PACK-1
20260903_111825_0100b2,395,task_created,,G00150,type=PUTAWAY pickup=RECV dropoff=D-05
20260903_111825_0100b2,395,task_created,,G00151,type=PICK pickup=G-03 dropoff=PICK-2
20260903_111825_0100b2,397,task_completed,R4,G00141,
20260903_111825_0100b2,398,task_assigned,R4,G00150,
20260903_111825_0100b2,401,task_completed,R8,G00133,
20260903_111825_0100b2,401,task_created,,G00152,type=SHIP pickup=STAGING dropoff=DOCK-2
20260903_111825_0100b2,402,task_assigned,R8,G00105,
20260903_111825_0100b2,403,task_created,,G00153,type=PUTAWAY pickup=BUFFER dropoff=E-07
20260903_111825_0100b2,403,task_created,,G00154,type=PACK pickup=PICK-1 dropoff=PACK-1
20260903_111825_0100b2,404,task_completed,R7,G00138,
20260903_111825_0100b2,405,task_assigned,R7,G00153,
20260903_111825_0100b2,405,task_created,,G00155,type=PICK pickup=D-02 dropoff=PICK-3
20260903_111825_0100b2,407,task_completed,R1,G00097,
20260903_111825_0100b2,408,task_assigned,R1,G00109,
20260903_111825_0100b2,411,task_created,,G00156,type=PUTAWAY pickup=RECV dropoff=E-05
20260903_111825_0100b2,415,task_created,,G00157,type=PICK pickup=G-04 dropoff=PICK-3
20260903_111825_0100b2,415,task_created,,G00158,type=PACK pickup=PICK-1 dropoff=PACK-2
20260903_111825_0100b2,415,task_created,,G00159,type=SHIP pickup=STAGING dropoff=DOCK-2
20260903_111825_0100b2,418,task_completed,R6,G00144,
20260903_111825_0100b2,419,task_completed,R2,G00101,
20260903_111825_0100b2,419,task_assigned,R6,G00156,
20260903_111825_0100b2,419,task_created,,G00160,type=PUTAWAY pickup=BUFFER dropoff=H-03
20260903_111825_0100b2,420,task_completed,R5,G00093,
20260903_111825_0100b2,420,task_assigned,R2,G00160,
20260903_111825_0100b2,421,task_assigned,R5,G00112,
20260903_111825_0100b2,425,task_created,,G00161,type=PICK pickup=G-01 dropoff=PICK-1
20260903_111825_0100b2,427,task_created,,G00162,type=PUTAWAY pickup=RECV dropoff=C-01
20260903_111825_0100b2,427,task_created,,G00163,type=PACK pickup=PICK-1 dropoff=PACK-2
20260903_111825_0100b2,429,task_created,,G00164,type=SHIP pickup=STAGING dropoff=DOCK-2
20260903_111825_0100b2,430,task_completed,R7,G00153,
20260903_111825_0100b2,431,task_assigned,R7,G00162,
20260903_111825_0100b2,432,task_completed,R1,G00109,
20260903_111825_0100b2,433,task_assigned,R1,G00116,
20260903_111825_0100b2,435,task_created,,G00165,type=PUTAWAY pickup=BUFFER dropoff=B-07
20260903_111825_0100b2,435,task_created,,G00166,type=PICK pickup=E-02 dropoff=PICK-2
20260903_111825_0100b2,438,task_completed,R4,G00150,
20260903_111825_0100b2,439,task_assigned,R4,G00165,
20260903_111825_0100b2,439,task_created,,G00167,type=PACK pickup=PICK-2 dropoff=PACK-2
20260903_111825_0100b2,443,task_created,,G00168,type=PUTAWAY pickup=BUFFER dropoff=A-07
20260903_111825_0100b2,443,task_created,,G00169,type=SHIP pickup=STAGING dropoff=DOCK-2
20260903_111825_0100b2,445,task_created,,G00170,type=PICK pickup=F-08 dropoff=PICK-2
20260903_111825_0100b2,446,task_completed,R8,G00105,
20260903_111825_0100b2,447,task_assigned,R8,G00168,
20260903_111825_0100b2,451,task_created,,G00171,type=PUTAWAY pickup=BUFFER dropoff=B-02
20260903_111825_0100b2,451,task_created,,G00172,type=PACK pickup=PICK-3 dropoff=PACK-1
20260903_111825_0100b2,453,task_completed,R3,G00147,
20260903_111825_0100b2,454,task_assigned,R3,G00171,
20260903_111825_0100b2,455,task_created,,G00173,type=PICK pickup=F-02 dropoff=PICK-2
20260903_111825_0100b2,457,task_completed,R5,G00112,
20260903_111825_0100b2,457,task_completed,R2,G00160,
20260903_111825_0100b2,457,task_completed,R4,G00165,
20260903_111825_0100b2,457,task_created,,G00174,type=SHIP pickup=STAGING dropoff=DOCK-1
20260903_111825_0100b2,458,task_assigned,R4,G00120,
20260903_111825_0100b2,458,task_assigned,R5,G00124,
20260903_111825_0100b2,458,task_assigned,R2,G00128,
20260903_111825_0100b2,458,task_completed,R7,G00162,
20260903_111825_0100b2,459,task_completed,R1,G00116,
20260903_111825_0100b2,459,task_completed,R6,G00156,
20260903_111825_0100b2,459,task_created,,G00175,type=PUTAWAY pickup=RECV dropoff=C-08
20260903_111825_0100b2,459,task_assigned,R7,G00175,
20260903_111825_0100b2,460,task_assigned,R6,G00131,
20260903_111825_0100b2,460,task_assigned,R1,G00135,
20260903_111825_0100b2,463,task_created,,G00176,type=PACK pickup=PICK-2 dropoff=PACK-2
20260903_111825_0100b2,465,task_created,,G00177,type=PICK pickup=D-01 dropoff=PICK-1
20260903_111825_0100b2,467,task_created,,G00178,type=PUTAWAY pickup=BUFFER dropoff=H-06
20260903_111825_0100b2,470,task_interrupted,R4,G00120,
20260903_111825_0100b2,471,task_created,,G00179,type=SHIP pickup=STAGING dropoff=DOCK-2
20260903_111825_0100b2,472,task_interrupted,R1,G00135,
20260903_111825_0100b2,475,task_interrupted,R3,G00171,
20260903_111825_0100b2,475,task_created,,G00180,type=PUTAWAY pickup=BUFFER dropoff=D-01
20260903_111825_0100b2,475,task_created,,G00181,type=PICK pickup=H-03 dropoff=PICK-3
20260903_111825_0100b2,475,task_created,,G00182,type=PACK pickup=PICK-1 dropoff=PACK-1
20260903_111825_0100b2,482,task_interrupted,R7,G00175,
20260903_111825_0100b2,483,task_created,,G00183,type=PUTAWAY pickup=BUFFER dropoff=F-01
20260903_111825_0100b2,485,task_completed,R6,G00131,
20260903_111825_0100b2,485,task_created,,G00184,type=PICK pickup=E-06 dropoff=PICK-2
20260903_111825_0100b2,485,task_created,,G00185,type=SHIP pickup=STAGING dropoff=DOCK-2
20260903_111825_0100b2,486,task_assigned,R6,G00171,
20260903_111825_0100b2,487,task_created,,G00186,type=PACK pickup=PICK-3 dropoff=PACK-2
20260903_111825_0100b2,489,task_completed,R8,G00168,
20260903_111825_0100b2,490,task_assigned,R8,G00175,
20260903_111825_0100b2,491,task_created,,G00187,type=PUTAWAY pickup=BUFFER dropoff=B-04
20260903_111825_0100b2,494,task_interrupted,R5,G00124,
20260903_111825_0100b2,495,task_created,,G00188,type=PICK pickup=F-01 dropoff=PICK-2
20260903_111825_0100b2,499,task_created,,G00189,type=PUTAWAY pickup=RECV dropoff=E-04
20260903_111825_0100b2,499,task_created,,G00190,type=PACK pickup=PICK-3 dropoff=PACK-1
20260903_111825_0100b2,499,task_created,,G00191,type=SHIP pickup=STAGING dropoff=DOCK-2
20260903_111825_0100b2,505,task_assigned,R4,G00120,
20260903_111825_0100b2,505,task_created,,G00192,type=PICK pickup=C-03 dropoff=PICK-2
20260903_111825_0100b2,506,task_completed,R6,G00171,
20260903_111825_0100b2,507,task_assigned,R6,G00178,
20260903_111825_0100b2,507,task_created,,G00193,type=PUTAWAY pickup=BUFFER dropoff=D-06
20260903_111825_0100b2,508,task_interrupted,R8,G00175,
20260903_111825_0100b2,509,task_interrupted,R2,G00128,
20260903_111825_0100b2,511,task_assigned,R7,G00175,
20260903_111825_0100b2,511,task_created,,G00194,type=PACK pickup=PICK-2 dropoff=PACK-2
20260903_111825_0100b2,513,task_created,,G00195,type=SHIP pickup=STAGING dropoff=DOCK-2
20260903_111825_0100b2,515,task_assigned,R1,G00135,
20260903_111825_0100b2,515,task_created,,G00196,type=PUTAWAY pickup=RECV dropoff=C-05
20260903_111825_0100b2,515,task_created,,G00197,type=PICK pickup=C-07 dropoff=PICK-3
20260903_111825_0100b2,517,task_interrupted,R6,G00178,
20260903_111825_0100b2,517,task_assigned,R3,G00180,
20260903_111825_0100b2,523,task_created,,G00198,type=PUTAWAY pickup=BUFFER dropoff=B-02
20260903_111825_0100b2,523,task_created,,G00199,type=PACK pickup=PICK-1 dropoff=PACK-2
20260903_111825_0100b2,525,task_created,,G00200,type=PICK pickup=A-04 dropoff=PICK-3
20260903_111825_0100b2,527,task_created,,G00201,type=SHIP pickup=STAGING dropoff=DOCK-1
20260903_111825_0100b2,531,task_created,,G00202,type=PUTAWAY pickup=BUFFER dropoff=H-04
20260903_111825_0100b2,532,task_assigned,R5,G00124,
20260903_111825_0100b2,534,task_completed,R4,G00120,
20260903_111825_0100b2,535,task_assigned,R4,G00178,
20260903_111825_0100b2,535,task_created,,G00203,type=PICK pickup=C-07 dropoff=PICK-1
20260903_111825_0100b2,535,task_created,,G00204,type=PACK pickup=PICK-1 dropoff=PACK-2
20260903_111825_0100b2,539,task_created,,G00205,type=PUTAWAY pickup=BUFFER dropoff=D-08
20260903_111825_0100b2,541,task_created,,G00206,type=SHIP pickup=STAGING dropoff=DOCK-2
20260903_111825_0100b2,545,task_completed,R7,G00175,
20260903_111825_0100b2,545,task_created,,G00207,type=PICK pickup=A-02 dropoff=PICK-3
20260903_111825_0100b2,546,task_assigned,R7,G00183,
20260903_111825_0100b2,547,task_assigned,R2,G00128,
20260903_111825_0100b2,547,task_created,,G00208,type=PUTAWAY pickup=RECV dropoff=C-06
20260903_111825_0100b2,547,task_created,,G00209,type=PACK pickup=PICK-1 dropoff=PACK-2
20260903_111825_0100b2,553,task_assigned,R8,G00187,
20260903_111825_0100b2,554,task_completed,R5,G00124,
20260903_111825_0100b2,555,task_assigned,R5,G00189,
20260903_111825_0100b2,555,task_created,,G00210,type=PUTAWAY pickup=BUFFER dropoff=E-06
20260903_111825_0100b2,555,task_created,,G00211,type=PICK pickup=F-01 dropoff=PICK-1
20260903_111825_0100b2,555,task_created,,G00212,type=SHIP pickup=STAGING dropoff=DOCK-1
20260903_111825_0100b2,556,task_completed,R1,G00135,
20260903_111825_0100b2,556,task_assigned,R6,G00193,
20260903_111825_0100b2,557,task_completed,R3,G00180,
20260903_111825_0100b2,557,task_assigned,R1,G00196,
20260903_111825_0100b2,558,task_assigned,R3,G00198,
20260903_111825_0100b2,559,task_created,,G00213,type=PACK pickup=PICK-3 dropoff=PACK-1
20260903_111825_0100b2,562,task_completed,R7,G00183,
20260903_111825_0100b2,563,task_completed,R4,G00178,
20260903_111825_0100b2,563,task_assigned,R7,G00202,
20260903_111825_0100b2,563,task_created,,G00214,type=PUTAWAY pickup=RECV dropoff=G-08
20260903_111825_0100b2,564,task_assigned,R4,G00205,
20260903_111825_0100b2,565,task_created,,G00215,type=PICK pickup=F-08 dropoff=PICK-3
20260903_111825_0100b2,569,task_created,,G00216,type=SHIP pickup=STAGING dropoff=DOCK-2
20260903_111825_0100b2,571,task_created,,G00217,type=PUTAWAY pickup=RECV dropoff=G-03
20260903_111825_0100b2,571,task_created,,G00218,type=PACK pickup=PICK-3 dropoff=PACK-1
20260903_111825_0100b2,575,task_completed,R2,G00128,
20260903_111825_0100b2,575,task_created,,G00219,type=PICK pickup=D-07 dropoff=PICK-3
20260903_111825_0100b2,576,task_assigned,R2,G00208,
20260903_111825_0100b2,578,task_completed,R3,G00198,
20260903_111825_0100b2,579,task_completed,R5,G00189,
20260903_111825_0100b2,579,task_assigned,R3,G00210,
20260903_111825_0100b2,579,task_created,,G00220,type=PUTAWAY pickup=BUFFER dropoff=F-08
20260903_111825_0100b2,580,task_assigned,R5,G00214,
20260903_111825_0100b2,583,task_created,,G00221,type=PACK pickup=PICK-1 dropoff=PACK-1
20260903_111825_0100b2,583,task_created,,G00222,type=SHIP pickup=STAGING dropoff=DOCK-1
20260903_111825_0100b2,585,task_completed,R7,G00202,
20260903_111825_0100b2,585,task_created,,G00223,type=PICK pickup=H-04 dropoff=PICK-2
20260903_111825_0100b2,586,task_assigned,R7,G00217,
20260903_111825_0100b2,587,task_created,,G00224,type=PUTAWAY pickup=BUFFER dropoff=F-05
20260903_111825_0100b2,593,task_completed,R8,G00187,
20260903_111825_0100b2,593,task_completed,R4,G00205,
20260903_111825_0100b2,594,task_assigned,R8,G00220,
20260903_111825_0100b2,594,task_assigned,R4,G00224,
20260903_111825_0100b2,595,task_created,,G00225,type=PUTAWAY pickup=RECV dropoff=E-04
20260903_111825_0100b2,595,task_created,,G00226,type=PICK pickup=F-07 dropoff=PICK-3
20260903_111825_0100b2,595,task_created,,G00227,type=PACK pickup=PICK-1 dropoff=PACK-1
20260903_111825_0100b2,597,task_created,,G00228,type=SHIP pickup=STAGING dropoff=DOCK-2
20260903_111825_0100b2,603,task_completed,R8,G00220,
20260903_111825_0100b2,603,task_created,,G00229,type=PUTAWAY pickup=RECV dropoff=E-03
20260903_111825_0100b2,604,task_assigned,R8,G00225,
20260903_111825_0100b2,605,task_completed,R5,G00214,
20260903_111825_0100b2,605,task_created,,G00230,type=PICK pickup=H-08 dropoff=PICK-1
20260903_111825_0100b2,606,task_assigned,R5,G00229,
20260903_111825_0100b2,607,task_completed,R6,G00193,
20260903_111825_0100b2,607,task_created,,G00231,type=PACK pickup=PICK-3 dropoff=PACK-2
20260903_111825_0100b2,608,task_assigned,R6,G00139,
20260903_111825_0100b2,611,task_created,,G00232,type=PUTAWAY pickup=RECV dropoff=H-04
20260903_111825_0100b2,611,task_created,,G00233,type=SHIP pickup=STAGING dropoff=DOCK-2
20260903_111825_0100b2,612,task_completed,R1,G00196,
20260903_111825_0100b2,613,task_assigned,R1,G00232,
20260903_111825_0100b2,615,task_created,,G00234,type=PICK pickup=F-05 dropoff=PICK-1
20260903_111825_0100b2,619,task_created,,G00235,type=PUTAWAY pickup=RECV dropoff=G-02
20260903_111825_0100b2,619,task_created,,G00236,type=PACK pickup=PICK-1 dropoff=PACK-2
20260903_111825_0100b2,625,task_completed,R8,G00225,
20260903_111825_0100b2,625,task_created,,G00237,type=PICK pickup=B-05 dropoff=PICK-2
20260903_111825_0100b2,625,task_created,,G00238,type=SHIP pickup=STAGING dropoff=DOCK-1
20260903_111825_0100b2,626,task_assigned,R8,G00235,
20260903_111825_0100b2,627,task_created,,G00239,type=PUTAWAY pickup=RECV dropoff=E-07
20260903_111825_0100b2,630,task_completed,R3,G00210,
20260903_111825_0100b2,631,task_assigned,R3,G00239,
20260903_111825_0100b2,631,task_created,,G00240,type=PACK pickup=PICK-2 dropoff=PACK-2
20260903_111825_0100b2,633,task_completed,R4,G00224,
20260903_111825_0100b2,634,task_assigned,R4,G00143,
20260903_111825_0100b2,635,task_completed,R2,G00208,
20260903_111825_0100b2,635,task_created,,G00241,type=PUTAWAY pickup=BUFFER dropoff=G-04
20260903_111825_0100b2,635,task_created,,G00242,type=PICK pickup=H-03 dropoff=PICK-1
20260903_111825_0100b2,636,task_assigned,R2,G00241,
20260903_111825_0100b2,639,task_created,,G00243,type=SHIP pickup=STAGING dropoff=DOCK-2
20260903_111825_0100b2,643,task_created,,G00244,type=PUTAWAY pickup=RECV dropoff=D-02
20260903_111825_0100b2,643,task_created,,G00245,type=PACK pickup=PICK-3 dropoff=PACK-1
20260903_111825_0100b2,644,task_completed,R6,G00139,
20260903_111825_0100b2,644,task_completed,R5,G00229,
20260903_111825_0100b2,645,task_assigned,R6,G00146,
20260903_111825_0100b2,645,task_assigned,R5,G00244,
20260903_111825_0100b2,645,task_created,,G00246,type=PICK pickup=A-01 dropoff=PICK-1
20260903_111825_0100b2,646,task_completed,R3,G00239,
20260903_111825_0100b2,647,task_assigned,R3,G00151,
20260903_111825_0100b2,647,task_completed,R7,G00217,
20260903_111825_0100b2,648,task_assigned,R7,G00155,
20260903_111825_0100b2,651,task_created,,G00247,type=PUTAWAY pickup=RECV dropoff=D-02
20260903_111825_0100b2,652,task_completed,R1,G00232,
20260903_111825_0100b2,653,task_assigned,R1,G00247,
20260903_111825_0100b2,653,task_created,,G00248,type=SHIP pickup=STAGING dropoff=DOCK-1
20260903_111825_0100b2,655,task_created,,G00249,type=PICK pickup=H-01 dropoff=PICK-3
20260903_111825_0100b2,655,task_created,,G00250,type=PACK pickup=PICK-2 dropoff=PACK-1
20260903_111825_0100b2,659,task_created,,G00251,type=PUTAWAY pickup=RECV dropoff=F-01
20260903_111825_0100b2,662,task_completed,R7,G00155,
20260903_111825_0100b2,663,task_assigned,R7,G00251,
20260903_111825_0100b2,665,task_completed,R4,G00143,
20260903_111825_0100b2,665,task_completed,R6,G00146,
20260903_111825_0100b2,665,task_completed,R8,G00235,
20260903_111825_0100b2,665,task_created,,G00252,type=PICK pickup=D-08 dropoff=PICK-2
20260903_111825_0100b2,666,task_assigned,R8,G00157,
20260903_111825_0100b2,666,task_assigned,R6,G00161,
20260903_111825_0100b2,666,task_assigned,R4,G00166,
20260903_111825_0100b2,667,task_created,,G00253,type=PUTAWAY pickup=BUFFER dropoff=E-02
20260903_111825_0100b2,667,task_created,,G00254,type=PACK pickup=PICK-2 dropoff=PACK-1
20260903_111825_0100b2,667,task_created,,G00255,type=SHIP pickup=STAGING dropoff=DOCK-1
20260903_111825_0100b2,673,task_completed,R5,G00244,
20260903_111825_0100b2,674,task_assigned,R5,G00253,
20260903_111825_0100b2,675,task_created,,G00256,type=PUTAWAY pickup=RECV dropoff=B-05
20260903_111825_0100b2,675,task_created,,G00257,type=PICK pickup=C-04 dropoff=PICK-3
20260903_111825_0100b2,679,task_created,,G00258,type=PACK pickup=PICK-1 dropoff=PACK-2
20260903_111825_0100b2,681,task_created,,G00259,type=SHIP pickup=STAGING dropoff=DOCK-2
20260903_111825_0100b2,683,task_created,,G00260,type=PUTAWAY pickup=BUFFER dropoff=B-04
20260903_111825_0100b2,684,task_completed,R3,G00151,
20260903_111825_0100b2,685,task_completed,R2,G00241,
20260903_111825_0100b2,685,task_assigned,R3,G00256,
20260903_111825_0100b2,685,task_created,,G00261,type=PICK pickup=E-01 dropoff=PICK-3
20260903_111825_0100b2,686,task_assigned,R2,G00260,
20260903_111825_0100b2,689,task_completed,R6,G00161,
20260903_111825_0100b2,690,task_assigned,R6,G00170,
20260903_111825_0100b2,691,task_created,,G00262,type=PUTAWAY pickup=RECV dropoff=F-01
20260903_111825_0100b2,691,task_created,,G00263,type=PACK pickup=PICK-1 dropoff=PACK-1
20260903_111825_0100b2,693,task_completed,R8,G00157,
20260903_111825_0100b2,694,task_assigned,R8,G00262,
20260903_111825_0100b2,695,task_created,,G00264,type=PICK pickup=E-02 dropoff=PICK-1
20260903_111825_0100b2,695,task_created,,G00265,type=SHIP pickup=STAGING dropoff=DOCK-1
20260903_111825_0100b2,698,task_completed,R7,G00251,
20260903_111825_0100b2,699,task_completed,R2,G00260,
20260903_111825_0100b2,699,task_created,,G00266,type=PUTAWAY pickup=BUFFER dropoff=B-03
20260903_111825_0100b2,699,task_assigned,R7,G00266,
20260903_111825_0100b2,700,task_completed,R4,G00166,
20260903_111825_0100b2,700,task_assigned,R2,G00173,
20260903_111825_0100b2,701,task_assigned,R4,G00177,
20260903_111825_0100b2,703,task_created,,G00267,type=PACK pickup=PICK-1 dropoff=PACK-2
20260903_111825_0100b2,705,task_created,,G00268,type=PICK pickup=F-07 dropoff=PICK-3
20260903_111825_0100b2,707,task_created,,G00269,type=PUTAWAY pickup=BUFFER dropoff=B-04
20260903_111825_0100b2,708,task_completed,R2,G00173,
20260903_111825_0100b2,709,task_assigned,R2,G00269,
20260903_111825_0100b2,709,task_created,,G00270,type=SHIP pickup=STAGING dropoff=DOCK-1
20260903_111825_0100b2,715,task_created,,G00271,type=PUTAWAY pickup=RECV dropoff=A-08
20260903_111825_0100b2,715,task_created,,G00272,type=PICK pickup=G-01 dropoff=PICK-3
20260903_111825_0100b2,715,task_created,,G00273,type=PACK pickup=PICK-2 dropoff=PACK-1
20260903_111825_0100b2,717,task_completed,R1,G00247,
20260903_111825_0100b2,718,task_assigned,R1,G00271,
20260903_111825_0100b2,719,task_completed,R7,G00266,
20260903_111825_0100b2,720,task_assigned,R7,G00181,
20260903_111825_0100b2,721,task_completed,R5,G00253,
20260903_111825_0100b2,722,task_assigned,R5,G00184,
20260903_111825_0100b2,723,task_created,,G00274,type=PUTAWAY pickup=BUFFER dropoff=D-07
20260903_111825_0100b2,723,task_created,,G00275,type=SHIP pickup=STAGING dropoff=DOCK-2
20260903_111825_0100b2,725,task_completed,R2,G00269,
20260903_111825_0100b2,725,task_created,,G00276,type=PICK pickup=E-02 dropoff=PICK-2
20260903_111825_0100b2,726,task_interrupted,R4,G00177,
20260903_111825_0100b2,726,task_assigned,R2,G00274,
20260903_111825_0100b2,727,task_created,,G00277,type=PACK pickup=PICK-2 dropoff=PACK-1
20260903_111825_0100b2,731,task_created,,G00278,type=PUTAWAY pickup=BUFFER dropoff=G-05
20260903_111825_0100b2,732,task_completed,R8,G00262,
20260903_111825_0100b2,733,task_assigned,R8,G00278,
20260903_111825_0100b2,735,task_created,,G00279,type=PICK pickup=F-03 dropoff=PICK-1
20260903_111825_0100b2,736,task_completed,R5,G00184,
20260903_111825_0100b2,736,task_completed,R3,G00256,
20260903_111825_0100b2,737,task_completed,R6,G00170,
20260903_111825_0100b2,737,task_assigned,R5,G00177,
20260903_111825_0100b2,737,task_interrupted,R7,G00181,
20260903_111825_0100b2,737,task_assigned,R3,G00188,
20260903_111825_0100b2,737,task_created,,G00280,type=SHIP pickup=STAGING dropoff=DOCK-2
20260903_111825_0100b2,738,task_assigned,R6,G00181,
20260903_111825_0100b2,738,task_interrupted,R1,G00271,
20260903_111825_0100b2,739,task_created,,G00281,type=PUTAWAY pickup=RECV dropoff=E-02
20260903_111825_0100b2,739,task_created,,G00282,type=PACK pickup=PICK-3 dropoff=PACK-2
20260903_111825_0100b2,743,task_interrupted,R3,G00188,
20260903_111825_0100b2,744,task_interrupted,R5,G00177,
20260903_111825_0100b2,745,task_completed,R2,G00274,
20260903_111825_0100b2,745,task_created,,G00283,type=PICK pickup=A-01 dropoff=PICK-1
20260903_111825_0100b2,746,task_assigned,R2,G00271,
20260903_111825_0100b2,747,task_created,,G00284,type=PUTAWAY pickup=RECV dropoff=G-04
20260903_111825_0100b2,748,task_completed,R8,G00278,
20260903_111825_0100b2,749,task_assigned,R8,G00281,
20260903_111825_0100b2,751,task_created,,G00285,type=PACK pickup=PICK-1 dropoff=PACK-1
20260903_111825_0100b2,751,task_created,,G00286,type=SHIP pickup=STAGING dropoff=DOCK-1
20260903_111825_0100b2,755,task_assigned,R4,G00177,
20260903_111825_0100b2,755,task_created,,G00287,type=PUTAWAY pickup=BUFFER dropoff=B-08
20260903_111825_0100b2,755,task_created,,G00288,type=PICK pickup=H-08 dropoff=PICK-3
20260903_111825_0100b2,760,task_completed,R6,G00181,
20260903_111825_0100b2,763,task_created,,G00289,type=PUTAWAY pickup=BUFFER dropoff=H-02
20260903_111825_0100b2,763,task_created,,G00290,type=PACK pickup=PICK-2 dropoff=PACK-2
20260903_111825_0100b2,765,task_created,,G00291,type=PICK pickup=C-04 dropoff=PICK-1
20260903_111825_0100b2,765,task_created,,G00292,type=SHIP pickup=STAGING dropoff=DOCK-2
20260903_111825_0100b2,769,task_completed,R4,G00177,
20260903_111825_0100b2,769,task_interrupted,R2,G00271,
20260903_111825_0100b2,769,task_completed,R8,G00281,
20260903_111825_0100b2,770,task_assigned,R1,G00271,
20260903_111825_0100b2,770,task_assigned,R8,G00284,
20260903_111825_0100b2,770,task_assigned,R4,G00287,
20260903_111825_0100b2,770,task_assigned,R6,G00289,
20260903_111825_0100b2,771,task_created,,G00293,type=PUTAWAY pickup=RECV dropoff=A-04
20260903_111825_0100b2,775,task_created,,G00294,type=PICK pickup=C-03 dropoff=PICK-1
20260903_111825_0100b2,775,task_created,,G00295,type=PACK pickup=PICK-3 dropoff=PACK-2
20260903_111825_0100b2,777,task_assigned,R3,G00188,
20260903_111825_0100b2,779,task_interrupted,R8,G00284,
20260903_111825_0100b2,779,task_assigned,R5,G00293,
20260903_111825_0100b2,779,task_created,,G00296,type=PUTAWAY pickup=BUFFER dropoff=A-05
20260903_111825_0100b2,779,task_created,,G00297,type=SHIP pickup=STAGING dropoff=DOCK-1
20260903_111825_0100b2,784,task_assigned,R7,G00284,
20260903_111825_0100b2,785,task_created,,G00298,type=PICK pickup=G-04 dropoff=PICK-1
20260903_111825_0100b2,787,task_created,,G00299,type=PUTAWAY pickup=RECV dropoff=F-08
20260903_111825_0100b2,787,task_created,,G00300,type=PACK pickup=PICK-2 dropoff=PACK-2
20260903_111825_0100b2,791,task_interrupted,R6,G00289,
20260903_111825_0100b2,792,task_completed,R4,G00287,
20260903_111825_0100b2,793,task_assigned,R4,G00289,
20260903_111825_0100b2,793,task_created,,G00301,type=SHIP pickup=STAGING dropoff=DOCK-1
20260903_111825_0100b2,795,task_created,,G00302,type=PUTAWAY pickup=BUFFER dropoff=F-08
20260903_111825_0100b2,795,task_created,,G00303,type=PICK pickup=C-07 dropoff=PICK-3
20260903_111825_0100b2,799,task_created,,G00304,type=PACK pickup=PICK-2 dropoff=PACK-1
20260903_111825_0100b2,803,task_completed,R3,G00188,
20260903_111825_0100b2,803,task_created,,G00305,type=PUTAWAY pickup=RECV dropoff=A-03
20260903_111825_0100b2,804,task_assigned,R3,G00296,
20260903_111825_0100b2,805,task_completed,R1,G00271,
20260903_111825_0100b2,805,task_created,,G00306,type=PICK pickup=D-04 dropoff=PICK-3
20260903_111825_0100b2,806,task_assigned,R1,G00299,
20260903_111825_0100b2,806,task_assigned,R2,G00302,
20260903_111825_0100b2,807,task_created,,G00307,type=SHIP pickup=STAGING dropoff=DOCK-2
20260903_111825_0100b2,808,task_completed,R5,G00293,
20260903_111825_0100b2,809,task_assigned,R5,G00305,
20260903_111825_0100b2,810,task_completed,R4,G00289,
20260903_111825_0100b2,811,task_created,,G00308,type=PUTAWAY pickup=RECV dropoff=H-06
20260903_111825_0100b2,811,task_assigned,R4,G00308,
20260903_111825_0100b2,811,task_created,,G00309,type=PACK pickup=PICK-3 dropoff=PACK-1
20260903_111825_0100b2,814,task_assigned,R8,G00192,
20260903_111825_0100b2,815,task_created,,G00310,type=PICK pickup=G-07 dropoff=PICK-1
20260903_111825_0100b2,819,task_created,,G00311,type=PUTAWAY pickup=BUFFER dropoff=H-04
20260903_111825_0100b2,821,task_created,,G00312,type=SHIP pickup=STAGING dropoff=DOCK-2
20260903_111825_0100b2,823,task_completed,R5,G00305,
20260903_111825_0100b2,823,task_created,,G00313,type=PACK pickup=PICK-1 dropoff=PACK-2
20260903_111825_0100b2,824,task_assigned,R5,G00311,
20260903_111825_0100b2,825,task_created,,G00314,type=PICK pickup=E-04 dropoff=PICK-2
20260903_111825_0100b2,827,task_created,,G00315,type=PUTAWAY pickup=RECV dropoff=D-05
20260903_111825_0100b2,828,task_completed,R3,G00296,
20260903_111825_0100b2,828,task_completed,R1,G00299,
20260903_111825_0100b2,829,task_assigned,R1,G00197,
20260903_111825_0100b2,829,task_assigned,R3,G00315,
20260903_111825_0100b2,832,task_assigned,R6,G00200,
20260903_111825_0100b2,835,task_created,,G00316,type=PUTAWAY pickup=RECV dropoff=E-04
20260903_111825_0100b2,835,task_created,,G00317,type=PICK pickup=H-07 dropoff=PICK-3
20260903_111825_0100b2,835,task_created,,G00318,type=PACK pickup=PICK-1 dropoff=PACK-1
20260903_111825_0100b2,835,task_created,,G00319,type=SHIP pickup=STAGING dropoff=DOCK-2
20260903_111825_0100b2,839,task_completed,R2,G00302,
20260903_111825_0100b2,840,task_assigned,R2,G00316,
20260903_111825_0100b2,841,task_completed,R1,G00197,
20260903_111825_0100b2,842,task_assigned,R1,G00203,
20260903_111825_0100b2,843,task_created,,G00320,type=PUTAWAY pickup=BUFFER dropoff=H-04
20260903_111825_0100b2,845,task_created,,G00321,type=PICK pickup=E-04 dropoff=PICK-3
20260903_111825_0100b2,847,task_created,,G00322,type=PACK pickup=PICK-3 dropoff=PACK-2
20260903_111825_0100b2,849,task_created,,G00323,type=SHIP pickup=STAGING dropoff=DOCK-1
20260903_111825_0100b2,850,task_completed,R8,G00192,
20260903_111825_0100b2,851,task_assigned,R8,G00320,
20260903_111825_0100b2,851,task_created,,G00324,type=PUTAWAY pickup=BUFFER dropoff=H-04
20260903_111825_0100b2,854,task_completed,R5,G00311,
20260903_111825_0100b2,855,task_assigned,R5,G00324,
20260903_111825_0100b2,855,task_created,,G00325,type=PICK pickup=F-05 dropoff=PICK-3
20260903_111825_0100b2,856,task_completed,R3,G00315,
20260903_111825_0100b2,857,task_assigned,R3,G00207,
20260903_111825_0100b2,858,task_completed,R7,G00284,
20260903_111825_0100b2,859,task_created,,G00326,type=PUTAWAY pickup=BUFFER dropoff=G-08
20260903_111825_0100b2,859,task_assigned,R7,G00326,
20260903_111825_0100b2,859,task_created,,G00327,type=PACK pickup=PICK-3 dropoff=PACK-2
20260903_111825_0100b2,861,task_completed,R2,G00316,
20260903_111825_0100b2,862,task_assigned,R2,G00211,
20260903_111825_0100b2,863,task_created,,G00328,type=SHIP pickup=STAGING dropoff=DOCK-1
20260903_111825_0100b2,865,task_completed,R1,G00203,
20260903_111825_0100b2,865,task_completed,R4,G00308,
20260903_111825_0100b2,865,task_created,,G00329,type=PICK pickup=A-05 dropoff=PICK-1
20260903_111825_0100b2,866,task_assigned,R1,G00215,
20260903_111825_0100b2,866,task_assigned,R4,G00219,
20260903_111825_0100b2,867,task_created,,G00330,type=PUTAWAY pickup=BUFFER dropoff=G-04
20260903_111825_0100b2,869,task_completed,R6,G00200,
20260903_111825_0100b2,870,task_assigned,R6,G00330,
20260903_111825_0100b2,871,task_created,,G00331,type=PACK pickup=PICK-1 dropoff=PACK-2
20260903_111825_0100b2,872,task_completed,R2,G00211,
20260903_111825_0100b2,873,task_assigned,R2,G00223,
20260903_111825_0100b2,874,task_completed,R4,G00219,
20260903_111825_0100b2,875,task_completed,R8,G00320,
20260903_111825_0100b2,875,task_created,,G00332,type=PUTAWAY pickup=RECV dropoff=F-01
20260903_111825_0100b2,875,task_assigned,R4,G00332,
20260903_111825_0100b2,875,task_created,,G00333,type=PICK pickup=C-01 dropoff=PICK-3
20260903_111825_0100b2,876,task_assigned,R8,G00226,
20260903_111825_0100b2,877,task_created,,G00334,type=SHIP pickup=STAGING dropoff=DOCK-1
20260903_111825_0100b2,878,task_completed,R7,G00326,
20260903_111825_0100b2,879,task_assigned,R7,G00230,
20260903_111825_0100b2,883,task_created,,G00335,type=PUTAWAY pickup=BUFFER dropoff=D-08
20260903_111825_0100b2,883,task_created,,G00336,type=PACK pickup=PICK-1 dropoff=PACK-2
20260903_111825_0100b2,885,task_created,,G00337,type=PICK pickup=D-08 dropoff=PICK-3
20260903_111825_0100b2,887,task_completed,R5,G00324,
20260903_111825_0100b2,888,task_assigned,R5,G00335,
20260903_111825_0100b2,891,task_created,,G00338,type=PUTAWAY pickup=BUFFER dropoff=C-05
20260903_111825_0100b2,891,task_created,,G00339,type=SHIP pickup=STAGING dropoff=DOCK-2
20260903_111825_0100b2,895,task_created,,G00340,type=PICK pickup=B-04 dropoff=PICK-1
20260903_111825_0100b2,895,task_created,,G00341,type=PACK pickup=PICK-1 dropoff=PACK-1
20260903_111825_0100b2,896,task_completed,R6,G00330,
20260903_111825_0100b2,897,task_assigned,R6,G00338,
20260903_111825_0100b2,898,task_completed,R1,G00215,
20260903_111825_0100b2,899,task_created,,G00342,type=PUTAWAY pickup=RECV dropoff=C-02
20260903_111825_0100b2,899,task_assigned,R1,G00342,
20260903_111825_0100b2,903,task_completed,R3,G00207,
20260903_111825_0100b2,904,task_assigned,R3,G00234,
20260903_111825_0100b2,905,task_created,,G00343,type=PICK pickup=H-05 dropoff=PICK-1
20260903_111825_0100b2,905,task_created,,G00344,type=SHIP pickup=STAGING dropoff=DOCK-2
20260903_111825_0100b2,907,task_created,,G00345,type=PUTAWAY pickup=BUFFER dropoff=B-08
20260903_111825_0100b2,907,task_created,,G00346,type=PACK pickup=PICK-2 dropoff=PACK-1
20260903_111825_0100b2,915,task_created,,G00347,type=PUTAWAY pickup=RECV dropoff=F-08
20260903_111825_0100b2,915,task_created,,G00348,type=PICK pickup=H-04 dropoff=PICK-3
20260903_111825_0100b2,916,task_completed,R2,G00223,
20260903_111825_0100b2,917,task_completed,R8,G00226,
20260903_111825_0100b2,917,task_completed,R6,G00338,
20260903_111825_0100b2,917,task_assigned,R2,G00345,
20260903_111825_0100b2,918,task_assigned,R8,G00237,
20260903_111825_0100b2,918,task_assigned,R6,G00347,
20260903_111825_0100b2,919,task_created,,G00349,type=PACK pickup=PICK-1 dropoff=PACK-2
20260903_111825_0100b2,919,task_created,,G00350,type=SHIP pickup=STAGING dropoff=DOCK-2
20260903_111825_0100b2,923,task_completed,R5,G00335,
20260903_111825_0100b2,923,task_created,,G00351,type=PUTAWAY pickup=BUFFER dropoff=H-08
20260903_111825_0100b2,924,task_assigned,R5,G00351,
20260903_111825_0100b2,925,task_created,,G00352,type=PICK pickup=H-03 dropoff=PICK-1
20260903_111825_0100b2,930,task_completed,R2,G00345,
20260903_111825_0100b2,931,task_completed,R3,G00234,
20260903_111825_0100b2,931,task_created,,G00353,type=PUTAWAY pickup=RECV dropoff=F-04
20260903_111825_0100b2,931,task_assigned,R2,G00353,
20260903_111825_0100b2,931,task_created,,G00354,type=PACK pickup=PICK-3 dropoff=PACK-1
20260903_111825_0100b2,932,task_completed,R7,G00230,
20260903_111825_0100b2,932,task_assigned,R3,G00242,
20260903_111825_0100b2,933,task_assigned,R7,G00246,
20260903_111825_0100b2,933,task_created,,G00355,type=SHIP pickup=STAGING dropoff=DOCK-1
20260903_111825_0100b2,935,task_created,,G00356,type=PICK pickup=G-07 dropoff=PICK-2
20260903_111825_0100b2,939,task_created,,G00357,type=PUTAWAY pickup=BUFFER dropoff=E-07
20260903_111825_0100b2,942,task_completed,R8,G00237,
20260903_111825_0100b2,943,task_assigned,R8,G00357,
20260903_111825_0100b2,943,task_created,,G00358,type=PACK pickup=PICK-3 dropoff=PACK-2
20260903_111825_0100b2,945,task_created,,G00359,type=PICK pickup=G-05 dropoff=PICK-1
20260903_111825_0100b2,947,task_completed,R1,G00342,
20260903_111825_0100b2,947,task_created,,G00360,type=PUTAWAY pickup=BUFFER dropoff=E-01
20260903_111825_0100b2,947,task_created,,G00361,type=SHIP pickup=STAGING dropoff=DOCK-2
20260903_111825_0100b2,948,task_assigned,R1,G00360,
20260903_111825_0100b2,950,task_completed,R7,G00246,
20260903_111825_0100b2,951,task_assigned,R7,G00249,
20260903_111825_0100b2,951,task_completed,R6,G00347,
20260903_111825_0100b2,952,task_assigned,R6,G00252,
20260903_111825_0100b2,953,task_completed,R5,G00351,
20260903_111825_0100b2,954,task_assigned,R5,G00257,
20260903_111825_0100b2,955,task_created,,G00362,type=PUTAWAY pickup=BUFFER dropoff=H-03
20260903_111825_0100b2,955,task_created,,G00363,type=PICK pickup=C-07 dropoff=PICK-1
20260903_111825_0100b2,955,task_created,,G00364,type=PACK pickup=PICK-1 dropoff=PACK-1
20260903_111825_0100b2,959,task_completed,R4,G00332,
20260903_111825_0100b2,960,task_assigned,R4,G00362,
20260903_111825_0100b2,961,task_created,,G00365,type=SHIP pickup=STAGING dropoff=DOCK-2
20260903_111825_0100b2,963,task_created,,G00366,type=PUTAWAY pickup=BUFFER dropoff=F-05
20260903_111825_0100b2,965,task_created,,G00367,type=PICK pickup=F-02 dropoff=PICK-3
20260903_111825_0100b2,967,task_created,,G00368,type=PACK pickup=PICK-2 dropoff=PACK-1
20260903_111825_0100b2,968,task_completed,R1,G00360,
20260903_111825_0100b2,969,task_assigned,R1,G00366,
20260903_111825_0100b2,971,task_created,,G00369,type=PUTAWAY pickup=RECV dropoff=E-07
20260903_111825_0100b2,973,task_completed,R2,G00353,
20260903_111825_0100b2,974,task_completed,R5,G00257,
20260903_111825_0100b2,974,task_assigned,R2,G00369,
20260903_111825_0100b2,975,task_created,,G00370,type=PICK pickup=F-04 dropoff=PICK-2
20260903_111825_0100b2,975,task_created,,G00371,type=SHIP pickup=STAGING dropoff=DOCK-1
20260903_111825_0100b2,976,task_completed,R3,G00242,
20260903_111825_0100b2,977,task_assigned,R5,G00264,
20260903_111825_0100b2,979,task_completed,R7,G00249,
20260903_111825_0100b2,979,task_interrupted,R4,G00362,
20260903_111825_0100b2,979,task_created,,G00372,type=PUTAWAY pickup=RECV dropoff=E-04
20260903_111825_0100b2,979,task_assigned,R3,G00372,
20260903_111825_0100b2,979,task_created,,G00373,type=PACK pickup=PICK-2 dropoff=PACK-1
20260903_111825_0100b2,980,task_completed,R8,G00357,
20260903_111825_0100b2,980,task_assigned,R7,G00362,
20260903_111825_0100b2,981,task_assigned,R8,G00261,
20260903_111825_0100b2,984,task_interrupted,R1,G00366,
20260903_111825_0100b2,985,task_created,,G00374,type=PICK pickup=B-07 dropoff=PICK-1
20260903_111825_0100b2,987,task_completed,R7,G00362,
20260903_111825_0100b2,987,task_created,,G00375,type=PUTAWAY pickup=BUFFER dropoff=H-03
20260903_111825_0100b2,988,task_assigned,R7,G00366,
20260903_111825_0100b2,989,task_completed,R6,G00252,
20260903_111825_0100b2,989,task_created,,G00376,type=SHIP pickup=STAGING dropoff=DOCK-2
20260903_111825_0100b2,990,task_interrupted,R3,G00372,
20260903_111825_0100b2,990,task_assigned,R6,G00375,
20260903_111825_0100b2,991,task_created,,G00377,type=PACK pickup=PICK-2 dropoff=PACK-1
20260903_111825_0100b2,995,task_created,,G00378,type=PUTAWAY pickup=BUFFER dropoff=C-07
20260903_111825_0100b2,995,task_created,,G00379,type=PICK pickup=B-02 dropoff=PICK-1
20260903_111825_0100b2,996,task_completed,R2,G00369,
20260903_111825_0100b2,997,task_assigned,R2,G00372,
20260903_111825_0100b2,1002,task_interrupted,R5,G00264,
20260903_111825_0100b2,1003,task_created,,G00380,type=PUTAWAY pickup=RECV dropoff=F-04
20260903_111825_0100b2,1003,task_created,,G00381,type=PACK pickup=PICK-1 dropoff=PACK-2
20260903_111825_0100b2,1003,task_created,,G00382,type=SHIP pickup=STAGING dropoff=DOCK-1
20260903_111825_0100b2,1005,task_completed,R7,G00366,
20260903_111825_0100b2,1005,task_created,,G00383,type=PICK pickup=F-07 dropoff=PICK-2
20260903_111825_0100b2,1006,task_assigned,R7,G00378,
20260903_111825_0100b2,1008,task_completed,R8,G00261,
20260903_111825_0100b2,1008,task_interrupted,R7,G00378,
20260903_111825_0100b2,1009,task_assigned,R8,G00378,
20260903_111825_0100b2,1011,task_completed,R2,G00372,
20260903_111825_0100b2,1011,task_completed,R6,G00375,
20260903_111825_0100b2,1011,task_created,,G00384,type=PUTAWAY pickup=BUFFER dropoff=G-07
20260903_111825_0100b2,1012,task_assigned,R2,G00380,
20260903_111825_0100b2,1012,task_assigned,R6,G00384,
20260903_111825_0100b2,1015,task_created,,G00385,type=PICK pickup=A-01 dropoff=PICK-2
20260903_111825_0100b2,1015,task_created,,G00386,type=PACK pickup=PICK-1 dropoff=PACK-1
20260903_111825_0100b2,1017,task_created,,G00387,type=SHIP pickup=STAGING dropoff=DOCK-2
20260903_111825_0100b2,1018,task_assigned,R3,G00264,
20260903_111825_0100b2,1019,task_created,,G00388,type=PUTAWAY pickup=BUFFER dropoff=C-01
20260903_111825_0100b2,1024,task_assigned,R4,G00388,
20260903_111825_0100b2,1025,task_created,,G00389,type=PICK pickup=E-06 dropoff=PICK-1
20260903_111825_0100b2,1026,task_interrupted,R2,G00380,
20260903_111825_0100b2,1027,task_created,,G00390,type=PUTAWAY pickup=RECV dropoff=A-04
20260903_111825_0100b2,1027,task_created,,G00391,type=PACK pickup=PICK-2 dropoff=PACK-1
20260903_111825_0100b2,1031,task_assigned,R1,G00380,
20260903_111825_0100b2,1031,task_created,,G00392,type=SHIP pickup=STAGING dropoff=DOCK-1
20260903_111825_0100b2,1032,task_completed,R8,G00378,
20260903_111825_0100b2,1032,task_assigned,R5,G00390,
20260903_111825_0100b2,1033,task_assigned,R8,G00268,
20260903_111825_0100b2,1034,task_interrupted,R8,G00268,
20260903_111825_0100b2,1034,task_completed,R6,G00384,
20260903_111825_0100b2,1035,task_created,,G00393,type=PUTAWAY pickup=RECV dropoff=F-03
20260903_111825_0100b2,1035,task_assigned,R6,G00393,
20260903_111825_0100b2,1035,task_created,,G00394,type=PICK pickup=G-04 dropoff=PICK-1
20260903_111825_0100b2,1039,task_created,,G00395,type=PACK pickup=PICK-3 dropoff=PACK-2
20260903_111825_0100b2,1042,task_completed,R3,G00264,
20260903_111825_0100b2,1043,task_created,,G00396,type=PUTAWAY pickup=BUFFER dropoff=E-01
20260903_111825_0100b2,1043,task_assigned,R3,G00396,
20260903_111825_0100b2,1045,task_interrupted,R6,G00393,
20260903_111825_0100b2,1045,task_created,,G00397,type=PICK pickup=F-05 dropoff=PICK-2
20260903_111825_0100b2,1045,task_created,,G00398,type=SHIP pickup=STAGING dropoff=DOCK-1
20260903_111825_0100b2,1051,task_assigned,R7,G00393,
20260903_111825_0100b2,1051,task_created,,G00399,type=PUTAWAY pickup=RECV dropoff=H-02
20260903_111825_0100b2,1051,task_created,,G00400,type=PACK pickup=PICK-2 dropoff=PACK-1
20260903_111825_0100b2,1055,task_created,,G00401,type=PICK pickup=E-04 dropoff=PICK-3
20260903_111825_0100b2,1056,task_completed,R4,G00388,
20260903_111825_0100b2,1057,task_assigned,R4,G00399,
20260903_111825_0100b2,1059,task_created,,G00402,type=PUTAWAY pickup=RECV dropoff=D-02
20260903_111825_0100b2,1059,task_assigned,R2,G00402,
20260903_111825_0100b2,1059,task_created,,G00403,type=SHIP pickup=STAGING dropoff=DOCK-2
20260903_111825_0100b2,1062,task_completed,R5,G00390,
20260903_111825_0100b2,1063,task_assigned,R5,G00268,
20260903_111825_0100b2,1063,task_created,,G00404,type=PACK pickup=PICK-1 dropoff=PACK-1
20260903_111825_0100b2,1065,task_created,,G00405,type=PICK pickup=A-08 dropoff=PICK-1
20260903_111825_0100b2,1067,task_created,,G00406,type=PUTAWAY pickup=RECV dropoff=G-02
20260903_111825_0100b2,1070,task_completed,R1,G00380,
20260903_111825_0100b2,1071,task_assigned,R1,G00406,
20260903_111825_0100b2,1073,task_created,,G00407,type=SHIP pickup=STAGING dropoff=DOCK-2
20260903_111825_0100b2,1074,task_assigned,R8,G00272,
20260903_111825_0100b2,1075,task_completed,R3,G00396,
20260903_111825_0100b2,1075,task_created,,G00408,type=PUTAWAY pickup=BUFFER dropoff=B-02
20260903_111825_0100b2,1075,task_created,,G00409,type=PICK pickup=A-02 dropoff=PICK-3
20260903_111825_0100b2,1075,task_created,,G00410,type=PACK pickup=PICK-1 dropoff=PACK-2
20260903_111825_0100b2,1076,task_assigned,R6,G00276,
20260903_111825_0100b2,1076,task_assigned,R3,G00408,
20260903_111825_0100b2,1083,task_created,,G00411,type=PUTAWAY pickup=RECV dropoff=B-01
20260903_111825_0100b2,1084,task_completed,R7,G00393,
20260903_111825_0100b2,1085,task_assigned,R7,G00411,
20260903_111825_0100b2,1085,task_created,,G00412,type=PICK pickup=F-02 dropoff=PICK-3
20260903_111825_0100b2,1087,task_created,,G00413,type=PACK pickup=PICK-3 dropoff=PACK-1
20260903_111825_0100b2,1087,task_created,,G00414,type=SHIP pickup=STAGING dropoff=DOCK-1
20260903_111825_0100b2,1091,task_created,,G00415,type=PUTAWAY pickup=RECV dropoff=F-05
20260903_111825_0100b2,1093,task_completed,R5,G00268,
20260903_111825_0100b2,1094,task_assigned,R5,G00415,
20260903_111825_0100b2,1095,task_created,,G00416,type=PICK pickup=H-02 dropoff=PICK-2
20260903_111825_0100b2,1097,task_completed,R3,G00408,
20260903_111825_0100b2,1098,task_assigned,R3,G00279,
20260903_111825_0100b2,1099,task_created,,G00417,type=PUTAWAY pickup=BUFFER dropoff=B-08
20260903_111825_0100b2,1099,task_created,,G00418,type=PACK pickup=PICK-2 dropoff=PACK-1
20260903_111825_0100b2,1101,task_created,,G00419,type=SHIP pickup=STAGING dropoff=DOCK-1
20260903_111825_0100b2,1102,task_completed,R2,G00402,
20260903_111825_0100b2,1103,task_assigned,R2,G00417,
20260903_111825_0100b2,1105,task_created,,G00420,type=PICK pickup=G-05 dropoff=PICK-3
20260903_111825_0100b2,1106,task_completed,R7,G00411,
20260903_111825_0100b2,1107,task_completed,R4,G00399,
20260903_111825_0100b2,1107,task_created,,G00421,type=PUTAWAY pickup=BUFFER dropoff=H-01
20260903_111825_0100b2,1107,task_assigned,R7,G00421,
20260903_111825_0100b2,1108,task_assigned,R4,G00283,
20260903_111825_0100b2,1109,task_completed,R6,G00276,
20260903_111825_0100b2,1109,task_completed,R3,G00279,
20260903_111825_0100b2,1110,task_assigned,R6,G00288,
20260903_111825_0100b2,1110,task_assigned,R3,G00291,
20260903_111825_0100b2,1110,task_completed,R1,G00406,
20260903_111825_0100b2,1111,task_completed,R8,G00272,
20260903_111825_0100b2,1111,task_assigned,R1,G00294,
20260903_111825_0100b2,1111,task_created,,G00422,type=PACK pickup=PICK-3 dropoff=PACK-1
20260903_111825_0100b2,1112,task_assigned,R8,G00298,
20260903_111825_0100b2,1115,task_created,,G00423,type=PUTAWAY pickup=RECV dropoff=A-03
20260903_111825_0100b2,1115,task_created,,G00424,type=PICK pickup=F-07 dropoff=PICK-3
20260903_111825_0100b2,1115,task_created,,G00425,type=SHIP pickup=STAGING dropoff=DOCK-2
20260903_111825_0100b2,1123,task_created,,G00426,type=PUTAWAY pickup=RECV dropoff=E-08
20260903_111825_0100b2,1123,task_created,,G00427,type=PACK pickup=PICK-2 dropoff=PACK-1
20260903_111825_0100b2,1125,task_created,,G00428,type=PICK pickup=C-03 dropoff=PICK-1
20260903_111825_0100b2,1126,task_completed,R7,G00421,
20260903_111825_0100b2,1127,task_assigned,R7,G00423,
20260903_111825_0100b2,1129,task_completed,R1,G00294,
20260903_111825_0100b2,1129,task_created,,G00429,type=SHIP pickup=STAGING dropoff=DOCK-2
20260903_111825_0100b2,1130,task_completed,R2,G00417,
20260903_111825_0100b2,1130,task_assigned,R1,G00426,
20260903_111825_0100b2,1131,task_completed,R5,G00415,
20260903_111825_0100b2,1131,task_created,,G00430,type=PUTAWAY pickup=BUFFER dropoff=C-06
20260903_111825_0100b2,1131,task_assigned,R2,G00430,
20260903_111825_0100b2,1132,task_assigned,R5,G00303,
20260903_111825_0100b2,1133,task_completed,R6,G00288,
20260903_111825_0100b2,1134,task_assigned,R6,G00306,
20260903_111825_0100b2,1135,task_completed,R8,G00298,
20260903_111825_0100b2,1135,task_created,,G00431,type=PICK pickup=A-05 dropoff=PICK-1
20260903_111825_0100b2,1135,task_created,,G00432,type=PACK pickup=PICK-3 dropoff=PACK-1
20260903_111825_0100b2,1136,task_assigned,R8,G00310,
20260903_111825_0100b2,1139,task_created,,G00433,type=PUTAWAY pickup=BUFFER dropoff=B-07
20260903_111825_0100b2,1142,task_completed,R4,G00283,
20260903_111825_0100b2,1142,task_completed,R2,G00430,
20260903_111825_0100b2,1143,task_assigned,R4,G00314,
20260903_111825_0100b2,1143,task_assigned,R2,G00433,
20260903_111825_0100b2,1143,task_created,,G00434,type=SHIP pickup=STAGING dropoff=DOCK-2
20260903_111825_0100b2,1145,task_created,,G00435,type=PICK pickup=C-04 dropoff=PICK-2
20260903_111825_0100b2,1147,task_created,,G00436,type=PUTAWAY pickup=RECV dropoff=B-03
20260903_111825_0100b2,1147,task_created,,G00437,type=PACK pickup=PICK-2 dropoff=PACK-2
20260903_111825_0100b2,1151,task_completed,R6,G00306,
20260903_111825_0100b2,1152,task_assigned,R6,G00436,
20260903_111825_0100b2,1153,task_completed,R3,G00291,
20260903_111825_0100b2,1153,task_completed,R1,G00426,
20260903_111825_0100b2,1154,task_assigned,R3,G00317,
20260903_111825_0100b2,1154,task_assigned,R1,G00321,
20260903_111825_0100b2,1155,task_created,,G00438,type=PUTAWAY pickup=RECV dropoff=E-07
20260903_111825_0100b2,1155,task_created,,G00439,type=PICK pickup=A-07 dropoff=PICK-2
20260903_111825_0100b2,1156,task_completed,R7,G00423,
20260903_111825_0100b2,1157,task_completed,R2,G00433,
20260903_111825_0100b2,1157,task_assigned,R7,G00438,
20260903_111825_0100b2,1157,task_created,,G00440,type=SHIP pickup=STAGING dropoff=DOCK-2
20260903_111825_0100b2,1158,task_assigned,R2,G00325,
20260903_111825_0100b2,1159,task_completed,R5,G00303,
20260903_111825_0100b2,1159,task_created,,G00441,type=PACK pickup=PICK-1 dropoff=PACK-1
20260903_111825_0100b2,1160,task_assigned,R5,G00329,
20260903_111825_0100b2,1163,task_created,,G00442,type=PUTAWAY pickup=RECV dropoff=E-01
20260903_111825_0100b2,1165,task_created,,G00443,type=PICK pickup=E-07 dropoff=PICK-3
20260903_111825_0100b2,1170,task_completed,R8,G00310,
20260903_111825_0100b2,1170,task_completed,R4,G00314,
20260903_111825_0100b2,1170,task_completed,R7,G00438,
20260903_111825_0100b2,1171,task_assigned,R4,G00333,
20260903_111825_0100b2,1171,task_assigned,R7,G00442,
20260903_111825_0100b2,1171,task_created,,G00444,type=PUTAWAY pickup=RECV dropoff=G-06
20260903_111825_0100b2,1171,task_assigned,R8,G00444,
20260903_111825_0100b2,1171,task_created,,G00445,type=PACK pickup=PICK-2 dropoff=PACK-2
20260903_111825_0100b2,1171,task_created,,G00446,type=SHIP pickup=STAGING dropoff=DOCK-1
20260903_111825_0100b2,1173,task_completed,R1,G00321,
20260903_111825_0100b2,1174,task_assigned,R1,G00337,
20260903_111825_0100b2,1175,task_created,,G00447,type=PICK pickup=H-05 dropoff=PICK-2
20260903_111825_0100b2,1179,task_created,,G00448,type=PUTAWAY pickup=RECV dropoff=G-07
20260903_111825_0100b2,1183,task_completed,R7,G00442,
20260903_111825_0100b2,1183,task_created,,G00449,type=PACK pickup=PICK-1 dropoff=PACK-2
20260903_111825_0100b2,1184,task_assigned,R7,G00448,
20260903_111825_0100b2,1185,task_created,,G00450,type=PICK pickup=H-05 dropoff=PICK-1
20260903_111825_0100b2,1185,task_created,,G00451,type=SHIP pickup=STAGING dropoff=DOCK-2
20260903_111825_0100b2,1186,task_completed,R3,G00317,
20260903_111825_0100b2,1187,task_created,,G00452,type=PUTAWAY pickup=BUFFER dropoff=H-05
20260903_111825_0100b2,1187,task_assigned,R3,G00452,
20260903_111825_0100b2,1189,task_completed,R2,G00325,
20260903_111825_0100b2,1190,task_assigned,R2,G00340,
20260903_111825_0100b2,1191,task_completed,R1,G00337,
20260903_111825_0100b2,1192,task_assigned,R1,G00343,
20260903_111825_0100b2,1195,task_created,,G00453,type=PUTAWAY pickup=RECV dropoff=B-07
20260903_111825_0100b2,1195,task_created,,G00454,type=PICK pickup=H-06 dropoff=PICK-1
20260903_111825_0100b2,1195,task_created,,G00455,type=PACK pickup=PICK-2 dropoff=PACK-1
20260903_111825_0100b2,1199,task_created,,G00456,type=SHIP pickup=STAGING dropoff=DOCK-1
20260903_111825_0100b2,1201,task_completed,R5,G00329,
20260903_111825_0100b2,1201,task_completed,R6,G00436,
20260903_111825_0100b2,1201,task_completed,R8,G00444,
20260903_111825_0100b2,1202,task_assigned,R8,G00348,
20260903_111825_0100b2,1202,task_assigned,R6,G00352,
20260903_111825_0100b2,1202,task_assigned,R5,G00453,
20260903_111825_0100b2,1203,task_created,,G00457,type=PUTAWAY pickup=BUFFER dropoff=D-08
20260903_111825_0100b2,1205,task_created,,G00458,type=PICK pickup=E-06 dropoff=PICK-3
20260903_111825_0100b2,1206,task_completed,R4,G00333,
20260903_111825_0100b2,1207,task_completed,R7,G00448,
20260903_111825_0100b2,1207,task_assigned,R4,G00457,
20260903_111825_0100b2,1207,task_created,,G00459,type=PACK pickup=PICK-2 dropoff=PACK-2
20260903_111825_0100b2,1208,task_assigned,R7,G00356,
20260903_111825_0100b2,1211,task_created,,G00460,type=PUTAWAY pickup=RECV dropoff=F-02
20260903_111825_0100b2,1213,task_created,,G00461,type=SHIP pickup=STAGING dropoff=DOCK-2
20260903_111825_0100b2,1214,task_completed,R3,G00452,
20260903_111825_0100b2,1215,task_completed,R7,G00356,
20260903_111825_0100b2,1215,task_assigned,R3,G00460,
20260903_111825_0100b2,1215,task_created,,G00462,type=PICK pickup=B-01 dropoff=PICK-2
20260903_111825_0100b2,1216,task_assigned,R7,G00359,
20260903_111825_0100b2,1217,task_completed,R2,G00340,
20260903_111825_0100b2,1218,task_completed,R8,G00348,
20260903_111825_0100b2,1218,task_assigned,R2,G00363,
20260903_111825_0100b2,1219,task_created,,G00463,type=PUTAWAY pickup=BUFFER dropoff=D-07
20260903_111825_0100b2,1219,task_assigned,R8,G00463,
20260903_111825_0100b2,1219,task_created,,G00464,type=PACK pickup=PICK-1 dropoff=PACK-1
20260903_111825_0100b2,1223,task_completed,R1,G00343,
20260903_111825_0100b2,1223,task_completed,R5,G00453,
20260903_111825_0100b2,1224,task_assigned,R5,G00367,
20260903_111825_0100b2,1224,task_assigned,R1,G00370,
20260903_111825_0100b2,1225,task_created,,G00465,type=PICK pickup=D-03 dropoff=PICK-2
20260903_111825_0100b2,1227,task_created,,G00466,type=PUTAWAY pickup=RECV dropoff=G-08
20260903_111825_0100b2,1227,task_created,,G00467,type=SHIP pickup=STAGING dropoff=DOCK-2
20260903_111825_0100b2,1231,task_created,,G00468,type=PACK pickup=PICK-3 dropoff=PACK-2
20260903_111825_0100b2,1235,task_created,,G00469,type=PUTAWAY pickup=BUFFER dropoff=H-05
20260903_111825_0100b2,1235,task_created,,G00470,type=PICK pickup=G-04 dropoff=PICK-2
20260903_111825_0100b2,1237,task_completed,R4,G00457,
20260903_111825_0100b2,1239,task_interrupted,R3,G00460,
20260903_111825_0100b2,1240,task_interrupted,R1,G00370,
20260903_111825_0100b2,1241,task_created,,G00471,type=SHIP pickup=STAGING dropoff=DOCK-2
20260903_111825_0100b2,1243,task_created,,G00472,type=PUTAWAY pickup=RECV dropoff=D-04
20260903_111825_0100b2,1243,task_created,,G00473,type=PACK pickup=PICK-2 dropoff=PACK-2
20260903_111825_0100b2,1245,task_completed,R5,G00367,
20260903_111825_0100b2,1245,task_created,,G00474,type=PICK pickup=G-01 dropoff=PICK-2
20260903_111825_0100b2,1250,task_completed,R2,G00363,
20260903_111825_0100b2,1251,task_assigned,R2,G00460,
20260903_111825_0100b2,1251,task_created,,G00475,type=PUTAWAY pickup=RECV dropoff=F-06
20260903_111825_0100b2,1252,task_completed,R8,G00463,
20260903_111825_0100b2,1253,task_assigned,R8,G00466,
20260903_111825_0100b2,1253,task_assigned,R5,G00469,
20260903_111825_0100b2,1255,task_created,,G00476,type=PICK pickup=H-01 dropoff=PICK-2
20260903_111825_0100b2,1255,task_created,,G00477,type=PACK pickup=PICK-2 dropoff=PACK-1
20260903_111825_0100b2,1255,task_created,,G00478,type=SHIP pickup=STAGING dropoff=DOCK-2
20260903_111825_0100b2,1259,task_completed,R6,G00352,
20260903_111825_0100b2,1259,task_created,,G00479,type=PUTAWAY pickup=RECV dropoff=F-08
20260903_111825_0100b2,1260,task_completed,R7,G00359,
20260903_111825_0100b2,1260,task_interrupted,R5,G00469,
20260903_111825_0100b2,1260,task_assigned,R6,G00472,
20260903_111825_0100b2,1265,task_created,,G00480,type=PICK pickup=D-01 dropoff=PICK-1
20260903_111825_0100b2,1267,task_created,,G00481,type=PUTAWAY pickup=BUFFER dropoff=A-02
20260903_111825_0100b2,1267,task_created,,G00482,type=PACK pickup=PICK-1 dropoff=PACK-1
20260903_111825_0100b2,1268,task_assigned,R3,G00469,
20260903_111825_0100b2,1269,task_created,,G00483,type=SHIP pickup=STAGING dropoff=DOCK-1
20260903_111825_0100b2,1270,task_assigned,R1,G00370,
20260903_111825_0100b2,1270,task_interrupted,R2,G00460,
20260903_111825_0100b2,1275,task_created,,G00484,type=PUTAWAY pickup=RECV dropoff=C-01
20260903_111825_0100b2,1275,task_created,,G00485,type=PICK pickup=A-08 dropoff=PICK-3
20260903_111825_0100b2,1279,task_created,,G00486,type=PACK pickup=PICK-1 dropoff=PACK-2
20260903_111825_0100b2,1283,task_created,,G00487,type=PUTAWAY pickup=RECV dropoff=A-07
20260903_111825_0100b2,1283,task_created,,G00488,type=SHIP pickup=STAGING dropoff=DOCK-2
20260903_111825_0100b2,1285,task_interrupted,R8,G00466,
20260903_111825_0100b2,1285,task_created,,G00489,type=PICK pickup=E-08 dropoff=PICK-2
20260903_111825_0100b2,1289,task_assigned,R4,G00460,
20260903_111825_0100b2,1289,task_interrupted,R6,G00472,
20260903_111825_0100b2,1291,task_completed,R1,G00370,
20260903_111825_0100b2,1291,task_created,,G00490,type=PUTAWAY pickup=BUFFER dropoff=D-07
20260903_111825_0100b2,1291,task_created,,G00491,type=PACK pickup=PICK-1 dropoff=PACK-1
20260903_111825_0100b2,1292,task_assigned,R1,G00466,
20260903_111825_0100b2,1293,task_assigned,R5,G00472,
20260903_111825_0100b2,1295,task_created,,G00492,type=PICK pickup=D-04 dropoff=PICK-3
20260903_111825_0100b2,1297,task_assigned,R7,G00475,
20260903_111825_0100b2,1297,task_created,,G00493,type=SHIP pickup=STAGING dropoff=DOCK-2
20260903_111825_0100b2,1299,task_created,,G00494,type=PUTAWAY pickup=BUFFER dropoff=D-03
20260903_111825_0100b2,1301,task_assigned,R2,G00479,
20260903_111825_0100b2,1303,task_created,,G00495,type=PACK pickup=PICK-1 dropoff=PACK-2
20260903_111825_0100b2,1305,task_created,,G00496,type=PICK pickup=D-07 dropoff=PICK-3
20260903_111825_0100b2,1307,task_completed,R3,G00469,
20260903_111825_0100b2,1307,task_created,,G00497,type=PUTAWAY pickup=RECV dropoff=D-04
20260903_111825_0100b2,1308,task_assigned,R3,G00481,
20260903_111825_0100b2,1309,task_completed,R4,G00460,
20260903_111825_0100b2,1310,task_assigned,R4,G00484,
20260903_111825_0100b2,1311,task_created,,G00498,type=SHIP pickup=STAGING dropoff=DOCK-2
20260903_111825_0100b2,1313,task_completed,R1,G00466,
20260903_111825_0100b2,1314,task_assigned,R1,G00487,
20260903_111825_0100b2,1315,task_created,,G00499,type=PUTAWAY pickup=RECV dropoff=B-05
20260903_111825_0100b2,1315,task_created,,G00500,type=PICK pickup=G-01 dropoff=PICK-2
20260903_111825_0100b2,1315,task_created,,G00501,type=PACK pickup=PICK-2 dropoff=PACK-2
20260903_111825_0100b2,1323,task_assigned,R8,G00490,
20260903_111825_0100b2,1323,task_created,,G00502,type=PUTAWAY pickup=RECV dropoff=D-07
20260903_111825_0100b2,1325,task_assigned,R6,G00494,
20260903_111825_0100b2,1325,task_created,,G00503,type=PICK pickup=D-03 dropoff=PICK-3
20260903_111825_0100b2,1325,task_created,,G00504,type=SHIP pickup=STAGING dropoff=DOCK-2
20260903_111825_0100b2,1327,task_created,,G00505,type=PACK pickup=PICK-3 dropoff=PACK-2
20260903_111825_0100b2,1331,task_created,,G00506,type=PUTAWAY pickup=BUFFER dropoff=A-08
20260903_111825_0100b2,1333,task_completed,R7,G00475,
20260903_111825_0100b2,1334,task_completed,R2,G00479,
20260903_111825_0100b2,1334,task_assigned,R7,G00497,
20260903_111825_0100b2,1335,task_assigned,R2,G00499,
20260903_111825_0100b2,1335,task_created,,G00507,type=PICK pickup=G-02 dropoff=PICK-3
20260903_111825_0100b2,1336,task_completed,R5,G00472,
20260903_111825_0100b2,1337,task_assigned,R5,G00502,
20260903_111825_0100b2,1339,task_created,,G00508,type=PUTAWAY pickup=RECV dropoff=E-07
20260903_111825_0100b2,1339,task_created,,G00509,type=PACK pickup=PICK-1 dropoff=PACK-2
20260903_111825_0100b2,1339,task_created,,G00510,type=SHIP pickup=STAGING dropoff=DOCK-1
20260903_111825_0100b2,1345,task_created,,G00511,type=PICK pickup=C-04 dropoff=PICK-1
20260903_111825_0100b2,1347,task_created,,G00512,type=PUTAWAY pickup=BUFFER dropoff=H-08
20260903_111825_0100b2,1351,task_created,,G00513,type=PACK pickup=PICK-2 dropoff=PACK-1
20260903_111825_0100b2,1353,task_created,,G00514,type=SHIP pickup=STAGING dropoff=DOCK-2
20260903_111825_0100b2,1355,task_created,,G00515,type=PUTAWAY pickup=BUFFER dropoff=D-06
20260903_111825_0100b2,1355,task_created,,G00516,type=PICK pickup=A-07 dropoff=PICK-1
20260903_111825_0100b2,1357,task_completed,R3,G00481,
20260903_111825_0100b2,1357,task_completed,R4,G00484,
20260903_111825_0100b2,1358,task_assigned,R4,G00506,
20260903_111825_0100b2,1358,task_assigned,R3,G00508,
20260903_111825_0100b2,1359,task_completed,R1,G00487,
20260903_111825_0100b2,1360,task_assigned,R1,G00512,
20260903_111825_0100b2,1363,task_created,,G00517,type=PUTAWAY pickup=RECV dropoff=G-02
20260903_111825_0100b2,1363,task_created,,G00518,type=PACK pickup=PICK-1 dropoff=PACK-1
20260903_111825_0100b2,1365,task_created,,G00519,type=PICK pickup=F-01 dropoff=PICK-3
20260903_111825_0100b2,1367,task_created,,G00520,type=SHIP pickup=STAGING dropoff=DOCK-2
20260903_111825_0100b2,1370,task_completed,R6,G00494,
20260903_111825_0100b2,1370,task_completed,R2,G00499,
20260903_111825_0100b2,1370,task_completed,R3,G00508,
20260903_111825_0100b2,1371,task_assigned,R2,G00515,
20260903_111825_0100b2,1371,task_assigned,R3,G00517,
20260903_111825_0100b2,1371,task_created,,G00521,type=PUTAWAY pickup=BUFFER dropoff=A-06
20260903_111825_0100b2,1371,task_assigned,R6,G00521,
20260903_111825_0100b2,1374,task_completed,R4,G00506,
20260903_111825_0100b2,1375,task_assigned,R4,G00374,
20260903_111825_0100b2,1375,task_created,,G00522,type=PICK pickup=B-02 dropoff=PICK-2
20260903_111825_0100b2,1375,task_created,,G00523,type=PACK pickup=PICK-1 dropoff=PACK-2
20260903_111825_0100b2,1379,task_created,,G00524,type=PUTAWAY pickup=RECV dropoff=G-07
20260903_111825_0100b2,1381,task_created,,G00525,type=SHIP pickup=STAGING dropoff=DOCK-1
20260903_111825_0100b2,1384,task_completed,R7,G00497,
20260903_111825_0100b2,1385,task_assigned,R7,G00524,
20260903_111825_0100b2,1385,task_created,,G00526,type=PICK pickup=H-04 dropoff=PICK-1
20260903_111825_0100b2,1387,task_created,,G00527,type=PUTAWAY pickup=BUFFER dropoff=H-03
20260903_111825_0100b2,1387,task_created,,G00528,type=PACK pickup=PICK-3 dropoff=PACK-2
20260903_111825_0100b2,1388,task_completed,R8,G00490,
20260903_111825_0100b2,1389,task_completed,R4,G00374,
20260903_111825_0100b2,1389,task_assigned,R8,G00527,
20260903_111825_0100b2,1390,task_assigned,R4,G00379,
20260903_111825_0100b2,1395,task_completed,R3,G00517,
20260903_111825_0100b2,1395,task_created,,G00529,type=PUTAWAY pickup=BUFFER dropoff=H-04
20260903_111825_0100b2,1395,task_created,,G00530,type=PICK pickup=F-08 dropoff=PICK-2
20260903_111825_0100b2,1395,task_created,,G00531,type=SHIP pickup=STAGING dropoff=DOCK-2
20260903_111825_0100b2,1396,task_completed,R1,G00512,
20260903_111825_0100b2,1396,task_assigned,R3,G00529,
20260903_111825_0100b2,1397,task_assigned,R1,G00383,
20260903_111825_0100b2,1398,task_completed,R2,G00515,
20260903_111825_0100b2,1399,task_assigned,R2,G00385,
20260903_111825_0100b2,1399,task_created,,G00532,type=PACK pickup=PICK-2 dropoff=PACK-1
20260903_111825_0100b2,1400,task_completed,R6,G00521,
20260903_111825_0100b2,1401,task_assigned,R6,G00389,
20260903_111825_0100b2,1403,task_created,,G00533,type=PUTAWAY pickup=BUFFER dropoff=E-01
20260903_111825_0100b2,1405,task_created,,G00534,type=PICK pickup=E-08 dropoff=PICK-3
20260903_111825_0100b2,1406,task_completed,R5,G00502,
20260903_111825_0100b2,1407,task_completed,R4,G00379,
20260903_111825_0100b2,1407,task_assigned,R5,G00533,
20260903_111825_0100b2,1408,task_assigned,R4,G00394,
20260903_111825_0100b2,1409,task_completed,R6,G00389,
20260903_111825_0100b2,1409,task_created,,G00535,type=SHIP pickup=STAGING dropoff=DOCK-1
20260903_111825_0100b2,1410,task_assigned,R6,G00397,
20260903_111825_0100b2,1411,task_created,,G00536,type=PUTAWAY pickup=RECV dropoff=E-02
20260903_111825_0100b2,1411,task_created,,G00537,type=PACK pickup=PICK-1 dropoff=PACK-2
20260903_111825_0100b2,1415,task_created,,G00538,type=PICK pickup=F-01 dropoff=PICK-1
20260903_111825_0100b2,1418,task_completed,R3,G00529,
20260903_111825_0100b2,1419,task_assigned,R3,G00536,
20260903_111825_0100b2,1419,task_created,,G00539,type=PUTAWAY pickup=RECV dropoff=A-04
20260903_111825_0100b2,1423,task_created,,G00540,type=PACK pickup=PICK-1 dropoff=PACK-1
20260903_111825_0100b2,1423,task_created,,G00541,type=SHIP pickup=STAGING dropoff=DOCK-2
20260903_111825_0100b2,1424,task_completed,R8,G00527,
20260903_111825_0100b2,1425,task_assigned,R8,G00539,
20260903_111825_0100b2,1425,task_created,,G00542,type=PICK pickup=H-06 dropoff=PICK-2
20260903_111825_0100b2,1427,task_completed,R1,G00383,
20260903_111825_0100b2,1427,task_created,,G00543,type=PUTAWAY pickup=BUFFER dropoff=H-06
20260903_111825_0100b2,1428,task_completed,R6,G00397,
20260903_111825_0100b2,1428,task_assigned,R1,G00543,
20260903_111825_0100b2,1429,task_assigned,R6,G00401,
20260903_111825_0100b2,1435,task_created,,G00544,type=PUTAWAY pickup=BUFFER dropoff=E-01
20260903_111825_0100b2,1435,task_created,,G00545,type=PICK pickup=F-08 dropoff=PICK-1
20260903_111825_0100b2,1435,task_created,,G00546,type=PACK pickup=PICK-2 dropoff=PACK-1
20260903_111825_0100b2,1437,task_created,,G00547,type=SHIP pickup=STAGING dropoff=DOCK-1
20260903_111825_0100b2,1441,task_completed,R2,G00385,
20260903_111825_0100b2,1441,task_completed,R7,G00524,
20260903_111825_0100b2,1442,task_assigned,R2,G00405,
20260903_111825_0100b2,1442,task_completed,R5,G00533,
20260903_111825_0100b2,1442,task_assigned,R7,G00544,
20260903_111825_0100b2,1443,task_created,,G00548,type=PUTAWAY pickup=RECV dropoff=H-04
20260903_111825_0100b2,1443,task_assigned,R5,G00548,
20260903_111825_0100b2,1445,task_created,,G00549,type=PICK pickup=D-05 dropoff=PICK-2
20260903_111825_0100b2,1447,task_created,,G00550,type=PACK pickup=PICK-2 dropoff=PACK-1
20260903_111825_0100b2,1450,task_completed,R1,G00543,
20260903_111825_0100b2,1451,task_created,,G00551,type=PUTAWAY pickup=BUFFER dropoff=F-08
20260903_111825_0100b2,1451,task_assigned,R1,G00551,
20260903_111825_0100b2,1451,task_created,,G00552,type=SHIP pickup=STAGING dropoff=DOCK-1
20260903_111825_0100b2,1452,task_completed,R4,G00394,
20260903_111825_0100b2,1453,task_assigned,R4,G00409,
20260903_111825_0100b2,1455,task_created,,G00553,type=PICK pickup=A-06 dropoff=PICK-3
20260903_111825_0100b2,1458,task_completed,R6,G00401,
20260903_111825_0100b2,1459,task_completed,R2,G00405,
20260903_111825_0100b2,1459,task_completed,R3,G00536,
20260903_111825_0100b2,1459,task_created,,G00554,type=PUTAWAY pickup=BUFFER dropoff=B-05
20260903_111825_0100b2,1459,task_assigned,R6,G00554,
20260903_111825_0100b2,1459,task_created,,G00555,type=PACK pickup=PICK-3 dropoff=PACK-2
20260903_111825_0100b2,1460,task_assigned,R3,G00412,
20260903_111825_0100b2,1460,task_assigned,R2,G00416,
20260903_111825_0100b2,1465,task_created,,G00556,type=PICK pickup=G-01 dropoff=PICK-1
20260903_111825_0100b2,1465,task_created,,G00557,type=SHIP pickup=STAGING dropoff=DOCK-2
20260903_111825_0100b2,1467,task_created,,G00558,type=PUTAWAY pickup=RECV dropoff=D-07
20260903_111825_0100b2,1468,task_completed,R1,G00551,
20260903_111825_0100b2,1469,task_assigned,R1,G00558,
20260903_111825_0100b2,1471,task_created,,G00559,type=PACK pickup=PICK-1 dropoff=PACK-1
20260903_111825_0100b2,1475,task_created,,G00560,type=PUTAWAY pickup=BUFFER dropoff=B-07
20260903_111825_0100b2,1475,task_created,,G00561,type=PICK pickup=D-05 dropoff=PICK-2
20260903_111825_0100b2,1479,task_completed,R7,G00544,
20260903_111825_0100b2,1479,task_created,,G00562,type=SHIP pickup=STAGING dropoff=DOCK-1
20260903_111825_0100b2,1480,task_assigned,R7,G00560,
20260903_111825_0100b2,1481,task_completed,R5,G00548,
20260903_111825_0100b2,1482,task_assigned,R5,G00420,
20260903_111825_0100b2,1482,task_completed,R6,G00554,
20260903_111825_0100b2,1483,task_completed,R8,G00539,
20260903_111825_0100b2,1483,task_created,,G00563,type=PUTAWAY pickup=RECV dropoff=C-02
20260903_111825_0100b2,1483,task_assigned,R6,G00563,
20260903_111825_0100b2,1483,task_created,,G00564,type=PACK pickup=PICK-2 dropoff=PACK-2
20260903_111825_0100b2,1484,task_assigned,R8,G00424,
20260903_111825_0100b2,1485,task_created,,G00565,type=PICK pickup=E-07 dropoff=PICK-2
20260903_111825_0100b2,1487,task_completed,R3,G00412,
20260903_111825_0100b2,1491,task_completed,R4,G00409,
20260903_111825_0100b2,1491,task_created,,G00566,type=PUTAWAY pickup=RECV dropoff=G-06
20260903_111825_0100b2,1493,task_created,,G00567,type=SHIP pickup=STAGING dropoff=DOCK-1
20260903_111825_0100b2,1494,task_interrupted,R1,G00558,
20260903_111825_0100b2,1495,task_assigned,R4,G00558,
20260903_111825_0100b2,1495,task_created,,G00568,type=PICK pickup=A-02 dropoff=PICK-3
20260903_111825_0100b2,1495,task_created,,G00569,type=PACK pickup=PICK-1 dropoff=PACK-2
20260903_111825_0100b2,1499,task_created,,G00570,type=PUTAWAY pickup=RECV dropoff=D-08
20260903_111825_0100b2,1502,task_completed,R2,G00416,
20260903_111825_0100b2,1503,task_completed,R7,G00560,
20260903_111825_0100b2,1503,task_assigned,R2,G00566,
20260903_111825_0100b2,1504,task_assigned,R7,G00570,
20260903_111825_0100b2,1505,task_created,,G00571,type=PICK pickup=B-06 dropoff=PICK-1
20260903_111825_0100b2,1507,task_created,,G00572,type=PUTAWAY pickup=BUFFER dropoff=H-06
20260903_111825_0100b2,1507,task_created,,G00573,type=PACK pickup=PICK-2 dropoff=PACK-1
20260903_111825_0100b2,1507,task_created,,G00574,type=SHIP pickup=STAGING dropoff=DOCK-1
20260903_111825_0100b2,1510,task_interrupted,R5,G00420,
20260903_111825_0100b2,1510,task_interrupted,R4,G00558,
20260903_111825_0100b2,1515,task_created,,G00575,type=PUTAWAY pickup=RECV dropoff=E-03
20260903_111825_0100b2,1515,task_created,,G00576,type=PICK pickup=B-05 dropoff=PICK-3
20260903_111825_0100b2,1519,task_created,,G00577,type=PACK pickup=PICK-2 dropoff=PACK-1
20260903_111825_0100b2,1521,task_created,,G00578,type=SHIP pickup=STAGING dropoff=DOCK-2
20260903_111825_0100b2,1522,task_completed,R8,G00424,
20260903_111825_0100b2,1523,task_assigned,R8,G00558,
20260903_111825_0100b2,1523,task_created,,G00579,type=PUTAWAY pickup=BUFFER dropoff=F-04
20260903_111825_0100b2,1525,task_completed,R6,G00563,
20260903_111825_0100b2,1525,task_created,,G00580,type=PICK pickup=A-05 dropoff=PICK-2
20260903_111825_0100b2,1526,task_interrupted,R2,G00566,
20260903_111825_0100b2,1526,task_assigned,R6,G00572,
20260903_111825_0100b2,1527,task_interrupted,R7,G00570,
20260903_111825_0100b2,1531,task_created,,G00581,type=PUTAWAY pickup=BUFFER dropoff=B-08
20260903_111825_0100b2,1531,task_created,,G00582,type=PACK pickup=PICK-1 dropoff=PACK-1
20260903_111825_0100b2,1535,task_created,,G00583,type=PICK pickup=H-08 dropoff=PICK-1
20260903_111825_0100b2,1535,task_created,,G00584,type=SHIP pickup=STAGING dropoff=DOCK-1
20260903_111825_0100b2,1536,task_interrupted,R6,G00572,
20260903_111825_0100b2,1537,task_assigned,R1,G00566,
20260903_111825_0100b2,1539,task_assigned,R3,G00570,
20260903_111825_0100b2,1539,task_created,,G00585,type=PUTAWAY pickup=RECV dropoff=A-06
20260903_111825_0100b2,1540,task_completed,R8,G00558,
20260903_111825_0100b2,1541,task_assigned,R8,G00572,
20260903_111825_0100b2,1543,task_created,,G00586,type=PACK pickup=PICK-2 dropoff=PACK-2
20260903_111825_0100b2,1545,task_created,,G00587,type=PICK pickup=E-08 dropoff=PICK-1
20260903_111825_0100b2,1547,task_created,,G00588,type=PUTAWAY pickup=BUFFER dropoff=A-06
20260903_111825_0100b2,1549,task_created,,G00589,type=SHIP pickup=STAGING dropoff=DOCK-1
20260903_111825_0100b2,1551,task_assigned,R5,G00420,
20260903_111825_0100b2,1551,task_interrupted,R8,G00572,
20260903_111825_0100b2,1552,task_assigned,R4,G00572,
20260903_111825_0100b2,1555,task_created,,G00590,type=PUTAWAY pickup=BUFFER dropoff=D-05
20260903_111825_0100b2,1555,task_created,,G00591,type=PICK pickup=H-02 dropoff=PICK-1
20260903_111825_0100b2,1555,task_created,,G00592,type=PACK pickup=PICK-3 dropoff=PACK-1
20260903_111825_0100b2,1563,task_created,,G00593,type=PUTAWAY pickup=BUFFER dropoff=G-02
20260903_111825_0100b2,1563,task_created,,G00594,type=SHIP pickup=STAGING dropoff=DOCK-1
20260903_111825_0100b2,1565,task_created,,G00595,type=PICK pickup=G-03 dropoff=PICK-3
20260903_111825_0100b2,1567,task_created,,G00596,type=PACK pickup=PICK-3 dropoff=PACK-2
20260903_111825_0100b2,1571,task_assigned,R2,G00575,
20260903_111825_0100b2,1571,task_created,,G00597,type=PUTAWAY pickup=BUFFER dropoff=D-04
20260903_111825_0100b2,1575,task_created,,G00598,type=PICK pickup=E-06 dropoff=PICK-3
20260903_111825_0100b2,1577,task_created,,G00599,type=SHIP pickup=STAGING dropoff=DOCK-1
20260903_111825_0100b2,1579,task_created,,G00600,type=PUTAWAY pickup=BUFFER dropoff=H-03
20260903_111825_0100b2,1579,task_created,,G00601,type=PACK pickup=PICK-3 dropoff=PACK-1
20260903_111825_0100b2,1581,task_assigned,R6,G00579,
20260903_111825_0100b2,1585,task_completed,R1,G00566,
20260903_111825_0100b2,1585,task_created,,G00602,type=PICK pickup=H-04 dropoff=PICK-1
20260903_111825_0100b2,1586,task_assigned,R1,G00581,
20260903_111825_0100b2,1587,task_created,,G00603,type=PUTAWAY pickup=RECV dropoff=H-08
20260903_111825_0100b2,1588,task_completed,R5,G00420,
20260903_111825_0100b2,1588,task_assigned,R7,G00585,
20260903_111825_0100b2,1589,task_assigned,R5,G00588,
20260903_111825_0100b2,1590,task_completed,R3,G00570,
20260903_111825_0100b2,1591,task_assigned,R3,G00590,
20260903_111825_0100b2,1591,task_created,,G00604,type=PACK pickup=PICK-1 dropoff=PACK-2
20260903_111825_0100b2,1591,task_created,,G00605,type=SHIP pickup=STAGING dropoff=DOCK-1
20260903_111825_0100b2,1595,task_assigned,R8,G00593,
20260903_111825_0100b2,1595,task_created,,G00606,type=PUTAWAY pickup=BUFFER dropoff=D-04
20260903_111825_0100b2,1595,task_created,,G00607,type=PICK pickup=D-06 dropoff=PICK-3
20260903_111825_0100b2,1597,task_completed,R1,G00581,
20260903_111825_0100b2,1598,task_assigned,R1,G00597,
20260903_111825_0100b2,1599,task_completed,R2,G00575,
20260903_111825_0100b2,1600,task_completed,R4,G00572,
20260903_111825_0100b2,1600,task_assigned,R2,G00600,
20260903_111825_0100b2,1601,task_assigned,R4,G00603,
20260903_111825_0100b2,1603,task_created,,G00608,type=PUTAWAY pickup=BUFFER dropoff=D-03
20260903_111825_0100b2,1603,task_created,,G00609,type=PACK pickup=PICK-2 dropoff=PACK-2
20260903_111825_0100b2,1605,task_created,,G00610,type=PICK pickup=G-01 dropoff=PICK-3
20260903_111825_0100b2,1605,task_created,,G00611,type=SHIP pickup=STAGING dropoff=DOCK-1
20260903_111825_0100b2,1611,task_created,,G00612,type=PUTAWAY pickup=RECV dropoff=C-01
20260903_111825_0100b2,1612,task_completed,R6,G00579,
20260903_111825_0100b2,1612,task_completed,R7,G00585,
20260903_111825_0100b2,1613,task_assigned,R6,G00606,
20260903_111825_0100b2,1613,task_assigned,R7,G00608,
20260903_111825_0100b2,1615,task_created,,G00613,type=PICK pickup=D-05 dropoff=PICK-1
20260903_111825_0100b2,1615,task_created,,G00614,type=PACK pickup=PICK-1 dropoff=PACK-2
20260903_111825_0100b2,1619,task_completed,R3,G00590,
20260903_111825_0100b2,1619,task_completed,R1,G00597,
20260903_111825_0100b2,1619,task_created,,G00615,type=PUTAWAY pickup=RECV dropoff=E-05
20260903_111825_0100b2,1619,task_created,,G00616,type=SHIP pickup=STAGING dropoff=DOCK-1
20260903_111825_0100b2,1620,task_assigned,R3,G00612,
20260903_111825_0100b2,1620,task_assigned,R1,G00615,
20260903_111825_0100b2,1625,task_created,,G00617,type=PICK pickup=D-07 dropoff=PICK-1
20260903_111825_0100b2,1627,task_completed,R2,G00600,
20260903_111825_0100b2,1627,task_created,,G00618,type=PUTAWAY pickup=BUFFER dropoff=D-02
20260903_111825_0100b2,1627,task_created,,G00619,type=PACK pickup=PICK-1 dropoff=PACK-1
20260903_111825_0100b2,1628,task_assigned,R2,G00618,
20260903_111825_0100b2,1629,task_completed,R5,G00588,
20260903_111825_0100b2,1630,task_assigned,R5,G00428,
20260903_111825_0100b2,1631,task_completed,R8,G00593,
20260903_111825_0100b2,1632,task_assigned,R8,G00431,
20260903_111825_0100b2,1633,task_created,,G00620,type=SHIP pickup=STAGING dropoff=DOCK-2
20260903_111825_0100b2,1635,task_created,,G00621,type=PUTAWAY pickup=BUFFER dropoff=G-01
20260903_111825_0100b2,1635,task_created,,G00622,type=PICK pickup=F-01 dropoff=PICK-2
20260903_111825_0100b2,1639,task_created,,G00623,type=PACK pickup=PICK-2 dropoff=PACK-2
20260903_111825_0100b2,1641,task_completed,R7,G00608,
20260903_111825_0100b2,1642,task_assigned,R7,G00621,
20260903_111825_0100b2,1643,task_created,,G00624,type=PUTAWAY pickup=BUFFER dropoff=A-01
20260903_111825_0100b2,1645,task_created,,G00625,type=PICK pickup=H-02 dropoff=PICK-2
20260903_111825_0100b2,1647,task_created,,G00626,type=SHIP pickup=STAGING dropoff=DOCK-2
20260903_111825_0100b2,1651,task_created,,G00627,type=PUTAWAY pickup=RECV dropoff=B-07
20260903_111825_0100b2,1651,task_created,,G00628,type=PACK pickup=PICK-3 dropoff=PACK-2
20260903_111825_0100b2,1652,task_completed,R4,G00603,
20260903_111825_0100b2,1653,task_assigned,R4,G00624,
20260903_111825_0100b2,1654,task_completed,R1,G00615,
20260903_111825_0100b2,1655,task_completed,R6,G00606,
20260903_111825_0100b2,1655,task_assigned,R1,G00627,
20260903_111825_0100b2,1655,task_created,,G00629,type=PICK pickup=G-06 dropoff=PICK-1
20260903_111825_0100b2,1656,task_assigned,R6,G00435,
20260903_111825_0100b2,1656,task_completed,R2,G00618,
20260903_111825_0100b2,1657,task_assigned,R2,G00439,
20260903_111825_0100b2,1659,task_created,,G00630,type=PUTAWAY pickup=BUFFER dropoff=F-04
20260903_111825_0100b2,1661,task_created,,G00631,type=SHIP pickup=STAGING dropoff=DOCK-2
20260903_111825_0100b2,1663,task_completed,R8,G00431,
20260903_111825_0100b2,1663,task_created,,G00632,type=PACK pickup=PICK-2 dropoff=PACK-1
20260903_111825_0100b2,1664,task_assigned,R8,G00630,
20260903_111825_0100b2,1665,task_created,,G00633,type=PICK pickup=A-05 dropoff=PICK-2
20260903_111825_0100b2,1667,task_completed,R7,G00621,
20260903_111825_0100b2,1667,task_created,,G00634,type=PUTAWAY pickup=BUFFER dropoff=E-06
20260903_111825_0100b2,1668,task_assigned,R7,G00634,
20260903_111825_0100b2,1672,task_completed,R5,G00428,
20260903_111825_0100b2,1673,task_assigned,R5,G00443,
20260903_111825_0100b2,1675,task_created,,G00635,type=PUTAWAY pickup=BUFFER dropoff=B-08
20260903_111825_0100b2,1675,task_created,,G00636,type=PICK pickup=B-02 dropoff=PICK-2
20260903_111825_0100b2,1675,task_created,,G00637,type=PACK pickup=PICK-1 dropoff=PACK-2
20260903_111825_0100b2,1675,task_created,,G00638,type=SHIP pickup=STAGING dropoff=DOCK-2
20260903_111825_0100b2,1678,task_completed,R1,G00627,
20260903_111825_0100b2,1679,task_assigned,R1,G00635,
20260903_111825_0100b2,1680,task_completed,R6,G00435,
20260903_111825_0100b2,1681,task_assigned,R6,G00447,
20260903_111825_0100b2,1683,task_created,,G00639,type=PUTAWAY pickup=RECV dropoff=C-06
20260903_111825_0100b2,1685,task_created,,G00640,type=PICK pickup=C-03 dropoff=PICK-2
20260903_111825_0100b2,1687,task_created,,G00641,type=PACK pickup=PICK-2 dropoff=PACK-2
20260903_111825_0100b2,1688,task_completed,R8,G00630,
20260903_111825_0100b2,1689,task_assigned,R8,G00639,
20260903_111825_0100b2,1689,task_created,,G00642,type=SHIP pickup=STAGING dropoff=DOCK-2
20260903_111825_0100b2,1691,task_created,,G00643,type=PUTAWAY pickup=BUFFER dropoff=G-06
20260903_111825_0100b2,1695,task_created,,G00644,type=PICK pickup=D-06 dropoff=PICK-3
20260903_111825_0100b2,1699,task_completed,R2,G00439,
20260903_111825_0100b2,1699,task_created,,G00645,type=PUTAWAY pickup=RECV dropoff=F-04
20260903_111825_0100b2,1699,task_created,,G00646,type=PACK pickup=PICK-2 dropoff=PACK-2
20260903_111825_0100b2,1700,task_completed,R4,G00624,
20260903_111825_0100b2,1700,task_assigned,R2,G00643,
20260903_111825_0100b2,1701,task_assigned,R4,G00645,
20260903_111825_0100b2,1702,task_completed,R3,G00612,
20260903_111825_0100b2,1703,task_assigned,R3,G00450,
20260903_111825_0100b2,1703,task_created,,G00647,type=SHIP pickup=STAGING dropoff=DOCK-1
20260903_111825_0100b2,1704,task_completed,R5,G00443,
20260903_111825_0100b2,1705,task_assigned,R5,G00454,
20260903_111825_0100b2,1705,task_completed,R1,G00635,
20260903_111825_0100b2,1705,task_created,,G00648,type=PICK pickup=F-05 dropoff=PICK-2
20260903_111825_0100b2,1706,task_completed,R6,G00447,
20260903_111825_0100b2,1706,task_assigned,R1,G00458,
20260903_111825_0100b2,1707,task_created,,G00649,type=PUTAWAY pickup=BUFFER dropoff=A-05
20260903_111825_0100b2,1707,task_assigned,R6,G00649,
20260903_111825_0100b2,1711,task_created,,G00650,type=PACK pickup=PICK-2 dropoff=PACK-2
20260903_111825_0100b2,1712,task_completed,R7,G00634,
20260903_111825_0100b2,1713,task_assigned,R7,G00462,
20260903_111825_0100b2,1715,task_created,,G00651,type=PUTAWAY pickup=RECV dropoff=H-03
20260903_111825_0100b2,1715,task_created,,G00652,type=PICK pickup=F-02 dropoff=PICK-1
20260903_111825_0100b2,1717,task_completed,R4,G00645,
20260903_111825_0100b2,1717,task_created,,G00653,type=SHIP pickup=STAGING dropoff=DOCK-1
20260903_111825_0100b2,1718,task_assigned,R4,G00651,
20260903_111825_0100b2,1719,task_completed,R2,G00643,
20260903_111825_0100b2,1720,task_assigned,R2,G00465,
20260903_111825_0100b2,1723,task_created,,G00654,type=PUTAWAY pickup=RECV dropoff=E-05
20260903_111825_0100b2,1723,task_created,,G00655,type=PACK pickup=PICK-3 dropoff=PACK-2
20260903_111825_0100b2,1725,task_created,,G00656,type=PICK pickup=G-02 dropoff=PICK-3
20260903_111825_0100b2,1728,task_completed,R3,G00450,
20260903_111825_0100b2,1729,task_assigned,R3,G00654,
20260903_111825_0100b2,1731,task_completed,R6,G00649,
20260903_111825_0100b2,1731,task_created,,G00657,type=PUTAWAY pickup=BUFFER dropoff=F-03
20260903_111825_0100b2,1731,task_created,,G00658,type=SHIP pickup=STAGING dropoff=DOCK-2
20260903_111825_0100b2,1732,task_assigned,R6,G00657,
20260903_111825_0100b2,1734,task_completed,R8,G00639,
20260903_111825_0100b2,1735,task_assigned,R8,G00470,
20260903_111825_0100b2,1735,task_created,,G00659,type=PICK pickup=G-03 dropoff=PICK-3
20260903_111825_0100b2,1735,task_created,,G00660,type=PACK pickup=PICK-1 dropoff=PACK-1
20260903_111825_0100b2,1736,task_completed,R1,G00458,
20260903_111825_0100b2,1737,task_completed,R5,G00454,
20260903_111825_0100b2,1737,task_completed,R7,G00462,
20260903_111825_0100b2,1737,task_assigned,R1,G00474,
20260903_111825_0100b2,1738,task_assigned,R7,G00476,
20260903_111825_0100b2,1738,task_assigned,R5,G00480,
20260903_111825_0100b2,1739,task_created,,G00661,type=PUTAWAY pickup=RECV dropoff=H-08
20260903_111825_0100b2,1741,task_completed,R2,G00465,
20260903_111825_0100b2,1742,task_assigned,R2,G00661,
20260903_111825_0100b2,1745,task_completed,R8,G00470,
20260903_111825_0100b2,1745,task_created,,G00662,type=PICK pickup=G-01 dropoff=PICK-3
20260903_111825_0100b2,1745,task_created,,G00663,type=SHIP pickup=STAGING dropoff=DOCK-2
20260903_111825_0100b2,1746,task_assigned,R8,G00485,
20260903_111825_0100b2,1746,task_completed,R3,G00654,
20260903_111825_0100b2,1747,task_created,,G00664,type=PUTAWAY pickup=BUFFER dropoff=E-08
20260903_111825_0100b2,1747,task_assigned,R3,G00664,
20260903_111825_0100b2,1747,task_created,,G00665,type=PACK pickup=PICK-2 dropoff=PACK-1
20260903_111825_0100b2,1751,task_completed,R6,G00657,
20260903_111825_0100b2,1752,task_assigned,R6,G00489,
20260903_111825_0100b2,1755,task_created,,G00666,type=PUTAWAY pickup=RECV dropoff=A-01
20260903_111825_0100b2,1755,task_created,,G00667,type=PICK pickup=E-05 dropoff=PICK-1
20260903_111825_0100b2,1756,task_completed,R4,G00651,
20260903_111825_0100b2,1757,task_assigned,R4,G00666,
20260903_111825_0100b2,1758,task_interrupted,R1,G00474,
20260903_111825_0100b2,1758,task_interrupted,R3,G00664,
20260903_111825_0100b2,1759,task_created,,G00668,type=PACK pickup=PICK-3 dropoff=PACK-1
20260903_111825_0100b2,1759,task_created,,G00669,type=SHIP pickup=STAGING dropoff=DOCK-1
20260903_111825_0100b2,1760,task_interrupted,R4,G00666,
20260903_111825_0100b2,1763,task_completed,R7,G00476,
20260903_111825_0100b2,1763,task_created,,G00670,type=PUTAWAY pickup=RECV dropoff=H-06
20260903_111825_0100b2,1764,task_assigned,R7,G00664,
20260903_111825_0100b2,1765,task_created,,G00671,type=PICK pickup=A-05 dropoff=PICK-3
20260903_111825_0100b2,1769,task_interrupted,R5,G00480,
20260903_111825_0100b2,1770,task_completed,R6,G00489,
20260903_111825_0100b2,1771,task_assigned,R6,G00666,
20260903_111825_0100b2,1771,task_created,,G00672,type=PUTAWAY pickup=RECV dropoff=A-04
20260903_111825_0100b2,1771,task_created,,G00673,type=PACK pickup=PICK-2 dropoff=PACK-1
20260903_111825_0100b2,1773,task_created,,G00674,type=SHIP pickup=STAGING dropoff=DOCK-1
20260903_111825_0100b2,1775,task_created,,G00675,type=PICK pickup=E-03 dropoff=PICK-2
20260903_111825_0100b2,1779,task_created,,G00676,type=PUTAWAY pickup=RECV dropoff=A-02
20260903_111825_0100b2,1783,task_created,,G00677,type=PACK pickup=PICK-1 dropoff=PACK-2
20260903_111825_0100b2,1784,task_interrupted,R2,G00661,
20260903_111825_0100b2,1785,task_created,,G00678,type=PICK pickup=F-03 dropoff=PICK-2
20260903_111825_0100b2,1787,task_completed,R7,G00664,
20260903_111825_0100b2,1787,task_created,,G00679,type=PUTAWAY pickup=RECV dropoff=F-01
20260903_111825_0100b2,1787,task_created,,G00680,type=SHIP pickup=STAGING dropoff=DOCK-1
20260903_111825_0100b2,1788,task_assigned,R1,G00474,
20260903_111825_0100b2,1788,task_assigned,R7,G00661,
20260903_111825_0100b2,1792,task_completed,R8,G00485,
20260903_111825_0100b2,1793,task_completed,R6,G00666,
20260903_111825_0100b2,1793,task_assigned,R8,G00670,
20260903_111825_0100b2,1794,task_interrupted,,G00672,
20260903_111825_0100b2,1794,task_assigned,R3,G00676,
20260903_111825_0100b2,1795,task_created,,G00681,type=PUTAWAY pickup=RECV dropoff=C-04
20260903_111825_0100b2,1795,task_created,,G00682,type=PICK pickup=D-07 dropoff=PICK-2
20260903_111825_0100b2,1795,task_created,,G00683,type=PACK pickup=PICK-1 dropoff=PACK-1
20260903_111825_0100b2,1800,task_assigned,R4,G00672,
20260903_111825_0100b2,1801,task_created,,G00684,type=SHIP pickup=STAGING dropoff=DOCK-1
20260903_111825_0100b2,1802,task_interrupted,R7,G00661,
20260903_111825_0100b2,1803,task_created,,G00685,type=PUTAWAY pickup=RECV dropoff=E-08
20260903_111825_0100b2,1804,task_assigned,R5,G00480,
20260903_111825_0100b2,1805,task_created,,G00686,type=PICK pickup=G-01 dropoff=PICK-3
20260903_111825_0100b2,1807,task_created,,G00687,type=PACK pickup=PICK-1 dropoff=PACK-2
20260903_111825_0100b2,1808,task_completed,R1,G00474,
20260903_111825_0100b2,1809,task_assigned,R1,G00661,
20260903_111825_0100b2,1811,task_created,,G00688,type=PUTAWAY pickup=BUFFER dropoff=D-03
20260903_111825_0100b2,1815,task_created,,G00689,type=PICK pickup=E-05 dropoff=PICK-2
20260903_111825_0100b2,1815,task_created,,G00690,type=SHIP pickup=STAGING dropoff=DOCK-2
20260903_111825_0100b2,1818,task_completed,R3,G00676,
20260903_111825_0100b2,1819,task_assigned,R3,G00679,
20260903_111825_0100b2,1819,task_created,,G00691,type=PUTAWAY pickup=RECV dropoff=B-08
20260903_111825_0100b2,1819,task_created,,G00692,type=PACK pickup=PICK-3 dropoff=PACK-1
20260903_111825_0100b2,1821,task_assigned,R6,G00681,
20260903_111825_0100b2,1823,task_interrupted,R8,G00670,
20260903_111825_0100b2,1825,task_created,,G00693,type=PICK pickup=E-03 dropoff=PICK-3
20260903_111825_0100b2,1827,task_created,,G00694,type=PUTAWAY pickup=BUFFER dropoff=G-07
20260903_111825_0100b2,1829,task_created,,G00695,type=SHIP pickup=STAGING dropoff=DOCK-1
20260903_111825_0100b2,1831,task_completed,R1,G00661,
20260903_111825_0100b2,1831,task_created,,G00696,type=PACK pickup=PICK-1 dropoff=PACK-1
20260903_111825_0100b2,1832,task_assigned,R1,G00670,
20260903_111825_0100b2,1835,task_created,,G00697,type=PUTAWAY pickup=BUFFER dropoff=D-08
20260903_111825_0100b2,1835,task_created,,G00698,type=PICK pickup=B-02 dropoff=PICK-3
20260903_111825_0100b2,1836,task_completed,R4,G00672,
20260903_111825_0100b2,1837,task_assigned,R4,G00685,
20260903_111825_0100b2,1839,task_completed,R3,G00679,
20260903_111825_0100b2,1840,task_completed,R5,G00480,
20260903_111825_0100b2,1840,task_assigned,R3,G00688,
20260903_111825_0100b2,1841,task_assigned,R5,G00691,
20260903_111825_0100b2,1841,task_assigned,R2,G00694,
20260903_111825_0100b2,1843,task_assigned,R7,G00697,
20260903_111825_0100b2,1843,task_created,,G00699,type=PUTAWAY pickup=BUFFER dropoff=H-07
20260903_111825_0100b2,1843,task_created,,G00700,type=PACK pickup=PICK-2 dropoff=PACK-1
20260903_111825_0100b2,1843,task_created,,G00701,type=SHIP pickup=STAGING dropoff=DOCK-2
20260903_111825_0100b2,1845,task_created,,G00702,type=PICK pickup=H-08 dropoff=PICK-2
20260903_111825_0100b2,1851,task_created,,G00703,type=PUTAWAY pickup=BUFFER dropoff=C-01
20260903_111825_0100b2,1853,task_completed,R4,G00685,
20260903_111825_0100b2,1854,task_assigned,R4,G00699,
20260903_111825_0100b2,1855,task_assigned,R8,G00703,
20260903_111825_0100b2,1855,task_created,,G00704,type=PICK pickup=F-05 dropoff=PICK-2
20260903_111825_0100b2,1855,task_created,,G00705,type=PACK pickup=PICK-3 dropoff=PACK-1
20260903_111825_0100b2,1857,task_created,,G00706,type=SHIP pickup=STAGING dropoff=DOCK-1
20260903_111825_0100b2,1859,task_created,,G00707,type=PUTAWAY pickup=BUFFER dropoff=B-01
20260903_111825_0100b2,1863,task_completed,R6,G00681,
20260903_111825_0100b2,1863,task_completed,R3,G00688,
20260903_111825_0100b2,1864,task_assigned,R3,G00492,
20260903_111825_0100b2,1864,task_completed,R5,G00691,
20260903_111825_0100b2,1864,task_assigned,R6,G00707,
20260903_111825_0100b2,1865,task_assigned,R5,G00496,
20260903_111825_0100b2,1865,task_created,,G00708,type=PICK pickup=E-04 dropoff=PICK-2
20260903_111825_0100b2,1867,task_created,,G00709,type=PUTAWAY pickup=BUFFER dropoff=D-07
20260903_111825_0100b2,1867,task_created,,G00710,type=PACK pickup=PICK-2 dropoff=PACK-2
20260903_111825_0100b2,1871,task_created,,G00711,type=SHIP pickup=STAGING dropoff=DOCK-2
20260903_111825_0100b2,1873,task_completed,R3,G00492,
20260903_111825_0100b2,1873,task_completed,R1,G00670,
20260903_111825_0100b2,1874,task_assigned,R3,G00500,
20260903_111825_0100b2,1874,task_assigned,R1,G00709,
20260903_111825_0100b2,1875,task_created,,G00712,type=PUTAWAY pickup=RECV dropoff=E-04
20260903_111825_0100b2,1875,task_created,,G00713,type=PICK pickup=H-04 dropoff=PICK-3
20260903_111825_0100b2,1879,task_completed,R4,G00699,
20260903_111825_0100b2,1879,task_created,,G00714,type=PACK pickup=PICK-1 dropoff=PACK-1
20260903_111825_0100b2,1880,task_assigned,R4,G00712,
20260903_111825_0100b2,1881,task_completed,R2,G00694,
20260903_111825_0100b2,1881,task_completed,R6,G00707,
20260903_111825_0100b2,1882,task_assigned,R2,G00503,
20260903_111825_0100b2,1882,task_assigned,R6,G00507,
20260903_111825_0100b2,1883,task_created,,G00715,type=PUTAWAY pickup=RECV dropoff=H-06
20260903_111825_0100b2,1885,task_created,,G00716,type=PICK pickup=B-06 dropoff=PICK-3
20260903_111825_0100b2,1885,task_created,,G00717,type=SHIP pickup=STAGING dropoff=DOCK-1
20260903_111825_0100b2,1889,task_completed,R8,G00703,
20260903_111825_0100b2,1890,task_assigned,R8,G00715,
20260903_111825_0100b2,1891,task_created,,G00718,type=PUTAWAY pickup=BUFFER dropoff=G-02
20260903_111825_0100b2,1891,task_created,,G00719,type=PACK pickup=PICK-1 dropoff=PACK-2
20260903_111825_0100b2,1893,task_completed,R5,G00496,
20260903_111825_0100b2,1894,task_assigned,R5,G00718,
20260903_111825_0100b2,1895,task_created,,G00720,type=PICK pickup=A-01 dropoff=PICK-3
20260903_111825_0100b2,1898,task_completed,R6,G00507,
20260903_111825_0100b2,1898,task_completed,R7,G00697,
20260903_111825_0100b2,1899,task_assigned,R6,G00511,
20260903_111825_0100b2,1899,task_created,,G00721,type=PUTAWAY pickup=BUFFER dropoff=C-06
20260903_111825_0100b2,1899,task_assigned,R7,G00721,
20260903_111825_0100b2,1899,task_created,,G00722,type=SHIP pickup=STAGING dropoff=DOCK-1
20260903_111825_0100b2,1903,task_created,,G00723,type=PACK pickup=PICK-2 dropoff=PACK-1
20260903_111825_0100b2,1904,task_completed,R3,G00500,
20260903_111825_0100b2,1904,task_completed,R1,G00709,
20260903_111825_0100b2,1905,task_assigned,R3,G00516,
20260903_111825_0100b2,1905,task_assigned,R1,G00519,
20260903_111825_0100b2,1905,task_created,,G00724,type=PICK pickup=H-02 dropoff=PICK-2
20260903_111825_0100b2,1907,task_created,,G00725,type=PUTAWAY pickup=RECV dropoff=H-03
20260903_111825_0100b2,1913,task_created,,G00726,type=SHIP pickup=STAGING dropoff=DOCK-1
20260903_111825_0100b2,1915,task_created,,G00727,type=PUTAWAY pickup=RECV dropoff=E-05
20260903_111825_0100b2,1915,task_created,,G00728,type=PICK pickup=C-03 dropoff=PICK-1
20260903_111825_0100b2,1915,task_created,,G00729,type=PACK pickup=PICK-3 dropoff=PACK-1
20260903_111825_0100b2,1916,task_completed,R4,G00712,
20260903_111825_0100b2,1917,task_assigned,R4,G00725,
20260903_111825_0100b2,1920,task_completed,R5,G00718,
20260903_111825_0100b2,1921,task_assigned,R5,G00727,
20260903_111825_0100b2,1923,task_created,,G00730,type=PUTAWAY pickup=BUFFER dropoff=A-02
20260903_111825_0100b2,1925,task_completed,R7,G00721,
20260903_111825_0100b2,1925,task_created,,G00731,type=PICK pickup=F-04 dropoff=PICK-1
20260903_111825_0100b2,1926,task_completed,R3,G00516,
20260903_111825_0100b2,1926,task_assigned,R7,G00730,
20260903_111825_0100b2,1927,task_assigned,R3,G00522,
20260903_111825_0100b2,1927,task_created,,G00732,type=PACK pickup=PICK-2 dropoff=PACK-2
20260903_111825_0100b2,1927,task_created,,G00733,type=SHIP pickup=STAGING dropoff=DOCK-2
20260903_111825_0100b2,1931,task_created,,G00734,type=PUTAWAY pickup=RECV dropoff=H-03
20260903_111825_0100b2,1933,task_completed,R6,G00511,
20260903_111825_0100b2,1934,task_assigned,R6,G00734,
20260903_111825_0100b2,1935,task_created,,G00735,type=PICK pickup=A-04 dropoff=PICK-1
20260903_111825_0100b2,1938,task_completed,R8,G00715,
20260903_111825_0100b2,1939,task_completed,R2,G00503,
20260903_111825_0100b2,1939,task_created,,G00736,type=PUTAWAY pickup=BUFFER dropoff=D-04
20260903_111825_0100b2,1939,task_assigned,R8,G00736,
20260903_111825_0100b2,1939,task_created,,G00737,type=PACK pickup=PICK-3 dropoff=PACK-2
20260903_111825_0100b2,1940,task_assigned,R2,G00526,
20260903_111825_0100b2,1941,task_created,,G00738,type=SHIP pickup=STAGING dropoff=DOCK-1
20260903_111825_0100b2,1942,task_completed,R1,G00519,
20260903_111825_0100b2,1943,task_assigned,R1,G00530,
20260903_111825_0100b2,1945,task_completed,R7,G00730,
20260903_111825_0100b2,1945,task_created,,G00739,type=PICK pickup=H-05 dropoff=PICK-2
20260903_111825_0100b2,1946,task_assigned,R7,G00534,
20260903_111825_0100b2,1947,task_created,,G00740,type=PUTAWAY pickup=BUFFER dropoff=D-05
20260903_111825_0100b2,1948,task_completed,R3,G00522,
20260903_111825_0100b2,1949,task_completed,R4,G00725,
20260903_111825_0100b2,1949,task_assigned,R3,G00740,
20260903_111825_0100b2,1950,task_assigned,R4,G00538,
20260903_111825_0100b2,1951,task_created,,G00741,type=PACK pickup=PICK-1 dropoff=PACK-2
20260903_111825_0100b2,1955,task_created,,G00742,type=PUTAWAY pickup=BUFFER dropoff=D-05
20260903_111825_0100b2,1955,task_created,,G00743,type=PICK pickup=E-02 dropoff=PICK-2
20260903_111825_0100b2,1955,task_created,,G00744,type=SHIP pickup=STAGING dropoff=DOCK-2
20260903_111825_0100b2,1962,task_completed,R5,G00727,
20260903_111825_0100b2,1963,task_completed,R1,G00530,
20260903_111825_0100b2,1963,task_assigned,R5,G00742,
20260903_111825_0100b2,1963,task_created,,G00745,type=PUTAWAY pickup=BUFFER dropoff=A-03
20260903_111825_0100b2,1963,task_created,,G00746,type=PACK pickup=PICK-2 dropoff=PACK-2
20260903_111825_0100b2,1964,task_assigned,R1,G00745,
20260903_111825_0100b2,1965,task_created,,G00747,type=PICK pickup=H-06 dropoff=PICK-3
20260903_111825_0100b2,1968,task_completed,R8,G00736,
20260903_111825_0100b2,1969,task_assigned,R8,G00542,
20260903_111825_0100b2,1969,task_created,,G00748,type=SHIP pickup=STAGING dropoff=DOCK-2
20260903_111825_0100b2,1970,task_completed,R7,G00534,
20260903_111825_0100b2,1971,task_created,,G00749,type=PUTAWAY pickup=BUFFER dropoff=E-08
20260903_111825_0100b2,1971,task_assigned,R7,G00749,
20260903_111825_0100b2,1972,task_completed,R4,G00538,
20260903_111825_0100b2,1973,task_assigned,R4,G00545,
20260903_111825_0100b2,1975,task_created,,G00750,type=PICK pickup=G-05 dropoff=PICK-3
20260903_111825_0100b2,1975,task_created,,G00751,type=PACK pickup=PICK-1 dropoff=PACK-1
20260903_111825_0100b2,1979,task_completed,R2,G00526,
20260903_111825_0100b2,1979,task_created,,G00752,type=PUTAWAY pickup=RECV dropoff=E-01
20260903_111825_0100b2,1980,task_assigned,R2,G00752,
20260903_111825_0100b2,1983,task_completed,R1,G00745,
20260903_111825_0100b2,1983,task_created,,G00753,type=SHIP pickup=STAGING dropoff=DOCK-2
20260903_111825_0100b2,1984,task_assigned,R1,G00549,
20260903_111825_0100b2,1985,task_completed,R8,G00542,
20260903_111825_0100b2,1985,task_created,,G00754,type=PICK pickup=G-07 dropoff=PICK-2
20260903_111825_0100b2,1986,task_assigned,R8,G00553,
20260903_111825_0100b2,1987,task_created,,G00755,type=PUTAWAY pickup=RECV dropoff=B-01
20260903_111825_0100b2,1987,task_created,,G00756,type=PACK pickup=PICK-2 dropoff=PACK-2
20260903_111825_0100b2,1988,task_completed,R3,G00740,
20260903_111825_0100b2,1989,task_completed,R5,G00742,
20260903_111825_0100b2,1989,task_assigned,R3,G00755,
20260903_111825_0100b2,1990,task_assigned,R5,G00556,
20260903_111825_0100b2,1995,task_completed,R4,G00545,
20260903_111825_0100b2,1995,task_completed,R2,G00752,
20260903_111825_0100b2,1995,task_created,,G00757,type=PUTAWAY pickup=BUFFER dropoff=B-05
20260903_111825_0100b2,1995,task_created,,G00758,type=PICK pickup=G-02 dropoff=PICK-3
20260903_111825_0100b2,1996,task_assigned,R4,G00561,
20260903_111825_0100b2,1996,task_assigned,R2,G00757,
20260903_111825_0100b2,1997,task_created,,G00759,type=SHIP pickup=STAGING dropoff=DOCK-2
20260903_111825_0100b2,1999,task_created,,G00760,type=PACK pickup=PICK-1 dropoff=PACK-1
