tick,tasks_pending,tasks_outstanding,tasks_created_this_tick,tasks_completed_this_tick,tasks_completed_total,tasks_failed_total,robots_active,robots_idle,robots_blocked,robots_charging,robots_to_charger,robots_waiting_for_charger,robots_failed,average_battery,min_battery,max_battery,replans_this_tick,replans_total,blocked_ticks_this_tick,blocked_ticks_total
1,0,0,0.0,0.0,0.0,0.0,0,8,0,0,0,0,0,100.0,100.0,100.0,0.0,0.0,0.0,0.0
2,0,0,0.0,0.0,0.0,0.0,0,8,0,0,0,0,0,100.0,100.0,100.0,0.0,0.0,0.0,0.0
3,0,1.0,1.0,0.0,0.0,0.0,1,7,0,0,0,0,0,99.9562,99.65,100.0,0.0,0.0,0.0,0.0
4,0,1.0,0.0,0.0,0.0,0.0,1,7,0,0,0,0,0,99.9125,99.3,100.0,0.0,0.0,0.0,0.0
5,0,2.0,1.0,0.0,0.0,0.0,2,6,0,0,0,0,0,99.825,98.95,100.0,0.0,0.0,0.0,0.0
6,0,2.0,0.0,0.0,0.0,0.0,2,6,0,0,0,0,0,99.7375,98.6,100.0,0.0,0.0,0.0,0.0
7,0,3.0,1.0,0.0,0.0,0.0,3,5,0,0,0,0,0,99.6063,98.25,100.0,0.0,0.0,0.0,0.0
8,0,3.0,0.0,0.0,0.0,0.0,3,5,0,0,0,0,0,99.475,97.9,100.0,0.0,0.0,0.0,0.0
9,0,4.0,1.0,0.0,0.0,0.0,4,4,0,0,0,0,0,99.3,97.55,100.0,0.0,0.0,0.0,0.0
10,0,4.0,0.0,0.0,0.0,0.0,4,4,0,0,0,0,0,99.125,97.2,100.0,0.0,0.0,0.0,0.0
11,0,5.0,1.0,0.0,0.0,0.0,5,3,0,0,0,0,0,98.8875,96.7,100.0,0.0,0.0,0.0,0.0
12,0,5.0,0.0,0.0,0.0,0.0,5,3,0,0,0,0,0,98.6313,96.2,100.0,0.0,0.0,0.0,0.0
13,0,5.0,0.0,0.0,0.0,0.0,5,3,0,0,0,0,0,98.3563,95.7,100.0,0.0,0.0,0.0,0.0
14,0,5.0,0.0,0.0,0.0,0.0,5,3,0,0,0,0,0,98.0625,95.2,100.0,0.0,0.0,0.0,0.0
15,0,6.0,1.0,0.0,0.0,0.0,6,2,0,0,0,0,0,97.725,94.7,100.0,0.0,0.0,0.0,0.0
16,0,5.0,0.0,1.0,1.0,0.0,5,3,0,0,0,0,0,97.3875,94.2,100.0,0.0,0.0,0.0,0.0
17,0,5.0,0.0,0.0,1.0,0.0,5,3,0,0,0,0,0,97.1125,93.7,100.0,0.0,0.0,0.0,0.0
18,0,5.0,0.0,0.0,1.0,0.0,5,3,0,0,0,0,0,96.8375,93.2,100.0,0.0,0.0,0.0,0.0
19,0,7.0,2.0,0.0,1.0,0.0,7,1,0,0,0,0,0,96.475,92.7,100.0,0.0,0.0,0.0,0.0
20,0,7.0,0.0,0.0,1.0,0.0,7,1,0,0,0,0,0,96.1125,92.2,100.0,0.0,0.0,0.0,0.0
21,0,6.0,0.0,1.0,2.0,0.0,6,2,0,0,0,0,0,95.75,91.7,100.0,0.0,0.0,0.0,0.0
22,0,6.0,0.0,0.0,2.0,0.0,6,2,0,0,0,0,0,95.45,91.2,100.0,0.0,0.0,0.0,0.0
23,0,7.0,1.0,0.0,2.0,0.0,7,1,0,0,0,0,0,95.1063,90.7,100.0,0.0,0.0,0.0,0.0
24,0,7.0,0.0,0.0,2.0,0.0,7,1,0,0,0,0,0,94.7625,90.2,100.0,0.0,0.0,0.0,0.0
25,0,8.0,1.0,0.0,2.0,0.0,8,0,0,0,0,0,0,94.375,89.7,99.65,0.0,0.0,0.0,0.0
26,0,7.0,0.0,1.0,3.0,0.0,7,1,0,0,0,0,0,93.9875,89.2,99.3,0.0,0.0,0.0,0.0
27,0,8.0,1.0,0.0,3.0,0.0,8,0,0,0,0,0,0,93.6188,88.7,98.95,0.0,0.0,0.0,0.0
28,0,7.0,0.0,1.0,4.0,0.0,7,1,0,0,0,0,0,93.2125,88.2,98.6,0.0,0.0,0.0,0.0
29,0,7.0,0.0,0.0,4.0,0.0,7,1,0,0,0,0,0,92.8688,88.2,98.25,0.0,0.0,0.0,0.0
30,0,6.0,0.0,1.0,5.0,0.0,6,2,0,0,0,0,0,92.525,88.2,97.9,0.0,0.0,0.0,0.0
31,0,7.0,1.0,0.0,5.0,0.0,7,1,0,0,0,0,0,92.2,87.85,97.55,0.0,0.0,0.0,0.0
32,0,7.0,0.0,0.0,5.0,0.0,7,1,0,0,0,0,0,91.875,87.5,97.2,0.0,0.0,0.0,0.0
33,0,7.0,0.0,0.0,5.0,0.0,7,1,0,0,0,0,0,91.55,87.15,96.85,0.0,0.0,0.0,0.0
34,0,7.0,0.0,0.0,5.0,0.0,7,1,0,0,0,0,0,91.225,86.8,96.5,0.0,0.0,0.0,0.0
35,1,9.0,2.0,0.0,5.0,0.0,8,0,0,0,0,0,0,90.8563,86.45,96.15,0.0,0.0,0.0,0.0
36,1,9.0,0.0,0.0,5.0,0.0,8,0,0,0,0,0,0,90.4688,86.1,95.8,0.0,0.0,0.0,0.0
37,2,9.0,1.0,1.0,6.0,0.0,7,1,0,0,0,0,0,90.0813,85.75,95.45,0.0,0.0,0.0,0.0
38,1,9.0,0.0,0.0,6.0,0.0,8,0,0,0,0,0,0,89.6938,85.25,95.1,0.0,0.0,0.0,0.0
39,1,9.0,0.0,0.0,6.0,0.0,8,0,0,0,0,0,0,89.3063,84.75,94.75,0.0,0.0,0.0,0.0
40,1,9.0,0.0,0.0,6.0,0.0,8,0,0,0,0,0,0,88.9188,84.25,94.4,0.0,0.0,0.0,0.0
41,1,9.0,0.0,0.0,6.0,0.0,8,0,0,0,0,0,0,88.5313,83.75,94.05,0.0,0.0,0.0,0.0
42,1,9.0,0.0,0.0,6.0,0.0,8,0,0,0,0,0,0,88.1438,83.25,93.7,0.0,0.0,0.0,0.0
43,3,11.0,2.0,0.0,6.0,0.0,8,0,0,0,0,0,0,87.7188,82.75,93.35,0.0,0.0,0.0,0.0
44,3,11.0,0.0,0.0,6.0,0.0,8,0,0,0,0,0,0,87.275,82.25,92.85,0.0,0.0,0.0,0.0
45,4,12.0,1.0,0.0,6.0,0.0,8,0,0,0,0,0,0,86.8125,81.75,92.35,0.0,0.0,0.0,0.0
46,4,11.0,0.0,1.0,7.0,0.0,6,1,1,0,0,0,0,86.4125,81.25,91.85,0.0,0.0,1.0,1.0
47,3,11.0,0.0,0.0,7.0,0.0,8,0,0,0,0,0,0,85.9688,80.9,91.35,0.0,0.0,0.0,1.0
48,3,11.0,0.0,0.0,7.0,0.0,8,0,0,0,0,0,0,85.5063,80.55,90.85,0.0,0.0,0.0,1.0
49,3,10.0,0.0,1.0,8.0,0.0,7,1,0,0,0,0,0,85.0438,80.2,90.35,0.0,0.0,0.0,1.0
50,2,10.0,0.0,0.0,8.0,0.0,8,0,0,0,0,0,0,84.6,79.85,89.85,0.0,0.0,0.0,1.0
51,4,11.0,2.0,1.0,9.0,0.0,7,1,0,0,0,0,0,84.1563,79.5,89.35,0.0,0.0,0.0,1.0
52,3,11.0,0.0,0.0,9.0,0.0,8,0,0,0,0,0,0,83.7125,79.15,88.85,0.0,0.0,0.0,1.0
53,3,11.0,0.0,0.0,9.0,0.0,7,0,1,0,0,0,0,83.3313,78.8,88.35,0.0,0.0,1.0,2.0
54,3,10.0,0.0,1.0,10.0,0.0,3,1,4,0,0,0,0,83.1,78.45,87.85,0.0,0.0,4.0,6.0
55,4,12.0,2.0,0.0,10.0,0.0,5,0,3,0,0,0,0,82.95,78.1,87.85,2.0,2.0,5.0,11.0
56,4,10.0,0.0,2.0,12.0,0.0,6,2,0,0,0,0,0,82.525,77.75,87.35,0.0,2.0,0.0,11.0
57,2,9.0,0.0,1.0,13.0,0.0,6,1,1,0,0,0,0,82.1813,77.4,86.85,0.0,2.0,1.0,12.0
58,1,9.0,0.0,0.0,13.0,0.0,8,0,0,0,0,0,0,81.7938,77.05,86.5,0.0,2.0,0.0,12.0
59,2,10.0,1.0,0.0,13.0,0.0,7,0,1,0,0,0,0,81.45,76.7,86.15,0.0,2.0,1.0,13.0
60,2,10.0,0.0,0.0,13.0,0.0,7,0,1,0,0,0,0,81.15,76.35,85.8,1.0,3.0,2.0,15.0
61,2,10.0,0.0,0.0,13.0,0.0,8,0,0,0,0,0,0,80.7625,76.0,85.45,0.0,3.0,0.0,15.0
62,2,9.0,0.0,1.0,14.0,0.0,7,1,0,0,0,0,0,80.375,75.65,85.1,0.0,3.0,0.0,15.0
63,1,9.0,0.0,0.0,14.0,0.0,7,0,1,0,0,0,0,80.05,75.3,84.75,0.0,3.0,1.0,16.0
64,1,9.0,0.0,0.0,14.0,0.0,8,0,0,0,0,0,0,79.6625,74.95,84.25,0.0,3.0,0.0,16.0
65,3,11.0,2.0,0.0,14.0,0.0,8,0,0,0,0,0,0,79.2563,74.45,83.75,0.0,3.0,0.0,16.0
66,3,9.0,0.0,2.0,16.0,0.0,6,2,0,0,0,0,0,78.85,73.95,83.25,0.0,3.0,0.0,16.0
67,3,11.0,2.0,0.0,16.0,0.0,8,0,0,0,0,0,0,78.4813,73.45,82.9,0.0,3.0,0.0,16.0
68,3,11.0,0.0,0.0,16.0,0.0,8,0,0,0,0,0,0,78.0938,72.95,82.55,0.0,3.0,0.0,16.0
69,3,11.0,0.0,0.0,16.0,0.0,8,0,0,0,0,0,0,77.7063,72.45,82.2,0.0,3.0,0.0,16.0
70,3,11.0,0.0,0.0,16.0,0.0,8,0,0,0,0,0,0,77.3188,71.95,81.85,0.0,3.0,0.0,16.0
71,3,11.0,0.0,0.0,16.0,0.0,8,0,0,0,0,0,0,76.9125,71.45,81.5,0.0,3.0,0.0,16.0
72,3,11.0,0.0,0.0,16.0,0.0,8,0,0,0,0,0,0,76.5063,70.95,81.15,0.0,3.0,0.0,16.0
73,3,11.0,0.0,0.0,16.0,0.0,8,0,0,0,0,0,0,76.0813,70.45,80.8,0.0,3.0,0.0,16.0
74,3,10.0,0.0,1.0,17.0,0.0,3,1,4,0,0,0,0,75.8688,69.95,80.45,0.0,3.0,4.0,20.0
75,4,12.0,2.0,0.0,17.0,0.0,7,0,1,0,0,0,0,75.6125,69.6,80.1,2.0,5.0,3.0,23.0
76,4,12.0,0.0,0.0,17.0,0.0,8,0,0,0,0,0,0,75.2063,69.25,79.75,0.0,5.0,0.0,23.0
77,4,12.0,0.0,0.0,17.0,0.0,8,0,0,0,0,0,0,74.8,68.9,79.4,0.0,5.0,0.0,23.0
78,4,12.0,0.0,0.0,17.0,0.0,7,0,1,0,0,0,0,74.4375,68.55,79.05,0.0,5.0,1.0,24.0
79,6,14.0,2.0,0.0,17.0,0.0,8,0,0,0,0,0,0,74.0313,68.2,78.7,0.0,5.0,0.0,24.0
80,6,13.0,0.0,1.0,18.0,0.0,7,1,0,0,0,0,0,73.625,67.85,78.35,0.0,5.0,0.0,24.0
81,5,12.0,0.0,1.0,19.0,0.0,7,1,0,0,0,0,0,73.2375,67.5,78.0,0.0,5.0,0.0,24.0
82,4,12.0,0.0,0.0,19.0,0.0,8,0,0,0,0,0,0,72.85,67.15,77.65,0.0,5.0,0.0,24.0
83,5,13.0,1.0,0.0,19.0,0.0,8,0,0,0,0,0,0,72.4625,66.8,77.3,0.0,5.0,0.0,24.0
84,5,13.0,0.0,0.0,19.0,0.0,6,0,2,0,0,0,0,72.1813,66.45,76.95,0.0,5.0,2.0,26.0
85,6,14.0,1.0,0.0,19.0,0.0,5,0,3,0,0,0,0,71.9875,66.45,76.6,1.0,6.0,4.0,30.0
86,6,14.0,0.0,0.0,19.0,0.0,7,0,1,0,0,0,0,71.6688,66.45,76.25,1.0,7.0,2.0,32.0
87,6,14.0,0.0,0.0,19.0,0.0,8,0,0,0,0,0,0,71.2625,66.1,75.9,0.0,7.0,0.0,32.0
88,6,14.0,0.0,0.0,19.0,0.0,8,0,0,0,0,0,0,70.8375,65.75,75.4,0.0,7.0,0.0,32.0
89,6,14.0,0.0,0.0,19.0,0.0,8,0,0,0,0,0,0,70.4125,65.4,74.9,0.0,7.0,0.0,32.0
90,6,14.0,0.0,0.0,19.0,0.0,8,0,0,0,0,0,0,69.9688,65.05,74.4,0.0,7.0,0.0,32.0
91,8,16.0,2.0,0.0,19.0,0.0,8,0,0,0,0,0,0,69.525,64.7,73.9,0.0,7.0,0.0,32.0
92,8,15.0,0.0,1.0,20.0,0.0,7,1,0,0,0,0,0,69.0813,64.35,73.4,0.0,7.0,0.0,32.0
93,8,16.0,1.0,0.0,20.0,0.0,8,0,0,0,0,0,0,68.6563,64.0,72.9,0.0,7.0,0.0,32.0
94,8,16.0,0.0,0.0,20.0,0.0,8,0,0,0,0,0,0,68.2313,63.65,72.4,0.0,7.0,0.0,32.0
95,9,17.0,1.0,0.0,20.0,0.0,7,0,1,0,0,0,0,67.85,63.15,71.9,0.0,7.0,1.0,33.0
96,9,15.0,0.0,2.0,22.0,0.0,5,2,1,0,0,0,0,67.5125,62.65,71.4,1.0,8.0,2.0,35.0
97,7,15.0,0.0,0.0,22.0,0.0,8,0,0,0,0,0,0,67.1063,62.15,70.9,0.0,8.0,0.0,35.0
98,7,15.0,0.0,0.0,22.0,0.0,8,0,0,0,0,0,0,66.7,61.65,70.4,0.0,8.0,0.0,35.0
99,8,15.0,1.0,1.0,23.0,0.0,7,1,0,0,0,0,0,66.2938,61.15,69.9,0.0,8.0,0.0,35.0
100,7,15.0,0.0,0.0,23.0,0.0,8,0,0,0,0,0,0,65.8875,60.65,69.55,0.0,8.0,0.0,35.0
101,7,15.0,0.0,0.0,23.0,0.0,8,0,0,0,0,0,0,65.4813,60.15,69.2,0.0,8.0,0.0,35.0
102,7,14.0,0.0,1.0,24.0,0.0,7,1,0,0,0,0,0,65.075,59.65,68.85,0.0,8.0,0.0,35.0
103,7,15.0,1.0,0.0,24.0,0.0,8,0,0,0,0,0,0,64.6688,59.15,68.5,0.0,8.0,0.0,35.0
104,7,15.0,0.0,0.0,24.0,0.0,8,0,0,0,0,0,0,64.2625,58.65,68.15,0.0,8.0,0.0,35.0
105,8,16.0,1.0,0.0,24.0,0.0,8,0,0,0,0,0,0,63.8375,58.15,67.8,0.0,8.0,0.0,35.0
106,8,15.0,0.0,1.0,25.0,0.0,7,1,0,0,0,0,0,63.3938,57.65,67.45,0.0,8.0,0.0,35.0
107,9,17.0,2.0,0.0,25.0,0.0,8,0,0,0,0,0,0,62.9688,57.3,67.1,0.0,8.0,0.0,35.0
108,9,17.0,0.0,0.0,25.0,0.0,8,0,0,0,0,0,0,62.5438,56.95,66.75,0.0,8.0,0.0,35.0
109,9,17.0,0.0,0.0,25.0,0.0,7,0,1,0,0,0,0,62.1625,56.6,66.4,0.0,8.0,1.0,36.0
110,9,17.0,0.0,0.0,25.0,0.0,8,0,0,0,0,0,0,61.7,56.25,65.9,0.0,8.0,0.0,36.0
111,9,16.0,0.0,1.0,26.0,0.0,7,1,0,0,0,0,0,61.2375,55.9,65.4,0.0,8.0,0.0,36.0
112,8,16.0,0.0,0.0,26.0,0.0,8,0,0,0,0,0,0,60.7938,55.55,64.9,0.0,8.0,0.0,36.0
113,8,16.0,0.0,0.0,26.0,0.0,8,0,0,0,0,0,0,60.35,55.2,64.4,0.0,8.0,0.0,36.0
114,8,15.0,0.0,1.0,27.0,0.0,6,1,1,0,0,0,0,59.95,54.85,63.9,0.0,8.0,1.0,37.0
115,10,18.0,3.0,0.0,27.0,0.0,8,0,0,0,0,0,0,59.5063,54.5,63.4,0.0,8.0,0.0,37.0
116,10,18.0,0.0,0.0,27.0,0.0,8,0,0,0,0,0,0,59.0625,54.15,62.9,0.0,8.0,0.0,37.0
117,10,17.0,0.0,1.0,28.0,0.0,7,1,0,0,0,0,0,58.6188,53.8,62.4,0.0,8.0,0.0,37.0
118,9,17.0,0.0,0.0,28.0,0.0,8,0,0,0,0,0,0,58.1938,53.45,61.9,0.0,8.0,0.0,37.0
119,9,16.0,0.0,1.0,29.0,0.0,5,1,2,0,0,0,0,57.875,53.1,61.4,0.0,8.0,2.0,39.0
120,8,15.0,0.0,1.0,30.0,0.0,5,1,2,0,0,0,0,57.6,53.1,60.9,1.0,9.0,3.0,42.0
121,8,15.0,1.0,1.0,31.0,0.0,6,1,1,0,0,0,0,57.2188,52.75,60.9,0.0,9.0,1.0,43.0
122,7,15.0,0.0,0.0,31.0,0.0,7,0,1,0,0,0,0,56.9188,52.4,60.55,0.0,9.0,1.0,44.0
123,8,16.0,1.0,0.0,31.0,0.0,8,0,0,0,0,0,0,56.5563,52.05,60.2,1.0,10.0,1.0,45.0
124,8,16.0,0.0,0.0,31.0,0.0,8,0,0,0,0,0,0,56.15,51.7,59.85,0.0,10.0,0.0,45.0
125,9,17.0,1.0,0.0,31.0,0.0,8,0,0,0,0,0,0,55.7438,51.35,59.5,0.0,10.0,0.0,45.0
126,9,17.0,0.0,0.0,31.0,0.0,8,0,0,0,0,0,0,55.3375,51.0,59.15,0.0,10.0,0.0,45.0
127,10,18.0,1.0,0.0,31.0,0.0,8,0,0,0,0,0,0,54.9313,50.65,58.8,0.0,10.0,0.0,45.0
128,10,18.0,0.0,0.0,31.0,0.0,8,0,0,0,0,0,0,54.525,50.3,58.45,0.0,10.0,0.0,45.0
129,10,18.0,0.0,0.0,31.0,0.0,8,0,0,0,0,0,0,54.0813,49.8,58.1,0.0,10.0,0.0,45.0
130,10,18.0,0.0,0.0,31.0,0.0,8,0,0,0,0,0,0,53.6375,49.3,57.75,0.0,10.0,0.0,45.0
131,11,19.0,1.0,0.0,31.0,0.0,8,0,0,0,0,0,0,53.1563,48.8,57.4,0.0,10.0,0.0,45.0
132,11,19.0,0.0,0.0,31.0,0.0,8,0,0,0,0,0,0,52.675,48.3,57.05,0.0,10.0,0.0,45.0
133,11,19.0,0.0,0.0,31.0,0.0,8,0,0,0,0,0,0,52.175,47.8,56.55,0.0,10.0,0.0,45.0
134,11,18.0,0.0,1.0,32.0,0.0,7,1,0,0,0,0,0,51.675,47.3,56.05,0.0,10.0,0.0,45.0
135,12,20.0,2.0,0.0,32.0,0.0,7,0,1,0,0,0,0,51.2563,46.8,55.55,0.0,10.0,1.0,46.0
136,12,20.0,0.0,0.0,32.0,0.0,7,0,1,0,0,0,0,50.9,46.3,55.05,1.0,11.0,2.0,48.0
137,12,19.0,0.0,1.0,33.0,0.0,7,1,0,0,0,0,0,50.4188,45.8,54.55,0.0,11.0,0.0,48.0
138,11,18.0,0.0,1.0,34.0,0.0,6,1,1,0,0,0,0,50.0188,45.3,54.05,0.0,11.0,1.0,49.0
139,12,20.0,2.0,0.0,34.0,0.0,8,0,0,0,0,0,0,49.575,44.8,53.7,0.0,11.0,0.0,49.0
140,12,20.0,0.0,0.0,34.0,0.0,8,0,0,0,0,0,0,49.1313,44.3,53.35,0.0,11.0,0.0,49.0
141,12,20.0,0.0,0.0,34.0,0.0,8,0,0,0,0,0,0,48.6875,43.8,53.0,0.0,11.0,0.0,49.0
142,12,20.0,0.0,0.0,34.0,0.0,8,0,0,0,0,0,0,48.2438,43.3,52.65,0.0,11.0,0.0,49.0
143,12,20.0,0.0,0.0,34.0,0.0,8,0,0,0,0,0,0,47.8,42.8,52.3,0.0,11.0,0.0,49.0
144,12,17.0,0.0,3.0,37.0,0.0,5,3,0,0,0,0,0,47.3563,42.3,51.95,0.0,11.0,0.0,49.0
145,10,17.0,1.0,1.0,38.0,0.0,7,1,0,0,0,0,0,46.9688,41.8,51.6,0.0,11.0,0.0,49.0
146,9,17.0,0.0,0.0,38.0,0.0,7,0,1,0,0,0,0,46.625,41.45,51.6,0.0,11.0,1.0,50.0
147,10,18.0,1.0,0.0,38.0,0.0,8,0,0,0,0,0,0,46.2375,41.1,51.25,0.0,11.0,0.0,50.0
148,10,18.0,0.0,0.0,38.0,0.0,8,0,0,0,0,0,0,45.85,40.75,50.9,0.0,11.0,0.0,50.0
149,11,19.0,1.0,0.0,38.0,0.0,5,0,3,0,0,0,0,45.6125,40.75,50.9,0.0,11.0,3.0,53.0
150,11,19.0,0.0,0.0,38.0,0.0,7,0,1,0,0,0,0,45.3563,40.75,50.9,2.0,13.0,3.0,56.0
151,12,20.0,1.0,0.0,38.0,0.0,8,0,0,0,0,0,0,44.9313,40.4,50.55,0.0,13.0,0.0,56.0
152,12,20.0,0.0,0.0,38.0,0.0,8,0,0,0,0,0,0,44.5063,40.05,50.2,0.0,13.0,0.0,56.0
153,12,20.0,0.0,0.0,38.0,0.0,6,0,2,0,0,0,0,44.2063,39.7,49.85,0.0,13.0,2.0,58.0
154,12,20.0,0.0,0.0,38.0,0.0,7,0,1,0,0,0,0,43.8875,39.35,49.5,1.0,14.0,2.0,60.0
155,14,22.0,2.0,0.0,38.0,0.0,8,0,0,0,0,0,0,43.4438,39.0,49.15,0.0,14.0,0.0,60.0
156,14,22.0,0.0,0.0,38.0,0.0,8,0,0,0,0,0,0,43.0438,38.5,48.8,0.0,14.0,0.0,60.0
157,14,21.0,0.0,1.0,39.0,0.0,6,1,1,0,0,0,0,42.6438,38.0,48.45,0.0,14.0,1.0,61.0
158,13,21.0,0.0,0.0,39.0,0.0,8,0,0,0,0,0,0,42.2,37.5,48.1,0.0,14.0,0.0,61.0
159,13,21.0,0.0,0.0,39.0,0.0,6,0,2,0,0,0,0,41.8625,37.0,48.1,0.0,14.0,2.0,63.0
160,13,21.0,0.0,0.0,39.0,0.0,7,0,1,0,0,0,0,41.525,36.5,48.1,1.0,15.0,2.0,65.0
161,13,21.0,0.0,0.0,39.0,0.0,8,0,0,0,0,0,0,41.0813,36.0,47.75,0.0,15.0,0.0,65.0
162,13,20.0,0.0,1.0,40.0,0.0,7,1,0,0,0,0,0,40.6375,35.5,47.4,0.0,15.0,0.0,65.0
163,15,23.0,3.0,0.0,40.0,0.0,8,0,0,0,0,0,0,40.1938,35.15,47.05,0.0,15.0,0.0,65.0
164,15,23.0,0.0,0.0,40.0,0.0,7,0,1,0,0,0,0,39.8125,34.8,46.7,0.0,15.0,1.0,66.0
165,16,24.0,1.0,0.0,40.0,0.0,7,0,1,0,0,0,0,39.475,34.45,46.35,1.0,16.0,2.0,68.0
166,16,24.0,0.0,0.0,40.0,0.0,8,0,0,0,0,0,0,39.0125,34.1,46.0,0.0,16.0,0.0,68.0
167,16,24.0,0.0,0.0,40.0,0.0,8,0,0,0,0,0,0,38.55,33.75,45.65,0.0,16.0,0.0,68.0
168,16,24.0,0.0,0.0,40.0,0.0,8,0,0,0,0,0,0,38.0875,33.4,45.3,0.0,16.0,0.0,68.0
169,16,23.0,0.0,1.0,41.0,0.0,7,1,0,0,0,0,0,37.625,33.05,44.95,0.0,16.0,0.0,68.0
170,15,23.0,0.0,0.0,41.0,0.0,6,0,2,0,0,0,0,37.3063,32.7,44.6,0.0,16.0,2.0,70.0
171,16,22.0,1.0,2.0,43.0,0.0,6,2,0,0,0,0,0,36.8625,32.35,44.25,0.0,16.0,0.0,70.0
172,14,22.0,0.0,0.0,43.0,0.0,7,0,1,0,0,0,0,36.5,32.35,43.9,0.0,16.0,1.0,71.0
173,14,21.0,0.0,1.0,44.0,0.0,6,1,1,0,0,0,0,36.2,32.35,43.55,1.0,17.0,2.0,73.0
174,13,21.0,0.0,0.0,44.0,0.0,8,0,0,0,0,0,0,35.7938,32.0,43.05,0.0,17.0,0.0,73.0
175,15,23.0,2.0,0.0,44.0,0.0,7,0,1,0,0,0,0,35.4313,31.65,42.55,0.0,17.0,1.0,74.0
176,15,23.0,0.0,0.0,44.0,0.0,8,0,0,0,0,0,0,35.0063,31.3,42.05,0.0,17.0,0.0,74.0
177,16,23.0,1.0,1.0,45.0,0.0,5,1,2,0,0,0,0,34.6688,30.8,41.55,0.0,17.0,2.0,76.0
178,15,23.0,0.0,0.0,45.0,0.0,7,0,1,0,0,0,0,34.35,30.3,41.05,1.0,18.0,2.0,78.0
179,16,22.0,1.0,2.0,47.0,0.0,6,2,0,0,0,0,0,33.9438,29.8,40.55,0.0,18.0,0.0,78.0
180,14,22.0,0.0,0.0,47.0,0.0,6,0,2,0,0,0,0,33.6438,29.45,40.55,0.0,18.0,2.0,80.0
181,14,22.0,0.0,0.0,47.0,0.0,8,0,0,0,0,0,0,33.2563,29.1,40.2,0.0,18.0,0.0,80.0
182,14,22.0,0.0,0.0,47.0,0.0,4,0,4,0,0,0,0,33.0625,28.75,40.2,0.0,18.0,4.0,84.0
183,14,22.0,0.0,0.0,47.0,0.0,7,0,1,0,0,0,0,32.7625,28.4,39.85,1.0,19.0,2.0,86.0
184,14,22.0,0.0,0.0,47.0,0.0,8,0,0,0,0,0,0,32.375,28.05,39.5,0.0,19.0,0.0,86.0
185,15,23.0,1.0,0.0,47.0,0.0,6,0,2,0,0,0,0,32.0938,27.7,39.15,0.0,19.0,2.0,88.0
186,15,23.0,0.0,0.0,47.0,0.0,5,0,3,0,0,0,0,31.8813,27.35,39.15,1.0,20.0,4.0,92.0
187,17,25.0,2.0,0.0,47.0,0.0,6,0,2,0,0,0,0,31.5625,27.0,38.8,0.0,20.0,2.0,94.0
188,17,25.0,0.0,0.0,47.0,0.0,5,0,3,0,0,0,0,31.3938,26.5,38.8,1.0,21.0,4.0,98.0
189,17,25.0,0.0,0.0,47.0,0.0,7,0,1,0,0,0,0,31.0563,26.0,38.8,1.0,22.0,2.0,100.0
190,17,25.0,0.0,0.0,47.0,0.0,8,0,0,0,0,0,0,30.6125,25.5,38.45,0.0,22.0,0.0,100.0
191,18,25.0,1.0,1.0,48.0,0.0,7,1,0,0,0,0,0,30.15,25.0,38.1,0.0,22.0,0.0,100.0
192,17,25.0,0.0,0.0,48.0,0.0,8,0,0,0,0,0,0,29.7063,24.5,37.75,0.0,22.0,0.0,100.0
193,17,24.0,0.0,1.0,49.0,0.0,7,1,0,0,0,0,0,29.2625,24.0,37.4,0.0,22.0,0.0,100.0
194,16,24.0,0.0,0.0,49.0,0.0,6,0,2,0,0,0,0,28.925,23.65,37.4,0.0,22.0,2.0,102.0
195,18,26.0,2.0,0.0,49.0,0.0,7,0,1,0,0,0,0,28.5875,23.3,37.4,1.0,23.0,2.0,104.0
196,18,25.0,0.0,1.0,50.0,0.0,7,1,0,0,0,0,0,28.1625,22.95,37.05,0.0,23.0,0.0,104.0
197,17,24.0,0.0,1.0,51.0,0.0,7,1,0,0,0,0,0,27.7563,22.6,36.7,0.0,23.0,0.0,104.0
198,16,24.0,0.0,0.0,51.0,0.0,8,0,0,0,0,0,0,27.3688,22.25,36.35,0.0,23.0,0.0,104.0
199,17,25.0,1.0,0.0,51.0,0.0,6,0,2,0,0,0,0,27.0875,21.9,36.35,0.0,23.0,2.0,106.0
200,17,25.0,0.0,0.0,51.0,0.0,6,0,2,0,0,0,0,26.85,21.9,36.35,1.0,24.0,3.0,109.0
201,17,25.0,0.0,0.0,51.0,0.0,8,0,0,0,0,0,0,26.4438,21.55,36.0,0.0,24.0,0.0,109.0
202,17,24.0,0.0,1.0,52.0,0.0,7,1,0,0,0,0,0,26.0375,21.2,35.65,0.0,24.0,0.0,109.0
203,17,25.0,1.0,0.0,52.0,0.0,6,0,2,0,0,0,0,25.7375,20.85,35.65,0.0,24.0,2.0,111.0
204,17,25.0,0.0,0.0,52.0,0.0,7,0,1,0,0,0,0,25.4188,20.5,35.65,1.0,25.0,2.0,113.0
205,19,27.0,2.0,0.0,52.0,0.0,8,0,0,0,0,0,0,25.0125,20.15,35.3,0.0,25.0,0.0,113.0
206,19,27.0,0.0,0.0,52.0,0.0,8,0,0,0,0,0,0,24.5875,19.8,34.95,0.0,25.0,0.0,113.0
207,19,26.0,0.0,1.0,53.0,0.0,7,1,0,0,0,0,0,24.1438,19.3,34.6,0.0,25.0,0.0,113.0
208,18,25.0,0.0,1.0,54.0,0.0,7,1,0,0,0,0,0,23.7188,18.8,34.25,0.0,25.0,0.0,113.0
209,17,25.0,0.0,0.0,54.0,0.0,8,0,0,0,0,0,0,23.3125,18.3,33.9,0.0,25.0,0.0,113.0
210,17,25.0,0.0,0.0,54.0,0.0,8,0,0,0,0,0,0,22.8875,17.8,33.55,0.0,25.0,0.0,113.0
211,19,27.0,2.0,0.0,54.0,0.0,6,0,2,0,0,0,0,22.55,17.3,33.55,0.0,25.0,2.0,115.0
212,19,27.0,0.0,0.0,54.0,0.0,7,0,1,0,0,0,0,22.2125,16.8,33.55,1.0,26.0,2.0,117.0
213,19,27.0,0.0,0.0,54.0,0.0,8,0,0,0,0,0,0,21.7875,16.3,33.2,0.0,26.0,0.0,117.0
214,19,26.0,0.0,1.0,55.0,0.0,6,1,1,0,0,0,0,21.4063,15.8,32.85,0.0,26.0,1.0,118.0
215,20,27.0,1.0,0.0,55.0,0.0,7,1,0,0,0,0,0,21.0438,15.8,32.5,0.0,26.0,0.0,118.0
216,20,27.0,0.0,0.0,55.0,0.0,7,1,0,0,0,0,0,20.6813,15.8,32.15,0.0,26.0,0.0,118.0
217,20,27.0,0.0,0.0,55.0,0.0,7,1,0,0,0,0,0,20.3,15.8,31.8,0.0,26.0,0.0,118.0
218,20,27.0,0.0,0.0,55.0,0.0,7,1,0,0,0,0,0,19.9188,15.8,31.45,0.0,26.0,0.0,118.0
219,22,28.0,2.0,1.0,56.0,0.0,6,2,0,0,0,0,0,19.5375,15.4,31.1,0.0,26.0,0.0,118.0
220,20,28.0,0.0,0.0,56.0,0.0,7,0,0,0,1,0,0,19.1313,14.9,30.75,0.0,26.0,0.0,118.0
221,20,28.0,0.0,0.0,56.0,0.0,6,0,1,0,1,0,0,18.7688,14.55,30.4,0.0,26.0,1.0,119.0
222,20,27.0,0.0,1.0,57.0,0.0,6,1,0,0,1,0,0,18.3625,14.2,30.05,0.0,26.0,0.0,119.0
223,21,28.0,1.0,0.0,57.0,0.0,6,0,0,0,2,0,0,17.975,13.85,29.7,0.0,26.0,0.0,119.0
224,21,28.0,0.0,0.0,57.0,0.0,6,0,0,0,2,0,0,17.5688,13.5,29.2,0.0,26.0,0.0,119.0
225,22,29.0,1.0,0.0,57.0,0.0,6,0,0,0,2,0,0,17.1625,13.15,28.7,0.0,26.0,0.0,119.0
226,22,29.0,0.0,0.0,57.0,0.0,4,0,0,0,4,0,0,16.7563,12.8,28.2,0.0,26.0,0.0,119.0
227,23,30.0,1.0,0.0,57.0,0.0,4,0,0,0,4,0,0,16.35,12.45,27.7,0.0,26.0,0.0,119.0
228,23,30.0,0.0,0.0,57.0,0.0,2,0,2,0,3,1,0,16.05,12.45,27.2,0.0,26.0,2.0,121.0
229,23,30.0,0.0,0.0,57.0,0.0,3,0,0,0,4,1,0,15.7063,12.1,26.7,0.0,26.0,0.0,121.0
230,23,30.0,0.0,0.0,57.0,0.0,2,0,0,0,4,2,0,15.3625,11.75,26.2,0.0,26.0,0.0,121.0
231,23,30.0,0.0,0.0,57.0,0.0,2,0,0,0,4,2,0,15.0625,11.4,25.7,0.0,26.0,0.0,121.0
232,23,30.0,0.0,0.0,57.0,0.0,2,0,0,0,4,2,0,14.7625,11.05,25.2,0.0,26.0,0.0,121.0
233,24,31.0,1.0,0.0,57.0,0.0,2,0,0,0,4,2,0,14.4625,10.7,24.7,0.0,26.0,0.0,121.0
234,24,29.0,0.0,2.0,59.0,0.0,0,2,0,0,4,2,0,14.1625,10.35,24.2,0.0,26.0,0.0,121.0
235,27,32.0,3.0,0.0,59.0,0.0,1,0,0,0,4,3,0,13.9438,10.0,23.85,0.0,26.0,0.0,121.0
236,27,32.0,0.0,0.0,59.0,0.0,1,0,0,0,4,3,0,13.725,9.65,23.5,0.0,26.0,0.0,121.0
237,27,32.0,0.0,0.0,59.0,0.0,1,0,0,0,4,3,0,13.5063,9.3,23.15,0.0,26.0,0.0,121.0
238,27,32.0,0.0,0.0,59.0,0.0,1,0,0,1,3,3,0,13.2875,8.95,22.8,0.0,26.0,0.0,121.0
239,27,32.0,0.0,0.0,59.0,0.0,1,0,0,1,3,3,0,14.225,8.6,22.3,0.0,26.0,0.0,121.0
240,27,32.0,0.0,0.0,59.0,0.0,1,0,0,1,3,3,0,15.1625,8.25,27.6,0.0,26.0,0.0,121.0
241,27,31.0,0.0,1.0,60.0,0.0,0,1,0,1,3,3,0,16.1,7.9,36.65,0.0,26.0,0.0,121.0
242,27,31.0,0.0,0.0,60.0,0.0,1,0,0,1,3,3,0,17.0563,7.55,45.7,0.0,26.0,0.0,121.0
243,28,32.0,1.0,0.0,60.0,0.0,1,0,0,1,3,3,0,18.0125,7.2,54.75,0.0,26.0,0.0,121.0
244,28,32.0,0.0,0.0,60.0,0.0,1,0,0,1,3,3,0,18.9688,6.85,63.8,0.0,26.0,0.0,121.0
245,29,33.0,1.0,0.0,60.0,0.0,1,0,0,1,3,3,0,19.925,6.5,72.85,0.0,26.0,0.0,121.0
246,29,33.0,0.0,0.0,60.0,0.0,1,0,0,3,1,3,0,20.8813,6.15,81.9,0.0,26.0,0.0,121.0
247,31,35.0,2.0,0.0,60.0,0.0,1,0,0,3,1,3,0,24.2344,7.35,90.95,0.0,26.0,0.0,121.0
248,31,35.0,0.0,0.0,60.0,0.0,2,0,0,2,2,2,0,27.5,7.0,99.65,0.0,26.0,0.0,121.0
249,31,35.0,0.0,0.0,60.0,0.0,2,0,0,2,2,2,0,29.6344,6.65,99.3,0.0,26.0,0.0,121.0
250,31,35.0,0.0,0.0,60.0,0.0,2,0,0,2,2,2,0,31.7688,6.3,98.95,0.0,26.0,0.0,121.0
251,32,36.0,1.0,0.0,60.0,0.0,2,0,0,2,2,2,0,33.9031,5.95,98.6,0.0,26.0,0.0,121.0
252,32,36.0,0.0,0.0,60.0,0.0,2,0,0,2,2,2,0,36.0375,5.6,98.25,0.0,26.0,0.0,121.0
253,32,36.0,0.0,0.0,60.0,0.0,2,0,0,2,2,2,0,38.1719,5.25,97.9,0.0,26.0,0.0,121.0
254,32,36.0,0.0,0.0,60.0,0.0,2,0,0,2,2,2,0,40.3063,4.9,97.55,0.0,26.0,0.0,121.0
255,33,37.0,1.0,0.0,60.0,0.0,2,0,0,2,2,2,0,42.4406,4.55,97.2,0.0,26.0,0.0,121.0
256,32,37.0,0.0,0.0,60.0,0.0,2,0,1,0,4,1,0,44.4438,4.2,100.0,0.0,26.0,1.0,122.0
257,32,37.0,0.0,0.0,60.0,0.0,3,0,0,0,4,1,0,44.1375,3.85,99.65,0.0,26.0,0.0,122.0
258,32,37.0,0.0,0.0,60.0,0.0,3,0,0,0,4,1,0,43.8313,3.5,99.3,0.0,26.0,0.0,122.0
259,34,39.0,2.0,0.0,60.0,0.0,3,0,0,0,4,1,0,43.525,3.15,98.95,0.0,26.0,0.0,122.0
260,34,39.0,0.0,0.0,60.0,0.0,3,0,0,1,3,1,0,43.2188,2.8,98.6,0.0,26.0,0.0,122.0
261,35,40.0,1.0,0.0,60.0,0.0,3,0,0,1,3,1,0,44.08,2.45,98.25,0.0,26.0,0.0,122.0
262,35,40.0,0.0,0.0,60.0,0.0,3,0,0,1,3,1,0,44.9413,2.1,97.9,0.0,26.0,0.0,122.0
263,35,40.0,0.0,0.0,60.0,0.0,3,0,0,2,2,1,0,45.8025,1.75,97.55,0.0,26.0,0.0,122.0
264,35,40.0,0.0,0.0,60.0,0.0,3,0,0,2,2,1,0,47.9356,11.55,97.2,0.0,26.0,0.0,122.0
265,36,41.0,1.0,0.0,60.0,0.0,3,0,0,2,2,1,0,50.0688,11.2,96.85,0.0,26.0,0.0,122.0
266,36,41.0,0.0,0.0,60.0,0.0,3,0,0,2,2,1,0,52.2019,10.85,96.5,0.0,26.0,0.0,122.0
267,37,42.0,1.0,0.0,60.0,0.0,3,0,0,2,2,1,0,54.3163,10.5,96.15,0.0,26.0,0.0,122.0
268,37,42.0,0.0,0.0,60.0,0.0,3,0,0,2,2,1,0,56.4306,10.15,95.8,0.0,26.0,0.0,122.0
269,37,42.0,0.0,0.0,60.0,0.0,3,0,0,2,2,1,0,58.545,9.8,95.45,0.0,26.0,0.0,122.0
270,37,42.0,0.0,0.0,60.0,0.0,4,0,0,1,3,0,0,60.5719,9.45,99.65,0.0,26.0,0.0,122.0
271,38,42.0,1.0,1.0,61.0,0.0,3,1,1,1,2,0,0,61.5188,9.1,99.3,0.0,26.0,1.0,123.0
272,37,42.0,0.0,0.0,61.0,0.0,3,0,1,1,3,0,0,62.5281,8.75,98.95,1.0,27.0,2.0,125.0
273,36,42.0,0.0,0.0,61.0,0.0,5,0,0,0,3,0,0,63.4063,8.4,99.65,0.0,27.0,0.0,125.0
274,36,42.0,0.0,0.0,61.0,0.0,5,0,0,1,2,0,0,63.0563,8.05,99.3,0.0,27.0,0.0,125.0
275,39,45.0,3.0,0.0,61.0,0.0,5,0,0,1,2,0,0,63.8894,7.7,98.95,0.0,27.0,0.0,125.0
276,39,45.0,0.0,0.0,61.0,0.0,5,0,0,1,2,0,0,64.7038,7.35,98.6,0.0,27.0,0.0,125.0
277,39,45.0,0.0,0.0,61.0,0.0,5,0,0,1,2,0,0,65.4994,7.0,98.25,0.0,27.0,0.0,125.0
278,39,45.0,0.0,0.0,61.0,0.0,5,0,0,1,2,0,0,66.2763,6.65,97.9,0.0,27.0,0.0,125.0
279,39,45.0,0.0,0.0,61.0,0.0,5,0,0,1,2,0,0,67.0531,6.3,97.55,0.0,27.0,0.0,125.0
280,39,45.0,0.0,0.0,61.0,0.0,5,0,0,1,2,0,0,67.83,5.95,97.2,0.0,27.0,0.0,125.0
281,39,45.0,0.0,0.0,61.0,0.0,5,0,0,1,2,0,0,68.6069,5.6,96.85,0.0,27.0,0.0,125.0
282,39,44.0,0.0,1.0,62.0,0.0,4,1,0,1,2,0,0,69.3838,5.25,96.5,0.0,27.0,0.0,125.0
283,40,46.0,2.0,0.0,62.0,0.0,5,0,0,1,2,0,0,70.1794,4.9,96.15,0.0,27.0,0.0,125.0
284,40,45.0,0.0,1.0,63.0,0.0,5,1,0,1,1,0,0,70.9313,4.55,99.65,0.0,27.0,0.0,125.0
285,40,46.0,1.0,0.0,63.0,0.0,6,0,0,1,1,0,0,71.7994,8.95,99.3,0.0,27.0,0.0,125.0
286,40,46.0,0.0,0.0,63.0,0.0,6,0,0,1,1,0,0,72.6675,8.6,98.95,0.0,27.0,0.0,125.0
287,40,46.0,0.0,0.0,63.0,0.0,6,0,0,1,1,0,0,73.5356,8.25,98.6,0.0,27.0,0.0,125.0
288,40,45.0,0.0,1.0,64.0,0.0,5,1,0,1,1,0,0,74.4038,7.9,98.25,0.0,27.0,0.0,125.0
289,40,46.0,1.0,0.0,64.0,0.0,6,0,0,1,1,0,0,75.2906,7.55,97.9,0.0,27.0,0.0,125.0
290,40,46.0,0.0,0.0,64.0,0.0,6,0,0,1,1,0,0,76.1775,7.2,97.55,0.0,27.0,0.0,125.0
291,41,47.0,1.0,0.0,64.0,0.0,6,0,0,1,1,0,0,77.0644,6.85,97.2,0.0,27.0,0.0,125.0
292,41,47.0,0.0,0.0,64.0,0.0,6,0,0,1,1,0,0,77.9325,6.5,96.85,0.0,27.0,0.0,125.0
293,41,47.0,0.0,0.0,64.0,0.0,6,0,0,1,1,0,0,78.8006,6.15,96.5,0.0,27.0,0.0,125.0
294,40,47.0,0.0,0.0,64.0,0.0,7,0,0,0,1,0,0,79.625,5.8,99.65,0.0,27.0,0.0,125.0
295,42,49.0,2.0,0.0,64.0,0.0,7,0,0,0,1,0,0,79.2563,5.45,99.3,0.0,27.0,0.0,125.0
296,42,49.0,0.0,0.0,64.0,0.0,6,0,1,0,1,0,0,78.9313,5.1,98.95,0.0,27.0,1.0,126.0
297,42,49.0,0.0,0.0,64.0,0.0,7,0,0,0,1,0,0,78.5625,4.75,98.6,0.0,27.0,0.0,126.0
298,42,49.0,0.0,0.0,64.0,0.0,7,0,0,0,1,0,0,78.1938,4.4,98.25,0.0,27.0,0.0,126.0
299,43,50.0,1.0,0.0,64.0,0.0,7,0,0,0,1,0,0,77.8063,4.05,97.9,0.0,27.0,0.0,126.0
300,43,50.0,0.0,0.0,64.0,0.0,7,0,0,1,0,0,0,77.4188,3.7,97.55,0.0,27.0,0.0,126.0
301,43,50.0,0.0,0.0,64.0,0.0,6,0,1,1,0,0,0,78.3038,13.33,97.2,0.0,27.0,1.0,127.0
302,43,49.0,0.0,1.0,65.0,0.0,6,1,0,1,0,0,0,79.1075,22.96,96.85,0.0,27.0,0.0,127.0
303,43,50.0,1.0,0.0,65.0,0.0,7,0,0,1,0,0,0,79.9113,32.59,96.5,0.0,27.0,0.0,127.0
304,43,50.0,0.0,0.0,65.0,0.0,7,0,0,1,0,0,0,80.715,42.22,96.15,0.0,27.0,0.0,127.0
305,44,51.0,1.0,0.0,65.0,0.0,7,0,0,1,0,0,0,81.5188,51.85,95.8,0.0,27.0,0.0,127.0
306,44,50.0,0.0,1.0,66.0,0.0,6,1,0,1,0,0,0,82.3225,61.48,95.45,0.0,27.0,0.0,127.0
307,45,50.0,2.0,2.0,68.0,0.0,5,2,0,1,0,0,0,83.145,71.11,95.1,0.0,27.0,0.0,127.0
308,43,50.0,0.0,0.0,68.0,0.0,5,0,2,1,0,0,0,84.1113,75.4,94.75,0.0,27.0,2.0,129.0
309,43,50.0,0.0,0.0,68.0,0.0,6,0,1,1,0,0,0,85.0775,74.9,94.4,1.0,28.0,2.0,131.0
310,42,50.0,0.0,0.0,68.0,0.0,8,0,0,0,0,0,0,85.8938,74.4,99.65,0.0,28.0,0.0,131.0
311,42,49.0,0.0,1.0,69.0,0.0,7,1,0,0,0,0,0,85.5063,73.9,99.3,0.0,28.0,0.0,131.0
312,41,49.0,0.0,0.0,69.0,0.0,8,0,0,0,0,0,0,85.1375,73.4,98.95,0.0,28.0,0.0,131.0
313,41,49.0,0.0,0.0,69.0,0.0,8,0,0,0,0,0,0,84.75,72.9,98.6,0.0,28.0,0.0,131.0
314,41,49.0,0.0,0.0,69.0,0.0,8,0,0,0,0,0,0,84.3625,72.4,98.25,0.0,28.0,0.0,131.0
315,43,51.0,2.0,0.0,69.0,0.0,6,0,2,0,0,0,0,84.0813,72.4,97.9,0.0,28.0,2.0,133.0
316,43,51.0,0.0,0.0,69.0,0.0,7,0,1,0,0,0,0,83.8,72.4,97.55,1.0,29.0,2.0,135.0
317,44,52.0,1.0,0.0,69.0,0.0,8,0,0,0,0,0,0,83.4125,71.9,97.2,0.0,29.0,0.0,135.0
318,44,52.0,0.0,0.0,69.0,0.0,8,0,0,0,0,0,0,83.025,71.4,96.85,0.0,29.0,0.0,135.0
319,45,52.0,1.0,1.0,70.0,0.0,6,1,1,0,0,0,0,82.6625,70.9,96.5,0.0,29.0,1.0,136.0
320,44,52.0,0.0,0.0,70.0,0.0,7,0,1,0,0,0,0,82.3625,70.4,96.15,1.0,30.0,2.0,138.0
321,44,52.0,0.0,0.0,70.0,0.0,8,0,0,0,0,0,0,81.9563,69.9,95.8,0.0,30.0,0.0,138.0
322,44,52.0,0.0,0.0,70.0,0.0,7,0,1,0,0,0,0,81.5938,69.4,95.45,0.0,30.0,1.0,139.0
323,45,52.0,1.0,1.0,71.0,0.0,7,1,0,0,0,0,0,81.1875,68.9,95.1,0.0,30.0,0.0,139.0
324,44,52.0,0.0,0.0,71.0,0.0,8,0,0,0,0,0,0,80.8,68.4,94.75,0.0,30.0,0.0,139.0
325,45,53.0,1.0,0.0,71.0,0.0,7,0,1,0,0,0,0,80.475,68.4,94.4,0.0,30.0,1.0,140.0
326,45,53.0,0.0,0.0,71.0,0.0,7,0,1,0,0,0,0,80.1938,68.4,94.05,1.0,31.0,2.0,142.0
327,45,53.0,0.0,0.0,71.0,0.0,8,0,0,0,0,0,0,79.7875,67.9,93.7,0.0,31.0,0.0,142.0
328,45,53.0,0.0,0.0,71.0,0.0,8,0,0,0,0,0,0,79.3813,67.4,93.35,0.0,31.0,0.0,142.0
329,45,53.0,0.0,0.0,71.0,0.0,6,0,2,0,0,0,0,79.0813,67.4,93.0,0.0,31.0,2.0,144.0
330,45,53.0,0.0,0.0,71.0,0.0,7,0,1,0,0,0,0,78.7625,67.4,92.65,1.0,32.0,2.0,146.0
331,48,56.0,3.0,0.0,71.0,0.0,7,0,1,0,0,0,0,78.3813,66.9,92.3,0.0,32.0,1.0,147.0
332,48,56.0,0.0,0.0,71.0,0.0,8,0,0,0,0,0,0,77.9375,66.4,91.95,0.0,32.0,0.0,147.0
333,48,55.0,0.0,1.0,72.0,0.0,7,1,0,0,0,0,0,77.475,65.9,91.6,0.0,32.0,0.0,147.0
334,47,54.0,0.0,1.0,73.0,0.0,7,1,0,0,0,0,0,77.0313,65.4,91.25,0.0,32.0,0.0,147.0
335,47,54.0,1.0,1.0,74.0,0.0,7,1,0,0,0,0,0,76.6063,64.9,90.9,0.0,32.0,0.0,147.0
336,46,54.0,0.0,0.0,74.0,0.0,8,0,0,0,0,0,0,76.2,64.4,90.55,0.0,32.0,0.0,147.0
337,46,54.0,0.0,0.0,74.0,0.0,8,0,0,0,0,0,0,75.7938,63.9,90.2,0.0,32.0,0.0,147.0
338,46,54.0,0.0,0.0,74.0,0.0,7,0,1,0,0,0,0,75.45,63.4,89.85,0.0,32.0,1.0,148.0
339,47,55.0,1.0,0.0,74.0,0.0,8,0,0,0,0,0,0,75.0438,62.9,89.5,0.0,32.0,0.0,148.0
340,47,55.0,0.0,0.0,74.0,0.0,7,0,1,0,0,0,0,74.6813,62.4,89.15,0.0,32.0,1.0,149.0
341,47,55.0,0.0,0.0,74.0,0.0,7,0,1,0,0,0,0,74.3625,61.9,88.8,1.0,33.0,2.0,151.0
342,47,55.0,0.0,0.0,74.0,0.0,8,0,0,0,0,0,0,73.9563,61.4,88.45,0.0,33.0,0.0,151.0
343,48,56.0,1.0,0.0,74.0,0.0,7,0,1,0,0,0,0,73.575,60.9,88.1,0.0,33.0,1.0,152.0
344,48,54.0,0.0,2.0,76.0,0.0,6,2,0,0,0,0,0,73.15,60.4,87.75,0.0,33.0,0.0,152.0
345,48,56.0,2.0,0.0,76.0,0.0,8,0,0,0,0,0,0,72.7625,60.05,87.4,0.0,33.0,0.0,152.0
346,48,55.0,0.0,1.0,77.0,0.0,7,1,0,0,0,0,0,72.375,59.7,87.05,0.0,33.0,0.0,152.0
347,48,56.0,1.0,0.0,77.0,0.0,8,0,0,0,0,0,0,72.0063,59.35,86.7,0.0,33.0,0.0,152.0
348,48,56.0,0.0,0.0,77.0,0.0,8,0,0,0,0,0,0,71.6188,59.0,86.2,0.0,33.0,0.0,152.0
349,48,56.0,0.0,0.0,77.0,0.0,8,0,0,0,0,0,0,71.2313,58.65,85.7,0.0,33.0,0.0,152.0
350,48,56.0,0.0,0.0,77.0,0.0,8,0,0,0,0,0,0,70.8438,58.3,85.2,0.0,33.0,0.0,152.0
351,48,55.0,0.0,1.0,78.0,0.0,7,1,0,0,0,0,0,70.4563,57.95,84.7,0.0,33.0,0.0,152.0
352,47,55.0,0.0,0.0,78.0,0.0,8,0,0,0,0,0,0,70.0688,57.6,84.2,0.0,33.0,0.0,152.0
353,47,55.0,0.0,0.0,78.0,0.0,8,0,0,0,0,0,0,69.6813,57.25,83.7,0.0,33.0,0.0,152.0
354,47,55.0,0.0,0.0,78.0,0.0,6,0,2,0,0,0,0,69.3813,56.9,83.7,0.0,33.0,2.0,154.0
355,50,58.0,3.0,0.0,78.0,0.0,5,0,3,0,0,0,0,69.2313,56.9,83.7,2.0,35.0,5.0,159.0
356,50,58.0,0.0,0.0,78.0,0.0,8,0,0,0,0,0,0,68.8875,56.55,83.2,1.0,36.0,1.0,160.0
357,50,58.0,0.0,0.0,78.0,0.0,8,0,0,0,0,0,0,68.4625,56.2,82.7,0.0,36.0,0.0,160.0
358,50,58.0,0.0,0.0,78.0,0.0,8,0,0,0,0,0,0,68.0375,55.85,82.2,0.0,36.0,0.0,160.0
359,51,59.0,1.0,0.0,78.0,0.0,6,0,2,0,0,0,0,67.7188,55.85,81.7,0.0,36.0,2.0,162.0
360,51,59.0,0.0,0.0,78.0,0.0,7,0,1,0,0,0,0,67.4,55.85,81.2,1.0,37.0,2.0,164.0
361,51,59.0,0.0,0.0,78.0,0.0,8,0,0,0,0,0,0,66.9563,55.5,80.7,0.0,37.0,0.0,164.0
362,51,58.0,0.0,1.0,79.0,0.0,7,1,0,0,0,0,0,66.5125,55.15,80.2,0.0,37.0,0.0,164.0
363,51,58.0,1.0,1.0,80.0,0.0,7,1,0,0,0,0,0,66.0875,54.8,79.85,0.0,37.0,0.0,164.0
364,50,57.0,0.0,1.0,81.0,0.0,7,1,0,0,0,0,0,65.6813,54.45,79.5,0.0,37.0,0.0,164.0
365,50,58.0,1.0,0.0,81.0,0.0,8,0,0,0,0,0,0,65.2563,53.95,79.15,0.0,37.0,0.0,164.0
366,50,58.0,0.0,0.0,81.0,0.0,8,0,0,0,0,0,0,64.8313,53.45,78.8,0.0,37.0,0.0,164.0
367,51,59.0,1.0,0.0,81.0,0.0,8,0,0,0,0,0,0,64.4063,52.95,78.45,0.0,37.0,0.0,164.0
368,51,59.0,0.0,0.0,81.0,0.0,8,0,0,0,0,0,0,63.9625,52.45,78.1,0.0,37.0,0.0,164.0
369,51,59.0,0.0,0.0,81.0,0.0,8,0,0,0,0,0,0,63.5188,51.95,77.75,0.0,37.0,0.0,164.0
370,51,59.0,0.0,0.0,81.0,0.0,7,0,1,0,0,0,0,63.1188,51.45,77.75,0.0,37.0,1.0,165.0
371,52,60.0,1.0,0.0,81.0,0.0,7,0,1,0,0,0,0,62.7813,50.95,77.75,1.0,38.0,2.0,167.0
372,52,59.0,0.0,1.0,82.0,0.0,7,1,0,0,0,0,0,62.3375,50.45,77.4,0.0,38.0,0.0,167.0
373,52,59.0,1.0,1.0,83.0,0.0,7,1,0,0,0,0,0,61.9125,49.95,77.05,0.0,38.0,0.0,167.0
374,51,58.0,0.0,1.0,84.0,0.0,7,1,0,0,0,0,0,61.5063,49.6,76.7,0.0,38.0,0.0,167.0
375,51,59.0,1.0,0.0,84.0,0.0,8,0,0,0,0,0,0,61.1188,49.25,76.35,0.0,38.0,0.0,167.0
376,51,59.0,0.0,0.0,84.0,0.0,8,0,0,0,0,0,0,60.7125,48.9,76.0,0.0,38.0,0.0,167.0
377,51,58.0,0.0,1.0,85.0,0.0,7,1,0,0,0,0,0,60.25,48.55,75.5,0.0,38.0,0.0,167.0
378,50,58.0,0.0,0.0,85.0,0.0,8,0,0,0,0,0,0,59.8063,48.2,75.0,0.0,38.0,0.0,167.0
379,52,60.0,2.0,0.0,85.0,0.0,8,0,0,0,0,0,0,59.3625,47.85,74.5,0.0,38.0,0.0,167.0
380,52,60.0,0.0,0.0,85.0,0.0,8,0,0,0,0,0,0,58.9188,47.5,74.0,0.0,38.0,0.0,167.0
381,52,60.0,0.0,0.0,85.0,0.0,6,0,2,0,0,0,0,58.6,47.15,73.5,0.0,38.0,2.0,169.0
382,52,60.0,0.0,0.0,85.0,0.0,7,0,1,0,0,0,0,58.2813,46.8,73.0,1.0,39.0,2.0,171.0
383,52,60.0,0.0,0.0,85.0,0.0,8,0,0,0,0,0,0,57.8375,46.45,72.5,0.0,39.0,0.0,171.0
384,52,59.0,0.0,1.0,86.0,0.0,7,1,0,0,0,0,0,57.375,46.1,72.0,0.0,39.0,0.0,171.0
385,52,59.0,1.0,1.0,87.0,0.0,6,1,1,0,0,0,0,56.975,45.75,72.0,0.0,39.0,1.0,172.0
386,51,59.0,0.0,0.0,87.0,0.0,8,0,0,0,0,0,0,56.55,45.4,71.65,0.0,39.0,0.0,172.0
387,53,61.0,2.0,0.0,87.0,0.0,8,0,0,0,0,0,0,56.1063,45.05,71.3,0.0,39.0,0.0,172.0
388,53,61.0,0.0,0.0,87.0,0.0,8,0,0,0,0,0,0,55.6625,44.7,70.95,0.0,39.0,0.0,172.0
389,53,61.0,0.0,0.0,87.0,0.0,8,0,0,0,0,0,0,55.2188,44.35,70.6,0.0,39.0,0.0,172.0
390,53,61.0,0.0,0.0,87.0,0.0,8,0,0,0,0,0,0,54.775,44.0,70.25,0.0,39.0,0.0,172.0
391,54,61.0,1.0,1.0,88.0,0.0,7,1,0,0,0,0,0,54.3313,43.65,69.9,0.0,39.0,0.0,172.0
392,53,61.0,0.0,0.0,88.0,0.0,7,0,1,0,0,0,0,53.95,43.3,69.55,0.0,39.0,1.0,173.0
393,53,60.0,0.0,1.0,89.0,0.0,6,1,1,0,0,0,0,53.6125,42.95,69.2,1.0,40.0,2.0,175.0
394,52,60.0,0.0,0.0,89.0,0.0,8,0,0,0,0,0,0,53.2063,42.6,68.85,0.0,40.0,0.0,175.0
395,54,62.0,2.0,0.0,89.0,0.0,8,0,0,0,0,0,0,52.8,42.25,68.5,0.0,40.0,0.0,175.0
396,54,62.0,0.0,0.0,89.0,0.0,8,0,0,0,0,0,0,52.3938,41.9,68.15,0.0,40.0,0.0,175.0
397,54,62.0,0.0,0.0,89.0,0.0,8,0,0,0,0,0,0,51.9875,41.55,67.8,0.0,40.0,0.0,175.0
398,54,62.0,0.0,0.0,89.0,0.0,8,0,0,0,0,0,0,51.5625,41.05,67.45,0.0,40.0,0.0,175.0
399,54,62.0,0.0,0.0,89.0,0.0,8,0,0,0,0,0,0,51.1375,40.55,67.1,0.0,40.0,0.0,175.0
400,54,61.0,0.0,1.0,90.0,0.0,7,1,0,0,0,0,0,50.7125,40.05,66.75,0.0,40.0,0.0,175.0
401,54,62.0,1.0,0.0,90.0,0.0,8,0,0,0,0,0,0,50.3063,39.55,66.4,0.0,40.0,0.0,175.0
402,54,61.0,0.0,1.0,91.0,0.0,7,1,0,0,0,0,0,49.9,39.05,66.05,0.0,40.0,0.0,175.0
403,55,63.0,2.0,0.0,91.0,0.0,8,0,0,0,0,0,0,49.4938,38.55,65.55,0.0,40.0,0.0,175.0
404,55,63.0,0.0,0.0,91.0,0.0,8,0,0,0,0,0,0,49.0875,38.05,65.05,0.0,40.0,0.0,175.0
405,56,62.0,1.0,2.0,93.0,0.0,6,2,0,0,0,0,0,48.6625,37.55,64.55,0.0,40.0,0.0,175.0
406,54,62.0,0.0,0.0,93.0,0.0,8,0,0,0,0,0,0,48.275,37.2,64.05,0.0,40.0,0.0,175.0
407,54,62.0,0.0,0.0,93.0,0.0,8,0,0,0,0,0,0,47.8875,36.85,63.55,0.0,40.0,0.0,175.0
408,54,62.0,0.0,0.0,93.0,0.0,8,0,0,0,0,0,0,47.5,36.5,63.05,0.0,40.0,0.0,175.0
409,54,62.0,0.0,0.0,93.0,0.0,8,0,0,0,0,0,0,47.1125,36.15,62.55,0.0,40.0,0.0,175.0
410,54,62.0,0.0,0.0,93.0,0.0,8,0,0,0,0,0,0,46.7063,35.8,62.05,0.0,40.0,0.0,175.0
411,55,63.0,1.0,0.0,93.0,0.0,7,0,1,0,0,0,0,46.3438,35.45,61.55,0.0,40.0,1.0,176.0
412,55,63.0,0.0,0.0,93.0,0.0,8,0,0,0,0,0,0,45.9188,35.1,61.05,0.0,40.0,0.0,176.0
413,55,63.0,0.0,0.0,93.0,0.0,6,0,2,0,0,0,0,45.6,34.75,60.55,0.0,40.0,2.0,178.0
414,55,63.0,0.0,0.0,93.0,0.0,6,0,2,0,0,0,0,45.325,34.4,60.05,1.0,41.0,3.0,181.0
415,58,66.0,3.0,0.0,93.0,0.0,7,0,1,0,0,0,0,44.925,33.9,59.55,1.0,42.0,1.0,182.0
416,58,66.0,0.0,0.0,93.0,0.0,7,0,1,0,0,0,0,44.5875,33.4,59.55,1.0,43.0,2.0,184.0
417,58,66.0,0.0,0.0,93.0,0.0,8,0,0,0,0,0,0,44.125,32.9,59.05,0.0,43.0,0.0,184.0
418,58,65.0,0.0,1.0,94.0,0.0,7,1,0,0,0,0,0,43.6625,32.4,58.55,0.0,43.0,0.0,184.0
419,58,66.0,1.0,0.0,94.0,0.0,7,0,1,0,0,0,0,43.2625,31.9,58.2,0.0,43.0,1.0,185.0
420,58,66.0,0.0,0.0,94.0,0.0,5,0,3,0,0,0,0,43.05,31.4,57.85,1.0,44.0,4.0,189.0
421,58,66.0,0.0,0.0,94.0,0.0,7,0,1,0,0,0,0,42.7125,30.9,57.5,1.0,45.0,2.0,191.0
422,58,66.0,0.0,0.0,94.0,0.0,7,0,1,0,0,0,0,42.3125,30.4,57.15,0.0,45.0,1.0,192.0
423,58,66.0,0.0,0.0,94.0,0.0,8,0,0,0,0,0,0,41.85,29.9,56.8,0.0,45.0,0.0,192.0
424,58,66.0,0.0,0.0,94.0,0.0,8,0,0,0,0,0,0,41.3875,29.4,56.45,0.0,45.0,0.0,192.0
425,59,67.0,1.0,0.0,94.0,0.0,8,0,0,0,0,0,0,40.9063,28.9,55.95,0.0,45.0,0.0,192.0
426,59,67.0,0.0,0.0,94.0,0.0,8,0,0,0,0,0,0,40.425,28.4,55.45,0.0,45.0,0.0,192.0
427,61,69.0,2.0,0.0,94.0,0.0,7,0,1,0,0,0,0,40.0063,28.4,54.95,0.0,45.0,1.0,193.0
428,61,69.0,0.0,0.0,94.0,0.0,6,0,2,0,0,0,0,39.65,28.4,54.45,0.0,45.0,2.0,195.0
429,62,68.0,1.0,2.0,96.0,0.0,5,2,1,0,0,0,0,39.2938,28.4,53.95,1.0,46.0,2.0,197.0
430,60,68.0,0.0,0.0,96.0,0.0,7,0,1,0,0,0,0,38.9125,27.9,53.45,0.0,46.0,1.0,198.0
431,60,68.0,0.0,0.0,96.0,0.0,8,0,0,0,0,0,0,38.4688,27.4,52.95,0.0,46.0,0.0,198.0
432,60,67.0,0.0,1.0,97.0,0.0,7,1,0,0,0,0,0,38.025,26.9,52.45,0.0,46.0,0.0,198.0
433,59,66.0,0.0,1.0,98.0,0.0,7,1,0,0,0,0,0,37.5813,26.55,51.95,0.0,46.0,0.0,198.0
434,58,65.0,0.0,1.0,99.0,0.0,7,1,0,0,0,0,0,37.1563,26.2,51.6,0.0,46.0,0.0,198.0
435,59,67.0,2.0,0.0,99.0,0.0,7,0,1,0,0,0,0,36.8125,25.85,51.25,0.0,46.0,1.0,199.0
436,59,67.0,0.0,0.0,99.0,0.0,6,0,2,0,0,0,0,36.5125,25.5,50.9,0.0,46.0,2.0,201.0
437,59,66.0,0.0,1.0,100.0,0.0,6,1,1,0,0,0,0,36.2125,25.15,50.55,1.0,47.0,2.0,203.0
438,58,65.0,0.0,1.0,101.0,0.0,7,1,0,0,0,0,0,35.825,24.8,50.2,0.0,47.0,0.0,203.0
439,58,66.0,1.0,0.0,101.0,0.0,8,0,0,0,0,0,0,35.4563,24.45,49.85,0.0,47.0,0.0,203.0
440,58,66.0,0.0,0.0,101.0,0.0,8,0,0,0,0,0,0,35.0875,24.1,49.5,0.0,47.0,0.0,203.0
441,58,66.0,0.0,0.0,101.0,0.0,8,0,0,0,0,0,0,34.7188,23.75,49.15,0.0,47.0,0.0,203.0
442,58,66.0,0.0,0.0,101.0,0.0,8,0,0,0,0,0,0,34.3313,23.4,48.8,0.0,47.0,0.0,203.0
443,60,68.0,2.0,0.0,101.0,0.0,8,0,0,0,0,0,0,33.9438,23.05,48.45,0.0,47.0,0.0,203.0
444,60,68.0,0.0,0.0,101.0,0.0,7,0,1,0,0,0,0,33.6,22.7,48.1,0.0,47.0,1.0,204.0
445,61,69.0,1.0,0.0,101.0,0.0,8,0,0,0,0,0,0,33.175,22.2,47.75,0.0,47.0,0.0,204.0
446,61,69.0,0.0,0.0,101.0,0.0,7,0,1,0,0,0,0,32.7563,21.7,47.75,0.0,47.0,1.0,205.0
447,61,69.0,0.0,0.0,101.0,0.0,8,0,0,0,0,0,0,32.2938,21.2,47.4,0.0,47.0,0.0,205.0
448,61,68.0,0.0,1.0,102.0,0.0,7,1,0,0,0,0,0,31.8313,20.7,47.05,0.0,47.0,0.0,205.0
449,60,68.0,0.0,0.0,102.0,0.0,8,0,0,0,0,0,0,31.3875,20.2,46.7,0.0,47.0,0.0,205.0
450,60,68.0,0.0,0.0,102.0,0.0,8,0,0,0,0,0,0,30.9438,19.7,46.35,0.0,47.0,0.0,205.0
451,62,70.0,2.0,0.0,102.0,0.0,7,0,1,0,0,0,0,30.5625,19.2,46.0,0.0,47.0,1.0,206.0
452,62,69.0,0.0,1.0,103.0,0.0,7,1,0,0,0,0,0,30.1,18.7,45.5,0.0,47.0,0.0,206.0
453,61,69.0,0.0,0.0,103.0,0.0,8,0,0,0,0,0,0,29.6563,18.2,45.0,0.0,47.0,0.0,206.0
454,61,69.0,0.0,0.0,103.0,0.0,8,0,0,0,0,0,0,29.1938,17.7,44.5,0.0,47.0,0.0,206.0
455,62,70.0,1.0,0.0,103.0,0.0,7,0,1,0,0,0,0,28.7938,17.2,44.0,0.0,47.0,1.0,207.0
456,62,68.0,0.0,2.0,105.0,0.0,6,2,0,0,0,0,0,28.3313,16.7,43.5,0.0,47.0,0.0,207.0
457,61,68.0,1.0,1.0,106.0,0.0,6,1,1,0,0,0,0,27.9688,16.35,43.0,0.0,47.0,1.0,208.0
458,60,67.0,0.0,1.0,107.0,0.0,7,1,0,0,0,0,0,27.5625,16.0,42.5,0.0,47.0,0.0,208.0
459,60,67.0,1.0,1.0,108.0,0.0,7,1,0,0,0,0,0,27.175,15.65,42.0,0.0,47.0,0.0,208.0
460,59,67.0,0.0,0.0,108.0,0.0,8,0,0,0,0,0,0,26.8063,15.3,41.65,0.0,47.0,0.0,208.0
461,59,67.0,0.0,0.0,108.0,0.0,7,0,0,0,1,0,0,26.4375,14.95,41.3,0.0,47.0,0.0,208.0
462,59,67.0,0.0,0.0,108.0,0.0,7,0,0,0,1,0,0,26.05,14.6,40.95,0.0,47.0,0.0,208.0
463,60,68.0,1.0,0.0,108.0,0.0,7,0,0,0,1,0,0,25.6625,14.25,40.6,0.0,47.0,0.0,208.0
464,60,68.0,0.0,0.0,108.0,0.0,7,0,0,0,1,0,0,25.275,13.9,40.25,0.0,47.0,0.0,208.0
465,61,68.0,1.0,1.0,109.0,0.0,6,1,0,0,1,0,0,24.8688,13.55,39.75,0.0,47.0,0.0,208.0
466,61,68.0,0.0,0.0,109.0,0.0,7,0,0,0,1,0,0,24.4813,13.2,39.25,0.0,47.0,0.0,208.0
467,62,69.0,1.0,0.0,109.0,0.0,7,0,0,0,1,0,0,24.0938,12.85,38.75,0.0,47.0,0.0,208.0
468,62,68.0,0.0,1.0,110.0,0.0,5,1,1,0,1,0,0,23.75,12.5,38.25,0.0,47.0,1.0,209.0
469,61,68.0,0.0,0.0,110.0,0.0,7,0,0,0,1,0,0,23.3813,12.15,37.75,0.0,47.0,0.0,209.0
470,61,68.0,0.0,0.0,110.0,0.0,7,0,0,0,1,0,0,23.0125,11.8,37.25,0.0,47.0,0.0,209.0
471,62,69.0,1.0,0.0,110.0,0.0,7,0,0,0,1,0,0,22.6438,11.45,36.75,0.0,47.0,0.0,209.0
472,62,69.0,0.0,0.0,110.0,0.0,7,0,0,0,1,0,0,22.2563,11.1,36.25,0.0,47.0,0.0,209.0
473,62,69.0,0.0,0.0,110.0,0.0,6,0,1,0,1,0,0,21.9313,10.75,35.75,0.0,47.0,1.0,210.0
474,62,69.0,0.0,0.0,110.0,0.0,5,0,2,0,1,0,0,21.6313,10.4,35.25,0.0,47.0,2.0,212.0
475,65,71.0,3.0,1.0,111.0,0.0,5,1,1,0,1,0,0,21.3313,10.05,34.75,1.0,48.0,2.0,214.0
476,64,71.0,0.0,0.0,111.0,0.0,7,0,0,0,1,0,0,20.925,9.7,34.4,0.0,48.0,0.0,214.0
477,64,71.0,0.0,0.0,111.0,0.0,6,0,0,1,1,0,0,20.5188,9.35,34.05,0.0,48.0,0.0,214.0
478,64,71.0,0.0,0.0,111.0,0.0,5,0,0,1,2,0,0,21.3081,14.25,33.7,0.0,48.0,0.0,214.0
479,64,71.0,0.0,0.0,111.0,0.0,5,0,0,1,2,0,0,22.1163,13.9,33.35,0.0,48.0,0.0,214.0
480,64,71.0,0.0,0.0,111.0,0.0,5,0,0,1,2,0,0,22.9244,13.55,36.545,0.0,48.0,0.0,214.0
481,64,71.0,0.0,0.0,111.0,0.0,4,0,0,1,3,0,0,23.7325,13.2,45.61,0.0,48.0,0.0,214.0
482,64,71.0,0.0,0.0,111.0,0.0,4,0,0,1,3,0,0,24.5406,12.85,54.675,0.0,48.0,0.0,214.0
483,65,72.0,1.0,0.0,111.0,0.0,4,0,1,1,2,0,0,25.3925,12.5,63.74,0.0,48.0,1.0,215.0
484,65,72.0,0.0,0.0,111.0,0.0,4,0,0,1,3,0,0,26.2006,12.15,72.805,0.0,48.0,0.0,215.0
485,67,74.0,2.0,0.0,111.0,0.0,3,0,1,1,3,0,0,27.0525,11.8,81.87,0.0,48.0,1.0,216.0
486,67,74.0,0.0,0.0,111.0,0.0,4,0,0,1,3,0,0,27.8419,11.45,90.935,0.0,48.0,0.0,216.0
487,68,75.0,1.0,0.0,111.0,0.0,5,0,0,0,3,0,0,28.5875,11.1,99.65,0.0,48.0,0.0,216.0
488,68,75.0,0.0,0.0,111.0,0.0,5,0,0,0,3,0,0,28.2,10.75,99.3,0.0,48.0,0.0,216.0
489,68,75.0,0.0,0.0,111.0,0.0,5,0,0,0,3,0,0,27.8125,10.4,98.95,0.0,48.0,0.0,216.0
490,68,75.0,0.0,0.0,111.0,0.0,5,0,0,0,3,0,0,27.425,10.05,98.6,0.0,48.0,0.0,216.0
491,69,76.0,1.0,0.0,111.0,0.0,5,0,0,0,3,0,0,27.0188,9.7,98.25,0.0,48.0,0.0,216.0
492,69,76.0,0.0,0.0,111.0,0.0,5,0,0,0,3,0,0,26.5938,9.35,97.9,0.0,48.0,0.0,216.0
493,69,76.0,0.0,0.0,111.0,0.0,5,0,0,0,3,0,0,26.1688,9.0,97.55,0.0,48.0,0.0,216.0
494,69,76.0,0.0,0.0,111.0,0.0,4,0,0,1,3,0,0,25.7438,8.65,97.2,0.0,48.0,0.0,216.0
495,70,77.0,1.0,0.0,111.0,0.0,4,0,0,1,3,0,0,26.5031,8.3,96.85,0.0,48.0,0.0,216.0
496,70,76.0,0.0,1.0,112.0,0.0,3,1,0,1,3,0,0,27.2625,7.95,96.5,0.0,48.0,0.0,216.0
497,70,75.0,0.0,1.0,113.0,0.0,3,1,0,1,3,0,0,28.0406,7.6,96.15,0.0,48.0,0.0,216.0
498,70,75.0,0.0,0.0,113.0,0.0,4,0,0,1,3,0,0,28.8375,7.25,95.8,0.0,48.0,0.0,216.0
499,73,78.0,3.0,0.0,113.0,0.0,3,0,1,2,2,0,0,29.6969,6.9,95.45,0.0,48.0,1.0,217.0
500,73,78.0,0.0,0.0,113.0,0.0,4,0,0,2,2,0,0,31.7013,7.55,95.1,0.0,48.0,0.0,217.0
501,73,78.0,0.0,0.0,113.0,0.0,3,0,0,2,2,1,0,33.7056,7.2,94.75,0.0,48.0,0.0,217.0
502,73,78.0,0.0,0.0,113.0,0.0,3,0,0,2,2,1,0,35.7725,6.85,94.4,0.0,48.0,0.0,217.0
503,73,78.0,0.0,0.0,113.0,0.0,3,0,0,3,1,1,0,37.8394,6.5,94.05,0.0,48.0,0.0,217.0
504,73,78.0,0.0,0.0,113.0,0.0,3,0,1,2,2,0,0,41.075,11.2,99.65,0.0,48.0,1.0,218.0
505,74,79.0,1.0,0.0,113.0,0.0,4,0,0,2,2,0,0,43.145,10.85,99.3,0.0,48.0,0.0,218.0
506,74,79.0,0.0,0.0,113.0,0.0,4,0,0,2,2,0,0,45.215,10.5,98.95,0.0,48.0,0.0,218.0
507,75,80.0,1.0,0.0,113.0,0.0,4,0,0,2,2,0,0,47.285,10.15,98.6,0.0,48.0,0.0,218.0
508,75,80.0,0.0,0.0,113.0,0.0,4,0,0,2,2,0,0,49.355,9.8,98.25,0.0,48.0,0.0,218.0
509,74,80.0,0.0,0.0,113.0,0.0,4,0,0,1,3,0,0,51.3625,9.45,99.65,0.0,48.0,0.0,218.0
510,74,80.0,0.0,0.0,113.0,0.0,4,0,0,1,3,0,0,52.2063,9.1,99.3,0.0,48.0,0.0,218.0
511,75,81.0,1.0,0.0,113.0,0.0,4,0,0,1,3,0,0,53.05,8.75,98.95,0.0,48.0,0.0,218.0
512,75,81.0,0.0,0.0,113.0,0.0,4,0,0,1,3,0,0,53.875,8.4,98.6,0.0,48.0,0.0,218.0
513,76,82.0,1.0,0.0,113.0,0.0,4,0,1,0,3,0,0,54.7188,8.05,99.65,0.0,48.0,1.0,219.0
514,76,82.0,0.0,0.0,113.0,0.0,5,0,1,0,2,0,0,54.4375,7.7,99.3,1.0,49.0,2.0,221.0
515,78,84.0,2.0,0.0,113.0,0.0,5,0,0,0,3,0,0,54.05,7.35,98.95,0.0,49.0,0.0,221.0
516,78,84.0,0.0,0.0,113.0,0.0,5,0,0,1,2,0,0,53.6625,7.0,98.6,0.0,49.0,0.0,221.0
517,78,84.0,0.0,0.0,113.0,0.0,5,0,0,1,2,0,0,54.4813,9.6,98.25,0.0,49.0,0.0,221.0
518,78,84.0,0.0,0.0,113.0,0.0,5,0,0,1,2,0,0,55.3,9.25,97.9,0.0,49.0,0.0,221.0
519,78,84.0,0.0,0.0,113.0,0.0,5,0,0,1,2,0,0,56.1188,8.9,97.55,0.0,49.0,0.0,221.0
520,78,84.0,0.0,0.0,113.0,0.0,5,0,0,1,2,0,0,56.9375,8.55,97.2,0.0,49.0,0.0,221.0
521,78,83.0,0.0,1.0,114.0,0.0,4,1,0,1,2,0,0,57.7563,8.2,96.85,0.0,49.0,0.0,221.0
522,78,83.0,0.0,0.0,114.0,0.0,5,0,0,1,2,0,0,58.5938,7.85,96.5,0.0,49.0,0.0,221.0
523,80,85.0,2.0,0.0,114.0,0.0,5,0,0,1,2,0,0,59.4313,7.5,96.15,0.0,49.0,0.0,221.0
524,80,85.0,0.0,0.0,114.0,0.0,5,0,0,1,2,0,0,60.2688,7.15,95.8,0.0,49.0,0.0,221.0
525,81,86.0,1.0,0.0,114.0,0.0,5,0,0,1,2,0,0,61.1063,6.8,95.45,0.0,49.0,0.0,221.0
526,80,86.0,0.0,0.0,114.0,0.0,6,0,0,0,2,0,0,61.9,6.45,99.65,0.0,49.0,0.0,221.0
527,81,87.0,1.0,0.0,114.0,0.0,5,0,0,0,3,0,0,61.5313,6.1,99.3,0.0,49.0,0.0,221.0
528,81,87.0,0.0,0.0,114.0,0.0,5,0,0,0,3,0,0,61.1813,5.75,98.95,0.0,49.0,0.0,221.0
529,81,87.0,0.0,0.0,114.0,0.0,5,0,0,0,3,0,0,60.8313,5.4,98.6,0.0,49.0,0.0,221.0
530,81,87.0,0.0,0.0,114.0,0.0,5,0,0,0,3,0,0,60.4813,5.05,98.25,0.0,49.0,0.0,221.0
531,82,88.0,1.0,0.0,114.0,0.0,5,0,0,0,3,0,0,60.1125,4.7,97.9,0.0,49.0,0.0,221.0
532,82,88.0,0.0,0.0,114.0,0.0,5,0,0,1,2,0,0,59.7438,4.35,97.55,0.0,49.0,0.0,221.0
533,82,87.0,0.0,1.0,115.0,0.0,4,1,0,1,2,0,0,60.6144,6.75,97.2,0.0,49.0,0.0,221.0
534,82,87.0,0.0,0.0,115.0,0.0,5,0,0,1,2,0,0,61.5038,6.4,96.85,0.0,49.0,0.0,221.0
535,84,89.0,2.0,0.0,115.0,0.0,5,0,0,1,2,0,0,62.3931,6.05,96.5,0.0,49.0,0.0,221.0
536,84,89.0,0.0,0.0,115.0,0.0,5,0,0,1,2,0,0,63.2638,5.7,96.15,0.0,49.0,0.0,221.0
537,84,89.0,0.0,0.0,115.0,0.0,5,0,0,1,2,0,0,64.0969,5.35,95.8,0.0,49.0,0.0,221.0
538,84,89.0,0.0,0.0,115.0,0.0,5,0,0,2,1,0,0,64.9113,5.0,95.45,0.0,49.0,0.0,221.0
539,85,90.0,1.0,0.0,115.0,0.0,5,0,0,2,1,0,0,66.9569,10.4,95.1,0.0,49.0,0.0,221.0
540,85,90.0,0.0,0.0,115.0,0.0,5,0,0,2,1,0,0,69.0025,10.05,94.75,0.0,49.0,0.0,221.0
541,86,91.0,1.0,0.0,115.0,0.0,3,0,2,2,1,0,0,71.1731,9.7,94.4,0.0,49.0,2.0,223.0
542,85,89.0,0.0,2.0,117.0,0.0,3,2,1,1,1,0,0,73.3,9.35,99.65,1.0,50.0,2.0,225.0
543,83,89.0,0.0,0.0,117.0,0.0,6,0,0,1,1,0,0,74.1438,9.0,99.3,0.0,50.0,0.0,225.0
544,83,89.0,0.0,0.0,117.0,0.0,6,0,0,1,1,0,0,74.9875,8.65,98.95,0.0,50.0,0.0,225.0
545,84,90.0,1.0,0.0,117.0,0.0,6,0,0,1,1,0,0,75.8313,8.3,98.6,0.0,50.0,0.0,225.0
546,84,90.0,0.0,0.0,117.0,0.0,6,0,0,1,1,0,0,76.675,7.95,98.25,0.0,50.0,0.0,225.0
547,86,92.0,2.0,0.0,117.0,0.0,6,0,0,1,1,0,0,77.5188,7.6,97.9,0.0,50.0,0.0,225.0
548,85,92.0,0.0,0.0,117.0,0.0,7,0,0,0,1,0,0,78.3188,7.25,99.65,0.0,50.0,0.0,225.0
549,85,92.0,0.0,0.0,117.0,0.0,7,0,0,0,1,0,0,77.9125,6.9,99.3,0.0,50.0,0.0,225.0
550,85,91.0,0.0,1.0,118.0,0.0,6,1,0,0,1,0,0,77.5063,6.55,98.95,0.0,50.0,0.0,225.0
551,84,91.0,0.0,0.0,118.0,0.0,5,0,2,0,1,0,0,77.225,6.2,98.6,0.0,50.0,2.0,227.0
552,84,91.0,0.0,0.0,118.0,0.0,6,0,1,0,1,0,0,76.9438,5.85,98.25,1.0,51.0,2.0,229.0
553,84,91.0,0.0,0.0,118.0,0.0,6,0,1,0,1,0,0,76.6625,5.5,97.9,1.0,52.0,2.0,231.0
554,84,91.0,0.0,0.0,118.0,0.0,7,0,0,0,1,0,0,76.275,5.15,97.55,0.0,52.0,0.0,231.0
555,87,94.0,3.0,0.0,118.0,0.0,7,0,0,0,1,0,0,75.95,4.8,97.2,0.0,52.0,0.0,231.0
556,87,93.0,0.0,1.0,119.0,0.0,6,1,0,0,1,0,0,75.5438,4.45,96.85,0.0,52.0,0.0,231.0
557,86,93.0,0.0,0.0,119.0,0.0,7,0,0,0,1,0,0,75.1563,4.1,96.5,0.0,52.0,0.0,231.0
558,86,93.0,0.0,0.0,119.0,0.0,7,0,0,0,1,0,0,74.7688,3.75,96.15,0.0,52.0,0.0,231.0
559,87,94.0,1.0,0.0,119.0,0.0,5,0,2,1,0,0,0,74.4875,3.4,95.8,0.0,52.0,2.0,233.0
560,87,94.0,0.0,0.0,119.0,0.0,6,0,1,1,0,0,0,75.4575,13.06,95.45,1.0,53.0,2.0,235.0
561,87,94.0,0.0,0.0,119.0,0.0,7,0,0,1,0,0,0,76.3213,22.72,95.1,0.0,53.0,0.0,235.0
562,87,94.0,0.0,0.0,119.0,0.0,7,0,0,1,0,0,0,77.185,32.38,94.75,0.0,53.0,0.0,235.0
563,88,95.0,1.0,0.0,119.0,0.0,7,0,0,1,0,0,0,78.0488,42.04,94.4,0.0,53.0,0.0,235.0
564,88,95.0,0.0,0.0,119.0,0.0,7,0,0,1,0,0,0,78.9125,51.7,94.05,0.0,53.0,0.0,235.0
565,89,96.0,1.0,0.0,119.0,0.0,7,0,0,1,0,0,0,79.7763,61.36,93.7,0.0,53.0,0.0,235.0
566,89,96.0,0.0,0.0,119.0,0.0,6,0,1,1,0,0,0,80.6838,69.4,93.35,0.0,53.0,1.0,236.0
567,89,96.0,0.0,0.0,119.0,0.0,6,0,1,1,0,0,0,81.635,68.9,93.0,1.0,54.0,2.0,238.0
568,89,96.0,0.0,0.0,119.0,0.0,6,0,1,1,0,0,0,82.5863,68.4,92.65,1.0,55.0,2.0,240.0
569,89,97.0,1.0,0.0,119.0,0.0,7,0,1,0,0,0,0,83.4313,67.9,99.65,0.0,55.0,1.0,241.0
570,89,96.0,0.0,1.0,120.0,0.0,7,1,0,0,0,0,0,83.0063,67.4,99.3,0.0,55.0,0.0,241.0
571,90,98.0,2.0,0.0,120.0,0.0,6,0,2,0,0,0,0,82.6875,66.9,98.95,0.0,55.0,2.0,243.0
572,90,98.0,0.0,0.0,120.0,0.0,7,0,1,0,0,0,0,82.3688,66.4,98.6,1.0,56.0,2.0,245.0
573,90,98.0,0.0,0.0,120.0,0.0,6,0,2,0,0,0,0,82.05,65.9,98.25,0.0,56.0,2.0,247.0
574,90,98.0,0.0,0.0,120.0,0.0,7,0,1,0,0,0,0,81.7125,65.4,97.9,1.0,57.0,2.0,249.0
575,91,98.0,1.0,1.0,121.0,0.0,7,1,0,0,0,0,0,81.2688,64.9,97.55,0.0,57.0,0.0,249.0
576,90,98.0,0.0,0.0,121.0,0.0,8,0,0,0,0,0,0,80.8438,64.55,97.2,0.0,57.0,0.0,249.0
577,90,98.0,0.0,0.0,121.0,0.0,8,0,0,0,0,0,0,80.4188,64.2,96.85,0.0,57.0,0.0,249.0
578,90,97.0,0.0,1.0,122.0,0.0,7,1,0,0,0,0,0,79.9938,63.85,96.5,0.0,57.0,0.0,249.0
579,90,98.0,1.0,0.0,122.0,0.0,8,0,0,0,0,0,0,79.5688,63.5,96.15,0.0,57.0,0.0,249.0
580,90,98.0,0.0,0.0,122.0,0.0,8,0,0,0,0,0,0,79.1438,63.15,95.8,0.0,57.0,0.0,249.0
581,90,98.0,0.0,0.0,122.0,0.0,8,0,0,0,0,0,0,78.7188,62.8,95.45,0.0,57.0,0.0,249.0
582,90,98.0,0.0,0.0,122.0,0.0,8,0,0,0,0,0,0,78.275,62.3,95.1,0.0,57.0,0.0,249.0
583,92,99.0,2.0,1.0,123.0,0.0,7,1,0,0,0,0,0,77.8313,61.8,94.75,0.0,57.0,0.0,249.0
584,91,99.0,0.0,0.0,123.0,0.0,6,0,2,0,0,0,0,77.4938,61.3,94.4,0.0,57.0,2.0,251.0
585,92,99.0,1.0,1.0,124.0,0.0,5,1,2,0,0,0,0,77.2,60.8,94.4,1.0,58.0,3.0,254.0
586,91,99.0,0.0,0.0,124.0,0.0,8,0,0,0,0,0,0,76.775,60.3,94.05,0.0,58.0,0.0,254.0
587,92,100.0,1.0,0.0,124.0,0.0,6,0,2,0,0,0,0,76.4813,59.8,94.05,0.0,58.0,2.0,256.0
588,92,100.0,0.0,0.0,124.0,0.0,7,0,1,0,0,0,0,76.1625,59.3,94.05,1.0,59.0,2.0,258.0
589,92,100.0,0.0,0.0,124.0,0.0,8,0,0,0,0,0,0,75.7375,58.8,93.7,0.0,59.0,0.0,258.0
590,92,99.0,0.0,1.0,125.0,0.0,7,1,0,0,0,0,0,75.3125,58.3,93.35,0.0,59.0,0.0,258.0
591,91,99.0,0.0,0.0,125.0,0.0,8,0,0,0,0,0,0,74.9063,57.8,93.0,0.0,59.0,0.0,258.0
592,91,99.0,0.0,0.0,125.0,0.0,7,0,1,0,0,0,0,74.5625,57.3,92.65,0.0,59.0,1.0,259.0
593,91,99.0,0.0,0.0,125.0,0.0,6,0,2,0,0,0,0,74.2438,56.8,92.3,0.0,59.0,2.0,261.0
594,91,99.0,0.0,0.0,125.0,0.0,7,0,1,0,0,0,0,73.9875,56.8,91.95,2.0,61.0,3.0,264.0
595,94,102.0,3.0,0.0,125.0,0.0,8,0,0,0,0,0,0,73.5813,56.3,91.6,0.0,61.0,0.0,264.0
596,94,102.0,0.0,0.0,125.0,0.0,7,0,1,0,0,0,0,73.2188,55.8,91.25,0.0,61.0,1.0,265.0
597,95,102.0,1.0,1.0,126.0,0.0,7,1,0,0,0,0,0,72.8125,55.3,90.9,0.0,61.0,0.0,265.0
598,94,102.0,0.0,0.0,126.0,0.0,8,0,0,0,0,0,0,72.425,54.8,90.55,0.0,61.0,0.0,265.0
599,94,102.0,0.0,0.0,126.0,0.0,8,0,0,0,0,0,0,72.0188,54.3,90.05,0.0,61.0,0.0,265.0
600,94,102.0,0.0,0.0,126.0,0.0,8,0,0,0,0,0,0,71.6125,53.8,89.55,0.0,61.0,0.0,265.0
601,94,100.0,0.0,2.0,128.0,0.0,6,2,0,0,0,0,0,71.2063,53.3,89.05,0.0,61.0,0.0,265.0
602,92,100.0,0.0,0.0,128.0,0.0,8,0,0,0,0,0,0,70.8,52.95,88.55,0.0,61.0,0.0,265.0
603,93,101.0,1.0,0.0,128.0,0.0,8,0,0,0,0,0,0,70.3938,52.6,88.05,0.0,61.0,0.0,265.0
604,93,101.0,0.0,0.0,128.0,0.0,6,0,2,0,0,0,0,70.0938,52.6,87.55,0.0,61.0,2.0,267.0
605,94,102.0,1.0,0.0,128.0,0.0,6,0,2,0,0,0,0,69.8375,52.6,87.05,1.0,62.0,3.0,270.0
606,94,102.0,0.0,0.0,128.0,0.0,8,0,0,0,0,0,0,69.4313,52.25,86.55,0.0,62.0,0.0,270.0
607,95,103.0,1.0,0.0,128.0,0.0,8,0,0,0,0,0,0,69.025,51.9,86.05,0.0,62.0,0.0,270.0
608,95,102.0,0.0,1.0,129.0,0.0,7,1,0,0,0,0,0,68.6,51.4,85.55,0.0,62.0,0.0,270.0
609,94,102.0,0.0,0.0,129.0,0.0,8,0,0,0,0,0,0,68.1938,50.9,85.05,0.0,62.0,0.0,270.0
610,94,102.0,0.0,0.0,129.0,0.0,8,0,0,0,0,0,0,67.7875,50.4,84.55,0.0,62.0,0.0,270.0
611,96,103.0,2.0,1.0,130.0,0.0,7,1,0,0,0,0,0,67.3813,49.9,84.05,0.0,62.0,0.0,270.0
612,95,103.0,0.0,0.0,130.0,0.0,8,0,0,0,0,0,0,66.975,49.4,83.7,0.0,62.0,0.0,270.0
613,95,103.0,0.0,0.0,130.0,0.0,8,0,0,0,0,0,0,66.55,48.9,83.35,0.0,62.0,0.0,270.0
614,95,103.0,0.0,0.0,130.0,0.0,7,0,1,0,0,0,0,66.1688,48.4,83.0,0.0,62.0,1.0,271.0
615,96,104.0,1.0,0.0,130.0,0.0,8,0,0,0,0,0,0,65.7438,47.9,82.65,0.0,62.0,0.0,271.0
616,96,103.0,0.0,1.0,131.0,0.0,7,1,0,0,0,0,0,65.3188,47.4,82.3,0.0,62.0,0.0,271.0
617,95,103.0,0.0,0.0,131.0,0.0,8,0,0,0,0,0,0,64.8938,47.05,81.95,0.0,62.0,0.0,271.0
618,95,103.0,0.0,0.0,131.0,0.0,7,0,1,0,0,0,0,64.5125,46.7,81.6,0.0,62.0,1.0,272.0
619,97,105.0,2.0,0.0,131.0,0.0,7,0,1,0,0,0,0,64.15,46.35,81.25,0.0,62.0,1.0,273.0
620,97,105.0,0.0,0.0,131.0,0.0,8,0,0,0,0,0,0,63.725,46.0,80.9,0.0,62.0,0.0,273.0
621,97,105.0,0.0,0.0,131.0,0.0,7,0,1,0,0,0,0,63.3438,45.65,80.9,0.0,62.0,1.0,274.0
622,97,103.0,0.0,2.0,133.0,0.0,6,2,0,0,0,0,0,62.9188,45.3,80.55,0.0,62.0,0.0,274.0
623,95,103.0,0.0,0.0,133.0,0.0,7,0,1,0,0,0,0,62.575,44.95,80.2,0.0,62.0,1.0,275.0
624,95,102.0,0.0,1.0,134.0,0.0,7,1,0,0,0,0,0,62.1688,44.6,79.85,0.0,62.0,0.0,275.0
625,96,104.0,2.0,0.0,134.0,0.0,8,0,0,0,0,0,0,61.7813,44.25,79.5,0.0,62.0,0.0,275.0
626,96,104.0,0.0,0.0,134.0,0.0,8,0,0,0,0,0,0,61.3938,43.9,79.15,0.0,62.0,0.0,275.0
627,97,105.0,1.0,0.0,134.0,0.0,8,0,0,0,0,0,0,61.0063,43.55,78.8,0.0,62.0,0.0,275.0
628,97,104.0,0.0,1.0,135.0,0.0,7,1,0,0,0,0,0,60.6188,43.2,78.45,0.0,62.0,0.0,275.0
629,96,103.0,0.0,1.0,136.0,0.0,7,1,0,0,0,0,0,60.25,42.85,78.1,0.0,62.0,0.0,275.0
630,95,103.0,0.0,0.0,136.0,0.0,8,0,0,0,0,0,0,59.8813,42.5,77.75,0.0,62.0,0.0,275.0
631,96,104.0,1.0,0.0,136.0,0.0,8,0,0,0,0,0,0,59.4938,42.15,77.4,0.0,62.0,0.0,275.0
632,96,104.0,0.0,0.0,136.0,0.0,7,0,1,0,0,0,0,59.15,41.8,77.4,0.0,62.0,1.0,276.0
633,96,104.0,0.0,0.0,136.0,0.0,7,0,1,0,0,0,0,58.85,41.3,77.4,1.0,63.0,2.0,278.0
634,96,104.0,0.0,0.0,136.0,0.0,8,0,0,0,0,0,0,58.4438,40.8,77.05,0.0,63.0,0.0,278.0
635,98,105.0,2.0,1.0,137.0,0.0,6,1,1,0,0,0,0,58.0813,40.3,76.7,0.0,63.0,1.0,279.0
636,97,105.0,0.0,0.0,137.0,0.0,8,0,0,0,0,0,0,57.6563,39.8,76.35,0.0,63.0,0.0,279.0
637,97,105.0,0.0,0.0,137.0,0.0,8,0,0,0,0,0,0,57.2313,39.3,76.0,0.0,63.0,0.0,279.0
638,97,105.0,0.0,0.0,137.0,0.0,8,0,0,0,0,0,0,56.8063,38.8,75.65,0.0,63.0,0.0,279.0
639,98,106.0,1.0,0.0,137.0,0.0,8,0,0,0,0,0,0,56.3813,38.3,75.3,0.0,63.0,0.0,279.0
640,98,106.0,0.0,0.0,137.0,0.0,8,0,0,0,0,0,0,55.9563,37.8,74.95,0.0,63.0,0.0,279.0
641,98,105.0,0.0,1.0,138.0,0.0,7,1,0,0,0,0,0,55.5125,37.3,74.45,0.0,63.0,0.0,279.0
642,97,104.0,0.0,1.0,139.0,0.0,7,1,0,0,0,0,0,55.05,36.8,73.95,0.0,63.0,0.0,279.0
643,98,106.0,2.0,0.0,139.0,0.0,7,0,1,0,0,0,0,54.6688,36.8,73.45,0.0,63.0,1.0,280.0
644,98,106.0,0.0,0.0,139.0,0.0,7,0,1,0,0,0,0,54.35,36.8,72.95,1.0,64.0,2.0,282.0
645,99,107.0,1.0,0.0,139.0,0.0,6,0,2,0,0,0,0,54.0125,36.3,72.45,0.0,64.0,2.0,284.0
646,99,107.0,0.0,0.0,139.0,0.0,6,0,2,0,0,0,0,53.7375,35.8,71.95,1.0,65.0,3.0,287.0
647,99,107.0,0.0,0.0,139.0,0.0,8,0,0,0,0,0,0,53.2938,35.3,71.45,0.0,65.0,0.0,287.0
648,99,106.0,0.0,1.0,140.0,0.0,7,1,0,0,0,0,0,52.85,34.8,70.95,0.0,65.0,0.0,287.0
649,98,105.0,0.0,1.0,141.0,0.0,6,1,1,0,0,0,0,52.4688,34.3,70.45,0.0,65.0,1.0,288.0
650,97,104.0,0.0,1.0,142.0,0.0,6,1,1,0,0,0,0,52.15,33.8,69.95,1.0,66.0,2.0,290.0
651,97,105.0,1.0,0.0,142.0,0.0,8,0,0,0,0,0,0,51.7438,33.3,69.45,0.0,66.0,0.0,290.0
652,97,105.0,0.0,0.0,142.0,0.0,8,0,0,0,0,0,0,51.3375,32.8,68.95,0.0,66.0,0.0,290.0
653,98,106.0,1.0,0.0,142.0,0.0,8,0,0,0,0,0,0,50.9313,32.3,68.45,0.0,66.0,0.0,290.0
654,98,105.0,0.0,1.0,143.0,0.0,6,1,1,0,0,0,0,50.5875,31.8,67.95,0.0,66.0,1.0,291.0
655,99,107.0,2.0,0.0,143.0,0.0,8,0,0,0,0,0,0,50.2,31.45,67.45,0.0,66.0,0.0,291.0
656,99,106.0,0.0,1.0,144.0,0.0,7,1,0,0,0,0,0,49.8125,31.1,66.95,0.0,66.0,0.0,291.0
657,98,106.0,0.0,0.0,144.0,0.0,8,0,0,0,0,0,0,49.4438,30.75,66.45,0.0,66.0,0.0,291.0
658,98,105.0,0.0,1.0,145.0,0.0,7,1,0,0,0,0,0,49.075,30.4,65.95,0.0,66.0,0.0,291.0
659,98,106.0,1.0,0.0,145.0,0.0,8,0,0,0,0,0,0,48.7063,30.05,65.6,0.0,66.0,0.0,291.0
660,98,106.0,0.0,0.0,145.0,0.0,8,0,0,0,0,0,0,48.3375,29.7,65.25,0.0,66.0,0.0,291.0
661,98,106.0,0.0,0.0,145.0,0.0,8,0,0,0,0,0,0,47.9688,29.35,64.9,0.0,66.0,0.0,291.0
662,98,106.0,0.0,0.0,145.0,0.0,8,0,0,0,0,0,0,47.6,29.0,64.55,0.0,66.0,0.0,291.0
663,98,106.0,0.0,0.0,145.0,0.0,8,0,0,0,0,0,0,47.1938,28.65,64.2,0.0,66.0,0.0,291.0
664,98,106.0,0.0,0.0,145.0,0.0,8,0,0,0,0,0,0,46.7875,28.3,63.85,0.0,66.0,0.0,291.0
665,99,107.0,1.0,0.0,145.0,0.0,7,0,1,0,0,0,0,46.425,27.95,63.5,0.0,66.0,1.0,292.0
666,99,107.0,0.0,0.0,145.0,0.0,7,0,1,0,0,0,0,46.125,27.6,63.15,1.0,67.0,2.0,294.0
667,102,110.0,3.0,0.0,145.0,0.0,8,0,0,0,0,0,0,45.7,27.25,62.8,0.0,67.0,0.0,294.0
668,102,110.0,0.0,0.0,145.0,0.0,7,0,1,0,0,0,0,45.3375,26.9,62.45,0.0,67.0,1.0,295.0
669,102,110.0,0.0,0.0,145.0,0.0,7,0,1,0,0,0,0,44.9563,26.4,62.1,0.0,67.0,1.0,296.0
670,102,110.0,0.0,0.0,145.0,0.0,8,0,0,0,0,0,0,44.5125,25.9,61.75,0.0,67.0,0.0,296.0
671,102,110.0,0.0,0.0,145.0,0.0,8,0,0,0,0,0,0,44.0688,25.4,61.4,0.0,67.0,0.0,296.0
672,102,109.0,0.0,1.0,146.0,0.0,7,1,0,0,0,0,0,43.625,24.9,61.05,0.0,67.0,0.0,296.0
673,101,109.0,0.0,0.0,146.0,0.0,7,0,1,0,0,0,0,43.2625,24.4,60.7,0.0,67.0,1.0,297.0
674,101,109.0,0.0,0.0,146.0,0.0,8,0,0,0,0,0,0,42.8188,23.9,60.35,0.0,67.0,0.0,297.0
675,103,111.0,2.0,0.0,146.0,0.0,6,0,2,0,0,0,0,42.4813,23.9,59.85,0.0,67.0,2.0,299.0
676,103,110.0,0.0,1.0,147.0,0.0,5,1,2,0,0,0,0,42.2063,23.9,59.35,1.0,68.0,3.0,302.0
677,102,110.0,0.0,0.0,147.0,0.0,8,0,0,0,0,0,0,41.825,23.4,58.85,1.0,69.0,1.0,303.0
678,102,110.0,0.0,0.0,147.0,0.0,7,0,1,0,0,0,0,41.4438,23.4,58.35,0.0,69.0,1.0,304.0
679,103,110.0,1.0,1.0,148.0,0.0,7,1,0,0,0,0,0,41.0,22.9,57.85,0.0,69.0,0.0,304.0
680,102,110.0,0.0,0.0,148.0,0.0,6,0,2,0,0,0,0,40.6813,22.4,57.35,0.0,69.0,2.0,306.0
681,103,111.0,1.0,0.0,148.0,0.0,6,0,2,0,0,0,0,40.3625,21.9,56.85,0.0,69.0,2.0,308.0
682,103,111.0,0.0,0.0,148.0,0.0,6,0,2,0,0,0,0,40.0438,21.4,56.35,0.0,69.0,2.0,310.0
683,104,111.0,1.0,1.0,149.0,0.0,6,1,1,0,0,0,0,39.725,20.9,55.85,1.0,70.0,2.0,312.0
684,104,111.0,0.0,0.0,149.0,0.0,6,1,1,0,0,0,0,39.3875,20.9,55.85,0.0,70.0,1.0,313.0
685,105,112.0,1.0,0.0,149.0,0.0,7,1,0,0,0,0,0,38.9688,20.9,55.35,0.0,70.0,0.0,313.0
686,105,112.0,0.0,0.0,149.0,0.0,4,1,3,0,0,0,0,38.7188,20.9,54.85,0.0,70.0,3.0,316.0
687,105,112.0,0.0,0.0,149.0,0.0,6,1,1,0,0,0,0,38.4063,20.9,54.35,1.0,71.0,2.0,318.0
688,105,112.0,0.0,0.0,149.0,0.0,7,1,0,0,0,0,0,37.9688,20.9,53.85,0.0,71.0,0.0,318.0
689,105,112.0,0.0,0.0,149.0,0.0,7,1,0,0,0,0,0,37.5313,20.9,53.35,0.0,71.0,0.0,318.0
690,105,112.0,0.0,0.0,149.0,0.0,7,1,0,0,0,0,0,37.0938,20.9,52.85,0.0,71.0,0.0,318.0
691,107,114.0,2.0,0.0,149.0,0.0,7,1,0,0,0,0,0,36.6563,20.9,52.35,0.0,71.0,0.0,318.0
692,107,112.0,0.0,2.0,151.0,0.0,4,3,1,0,0,0,0,36.2813,20.9,51.85,0.0,71.0,1.0,319.0
693,104,110.0,0.0,2.0,153.0,0.0,5,2,1,0,0,0,0,35.9,20.55,51.5,0.0,71.0,1.0,320.0
694,102,109.0,0.0,1.0,154.0,0.0,7,1,0,0,0,0,0,35.4938,20.2,51.15,0.0,71.0,0.0,320.0
695,103,111.0,2.0,0.0,154.0,0.0,8,0,0,0,0,0,0,35.1063,19.85,50.8,0.0,71.0,0.0,320.0
696,103,110.0,0.0,1.0,155.0,0.0,7,1,0,0,0,0,0,34.7188,19.5,50.45,0.0,71.0,0.0,320.0
697,102,110.0,0.0,0.0,155.0,0.0,8,0,0,0,0,0,0,34.35,19.15,50.1,0.0,71.0,0.0,320.0
698,102,110.0,0.0,0.0,155.0,0.0,6,0,2,0,0,0,0,34.0688,18.8,49.75,0.0,71.0,2.0,322.0
699,103,111.0,1.0,0.0,155.0,0.0,7,0,1,0,0,0,0,33.7875,18.45,49.4,1.0,72.0,2.0,324.0
700,103,111.0,0.0,0.0,155.0,0.0,8,0,0,0,0,0,0,33.4188,18.1,49.05,0.0,72.0,0.0,324.0
701,103,110.0,0.0,1.0,156.0,0.0,7,1,0,0,0,0,0,33.05,17.75,48.7,0.0,72.0,0.0,324.0
702,102,110.0,0.0,0.0,156.0,0.0,7,0,1,0,0,0,0,32.7438,17.4,48.35,0.0,72.0,1.0,325.0
703,103,111.0,1.0,0.0,156.0,0.0,8,0,0,0,0,0,0,32.3938,17.05,48.0,0.0,72.0,0.0,325.0
704,103,111.0,0.0,0.0,156.0,0.0,7,0,1,0,0,0,0,32.0875,16.7,47.65,0.0,72.0,1.0,326.0
705,104,112.0,1.0,0.0,156.0,0.0,8,0,0,0,0,0,0,31.7,16.35,47.15,0.0,72.0,0.0,326.0
706,104,112.0,0.0,0.0,156.0,0.0,8,0,0,0,0,0,0,31.3125,16.0,46.65,0.0,72.0,0.0,326.0
707,105,113.0,1.0,0.0,156.0,0.0,8,0,0,0,0,0,0,30.925,15.65,46.15,0.0,72.0,0.0,326.0
708,105,113.0,0.0,0.0,156.0,0.0,8,0,0,0,0,0,0,30.5188,15.3,45.65,0.0,72.0,0.0,326.0
709,106,114.0,1.0,0.0,156.0,0.0,7,0,0,0,1,0,0,30.1125,14.95,45.15,0.0,72.0,0.0,326.0
710,106,114.0,0.0,0.0,156.0,0.0,7,0,0,0,1,0,0,29.7063,14.6,44.65,0.0,72.0,0.0,326.0
711,106,114.0,0.0,0.0,156.0,0.0,7,0,0,0,1,0,0,29.2813,14.25,44.15,0.0,72.0,0.0,326.0
712,106,114.0,0.0,0.0,156.0,0.0,7,0,0,0,1,0,0,28.8375,13.9,43.65,0.0,72.0,0.0,326.0
713,106,113.0,0.0,1.0,157.0,0.0,5,1,1,0,1,0,0,28.4563,13.55,43.15,0.0,72.0,1.0,327.0
714,105,113.0,0.0,0.0,157.0,0.0,7,0,1,0,0,0,0,28.1375,13.55,42.65,1.0,73.0,2.0,329.0
715,108,115.0,3.0,1.0,158.0,0.0,5,1,1,0,1,0,0,27.7563,13.2,42.15,0.0,73.0,1.0,330.0
716,107,115.0,0.0,0.0,158.0,0.0,7,0,0,0,1,0,0,27.35,12.85,41.8,0.0,73.0,0.0,330.0
717,107,115.0,0.0,0.0,158.0,0.0,7,0,0,0,1,0,0,26.925,12.5,41.45,0.0,73.0,0.0,330.0
718,107,115.0,0.0,0.0,158.0,0.0,7,0,0,0,1,0,0,26.4813,12.15,41.1,0.0,73.0,0.0,330.0
719,107,115.0,0.0,0.0,158.0,0.0,7,0,0,0,1,0,0,26.0375,11.8,40.75,0.0,73.0,0.0,330.0
720,107,115.0,0.0,0.0,158.0,0.0,7,0,0,0,1,0,0,25.5938,11.45,40.4,0.0,73.0,0.0,330.0
721,107,115.0,0.0,0.0,158.0,0.0,6,0,0,0,2,0,0,25.15,11.1,40.05,0.0,73.0,0.0,330.0
722,107,115.0,0.0,0.0,158.0,0.0,6,0,0,0,2,0,0,24.725,10.75,39.7,0.0,73.0,0.0,330.0
723,109,117.0,2.0,0.0,158.0,0.0,4,0,2,0,2,0,0,24.4063,10.4,39.35,0.0,73.0,2.0,332.0
724,109,116.0,0.0,1.0,159.0,0.0,4,1,1,0,2,0,0,24.0875,10.05,39.0,1.0,74.0,2.0,334.0
725,110,117.0,1.0,0.0,159.0,0.0,6,0,0,0,2,0,0,23.6813,9.7,38.65,0.0,74.0,0.0,334.0
726,110,116.0,0.0,1.0,160.0,0.0,4,1,1,1,1,0,0,23.3375,9.35,38.3,0.0,74.0,1.0,335.0
727,110,117.0,1.0,0.0,160.0,0.0,6,0,0,1,1,0,0,24.1269,12.5,37.95,0.0,74.0,0.0,335.0
728,110,117.0,0.0,0.0,160.0,0.0,6,0,0,1,1,0,0,24.9163,12.15,37.6,0.0,74.0,0.0,335.0
729,110,117.0,0.0,0.0,160.0,0.0,5,0,1,1,1,0,0,25.7494,11.8,37.25,0.0,74.0,1.0,336.0
730,110,117.0,0.0,0.0,160.0,0.0,6,0,0,1,1,0,0,26.5388,11.45,45.61,0.0,74.0,0.0,336.0
731,111,118.0,1.0,0.0,160.0,0.0,6,0,0,1,1,0,0,27.3094,11.1,54.675,0.0,74.0,0.0,336.0
732,111,118.0,0.0,0.0,160.0,0.0,6,0,0,1,1,0,0,28.08,10.75,63.74,0.0,74.0,0.0,336.0
733,111,117.0,0.0,1.0,161.0,0.0,5,1,0,1,1,0,0,28.8506,10.4,72.805,0.0,74.0,0.0,336.0
734,110,116.0,0.0,1.0,162.0,0.0,5,1,0,1,1,0,0,29.6213,10.05,81.87,0.0,74.0,0.0,336.0
735,111,117.0,1.0,0.0,162.0,0.0,6,0,0,1,1,0,0,30.4106,9.7,90.935,0.0,74.0,0.0,336.0
736,110,117.0,0.0,0.0,162.0,0.0,7,0,0,0,1,0,0,31.1188,9.35,99.65,0.0,74.0,0.0,336.0
737,111,117.0,1.0,1.0,163.0,0.0,5,1,0,0,2,0,0,30.6938,9.0,99.3,0.0,74.0,0.0,336.0
738,111,117.0,0.0,0.0,163.0,0.0,6,0,0,0,2,0,0,30.3063,8.65,98.95,0.0,74.0,0.0,336.0
739,113,119.0,2.0,0.0,163.0,0.0,6,0,0,0,2,0,0,29.9188,8.3,98.6,0.0,74.0,0.0,336.0
740,113,119.0,0.0,0.0,163.0,0.0,6,0,0,0,2,0,0,29.5313,7.95,98.25,0.0,74.0,0.0,336.0
741,113,118.0,0.0,1.0,164.0,0.0,4,1,1,1,1,0,0,29.1875,7.6,97.9,0.0,74.0,1.0,337.0
742,112,118.0,0.0,0.0,164.0,0.0,6,0,0,1,1,0,0,30.0175,12.95,97.55,0.0,74.0,0.0,337.0
743,112,118.0,0.0,0.0,164.0,0.0,6,0,0,1,1,0,0,30.8288,12.6,97.2,0.0,74.0,0.0,337.0
744,112,118.0,0.0,0.0,164.0,0.0,6,0,0,1,1,0,0,31.64,12.25,96.85,0.0,74.0,0.0,337.0
745,113,119.0,1.0,0.0,164.0,0.0,6,0,0,1,1,0,0,32.4513,11.9,96.5,0.0,74.0,0.0,337.0
746,113,118.0,0.0,1.0,165.0,0.0,5,1,0,1,1,0,0,33.2625,11.55,96.15,0.0,74.0,0.0,337.0
747,113,119.0,1.0,0.0,165.0,0.0,5,0,0,1,2,0,0,34.0925,11.2,95.8,0.0,74.0,0.0,337.0
748,113,119.0,0.0,0.0,165.0,0.0,4,0,0,1,3,0,0,34.9225,10.85,95.45,0.0,74.0,0.0,337.0
749,113,119.0,0.0,0.0,165.0,0.0,4,0,0,1,3,0,0,35.7525,10.5,95.1,0.0,74.0,0.0,337.0
750,113,119.0,0.0,0.0,165.0,0.0,4,0,0,1,3,0,0,36.5825,10.15,94.75,0.0,74.0,0.0,337.0
751,115,121.0,2.0,0.0,165.0,0.0,4,0,1,0,3,0,0,37.4313,9.8,99.65,0.0,74.0,1.0,338.0
752,115,121.0,0.0,0.0,165.0,0.0,4,0,1,0,3,0,0,37.1688,9.45,99.3,1.0,75.0,2.0,340.0
753,115,121.0,0.0,0.0,165.0,0.0,5,0,0,0,3,0,0,36.8,9.1,98.95,0.0,75.0,0.0,340.0
754,115,121.0,0.0,0.0,165.0,0.0,4,0,1,0,3,0,0,36.475,8.75,98.6,0.0,75.0,1.0,341.0
755,117,123.0,2.0,0.0,165.0,0.0,4,0,2,1,1,0,0,36.1938,8.4,98.25,0.0,75.0,2.0,343.0
756,117,123.0,0.0,0.0,165.0,0.0,4,0,1,1,2,0,0,37.1013,12.15,97.9,1.0,76.0,2.0,345.0
757,117,123.0,0.0,0.0,165.0,0.0,3,0,2,1,2,0,0,38.0275,11.8,97.55,0.0,76.0,2.0,347.0
758,117,123.0,0.0,0.0,165.0,0.0,4,0,1,1,2,0,0,38.9538,11.45,97.2,1.0,77.0,2.0,349.0
759,117,123.0,0.0,0.0,165.0,0.0,5,0,0,1,2,0,0,39.755,11.1,96.85,0.0,77.0,0.0,349.0
760,117,122.0,0.0,1.0,166.0,0.0,4,1,0,1,2,0,0,40.5563,10.75,96.5,0.0,77.0,0.0,349.0
761,117,122.0,0.0,0.0,166.0,0.0,5,0,0,1,2,0,0,41.3763,10.4,96.15,0.0,77.0,0.0,349.0
762,117,122.0,0.0,0.0,166.0,0.0,5,0,0,1,2,0,0,42.1775,10.05,95.8,0.0,77.0,0.0,349.0
763,119,124.0,2.0,0.0,166.0,0.0,5,0,0,1,2,0,0,42.9788,9.7,95.45,0.0,77.0,0.0,349.0
764,119,124.0,0.0,0.0,166.0,0.0,5,0,0,1,2,0,0,43.78,9.35,95.1,0.0,77.0,0.0,349.0
765,120,126.0,2.0,0.0,166.0,0.0,6,0,0,0,2,0,0,44.5375,9.0,99.65,0.0,77.0,0.0,349.0
766,120,126.0,0.0,0.0,166.0,0.0,4,0,0,0,4,0,0,44.15,8.65,99.3,0.0,77.0,0.0,349.0
767,120,126.0,0.0,0.0,166.0,0.0,4,0,0,0,4,0,0,43.8,8.3,98.95,0.0,77.0,0.0,349.0
768,120,126.0,0.0,0.0,166.0,0.0,4,0,1,0,3,0,0,43.4938,8.15,98.6,0.0,77.0,1.0,350.0
769,120,126.0,0.0,0.0,166.0,0.0,4,0,0,0,4,0,0,43.1438,7.8,98.25,0.0,77.0,0.0,350.0
770,120,126.0,0.0,0.0,166.0,0.0,4,0,0,0,4,0,0,42.7938,7.45,97.9,0.0,77.0,0.0,350.0
771,121,127.0,1.0,0.0,166.0,0.0,4,0,0,0,4,0,0,42.4438,7.1,97.55,0.0,77.0,0.0,350.0
772,121,127.0,0.0,0.0,166.0,0.0,4,0,0,0,4,0,0,42.0938,6.75,97.2,0.0,77.0,0.0,350.0
773,121,127.0,0.0,0.0,166.0,0.0,4,0,0,0,4,0,0,41.725,6.4,96.85,0.0,77.0,0.0,350.0
774,121,127.0,0.0,0.0,166.0,0.0,4,0,0,0,4,0,0,41.3375,6.05,96.5,0.0,77.0,0.0,350.0
775,123,129.0,2.0,0.0,166.0,0.0,3,0,1,0,4,0,0,41.0125,5.7,96.15,0.0,77.0,1.0,351.0
776,123,129.0,0.0,0.0,166.0,0.0,2,0,2,0,4,0,0,40.7313,5.35,95.8,0.0,77.0,2.0,353.0
777,123,129.0,0.0,0.0,166.0,0.0,3,0,1,1,3,0,0,40.45,5.0,95.45,1.0,78.0,2.0,355.0
778,123,129.0,0.0,0.0,166.0,0.0,4,0,0,1,3,0,0,41.2206,4.65,95.1,0.0,78.0,0.0,355.0
779,125,131.0,2.0,0.0,166.0,0.0,4,0,1,1,2,0,0,42.035,4.45,94.75,0.0,78.0,1.0,356.0
780,125,131.0,0.0,0.0,166.0,0.0,4,0,0,1,3,0,0,42.8494,4.1,94.4,1.0,79.0,1.0,357.0
781,125,131.0,0.0,0.0,166.0,0.0,4,0,0,2,2,0,0,43.62,3.75,94.05,0.0,79.0,0.0,357.0
782,125,131.0,0.0,0.0,166.0,0.0,4,0,0,2,2,0,0,45.6375,3.95,93.7,0.0,79.0,0.0,357.0
783,125,130.0,0.0,1.0,167.0,0.0,3,1,0,3,1,0,0,47.6363,3.6,93.35,0.0,79.0,0.0,357.0
784,125,130.0,0.0,0.0,167.0,0.0,4,0,0,3,1,0,0,50.9025,8.25,93.0,0.0,79.0,0.0,357.0
785,126,131.0,1.0,0.0,167.0,0.0,4,0,0,3,1,0,0,54.1688,7.9,92.65,0.0,79.0,0.0,357.0
786,126,131.0,0.0,0.0,167.0,0.0,4,0,0,3,1,0,0,57.435,7.55,92.3,0.0,79.0,0.0,357.0
787,128,133.0,2.0,0.0,167.0,0.0,5,0,0,3,0,0,0,60.6575,7.2,99.65,0.0,79.0,0.0,357.0
788,128,133.0,0.0,0.0,167.0,0.0,5,0,0,3,0,0,0,63.9506,15.6,99.3,0.0,79.0,0.0,357.0
789,128,133.0,0.0,0.0,167.0,0.0,5,0,0,3,0,0,0,67.2438,15.1,98.95,0.0,79.0,0.0,357.0
790,128,133.0,0.0,0.0,167.0,0.0,4,0,0,3,1,0,0,70.5369,14.6,98.6,0.0,79.0,0.0,357.0
791,128,133.0,0.0,0.0,167.0,0.0,5,0,0,2,1,0,0,73.805,14.25,99.65,0.0,79.0,0.0,357.0
792,128,133.0,0.0,0.0,167.0,0.0,5,0,0,2,1,0,0,75.8513,13.9,99.3,0.0,79.0,0.0,357.0
793,128,134.0,1.0,0.0,167.0,0.0,6,0,0,1,1,0,0,77.8538,13.55,99.65,0.0,79.0,0.0,357.0
794,128,132.0,0.0,2.0,169.0,0.0,4,2,0,1,1,0,0,78.6513,13.2,99.3,0.0,79.0,0.0,357.0
795,128,134.0,2.0,0.0,169.0,0.0,6,0,0,1,1,0,0,79.4863,12.85,98.95,0.0,79.0,0.0,357.0
796,128,134.0,0.0,0.0,169.0,0.0,6,0,0,1,1,0,0,80.3213,12.5,98.6,0.0,79.0,0.0,357.0
797,127,133.0,0.0,1.0,170.0,0.0,6,1,0,0,1,0,0,81.1125,12.15,99.65,0.0,79.0,0.0,357.0
798,126,133.0,0.0,0.0,170.0,0.0,7,0,0,0,1,0,0,80.7438,11.8,99.3,0.0,79.0,0.0,357.0
799,127,134.0,1.0,0.0,170.0,0.0,6,0,2,0,0,0,0,80.4625,11.8,98.95,0.0,79.0,2.0,359.0
800,127,133.0,0.0,1.0,171.0,0.0,6,1,1,0,0,0,0,80.1813,11.8,98.6,1.0,80.0,2.0,361.0
801,126,133.0,0.0,0.0,171.0,0.0,7,0,0,0,1,0,0,79.8313,11.45,98.25,0.0,80.0,0.0,361.0
802,126,133.0,0.0,0.0,171.0,0.0,7,0,0,0,1,0,0,79.4625,11.1,97.9,0.0,80.0,0.0,361.0
803,127,134.0,1.0,0.0,171.0,0.0,7,0,0,0,1,0,0,79.0938,10.75,97.55,0.0,80.0,0.0,361.0
804,127,134.0,0.0,0.0,171.0,0.0,7,0,0,0,1,0,0,78.7063,10.4,97.2,0.0,80.0,0.0,361.0
805,128,135.0,1.0,0.0,171.0,0.0,7,0,0,0,1,0,0,78.3188,10.05,96.85,0.0,80.0,0.0,361.0
806,128,135.0,0.0,0.0,171.0,0.0,6,0,1,0,1,0,0,77.975,9.7,96.5,0.0,80.0,1.0,362.0
807,129,136.0,1.0,0.0,171.0,0.0,6,0,1,0,1,0,0,77.6938,9.35,96.15,1.0,81.0,2.0,364.0
808,129,136.0,0.0,0.0,171.0,0.0,7,0,0,0,1,0,0,77.3063,9.0,95.8,0.0,81.0,0.0,364.0
809,129,136.0,0.0,0.0,171.0,0.0,7,0,0,0,1,0,0,76.9188,8.65,95.45,0.0,81.0,0.0,364.0
810,129,136.0,0.0,0.0,171.0,0.0,6,0,1,0,1,0,0,76.575,8.3,95.1,0.0,81.0,1.0,365.0
811,131,137.0,2.0,1.0,172.0,0.0,5,1,1,0,1,0,0,76.2938,7.95,94.75,1.0,82.0,2.0,367.0
812,130,136.0,0.0,1.0,173.0,0.0,6,1,0,0,1,0,0,75.925,7.6,94.4,0.0,82.0,0.0,367.0
813,129,136.0,0.0,0.0,173.0,0.0,7,0,0,0,1,0,0,75.575,7.25,94.05,0.0,82.0,0.0,367.0
814,129,136.0,0.0,0.0,173.0,0.0,7,0,0,0,1,0,0,75.2063,6.9,93.7,0.0,82.0,0.0,367.0
815,130,137.0,1.0,0.0,173.0,0.0,7,0,0,0,1,0,0,74.8375,6.55,93.35,0.0,82.0,0.0,367.0
816,130,137.0,0.0,0.0,173.0,0.0,7,0,0,0,1,0,0,74.4688,6.2,93.0,0.0,82.0,0.0,367.0
817,130,137.0,0.0,0.0,173.0,0.0,7,0,0,1,0,0,0,74.0625,5.85,92.5,0.0,82.0,0.0,367.0
818,130,137.0,0.0,0.0,173.0,0.0,6,0,1,1,0,0,0,74.9394,15.265,92.0,0.0,82.0,1.0,368.0
819,131,138.0,1.0,0.0,173.0,0.0,7,0,0,1,0,0,0,75.7538,24.68,91.5,0.0,82.0,0.0,368.0
820,131,138.0,0.0,0.0,173.0,0.0,7,0,0,1,0,0,0,76.5494,34.095,91.0,0.0,82.0,0.0,368.0
821,132,139.0,1.0,0.0,173.0,0.0,6,0,1,1,0,0,0,77.37,43.51,90.5,0.0,82.0,1.0,369.0
822,132,139.0,0.0,0.0,173.0,0.0,6,0,1,1,0,0,0,78.2531,52.925,90.2,1.0,83.0,2.0,371.0
823,133,140.0,1.0,0.0,173.0,0.0,6,0,1,1,0,0,0,79.055,62.34,90.0,0.0,83.0,1.0,372.0
824,133,140.0,0.0,0.0,173.0,0.0,5,0,2,1,0,0,0,80.0444,65.9,90.0,1.0,84.0,3.0,375.0
825,134,141.0,1.0,0.0,173.0,0.0,7,0,0,1,0,0,0,80.8463,65.4,89.5,1.0,85.0,1.0,376.0
826,134,141.0,0.0,0.0,173.0,0.0,7,0,0,1,0,0,0,81.5856,64.9,90.585,0.0,85.0,0.0,376.0
827,134,142.0,1.0,0.0,173.0,0.0,8,0,0,0,0,0,0,82.2813,64.4,99.65,0.0,85.0,0.0,376.0
828,134,142.0,0.0,0.0,173.0,0.0,8,0,0,0,0,0,0,81.8,63.9,99.3,0.0,85.0,0.0,376.0
829,134,142.0,0.0,0.0,173.0,0.0,8,0,0,0,0,0,0,81.3188,63.4,98.95,0.0,85.0,0.0,376.0
830,134,142.0,0.0,0.0,173.0,0.0,8,0,0,0,0,0,0,80.8375,62.9,98.6,0.0,85.0,0.0,376.0
831,134,140.0,0.0,2.0,175.0,0.0,6,2,0,0,0,0,0,80.3563,62.4,98.25,0.0,85.0,0.0,376.0
832,132,139.0,0.0,1.0,176.0,0.0,6,1,1,0,0,0,0,79.975,62.05,97.9,0.0,85.0,1.0,377.0
833,131,139.0,0.0,0.0,176.0,0.0,8,0,0,0,0,0,0,79.55,61.7,97.55,0.0,85.0,0.0,377.0
834,131,139.0,0.0,0.0,176.0,0.0,8,0,0,0,0,0,0,79.125,61.35,97.2,0.0,85.0,0.0,377.0
835,135,142.0,4.0,1.0,177.0,0.0,6,1,1,0,0,0,0,78.7625,61.0,96.85,0.0,85.0,1.0,378.0
836,134,142.0,0.0,0.0,177.0,0.0,8,0,0,0,0,0,0,78.3563,60.65,96.5,0.0,85.0,0.0,378.0
837,134,142.0,0.0,0.0,177.0,0.0,8,0,0,0,0,0,0,77.95,60.3,96.15,0.0,85.0,0.0,378.0
838,134,142.0,0.0,0.0,177.0,0.0,8,0,0,0,0,0,0,77.5438,59.95,95.8,0.0,85.0,0.0,378.0
839,134,142.0,0.0,0.0,177.0,0.0,7,0,1,0,0,0,0,77.1813,59.6,95.45,0.0,85.0,1.0,379.0
840,134,141.0,0.0,1.0,178.0,0.0,6,1,1,0,0,0,0,76.8625,59.6,95.1,1.0,86.0,2.0,381.0
841,133,141.0,0.0,0.0,178.0,0.0,8,0,0,0,0,0,0,76.475,59.25,94.75,0.0,86.0,0.0,381.0
842,133,141.0,0.0,0.0,178.0,0.0,7,0,1,0,0,0,0,76.175,59.25,94.4,0.0,86.0,1.0,382.0
843,134,142.0,1.0,0.0,178.0,0.0,5,0,3,0,0,0,0,75.9625,59.25,94.05,1.0,87.0,4.0,386.0
844,134,142.0,0.0,0.0,178.0,0.0,7,0,1,0,0,0,0,75.7063,58.9,93.7,2.0,89.0,3.0,389.0
845,135,142.0,1.0,1.0,179.0,0.0,7,1,0,0,0,0,0,75.2813,58.55,93.35,0.0,89.0,0.0,389.0
846,134,142.0,0.0,0.0,179.0,0.0,8,0,0,0,0,0,0,74.8563,58.2,92.85,0.0,89.0,0.0,389.0
847,135,143.0,1.0,0.0,179.0,0.0,6,0,2,0,0,0,0,74.5375,57.85,92.35,0.0,89.0,2.0,391.0
848,135,143.0,0.0,0.0,179.0,0.0,7,0,1,0,0,0,0,74.2188,57.5,91.85,1.0,90.0,2.0,393.0
849,136,143.0,1.0,1.0,180.0,0.0,7,1,0,0,0,0,0,73.7938,57.15,91.35,0.0,90.0,0.0,393.0
850,135,143.0,0.0,0.0,180.0,0.0,8,0,0,0,0,0,0,73.3688,56.65,90.85,0.0,90.0,0.0,393.0
851,136,144.0,1.0,0.0,180.0,0.0,8,0,0,0,0,0,0,72.9438,56.15,90.35,0.0,90.0,0.0,393.0
852,136,144.0,0.0,0.0,180.0,0.0,8,0,0,0,0,0,0,72.5188,55.65,89.85,0.0,90.0,0.0,393.0
853,136,143.0,0.0,1.0,181.0,0.0,7,1,0,0,0,0,0,72.0938,55.15,89.35,0.0,90.0,0.0,393.0
854,135,143.0,0.0,0.0,181.0,0.0,7,0,1,0,0,0,0,71.7313,54.65,88.85,0.0,90.0,1.0,394.0
855,136,144.0,1.0,0.0,181.0,0.0,4,0,4,0,0,0,0,71.5375,54.65,88.85,0.0,90.0,4.0,398.0
856,136,144.0,0.0,0.0,181.0,0.0,7,0,1,0,0,0,0,71.2813,54.65,88.35,2.0,92.0,3.0,401.0
857,136,144.0,0.0,0.0,181.0,0.0,7,0,1,0,0,0,0,70.9,54.15,87.85,0.0,92.0,1.0,402.0
858,136,144.0,0.0,0.0,181.0,0.0,6,0,2,0,0,0,0,70.625,53.65,87.35,0.0,92.0,2.0,404.0
859,138,145.0,2.0,1.0,182.0,0.0,6,1,1,0,0,0,0,70.3063,53.15,86.85,1.0,93.0,2.0,406.0
860,137,145.0,0.0,0.0,182.0,0.0,7,0,1,0,0,0,0,69.9625,52.65,86.5,0.0,93.0,1.0,407.0
861,137,145.0,0.0,0.0,182.0,0.0,8,0,0,0,0,0,0,69.5563,52.15,86.15,0.0,93.0,0.0,407.0
862,137,145.0,0.0,0.0,182.0,0.0,8,0,0,0,0,0,0,69.1313,51.65,85.8,0.0,93.0,0.0,407.0
863,138,146.0,1.0,0.0,182.0,0.0,8,0,0,0,0,0,0,68.7063,51.15,85.45,0.0,93.0,0.0,407.0
864,138,146.0,0.0,0.0,182.0,0.0,8,0,0,0,0,0,0,68.2813,50.65,85.1,0.0,93.0,0.0,407.0
865,139,147.0,1.0,0.0,182.0,0.0,8,0,0,0,0,0,0,67.8375,50.15,84.75,0.0,93.0,0.0,407.0
866,139,147.0,0.0,0.0,182.0,0.0,8,0,0,0,0,0,0,67.3938,49.65,84.4,0.0,93.0,0.0,407.0
867,140,148.0,1.0,0.0,182.0,0.0,8,0,0,0,0,0,0,66.95,49.15,84.05,0.0,93.0,0.0,407.0
868,140,148.0,0.0,0.0,182.0,0.0,8,0,0,0,0,0,0,66.5063,48.65,83.7,0.0,93.0,0.0,407.0
869,140,146.0,0.0,2.0,184.0,0.0,6,2,0,0,0,0,0,66.0625,48.15,83.35,0.0,93.0,0.0,407.0
870,138,146.0,0.0,0.0,184.0,0.0,8,0,0,0,0,0,0,65.6563,47.8,83.0,0.0,93.0,0.0,407.0
871,139,147.0,1.0,0.0,184.0,0.0,8,0,0,0,0,0,0,65.2125,47.45,82.5,0.0,93.0,0.0,407.0
872,139,147.0,0.0,0.0,184.0,0.0,8,0,0,0,0,0,0,64.75,47.1,82.0,0.0,93.0,0.0,407.0
873,139,146.0,0.0,1.0,185.0,0.0,7,1,0,0,0,0,0,64.2875,46.75,81.5,0.0,93.0,0.0,407.0
874,138,145.0,0.0,1.0,186.0,0.0,7,1,0,0,0,0,0,63.8438,46.4,81.0,0.0,93.0,0.0,407.0
875,139,147.0,2.0,0.0,186.0,0.0,8,0,0,0,0,0,0,63.4188,46.05,80.5,0.0,93.0,0.0,407.0
876,139,147.0,0.0,0.0,186.0,0.0,8,0,0,0,0,0,0,62.975,45.55,80.0,0.0,93.0,0.0,407.0
877,140,148.0,1.0,0.0,186.0,0.0,6,0,2,0,0,0,0,62.6375,45.05,79.5,0.0,93.0,2.0,409.0
878,140,148.0,0.0,0.0,186.0,0.0,7,0,1,0,0,0,0,62.3,44.55,79.0,1.0,94.0,2.0,411.0
879,140,148.0,0.0,0.0,186.0,0.0,8,0,0,0,0,0,0,61.8563,44.05,78.5,0.0,94.0,0.0,411.0
880,140,148.0,0.0,0.0,186.0,0.0,6,0,2,0,0,0,0,61.5375,43.55,78.0,0.0,94.0,2.0,413.0
881,140,147.0,0.0,1.0,187.0,0.0,5,1,2,0,0,0,0,61.2,43.05,77.5,0.0,94.0,2.0,415.0
882,139,147.0,0.0,0.0,187.0,0.0,7,0,1,0,0,0,0,60.8625,42.7,77.0,1.0,95.0,2.0,417.0
883,141,149.0,2.0,0.0,187.0,0.0,8,0,0,0,0,0,0,60.4188,42.35,76.5,0.0,95.0,0.0,417.0
884,141,148.0,0.0,1.0,188.0,0.0,7,1,0,0,0,0,0,59.975,42.0,76.0,0.0,95.0,0.0,417.0
885,141,148.0,1.0,1.0,189.0,0.0,7,1,0,0,0,0,0,59.55,41.65,75.5,0.0,95.0,0.0,417.0
886,140,147.0,0.0,1.0,190.0,0.0,7,1,0,0,0,0,0,59.1438,41.3,75.0,0.0,95.0,0.0,417.0
887,139,147.0,0.0,0.0,190.0,0.0,8,0,0,0,0,0,0,58.7563,40.95,74.5,0.0,95.0,0.0,417.0
888,139,147.0,0.0,0.0,190.0,0.0,8,0,0,0,0,0,0,58.3688,40.6,74.0,0.0,95.0,0.0,417.0
889,139,147.0,0.0,0.0,190.0,0.0,8,0,0,0,0,0,0,57.9813,40.25,73.5,0.0,95.0,0.0,417.0
890,139,147.0,0.0,0.0,190.0,0.0,8,0,0,0,0,0,0,57.575,39.9,73.0,0.0,95.0,0.0,417.0
891,141,149.0,2.0,0.0,190.0,0.0,7,0,1,0,0,0,0,57.2313,39.55,72.5,0.0,95.0,1.0,418.0
892,141,149.0,0.0,0.0,190.0,0.0,5,0,3,0,0,0,0,56.9938,39.2,72.0,0.0,95.0,3.0,421.0
893,141,149.0,0.0,0.0,190.0,0.0,5,0,3,0,0,0,0,56.8,39.2,71.5,1.0,96.0,4.0,425.0
894,141,149.0,0.0,0.0,190.0,0.0,6,0,2,0,0,0,0,56.6063,39.2,71.0,2.0,98.0,4.0,429.0
895,143,151.0,2.0,0.0,190.0,0.0,8,0,0,0,0,0,0,56.2,38.85,70.5,0.0,98.0,0.0,429.0
896,143,151.0,0.0,0.0,190.0,0.0,7,0,1,0,0,0,0,55.8375,38.5,70.0,0.0,98.0,1.0,430.0
897,143,151.0,0.0,0.0,190.0,0.0,8,0,0,0,0,0,0,55.4313,38.15,69.5,0.0,98.0,0.0,430.0
898,143,151.0,0.0,0.0,190.0,0.0,8,0,0,0,0,0,0,55.0063,37.8,69.0,0.0,98.0,0.0,430.0
899,144,151.0,1.0,1.0,191.0,0.0,7,1,0,0,0,0,0,54.5813,37.45,68.5,0.0,98.0,0.0,430.0
900,143,151.0,0.0,0.0,191.0,0.0,8,0,0,0,0,0,0,54.175,37.1,68.15,0.0,98.0,0.0,430.0
901,143,151.0,0.0,0.0,191.0,0.0,8,0,0,0,0,0,0,53.7688,36.75,67.8,0.0,98.0,0.0,430.0
902,143,150.0,0.0,1.0,192.0,0.0,6,1,1,0,0,0,0,53.4063,36.4,67.45,0.0,98.0,1.0,431.0
903,142,150.0,0.0,0.0,192.0,0.0,7,0,1,0,0,0,0,53.1063,36.05,67.1,1.0,99.0,2.0,433.0
904,142,150.0,0.0,0.0,192.0,0.0,8,0,0,0,0,0,0,52.7,35.7,66.75,0.0,99.0,0.0,433.0
905,144,152.0,2.0,0.0,192.0,0.0,7,0,1,0,0,0,0,52.3375,35.35,66.4,0.0,99.0,1.0,434.0
906,144,152.0,0.0,0.0,192.0,0.0,7,0,1,0,0,0,0,52.0188,35.35,66.05,1.0,100.0,2.0,436.0
907,146,153.0,2.0,1.0,193.0,0.0,7,1,0,0,0,0,0,51.5938,35.0,65.7,0.0,100.0,0.0,436.0
908,145,152.0,0.0,1.0,194.0,0.0,6,1,1,0,0,0,0,51.2938,35.0,65.35,0.0,100.0,1.0,437.0
909,144,152.0,0.0,0.0,194.0,0.0,8,0,0,0,0,0,0,50.95,35.0,65.0,1.0,101.0,1.0,438.0
910,144,152.0,0.0,0.0,194.0,0.0,8,0,0,0,0,0,0,50.5625,34.65,64.65,0.0,101.0,0.0,438.0
911,144,152.0,0.0,0.0,194.0,0.0,7,0,1,0,0,0,0,50.2375,34.3,64.3,0.0,101.0,1.0,439.0
912,144,152.0,0.0,0.0,194.0,0.0,6,0,2,0,0,0,0,49.9375,33.95,63.8,0.0,101.0,2.0,441.0
913,144,152.0,0.0,0.0,194.0,0.0,7,0,1,0,0,0,0,49.6375,33.6,63.3,1.0,102.0,2.0,443.0
914,144,152.0,0.0,0.0,194.0,0.0,8,0,0,0,0,0,0,49.2125,33.25,62.8,0.0,102.0,0.0,443.0
915,146,154.0,2.0,0.0,194.0,0.0,8,0,0,0,0,0,0,48.7875,32.9,62.3,0.0,102.0,0.0,443.0
916,146,154.0,0.0,0.0,194.0,0.0,6,0,2,0,0,0,0,48.4688,32.9,61.8,0.0,102.0,2.0,445.0
917,146,154.0,0.0,0.0,194.0,0.0,7,0,1,0,0,0,0,48.1313,32.75,61.3,1.0,103.0,2.0,447.0
918,146,154.0,0.0,0.0,194.0,0.0,8,0,0,0,0,0,0,47.6875,32.4,60.8,0.0,103.0,0.0,447.0
919,148,156.0,2.0,0.0,194.0,0.0,6,0,2,0,0,0,0,47.3313,32.2,60.3,0.0,103.0,2.0,449.0
920,148,156.0,0.0,0.0,194.0,0.0,7,0,1,0,0,0,0,46.975,31.85,59.8,1.0,104.0,2.0,451.0
921,148,156.0,0.0,0.0,194.0,0.0,8,0,0,0,0,0,0,46.5313,31.5,59.3,0.0,104.0,0.0,451.0
922,148,155.0,0.0,1.0,195.0,0.0,5,1,2,0,0,0,0,46.1938,31.15,58.8,0.0,104.0,2.0,453.0
923,148,156.0,1.0,0.0,195.0,0.0,7,0,1,0,0,0,0,45.875,30.8,58.45,1.0,105.0,2.0,455.0
924,148,156.0,0.0,0.0,195.0,0.0,8,0,0,0,0,0,0,45.45,30.45,58.1,0.0,105.0,0.0,455.0
925,149,157.0,1.0,0.0,195.0,0.0,5,0,3,0,0,0,0,45.175,29.95,58.1,0.0,105.0,3.0,458.0
926,149,157.0,0.0,0.0,195.0,0.0,7,0,1,0,0,0,0,44.8375,29.45,58.1,1.0,106.0,2.0,460.0
927,149,157.0,0.0,0.0,195.0,0.0,8,0,0,0,0,0,0,44.3938,28.95,57.75,0.0,106.0,0.0,460.0
928,149,156.0,0.0,1.0,196.0,0.0,7,1,0,0,0,0,0,43.95,28.45,57.4,0.0,106.0,0.0,460.0
929,148,155.0,0.0,1.0,197.0,0.0,7,1,0,0,0,0,0,43.525,27.95,57.05,0.0,106.0,0.0,460.0
930,147,154.0,0.0,1.0,198.0,0.0,6,1,1,0,0,0,0,43.1625,27.45,56.7,0.0,106.0,1.0,461.0
931,148,156.0,2.0,0.0,198.0,0.0,7,0,1,0,0,0,0,42.8625,26.95,56.35,1.0,107.0,2.0,463.0
932,148,155.0,0.0,1.0,199.0,0.0,7,1,0,0,0,0,0,42.475,26.45,56.0,0.0,107.0,0.0,463.0
933,148,156.0,1.0,0.0,199.0,0.0,7,0,1,0,0,0,0,42.1313,25.95,55.5,0.0,107.0,1.0,464.0
934,148,156.0,0.0,0.0,199.0,0.0,8,0,0,0,0,0,0,41.725,25.45,55.0,0.0,107.0,0.0,464.0
935,149,157.0,1.0,0.0,199.0,0.0,6,0,2,0,0,0,0,41.3875,24.95,54.5,0.0,107.0,2.0,466.0
936,149,157.0,0.0,0.0,199.0,0.0,7,0,1,0,0,0,0,41.05,24.45,54.0,1.0,108.0,2.0,468.0
937,149,156.0,0.0,1.0,200.0,0.0,7,1,0,0,0,0,0,40.625,23.95,53.5,0.0,108.0,0.0,468.0
938,148,155.0,0.0,1.0,201.0,0.0,6,1,1,0,0,0,0,40.2813,23.45,53.15,0.0,108.0,1.0,469.0
939,148,156.0,1.0,0.0,201.0,0.0,7,0,1,0,0,0,0,40.0,23.1,52.8,1.0,109.0,2.0,471.0
940,148,156.0,0.0,0.0,201.0,0.0,8,0,0,0,0,0,0,39.6125,22.75,52.45,0.0,109.0,0.0,471.0
941,148,156.0,0.0,0.0,201.0,0.0,8,0,0,0,0,0,0,39.225,22.4,52.1,0.0,109.0,0.0,471.0
942,148,156.0,0.0,0.0,201.0,0.0,6,0,2,0,0,0,0,38.925,22.05,51.75,0.0,109.0,2.0,473.0
943,149,157.0,1.0,0.0,201.0,0.0,7,0,1,0,0,0,0,38.625,21.7,51.4,1.0,110.0,2.0,475.0
944,149,157.0,0.0,0.0,201.0,0.0,8,0,0,0,0,0,0,38.2188,21.35,51.05,0.0,110.0,0.0,475.0
945,150,158.0,1.0,0.0,201.0,0.0,8,0,0,0,0,0,0,37.8125,21.0,50.7,0.0,110.0,0.0,475.0
946,150,158.0,0.0,0.0,201.0,0.0,8,0,0,0,0,0,0,37.4063,20.65,50.35,0.0,110.0,0.0,475.0
947,152,160.0,2.0,0.0,201.0,0.0,8,0,0,0,0,0,0,36.9813,20.3,50.0,0.0,110.0,0.0,475.0
948,152,160.0,0.0,0.0,201.0,0.0,8,0,0,0,0,0,0,36.5563,19.95,49.65,0.0,110.0,0.0,475.0
949,152,160.0,0.0,0.0,201.0,0.0,8,0,0,0,0,0,0,36.1313,19.6,49.3,0.0,110.0,0.0,475.0
950,152,160.0,0.0,0.0,201.0,0.0,7,0,1,0,0,0,0,35.75,19.6,48.95,0.0,110.0,1.0,476.0
951,152,159.0,0.0,1.0,202.0,0.0,7,1,0,0,0,0,0,35.325,19.25,48.6,0.0,110.0,0.0,476.0
952,151,159.0,0.0,0.0,202.0,0.0,6,0,2,0,0,0,0,35.0063,18.9,48.1,0.0,110.0,2.0,478.0
953,151,159.0,0.0,0.0,202.0,0.0,7,0,1,0,0,0,0,34.6438,18.55,47.6,0.0,110.0,1.0,479.0
954,151,159.0,0.0,0.0,202.0,0.0,8,0,0,0,0,0,0,34.2,18.2,47.1,0.0,110.0,0.0,479.0
955,154,162.0,3.0,0.0,202.0,0.0,8,0,0,0,0,0,0,33.7563,17.85,46.6,0.0,110.0,0.0,479.0
956,154,161.0,0.0,1.0,203.0,0.0,7,1,0,0,0,0,0,33.2938,17.35,46.1,0.0,110.0,0.0,479.0
957,153,160.0,0.0,1.0,204.0,0.0,7,1,0,0,0,0,0,32.85,16.85,45.6,0.0,110.0,0.0,479.0
958,152,160.0,0.0,0.0,204.0,0.0,8,0,0,0,0,0,0,32.4063,16.35,45.1,0.0,110.0,0.0,479.0
959,152,160.0,0.0,0.0,204.0,0.0,6,0,2,0,0,0,0,32.0875,15.85,45.1,0.0,110.0,2.0,481.0
960,152,160.0,0.0,0.0,204.0,0.0,7,0,1,0,0,0,0,31.75,15.35,45.1,1.0,111.0,2.0,483.0
961,153,161.0,1.0,0.0,204.0,0.0,7,0,0,0,1,0,0,31.2875,14.85,44.6,0.0,111.0,0.0,483.0
962,153,161.0,0.0,0.0,204.0,0.0,7,0,0,0,1,0,0,30.8438,14.5,44.1,0.0,111.0,0.0,483.0
963,154,161.0,1.0,1.0,205.0,0.0,6,1,0,0,1,0,0,30.4,14.15,43.6,0.0,111.0,0.0,483.0
964,154,160.0,0.0,1.0,206.0,0.0,4,1,2,0,1,0,0,30.0438,13.8,43.6,0.0,111.0,2.0,485.0
965,154,161.0,1.0,0.0,206.0,0.0,7,0,0,0,1,0,0,29.6625,13.45,43.25,1.0,112.0,1.0,486.0
966,154,161.0,0.0,0.0,206.0,0.0,5,0,2,0,1,0,0,29.3438,13.1,43.25,0.0,112.0,2.0,488.0
967,155,162.0,1.0,0.0,206.0,0.0,5,0,1,0,2,0,0,29.025,12.75,43.25,1.0,113.0,2.0,490.0
968,155,162.0,0.0,0.0,206.0,0.0,6,0,0,0,2,0,0,28.6188,12.4,42.9,0.0,113.0,0.0,490.0
969,155,162.0,0.0,0.0,206.0,0.0,5,0,1,0,2,0,0,28.275,12.05,42.55,0.0,113.0,1.0,491.0
970,155,161.0,0.0,1.0,207.0,0.0,5,1,0,0,2,0,0,27.8688,11.7,42.2,0.0,113.0,0.0,491.0
971,155,162.0,1.0,0.0,207.0,0.0,6,0,0,0,2,0,0,27.4813,11.35,41.85,0.0,113.0,0.0,491.0
972,155,162.0,0.0,0.0,207.0,0.0,6,0,0,0,2,0,0,27.0938,11.0,41.5,0.0,113.0,0.0,491.0
973,155,162.0,0.0,0.0,207.0,0.0,6,0,0,0,2,0,0,26.7063,10.65,41.15,0.0,113.0,0.0,491.0
974,155,162.0,0.0,0.0,207.0,0.0,5,0,1,0,2,0,0,26.3625,10.3,40.8,0.0,113.0,1.0,492.0
975,157,164.0,2.0,0.0,207.0,0.0,6,0,0,0,2,0,0,25.975,9.95,40.45,0.0,113.0,0.0,492.0
976,157,163.0,0.0,1.0,208.0,0.0,5,1,0,0,2,0,0,25.5875,9.6,40.1,0.0,113.0,0.0,492.0
977,157,163.0,0.0,0.0,208.0,0.0,5,0,1,0,2,0,0,25.2625,9.25,39.75,0.0,113.0,1.0,493.0
978,157,163.0,0.0,0.0,208.0,0.0,6,0,0,0,2,0,0,24.8938,8.9,39.4,0.0,113.0,0.0,493.0
979,159,164.0,2.0,1.0,209.0,0.0,3,1,2,0,2,0,0,24.6125,8.55,39.05,0.0,113.0,2.0,495.0
980,158,164.0,0.0,0.0,209.0,0.0,5,0,1,1,1,0,0,24.35,8.2,38.7,1.0,114.0,2.0,497.0
981,158,164.0,0.0,0.0,209.0,0.0,6,0,0,1,1,0,0,25.1475,7.85,38.35,0.0,114.0,0.0,497.0
982,158,164.0,0.0,0.0,209.0,0.0,6,0,0,1,1,0,0,25.945,7.5,38.0,0.0,114.0,0.0,497.0
983,158,164.0,0.0,0.0,209.0,0.0,4,0,2,1,1,0,0,26.83,7.15,37.5,0.0,114.0,2.0,499.0
984,158,163.0,0.0,1.0,210.0,0.0,4,1,1,2,0,0,0,27.6963,6.8,46.12,1.0,115.0,2.0,501.0
985,158,164.0,1.0,0.0,210.0,0.0,6,0,0,2,0,0,0,29.6838,15.55,55.1,0.0,115.0,0.0,501.0
986,158,164.0,0.0,0.0,210.0,0.0,5,0,1,2,0,0,0,31.715,15.55,64.08,0.0,115.0,1.0,502.0
987,159,165.0,1.0,0.0,210.0,0.0,6,0,0,2,0,0,0,33.6838,15.05,73.06,0.0,115.0,0.0,502.0
988,159,165.0,0.0,0.0,210.0,0.0,5,0,0,2,1,0,0,35.6525,14.55,82.04,0.0,115.0,0.0,502.0
989,160,166.0,1.0,0.0,210.0,0.0,5,0,0,2,1,0,0,37.64,14.2,91.02,0.0,115.0,0.0,502.0
990,160,166.0,0.0,0.0,210.0,0.0,6,0,0,1,1,0,0,39.5838,13.85,99.65,0.0,115.0,0.0,502.0
991,161,167.0,1.0,0.0,210.0,0.0,6,0,0,1,1,0,0,40.405,13.5,99.3,0.0,115.0,0.0,502.0
992,161,167.0,0.0,0.0,210.0,0.0,4,0,2,1,1,0,0,41.3138,13.15,98.95,0.0,115.0,2.0,504.0
993,161,167.0,0.0,0.0,210.0,0.0,5,0,1,1,1,0,0,42.2225,12.8,98.6,1.0,116.0,2.0,506.0
994,160,166.0,0.0,1.0,211.0,0.0,6,1,0,0,1,0,0,42.9813,12.45,99.65,0.0,116.0,0.0,506.0
995,161,168.0,2.0,0.0,211.0,0.0,7,0,0,0,1,0,0,42.5938,12.1,99.3,0.0,116.0,0.0,506.0
996,161,168.0,0.0,0.0,211.0,0.0,7,0,0,0,1,0,0,42.2063,11.75,98.95,0.0,116.0,0.0,506.0
997,161,168.0,0.0,0.0,211.0,0.0,7,0,0,0,1,0,0,41.8188,11.4,98.6,0.0,116.0,0.0,506.0
998,161,167.0,0.0,1.0,212.0,0.0,6,1,0,0,1,0,0,41.4313,11.05,98.25,0.0,116.0,0.0,506.0
999,160,166.0,0.0,1.0,213.0,0.0,6,1,0,0,1,0,0,41.0438,10.7,97.9,0.0,116.0,0.0,506.0
1000,159,165.0,0.0,1.0,214.0,0.0,6,1,0,0,1,0,0,40.675,10.35,97.55,0.0,116.0,0.0,506.0
1001,158,165.0,0.0,0.0,214.0,0.0,7,0,0,0,1,0,0,40.325,10.0,97.2,0.0,116.0,0.0,506.0
1002,158,165.0,0.0,0.0,214.0,0.0,6,0,1,0,1,0,0,40.0,9.65,96.85,0.0,116.0,1.0,507.0
1003,161,168.0,3.0,0.0,214.0,0.0,6,0,1,0,1,0,0,39.675,9.3,96.5,0.0,116.0,1.0,508.0
1004,161,168.0,0.0,0.0,214.0,0.0,6,0,1,0,1,0,0,39.3938,8.95,96.15,1.0,117.0,2.0,510.0
1005,162,169.0,1.0,0.0,214.0,0.0,7,0,0,0,1,0,0,39.0063,8.6,95.8,0.0,117.0,0.0,510.0
1006,162,169.0,0.0,0.0,214.0,0.0,7,0,0,0,1,0,0,38.6,8.25,95.45,0.0,117.0,0.0,510.0
1007,162,169.0,0.0,0.0,214.0,0.0,5,0,2,0,1,0,0,38.3,7.9,95.1,0.0,117.0,2.0,512.0
1008,162,169.0,0.0,0.0,214.0,0.0,5,0,1,0,2,0,0,38.0,7.55,94.75,1.0,118.0,2.0,514.0
1009,162,169.0,0.0,0.0,214.0,0.0,4,0,2,0,2,0,0,37.7,7.2,94.4,0.0,118.0,2.0,516.0
1010,162,169.0,0.0,0.0,214.0,0.0,5,0,1,0,2,0,0,37.4,6.85,94.05,1.0,119.0,2.0,518.0
1011,163,170.0,1.0,0.0,214.0,0.0,6,0,0,0,2,0,0,36.9938,6.5,93.7,0.0,119.0,0.0,518.0
1012,163,170.0,0.0,0.0,214.0,0.0,6,0,0,0,2,0,0,36.5688,6.15,93.35,0.0,119.0,0.0,518.0
1013,163,170.0,0.0,0.0,214.0,0.0,6,0,1,0,1,0,0,36.1875,5.8,93.0,0.0,119.0,1.0,519.0
1014,163,170.0,0.0,0.0,214.0,0.0,6,0,0,0,2,0,0,35.7875,5.45,92.5,1.0,120.0,1.0,520.0
1015,165,172.0,2.0,0.0,214.0,0.0,5,0,0,1,2,0,0,35.3438,5.1,92.0,0.0,120.0,0.0,520.0
1016,165,172.0,0.0,0.0,214.0,0.0,4,0,1,1,2,0,0,36.1925,12.7,91.95,0.0,120.0,1.0,521.0
1017,166,173.0,1.0,0.0,214.0,0.0,5,0,0,1,2,0,0,36.9975,12.35,91.6,0.0,120.0,0.0,521.0
1018,166,172.0,0.0,1.0,215.0,0.0,4,1,0,1,2,0,0,37.8025,12.0,91.25,0.0,120.0,0.0,521.0
1019,166,173.0,1.0,0.0,215.0,0.0,4,0,1,1,2,0,0,38.6888,11.65,90.9,0.0,120.0,1.0,522.0
1020,166,172.0,0.0,1.0,216.0,0.0,2,1,2,1,2,0,0,39.6375,11.3,90.55,0.0,120.0,2.0,524.0
1021,165,172.0,0.0,0.0,216.0,0.0,4,0,1,1,2,0,0,40.605,10.95,90.2,1.0,121.0,2.0,526.0
1022,165,172.0,0.0,0.0,216.0,0.0,5,0,0,1,2,0,0,41.4475,10.6,89.85,0.0,121.0,0.0,526.0
1023,165,171.0,0.0,1.0,217.0,0.0,4,1,0,1,2,0,0,42.29,10.25,89.5,0.0,121.0,0.0,526.0
1024,164,171.0,0.0,0.0,217.0,0.0,5,0,0,1,2,0,0,43.1513,9.9,90.51,0.0,121.0,0.0,526.0
1025,165,172.0,1.0,0.0,217.0,0.0,6,0,0,0,2,0,0,43.9688,9.55,99.65,0.0,121.0,0.0,526.0
1026,165,172.0,0.0,0.0,217.0,0.0,6,0,0,0,2,0,0,43.6,9.2,99.3,0.0,121.0,0.0,526.0
1027,167,174.0,2.0,0.0,217.0,0.0,6,0,0,0,2,0,0,43.2125,8.85,98.95,0.0,121.0,0.0,526.0
1028,167,173.0,0.0,1.0,218.0,0.0,5,1,0,0,2,0,0,42.825,8.5,98.6,0.0,121.0,0.0,526.0
1029,166,173.0,0.0,0.0,218.0,0.0,3,0,2,1,2,0,0,42.5625,8.15,98.25,0.0,121.0,2.0,528.0
1030,166,173.0,0.0,0.0,218.0,0.0,4,0,1,2,1,0,0,43.4725,7.8,97.9,1.0,122.0,2.0,530.0
1031,167,174.0,1.0,0.0,218.0,0.0,4,0,1,2,1,0,0,45.5163,14.05,97.55,0.0,122.0,1.0,531.0
1032,167,174.0,0.0,0.0,218.0,0.0,5,0,0,2,1,0,0,47.5163,13.7,97.2,0.0,122.0,0.0,531.0
1033,167,174.0,0.0,0.0,218.0,0.0,5,0,0,2,1,0,0,49.4975,13.35,96.85,0.0,122.0,0.0,531.0
1034,167,174.0,0.0,0.0,218.0,0.0,5,0,0,2,1,0,0,51.4788,13.0,96.5,0.0,122.0,0.0,531.0
1035,169,176.0,2.0,0.0,218.0,0.0,4,0,0,2,2,0,0,53.4413,12.65,96.15,0.0,122.0,0.0,531.0
1036,169,176.0,0.0,0.0,218.0,0.0,4,0,0,2,2,0,0,55.4225,12.3,95.8,0.0,122.0,0.0,531.0
1037,169,176.0,0.0,0.0,218.0,0.0,4,0,0,2,2,0,0,57.4038,11.95,95.45,0.0,122.0,0.0,531.0
1038,169,176.0,0.0,0.0,218.0,0.0,4,0,0,2,2,0,0,59.385,11.6,95.1,0.0,122.0,0.0,531.0
1039,170,177.0,1.0,0.0,218.0,0.0,5,0,0,1,2,0,0,61.3038,11.25,99.65,0.0,122.0,0.0,531.0
1040,170,176.0,0.0,1.0,219.0,0.0,4,1,0,0,3,0,0,62.05,10.9,99.65,0.0,122.0,0.0,531.0
1041,170,176.0,0.0,0.0,219.0,0.0,5,0,0,0,3,0,0,61.6813,10.55,99.3,0.0,122.0,0.0,531.0
1042,170,176.0,0.0,0.0,219.0,0.0,5,0,0,0,3,0,0,61.3125,10.2,98.95,0.0,122.0,0.0,531.0
1043,171,177.0,1.0,0.0,219.0,0.0,5,0,0,0,3,0,0,60.9438,9.85,98.6,0.0,122.0,0.0,531.0
1044,171,177.0,0.0,0.0,219.0,0.0,5,0,0,0,3,0,0,60.575,9.5,98.25,0.0,122.0,0.0,531.0
1045,173,179.0,2.0,0.0,219.0,0.0,5,0,0,0,3,0,0,60.2063,9.15,97.9,0.0,122.0,0.0,531.0
1046,173,179.0,0.0,0.0,219.0,0.0,5,0,0,0,3,0,0,59.8375,8.8,97.55,0.0,122.0,0.0,531.0
1047,173,179.0,0.0,0.0,219.0,0.0,5,0,0,0,3,0,0,59.4688,8.45,97.2,0.0,122.0,0.0,531.0
1048,173,179.0,0.0,0.0,219.0,0.0,5,0,0,0,3,0,0,59.0813,8.1,96.85,0.0,122.0,0.0,531.0
1049,173,179.0,0.0,0.0,219.0,0.0,5,0,0,1,2,0,0,58.6938,7.75,96.5,0.0,122.0,0.0,531.0
1050,173,179.0,0.0,0.0,219.0,0.0,5,0,0,1,2,0,0,59.5031,9.35,96.15,0.0,122.0,0.0,531.0
1051,175,180.0,2.0,1.0,220.0,0.0,4,1,0,1,2,0,0,60.3125,9.0,95.8,0.0,122.0,0.0,531.0
1052,175,180.0,0.0,0.0,220.0,0.0,5,0,0,1,2,0,0,61.1406,8.65,95.45,0.0,122.0,0.0,531.0
1053,175,180.0,0.0,0.0,220.0,0.0,5,0,0,1,2,0,0,61.9688,8.3,95.1,0.0,122.0,0.0,531.0
1054,175,180.0,0.0,0.0,220.0,0.0,5,0,0,1,2,0,0,62.7969,7.95,94.75,0.0,122.0,0.0,531.0
1055,176,181.0,1.0,0.0,220.0,0.0,5,0,0,1,2,0,0,63.625,7.6,94.4,0.0,122.0,0.0,531.0
1056,176,181.0,0.0,0.0,220.0,0.0,5,0,1,2,0,0,0,64.4969,7.25,94.05,0.0,122.0,1.0,532.0
1057,176,181.0,0.0,0.0,220.0,0.0,5,0,0,2,1,0,0,66.5281,8.9,93.7,0.0,122.0,0.0,532.0
1058,176,181.0,0.0,0.0,220.0,0.0,4,0,1,2,1,0,0,68.6031,8.55,93.35,0.0,122.0,1.0,533.0
1059,177,183.0,2.0,0.0,220.0,0.0,5,0,1,1,1,0,0,70.6969,8.2,99.65,1.0,123.0,2.0,535.0
1060,177,182.0,0.0,1.0,221.0,0.0,5,1,0,1,1,0,0,71.5125,7.85,99.3,0.0,123.0,0.0,535.0
1061,176,182.0,0.0,0.0,221.0,0.0,6,0,0,1,1,0,0,72.3281,7.5,98.95,0.0,123.0,0.0,535.0
1062,176,182.0,0.0,0.0,221.0,0.0,6,0,0,1,1,0,0,73.1438,7.15,98.6,0.0,123.0,0.0,535.0
1063,177,183.0,1.0,0.0,221.0,0.0,6,0,0,1,1,0,0,73.9406,6.8,98.25,0.0,123.0,0.0,535.0
1064,177,182.0,0.0,1.0,222.0,0.0,5,1,0,1,1,0,0,74.7375,6.45,97.9,0.0,123.0,0.0,535.0
1065,177,183.0,1.0,0.0,222.0,0.0,6,0,0,1,1,0,0,75.5344,6.1,97.55,0.0,123.0,0.0,535.0
1066,176,183.0,0.0,0.0,222.0,0.0,7,0,0,0,1,0,0,76.2875,5.75,99.65,0.0,123.0,0.0,535.0
1067,177,184.0,1.0,0.0,222.0,0.0,7,0,0,0,1,0,0,75.8813,5.4,99.3,0.0,123.0,0.0,535.0
1068,177,183.0,0.0,1.0,223.0,0.0,6,1,0,0,1,0,0,75.475,5.05,98.95,0.0,123.0,0.0,535.0
1069,176,183.0,0.0,0.0,223.0,0.0,7,0,0,0,1,0,0,75.0875,4.7,98.6,0.0,123.0,0.0,535.0
1070,176,183.0,0.0,0.0,223.0,0.0,7,0,0,0,1,0,0,74.7,4.35,98.25,0.0,123.0,0.0,535.0
1071,176,183.0,0.0,0.0,223.0,0.0,6,0,1,0,1,0,0,74.3563,4.0,97.9,0.0,123.0,1.0,536.0
1072,176,183.0,0.0,0.0,223.0,0.0,7,0,0,0,1,0,0,73.95,3.65,97.55,0.0,123.0,0.0,536.0
1073,177,183.0,1.0,1.0,224.0,0.0,5,1,1,0,1,0,0,73.5875,3.3,97.2,0.0,123.0,1.0,537.0
1074,176,183.0,0.0,0.0,224.0,0.0,7,0,0,0,1,0,0,73.2,2.95,96.85,0.0,123.0,0.0,537.0
1075,179,186.0,3.0,0.0,224.0,0.0,7,0,0,0,1,0,0,72.8125,2.6,96.5,0.0,123.0,0.0,537.0
1076,179,186.0,0.0,0.0,224.0,0.0,7,0,0,1,0,0,0,72.425,2.25,96.15,0.0,123.0,0.0,537.0
1077,179,185.0,0.0,1.0,225.0,0.0,6,1,0,1,0,0,0,73.3031,12.025,95.8,0.0,123.0,0.0,537.0
1078,178,185.0,0.0,0.0,225.0,0.0,7,0,0,1,0,0,0,74.2,21.8,95.45,0.0,123.0,0.0,537.0
1079,178,185.0,0.0,0.0,225.0,0.0,7,0,0,1,0,0,0,75.0969,31.575,95.1,0.0,123.0,0.0,537.0
1080,178,185.0,0.0,0.0,225.0,0.0,7,0,0,1,0,0,0,75.975,41.35,94.75,0.0,123.0,0.0,537.0
1081,178,185.0,0.0,0.0,225.0,0.0,7,0,0,1,0,0,0,76.8344,51.125,94.4,0.0,123.0,0.0,537.0
1082,178,185.0,0.0,0.0,225.0,0.0,7,0,0,1,0,0,0,77.6938,60.9,94.05,0.0,123.0,0.0,537.0
1083,179,185.0,1.0,1.0,226.0,0.0,6,1,0,1,0,0,0,78.5531,63.55,93.7,0.0,123.0,0.0,537.0
1084,178,185.0,0.0,0.0,226.0,0.0,7,0,0,1,0,0,0,79.4313,63.2,93.35,0.0,123.0,0.0,537.0
1085,179,186.0,1.0,0.0,226.0,0.0,7,0,0,1,0,0,0,80.3094,62.85,93.0,0.0,123.0,0.0,537.0
1086,178,186.0,0.0,0.0,226.0,0.0,8,0,0,0,0,0,0,81.125,62.35,99.65,0.0,123.0,0.0,537.0
1087,180,188.0,2.0,0.0,226.0,0.0,8,0,0,0,0,0,0,80.7188,61.85,99.3,0.0,123.0,0.0,537.0
1088,180,188.0,0.0,0.0,226.0,0.0,4,0,4,0,0,0,0,80.5438,61.85,98.95,0.0,123.0,4.0,541.0
1089,180,188.0,0.0,0.0,226.0,0.0,6,0,2,0,0,0,0,80.3688,61.85,98.6,2.0,125.0,4.0,545.0
1090,180,188.0,0.0,0.0,226.0,0.0,8,0,0,0,0,0,0,79.9438,61.35,98.25,0.0,125.0,0.0,545.0
1091,181,189.0,1.0,0.0,226.0,0.0,7,0,1,0,0,0,0,79.5625,60.85,97.9,0.0,125.0,1.0,546.0
1092,181,189.0,0.0,0.0,226.0,0.0,8,0,0,0,0,0,0,79.1375,60.35,97.55,0.0,125.0,0.0,546.0
1093,181,189.0,0.0,0.0,226.0,0.0,8,0,0,0,0,0,0,78.7125,59.85,97.2,0.0,125.0,0.0,546.0
1094,181,189.0,0.0,0.0,226.0,0.0,8,0,0,0,0,0,0,78.2875,59.35,96.85,0.0,125.0,0.0,546.0
1095,182,190.0,1.0,0.0,226.0,0.0,8,0,0,0,0,0,0,77.8438,58.85,96.5,0.0,125.0,0.0,546.0
1096,182,190.0,0.0,0.0,226.0,0.0,7,0,1,0,0,0,0,77.4625,58.35,96.15,0.0,125.0,1.0,547.0
1097,182,190.0,0.0,0.0,226.0,0.0,7,0,1,0,0,0,0,77.1063,58.35,95.8,1.0,126.0,2.0,549.0
1098,182,190.0,0.0,0.0,226.0,0.0,8,0,0,0,0,0,0,76.625,57.85,95.45,0.0,126.0,0.0,549.0
1099,184,192.0,2.0,0.0,226.0,0.0,8,0,0,0,0,0,0,76.1438,57.35,95.1,0.0,126.0,0.0,549.0
1100,184,192.0,0.0,0.0,226.0,0.0,8,0,0,0,0,0,0,75.6625,56.85,94.75,0.0,126.0,0.0,549.0
1101,185,192.0,1.0,1.0,227.0,0.0,7,1,0,0,0,0,0,75.1813,56.35,94.4,0.0,126.0,0.0,549.0
1102,184,191.0,0.0,1.0,228.0,0.0,7,1,0,0,0,0,0,74.7188,55.85,94.05,0.0,126.0,0.0,549.0
1103,183,191.0,0.0,0.0,228.0,0.0,8,0,0,0,0,0,0,74.275,55.35,93.7,0.0,126.0,0.0,549.0
1104,183,190.0,0.0,1.0,229.0,0.0,7,1,0,0,0,0,0,73.8313,54.85,93.35,0.0,126.0,0.0,549.0
1105,183,191.0,1.0,0.0,229.0,0.0,8,0,0,0,0,0,0,73.4063,54.35,93.0,0.0,126.0,0.0,549.0
1106,183,190.0,0.0,1.0,230.0,0.0,4,1,3,0,0,0,0,73.1313,53.85,92.65,0.0,126.0,3.0,552.0
1107,183,191.0,1.0,0.0,230.0,0.0,8,0,0,0,0,0,0,72.7875,53.5,92.3,1.0,127.0,1.0,553.0
1108,183,190.0,0.0,1.0,231.0,0.0,7,1,0,0,0,0,0,72.3813,53.15,91.95,0.0,127.0,0.0,553.0
1109,182,190.0,0.0,0.0,231.0,0.0,7,0,1,0,0,0,0,72.0375,52.8,91.6,0.0,127.0,1.0,554.0
1110,182,189.0,0.0,1.0,232.0,0.0,7,1,0,0,0,0,0,71.6313,52.45,91.25,0.0,127.0,0.0,554.0
1111,182,190.0,1.0,0.0,232.0,0.0,8,0,0,0,0,0,0,71.2438,52.1,90.9,0.0,127.0,0.0,554.0
1112,182,190.0,0.0,0.0,232.0,0.0,8,0,0,0,0,0,0,70.8563,51.75,90.55,0.0,127.0,0.0,554.0
1113,182,190.0,0.0,0.0,232.0,0.0,8,0,0,0,0,0,0,70.4688,51.4,90.2,0.0,127.0,0.0,554.0
1114,182,190.0,0.0,0.0,232.0,0.0,5,0,3,0,0,0,0,70.1938,50.9,90.2,0.0,127.0,3.0,557.0
1115,185,193.0,3.0,0.0,232.0,0.0,6,0,2,0,0,0,0,69.9813,50.4,90.2,2.0,129.0,4.0,561.0
1116,185,193.0,0.0,0.0,232.0,0.0,8,0,0,0,0,0,0,69.5375,49.9,89.7,0.0,129.0,0.0,561.0
1117,185,193.0,0.0,0.0,232.0,0.0,7,0,1,0,0,0,0,69.2,49.4,89.7,0.0,129.0,1.0,562.0
1118,185,193.0,0.0,0.0,232.0,0.0,7,0,1,0,0,0,0,68.8188,48.9,89.2,0.0,129.0,1.0,563.0
1119,185,193.0,0.0,0.0,232.0,0.0,8,0,0,0,0,0,0,68.375,48.4,88.7,0.0,129.0,0.0,563.0
1120,185,193.0,0.0,0.0,232.0,0.0,8,0,0,0,0,0,0,67.9313,47.9,88.2,0.0,129.0,0.0,563.0
1121,185,193.0,0.0,0.0,232.0,0.0,8,0,0,0,0,0,0,67.4688,47.4,87.7,0.0,129.0,0.0,563.0
1122,185,193.0,0.0,0.0,232.0,0.0,8,0,0,0,0,0,0,67.0063,46.9,87.2,0.0,129.0,0.0,563.0
1123,187,193.0,2.0,2.0,234.0,0.0,6,2,0,0,0,0,0,66.5438,46.4,86.7,0.0,129.0,0.0,563.0
1124,185,193.0,0.0,0.0,234.0,0.0,8,0,0,0,0,0,0,66.1188,45.9,86.35,0.0,129.0,0.0,563.0
1125,186,192.0,1.0,2.0,236.0,0.0,6,2,0,0,0,0,0,65.6938,45.4,86.0,0.0,129.0,0.0,563.0
1126,184,192.0,0.0,0.0,236.0,0.0,8,0,0,0,0,0,0,65.3063,45.05,85.65,0.0,129.0,0.0,563.0
1127,184,192.0,0.0,0.0,236.0,0.0,8,0,0,0,0,0,0,64.9188,44.7,85.3,0.0,129.0,0.0,563.0
1128,184,192.0,0.0,0.0,236.0,0.0,7,0,1,0,0,0,0,64.575,44.35,84.95,0.0,129.0,1.0,564.0
1129,185,193.0,1.0,0.0,236.0,0.0,8,0,0,0,0,0,0,64.1875,44.0,84.6,0.0,129.0,0.0,564.0
1130,185,193.0,0.0,0.0,236.0,0.0,8,0,0,0,0,0,0,63.8,43.65,84.25,0.0,129.0,0.0,564.0
1131,186,194.0,1.0,0.0,236.0,0.0,8,0,0,0,0,0,0,63.4125,43.3,83.9,0.0,129.0,0.0,564.0
1132,186,194.0,0.0,0.0,236.0,0.0,6,0,2,0,0,0,0,63.1125,42.95,83.55,0.0,129.0,2.0,566.0
1133,186,194.0,0.0,0.0,236.0,0.0,7,0,1,0,0,0,0,62.7938,42.45,83.2,1.0,130.0,2.0,568.0
1134,186,194.0,0.0,0.0,236.0,0.0,8,0,0,0,0,0,0,62.3688,41.95,82.85,0.0,130.0,0.0,568.0
1135,188,196.0,2.0,0.0,236.0,0.0,8,0,0,0,0,0,0,61.9438,41.45,82.5,0.0,130.0,0.0,568.0
1136,188,196.0,0.0,0.0,236.0,0.0,8,0,0,0,0,0,0,61.5,40.95,82.15,0.0,130.0,0.0,568.0
1137,188,196.0,0.0,0.0,236.0,0.0,8,0,0,0,0,0,0,61.0375,40.45,81.8,0.0,130.0,0.0,568.0
1138,188,195.0,0.0,1.0,237.0,0.0,7,1,0,0,0,0,0,60.575,39.95,81.45,0.0,130.0,0.0,568.0
1139,188,196.0,1.0,0.0,237.0,0.0,8,0,0,0,0,0,0,60.1313,39.45,81.1,0.0,130.0,0.0,568.0
1140,188,196.0,0.0,0.0,237.0,0.0,7,0,1,0,0,0,0,59.75,39.45,80.75,0.0,130.0,1.0,569.0
1141,188,195.0,0.0,1.0,238.0,0.0,7,1,0,0,0,0,0,59.3063,38.95,80.4,0.0,130.0,0.0,569.0
1142,187,193.0,0.0,2.0,240.0,0.0,6,2,0,0,0,0,0,58.8813,38.45,80.05,0.0,130.0,0.0,569.0
1143,186,194.0,1.0,0.0,240.0,0.0,6,0,2,0,0,0,0,58.6,38.1,79.7,0.0,130.0,2.0,571.0
1144,186,194.0,0.0,0.0,240.0,0.0,7,0,1,0,0,0,0,58.3188,37.75,79.35,1.0,131.0,2.0,573.0
1145,187,194.0,1.0,1.0,241.0,0.0,7,1,0,0,0,0,0,57.9313,37.4,79.0,0.0,131.0,0.0,573.0
1146,186,194.0,0.0,0.0,241.0,0.0,8,0,0,0,0,0,0,57.5438,37.05,78.65,0.0,131.0,0.0,573.0
1147,188,196.0,2.0,0.0,241.0,0.0,8,0,0,0,0,0,0,57.1375,36.7,78.3,0.0,131.0,0.0,573.0
1148,188,196.0,0.0,0.0,241.0,0.0,8,0,0,0,0,0,0,56.7313,36.35,77.95,0.0,131.0,0.0,573.0
1149,188,196.0,0.0,0.0,241.0,0.0,8,0,0,0,0,0,0,56.325,36.0,77.6,0.0,131.0,0.0,573.0
1150,188,196.0,0.0,0.0,241.0,0.0,8,0,0,0,0,0,0,55.9188,35.65,77.25,0.0,131.0,0.0,573.0
1151,188,196.0,0.0,0.0,241.0,0.0,6,0,2,0,0,0,0,55.6188,35.3,76.75,0.0,131.0,2.0,575.0
1152,188,195.0,0.0,1.0,242.0,0.0,5,1,2,0,0,0,0,55.3625,34.95,76.25,1.0,132.0,3.0,578.0
1153,187,195.0,0.0,0.0,242.0,0.0,8,0,0,0,0,0,0,55.0,34.6,75.75,1.0,133.0,1.0,579.0
1154,187,195.0,0.0,0.0,242.0,0.0,7,0,1,0,0,0,0,54.6563,34.25,75.25,0.0,133.0,1.0,580.0
1155,189,197.0,2.0,0.0,242.0,0.0,8,0,0,0,0,0,0,54.25,33.9,74.75,0.0,133.0,0.0,580.0
1156,189,197.0,0.0,0.0,242.0,0.0,7,0,1,0,0,0,0,53.9063,33.55,74.25,0.0,133.0,1.0,581.0
1157,190,198.0,1.0,0.0,242.0,0.0,5,0,3,0,0,0,0,53.6688,33.55,73.75,0.0,133.0,3.0,584.0
1158,190,198.0,0.0,0.0,242.0,0.0,7,0,1,0,0,0,0,53.4125,33.55,73.25,2.0,135.0,3.0,587.0
1159,191,198.0,1.0,1.0,243.0,0.0,7,1,0,0,0,0,0,52.9875,33.2,72.75,0.0,135.0,0.0,587.0
1160,190,198.0,0.0,0.0,243.0,0.0,7,0,1,0,0,0,0,52.6875,33.2,72.4,0.0,135.0,1.0,588.0
1161,190,198.0,0.0,0.0,243.0,0.0,7,0,1,0,0,0,0,52.3875,32.85,72.05,1.0,136.0,2.0,590.0
1162,190,198.0,0.0,0.0,243.0,0.0,8,0,0,0,0,0,0,51.9813,32.45,71.7,0.0,136.0,0.0,590.0
1163,191,199.0,1.0,0.0,243.0,0.0,8,0,0,0,0,0,0,51.6375,31.95,71.35,0.0,136.0,0.0,590.0
1164,191,198.0,0.0,1.0,244.0,0.0,7,1,0,0,0,0,0,51.2125,31.45,71.0,0.0,136.0,0.0,590.0
1165,191,199.0,1.0,0.0,244.0,0.0,8,0,0,0,0,0,0,50.8063,30.95,70.65,0.0,136.0,0.0,590.0
1166,191,199.0,0.0,0.0,244.0,0.0,6,0,2,0,0,0,0,50.5063,30.45,70.65,0.0,136.0,2.0,592.0
1167,191,199.0,0.0,0.0,244.0,0.0,7,0,1,0,0,0,0,50.2063,29.95,70.65,1.0,137.0,2.0,594.0
1168,191,199.0,0.0,0.0,244.0,0.0,8,0,0,0,0,0,0,49.7813,29.45,70.3,0.0,137.0,0.0,594.0
1169,191,199.0,0.0,0.0,244.0,0.0,8,0,0,0,0,0,0,49.3375,28.95,69.95,0.0,137.0,0.0,594.0
1170,191,199.0,0.0,0.0,244.0,0.0,8,0,0,0,0,0,0,48.8938,28.45,69.6,0.0,137.0,0.0,594.0
1171,194,202.0,3.0,0.0,244.0,0.0,8,0,0,0,0,0,0,48.4313,27.95,69.1,0.0,137.0,0.0,594.0
1172,194,202.0,0.0,0.0,244.0,0.0,8,0,0,0,0,0,0,47.9688,27.45,68.6,0.0,137.0,0.0,594.0
1173,194,201.0,0.0,1.0,245.0,0.0,7,1,0,0,0,0,0,47.5063,26.95,68.1,0.0,137.0,0.0,594.0
1174,193,199.0,0.0,2.0,247.0,0.0,6,2,0,0,0,0,0,47.0625,26.45,67.6,0.0,137.0,0.0,594.0
1175,192,200.0,1.0,0.0,247.0,0.0,7,0,1,0,0,0,0,46.7188,26.1,67.6,0.0,137.0,1.0,595.0
1176,192,199.0,0.0,1.0,248.0,0.0,7,1,0,0,0,0,0,46.2938,25.75,67.1,0.0,137.0,0.0,595.0
1177,191,199.0,0.0,0.0,248.0,0.0,7,0,1,0,0,0,0,45.9313,25.4,66.6,0.0,137.0,1.0,596.0
1178,191,199.0,0.0,0.0,248.0,0.0,7,0,1,0,0,0,0,45.6313,25.05,66.1,1.0,138.0,2.0,598.0
1179,192,200.0,1.0,0.0,248.0,0.0,8,0,0,0,0,0,0,45.225,24.7,65.6,0.0,138.0,0.0,598.0
1180,192,199.0,0.0,1.0,249.0,0.0,5,1,2,0,0,0,0,44.9438,24.35,65.6,0.0,138.0,2.0,600.0
1181,191,199.0,0.0,0.0,249.0,0.0,8,0,0,0,0,0,0,44.5563,24.0,65.1,0.0,138.0,0.0,600.0
1182,191,199.0,0.0,0.0,249.0,0.0,8,0,0,0,0,0,0,44.1688,23.65,64.6,0.0,138.0,0.0,600.0
1183,192,200.0,1.0,0.0,249.0,0.0,7,0,1,0,0,0,0,43.825,23.3,64.1,0.0,138.0,1.0,601.0
1184,192,200.0,0.0,0.0,249.0,0.0,5,0,3,0,0,0,0,43.5688,22.95,63.6,0.0,138.0,3.0,604.0
1185,194,202.0,2.0,0.0,249.0,0.0,5,0,3,0,0,0,0,43.4,22.45,63.6,2.0,140.0,5.0,609.0
1186,194,202.0,0.0,0.0,249.0,0.0,8,0,0,0,0,0,0,43.0375,21.95,63.6,1.0,141.0,1.0,610.0
1187,195,203.0,1.0,0.0,249.0,0.0,6,0,2,0,0,0,0,42.7188,21.45,63.1,0.0,141.0,2.0,612.0
1188,195,202.0,0.0,1.0,250.0,0.0,5,1,2,0,0,0,0,42.3813,20.95,62.6,0.0,141.0,2.0,614.0
1189,194,202.0,0.0,0.0,250.0,0.0,7,0,1,0,0,0,0,42.0188,20.45,62.1,0.0,141.0,1.0,615.0
1190,194,202.0,0.0,0.0,250.0,0.0,7,0,1,0,0,0,0,41.6813,19.95,61.6,1.0,142.0,2.0,617.0
1191,194,202.0,0.0,0.0,250.0,0.0,8,0,0,0,0,0,0,41.2563,19.45,61.1,0.0,142.0,0.0,617.0
1192,194,201.0,0.0,1.0,251.0,0.0,7,1,0,0,0,0,0,40.8563,18.95,60.6,0.0,142.0,0.0,617.0
1193,193,201.0,0.0,0.0,251.0,0.0,8,0,0,0,0,0,0,40.4313,18.6,60.1,0.0,142.0,0.0,617.0
1194,193,201.0,0.0,0.0,251.0,0.0,8,0,0,0,0,0,0,40.0063,18.25,59.6,0.0,142.0,0.0,617.0
1195,196,204.0,3.0,0.0,251.0,0.0,8,0,0,0,0,0,0,39.5813,17.9,59.1,0.0,142.0,0.0,617.0
1196,196,204.0,0.0,0.0,251.0,0.0,7,0,1,0,0,0,0,39.2188,17.55,59.1,0.0,142.0,1.0,618.0
1197,196,203.0,0.0,1.0,252.0,0.0,6,1,1,0,0,0,0,38.9188,17.2,59.1,1.0,143.0,2.0,620.0
1198,195,203.0,0.0,0.0,252.0,0.0,7,0,1,0,0,0,0,38.575,16.85,58.6,0.0,143.0,1.0,621.0
1199,196,204.0,1.0,0.0,252.0,0.0,7,0,1,0,0,0,0,38.2125,16.5,58.1,0.0,143.0,1.0,622.0
1200,196,204.0,0.0,0.0,252.0,0.0,7,0,1,0,0,0,0,37.85,16.15,58.1,0.0,143.0,1.0,623.0
1201,196,204.0,0.0,0.0,252.0,0.0,6,0,2,0,0,0,0,37.5125,15.65,58.1,0.0,143.0,2.0,625.0
1202,196,204.0,0.0,0.0,252.0,0.0,6,0,2,0,0,0,0,37.2375,15.15,58.1,1.0,144.0,3.0,628.0
1203,197,205.0,1.0,0.0,252.0,0.0,6,0,1,0,1,0,0,36.8563,14.65,58.1,0.0,144.0,1.0,629.0
1204,197,205.0,0.0,0.0,252.0,0.0,6,0,1,0,1,0,0,36.5563,14.3,58.1,1.0,145.0,2.0,631.0
1205,198,205.0,1.0,1.0,253.0,0.0,6,1,0,0,1,0,0,36.1313,13.95,57.6,0.0,145.0,0.0,631.0
1206,197,205.0,0.0,0.0,253.0,0.0,6,0,1,0,1,0,0,35.7875,13.6,57.1,0.0,145.0,1.0,632.0
1207,198,206.0,1.0,0.0,253.0,0.0,7,0,0,0,1,0,0,35.3813,13.25,56.6,0.0,145.0,0.0,632.0
1208,198,206.0,0.0,0.0,253.0,0.0,6,0,1,0,1,0,0,35.0188,12.9,56.1,0.0,145.0,1.0,633.0
1209,198,206.0,0.0,0.0,253.0,0.0,7,0,0,0,1,0,0,34.5938,12.55,55.6,0.0,145.0,0.0,633.0
1210,198,205.0,0.0,1.0,254.0,0.0,6,1,0,0,1,0,0,34.15,12.2,55.1,0.0,145.0,0.0,633.0
1211,198,205.0,1.0,1.0,255.0,0.0,5,1,1,0,1,0,0,33.7875,11.85,54.6,0.0,145.0,1.0,634.0
1212,198,205.0,0.0,0.0,255.0,0.0,7,0,0,0,1,0,0,33.3813,11.5,54.1,0.0,145.0,0.0,634.0
1213,199,206.0,1.0,0.0,255.0,0.0,7,0,0,0,1,0,0,32.975,11.15,53.6,0.0,145.0,0.0,634.0
1214,199,204.0,0.0,2.0,257.0,0.0,4,2,1,0,1,0,0,32.6125,10.8,53.1,0.0,145.0,1.0,635.0
1215,198,205.0,1.0,0.0,257.0,0.0,7,0,0,0,1,0,0,32.225,10.45,52.6,0.0,145.0,0.0,635.0
1216,198,205.0,0.0,0.0,257.0,0.0,7,0,0,0,1,0,0,31.8375,10.1,52.1,0.0,145.0,0.0,635.0
1217,198,205.0,0.0,0.0,257.0,0.0,7,0,0,0,1,0,0,31.4313,9.75,51.6,0.0,145.0,0.0,635.0
1218,198,205.0,0.0,0.0,257.0,0.0,5,0,2,0,1,0,0,31.1125,9.4,51.1,0.0,145.0,2.0,637.0
1219,200,207.0,2.0,0.0,257.0,0.0,5,0,1,1,1,0,0,30.7938,9.05,50.6,1.0,146.0,2.0,639.0
1220,200,207.0,0.0,0.0,257.0,0.0,6,0,0,1,1,0,0,31.5494,14.45,50.1,0.0,146.0,0.0,639.0
1221,200,205.0,0.0,2.0,259.0,0.0,4,2,0,1,1,0,0,32.305,14.1,49.6,0.0,146.0,0.0,639.0
1222,199,204.0,0.0,1.0,260.0,0.0,5,1,0,1,1,0,0,33.0981,13.75,49.25,0.0,146.0,0.0,639.0
1223,198,204.0,0.0,0.0,260.0,0.0,6,0,0,1,1,0,0,33.91,13.4,48.9,0.0,146.0,0.0,639.0
1224,198,204.0,0.0,0.0,260.0,0.0,6,0,0,1,1,0,0,34.7219,13.05,54.525,0.0,146.0,0.0,639.0
1225,199,205.0,1.0,0.0,260.0,0.0,6,0,0,1,1,0,0,35.5338,12.7,63.62,0.0,146.0,0.0,639.0
1226,199,205.0,0.0,0.0,260.0,0.0,6,0,0,1,1,0,0,36.3456,12.35,72.715,0.0,146.0,0.0,639.0
1227,201,207.0,2.0,0.0,260.0,0.0,6,0,0,1,1,0,0,37.1575,12.0,81.81,0.0,146.0,0.0,639.0
1228,201,207.0,0.0,0.0,260.0,0.0,6,0,0,1,1,0,0,37.9506,11.65,90.905,0.0,146.0,0.0,639.0
1229,200,207.0,0.0,0.0,260.0,0.0,7,0,0,0,1,0,0,38.7,11.3,99.65,0.0,146.0,0.0,639.0
1230,200,207.0,0.0,0.0,260.0,0.0,7,0,0,0,1,0,0,38.3125,10.95,99.3,0.0,146.0,0.0,639.0
1231,201,208.0,1.0,0.0,260.0,0.0,7,0,0,0,1,0,0,37.9063,10.6,98.95,0.0,146.0,0.0,639.0
1232,201,208.0,0.0,0.0,260.0,0.0,7,0,0,0,1,0,0,37.5,10.25,98.6,0.0,146.0,0.0,639.0
1233,201,208.0,0.0,0.0,260.0,0.0,7,0,0,0,1,0,0,37.0938,9.9,98.25,0.0,146.0,0.0,639.0
1234,201,208.0,0.0,0.0,260.0,0.0,7,0,0,0,1,0,0,36.6688,9.55,97.9,0.0,146.0,0.0,639.0
1235,203,210.0,2.0,0.0,260.0,0.0,7,0,0,0,1,0,0,36.225,9.2,97.55,0.0,146.0,0.0,639.0
1236,203,208.0,0.0,2.0,262.0,0.0,5,2,0,0,1,0,0,35.7813,8.85,97.2,0.0,146.0,0.0,639.0
1237,202,208.0,0.0,0.0,262.0,0.0,6,1,0,0,1,0,0,35.4188,8.5,96.85,0.0,146.0,0.0,639.0
1238,202,208.0,0.0,0.0,262.0,0.0,6,1,0,1,0,0,0,35.0563,8.15,96.5,0.0,146.0,0.0,639.0
1239,202,207.0,0.0,1.0,263.0,0.0,5,2,0,1,0,0,0,35.8856,15.95,96.15,0.0,146.0,0.0,639.0
1240,201,206.0,0.0,1.0,264.0,0.0,5,2,0,1,0,0,0,36.715,15.95,95.8,0.0,146.0,0.0,639.0
1241,201,207.0,1.0,0.0,264.0,0.0,6,1,0,1,0,0,0,37.5444,15.95,95.45,0.0,146.0,0.0,639.0
1242,201,207.0,0.0,0.0,264.0,0.0,6,1,0,1,0,0,0,38.3738,15.95,95.1,0.0,146.0,0.0,639.0
1243,203,209.0,2.0,0.0,264.0,0.0,6,1,0,1,0,0,0,39.1844,15.95,94.75,0.0,146.0,0.0,639.0
1244,203,208.0,0.0,1.0,265.0,0.0,5,2,0,1,0,0,0,39.995,15.95,94.4,0.0,146.0,0.0,639.0
1245,203,209.0,1.0,0.0,265.0,0.0,6,1,0,1,0,0,0,40.8244,15.95,94.05,0.0,146.0,0.0,639.0
1246,203,209.0,0.0,0.0,265.0,0.0,6,0,0,1,1,0,0,41.61,15.6,93.7,0.0,146.0,0.0,639.0
1247,203,208.0,0.0,1.0,266.0,0.0,5,1,0,1,1,0,0,42.3956,15.25,93.35,0.0,146.0,0.0,639.0
1248,201,208.0,0.0,0.0,266.0,0.0,7,0,0,0,1,0,0,43.1563,14.9,99.65,0.0,146.0,0.0,639.0
1249,201,208.0,0.0,0.0,266.0,0.0,7,0,0,0,1,0,0,42.7313,14.55,99.3,0.0,146.0,0.0,639.0
1250,201,207.0,0.0,1.0,267.0,0.0,6,1,0,0,1,0,0,42.3063,14.2,98.95,0.0,146.0,0.0,639.0
1251,201,208.0,1.0,0.0,267.0,0.0,7,0,0,0,1,0,0,41.9,13.85,98.6,0.0,146.0,0.0,639.0
1252,201,208.0,0.0,0.0,267.0,0.0,7,0,0,0,1,0,0,41.475,13.5,98.25,0.0,146.0,0.0,639.0
1253,201,208.0,0.0,0.0,267.0,0.0,7,0,0,0,1,0,0,41.05,13.15,97.9,0.0,146.0,0.0,639.0
1254,201,208.0,0.0,0.0,267.0,0.0,7,0,0,0,1,0,0,40.625,12.8,97.55,0.0,146.0,0.0,639.0
1255,204,211.0,3.0,0.0,267.0,0.0,7,0,0,0,1,0,0,40.2,12.45,97.2,0.0,146.0,0.0,639.0
1256,204,211.0,0.0,0.0,267.0,0.0,5,0,2,0,1,0,0,39.8813,12.1,96.85,0.0,146.0,2.0,641.0
1257,204,211.0,0.0,0.0,267.0,0.0,5,0,2,0,1,0,0,39.625,11.75,96.5,1.0,147.0,3.0,644.0
1258,204,210.0,0.0,1.0,268.0,0.0,5,1,0,0,2,0,0,39.2,11.4,96.15,0.0,147.0,0.0,644.0
1259,205,210.0,1.0,1.0,269.0,0.0,5,1,0,0,2,0,0,38.8125,11.05,95.8,0.0,147.0,0.0,644.0
1260,204,210.0,0.0,0.0,269.0,0.0,6,0,0,0,2,0,0,38.4438,10.7,95.45,0.0,147.0,0.0,644.0
1261,204,210.0,0.0,0.0,269.0,0.0,6,0,0,0,2,0,0,38.075,10.35,95.1,0.0,147.0,0.0,644.0
1262,204,210.0,0.0,0.0,269.0,0.0,5,0,1,0,2,0,0,37.75,10.0,94.75,0.0,147.0,1.0,645.0
1263,204,210.0,0.0,0.0,269.0,0.0,5,0,1,1,1,0,0,37.425,9.65,94.75,0.0,147.0,1.0,646.0
1264,204,210.0,0.0,0.0,269.0,0.0,5,0,2,1,0,0,0,38.3606,12.75,94.75,1.0,148.0,3.0,649.0
1265,205,211.0,1.0,0.0,269.0,0.0,5,0,0,1,2,0,0,39.2088,12.4,94.4,1.0,149.0,1.0,650.0
1266,205,211.0,0.0,0.0,269.0,0.0,5,0,1,1,1,0,0,40.0569,12.4,94.05,0.0,149.0,1.0,651.0
1267,207,213.0,2.0,0.0,269.0,0.0,5,0,0,1,2,0,0,40.8613,12.05,93.7,0.0,149.0,0.0,651.0
1268,207,213.0,0.0,0.0,269.0,0.0,5,0,0,1,2,0,0,41.6656,11.7,93.35,0.0,149.0,0.0,651.0
1269,208,214.0,1.0,0.0,269.0,0.0,5,0,0,1,2,0,0,42.47,11.35,93.0,0.0,149.0,0.0,651.0
1270,208,213.0,0.0,1.0,270.0,0.0,4,1,0,1,2,0,0,43.2556,11.0,92.65,0.0,149.0,0.0,651.0
1271,208,213.0,0.0,0.0,270.0,0.0,5,0,0,1,2,0,0,44.06,10.65,92.3,0.0,149.0,0.0,651.0
1272,208,213.0,0.0,0.0,270.0,0.0,5,0,0,1,2,0,0,44.8456,10.3,91.95,0.0,149.0,0.0,651.0
1273,207,213.0,0.0,0.0,270.0,0.0,6,0,0,0,2,0,0,45.5875,9.95,99.65,0.0,149.0,0.0,651.0
1274,207,212.0,0.0,1.0,271.0,0.0,5,1,0,0,2,0,0,45.1813,9.6,99.3,0.0,149.0,0.0,651.0
1275,208,214.0,2.0,0.0,271.0,0.0,6,0,0,0,2,0,0,44.7938,9.25,98.95,0.0,149.0,0.0,651.0
1276,208,214.0,0.0,0.0,271.0,0.0,6,0,0,0,2,0,0,44.4063,8.9,98.6,0.0,149.0,0.0,651.0
1277,208,214.0,0.0,0.0,271.0,0.0,6,0,0,0,2,0,0,44.0,8.55,98.25,0.0,149.0,0.0,651.0
1278,208,214.0,0.0,0.0,271.0,0.0,6,0,0,0,2,0,0,43.5938,8.2,97.9,0.0,149.0,0.0,651.0
1279,209,214.0,1.0,1.0,272.0,0.0,5,1,0,0,2,0,0,43.1875,7.85,97.55,0.0,149.0,0.0,651.0
1280,208,214.0,0.0,0.0,272.0,0.0,6,0,0,0,2,0,0,42.8,7.5,97.2,0.0,149.0,0.0,651.0
1281,208,214.0,0.0,0.0,272.0,0.0,5,0,1,1,1,0,0,42.475,7.15,96.85,0.0,149.0,1.0,652.0
1282,208,214.0,0.0,0.0,272.0,0.0,4,0,2,1,1,0,0,43.3981,8.7,96.5,0.0,149.0,2.0,654.0
1283,210,216.0,2.0,0.0,272.0,0.0,5,0,1,1,1,0,0,44.3213,8.35,96.15,1.0,150.0,2.0,656.0
1284,210,216.0,0.0,0.0,272.0,0.0,6,0,0,1,1,0,0,45.1381,8.0,95.8,0.0,150.0,0.0,656.0
1285,211,217.0,1.0,0.0,272.0,0.0,6,0,0,1,1,0,0,45.955,7.65,95.45,0.0,150.0,0.0,656.0
1286,211,217.0,0.0,0.0,272.0,0.0,5,0,0,1,2,0,0,46.7719,7.3,95.1,0.0,150.0,0.0,656.0
1287,211,217.0,0.0,0.0,272.0,0.0,5,0,0,1,2,0,0,47.5888,6.95,94.75,0.0,150.0,0.0,656.0
1288,211,217.0,0.0,0.0,272.0,0.0,5,0,0,1,2,0,0,48.4056,6.6,94.4,0.0,150.0,0.0,656.0
1289,211,217.0,0.0,0.0,272.0,0.0,5,0,0,1,2,0,0,49.2225,6.25,94.05,0.0,150.0,0.0,656.0
1290,211,217.0,0.0,0.0,272.0,0.0,5,0,0,1,2,0,0,50.0394,5.9,93.7,0.0,150.0,0.0,656.0
1291,213,219.0,2.0,0.0,272.0,0.0,5,0,0,1,2,0,0,50.7938,5.55,99.65,0.0,150.0,0.0,656.0
1292,213,219.0,0.0,0.0,272.0,0.0,5,0,0,1,2,0,0,51.6306,12.85,99.3,0.0,150.0,0.0,656.0
1293,213,219.0,0.0,0.0,272.0,0.0,5,0,0,1,2,0,0,52.4675,12.5,98.95,0.0,150.0,0.0,656.0
1294,213,219.0,0.0,0.0,272.0,0.0,5,0,0,1,2,0,0,53.3044,12.15,98.6,0.0,150.0,0.0,656.0
1295,214,219.0,1.0,1.0,273.0,0.0,4,1,0,1,2,0,0,54.1413,11.8,98.25,0.0,150.0,0.0,656.0
1296,213,219.0,0.0,0.0,273.0,0.0,5,0,0,1,2,0,0,54.9969,11.45,97.9,0.0,150.0,0.0,656.0
1297,214,220.0,1.0,0.0,273.0,0.0,5,0,0,1,2,0,0,55.8525,11.1,97.55,0.0,150.0,0.0,656.0
1298,214,220.0,0.0,0.0,273.0,0.0,5,0,0,1,2,0,0,56.7081,10.75,97.2,0.0,150.0,0.0,656.0
1299,215,220.0,1.0,1.0,274.0,0.0,4,1,0,1,2,0,0,57.5638,10.4,96.85,0.0,150.0,0.0,656.0
1300,214,220.0,0.0,0.0,274.0,0.0,5,0,0,1,2,0,0,58.4194,10.05,96.5,0.0,150.0,0.0,656.0
1301,213,220.0,0.0,0.0,274.0,0.0,6,0,0,0,2,0,0,59.2125,9.7,99.65,0.0,150.0,0.0,656.0
1302,213,220.0,0.0,0.0,274.0,0.0,6,0,0,0,2,0,0,58.825,9.35,99.3,0.0,150.0,0.0,656.0
1303,214,221.0,1.0,0.0,274.0,0.0,6,0,0,0,2,0,0,58.4375,9.0,98.95,0.0,150.0,0.0,656.0
1304,214,221.0,0.0,0.0,274.0,0.0,6,0,0,0,2,0,0,58.05,8.65,98.6,0.0,150.0,0.0,656.0
1305,215,222.0,1.0,0.0,274.0,0.0,6,0,0,1,1,0,0,57.6625,8.3,98.25,0.0,150.0,0.0,656.0
1306,215,221.0,0.0,1.0,275.0,0.0,5,1,0,1,1,0,0,58.465,9.3,97.9,0.0,150.0,0.0,656.0
1307,215,222.0,1.0,0.0,275.0,0.0,6,0,0,1,1,0,0,59.2863,8.95,97.55,0.0,150.0,0.0,656.0
1308,215,222.0,0.0,0.0,275.0,0.0,5,0,0,1,2,0,0,60.1075,8.6,97.2,0.0,150.0,0.0,656.0
1309,215,222.0,0.0,0.0,275.0,0.0,5,0,0,1,2,0,0,60.9288,8.25,96.85,0.0,150.0,0.0,656.0
1310,215,222.0,0.0,0.0,275.0,0.0,5,0,0,1,2,0,0,61.75,7.9,96.5,0.0,150.0,0.0,656.0
1311,216,222.0,1.0,1.0,276.0,0.0,3,1,1,1,2,0,0,62.615,7.55,96.15,0.0,150.0,1.0,657.0
1312,216,222.0,0.0,0.0,276.0,0.0,5,0,0,1,2,0,0,63.4175,7.2,95.8,0.0,150.0,0.0,657.0
1313,216,222.0,0.0,0.0,276.0,0.0,5,0,0,2,1,0,0,64.22,6.85,95.45,0.0,150.0,0.0,657.0
1314,216,222.0,0.0,0.0,276.0,0.0,5,0,0,2,1,0,0,66.2306,12.85,95.1,0.0,150.0,0.0,657.0
1315,218,225.0,3.0,0.0,276.0,0.0,6,0,0,1,1,0,0,68.1975,12.5,99.65,0.0,150.0,0.0,657.0
1316,218,225.0,0.0,0.0,276.0,0.0,6,0,0,1,1,0,0,69.0181,12.15,99.3,0.0,150.0,0.0,657.0
1317,218,225.0,0.0,0.0,276.0,0.0,6,0,0,1,1,0,0,69.8388,11.8,98.95,0.0,150.0,0.0,657.0
1318,218,225.0,0.0,0.0,276.0,0.0,5,0,1,1,1,0,0,70.7031,11.45,98.6,0.0,150.0,1.0,658.0
1319,218,225.0,0.0,0.0,276.0,0.0,5,0,1,1,1,0,0,71.63,11.1,98.25,1.0,151.0,2.0,660.0
1320,218,225.0,0.0,0.0,276.0,0.0,6,0,0,1,1,0,0,72.4319,10.75,97.9,0.0,151.0,0.0,660.0
1321,218,225.0,0.0,0.0,276.0,0.0,5,0,1,1,1,0,0,73.2963,10.4,97.55,0.0,151.0,1.0,661.0
1322,218,224.0,0.0,1.0,277.0,0.0,5,1,0,1,1,0,0,74.0981,10.05,97.2,0.0,151.0,0.0,661.0
1323,218,225.0,1.0,0.0,277.0,0.0,7,0,0,0,1,0,0,74.875,9.7,99.65,0.0,151.0,0.0,661.0
1324,218,224.0,0.0,1.0,278.0,0.0,6,1,0,0,1,0,0,74.4875,9.35,99.3,0.0,151.0,0.0,661.0
1325,219,226.0,2.0,0.0,278.0,0.0,7,0,0,0,1,0,0,74.1188,9.0,98.95,0.0,151.0,0.0,661.0
1326,219,226.0,0.0,0.0,278.0,0.0,7,0,0,0,1,0,0,73.75,8.65,98.6,0.0,151.0,0.0,661.0
1327,220,227.0,1.0,0.0,278.0,0.0,7,0,0,0,1,0,0,73.3813,8.3,98.25,0.0,151.0,0.0,661.0
1328,220,227.0,0.0,0.0,278.0,0.0,7,0,0,0,1,0,0,73.0125,7.95,97.9,0.0,151.0,0.0,661.0
1329,220,227.0,0.0,0.0,278.0,0.0,7,0,0,0,1,0,0,72.625,7.6,97.55,0.0,151.0,0.0,661.0
1330,220,227.0,0.0,0.0,278.0,0.0,7,0,0,1,0,0,0,72.2375,7.25,97.2,0.0,151.0,0.0,661.0
1331,221,228.0,1.0,0.0,278.0,0.0,7,0,0,1,0,0,0,73.0344,16.525,96.85,0.0,151.0,0.0,661.0
1332,221,227.0,0.0,1.0,279.0,0.0,6,1,0,1,0,0,0,73.8313,25.8,96.5,0.0,151.0,0.0,661.0
1333,220,226.0,0.0,1.0,280.0,0.0,6,1,0,1,0,0,0,74.6469,35.075,96.15,0.0,151.0,0.0,661.0
1334,219,226.0,0.0,0.0,280.0,0.0,7,0,0,1,0,0,0,75.4813,44.35,95.8,0.0,151.0,0.0,661.0
1335,220,227.0,1.0,0.0,280.0,0.0,7,0,0,1,0,0,0,76.3156,53.625,95.45,0.0,151.0,0.0,661.0
1336,220,227.0,0.0,0.0,280.0,0.0,7,0,0,1,0,0,0,77.15,56.75,95.1,0.0,151.0,0.0,661.0
1337,220,226.0,0.0,1.0,281.0,0.0,6,1,0,1,0,0,0,77.9844,56.4,94.75,0.0,151.0,0.0,661.0
1338,219,226.0,0.0,0.0,281.0,0.0,7,0,0,1,0,0,0,78.8375,56.05,94.4,0.0,151.0,0.0,661.0
1339,222,229.0,3.0,0.0,281.0,0.0,5,0,2,1,0,0,0,79.7781,55.7,94.05,0.0,151.0,2.0,663.0
1340,221,229.0,0.0,0.0,281.0,0.0,7,0,1,0,0,0,0,80.675,55.35,99.65,1.0,152.0,2.0,665.0
1341,221,229.0,0.0,0.0,281.0,0.0,7,0,1,0,0,0,0,80.3688,55.0,99.3,0.0,152.0,1.0,666.0
1342,221,229.0,0.0,0.0,281.0,0.0,8,0,0,0,0,0,0,80.0,54.65,98.95,0.0,152.0,0.0,666.0
1343,221,229.0,0.0,0.0,281.0,0.0,8,0,0,0,0,0,0,79.6125,54.3,98.6,0.0,152.0,0.0,666.0
1344,221,229.0,0.0,0.0,281.0,0.0,8,0,0,0,0,0,0,79.2063,53.95,98.25,0.0,152.0,0.0,666.0
1345,222,230.0,1.0,0.0,281.0,0.0,8,0,0,0,0,0,0,78.7625,53.6,97.9,0.0,152.0,0.0,666.0
1346,222,230.0,0.0,0.0,281.0,0.0,7,0,1,0,0,0,0,78.3813,53.25,97.55,0.0,152.0,1.0,667.0
1347,223,231.0,1.0,0.0,281.0,0.0,8,0,0,0,0,0,0,77.9375,52.9,97.2,0.0,152.0,0.0,667.0
1348,223,231.0,0.0,0.0,281.0,0.0,8,0,0,0,0,0,0,77.4938,52.55,96.85,0.0,152.0,0.0,667.0
1349,223,231.0,0.0,0.0,281.0,0.0,8,0,0,0,0,0,0,77.05,52.2,96.5,0.0,152.0,0.0,667.0
1350,223,228.0,0.0,3.0,284.0,0.0,5,3,0,0,0,0,0,76.6063,51.85,96.15,0.0,152.0,0.0,667.0
1351,221,229.0,1.0,0.0,284.0,0.0,8,0,0,0,0,0,0,76.2188,51.5,95.8,0.0,152.0,0.0,667.0
1352,221,228.0,0.0,1.0,285.0,0.0,7,1,0,0,0,0,0,75.8313,51.15,95.45,0.0,152.0,0.0,667.0
1353,221,229.0,1.0,0.0,285.0,0.0,7,0,1,0,0,0,0,75.5063,50.8,95.1,0.0,152.0,1.0,668.0
1354,221,228.0,0.0,1.0,286.0,0.0,7,1,0,0,0,0,0,75.1375,50.45,94.75,0.0,152.0,0.0,668.0
1355,222,230.0,2.0,0.0,286.0,0.0,8,0,0,0,0,0,0,74.7875,50.1,94.4,0.0,152.0,0.0,668.0
1356,222,230.0,0.0,0.0,286.0,0.0,8,0,0,0,0,0,0,74.4375,49.75,94.05,0.0,152.0,0.0,668.0
1357,222,230.0,0.0,0.0,286.0,0.0,8,0,0,0,0,0,0,74.0688,49.25,93.7,0.0,152.0,0.0,668.0
1358,222,230.0,0.0,0.0,286.0,0.0,7,0,1,0,0,0,0,73.7438,48.75,93.7,0.0,152.0,1.0,669.0
1359,222,230.0,0.0,0.0,286.0,0.0,7,0,1,0,0,0,0,73.4438,48.75,93.7,1.0,153.0,2.0,671.0
1360,222,230.0,0.0,0.0,286.0,0.0,8,0,0,0,0,0,0,73.0375,48.25,93.35,0.0,153.0,0.0,671.0
1361,222,230.0,0.0,0.0,286.0,0.0,6,0,2,0,0,0,0,72.7188,47.75,93.0,0.0,153.0,2.0,673.0
1362,222,230.0,0.0,0.0,286.0,0.0,7,0,1,0,0,0,0,72.4,47.25,92.65,1.0,154.0,2.0,675.0
1363,224,231.0,2.0,1.0,287.0,0.0,7,1,0,0,0,0,0,71.9938,46.75,92.3,0.0,154.0,0.0,675.0
1364,223,231.0,0.0,0.0,287.0,0.0,7,0,1,0,0,0,0,71.65,46.4,91.95,0.0,154.0,1.0,676.0
1365,224,232.0,1.0,0.0,287.0,0.0,8,0,0,0,0,0,0,71.2438,46.05,91.45,0.0,154.0,0.0,676.0
1366,224,232.0,0.0,0.0,287.0,0.0,8,0,0,0,0,0,0,70.8375,45.7,90.95,0.0,154.0,0.0,676.0
1367,225,233.0,1.0,0.0,287.0,0.0,8,0,0,0,0,0,0,70.4125,45.35,90.45,0.0,154.0,0.0,676.0
1368,225,233.0,0.0,0.0,287.0,0.0,8,0,0,0,0,0,0,69.9875,45.0,89.95,0.0,154.0,0.0,676.0
1369,225,232.0,0.0,1.0,288.0,0.0,7,1,0,0,0,0,0,69.5438,44.65,89.45,0.0,154.0,0.0,676.0
1370,224,232.0,0.0,0.0,288.0,0.0,7,0,1,0,0,0,0,69.1813,44.3,88.95,0.0,154.0,1.0,677.0
1371,225,233.0,1.0,0.0,288.0,0.0,8,0,0,0,0,0,0,68.7563,43.95,88.45,0.0,154.0,0.0,677.0
1372,225,233.0,0.0,0.0,288.0,0.0,8,0,0,0,0,0,0,68.3313,43.6,87.95,0.0,154.0,0.0,677.0
1373,225,232.0,0.0,1.0,289.0,0.0,7,1,0,0,0,0,0,67.9063,43.25,87.45,0.0,154.0,0.0,677.0
1374,224,232.0,0.0,0.0,289.0,0.0,7,0,1,0,0,0,0,67.5625,42.9,87.45,0.0,154.0,1.0,678.0
1375,226,233.0,2.0,1.0,290.0,0.0,5,1,2,0,0,0,0,67.3063,42.9,87.45,1.0,155.0,3.0,681.0
1376,225,232.0,0.0,1.0,291.0,0.0,7,1,0,0,0,0,0,66.9625,42.9,86.95,1.0,156.0,1.0,682.0
1377,224,232.0,0.0,0.0,291.0,0.0,6,0,2,0,0,0,0,66.6813,42.55,86.45,0.0,156.0,2.0,684.0
1378,224,232.0,0.0,0.0,291.0,0.0,8,0,0,0,0,0,0,66.3125,42.2,85.95,0.0,156.0,0.0,684.0
1379,225,233.0,1.0,0.0,291.0,0.0,8,0,0,0,0,0,0,65.9438,41.85,85.45,0.0,156.0,0.0,684.0
1380,225,233.0,0.0,0.0,291.0,0.0,7,0,1,0,0,0,0,65.6188,41.85,84.95,0.0,156.0,1.0,685.0
1381,226,234.0,1.0,0.0,291.0,0.0,8,0,0,0,0,0,0,65.2313,41.5,84.45,0.0,156.0,0.0,685.0
1382,226,234.0,0.0,0.0,291.0,0.0,8,0,0,0,0,0,0,64.825,41.0,83.95,0.0,156.0,0.0,685.0
1383,226,234.0,0.0,0.0,291.0,0.0,8,0,0,0,0,0,0,64.4188,40.5,83.45,0.0,156.0,0.0,685.0
1384,226,234.0,0.0,0.0,291.0,0.0,6,0,2,0,0,0,0,64.1,40.0,83.45,0.0,156.0,2.0,687.0
1385,227,235.0,1.0,0.0,291.0,0.0,7,0,1,0,0,0,0,63.7625,39.5,83.45,1.0,157.0,2.0,689.0
1386,227,235.0,0.0,0.0,291.0,0.0,8,0,0,0,0,0,0,63.3188,39.0,82.95,0.0,157.0,0.0,689.0
1387,229,236.0,2.0,1.0,292.0,0.0,7,1,0,0,0,0,0,62.8563,38.5,82.45,0.0,157.0,0.0,689.0
1388,228,236.0,0.0,0.0,292.0,0.0,8,0,0,0,0,0,0,62.4125,38.0,82.1,0.0,157.0,0.0,689.0
1389,228,236.0,0.0,0.0,292.0,0.0,8,0,0,0,0,0,0,61.95,37.5,81.75,0.0,157.0,0.0,689.0
1390,228,236.0,0.0,0.0,292.0,0.0,8,0,0,0,0,0,0,61.4875,37.0,81.4,0.0,157.0,0.0,689.0
1391,228,234.0,0.0,2.0,294.0,0.0,6,2,0,0,0,0,0,61.0063,36.5,81.05,0.0,157.0,0.0,689.0
1392,226,233.0,0.0,1.0,295.0,0.0,7,1,0,0,0,0,0,60.5625,36.15,80.7,0.0,157.0,0.0,689.0
1393,225,233.0,0.0,0.0,295.0,0.0,8,0,0,0,0,0,0,60.1188,35.8,80.35,0.0,157.0,0.0,689.0
1394,225,233.0,0.0,0.0,295.0,0.0,8,0,0,0,0,0,0,59.675,35.45,80.0,0.0,157.0,0.0,689.0
1395,228,236.0,3.0,0.0,295.0,0.0,7,0,1,0,0,0,0,59.275,35.1,80.0,0.0,157.0,1.0,690.0
1396,228,236.0,0.0,0.0,295.0,0.0,8,0,0,0,0,0,0,58.8313,34.75,79.65,0.0,157.0,0.0,690.0
1397,228,235.0,0.0,1.0,296.0,0.0,7,1,0,0,0,0,0,58.3875,34.4,79.3,0.0,157.0,0.0,690.0
1398,227,235.0,0.0,0.0,296.0,0.0,8,0,0,0,0,0,0,57.9625,34.05,78.95,0.0,157.0,0.0,690.0
1399,228,236.0,1.0,0.0,296.0,0.0,8,0,0,0,0,0,0,57.5375,33.7,78.6,0.0,157.0,0.0,690.0
1400,228,236.0,0.0,0.0,296.0,0.0,6,0,2,0,0,0,0,57.2188,33.35,78.25,0.0,157.0,2.0,692.0
1401,228,236.0,0.0,0.0,296.0,0.0,7,0,1,0,0,0,0,56.8813,32.85,77.9,1.0,158.0,2.0,694.0
1402,228,235.0,0.0,1.0,297.0,0.0,3,1,4,0,0,0,0,56.6313,32.85,77.9,0.0,158.0,4.0,698.0
1403,228,236.0,1.0,0.0,297.0,0.0,6,0,2,0,0,0,0,56.4,32.85,77.9,2.0,160.0,4.0,702.0
1404,228,236.0,0.0,0.0,297.0,0.0,8,0,0,0,0,0,0,55.9563,32.35,77.55,0.0,160.0,0.0,702.0
1405,229,237.0,1.0,0.0,297.0,0.0,7,0,1,0,0,0,0,55.575,31.85,77.2,0.0,160.0,1.0,703.0
1406,229,236.0,0.0,1.0,298.0,0.0,7,1,0,0,0,0,0,55.1125,31.35,76.7,0.0,160.0,0.0,703.0
1407,228,235.0,0.0,1.0,299.0,0.0,7,1,0,0,0,0,0,54.6688,30.85,76.2,0.0,160.0,0.0,703.0
1408,227,235.0,0.0,0.0,299.0,0.0,7,0,1,0,0,0,0,54.2875,30.35,75.7,0.0,160.0,1.0,704.0
1409,228,236.0,1.0,0.0,299.0,0.0,7,0,1,0,0,0,0,53.9688,29.85,75.2,1.0,161.0,2.0,706.0
1410,228,236.0,0.0,0.0,299.0,0.0,8,0,0,0,0,0,0,53.5438,29.35,74.7,0.0,161.0,0.0,706.0
1411,230,238.0,2.0,0.0,299.0,0.0,7,0,1,0,0,0,0,53.1813,28.85,74.2,0.0,161.0,1.0,707.0
1412,230,237.0,0.0,1.0,300.0,0.0,7,1,0,0,0,0,0,52.7563,28.35,73.7,0.0,161.0,0.0,707.0
1413,229,237.0,0.0,0.0,300.0,0.0,8,0,0,0,0,0,0,52.3313,27.85,73.2,0.0,161.0,0.0,707.0
1414,229,237.0,0.0,0.0,300.0,0.0,8,0,0,0,0,0,0,51.8875,27.35,72.7,0.0,161.0,0.0,707.0
1415,230,238.0,1.0,0.0,300.0,0.0,8,0,0,0,0,0,0,51.4438,26.85,72.2,0.0,161.0,0.0,707.0
1416,230,238.0,0.0,0.0,300.0,0.0,8,0,0,0,0,0,0,51.0,26.35,71.7,0.0,161.0,0.0,707.0
1417,230,238.0,0.0,0.0,300.0,0.0,8,0,0,0,0,0,0,50.5563,25.85,71.2,0.0,161.0,0.0,707.0
1418,230,238.0,0.0,0.0,300.0,0.0,8,0,0,0,0,0,0,50.1125,25.35,70.7,0.0,161.0,0.0,707.0
1419,231,239.0,1.0,0.0,300.0,0.0,8,0,0,0,0,0,0,49.6688,24.85,70.2,0.0,161.0,0.0,707.0
1420,231,239.0,0.0,0.0,300.0,0.0,8,0,0,0,0,0,0,49.2063,24.35,69.7,0.0,161.0,0.0,707.0
1421,231,239.0,0.0,0.0,300.0,0.0,8,0,0,0,0,0,0,48.7438,23.85,69.2,0.0,161.0,0.0,707.0
1422,231,239.0,0.0,0.0,300.0,0.0,8,0,0,0,0,0,0,48.2813,23.35,68.7,0.0,161.0,0.0,707.0
1423,233,241.0,2.0,0.0,300.0,0.0,7,0,1,0,0,0,0,47.8813,23.35,68.2,0.0,161.0,1.0,708.0
1424,233,241.0,0.0,0.0,300.0,0.0,8,0,0,0,0,0,0,47.4188,22.85,67.7,0.0,161.0,0.0,708.0
1425,234,241.0,1.0,1.0,301.0,0.0,7,1,0,0,0,0,0,46.9563,22.35,67.2,0.0,161.0,0.0,708.0
1426,233,239.0,0.0,2.0,303.0,0.0,5,2,1,0,0,0,0,46.5563,21.85,66.7,0.0,161.0,1.0,709.0
1427,232,239.0,1.0,1.0,304.0,0.0,6,1,1,0,0,0,0,46.1563,21.35,66.7,0.0,161.0,1.0,710.0
1428,231,239.0,0.0,0.0,304.0,0.0,7,0,1,0,0,0,0,45.8375,21.35,66.7,1.0,162.0,2.0,712.0
1429,231,239.0,0.0,0.0,304.0,0.0,8,0,0,0,0,0,0,45.4125,20.85,66.35,0.0,162.0,0.0,712.0
1430,231,239.0,0.0,0.0,304.0,0.0,7,0,1,0,0,0,0,45.05,20.85,66.0,0.0,162.0,1.0,713.0
1431,231,239.0,0.0,0.0,304.0,0.0,8,0,0,0,0,0,0,44.625,20.35,65.65,0.0,162.0,0.0,713.0
1432,231,238.0,0.0,1.0,305.0,0.0,7,1,0,0,0,0,0,44.2,19.85,65.3,0.0,162.0,0.0,713.0
1433,230,237.0,0.0,1.0,306.0,0.0,7,1,0,0,0,0,0,43.7938,19.5,64.95,0.0,162.0,0.0,713.0
1434,229,237.0,0.0,0.0,306.0,0.0,7,0,1,0,0,0,0,43.4313,19.0,64.6,0.0,162.0,1.0,714.0
1435,232,240.0,3.0,0.0,306.0,0.0,8,0,0,0,0,0,0,43.0063,18.5,64.25,0.0,162.0,0.0,714.0
1436,232,240.0,0.0,0.0,306.0,0.0,6,0,2,0,0,0,0,42.6875,18.0,63.9,0.0,162.0,2.0,716.0
1437,233,241.0,1.0,0.0,306.0,0.0,7,0,1,0,0,0,0,42.3688,17.5,63.55,1.0,163.0,2.0,718.0
1438,233,241.0,0.0,0.0,306.0,0.0,8,0,0,0,0,0,0,41.9438,17.0,63.2,0.0,163.0,0.0,718.0
1439,233,241.0,0.0,0.0,306.0,0.0,8,0,0,0,0,0,0,41.5,16.5,62.85,0.0,163.0,0.0,718.0
1440,233,241.0,0.0,0.0,306.0,0.0,8,0,0,0,0,0,0,41.0563,16.0,62.5,0.0,163.0,0.0,718.0
1441,233,240.0,0.0,1.0,307.0,0.0,7,1,0,0,0,0,0,40.6125,15.5,62.15,0.0,163.0,0.0,718.0
1442,232,240.0,0.0,0.0,307.0,0.0,8,0,0,0,0,0,0,40.1688,15.0,61.8,0.0,163.0,0.0,718.0
1443,233,241.0,1.0,0.0,307.0,0.0,7,0,0,0,1,0,0,39.725,14.5,61.45,0.0,163.0,0.0,718.0
1444,233,241.0,0.0,0.0,307.0,0.0,6,0,1,0,1,0,0,39.3625,14.15,61.1,0.0,163.0,1.0,719.0
1445,234,242.0,1.0,0.0,307.0,0.0,6,0,2,0,0,0,0,39.0875,14.15,60.75,1.0,164.0,3.0,722.0
1446,234,242.0,0.0,0.0,307.0,0.0,7,0,1,0,0,0,0,38.7063,14.15,60.4,0.0,164.0,1.0,723.0
1447,235,242.0,1.0,1.0,308.0,0.0,5,1,2,0,0,0,0,38.3688,14.15,60.05,0.0,164.0,2.0,725.0
1448,234,242.0,0.0,0.0,308.0,0.0,7,0,1,0,0,0,0,38.05,14.15,59.7,1.0,165.0,2.0,727.0
1449,234,241.0,0.0,1.0,309.0,0.0,6,1,0,0,1,0,0,37.6438,13.8,59.35,0.0,165.0,0.0,727.0
1450,234,241.0,0.0,0.0,309.0,0.0,5,0,2,0,1,0,0,37.3625,13.45,59.0,0.0,165.0,2.0,729.0
1451,236,243.0,2.0,0.0,309.0,0.0,5,0,3,0,0,0,0,37.1688,13.45,58.65,1.0,166.0,4.0,733.0
1452,236,243.0,0.0,0.0,309.0,0.0,6,0,1,0,1,0,0,36.8688,13.45,58.3,1.0,167.0,2.0,735.0
1453,236,243.0,0.0,0.0,309.0,0.0,7,0,0,0,1,0,0,36.4813,13.1,57.95,0.0,167.0,0.0,735.0
1454,236,243.0,0.0,0.0,309.0,0.0,6,0,1,0,1,0,0,36.1375,12.75,57.6,0.0,167.0,1.0,736.0
1455,237,243.0,1.0,1.0,310.0,0.0,4,1,2,0,1,0,0,35.8563,12.4,57.25,0.0,167.0,2.0,738.0
1456,236,243.0,0.0,0.0,310.0,0.0,6,0,1,0,1,0,0,35.5938,12.05,56.9,1.0,168.0,2.0,740.0
1457,236,243.0,0.0,0.0,310.0,0.0,7,0,0,0,1,0,0,35.225,11.7,56.55,0.0,168.0,0.0,740.0
1458,236,243.0,0.0,0.0,310.0,0.0,7,0,0,0,1,0,0,34.8375,11.35,56.2,0.0,168.0,0.0,740.0
1459,238,245.0,2.0,0.0,310.0,0.0,6,0,1,0,1,0,0,34.4938,11.0,55.7,0.0,168.0,1.0,741.0
1460,238,245.0,0.0,0.0,310.0,0.0,7,0,0,0,1,0,0,34.0875,10.65,55.2,0.0,168.0,0.0,741.0
1461,238,245.0,0.0,0.0,310.0,0.0,7,0,0,0,1,0,0,33.6625,10.3,54.7,0.0,168.0,0.0,741.0
1462,238,245.0,0.0,0.0,310.0,0.0,7,0,0,0,1,0,0,33.2375,9.95,54.2,0.0,168.0,0.0,741.0
1463,238,244.0,0.0,1.0,311.0,0.0,3,1,2,0,2,0,0,32.9188,9.6,54.2,0.0,168.0,2.0,743.0
1464,238,244.0,0.0,0.0,311.0,0.0,5,0,1,0,2,0,0,32.6375,9.25,54.2,1.0,169.0,2.0,745.0
1465,240,245.0,2.0,1.0,312.0,0.0,5,1,0,0,2,0,0,32.25,8.9,53.7,0.0,169.0,0.0,745.0
1466,239,245.0,0.0,0.0,312.0,0.0,5,0,1,0,2,0,0,31.9875,8.55,53.7,0.0,169.0,1.0,746.0
1467,240,246.0,1.0,0.0,312.0,0.0,6,0,1,0,1,0,0,31.6625,8.2,53.2,0.0,169.0,1.0,747.0
1468,240,246.0,0.0,0.0,312.0,0.0,5,0,2,0,1,0,0,31.3813,7.85,52.7,0.0,169.0,2.0,749.0
1469,240,246.0,0.0,0.0,312.0,0.0,6,0,1,0,1,0,0,31.0813,7.5,52.2,1.0,170.0,2.0,751.0
1470,240,246.0,0.0,0.0,312.0,0.0,6,0,0,0,2,0,0,30.6938,7.15,51.7,0.0,170.0,0.0,751.0
1471,241,247.0,1.0,0.0,312.0,0.0,6,0,0,0,2,0,0,30.3063,6.8,51.2,0.0,170.0,0.0,751.0
1472,241,247.0,0.0,0.0,312.0,0.0,6,0,0,0,2,0,0,29.9188,6.45,50.7,0.0,170.0,0.0,751.0
1473,241,247.0,0.0,0.0,312.0,0.0,6,0,0,1,1,0,0,29.5313,6.1,50.2,0.0,170.0,0.0,751.0
1474,241,247.0,0.0,0.0,312.0,0.0,6,0,0,1,1,0,0,30.3613,12.05,49.7,0.0,170.0,0.0,751.0
1475,243,248.0,2.0,1.0,313.0,0.0,5,1,0,1,1,0,0,31.1913,11.7,49.2,0.0,170.0,0.0,751.0
1476,242,248.0,0.0,0.0,313.0,0.0,6,0,0,1,1,0,0,32.04,11.35,48.85,0.0,170.0,0.0,751.0
1477,242,248.0,0.0,0.0,313.0,0.0,6,0,0,1,1,0,0,32.8888,11.0,48.5,0.0,170.0,0.0,751.0
1478,242,248.0,0.0,0.0,313.0,0.0,6,0,0,1,1,0,0,33.7375,10.65,53.05,0.0,170.0,0.0,751.0
1479,243,249.0,1.0,0.0,313.0,0.0,6,0,0,1,1,0,0,34.5675,10.3,62.44,0.0,170.0,0.0,751.0
1480,243,249.0,0.0,0.0,313.0,0.0,6,0,0,1,1,0,0,35.3975,9.95,71.83,0.0,170.0,0.0,751.0
1481,243,249.0,0.0,0.0,313.0,0.0,6,0,0,1,1,0,0,36.2275,9.6,81.22,0.0,170.0,0.0,751.0
1482,243,249.0,0.0,0.0,313.0,0.0,6,0,0,1,1,0,0,37.0388,9.25,90.61,0.0,170.0,0.0,751.0
1483,244,250.0,2.0,1.0,314.0,0.0,6,1,0,0,1,0,0,37.7875,8.9,99.65,0.0,170.0,0.0,751.0
1484,243,250.0,0.0,0.0,314.0,0.0,7,0,0,0,1,0,0,37.3813,8.55,99.3,0.0,170.0,0.0,751.0
1485,244,251.0,1.0,0.0,314.0,0.0,7,0,0,0,1,0,0,36.975,8.2,98.95,0.0,170.0,0.0,751.0
1486,244,251.0,0.0,0.0,314.0,0.0,6,0,1,0,1,0,0,36.6313,7.85,98.6,0.0,170.0,1.0,752.0
1487,244,251.0,0.0,0.0,314.0,0.0,6,0,1,0,1,0,0,36.3313,7.5,98.25,1.0,171.0,2.0,754.0
1488,244,251.0,0.0,0.0,314.0,0.0,7,0,0,1,0,0,0,35.925,7.15,97.9,0.0,171.0,0.0,754.0
1489,244,250.0,0.0,1.0,315.0,0.0,5,1,1,1,0,0,0,36.7669,16.435,97.55,0.0,171.0,1.0,755.0
1490,243,250.0,0.0,0.0,315.0,0.0,7,0,0,1,0,0,0,37.5838,18.9,97.2,0.0,171.0,0.0,755.0
1491,244,251.0,1.0,0.0,315.0,0.0,7,0,0,1,0,0,0,38.4006,18.55,96.85,0.0,171.0,0.0,755.0
1492,244,251.0,0.0,0.0,315.0,0.0,7,0,0,1,0,0,0,39.1988,18.2,96.5,0.0,171.0,0.0,755.0
1493,245,252.0,1.0,0.0,315.0,0.0,7,0,0,1,0,0,0,39.9969,17.85,96.15,0.0,171.0,0.0,755.0
1494,245,252.0,0.0,0.0,315.0,0.0,7,0,0,1,0,0,0,40.7763,17.5,95.8,0.0,171.0,0.0,755.0
1495,247,254.0,2.0,0.0,315.0,0.0,6,0,1,1,0,0,0,41.6181,17.15,95.45,0.0,171.0,1.0,756.0
1496,247,254.0,0.0,0.0,315.0,0.0,6,0,1,1,0,0,0,42.5038,17.15,95.1,1.0,172.0,2.0,758.0
1497,247,254.0,0.0,0.0,315.0,0.0,7,0,0,1,0,0,0,43.2831,16.8,94.75,0.0,172.0,0.0,758.0
1498,246,254.0,0.0,0.0,315.0,0.0,7,0,1,0,0,0,0,44.0625,16.8,99.65,0.0,172.0,1.0,759.0
1499,247,254.0,1.0,1.0,316.0,0.0,7,1,0,0,0,0,0,43.6375,16.45,99.3,0.0,172.0,0.0,759.0
1500,246,254.0,0.0,0.0,316.0,0.0,8,0,0,0,0,0,0,43.2313,16.1,98.95,0.0,172.0,0.0,759.0
1501,246,253.0,0.0,1.0,317.0,0.0,6,1,1,0,0,0,0,42.8688,15.75,98.6,0.0,172.0,1.0,760.0
1502,245,253.0,0.0,0.0,317.0,0.0,8,0,0,0,0,0,0,42.4625,15.25,98.25,0.0,172.0,0.0,760.0
1503,245,253.0,0.0,0.0,317.0,0.0,7,0,0,0,1,0,0,42.0563,14.75,97.9,0.0,172.0,0.0,760.0
1504,245,252.0,0.0,1.0,318.0,0.0,6,1,0,0,1,0,0,41.65,14.4,97.55,0.0,172.0,0.0,760.0
1505,246,253.0,1.0,0.0,318.0,0.0,4,0,3,0,1,0,0,41.4125,14.05,97.2,0.0,172.0,3.0,763.0
1506,246,253.0,0.0,0.0,318.0,0.0,5,0,2,0,1,0,0,41.175,13.7,96.85,1.0,173.0,3.0,766.0
1507,249,256.0,3.0,0.0,318.0,0.0,5,0,2,0,1,0,0,40.9563,13.35,96.5,1.0,174.0,3.0,769.0
1508,249,256.0,0.0,0.0,318.0,0.0,7,0,0,0,1,0,0,40.5688,13.0,96.15,0.0,174.0,0.0,769.0
1509,249,256.0,0.0,0.0,318.0,0.0,5,0,2,0,1,0,0,40.35,12.65,95.8,0.0,174.0,2.0,771.0
1510,249,256.0,0.0,0.0,318.0,0.0,5,0,2,0,1,0,0,40.1125,12.3,95.45,0.0,174.0,2.0,773.0
1511,249,256.0,0.0,0.0,318.0,0.0,7,0,0,0,1,0,0,39.7063,11.95,95.1,0.0,174.0,0.0,773.0
1512,249,255.0,0.0,1.0,319.0,0.0,6,1,0,0,1,0,0,39.3,11.6,94.75,0.0,174.0,0.0,773.0
1513,248,255.0,0.0,0.0,319.0,0.0,6,0,1,0,1,0,0,38.9563,11.25,94.4,0.0,174.0,1.0,774.0
1514,248,255.0,0.0,0.0,319.0,0.0,5,0,2,0,1,0,0,38.675,10.9,94.05,0.0,174.0,2.0,776.0
1515,250,257.0,2.0,0.0,319.0,0.0,4,0,1,0,3,0,0,38.3938,10.55,93.7,1.0,175.0,2.0,778.0
1516,250,257.0,0.0,0.0,319.0,0.0,5,0,0,0,3,0,0,38.0063,10.2,93.35,0.0,175.0,0.0,778.0
1517,250,257.0,0.0,0.0,319.0,0.0,5,0,0,0,3,0,0,37.6625,9.85,92.85,0.0,175.0,0.0,778.0
1518,250,257.0,0.0,0.0,319.0,0.0,5,0,0,0,3,0,0,37.2563,9.5,92.35,0.0,175.0,0.0,778.0
1519,251,258.0,1.0,0.0,319.0,0.0,5,0,0,0,3,0,0,36.85,9.15,91.85,0.0,175.0,0.0,778.0
1520,251,257.0,0.0,1.0,320.0,0.0,4,1,1,0,2,0,0,36.4875,8.8,91.35,0.0,175.0,1.0,779.0
1521,252,258.0,1.0,0.0,320.0,0.0,5,0,0,0,3,0,0,36.1,8.45,90.85,0.0,175.0,0.0,779.0
1522,252,258.0,0.0,0.0,320.0,0.0,5,0,0,0,3,0,0,35.7125,8.1,90.35,0.0,175.0,0.0,779.0
1523,253,259.0,1.0,0.0,320.0,0.0,3,0,2,0,3,0,0,35.45,7.75,90.35,0.0,175.0,2.0,781.0
1524,253,259.0,0.0,0.0,320.0,0.0,4,0,1,0,3,0,0,35.1875,7.4,90.35,1.0,176.0,2.0,783.0
1525,254,260.0,1.0,0.0,320.0,0.0,5,0,0,0,3,0,0,34.7813,7.05,89.85,0.0,176.0,0.0,783.0
1526,254,260.0,0.0,0.0,320.0,0.0,5,0,0,0,3,0,0,34.375,6.7,89.35,0.0,176.0,0.0,783.0
1527,254,260.0,0.0,0.0,320.0,0.0,5,0,0,0,3,0,0,33.9688,6.35,88.85,0.0,176.0,0.0,783.0
1528,254,260.0,0.0,0.0,320.0,0.0,4,0,1,1,2,0,0,33.625,6.0,88.85,0.0,176.0,1.0,784.0
1529,254,260.0,0.0,0.0,320.0,0.0,5,0,0,1,2,0,0,34.4375,9.6,88.35,0.0,176.0,0.0,784.0
1530,254,260.0,0.0,0.0,320.0,0.0,5,0,0,1,2,0,0,35.2313,9.25,87.85,0.0,176.0,0.0,784.0
1531,256,262.0,2.0,0.0,320.0,0.0,5,0,0,1,2,0,0,36.0063,8.9,87.35,0.0,176.0,0.0,784.0
1532,256,262.0,0.0,0.0,320.0,0.0,5,0,0,1,2,0,0,36.7813,8.55,86.85,0.0,176.0,0.0,784.0
1533,256,262.0,0.0,0.0,320.0,0.0,5,0,0,1,2,0,0,37.5563,8.2,86.35,0.0,176.0,0.0,784.0
1534,256,261.0,0.0,1.0,321.0,0.0,4,1,0,1,2,0,0,38.3313,7.85,85.85,0.0,176.0,0.0,784.0
1535,257,263.0,2.0,0.0,321.0,0.0,5,0,0,1,2,0,0,39.125,7.5,85.5,0.0,176.0,0.0,784.0
1536,257,262.0,0.0,1.0,322.0,0.0,4,1,0,1,2,0,0,39.9188,7.15,85.15,0.0,176.0,0.0,784.0
1537,256,262.0,0.0,0.0,322.0,0.0,5,0,0,1,2,0,0,40.7313,6.8,90.6,0.0,176.0,0.0,784.0
1538,255,261.0,0.0,1.0,323.0,0.0,3,1,2,1,1,0,0,41.6063,6.45,100.0,0.0,176.0,2.0,786.0
1539,255,262.0,1.0,0.0,323.0,0.0,4,0,2,1,1,0,0,42.5819,6.7,100.0,1.0,177.0,3.0,789.0
1540,255,262.0,0.0,0.0,323.0,0.0,4,0,2,1,1,0,0,43.5575,6.7,99.65,1.0,178.0,3.0,792.0
1541,255,262.0,0.0,0.0,323.0,0.0,5,0,0,1,2,0,0,44.4019,6.35,99.3,0.0,178.0,0.0,792.0
1542,255,262.0,0.0,0.0,323.0,0.0,5,0,0,1,2,0,0,45.2463,6.0,98.95,0.0,178.0,0.0,792.0
1543,256,263.0,1.0,0.0,323.0,0.0,4,0,0,2,2,0,0,46.0906,5.65,98.6,0.0,178.0,0.0,792.0
1544,256,263.0,0.0,0.0,323.0,0.0,4,0,0,2,2,0,0,48.1769,13.15,98.25,0.0,178.0,0.0,792.0
1545,257,264.0,1.0,0.0,323.0,0.0,4,0,1,2,1,0,0,50.3069,13.15,97.9,0.0,178.0,1.0,793.0
1546,257,264.0,0.0,0.0,323.0,0.0,3,0,2,2,1,0,0,52.4806,13.15,97.55,0.0,178.0,2.0,795.0
1547,258,265.0,1.0,0.0,323.0,0.0,4,0,1,2,1,0,0,54.6544,13.15,97.2,1.0,179.0,2.0,797.0
1548,258,265.0,0.0,0.0,323.0,0.0,5,0,0,1,2,0,0,56.6969,12.8,99.65,0.0,179.0,0.0,797.0
1549,259,266.0,1.0,0.0,323.0,0.0,5,0,0,1,2,0,0,57.5513,12.45,99.3,0.0,179.0,0.0,797.0
1550,259,266.0,0.0,0.0,323.0,0.0,5,0,0,1,2,0,0,58.4056,12.1,98.95,0.0,179.0,0.0,797.0
1551,259,266.0,0.0,0.0,323.0,0.0,5,0,0,1,2,0,0,59.26,11.75,98.6,0.0,179.0,0.0,797.0
1552,259,266.0,0.0,0.0,323.0,0.0,4,0,1,1,2,0,0,60.1581,11.4,98.25,0.0,179.0,1.0,798.0
1553,259,266.0,0.0,0.0,323.0,0.0,6,0,0,0,2,0,0,60.9688,11.05,99.65,0.0,179.0,0.0,798.0
1554,259,266.0,0.0,0.0,323.0,0.0,6,0,0,0,2,0,0,60.6,10.7,99.3,0.0,179.0,0.0,798.0
1555,262,269.0,3.0,0.0,323.0,0.0,6,0,0,0,2,0,0,60.2313,10.35,98.95,0.0,179.0,0.0,798.0
1556,262,269.0,0.0,0.0,323.0,0.0,6,0,0,0,2,0,0,59.8625,10.0,98.6,0.0,179.0,0.0,798.0
1557,262,269.0,0.0,0.0,323.0,0.0,6,0,0,0,2,0,0,59.4938,9.65,98.25,0.0,179.0,0.0,798.0
1558,262,269.0,0.0,0.0,323.0,0.0,6,0,0,0,2,0,0,59.125,9.3,97.9,0.0,179.0,0.0,798.0
1559,262,268.0,0.0,1.0,324.0,0.0,5,1,0,0,2,0,0,58.7563,8.95,97.55,0.0,179.0,0.0,798.0
1560,262,268.0,0.0,0.0,324.0,0.0,5,0,1,0,2,0,0,58.4313,8.6,97.2,0.0,179.0,1.0,799.0
1561,262,268.0,0.0,0.0,324.0,0.0,4,0,2,0,2,0,0,58.15,8.25,96.85,0.0,179.0,2.0,801.0
1562,262,268.0,0.0,0.0,324.0,0.0,5,0,1,1,1,0,0,57.8688,7.9,96.5,1.0,180.0,2.0,803.0
1563,264,270.0,2.0,0.0,324.0,0.0,6,0,0,1,1,0,0,58.6763,7.6,96.15,0.0,180.0,0.0,803.0
1564,264,270.0,0.0,0.0,324.0,0.0,6,0,0,1,1,0,0,59.4838,7.25,95.8,0.0,180.0,0.0,803.0
1565,265,271.0,1.0,0.0,324.0,0.0,6,0,0,1,1,0,0,60.2725,6.9,95.45,0.0,180.0,0.0,803.0
1566,265,271.0,0.0,0.0,324.0,0.0,6,0,0,2,0,0,0,61.0613,6.55,95.1,0.0,180.0,0.0,803.0
1567,266,272.0,1.0,0.0,324.0,0.0,5,0,0,2,1,0,0,63.0431,14.85,94.75,0.0,180.0,0.0,803.0
1568,266,272.0,0.0,0.0,324.0,0.0,5,0,0,2,1,0,0,65.0438,14.5,94.4,0.0,180.0,0.0,803.0
1569,266,272.0,0.0,0.0,324.0,0.0,5,0,0,2,1,0,0,67.0444,14.15,94.05,0.0,180.0,0.0,803.0
1570,266,272.0,0.0,0.0,324.0,0.0,5,0,0,2,1,0,0,69.045,13.8,93.7,0.0,180.0,0.0,803.0
1571,267,273.0,1.0,0.0,324.0,0.0,5,0,0,2,1,0,0,71.0269,13.45,93.35,0.0,180.0,0.0,803.0
1572,267,273.0,0.0,0.0,324.0,0.0,5,0,1,1,1,0,0,73.0088,13.1,99.65,0.0,180.0,1.0,804.0
1573,267,272.0,0.0,1.0,325.0,0.0,4,1,1,1,1,0,0,73.9019,12.75,99.3,1.0,181.0,2.0,806.0
1574,266,271.0,0.0,1.0,326.0,0.0,5,1,0,1,1,0,0,74.7075,12.4,98.95,0.0,181.0,0.0,806.0
1575,266,272.0,1.0,0.0,326.0,0.0,5,0,1,1,1,0,0,75.6194,12.05,98.6,0.0,181.0,1.0,807.0
1576,265,272.0,0.0,0.0,326.0,0.0,7,0,0,0,1,0,0,76.4875,11.7,99.65,1.0,182.0,1.0,808.0
1577,266,272.0,1.0,1.0,327.0,0.0,6,1,0,0,1,0,0,76.1,11.35,99.3,0.0,182.0,0.0,808.0
1578,265,271.0,0.0,1.0,328.0,0.0,6,1,0,0,1,0,0,75.7313,11.0,98.95,0.0,182.0,0.0,808.0
1579,266,273.0,2.0,0.0,328.0,0.0,7,0,0,0,1,0,0,75.3813,10.65,98.6,0.0,182.0,0.0,808.0
1580,266,273.0,0.0,0.0,328.0,0.0,7,0,0,0,1,0,0,75.0313,10.3,98.25,0.0,182.0,0.0,808.0
1581,266,273.0,0.0,0.0,328.0,0.0,7,0,0,0,1,0,0,74.6813,9.95,97.9,0.0,182.0,0.0,808.0
1582,266,273.0,0.0,0.0,328.0,0.0,7,0,0,0,1,0,0,74.3313,9.6,97.55,0.0,182.0,0.0,808.0
1583,266,273.0,0.0,0.0,328.0,0.0,7,0,0,0,1,0,0,73.9813,9.25,97.2,0.0,182.0,0.0,808.0
1584,266,273.0,0.0,0.0,328.0,0.0,5,0,2,0,1,0,0,73.7,8.9,96.85,0.0,182.0,2.0,810.0
1585,267,274.0,1.0,0.0,328.0,0.0,6,0,1,0,1,0,0,73.4188,8.55,96.5,1.0,183.0,2.0,812.0
1586,267,274.0,0.0,0.0,328.0,0.0,7,0,0,0,1,0,0,73.05,8.2,96.15,0.0,183.0,0.0,812.0
1587,268,275.0,1.0,0.0,328.0,0.0,7,0,0,0,1,0,0,72.6813,7.85,95.8,0.0,183.0,0.0,812.0
1588,268,275.0,0.0,0.0,328.0,0.0,7,0,0,0,1,0,0,72.3125,7.5,95.45,0.0,183.0,0.0,812.0
1589,268,275.0,0.0,0.0,328.0,0.0,7,0,0,1,0,0,0,71.9438,7.15,95.1,0.0,183.0,0.0,812.0
1590,268,275.0,0.0,0.0,328.0,0.0,7,0,0,1,0,0,0,72.7794,16.435,94.75,0.0,183.0,0.0,812.0
1591,270,277.0,2.0,0.0,328.0,0.0,7,0,0,1,0,0,0,73.5963,25.72,94.4,0.0,183.0,0.0,812.0
1592,270,277.0,0.0,0.0,328.0,0.0,7,0,0,1,0,0,0,74.4131,35.005,94.05,0.0,183.0,0.0,812.0
1593,270,276.0,0.0,1.0,329.0,0.0,5,1,1,1,0,0,0,75.255,44.29,93.7,0.0,183.0,1.0,813.0
1594,269,276.0,0.0,0.0,329.0,0.0,7,0,0,1,0,0,0,76.0531,53.575,93.35,0.0,183.0,0.0,813.0
1595,271,278.0,2.0,0.0,329.0,0.0,7,0,0,1,0,0,0,76.8513,56.15,93.0,0.0,183.0,0.0,813.0
1596,271,277.0,0.0,1.0,330.0,0.0,5,1,1,1,0,0,0,77.6931,56.15,92.65,0.0,183.0,1.0,814.0
1597,270,277.0,0.0,0.0,330.0,0.0,6,0,1,1,0,0,0,78.5538,55.8,92.65,0.0,183.0,1.0,815.0
1598,270,277.0,0.0,0.0,330.0,0.0,5,0,2,1,0,0,0,79.5206,55.45,92.65,1.0,184.0,3.0,818.0
1599,269,277.0,0.0,0.0,330.0,0.0,8,0,0,0,0,0,0,80.275,55.1,99.65,0.0,184.0,0.0,818.0
1600,269,277.0,0.0,0.0,330.0,0.0,7,0,1,0,0,0,0,79.9125,54.75,99.3,0.0,184.0,1.0,819.0
1601,269,276.0,0.0,1.0,331.0,0.0,7,1,0,0,0,0,0,79.4875,54.4,98.95,0.0,184.0,0.0,819.0
1602,268,276.0,0.0,0.0,331.0,0.0,8,0,0,0,0,0,0,79.0625,54.05,98.6,0.0,184.0,0.0,819.0
1603,270,278.0,2.0,0.0,331.0,0.0,7,0,1,0,0,0,0,78.6625,53.55,98.25,0.0,184.0,1.0,820.0
1604,270,277.0,0.0,1.0,332.0,0.0,6,1,1,0,0,0,0,78.325,53.05,97.9,1.0,185.0,2.0,822.0
1605,271,278.0,2.0,1.0,333.0,0.0,7,1,0,0,0,0,0,77.9,52.55,97.55,0.0,185.0,0.0,822.0
1606,270,278.0,0.0,0.0,333.0,0.0,8,0,0,0,0,0,0,77.4938,52.05,97.2,0.0,185.0,0.0,822.0
1607,270,278.0,0.0,0.0,333.0,0.0,8,0,0,0,0,0,0,77.0875,51.55,96.85,0.0,185.0,0.0,822.0
1608,270,278.0,0.0,0.0,333.0,0.0,8,0,0,0,0,0,0,76.6813,51.05,96.5,0.0,185.0,0.0,822.0
1609,270,278.0,0.0,0.0,333.0,0.0,7,0,1,0,0,0,0,76.3375,50.55,96.15,0.0,185.0,1.0,823.0
1610,270,278.0,0.0,0.0,333.0,0.0,7,0,1,0,0,0,0,76.0563,50.55,95.8,1.0,186.0,2.0,825.0
1611,271,279.0,1.0,0.0,333.0,0.0,8,0,0,0,0,0,0,75.6313,50.05,95.45,0.0,186.0,0.0,825.0
1612,271,279.0,0.0,0.0,333.0,0.0,7,0,1,0,0,0,0,75.2688,50.05,95.1,0.0,186.0,1.0,826.0
1613,271,279.0,0.0,0.0,333.0,0.0,8,0,0,0,0,0,0,74.8438,49.55,94.75,0.0,186.0,0.0,826.0
1614,271,278.0,0.0,1.0,334.0,0.0,7,1,0,0,0,0,0,74.4188,49.05,94.4,0.0,186.0,0.0,826.0
1615,272,279.0,2.0,1.0,335.0,0.0,7,1,0,0,0,0,0,74.0125,48.7,94.05,0.0,186.0,0.0,826.0
1616,271,279.0,0.0,0.0,335.0,0.0,7,0,1,0,0,0,0,73.6688,48.35,93.7,0.0,186.0,1.0,827.0
1617,271,278.0,0.0,1.0,336.0,0.0,6,1,1,0,0,0,0,73.3688,48.0,93.35,1.0,187.0,2.0,829.0
1618,270,278.0,0.0,0.0,336.0,0.0,8,0,0,0,0,0,0,73.0,47.65,93.0,0.0,187.0,0.0,829.0
1619,272,280.0,2.0,0.0,336.0,0.0,8,0,0,0,0,0,0,72.6313,47.3,92.65,0.0,187.0,0.0,829.0
1620,272,280.0,0.0,0.0,336.0,0.0,8,0,0,0,0,0,0,72.2438,46.95,92.3,0.0,187.0,0.0,829.0
1621,272,280.0,0.0,0.0,336.0,0.0,8,0,0,0,0,0,0,71.8375,46.6,91.95,0.0,187.0,0.0,829.0
1622,272,280.0,0.0,0.0,336.0,0.0,8,0,0,0,0,0,0,71.4125,46.25,91.6,0.0,187.0,0.0,829.0
1623,272,280.0,0.0,0.0,336.0,0.0,6,0,2,0,0,0,0,71.0938,45.9,91.25,0.0,187.0,2.0,831.0
1624,272,280.0,0.0,0.0,336.0,0.0,7,0,1,0,0,0,0,70.775,45.55,90.9,1.0,188.0,2.0,833.0
1625,273,281.0,1.0,0.0,336.0,0.0,8,0,0,0,0,0,0,70.3313,45.05,90.55,0.0,188.0,0.0,833.0
1626,273,280.0,0.0,1.0,337.0,0.0,7,1,0,0,0,0,0,69.8875,44.55,90.2,0.0,188.0,0.0,833.0
1627,274,281.0,2.0,1.0,338.0,0.0,7,1,0,0,0,0,0,69.4625,44.05,89.85,0.0,188.0,0.0,833.0
1628,273,281.0,0.0,0.0,338.0,0.0,8,0,0,0,0,0,0,69.0563,43.55,89.5,0.0,188.0,0.0,833.0
1629,273,281.0,0.0,0.0,338.0,0.0,8,0,0,0,0,0,0,68.65,43.05,89.15,0.0,188.0,0.0,833.0
1630,273,280.0,0.0,1.0,339.0,0.0,7,1,0,0,0,0,0,68.225,42.55,88.8,0.0,188.0,0.0,833.0
1631,272,280.0,0.0,0.0,339.0,0.0,8,0,0,0,0,0,0,67.8188,42.05,88.45,0.0,188.0,0.0,833.0
1632,272,279.0,0.0,1.0,340.0,0.0,7,1,0,0,0,0,0,67.4125,41.55,88.1,0.0,188.0,0.0,833.0
1633,272,280.0,1.0,0.0,340.0,0.0,8,0,0,0,0,0,0,67.025,41.05,87.75,0.0,188.0,0.0,833.0
1634,272,280.0,0.0,0.0,340.0,0.0,8,0,0,0,0,0,0,66.6375,40.55,87.4,0.0,188.0,0.0,833.0
1635,274,282.0,2.0,0.0,340.0,0.0,8,0,0,0,0,0,0,66.25,40.05,87.05,0.0,188.0,0.0,833.0
1636,274,281.0,0.0,1.0,341.0,0.0,7,1,0,0,0,0,0,65.825,39.55,86.55,0.0,188.0,0.0,833.0
1637,273,281.0,0.0,0.0,341.0,0.0,8,0,0,0,0,0,0,65.4188,39.2,86.05,0.0,188.0,0.0,833.0
1638,273,281.0,0.0,0.0,341.0,0.0,8,0,0,0,0,0,0,65.0125,38.85,85.55,0.0,188.0,0.0,833.0
1639,274,282.0,1.0,0.0,341.0,0.0,8,0,0,0,0,0,0,64.5688,38.5,85.05,0.0,188.0,0.0,833.0
1640,274,282.0,0.0,0.0,341.0,0.0,8,0,0,0,0,0,0,64.125,38.15,84.55,0.0,188.0,0.0,833.0
1641,274,282.0,0.0,0.0,341.0,0.0,8,0,0,0,0,0,0,63.6813,37.8,84.05,0.0,188.0,0.0,833.0
1642,274,282.0,0.0,0.0,341.0,0.0,8,0,0,0,0,0,0,63.2375,37.45,83.55,0.0,188.0,0.0,833.0
1643,275,283.0,1.0,0.0,341.0,0.0,8,0,0,0,0,0,0,62.775,37.1,83.05,0.0,188.0,0.0,833.0
1644,275,282.0,0.0,1.0,342.0,0.0,7,1,0,0,0,0,0,62.2938,36.6,82.55,0.0,188.0,0.0,833.0
1645,275,282.0,1.0,1.0,343.0,0.0,7,1,0,0,0,0,0,61.8313,36.1,82.2,0.0,188.0,0.0,833.0
1646,274,282.0,0.0,0.0,343.0,0.0,7,0,1,0,0,0,0,61.4313,35.6,81.85,0.0,188.0,1.0,834.0
1647,275,283.0,1.0,0.0,343.0,0.0,7,0,1,0,0,0,0,61.0938,35.1,81.5,1.0,189.0,2.0,836.0
1648,275,282.0,0.0,1.0,344.0,0.0,7,1,0,0,0,0,0,60.6313,34.6,81.15,0.0,189.0,0.0,836.0
1649,274,282.0,0.0,0.0,344.0,0.0,8,0,0,0,0,0,0,60.1875,34.25,80.8,0.0,189.0,0.0,836.0
1650,274,282.0,0.0,0.0,344.0,0.0,8,0,0,0,0,0,0,59.725,33.75,80.45,0.0,189.0,0.0,836.0
1651,276,282.0,2.0,2.0,346.0,0.0,6,2,0,0,0,0,0,59.2625,33.25,80.1,0.0,189.0,0.0,836.0
1652,274,282.0,0.0,0.0,346.0,0.0,8,0,0,0,0,0,0,58.8188,32.75,79.75,0.0,189.0,0.0,836.0
1653,274,282.0,0.0,0.0,346.0,0.0,6,0,2,0,0,0,0,58.4813,32.25,79.4,0.0,189.0,2.0,838.0
1654,274,280.0,0.0,2.0,348.0,0.0,5,2,1,0,0,0,0,58.1625,31.75,79.05,1.0,190.0,2.0,840.0
1655,273,281.0,1.0,0.0,348.0,0.0,8,0,0,0,0,0,0,57.7563,31.25,78.7,0.0,190.0,0.0,840.0
1656,273,281.0,0.0,0.0,348.0,0.0,7,0,1,0,0,0,0,57.4125,30.75,78.35,0.0,190.0,1.0,841.0
1657,273,281.0,0.0,0.0,348.0,0.0,8,0,0,0,0,0,0,56.9875,30.25,78.0,0.0,190.0,0.0,841.0
1658,273,281.0,0.0,0.0,348.0,0.0,8,0,0,0,0,0,0,56.5625,29.75,77.65,0.0,190.0,0.0,841.0
1659,274,281.0,1.0,1.0,349.0,0.0,7,1,0,0,0,0,0,56.1375,29.25,77.3,0.0,190.0,0.0,841.0
1660,273,281.0,0.0,0.0,349.0,0.0,8,0,0,0,0,0,0,55.7313,28.9,76.95,0.0,190.0,0.0,841.0
1661,274,282.0,1.0,0.0,349.0,0.0,8,0,0,0,0,0,0,55.3063,28.55,76.45,0.0,190.0,0.0,841.0
1662,274,281.0,0.0,1.0,350.0,0.0,7,1,0,0,0,0,0,54.8813,28.2,75.95,0.0,190.0,0.0,841.0
1663,274,282.0,1.0,0.0,350.0,0.0,8,0,0,0,0,0,0,54.4563,27.85,75.45,0.0,190.0,0.0,841.0
1664,274,281.0,0.0,1.0,351.0,0.0,7,1,0,0,0,0,0,54.0313,27.5,74.95,0.0,190.0,0.0,841.0
1665,274,282.0,1.0,0.0,351.0,0.0,8,0,0,0,0,0,0,53.6063,27.15,74.45,0.0,190.0,0.0,841.0
1666,274,282.0,0.0,0.0,351.0,0.0,8,0,0,0,0,0,0,53.1813,26.8,73.95,0.0,190.0,0.0,841.0
1667,275,283.0,1.0,0.0,351.0,0.0,7,0,1,0,0,0,0,52.7813,26.45,73.45,0.0,190.0,1.0,842.0
1668,275,283.0,0.0,0.0,351.0,0.0,8,0,0,0,0,0,0,52.3375,26.1,72.95,0.0,190.0,0.0,842.0
1669,275,283.0,0.0,0.0,351.0,0.0,8,0,0,0,0,0,0,51.8938,25.75,72.45,0.0,190.0,0.0,842.0
1670,275,282.0,0.0,1.0,352.0,0.0,7,1,0,0,0,0,0,51.45,25.4,71.95,0.0,190.0,0.0,842.0
1671,274,282.0,0.0,0.0,352.0,0.0,8,0,0,0,0,0,0,51.025,25.05,71.45,0.0,190.0,0.0,842.0
1672,274,280.0,0.0,2.0,354.0,0.0,6,2,0,0,0,0,0,50.6,24.7,70.95,0.0,190.0,0.0,842.0
1673,272,280.0,0.0,0.0,354.0,0.0,8,0,0,0,0,0,0,50.1938,24.2,70.6,0.0,190.0,0.0,842.0
1674,272,280.0,0.0,0.0,354.0,0.0,8,0,0,0,0,0,0,49.7875,23.7,70.25,0.0,190.0,0.0,842.0
1675,276,284.0,4.0,0.0,354.0,0.0,7,0,1,0,0,0,0,49.4438,23.2,69.9,0.0,190.0,1.0,843.0
1676,276,284.0,0.0,0.0,354.0,0.0,7,0,1,0,0,0,0,49.1438,22.7,69.55,1.0,191.0,2.0,845.0
1677,276,283.0,0.0,1.0,355.0,0.0,7,1,0,0,0,0,0,48.7375,22.2,69.2,0.0,191.0,0.0,845.0
1678,275,283.0,0.0,0.0,355.0,0.0,8,0,0,0,0,0,0,48.3938,21.7,68.85,0.0,191.0,0.0,845.0
1679,275,283.0,0.0,0.0,355.0,0.0,8,0,0,0,0,0,0,48.05,21.2,68.5,0.0,191.0,0.0,845.0
1680,275,283.0,0.0,0.0,355.0,0.0,8,0,0,0,0,0,0,47.6438,20.7,68.15,0.0,191.0,0.0,845.0
1681,275,283.0,0.0,0.0,355.0,0.0,7,0,1,0,0,0,0,47.2813,20.2,68.15,0.0,191.0,1.0,846.0
1682,275,283.0,0.0,0.0,355.0,0.0,8,0,0,0,0,0,0,46.8563,19.7,67.8,0.0,191.0,0.0,846.0
1683,276,284.0,1.0,0.0,355.0,0.0,8,0,0,0,0,0,0,46.4313,19.2,67.45,0.0,191.0,0.0,846.0
1684,276,284.0,0.0,0.0,355.0,0.0,8,0,0,0,0,0,0,45.9875,18.7,67.1,0.0,191.0,0.0,846.0
1685,277,285.0,1.0,0.0,355.0,0.0,7,0,1,0,0,0,0,45.5688,18.2,66.6,0.0,191.0,1.0,847.0
1686,277,284.0,0.0,1.0,356.0,0.0,6,1,1,0,0,0,0,45.2125,18.2,66.1,1.0,192.0,2.0,849.0
1687,277,285.0,1.0,0.0,356.0,0.0,8,0,0,0,0,0,0,44.7688,17.7,65.6,0.0,192.0,0.0,849.0
1688,277,285.0,0.0,0.0,356.0,0.0,7,0,1,0,0,0,0,44.3875,17.7,65.1,0.0,192.0,1.0,850.0
1689,278,286.0,1.0,0.0,356.0,0.0,8,0,0,0,0,0,0,43.9438,17.2,64.6,0.0,192.0,0.0,850.0
1690,278,286.0,0.0,0.0,356.0,0.0,8,0,0,0,0,0,0,43.5,16.7,64.1,0.0,192.0,0.0,850.0
1691,279,286.0,1.0,1.0,357.0,0.0,7,1,0,0,0,0,0,43.0563,16.2,63.6,0.0,192.0,0.0,850.0
1692,278,286.0,0.0,0.0,357.0,0.0,8,0,0,0,0,0,0,42.5938,15.7,63.1,0.0,192.0,0.0,850.0
1693,278,286.0,0.0,0.0,357.0,0.0,5,0,3,0,0,0,0,42.2813,15.2,62.6,0.0,192.0,3.0,853.0
1694,278,286.0,0.0,0.0,357.0,0.0,6,0,1,0,1,0,0,41.9063,14.7,62.1,1.0,193.0,2.0,855.0
1695,279,287.0,1.0,0.0,357.0,0.0,7,0,0,0,1,0,0,41.4625,14.35,61.6,0.0,193.0,0.0,855.0
1696,279,287.0,0.0,0.0,357.0,0.0,6,0,1,0,1,0,0,41.0625,14.0,61.1,0.0,193.0,1.0,856.0
1697,279,287.0,0.0,0.0,357.0,0.0,6,0,1,0,1,0,0,40.6625,13.65,60.6,0.0,193.0,1.0,857.0
1698,279,286.0,0.0,1.0,358.0,0.0,6,1,0,0,1,0,0,40.2188,13.3,60.1,0.0,193.0,0.0,857.0
1699,281,287.0,2.0,1.0,359.0,0.0,6,1,0,0,1,0,0,39.7938,12.95,59.6,0.0,193.0,0.0,857.0
1700,280,287.0,0.0,0.0,359.0,0.0,7,0,0,0,1,0,0,39.3875,12.6,59.25,0.0,193.0,0.0,857.0
1701,280,287.0,0.0,0.0,359.0,0.0,5,0,2,0,1,0,0,39.0875,12.25,58.9,0.0,193.0,2.0,859.0
1702,280,287.0,0.0,0.0,359.0,0.0,6,0,1,0,1,0,0,38.7875,11.9,58.55,1.0,194.0,2.0,861.0
1703,281,287.0,1.0,1.0,360.0,0.0,6,1,0,0,1,0,0,38.3813,11.55,58.2,0.0,194.0,0.0,861.0
1704,280,287.0,0.0,0.0,360.0,0.0,7,0,0,0,1,0,0,37.9938,11.2,57.85,0.0,194.0,0.0,861.0
1705,281,288.0,1.0,0.0,360.0,0.0,5,0,2,0,1,0,0,37.7125,10.85,57.5,0.0,194.0,2.0,863.0
1706,281,288.0,0.0,0.0,360.0,0.0,6,0,1,0,1,0,0,37.4313,10.5,57.15,1.0,195.0,2.0,865.0
1707,282,289.0,1.0,0.0,360.0,0.0,7,0,0,0,1,0,0,37.0438,10.15,56.8,0.0,195.0,0.0,865.0
1708,282,289.0,0.0,0.0,360.0,0.0,7,0,0,0,1,0,0,36.6563,9.8,56.45,0.0,195.0,0.0,865.0
1709,282,289.0,0.0,0.0,360.0,0.0,6,0,1,0,1,0,0,36.3125,9.45,56.45,0.0,195.0,1.0,866.0
1710,282,288.0,0.0,1.0,361.0,0.0,5,1,1,0,1,0,0,36.0125,9.1,56.45,1.0,196.0,2.0,868.0
1711,282,289.0,1.0,0.0,361.0,0.0,7,0,0,0,1,0,0,35.625,8.75,56.1,0.0,196.0,0.0,868.0
1712,282,289.0,0.0,0.0,361.0,0.0,7,0,0,0,1,0,0,35.2,8.4,55.75,0.0,196.0,0.0,868.0
1713,282,289.0,0.0,0.0,361.0,0.0,6,0,1,0,1,0,0,34.8375,8.05,55.4,0.0,196.0,1.0,869.0
1714,282,289.0,0.0,0.0,361.0,0.0,7,0,0,0,1,0,0,34.4125,7.7,55.05,0.0,196.0,0.0,869.0
1715,284,290.0,2.0,1.0,362.0,0.0,6,1,0,0,1,0,0,33.9688,7.35,54.7,0.0,196.0,0.0,869.0
1716,283,290.0,0.0,0.0,362.0,0.0,6,0,0,0,2,0,0,33.5438,7.0,54.35,0.0,196.0,0.0,869.0
1717,284,290.0,1.0,1.0,363.0,0.0,5,1,0,0,2,0,0,33.1188,6.65,53.85,0.0,196.0,0.0,869.0
1718,284,290.0,0.0,0.0,363.0,0.0,6,0,0,0,2,0,0,32.7125,6.3,53.35,0.0,196.0,0.0,869.0
1719,284,290.0,0.0,0.0,363.0,0.0,6,0,0,0,2,0,0,32.3063,5.95,52.85,0.0,196.0,0.0,869.0
1720,284,290.0,0.0,0.0,363.0,0.0,6,0,0,0,2,0,0,31.9,5.6,52.35,0.0,196.0,0.0,869.0
1721,284,290.0,0.0,0.0,363.0,0.0,6,0,0,0,2,0,0,31.4938,5.25,51.85,0.0,196.0,0.0,869.0
1722,284,290.0,0.0,0.0,363.0,0.0,5,0,1,0,2,0,0,31.1313,4.9,51.35,0.0,196.0,1.0,870.0
1723,286,292.0,2.0,0.0,363.0,0.0,6,0,0,0,2,0,0,30.725,4.55,50.85,0.0,196.0,0.0,870.0
1724,286,292.0,0.0,0.0,363.0,0.0,6,0,0,0,2,0,0,30.3,4.2,50.35,0.0,196.0,0.0,870.0
1725,287,292.0,1.0,1.0,364.0,0.0,5,1,0,0,2,0,0,29.8563,3.85,49.85,0.0,196.0,0.0,870.0
1726,286,292.0,0.0,0.0,364.0,0.0,6,0,0,1,1,0,0,29.4313,3.5,49.35,0.0,196.0,0.0,870.0
1727,286,292.0,0.0,0.0,364.0,0.0,6,0,0,1,1,0,0,30.2563,10.85,48.85,0.0,196.0,0.0,870.0
1728,286,292.0,0.0,0.0,364.0,0.0,6,0,0,1,1,0,0,31.0813,10.5,48.35,0.0,196.0,0.0,870.0
1729,286,291.0,0.0,1.0,365.0,0.0,5,1,0,1,1,0,0,31.9063,10.15,47.85,0.0,196.0,0.0,870.0
1730,285,290.0,0.0,1.0,366.0,0.0,5,1,0,1,1,0,0,32.75,9.8,47.35,0.0,196.0,0.0,870.0
1731,286,292.0,2.0,0.0,366.0,0.0,6,0,0,1,1,0,0,33.6125,9.45,51.75,0.0,196.0,0.0,870.0
1732,286,292.0,0.0,0.0,366.0,0.0,6,0,0,1,1,0,0,34.475,9.1,61.4,0.0,196.0,0.0,870.0
1733,286,292.0,0.0,0.0,366.0,0.0,6,0,0,1,1,0,0,35.3375,8.75,71.05,0.0,196.0,0.0,870.0
1734,286,292.0,0.0,0.0,366.0,0.0,6,0,0,1,1,0,0,36.2,8.4,80.7,0.0,196.0,0.0,870.0
1735,288,294.0,2.0,0.0,366.0,0.0,5,0,1,1,1,0,0,37.1063,8.05,90.35,0.0,196.0,1.0,871.0
1736,287,294.0,0.0,0.0,366.0,0.0,7,0,0,0,1,0,0,37.925,7.7,99.65,0.0,196.0,0.0,871.0
1737,287,293.0,0.0,1.0,367.0,0.0,6,1,0,0,1,0,0,37.5375,7.35,99.3,0.0,196.0,0.0,871.0
1738,286,293.0,0.0,0.0,367.0,0.0,7,0,0,0,1,0,0,37.15,7.0,98.95,0.0,196.0,0.0,871.0
1739,287,294.0,1.0,0.0,367.0,0.0,7,0,0,1,0,0,0,36.7438,6.65,98.6,0.0,196.0,0.0,871.0
1740,287,294.0,0.0,0.0,367.0,0.0,7,0,0,1,0,0,0,37.5481,15.985,98.25,0.0,196.0,0.0,871.0
1741,287,293.0,0.0,1.0,368.0,0.0,6,1,0,1,0,0,0,38.3525,21.9,97.9,0.0,196.0,0.0,871.0
1742,286,293.0,0.0,0.0,368.0,0.0,6,0,1,1,0,0,0,39.2194,21.55,97.55,0.0,196.0,1.0,872.0
1743,286,293.0,0.0,0.0,368.0,0.0,6,0,1,1,0,0,0,40.13,21.2,97.2,1.0,197.0,2.0,874.0
1744,286,293.0,0.0,0.0,368.0,0.0,6,0,1,1,0,0,0,40.9969,20.85,96.85,0.0,197.0,1.0,875.0
1745,288,295.0,2.0,0.0,368.0,0.0,6,0,1,1,0,0,0,41.8888,20.85,96.5,1.0,198.0,2.0,877.0
1746,288,294.0,0.0,1.0,369.0,0.0,6,1,0,1,0,0,0,42.6744,20.5,96.15,0.0,198.0,0.0,877.0
1747,289,296.0,2.0,0.0,369.0,0.0,6,0,1,1,0,0,0,43.5225,20.5,95.8,0.0,198.0,1.0,878.0
1748,289,296.0,0.0,0.0,369.0,0.0,7,0,0,1,0,0,0,44.3269,20.15,95.45,0.0,198.0,0.0,878.0
1749,288,296.0,0.0,0.0,369.0,0.0,8,0,0,0,0,0,0,45.0875,19.8,99.65,0.0,198.0,0.0,878.0
1750,288,296.0,0.0,0.0,369.0,0.0,8,0,0,0,0,0,0,44.6813,19.45,99.3,0.0,198.0,0.0,878.0
1751,288,296.0,0.0,0.0,369.0,0.0,7,0,1,0,0,0,0,44.3188,19.1,98.95,0.0,198.0,1.0,879.0
1752,288,296.0,0.0,0.0,369.0,0.0,8,0,0,0,0,0,0,43.9125,18.75,98.6,0.0,198.0,0.0,879.0
1753,288,296.0,0.0,0.0,369.0,0.0,8,0,0,0,0,0,0,43.5063,18.4,98.25,0.0,198.0,0.0,879.0
1754,288,296.0,0.0,0.0,369.0,0.0,8,0,0,0,0,0,0,43.0813,18.05,97.9,0.0,198.0,0.0,879.0
1755,290,298.0,2.0,0.0,369.0,0.0,8,0,0,0,0,0,0,42.6375,17.7,97.55,0.0,198.0,0.0,879.0
1756,290,298.0,0.0,0.0,369.0,0.0,8,0,0,0,0,0,0,42.1938,17.35,97.2,0.0,198.0,0.0,879.0
1757,290,297.0,0.0,1.0,370.0,0.0,7,1,0,0,0,0,0,41.7313,16.85,96.85,0.0,198.0,0.0,879.0
1758,289,297.0,0.0,0.0,370.0,0.0,8,0,0,0,0,0,0,41.2688,16.35,96.5,0.0,198.0,0.0,879.0
1759,291,297.0,2.0,2.0,372.0,0.0,6,2,0,0,0,0,0,40.8063,15.85,96.15,0.0,198.0,0.0,879.0
1760,289,297.0,0.0,0.0,372.0,0.0,8,0,0,0,0,0,0,40.3813,15.35,95.8,0.0,198.0,0.0,879.0
1761,289,297.0,0.0,0.0,372.0,0.0,7,0,0,0,1,0,0,39.9563,14.85,95.45,0.0,198.0,0.0,879.0
1762,289,297.0,0.0,0.0,372.0,0.0,7,0,0,0,1,0,0,39.55,14.5,95.1,0.0,198.0,0.0,879.0
1763,290,298.0,1.0,0.0,372.0,0.0,7,0,0,0,1,0,0,39.1438,14.15,94.75,0.0,198.0,0.0,879.0
1764,290,298.0,0.0,0.0,372.0,0.0,7,0,0,0,1,0,0,38.7375,13.8,94.4,0.0,198.0,0.0,879.0
1765,291,299.0,1.0,0.0,372.0,0.0,5,0,0,0,3,0,0,38.3125,13.45,94.05,0.0,198.0,0.0,879.0
1766,291,299.0,0.0,0.0,372.0,0.0,4,0,1,0,3,0,0,37.9688,13.1,93.7,0.0,198.0,1.0,880.0
1767,291,299.0,0.0,0.0,372.0,0.0,5,0,0,0,3,0,0,37.5625,12.75,93.35,0.0,198.0,0.0,880.0
1768,291,298.0,0.0,1.0,373.0,0.0,4,1,0,0,3,0,0,37.1563,12.4,93.0,0.0,198.0,0.0,880.0
1769,291,298.0,0.0,0.0,373.0,0.0,5,0,0,0,3,0,0,36.7688,12.05,92.65,0.0,198.0,0.0,880.0
1770,291,298.0,0.0,0.0,373.0,0.0,4,0,1,0,3,0,0,36.425,11.7,92.3,0.0,198.0,1.0,881.0
1771,293,300.0,2.0,0.0,373.0,0.0,4,0,1,0,3,0,0,36.1438,11.35,91.95,1.0,199.0,2.0,883.0
1772,293,300.0,0.0,0.0,373.0,0.0,5,0,0,0,3,0,0,35.7563,11.0,91.6,0.0,199.0,0.0,883.0
1773,294,301.0,1.0,0.0,373.0,0.0,5,0,0,0,3,0,0,35.3688,10.65,91.25,0.0,199.0,0.0,883.0
1774,294,301.0,0.0,0.0,373.0,0.0,5,0,0,0,3,0,0,34.9813,10.3,90.9,0.0,199.0,0.0,883.0
1775,295,302.0,1.0,0.0,373.0,0.0,5,0,0,0,3,0,0,34.5938,9.95,90.55,0.0,199.0,0.0,883.0
1776,295,301.0,0.0,1.0,374.0,0.0,3,1,1,0,3,0,0,34.25,9.6,90.55,0.0,199.0,1.0,884.0
1777,294,299.0,0.0,2.0,376.0,0.0,3,2,0,0,3,0,0,33.8625,9.25,90.2,0.0,199.0,0.0,884.0
1778,293,299.0,0.0,0.0,376.0,0.0,5,0,0,0,3,0,0,33.5125,8.9,89.85,0.0,199.0,0.0,884.0
1779,294,300.0,1.0,0.0,376.0,0.0,5,0,0,0,3,0,0,33.1625,8.55,89.5,0.0,199.0,0.0,884.0
1780,294,300.0,0.0,0.0,376.0,0.0,5,0,0,0,3,0,0,32.8125,8.2,89.15,0.0,199.0,0.0,884.0
1781,294,300.0,0.0,0.0,376.0,0.0,5,0,0,0,3,0,0,32.4625,7.85,88.8,0.0,199.0,0.0,884.0
1782,294,300.0,0.0,0.0,376.0,0.0,3,0,2,0,3,0,0,32.2,7.5,88.45,0.0,199.0,2.0,886.0
1783,295,301.0,1.0,0.0,376.0,0.0,4,0,1,0,3,0,0,31.9188,7.15,87.95,1.0,200.0,2.0,888.0
1784,295,301.0,0.0,0.0,376.0,0.0,5,0,0,0,3,0,0,31.55,6.8,87.45,0.0,200.0,0.0,888.0
1785,296,302.0,1.0,0.0,376.0,0.0,5,0,0,1,2,0,0,31.1813,6.45,86.95,0.0,200.0,0.0,888.0
1786,296,302.0,0.0,0.0,376.0,0.0,5,0,0,1,2,0,0,32.0069,6.1,86.45,0.0,200.0,0.0,888.0
1787,298,304.0,2.0,0.0,376.0,0.0,5,0,0,1,2,0,0,32.8138,5.75,85.95,0.0,200.0,0.0,888.0
1788,298,304.0,0.0,0.0,376.0,0.0,5,0,0,1,2,0,0,33.6206,5.4,85.45,0.0,200.0,0.0,888.0
1789,298,304.0,0.0,0.0,376.0,0.0,5,0,0,1,2,0,0,34.4088,5.05,84.95,0.0,200.0,0.0,888.0
1790,298,303.0,0.0,1.0,377.0,0.0,4,1,0,1,2,0,0,35.1969,4.7,84.45,0.0,200.0,0.0,888.0
1791,298,303.0,0.0,0.0,377.0,0.0,3,0,0,1,3,1,0,36.0038,4.35,83.95,0.0,200.0,0.0,888.0
1792,298,303.0,0.0,0.0,377.0,0.0,3,0,0,2,2,1,0,36.8544,4.0,83.45,0.0,200.0,0.0,888.0
1793,298,303.0,0.0,0.0,377.0,0.0,3,0,0,2,2,1,0,38.9488,5.1,82.95,0.0,200.0,0.0,888.0
1794,298,303.0,0.0,0.0,377.0,0.0,3,0,0,2,2,1,0,41.0431,4.75,90.795,0.0,200.0,0.0,888.0
1795,301,306.0,3.0,0.0,377.0,0.0,4,0,0,1,3,0,0,43.0313,4.4,99.65,0.0,200.0,0.0,888.0
1796,301,306.0,0.0,0.0,377.0,0.0,4,0,0,1,3,0,0,43.8688,4.05,99.3,0.0,200.0,0.0,888.0
1797,301,305.0,0.0,1.0,378.0,0.0,3,1,0,2,2,0,0,44.7063,3.7,98.95,0.0,200.0,0.0,888.0
1798,301,305.0,0.0,0.0,378.0,0.0,4,0,0,2,2,0,0,46.81,12.15,98.6,0.0,200.0,0.0,888.0
1799,301,305.0,0.0,0.0,378.0,0.0,4,0,0,2,2,0,0,48.9138,11.8,98.25,0.0,200.0,0.0,888.0
1800,301,305.0,0.0,0.0,378.0,0.0,4,0,0,2,2,0,0,51.0175,11.45,97.9,0.0,200.0,0.0,888.0
1801,302,306.0,1.0,0.0,378.0,0.0,4,0,0,2,2,0,0,53.1213,11.1,97.55,0.0,200.0,0.0,888.0
1802,301,306.0,0.0,0.0,378.0,0.0,5,0,0,1,2,0,0,55.1813,10.75,99.65,0.0,200.0,0.0,888.0
1803,302,306.0,1.0,1.0,379.0,0.0,4,1,0,1,2,0,0,56.0413,10.4,99.3,0.0,200.0,0.0,888.0
1804,301,306.0,0.0,0.0,379.0,0.0,5,0,0,1,2,0,0,56.92,10.05,98.95,0.0,200.0,0.0,888.0
1805,302,306.0,1.0,1.0,380.0,0.0,3,1,2,1,1,0,0,57.8863,10.05,98.6,0.0,200.0,2.0,890.0
1806,301,306.0,0.0,0.0,380.0,0.0,5,0,1,1,1,0,0,58.8713,10.05,98.25,1.0,201.0,2.0,892.0
1807,301,307.0,1.0,0.0,380.0,0.0,6,0,0,0,2,0,0,59.725,9.7,99.65,0.0,201.0,0.0,892.0
1808,301,307.0,0.0,0.0,380.0,0.0,6,0,0,0,2,0,0,59.375,9.35,99.3,0.0,201.0,0.0,892.0
1809,301,307.0,0.0,0.0,380.0,0.0,6,0,0,0,2,0,0,59.025,9.0,98.95,0.0,201.0,0.0,892.0
1810,301,307.0,0.0,0.0,380.0,0.0,6,0,0,0,2,0,0,58.675,8.65,98.6,0.0,201.0,0.0,892.0
1811,302,308.0,1.0,0.0,380.0,0.0,4,0,2,0,2,0,0,58.4125,8.3,98.25,0.0,201.0,2.0,894.0
1812,302,308.0,0.0,0.0,380.0,0.0,5,0,1,0,2,0,0,58.15,7.95,97.9,1.0,202.0,2.0,896.0
1813,302,308.0,0.0,0.0,380.0,0.0,6,0,0,0,2,0,0,57.8,7.6,97.55,0.0,202.0,0.0,896.0
1814,302,308.0,0.0,0.0,380.0,0.0,5,0,1,0,2,0,0,57.4938,7.25,97.2,0.0,202.0,1.0,897.0
1815,304,310.0,2.0,0.0,380.0,0.0,4,0,2,0,2,0,0,57.275,6.9,96.85,1.0,203.0,3.0,900.0
1816,304,310.0,0.0,0.0,380.0,0.0,6,0,0,1,1,0,0,56.925,6.55,96.5,0.0,203.0,0.0,900.0
1817,304,310.0,0.0,0.0,380.0,0.0,5,0,0,1,2,0,0,57.7806,6.2,96.15,0.0,203.0,0.0,900.0
1818,304,310.0,0.0,0.0,380.0,0.0,5,0,1,1,1,0,0,58.68,5.85,95.8,0.0,203.0,1.0,901.0
1819,306,312.0,2.0,0.0,380.0,0.0,5,0,0,1,2,0,0,59.5356,5.5,95.45,0.0,203.0,0.0,901.0
1820,306,312.0,0.0,0.0,380.0,0.0,5,0,0,1,2,0,0,60.3913,5.15,95.1,0.0,203.0,0.0,901.0
1821,306,312.0,0.0,0.0,380.0,0.0,5,0,0,2,1,0,0,61.2469,4.8,94.75,0.0,203.0,0.0,901.0
1822,306,312.0,0.0,0.0,380.0,0.0,5,0,0,2,1,0,0,63.3363,13.25,94.4,0.0,203.0,0.0,901.0
1823,306,312.0,0.0,0.0,380.0,0.0,5,0,0,2,1,0,0,65.4256,12.9,94.05,0.0,203.0,0.0,901.0
1824,306,312.0,0.0,0.0,380.0,0.0,4,0,1,2,1,0,0,67.54,12.55,93.7,0.0,203.0,1.0,902.0
1825,307,313.0,1.0,0.0,380.0,0.0,5,0,0,2,1,0,0,69.6106,12.2,93.35,0.0,203.0,0.0,902.0
1826,307,313.0,0.0,0.0,380.0,0.0,6,0,0,1,1,0,0,71.6,11.85,99.65,0.0,203.0,0.0,902.0
1827,308,314.0,1.0,0.0,380.0,0.0,6,0,0,1,1,0,0,72.4088,11.5,99.3,0.0,203.0,0.0,902.0
1828,308,314.0,0.0,0.0,380.0,0.0,6,0,0,1,1,0,0,73.2175,11.15,98.95,0.0,203.0,0.0,902.0
1829,309,315.0,1.0,0.0,380.0,0.0,6,0,0,1,1,0,0,74.0263,10.8,98.6,0.0,203.0,0.0,902.0
1830,309,314.0,0.0,1.0,381.0,0.0,5,1,0,1,1,0,0,74.835,10.45,98.25,0.0,203.0,0.0,902.0
1831,308,315.0,1.0,0.0,381.0,0.0,7,0,0,0,1,0,0,75.6,10.1,99.65,0.0,203.0,0.0,902.0
1832,308,314.0,0.0,1.0,382.0,0.0,4,1,2,0,1,0,0,75.3,9.75,99.3,0.0,203.0,2.0,904.0
1833,307,314.0,0.0,0.0,382.0,0.0,6,0,1,0,1,0,0,75.0188,9.4,98.95,1.0,204.0,2.0,906.0
1834,307,313.0,0.0,1.0,383.0,0.0,6,1,0,0,1,0,0,74.6125,9.05,98.6,0.0,204.0,0.0,906.0
1835,308,315.0,2.0,0.0,383.0,0.0,7,0,0,0,1,0,0,74.225,8.7,98.25,0.0,204.0,0.0,906.0
1836,308,315.0,0.0,0.0,383.0,0.0,7,0,0,1,0,0,0,73.8188,8.35,97.9,0.0,204.0,0.0,906.0
1837,308,315.0,0.0,0.0,383.0,0.0,7,0,0,1,0,0,0,74.6019,17.515,97.55,0.0,204.0,0.0,906.0
1838,308,315.0,0.0,0.0,383.0,0.0,7,0,0,1,0,0,0,75.385,26.68,97.2,0.0,204.0,0.0,906.0
1839,308,315.0,0.0,0.0,383.0,0.0,7,0,0,1,0,0,0,76.1681,35.845,96.85,0.0,204.0,0.0,906.0
1840,308,314.0,0.0,1.0,384.0,0.0,6,1,0,1,0,0,0,76.9513,45.01,96.5,0.0,204.0,0.0,906.0
1841,307,314.0,0.0,0.0,384.0,0.0,7,0,0,1,0,0,0,77.7531,54.175,96.15,0.0,204.0,0.0,906.0
1842,307,314.0,0.0,0.0,384.0,0.0,7,0,0,1,0,0,0,78.555,57.8,95.8,0.0,204.0,0.0,906.0
1843,310,317.0,3.0,0.0,384.0,0.0,7,0,0,1,0,0,0,79.3569,57.3,95.45,0.0,204.0,0.0,906.0
1844,310,317.0,0.0,0.0,384.0,0.0,7,0,0,1,0,0,0,80.1588,56.8,95.1,0.0,204.0,0.0,906.0
1845,311,318.0,1.0,0.0,384.0,0.0,7,0,0,1,0,0,0,80.9419,56.3,94.75,0.0,204.0,0.0,906.0
1846,310,317.0,0.0,1.0,385.0,0.0,7,1,0,0,0,0,0,81.6625,55.8,99.65,0.0,204.0,0.0,906.0
1847,309,317.0,0.0,0.0,385.0,0.0,8,0,0,0,0,0,0,81.2375,55.3,99.3,0.0,204.0,0.0,906.0
1848,309,317.0,0.0,0.0,385.0,0.0,8,0,0,0,0,0,0,80.8125,54.8,98.95,0.0,204.0,0.0,906.0
1849,309,316.0,0.0,1.0,386.0,0.0,7,1,0,0,0,0,0,80.3875,54.3,98.6,0.0,204.0,0.0,906.0
1850,308,315.0,0.0,1.0,387.0,0.0,6,1,1,0,0,0,0,80.0438,53.95,98.25,0.0,204.0,1.0,907.0
1851,308,316.0,1.0,0.0,387.0,0.0,8,0,0,0,0,0,0,79.6563,53.6,97.9,0.0,204.0,0.0,907.0
1852,308,315.0,0.0,1.0,388.0,0.0,7,1,0,0,0,0,0,79.2688,53.25,97.55,0.0,204.0,0.0,907.0
1853,307,315.0,0.0,0.0,388.0,0.0,8,0,0,0,0,0,0,78.9,52.9,97.2,0.0,204.0,0.0,907.0
1854,307,314.0,0.0,1.0,389.0,0.0,7,1,0,0,0,0,0,78.5313,52.55,96.85,0.0,204.0,0.0,907.0
1855,308,316.0,2.0,0.0,389.0,0.0,8,0,0,0,0,0,0,78.1813,52.2,96.5,0.0,204.0,0.0,907.0
1856,308,316.0,0.0,0.0,389.0,0.0,8,0,0,0,0,0,0,77.8313,51.85,96.15,0.0,204.0,0.0,907.0
1857,309,317.0,1.0,0.0,389.0,0.0,6,0,2,0,0,0,0,77.5688,51.5,95.8,0.0,204.0,2.0,909.0
1858,309,317.0,0.0,0.0,389.0,0.0,6,0,2,0,0,0,0,77.35,51.15,95.45,1.0,205.0,3.0,912.0
1859,310,318.0,1.0,0.0,389.0,0.0,8,0,0,0,0,0,0,77.0438,50.8,95.1,1.0,206.0,1.0,913.0
1860,310,318.0,0.0,0.0,389.0,0.0,8,0,0,0,0,0,0,76.675,50.45,94.75,0.0,206.0,0.0,913.0
1861,310,318.0,0.0,0.0,389.0,0.0,8,0,0,0,0,0,0,76.3063,50.1,94.4,0.0,206.0,0.0,913.0
1862,310,318.0,0.0,0.0,389.0,0.0,8,0,0,0,0,0,0,75.9375,49.75,94.05,0.0,206.0,0.0,913.0
1863,310,318.0,0.0,0.0,389.0,0.0,8,0,0,0,0,0,0,75.5688,49.4,93.7,0.0,206.0,0.0,913.0
1864,310,318.0,0.0,0.0,389.0,0.0,8,0,0,0,0,0,0,75.2,49.05,93.35,0.0,206.0,0.0,913.0
1865,311,319.0,1.0,0.0,389.0,0.0,8,0,0,0,0,0,0,74.7938,48.7,93.0,0.0,206.0,0.0,913.0
1866,311,319.0,0.0,0.0,389.0,0.0,8,0,0,0,0,0,0,74.3875,48.35,92.65,0.0,206.0,0.0,913.0
1867,313,321.0,2.0,0.0,389.0,0.0,7,0,1,0,0,0,0,74.0438,48.0,92.3,0.0,206.0,1.0,914.0
1868,313,321.0,0.0,0.0,389.0,0.0,8,0,0,0,0,0,0,73.6375,47.65,91.95,0.0,206.0,0.0,914.0
1869,313,321.0,0.0,0.0,389.0,0.0,8,0,0,0,0,0,0,73.2313,47.3,91.6,0.0,206.0,0.0,914.0
1870,313,321.0,0.0,0.0,389.0,0.0,7,0,1,0,0,0,0,72.8875,46.95,91.25,0.0,206.0,1.0,915.0
1871,314,322.0,1.0,0.0,389.0,0.0,7,0,1,0,0,0,0,72.6063,46.6,90.9,1.0,207.0,2.0,917.0
1872,314,322.0,0.0,0.0,389.0,0.0,8,0,0,0,0,0,0,72.2,46.25,90.55,0.0,207.0,0.0,917.0
1873,314,322.0,0.0,0.0,389.0,0.0,8,0,0,0,0,0,0,71.8188,45.75,90.05,0.0,207.0,0.0,917.0
1874,314,322.0,0.0,0.0,389.0,0.0,8,0,0,0,0,0,0,71.3563,45.25,89.55,0.0,207.0,0.0,917.0
1875,316,323.0,2.0,1.0,390.0,0.0,6,1,1,0,0,0,0,70.9375,44.75,89.05,0.0,207.0,1.0,918.0
1876,315,323.0,0.0,0.0,390.0,0.0,6,0,2,0,0,0,0,70.5813,44.25,88.55,0.0,207.0,2.0,920.0
1877,315,322.0,0.0,1.0,391.0,0.0,6,1,1,0,0,0,0,70.225,43.75,88.05,1.0,208.0,2.0,922.0
1878,314,320.0,0.0,2.0,393.0,0.0,6,2,0,0,0,0,0,69.7625,43.25,87.55,0.0,208.0,0.0,922.0
1879,313,321.0,1.0,0.0,393.0,0.0,8,0,0,0,0,0,0,69.3375,42.75,87.2,0.0,208.0,0.0,922.0
1880,313,321.0,0.0,0.0,393.0,0.0,7,0,1,0,0,0,0,68.9563,42.25,87.2,0.0,208.0,1.0,923.0
1881,313,321.0,0.0,0.0,393.0,0.0,6,0,2,0,0,0,0,68.6375,41.75,86.85,0.0,208.0,2.0,925.0
1882,313,321.0,0.0,0.0,393.0,0.0,8,0,0,0,0,0,0,68.2563,41.25,86.5,1.0,209.0,1.0,926.0
1883,314,322.0,1.0,0.0,393.0,0.0,8,0,0,0,0,0,0,67.8313,40.75,86.15,0.0,209.0,0.0,926.0
1884,314,322.0,0.0,0.0,393.0,0.0,6,0,2,0,0,0,0,67.5313,40.75,85.8,0.0,209.0,2.0,928.0
1885,316,324.0,2.0,0.0,393.0,0.0,6,0,2,0,0,0,0,67.275,40.75,85.45,1.0,210.0,3.0,931.0
1886,316,323.0,0.0,1.0,394.0,0.0,7,1,0,0,0,0,0,66.8938,40.25,85.1,1.0,211.0,1.0,932.0
1887,315,323.0,0.0,0.0,394.0,0.0,6,0,2,0,0,0,0,66.5563,39.75,85.1,0.0,211.0,2.0,934.0
1888,315,322.0,0.0,1.0,395.0,0.0,6,1,1,0,0,0,0,66.2188,39.25,85.1,1.0,212.0,2.0,936.0
1889,314,322.0,0.0,0.0,395.0,0.0,8,0,0,0,0,0,0,65.8125,38.75,84.75,0.0,212.0,0.0,936.0
1890,314,322.0,0.0,0.0,395.0,0.0,8,0,0,0,0,0,0,65.4063,38.25,84.4,0.0,212.0,0.0,936.0
1891,316,324.0,2.0,0.0,395.0,0.0,8,0,0,0,0,0,0,65.0,37.75,84.05,0.0,212.0,0.0,936.0
1892,316,324.0,0.0,0.0,395.0,0.0,8,0,0,0,0,0,0,64.5938,37.25,83.7,0.0,212.0,0.0,936.0
1893,316,323.0,0.0,1.0,396.0,0.0,7,1,0,0,0,0,0,64.1688,36.75,83.35,0.0,212.0,0.0,936.0
1894,315,323.0,0.0,0.0,396.0,0.0,7,0,1,0,0,0,0,63.8063,36.4,83.0,0.0,212.0,1.0,937.0
1895,316,323.0,1.0,1.0,397.0,0.0,7,1,0,0,0,0,0,63.4,36.05,82.65,0.0,212.0,0.0,937.0
1896,315,323.0,0.0,0.0,397.0,0.0,7,0,1,0,0,0,0,63.0563,35.7,82.3,0.0,212.0,1.0,938.0
1897,315,323.0,0.0,0.0,397.0,0.0,8,0,0,0,0,0,0,62.65,35.35,81.95,0.0,212.0,0.0,938.0
1898,315,323.0,0.0,0.0,397.0,0.0,8,0,0,0,0,0,0,62.225,35.0,81.6,0.0,212.0,0.0,938.0
1899,317,325.0,2.0,0.0,397.0,0.0,8,0,0,0,0,0,0,61.7813,34.65,81.1,0.0,212.0,0.0,938.0
1900,317,325.0,0.0,0.0,397.0,0.0,8,0,0,0,0,0,0,61.3188,34.3,80.6,0.0,212.0,0.0,938.0
1901,317,325.0,0.0,0.0,397.0,0.0,8,0,0,0,0,0,0,60.8563,33.95,80.1,0.0,212.0,0.0,938.0
1902,317,325.0,0.0,0.0,397.0,0.0,6,0,2,0,0,0,0,60.5,33.6,79.6,0.0,212.0,2.0,940.0
1903,318,326.0,1.0,0.0,397.0,0.0,5,0,3,0,0,0,0,60.2688,33.25,79.6,1.0,213.0,4.0,944.0
1904,318,325.0,0.0,1.0,398.0,0.0,6,1,1,0,0,0,0,59.9313,32.9,79.6,1.0,214.0,2.0,946.0
1905,318,326.0,1.0,0.0,398.0,0.0,8,0,0,0,0,0,0,59.4875,32.55,79.1,0.0,214.0,0.0,946.0
1906,318,324.0,0.0,2.0,400.0,0.0,6,2,0,0,0,0,0,59.0438,32.2,78.6,0.0,214.0,0.0,946.0
1907,317,325.0,1.0,0.0,400.0,0.0,8,0,0,0,0,0,0,58.6188,31.85,78.1,0.0,214.0,0.0,946.0
1908,317,325.0,0.0,0.0,400.0,0.0,8,0,0,0,0,0,0,58.1938,31.5,77.6,0.0,214.0,0.0,946.0
1909,317,325.0,0.0,0.0,400.0,0.0,8,0,0,0,0,0,0,57.7688,31.15,77.1,0.0,214.0,0.0,946.0
1910,317,325.0,0.0,0.0,400.0,0.0,8,0,0,0,0,0,0,57.3438,30.8,76.6,0.0,214.0,0.0,946.0
1911,317,324.0,0.0,1.0,401.0,0.0,7,1,0,0,0,0,0,56.9,30.3,76.1,0.0,214.0,0.0,946.0
1912,316,324.0,0.0,0.0,401.0,0.0,8,0,0,0,0,0,0,56.475,29.8,75.6,0.0,214.0,0.0,946.0
1913,317,325.0,1.0,0.0,401.0,0.0,8,0,0,0,0,0,0,56.05,29.3,75.1,0.0,214.0,0.0,946.0
1914,317,325.0,0.0,0.0,401.0,0.0,8,0,0,0,0,0,0,55.625,28.8,74.6,0.0,214.0,0.0,946.0
1915,320,327.0,3.0,1.0,402.0,0.0,4,1,3,0,0,0,0,55.3688,28.3,74.1,0.0,214.0,3.0,949.0
1916,319,327.0,0.0,0.0,402.0,0.0,7,0,1,0,0,0,0,55.05,27.8,73.75,1.0,215.0,2.0,951.0
1917,319,326.0,0.0,1.0,403.0,0.0,7,1,0,0,0,0,0,54.625,27.3,73.4,0.0,215.0,0.0,951.0
1918,318,326.0,0.0,0.0,403.0,0.0,7,0,1,0,0,0,0,54.325,26.8,73.05,0.0,215.0,1.0,952.0
1919,318,326.0,0.0,0.0,403.0,0.0,8,0,0,0,0,0,0,53.9188,26.3,72.7,0.0,215.0,0.0,952.0
1920,318,326.0,0.0,0.0,403.0,0.0,8,0,0,0,0,0,0,53.5125,25.8,72.35,0.0,215.0,0.0,952.0
1921,318,326.0,0.0,0.0,403.0,0.0,8,0,0,0,0,0,0,53.0875,25.3,72.0,0.0,215.0,0.0,952.0
1922,318,325.0,0.0,1.0,404.0,0.0,7,1,0,0,0,0,0,52.6625,24.8,71.65,0.0,215.0,0.0,952.0
1923,318,326.0,1.0,0.0,404.0,0.0,8,0,0,0,0,0,0,52.2375,24.45,71.3,0.0,215.0,0.0,952.0
1924,318,326.0,0.0,0.0,404.0,0.0,8,0,0,0,0,0,0,51.8125,24.1,70.95,0.0,215.0,0.0,952.0
1925,319,327.0,1.0,0.0,404.0,0.0,7,0,1,0,0,0,0,51.4313,24.1,70.6,0.0,215.0,1.0,953.0
1926,319,327.0,0.0,0.0,404.0,0.0,7,0,1,0,0,0,0,51.0688,23.75,70.25,0.0,215.0,1.0,954.0
1927,321,329.0,2.0,0.0,404.0,0.0,6,0,2,0,0,0,0,50.75,23.4,69.75,0.0,215.0,2.0,956.0
1928,321,329.0,0.0,0.0,404.0,0.0,7,0,1,0,0,0,0,50.4313,23.05,69.25,1.0,216.0,2.0,958.0
1929,321,329.0,0.0,0.0,404.0,0.0,8,0,0,0,0,0,0,49.9875,22.7,68.75,0.0,216.0,0.0,958.0
1930,321,328.0,0.0,1.0,405.0,0.0,7,1,0,0,0,0,0,49.5438,22.35,68.25,0.0,216.0,0.0,958.0
1931,321,329.0,1.0,0.0,405.0,0.0,8,0,0,0,0,0,0,49.1188,22.0,67.75,0.0,216.0,0.0,958.0
1932,321,329.0,0.0,0.0,405.0,0.0,8,0,0,0,0,0,0,48.675,21.65,67.25,0.0,216.0,0.0,958.0
1933,321,329.0,0.0,0.0,405.0,0.0,8,0,0,0,0,0,0,48.2313,21.3,66.75,0.0,216.0,0.0,958.0
1934,321,329.0,0.0,0.0,405.0,0.0,8,0,0,0,0,0,0,47.7688,20.95,66.25,0.0,216.0,0.0,958.0
1935,322,330.0,1.0,0.0,405.0,0.0,8,0,0,0,0,0,0,47.3063,20.6,65.75,0.0,216.0,0.0,958.0
1936,322,329.0,0.0,1.0,406.0,0.0,7,1,0,0,0,0,0,46.8438,20.25,65.25,0.0,216.0,0.0,958.0
1937,321,328.0,0.0,1.0,407.0,0.0,6,1,1,0,0,0,0,46.4438,19.9,64.75,0.0,216.0,1.0,959.0
1938,320,327.0,0.0,1.0,408.0,0.0,7,1,0,0,0,0,0,46.0,19.55,64.25,0.0,216.0,0.0,959.0
1939,321,329.0,2.0,0.0,408.0,0.0,8,0,0,0,0,0,0,45.575,19.2,63.75,0.0,216.0,0.0,959.0
1940,321,329.0,0.0,0.0,408.0,0.0,8,0,0,0,0,0,0,45.1313,18.85,63.25,0.0,216.0,0.0,959.0
1941,322,330.0,1.0,0.0,408.0,0.0,8,0,0,0,0,0,0,44.6875,18.5,62.75,0.0,216.0,0.0,959.0
1942,322,329.0,0.0,1.0,409.0,0.0,6,1,1,0,0,0,0,44.3063,18.15,62.25,0.0,216.0,1.0,960.0
1943,321,329.0,0.0,0.0,409.0,0.0,7,0,1,0,0,0,0,44.0063,17.8,61.9,1.0,217.0,2.0,962.0
1944,321,329.0,0.0,0.0,409.0,0.0,8,0,0,0,0,0,0,43.5813,17.45,61.55,0.0,217.0,0.0,962.0
1945,322,329.0,1.0,1.0,410.0,0.0,5,1,2,0,0,0,0,43.2625,17.1,61.05,0.0,217.0,2.0,964.0
1946,321,329.0,0.0,0.0,410.0,0.0,8,0,0,0,0,0,0,42.8625,16.75,60.55,1.0,218.0,1.0,965.0
1947,322,330.0,1.0,0.0,410.0,0.0,8,0,0,0,0,0,0,42.4,16.4,60.05,0.0,218.0,0.0,965.0
1948,322,330.0,0.0,0.0,410.0,0.0,8,0,0,0,0,0,0,41.9375,16.05,59.55,0.0,218.0,0.0,965.0
1949,322,330.0,0.0,0.0,410.0,0.0,8,0,0,0,0,0,0,41.4563,15.55,59.05,0.0,218.0,0.0,965.0
1950,322,329.0,0.0,1.0,411.0,0.0,7,1,0,0,0,0,0,40.975,15.05,58.55,0.0,218.0,0.0,965.0
1951,322,329.0,1.0,1.0,412.0,0.0,6,1,0,0,1,0,0,40.5125,14.55,58.05,0.0,218.0,0.0,965.0
1952,322,328.0,0.0,1.0,413.0,0.0,6,1,0,0,1,0,0,40.0875,14.2,57.7,0.0,218.0,0.0,965.0
1953,321,328.0,0.0,0.0,413.0,0.0,7,0,0,0,1,0,0,39.6813,13.85,57.35,0.0,218.0,0.0,965.0
1954,321,328.0,0.0,0.0,413.0,0.0,6,0,1,0,1,0,0,39.3375,13.5,57.0,0.0,218.0,1.0,966.0
1955,324,331.0,3.0,0.0,413.0,0.0,5,0,2,0,1,0,0,39.1,13.15,56.65,1.0,219.0,3.0,969.0
1956,324,331.0,0.0,0.0,413.0,0.0,7,0,0,0,1,0,0,38.6938,12.8,56.3,0.0,219.0,0.0,969.0
1957,324,331.0,0.0,0.0,413.0,0.0,6,0,1,0,1,0,0,38.3313,12.45,55.95,0.0,219.0,1.0,970.0
1958,324,330.0,0.0,1.0,414.0,0.0,6,1,0,0,1,0,0,37.925,12.1,55.6,0.0,219.0,0.0,970.0
1959,323,330.0,0.0,0.0,414.0,0.0,7,0,0,0,1,0,0,37.5375,11.75,55.25,0.0,219.0,0.0,970.0
1960,323,330.0,0.0,0.0,414.0,0.0,7,0,0,0,1,0,0,37.1313,11.4,54.9,0.0,219.0,0.0,970.0
1961,323,330.0,0.0,0.0,414.0,0.0,7,0,0,0,1,0,0,36.725,11.05,54.55,0.0,219.0,0.0,970.0
1962,323,330.0,0.0,0.0,414.0,0.0,7,0,0,0,1,0,0,36.3188,10.7,54.2,0.0,219.0,0.0,970.0
1963,325,331.0,2.0,1.0,415.0,0.0,6,1,0,0,1,0,0,35.8938,10.35,53.85,0.0,219.0,0.0,970.0
1964,324,331.0,0.0,0.0,415.0,0.0,7,0,0,0,1,0,0,35.4875,10.0,53.5,0.0,219.0,0.0,970.0
1965,325,332.0,1.0,0.0,415.0,0.0,7,0,0,0,1,0,0,35.0625,9.65,53.0,0.0,219.0,0.0,970.0
1966,325,332.0,0.0,0.0,415.0,0.0,7,0,0,0,1,0,0,34.6375,9.3,52.5,0.0,219.0,0.0,970.0
1967,325,332.0,0.0,0.0,415.0,0.0,6,0,0,0,2,0,0,34.2125,8.95,52.0,0.0,219.0,0.0,970.0
1968,325,332.0,0.0,0.0,415.0,0.0,6,0,0,0,2,0,0,33.7875,8.6,51.5,0.0,219.0,0.0,970.0
1969,326,332.0,1.0,1.0,416.0,0.0,5,1,0,0,2,0,0,33.3625,8.25,51.0,0.0,219.0,0.0,970.0
1970,326,331.0,0.0,1.0,417.0,0.0,5,1,0,0,2,0,0,32.9563,7.9,50.5,0.0,219.0,0.0,970.0
1971,326,332.0,1.0,0.0,417.0,0.0,6,0,0,0,2,0,0,32.5688,7.55,50.0,0.0,219.0,0.0,970.0
1972,326,332.0,0.0,0.0,417.0,0.0,6,0,0,0,2,0,0,32.1625,7.2,49.5,0.0,219.0,0.0,970.0
1973,326,332.0,0.0,0.0,417.0,0.0,6,0,0,0,2,0,0,31.7563,6.85,49.0,0.0,219.0,0.0,970.0
1974,326,331.0,0.0,1.0,418.0,0.0,5,1,0,0,2,0,0,31.35,6.5,48.5,0.0,219.0,0.0,970.0
1975,327,333.0,2.0,0.0,418.0,0.0,6,0,0,0,2,0,0,30.9625,6.15,48.15,0.0,219.0,0.0,970.0
1976,327,333.0,0.0,0.0,418.0,0.0,6,0,0,0,2,0,0,30.575,5.8,47.8,0.0,219.0,0.0,970.0
1977,327,333.0,0.0,0.0,418.0,0.0,6,0,1,0,1,0,0,30.2313,5.45,47.45,0.0,219.0,1.0,971.0
1978,327,333.0,0.0,0.0,418.0,0.0,5,0,2,0,1,0,0,29.9125,5.1,47.1,0.0,219.0,2.0,973.0
1979,328,333.0,1.0,1.0,419.0,0.0,5,1,1,0,1,0,0,29.5938,4.75,46.75,1.0,220.0,2.0,975.0
1980,327,333.0,0.0,0.0,419.0,0.0,6,0,0,0,2,0,0,29.2063,4.4,46.4,0.0,220.0,0.0,975.0
1981,327,333.0,0.0,0.0,419.0,0.0,6,0,0,1,1,0,0,28.8188,4.05,46.05,0.0,220.0,0.0,975.0
1982,327,333.0,0.0,0.0,419.0,0.0,6,0,0,1,1,0,0,29.6744,10.65,45.7,0.0,220.0,0.0,975.0
1983,328,333.0,1.0,1.0,420.0,0.0,5,1,0,1,1,0,0,30.53,10.3,45.35,0.0,220.0,0.0,975.0
1984,327,333.0,0.0,0.0,420.0,0.0,6,0,0,1,1,0,0,31.4044,9.95,45.0,0.0,220.0,0.0,975.0
1985,328,334.0,1.0,0.0,420.0,0.0,6,0,0,1,1,0,0,32.2788,9.6,44.65,0.0,220.0,0.0,975.0
1986,328,334.0,0.0,0.0,420.0,0.0,6,0,0,1,1,0,0,33.1531,9.25,52.025,0.0,220.0,0.0,975.0
1987,330,336.0,2.0,0.0,420.0,0.0,6,0,0,1,1,0,0,34.0088,8.9,61.62,0.0,220.0,0.0,975.0
1988,330,336.0,0.0,0.0,420.0,0.0,6,0,0,1,1,0,0,34.8644,8.55,71.215,0.0,220.0,0.0,975.0
1989,330,336.0,0.0,0.0,420.0,0.0,6,0,0,1,1,0,0,35.72,8.2,80.81,0.0,220.0,0.0,975.0
1990,330,336.0,0.0,0.0,420.0,0.0,5,0,1,1,1,0,0,36.6194,7.85,90.405,0.0,220.0,1.0,976.0
1991,329,336.0,0.0,0.0,420.0,0.0,6,0,1,0,1,0,0,37.5188,7.5,99.65,1.0,221.0,2.0,978.0
1992,329,336.0,0.0,0.0,420.0,0.0,7,0,0,0,1,0,0,37.1125,7.15,99.3,0.0,221.0,0.0,978.0
1993,329,336.0,0.0,0.0,420.0,0.0,6,0,1,0,1,0,0,36.75,6.8,98.95,0.0,221.0,1.0,979.0
1994,329,336.0,0.0,0.0,420.0,0.0,7,0,0,0,1,0,0,36.3438,6.45,98.6,0.0,221.0,0.0,979.0
1995,331,338.0,2.0,0.0,420.0,0.0,5,0,2,1,0,0,0,36.0438,6.1,98.25,0.0,221.0,2.0,981.0
1996,331,338.0,0.0,0.0,420.0,0.0,6,0,1,1,0,0,0,36.9613,15.49,97.9,1.0,222.0,2.0,983.0
1997,332,339.0,1.0,0.0,420.0,0.0,7,0,0,1,0,0,0,37.7725,21.05,97.55,0.0,222.0,0.0,983.0
1998,332,339.0,0.0,0.0,420.0,0.0,7,0,0,1,0,0,0,38.5838,20.55,97.2,0.0,222.0,0.0,983.0
1999,333,340.0,1.0,0.0,420.0,0.0,6,0,1,1,0,0,0,39.4575,20.05,96.85,0.0,222.0,1.0,984.0
2000,333,340.0,0.0,0.0,420.0,0.0,7,0,0,1,0,0,0,40.2688,19.55,96.5,0.0,222.0,0.0,984.0
