run_id,tick,event_type,robot_id,task_id,details
20260908_023026_d2fba4,3,task_created,,G00001,type=PUTAWAY pickup=RECV dropoff=F-05
20260908_023026_d2fba4,3,task_assigned,R11,G00001,
20260908_023026_d2fba4,5,task_created,,G00002,type=PICK pickup=C-05 dropoff=PICK-2
20260908_023026_d2fba4,5,task_assigned,R13,G00002,
20260908_023026_d2fba4,7,task_created,,G00003,type=PACK pickup=PICK-3 dropoff=PACK-1
20260908_023026_d2fba4,7,task_assigned,R3,G00003,
20260908_023026_d2fba4,9,task_created,,G00004,type=SHIP pickup=STAGING dropoff=DOCK-2
20260908_023026_d2fba4,9,task_assigned,R12,G00004,
20260908_023026_d2fba4,11,task_created,,G00005,type=PUTAWAY pickup=BUFFER dropoff=H-05
20260908_023026_d2fba4,11,task_assigned,R1,G00005,
20260908_023026_d2fba4,13,task_completed,R13,G00002,
20260908_023026_d2fba4,14,task_completed,R12,G00004,
20260908_023026_d2fba4,15,task_created,,G00006,type=PICK pickup=C-01 dropoff=PICK-1
20260908_023026_d2fba4,15,task_assigned,R8,G00006,
20260908_023026_d2fba4,15,robot_blocked,R3,,"{""x"": 13, ""y"": 8}"
20260908_023026_d2fba4,18,task_completed,R11,G00001,
20260908_023026_d2fba4,19,task_created,,G00007,type=PUTAWAY pickup=RECV dropoff=C-04
20260908_023026_d2fba4,19,task_assigned,R11,G00007,
20260908_023026_d2fba4,19,task_created,,G00008,type=PACK pickup=PICK-2 dropoff=PACK-2
20260908_023026_d2fba4,19,task_assigned,R13,G00008,
20260908_023026_d2fba4,19,robot_blocked,R13,,"{""x"": 11, ""y"": 8}"
20260908_023026_d2fba4,23,task_created,,G00009,type=SHIP pickup=STAGING dropoff=DOCK-2
20260908_023026_d2fba4,23,task_assigned,R12,G00009,
20260908_023026_d2fba4,25,task_completed,R3,G00003,
20260908_023026_d2fba4,25,task_created,,G00010,type=PICK pickup=G-02 dropoff=PICK-3
20260908_023026_d2fba4,25,task_assigned,R4,G00010,
20260908_023026_d2fba4,27,task_created,,G00011,type=PUTAWAY pickup=RECV dropoff=B-03
20260908_023026_d2fba4,27,task_assigned,R9,G00011,
20260908_023026_d2fba4,28,task_completed,R12,G00009,
20260908_023026_d2fba4,29,task_completed,R13,G00008,
20260908_023026_d2fba4,31,task_completed,R1,G00005,
20260908_023026_d2fba4,31,task_created,,G00012,type=PACK pickup=PICK-2 dropoff=PACK-1
20260908_023026_d2fba4,31,task_assigned,R7,G00012,
20260908_023026_d2fba4,35,task_completed,R8,G00006,
20260908_023026_d2fba4,35,task_created,,G00013,type=PUTAWAY pickup=RECV dropoff=C-05
20260908_023026_d2fba4,35,task_assigned,R3,G00013,
20260908_023026_d2fba4,35,task_created,,G00014,type=PICK pickup=B-06 dropoff=PICK-3
20260908_023026_d2fba4,35,task_assigned,R2,G00014,
20260908_023026_d2fba4,37,task_created,,G00015,type=SHIP pickup=STAGING dropoff=DOCK-1
20260908_023026_d2fba4,37,task_assigned,R12,G00015,
20260908_023026_d2fba4,42,task_completed,R12,G00015,
20260908_023026_d2fba4,43,task_created,,G00016,type=PUTAWAY pickup=RECV dropoff=A-03
20260908_023026_d2fba4,43,task_assigned,R5,G00016,
20260908_023026_d2fba4,43,task_created,,G00017,type=PACK pickup=PICK-1 dropoff=PACK-1
20260908_023026_d2fba4,43,task_assigned,R8,G00017,
20260908_023026_d2fba4,44,task_completed,R4,G00010,
20260908_023026_d2fba4,44,task_completed,R7,G00012,
20260908_023026_d2fba4,45,task_completed,R11,G00007,
20260908_023026_d2fba4,45,task_created,,G00018,type=PICK pickup=H-04 dropoff=PICK-3
20260908_023026_d2fba4,45,task_assigned,R10,G00018,
20260908_023026_d2fba4,50,robot_blocked,R9,,"{""x"": 5, ""y"": 1}"
20260908_023026_d2fba4,51,task_created,,G00019,type=PUTAWAY pickup=RECV dropoff=D-07
20260908_023026_d2fba4,51,task_assigned,R7,G00019,
20260908_023026_d2fba4,51,task_created,,G00020,type=SHIP pickup=STAGING dropoff=DOCK-1
20260908_023026_d2fba4,51,task_assigned,R12,G00020,
20260908_023026_d2fba4,52,task_completed,R8,G00017,
20260908_023026_d2fba4,55,task_created,,G00021,type=PICK pickup=B-06 dropoff=PICK-2
20260908_023026_d2fba4,55,task_assigned,R4,G00021,
20260908_023026_d2fba4,55,task_created,,G00022,type=PACK pickup=PICK-1 dropoff=PACK-1
20260908_023026_d2fba4,55,task_assigned,R13,G00022,
20260908_023026_d2fba4,56,task_completed,R12,G00020,
20260908_023026_d2fba4,59,task_completed,R9,G00011,
20260908_023026_d2fba4,59,task_created,,G00023,type=PUTAWAY pickup=BUFFER dropoff=A-01
20260908_023026_d2fba4,59,task_assigned,R1,G00023,
20260908_023026_d2fba4,61,task_completed,R10,G00018,
20260908_023026_d2fba4,63,robot_blocked,R5,,"{""x"": 7, ""y"": 1}"
20260908_023026_d2fba4,65,task_created,,G00024,type=PICK pickup=B-07 dropoff=PICK-2
20260908_023026_d2fba4,65,task_assigned,R9,G00024,
20260908_023026_d2fba4,65,task_created,,G00025,type=SHIP pickup=STAGING dropoff=DOCK-1
20260908_023026_d2fba4,65,task_assigned,R12,G00025,
20260908_023026_d2fba4,67,task_completed,R2,G00014,
20260908_023026_d2fba4,67,task_created,,G00026,type=PUTAWAY pickup=RECV dropoff=E-06
20260908_023026_d2fba4,67,task_assigned,R8,G00026,
20260908_023026_d2fba4,67,task_created,,G00027,type=PACK pickup=PICK-3 dropoff=PACK-1
20260908_023026_d2fba4,67,task_assigned,R10,G00027,
20260908_023026_d2fba4,70,task_completed,R9,G00024,
20260908_023026_d2fba4,70,task_completed,R12,G00025,
20260908_023026_d2fba4,72,robot_blocked,R1,,"{""x"": 11, ""y"": 0}"
20260908_023026_d2fba4,74,robot_blocked,R10,,"{""x"": 13, ""y"": 8}"
20260908_023026_d2fba4,75,task_created,,G00028,type=PUTAWAY pickup=RECV dropoff=B-04
20260908_023026_d2fba4,75,task_assigned,R12,G00028,
20260908_023026_d2fba4,75,task_created,,G00029,type=PICK pickup=B-02 dropoff=PICK-2
20260908_023026_d2fba4,75,task_assigned,R9,G00029,
20260908_023026_d2fba4,79,task_completed,R13,G00022,
20260908_023026_d2fba4,79,task_created,,G00030,type=PACK pickup=PICK-1 dropoff=PACK-2
20260908_023026_d2fba4,79,task_assigned,R2,G00030,
20260908_023026_d2fba4,79,task_created,,G00031,type=SHIP pickup=STAGING dropoff=DOCK-2
20260908_023026_d2fba4,79,task_assigned,R6,G00031,
20260908_023026_d2fba4,80,task_completed,R3,G00013,
20260908_023026_d2fba4,80,task_completed,R5,G00016,
20260908_023026_d2fba4,80,task_completed,R4,G00021,
20260908_023026_d2fba4,80,robot_blocked,R8,,"{""x"": 6, ""y"": 3}"
20260908_023026_d2fba4,83,task_created,,G00032,type=PUTAWAY pickup=RECV dropoff=H-04
20260908_023026_d2fba4,83,task_assigned,R5,G00032,
20260908_023026_d2fba4,84,task_completed,R10,G00027,
20260908_023026_d2fba4,85,task_created,,G00033,type=PICK pickup=E-06 dropoff=PICK-3
20260908_023026_d2fba4,85,task_assigned,R10,G00033,
20260908_023026_d2fba4,86,robot_blocked,R2,,"{""x"": 13, ""y"": 8}"
20260908_023026_d2fba4,91,task_created,,G00034,type=PUTAWAY pickup=RECV dropoff=A-07
20260908_023026_d2fba4,91,task_assigned,R13,G00034,
20260908_023026_d2fba4,91,task_created,,G00035,type=PACK pickup=PICK-2 dropoff=PACK-2
20260908_023026_d2fba4,91,task_assigned,R4,G00035,
20260908_023026_d2fba4,92,task_completed,R9,G00029,
20260908_023026_d2fba4,93,task_created,,G00036,type=SHIP pickup=STAGING dropoff=DOCK-2
20260908_023026_d2fba4,93,task_assigned,R9,G00036,
20260908_023026_d2fba4,93,robot_blocked,R4,,"{""x"": 12, ""y"": 9}"
20260908_023026_d2fba4,94,task_completed,R7,G00019,
20260908_023026_d2fba4,94,task_completed,R6,G00031,
20260908_023026_d2fba4,95,task_created,,G00037,type=PICK pickup=H-03 dropoff=PICK-1
20260908_023026_d2fba4,95,task_assigned,R11,G00037,
20260908_023026_d2fba4,96,task_completed,R1,G00023,
20260908_023026_d2fba4,99,task_created,,G00038,type=PUTAWAY pickup=RECV dropoff=D-05
20260908_023026_d2fba4,99,task_assigned,R1,G00038,
20260908_023026_d2fba4,99,robot_blocked,R11,,"{""x"": 21, ""y"": 4}"
20260908_023026_d2fba4,100,task_completed,R4,G00035,
20260908_023026_d2fba4,103,task_completed,R9,G00036,
20260908_023026_d2fba4,103,task_created,,G00039,type=PACK pickup=PICK-1 dropoff=PACK-2
20260908_023026_d2fba4,103,task_assigned,R6,G00039,
20260908_023026_d2fba4,105,task_created,,G00040,type=PICK pickup=F-04 dropoff=PICK-2
20260908_023026_d2fba4,105,task_assigned,R3,G00040,
20260908_023026_d2fba4,105,robot_blocked,R12,,"{""x"": 7, ""y"": 2}"
20260908_023026_d2fba4,107,task_created,,G00041,type=PUTAWAY pickup=BUFFER dropoff=A-04
20260908_023026_d2fba4,107,task_assigned,R7,G00041,
20260908_023026_d2fba4,107,task_created,,G00042,type=SHIP pickup=STAGING dropoff=DOCK-1
20260908_023026_d2fba4,107,task_assigned,R4,G00042,
20260908_023026_d2fba4,111,task_completed,R12,G00028,
20260908_023026_d2fba4,113,task_completed,R3,G00040,
20260908_023026_d2fba4,114,task_completed,R8,G00026,
20260908_023026_d2fba4,114,task_completed,R4,G00042,
20260908_023026_d2fba4,115,task_created,,G00043,type=PUTAWAY pickup=BUFFER dropoff=D-08
20260908_023026_d2fba4,115,task_assigned,R4,G00043,
20260908_023026_d2fba4,115,task_created,,G00044,type=PICK pickup=B-08 dropoff=PICK-2
20260908_023026_d2fba4,115,task_assigned,R12,G00044,
20260908_023026_d2fba4,115,task_created,,G00045,type=PACK pickup=PICK-2 dropoff=PACK-2
20260908_023026_d2fba4,115,task_assigned,R3,G00045,
20260908_023026_d2fba4,116,robot_blocked,R7,,"{""x"": 14, ""y"": 4}"
20260908_023026_d2fba4,119,task_completed,R2,G00030,
20260908_023026_d2fba4,121,task_completed,R12,G00044,
20260908_023026_d2fba4,121,task_created,,G00046,type=SHIP pickup=STAGING dropoff=DOCK-1
20260908_023026_d2fba4,121,task_assigned,R9,G00046,
20260908_023026_d2fba4,123,task_completed,R3,G00045,
20260908_023026_d2fba4,123,task_created,,G00047,type=PUTAWAY pickup=BUFFER dropoff=E-08
20260908_023026_d2fba4,123,task_assigned,R12,G00047,
20260908_023026_d2fba4,125,task_completed,R11,G00037,
20260908_023026_d2fba4,125,task_created,,G00048,type=PICK pickup=B-04 dropoff=PICK-3
20260908_023026_d2fba4,125,task_assigned,R8,G00048,
20260908_023026_d2fba4,126,task_completed,R9,G00046,
20260908_023026_d2fba4,127,task_created,,G00049,type=PACK pickup=PICK-2 dropoff=PACK-2
20260908_023026_d2fba4,127,task_assigned,R2,G00049,
20260908_023026_d2fba4,131,task_created,,G00050,type=PUTAWAY pickup=BUFFER dropoff=F-01
20260908_023026_d2fba4,131,task_assigned,R3,G00050,
20260908_023026_d2fba4,132,robot_blocked,R6,,"{""x"": 14, ""y"": 10}"
20260908_023026_d2fba4,133,task_completed,R10,G00033,
20260908_023026_d2fba4,135,task_created,,G00051,type=PICK pickup=D-03 dropoff=PICK-3
20260908_023026_d2fba4,135,task_assigned,R10,G00051,
20260908_023026_d2fba4,135,task_created,,G00052,type=SHIP pickup=STAGING dropoff=DOCK-2
20260908_023026_d2fba4,135,task_assigned,R9,G00052,
20260908_023026_d2fba4,139,task_created,,G00053,type=PUTAWAY pickup=BUFFER dropoff=F-03
20260908_023026_d2fba4,139,task_created,,G00054,type=PACK pickup=PICK-3 dropoff=PACK-1
20260908_023026_d2fba4,139,task_assigned,R11,G00054,
20260908_023026_d2fba4,140,task_completed,R9,G00052,
20260908_023026_d2fba4,141,task_completed,R6,G00039,
20260908_023026_d2fba4,141,task_completed,R12,G00047,
20260908_023026_d2fba4,141,task_assigned,R9,G00053,
20260908_023026_d2fba4,145,task_completed,R7,G00041,
20260908_023026_d2fba4,145,task_created,,G00055,type=PICK pickup=E-08 dropoff=PICK-3
20260908_023026_d2fba4,145,task_assigned,R12,G00055,
20260908_023026_d2fba4,146,task_completed,R13,G00034,
20260908_023026_d2fba4,147,task_created,,G00056,type=PUTAWAY pickup=RECV dropoff=H-03
20260908_023026_d2fba4,147,task_assigned,R6,G00056,
20260908_023026_d2fba4,148,task_completed,R2,G00049,
20260908_023026_d2fba4,149,task_created,,G00057,type=SHIP pickup=STAGING dropoff=DOCK-1
20260908_023026_d2fba4,149,task_assigned,R2,G00057,
20260908_023026_d2fba4,151,task_completed,R8,G00048,
20260908_023026_d2fba4,151,task_created,,G00058,type=PACK pickup=PICK-3 dropoff=PACK-2
20260908_023026_d2fba4,151,task_assigned,R7,G00058,
20260908_023026_d2fba4,152,task_completed,R5,G00032,
20260908_023026_d2fba4,155,task_created,,G00059,type=PUTAWAY pickup=RECV dropoff=D-06
20260908_023026_d2fba4,155,task_assigned,R5,G00059,
20260908_023026_d2fba4,155,task_created,,G00060,type=PICK pickup=F-06 dropoff=PICK-3
20260908_023026_d2fba4,155,task_assigned,R13,G00060,
20260908_023026_d2fba4,156,task_completed,R10,G00051,
20260908_023026_d2fba4,156,task_completed,R2,G00057,
20260908_023026_d2fba4,160,task_completed,R1,G00038,
20260908_023026_d2fba4,160,task_completed,R4,G00043,
20260908_023026_d2fba4,163,task_completed,R12,G00055,
20260908_023026_d2fba4,163,task_created,,G00061,type=PUTAWAY pickup=RECV dropoff=A-05
20260908_023026_d2fba4,163,task_assigned,R10,G00061,
20260908_023026_d2fba4,163,task_created,,G00062,type=PACK pickup=PICK-3 dropoff=PACK-1
20260908_023026_d2fba4,163,task_assigned,R8,G00062,
20260908_023026_d2fba4,163,task_created,,G00063,type=SHIP pickup=STAGING dropoff=DOCK-1
20260908_023026_d2fba4,163,task_assigned,R2,G00063,
20260908_023026_d2fba4,165,task_created,,G00064,type=PICK pickup=F-08 dropoff=PICK-1
20260908_023026_d2fba4,165,task_assigned,R1,G00064,
20260908_023026_d2fba4,168,task_completed,R2,G00063,
20260908_023026_d2fba4,171,task_created,,G00065,type=PUTAWAY pickup=RECV dropoff=C-05
20260908_023026_d2fba4,171,task_assigned,R2,G00065,
20260908_023026_d2fba4,173,task_completed,R11,G00054,
20260908_023026_d2fba4,175,task_created,,G00066,type=PICK pickup=G-07 dropoff=PICK-1
20260908_023026_d2fba4,175,task_assigned,R4,G00066,
20260908_023026_d2fba4,175,task_created,,G00067,type=PACK pickup=PICK-3 dropoff=PACK-2
20260908_023026_d2fba4,175,task_assigned,R12,G00067,
20260908_023026_d2fba4,177,task_completed,R3,G00050,
20260908_023026_d2fba4,177,task_completed,R13,G00060,
20260908_023026_d2fba4,177,task_created,,G00068,type=SHIP pickup=STAGING dropoff=DOCK-2
20260908_023026_d2fba4,177,task_assigned,R11,G00068,
20260908_023026_d2fba4,179,task_completed,R8,G00062,
20260908_023026_d2fba4,179,task_created,,G00069,type=PUTAWAY pickup=BUFFER dropoff=C-03
20260908_023026_d2fba4,179,task_assigned,R3,G00069,
20260908_023026_d2fba4,183,task_completed,R9,G00053,
20260908_023026_d2fba4,183,task_completed,R7,G00058,
20260908_023026_d2fba4,183,task_completed,R11,G00068,
20260908_023026_d2fba4,185,task_created,,G00070,type=PICK pickup=E-05 dropoff=PICK-1
20260908_023026_d2fba4,185,task_assigned,R9,G00070,
20260908_023026_d2fba4,187,task_completed,R12,G00067,
20260908_023026_d2fba4,187,task_created,,G00071,type=PUTAWAY pickup=BUFFER dropoff=H-07
20260908_023026_d2fba4,187,task_assigned,R13,G00071,
20260908_023026_d2fba4,187,task_created,,G00072,type=PACK pickup=PICK-1 dropoff=PACK-2
20260908_023026_d2fba4,187,task_assigned,R8,G00072,
20260908_023026_d2fba4,191,task_created,,G00073,type=SHIP pickup=STAGING dropoff=DOCK-1
20260908_023026_d2fba4,191,task_assigned,R11,G00073,
20260908_023026_d2fba4,195,task_created,,G00074,type=PUTAWAY pickup=BUFFER dropoff=G-02
20260908_023026_d2fba4,195,task_assigned,R12,G00074,
20260908_023026_d2fba4,195,task_created,,G00075,type=PICK pickup=H-05 dropoff=PICK-1
20260908_023026_d2fba4,195,task_assigned,R7,G00075,
20260908_023026_d2fba4,196,task_completed,R3,G00069,
20260908_023026_d2fba4,196,task_completed,R11,G00073,
20260908_023026_d2fba4,197,task_completed,R6,G00056,
20260908_023026_d2fba4,199,task_created,,G00076,type=PACK pickup=PICK-3 dropoff=PACK-2
20260908_023026_d2fba4,199,task_assigned,R6,G00076,
20260908_023026_d2fba4,201,task_completed,R4,G00066,
20260908_023026_d2fba4,203,task_created,,G00077,type=PUTAWAY pickup=BUFFER dropoff=F-06
20260908_023026_d2fba4,203,task_assigned,R3,G00077,
20260908_023026_d2fba4,205,task_completed,R9,G00070,
20260908_023026_d2fba4,205,task_created,,G00078,type=PICK pickup=F-02 dropoff=PICK-2
20260908_023026_d2fba4,205,task_assigned,R4,G00078,
20260908_023026_d2fba4,205,task_created,,G00079,type=SHIP pickup=STAGING dropoff=DOCK-2
20260908_023026_d2fba4,205,task_assigned,R11,G00079,
20260908_023026_d2fba4,207,task_completed,R10,G00061,
20260908_023026_d2fba4,210,task_completed,R11,G00079,
20260908_023026_d2fba4,211,task_created,,G00080,type=PUTAWAY pickup=BUFFER dropoff=B-08
20260908_023026_d2fba4,211,task_assigned,R10,G00080,
20260908_023026_d2fba4,211,task_created,,G00081,type=PACK pickup=PICK-2 dropoff=PACK-1
20260908_023026_d2fba4,211,task_assigned,R11,G00081,
20260908_023026_d2fba4,212,task_completed,R5,G00059,
20260908_023026_d2fba4,213,task_completed,R8,G00072,
20260908_023026_d2fba4,215,task_created,,G00082,type=PICK pickup=F-01 dropoff=PICK-1
20260908_023026_d2fba4,215,task_assigned,R9,G00082,
20260908_023026_d2fba4,216,task_completed,R12,G00074,
20260908_023026_d2fba4,217,task_completed,R6,G00076,
20260908_023026_d2fba4,219,task_created,,G00083,type=PUTAWAY pickup=BUFFER dropoff=D-02
20260908_023026_d2fba4,219,task_assigned,R12,G00083,
20260908_023026_d2fba4,219,task_created,,G00084,type=SHIP pickup=STAGING dropoff=DOCK-2
20260908_023026_d2fba4,219,task_assigned,R6,G00084,
20260908_023026_d2fba4,220,task_completed,R13,G00071,
20260908_023026_d2fba4,223,task_completed,R1,G00064,
20260908_023026_d2fba4,223,task_created,,G00085,type=PACK pickup=PICK-3 dropoff=PACK-1
20260908_023026_d2fba4,223,task_assigned,R5,G00085,
20260908_023026_d2fba4,224,task_completed,R3,G00077,
20260908_023026_d2fba4,225,task_completed,R11,G00081,
20260908_023026_d2fba4,225,task_created,,G00086,type=PICK pickup=B-02 dropoff=PICK-1
20260908_023026_d2fba4,225,task_assigned,R3,G00086,
20260908_023026_d2fba4,226,task_completed,R6,G00084,
20260908_023026_d2fba4,227,task_created,,G00087,type=PUTAWAY pickup=BUFFER dropoff=C-06
20260908_023026_d2fba4,227,task_assigned,R6,G00087,
20260908_023026_d2fba4,233,task_created,,G00088,type=SHIP pickup=STAGING dropoff=DOCK-1
20260908_023026_d2fba4,233,task_assigned,R8,G00088,
20260908_023026_d2fba4,234,task_completed,R4,G00078,
20260908_023026_d2fba4,235,task_created,,G00089,type=PUTAWAY pickup=RECV dropoff=H-01
20260908_023026_d2fba4,235,task_assigned,R11,G00089,
20260908_023026_d2fba4,235,task_created,,G00090,type=PICK pickup=D-07 dropoff=PICK-3
20260908_023026_d2fba4,235,task_assigned,R4,G00090,
20260908_023026_d2fba4,235,task_created,,G00091,type=PACK pickup=PICK-3 dropoff=PACK-2
20260908_023026_d2fba4,235,task_assigned,R13,G00091,
20260908_023026_d2fba4,238,task_completed,R2,G00065,
20260908_023026_d2fba4,239,task_completed,R10,G00080,
20260908_023026_d2fba4,240,task_completed,R9,G00082,
20260908_023026_d2fba4,241,task_completed,R5,G00085,
20260908_023026_d2fba4,241,task_completed,R8,G00088,
20260908_023026_d2fba4,243,task_created,,G00092,type=PUTAWAY pickup=RECV dropoff=C-01
20260908_023026_d2fba4,243,task_assigned,R10,G00092,
20260908_023026_d2fba4,244,task_completed,R7,G00075,
20260908_023026_d2fba4,245,task_created,,G00093,type=PICK pickup=B-05 dropoff=PICK-1
20260908_023026_d2fba4,245,task_assigned,R9,G00093,
20260908_023026_d2fba4,247,task_created,,G00094,type=PACK pickup=PICK-1 dropoff=PACK-1
20260908_023026_d2fba4,247,task_assigned,R7,G00094,
20260908_023026_d2fba4,247,task_created,,G00095,type=SHIP pickup=STAGING dropoff=DOCK-2
20260908_023026_d2fba4,247,task_assigned,R8,G00095,
20260908_023026_d2fba4,248,task_completed,R3,G00086,
20260908_023026_d2fba4,251,task_created,,G00096,type=PUTAWAY pickup=BUFFER dropoff=G-01
20260908_023026_d2fba4,251,task_assigned,R2,G00096,
20260908_023026_d2fba4,252,task_completed,R8,G00095,
20260908_023026_d2fba4,253,task_completed,R13,G00091,
20260908_023026_d2fba4,255,task_created,,G00097,type=PICK pickup=B-08 dropoff=PICK-1
20260908_023026_d2fba4,255,task_assigned,R8,G00097,
20260908_023026_d2fba4,257,task_completed,R6,G00087,
20260908_023026_d2fba4,258,task_completed,R12,G00083,
20260908_023026_d2fba4,259,task_completed,R7,G00094,
20260908_023026_d2fba4,259,task_created,,G00098,type=PUTAWAY pickup=BUFFER dropoff=C-07
20260908_023026_d2fba4,259,task_assigned,R5,G00098,
20260908_023026_d2fba4,259,task_created,,G00099,type=PACK pickup=PICK-3 dropoff=PACK-1
20260908_023026_d2fba4,259,task_assigned,R6,G00099,
20260908_023026_d2fba4,261,task_completed,R9,G00093,
20260908_023026_d2fba4,261,task_created,,G00100,type=SHIP pickup=STAGING dropoff=DOCK-1
20260908_023026_d2fba4,261,task_assigned,R13,G00100,
20260908_023026_d2fba4,262,task_completed,R2,G00096,
20260908_023026_d2fba4,263,task_completed,R4,G00090,
20260908_023026_d2fba4,265,task_created,,G00101,type=PICK pickup=G-03 dropoff=PICK-2
20260908_023026_d2fba4,265,task_assigned,R2,G00101,
20260908_023026_d2fba4,267,task_created,,G00102,type=PUTAWAY pickup=BUFFER dropoff=C-08
20260908_023026_d2fba4,267,task_assigned,R9,G00102,
20260908_023026_d2fba4,268,task_completed,R13,G00100,
20260908_023026_d2fba4,271,task_created,,G00103,type=PACK pickup=PICK-2 dropoff=PACK-1
20260908_023026_d2fba4,271,task_assigned,R13,G00103,
20260908_023026_d2fba4,272,task_completed,R10,G00092,
20260908_023026_d2fba4,275,task_created,,G00104,type=PUTAWAY pickup=RECV dropoff=D-05
20260908_023026_d2fba4,275,task_created,,G00105,type=PICK pickup=D-08 dropoff=PICK-3
20260908_023026_d2fba4,275,task_assigned,R10,G00105,
20260908_023026_d2fba4,275,task_created,,G00106,type=SHIP pickup=STAGING dropoff=DOCK-2
20260908_023026_d2fba4,275,task_assigned,R4,G00106,
20260908_023026_d2fba4,276,task_completed,R2,G00101,
20260908_023026_d2fba4,277,task_assigned,R1,G00104,
20260908_023026_d2fba4,283,task_created,,G00107,type=PUTAWAY pickup=RECV dropoff=B-05
20260908_023026_d2fba4,283,task_assigned,R2,G00107,
20260908_023026_d2fba4,283,task_created,,G00108,type=PACK pickup=PICK-2 dropoff=PACK-1
20260908_023026_d2fba4,283,task_assigned,R3,G00108,
20260908_023026_d2fba4,285,task_created,,G00109,type=PICK pickup=H-08 dropoff=PICK-3
20260908_023026_d2fba4,286,task_completed,R6,G00099,
20260908_023026_d2fba4,287,task_assigned,R6,G00109,
20260908_023026_d2fba4,289,task_created,,G00110,type=SHIP pickup=STAGING dropoff=DOCK-1
20260908_023026_d2fba4,291,task_created,,G00111,type=PUTAWAY pickup=RECV dropoff=F-03
20260908_023026_d2fba4,292,task_completed,R13,G00103,
20260908_023026_d2fba4,292,task_completed,R10,G00105,
20260908_023026_d2fba4,293,task_completed,R9,G00102,
20260908_023026_d2fba4,293,task_assigned,R13,G00110,
20260908_023026_d2fba4,294,task_assigned,R9,G00111,
20260908_023026_d2fba4,295,task_completed,R4,G00106,
20260908_023026_d2fba4,295,task_created,,G00112,type=PICK pickup=A-01 dropoff=PICK-3
20260908_023026_d2fba4,295,task_created,,G00113,type=PACK pickup=PICK-1 dropoff=PACK-2
20260908_023026_d2fba4,296,task_completed,R11,G00089,
20260908_023026_d2fba4,297,task_assigned,R7,G00113,
20260908_023026_d2fba4,298,task_completed,R8,G00097,
20260908_023026_d2fba4,299,task_completed,R13,G00110,
20260908_023026_d2fba4,299,task_assigned,R8,G00112,
20260908_023026_d2fba4,299,task_created,,G00114,type=PUTAWAY pickup=RECV dropoff=G-04
20260908_023026_d2fba4,302,task_interrupted,R2,G00107,
20260908_023026_d2fba4,303,task_assigned,R11,G00107,
20260908_023026_d2fba4,303,task_created,,G00115,type=SHIP pickup=STAGING dropoff=DOCK-2
20260908_023026_d2fba4,303,task_assigned,R4,G00115,
20260908_023026_d2fba4,305,task_created,,G00116,type=PICK pickup=H-08 dropoff=PICK-2
20260908_023026_d2fba4,306,task_interrupted,R9,G00111,
20260908_023026_d2fba4,307,task_interrupted,R11,G00107,
20260908_023026_d2fba4,307,task_created,,G00117,type=PUTAWAY pickup=RECV dropoff=E-01
20260908_023026_d2fba4,307,task_created,,G00118,type=PACK pickup=PICK-1 dropoff=PACK-2
20260908_023026_d2fba4,308,task_completed,R3,G00108,
20260908_023026_d2fba4,308,task_completed,R4,G00115,
20260908_023026_d2fba4,309,task_completed,R5,G00098,
20260908_023026_d2fba4,309,task_assigned,R13,G00107,
20260908_023026_d2fba4,309,task_assigned,R3,G00118,
20260908_023026_d2fba4,310,task_assigned,R5,G00116,
20260908_023026_d2fba4,313,task_interrupted,R13,G00107,
20260908_023026_d2fba4,314,task_interrupted,R5,G00116,
20260908_023026_d2fba4,315,task_interrupted,R6,G00109,
20260908_023026_d2fba4,315,task_assigned,R12,G00116,
20260908_023026_d2fba4,315,task_created,,G00119,type=PUTAWAY pickup=BUFFER dropoff=B-02
20260908_023026_d2fba4,315,task_created,,G00120,type=PICK pickup=E-03 dropoff=PICK-3
20260908_023026_d2fba4,317,task_created,,G00121,type=SHIP pickup=STAGING dropoff=DOCK-1
20260908_023026_d2fba4,318,task_interrupted,R8,G00112,
20260908_023026_d2fba4,319,task_created,,G00122,type=PACK pickup=PICK-3 dropoff=PACK-1
20260908_023026_d2fba4,321,task_completed,R1,G00104,
20260908_023026_d2fba4,322,task_assigned,R1,G00121,
20260908_023026_d2fba4,323,task_created,,G00123,type=PUTAWAY pickup=RECV dropoff=F-01
20260908_023026_d2fba4,325,task_created,,G00124,type=PICK pickup=A-08 dropoff=PICK-1
20260908_023026_d2fba4,326,task_completed,R7,G00113,
20260908_023026_d2fba4,327,task_assigned,R7,G00122,
20260908_023026_d2fba4,331,task_created,,G00125,type=PUTAWAY pickup=RECV dropoff=F-08
20260908_023026_d2fba4,331,task_created,,G00126,type=PACK pickup=PICK-2 dropoff=PACK-2
20260908_023026_d2fba4,331,task_created,,G00127,type=SHIP pickup=STAGING dropoff=DOCK-1
20260908_023026_d2fba4,335,task_completed,R3,G00118,
20260908_023026_d2fba4,335,task_created,,G00128,type=PICK pickup=B-08 dropoff=PICK-1
20260908_023026_d2fba4,336,task_assigned,R2,G00107,
20260908_023026_d2fba4,336,task_assigned,R3,G00127,
20260908_023026_d2fba4,339,task_assigned,R9,G00111,
20260908_023026_d2fba4,339,task_created,,G00129,type=PUTAWAY pickup=RECV dropoff=F-08
20260908_023026_d2fba4,340,task_assigned,R10,G00126,
20260908_023026_d2fba4,342,task_completed,R1,G00121,
20260908_023026_d2fba4,343,task_completed,R3,G00127,
20260908_023026_d2fba4,343,task_created,,G00130,type=PACK pickup=PICK-2 dropoff=PACK-1
20260908_023026_d2fba4,343,task_assigned,R1,G00130,
20260908_023026_d2fba4,344,task_assigned,R3,G00109,
20260908_023026_d2fba4,345,task_created,,G00131,type=PICK pickup=B-06 dropoff=PICK-2
20260908_023026_d2fba4,345,task_created,,G00132,type=SHIP pickup=STAGING dropoff=DOCK-2
20260908_023026_d2fba4,347,task_created,,G00133,type=PUTAWAY pickup=BUFFER dropoff=G-05
20260908_023026_d2fba4,349,task_completed,R7,G00122,
20260908_023026_d2fba4,350,task_assigned,R7,G00132,
20260908_023026_d2fba4,355,task_created,,G00134,type=PUTAWAY pickup=BUFFER dropoff=C-08
20260908_023026_d2fba4,355,task_created,,G00135,type=PICK pickup=G-05 dropoff=PICK-1
20260908_023026_d2fba4,355,task_created,,G00136,type=PACK pickup=PICK-3 dropoff=PACK-1
20260908_023026_d2fba4,356,task_assigned,R11,G00112,
20260908_023026_d2fba4,356,task_assigned,R13,G00136,
20260908_023026_d2fba4,357,task_completed,R1,G00130,
20260908_023026_d2fba4,358,task_assigned,R1,G00120,
20260908_023026_d2fba4,358,task_completed,R7,G00132,
20260908_023026_d2fba4,359,task_created,,G00137,type=SHIP pickup=STAGING dropoff=DOCK-2
20260908_023026_d2fba4,359,task_assigned,R7,G00137,
20260908_023026_d2fba4,363,task_completed,R2,G00107,
20260908_023026_d2fba4,363,task_created,,G00138,type=PUTAWAY pickup=BUFFER dropoff=B-06
20260908_023026_d2fba4,364,task_assigned,R2,G00124,
20260908_023026_d2fba4,364,task_completed,R7,G00137,
20260908_023026_d2fba4,365,task_assigned,R4,G00128,
20260908_023026_d2fba4,365,task_assigned,R7,G00131,
20260908_023026_d2fba4,365,task_created,,G00139,type=PICK pickup=D-04 dropoff=PICK-2
20260908_023026_d2fba4,367,task_completed,R10,G00126,
20260908_023026_d2fba4,367,task_created,,G00140,type=PACK pickup=PICK-2 dropoff=PACK-2
20260908_023026_d2fba4,368,task_completed,R12,G00116,
20260908_023026_d2fba4,368,task_assigned,R10,G00140,
20260908_023026_d2fba4,369,task_assigned,R12,G00135,
20260908_023026_d2fba4,371,task_created,,G00141,type=PUTAWAY pickup=RECV dropoff=H-06
20260908_023026_d2fba4,372,task_completed,R3,G00109,
20260908_023026_d2fba4,372,task_completed,R9,G00111,
20260908_023026_d2fba4,373,task_assigned,R3,G00139,
20260908_023026_d2fba4,373,task_created,,G00142,type=SHIP pickup=STAGING dropoff=DOCK-2
20260908_023026_d2fba4,373,task_assigned,R9,G00142,
20260908_023026_d2fba4,375,task_completed,R2,G00124,
20260908_023026_d2fba4,375,task_created,,G00143,type=PICK pickup=C-01 dropoff=PICK-3
20260908_023026_d2fba4,376,task_assigned,R2,G00143,
20260908_023026_d2fba4,379,task_created,,G00144,type=PUTAWAY pickup=BUFFER dropoff=H-07
20260908_023026_d2fba4,379,task_created,,G00145,type=PACK pickup=PICK-3 dropoff=PACK-2
20260908_023026_d2fba4,381,task_assigned,R8,G00145,
20260908_023026_d2fba4,382,task_completed,R10,G00140,
20260908_023026_d2fba4,383,task_assigned,R5,G00114,
20260908_023026_d2fba4,383,task_assigned,R10,G00117,
20260908_023026_d2fba4,385,task_created,,G00146,type=PICK pickup=A-01 dropoff=PICK-3
20260908_023026_d2fba4,387,task_created,,G00147,type=PUTAWAY pickup=BUFFER dropoff=B-05
20260908_023026_d2fba4,387,task_created,,G00148,type=SHIP pickup=STAGING dropoff=DOCK-1
20260908_023026_d2fba4,391,task_completed,R9,G00142,
20260908_023026_d2fba4,391,task_created,,G00149,type=PACK pickup=PICK-1 dropoff=PACK-2
20260908_023026_d2fba4,392,task_assigned,R9,G00148,
20260908_023026_d2fba4,395,task_completed,R1,G00120,
20260908_023026_d2fba4,395,task_created,,G00150,type=PUTAWAY pickup=BUFFER dropoff=A-03
20260908_023026_d2fba4,395,task_created,,G00151,type=PICK pickup=D-06 dropoff=PICK-1
20260908_023026_d2fba4,396,task_assigned,R1,G00149,
20260908_023026_d2fba4,397,task_completed,R9,G00148,
20260908_023026_d2fba4,398,task_completed,R3,G00139,
20260908_023026_d2fba4,398,task_assigned,R9,G00146,
20260908_023026_d2fba4,399,task_assigned,R3,G00119,
20260908_023026_d2fba4,399,task_assigned,R6,G00151,
20260908_023026_d2fba4,400,task_completed,R11,G00112,
20260908_023026_d2fba4,401,task_completed,R13,G00136,
20260908_023026_d2fba4,401,task_created,,G00152,type=SHIP pickup=STAGING dropoff=DOCK-2
20260908_023026_d2fba4,401,task_assigned,R11,G00152,
20260908_023026_d2fba4,402,task_assigned,R13,G00123,
20260908_023026_d2fba4,402,task_completed,R12,G00135,
20260908_023026_d2fba4,403,task_created,,G00153,type=PUTAWAY pickup=BUFFER dropoff=H-02
20260908_023026_d2fba4,403,task_created,,G00154,type=PACK pickup=PICK-3 dropoff=PACK-1
20260908_023026_d2fba4,403,task_assigned,R12,G00154,
20260908_023026_d2fba4,404,task_completed,R7,G00131,
20260908_023026_d2fba4,405,task_created,,G00155,type=PICK pickup=C-08 dropoff=PICK-3
20260908_023026_d2fba4,405,task_assigned,R7,G00155,
20260908_023026_d2fba4,409,task_completed,R2,G00143,
20260908_023026_d2fba4,410,task_assigned,R2,G00125,
20260908_023026_d2fba4,411,task_created,,G00156,type=PUTAWAY pickup=BUFFER dropoff=E-07
20260908_023026_d2fba4,415,task_created,,G00157,type=PICK pickup=F-07 dropoff=PICK-2
20260908_023026_d2fba4,415,task_created,,G00158,type=PACK pickup=PICK-1 dropoff=PACK-1
20260908_023026_d2fba4,415,task_created,,G00159,type=SHIP pickup=STAGING dropoff=DOCK-2
20260908_023026_d2fba4,416,task_completed,R10,G00117,
20260908_023026_d2fba4,417,task_completed,R11,G00152,
20260908_023026_d2fba4,417,task_assigned,R10,G00159,
20260908_023026_d2fba4,418,task_assigned,R11,G00158,
20260908_023026_d2fba4,419,task_created,,G00160,type=PUTAWAY pickup=BUFFER dropoff=D-03
20260908_023026_d2fba4,420,task_completed,R7,G00155,
20260908_023026_d2fba4,421,task_completed,R8,G00145,
20260908_023026_d2fba4,421,task_assigned,R7,G00157,
20260908_023026_d2fba4,422,task_assigned,R8,G00129,
20260908_023026_d2fba4,423,task_completed,R3,G00119,
20260908_023026_d2fba4,424,task_assigned,R3,G00133,
20260908_023026_d2fba4,425,task_created,,G00161,type=PICK pickup=E-07 dropoff=PICK-3
20260908_023026_d2fba4,427,task_created,,G00162,type=PUTAWAY pickup=RECV dropoff=A-07
20260908_023026_d2fba4,427,task_created,,G00163,type=PACK pickup=PICK-1 dropoff=PACK-2
20260908_023026_d2fba4,429,task_completed,R4,G00128,
20260908_023026_d2fba4,429,task_created,,G00164,type=SHIP pickup=STAGING dropoff=DOCK-2
20260908_023026_d2fba4,430,task_completed,R5,G00114,
20260908_023026_d2fba4,430,task_completed,R1,G00149,
20260908_023026_d2fba4,430,task_assigned,R4,G00164,
20260908_023026_d2fba4,431,task_assigned,R1,G00161,
20260908_023026_d2fba4,431,task_assigned,R5,G00163,
20260908_023026_d2fba4,435,task_created,,G00165,type=PUTAWAY pickup=RECV dropoff=E-01
20260908_023026_d2fba4,435,task_created,,G00166,type=PICK pickup=D-06 dropoff=PICK-2
20260908_023026_d2fba4,437,task_completed,R12,G00154,
20260908_023026_d2fba4,438,task_assigned,R12,G00166,
20260908_023026_d2fba4,439,task_created,,G00167,type=PACK pickup=PICK-1 dropoff=PACK-1
20260908_023026_d2fba4,440,task_completed,R3,G00133,
20260908_023026_d2fba4,441,task_assigned,R3,G00167,
20260908_023026_d2fba4,442,task_completed,R10,G00159,
20260908_023026_d2fba4,443,task_created,,G00168,type=PUTAWAY pickup=BUFFER dropoff=E-07
20260908_023026_d2fba4,443,task_created,,G00169,type=SHIP pickup=STAGING dropoff=DOCK-1
20260908_023026_d2fba4,443,task_assigned,R10,G00169,
20260908_023026_d2fba4,444,task_completed,R13,G00123,
20260908_023026_d2fba4,444,task_completed,R11,G00158,
20260908_023026_d2fba4,445,task_assigned,R11,G00134,
20260908_023026_d2fba4,445,task_completed,R9,G00146,
20260908_023026_d2fba4,445,task_created,,G00170,type=PICK pickup=E-03 dropoff=PICK-2
20260908_023026_d2fba4,445,task_assigned,R13,G00170,
20260908_023026_d2fba4,446,task_assigned,R9,G00138,
20260908_023026_d2fba4,447,task_completed,R4,G00164,
20260908_023026_d2fba4,448,task_assigned,R4,G00141,
20260908_023026_d2fba4,449,task_completed,R10,G00169,
20260908_023026_d2fba4,450,task_assigned,R10,G00144,
20260908_023026_d2fba4,451,task_created,,G00171,type=PUTAWAY pickup=BUFFER dropoff=C-07
20260908_023026_d2fba4,451,task_created,,G00172,type=PACK pickup=PICK-3 dropoff=PACK-2
20260908_023026_d2fba4,452,task_completed,R7,G00157,
20260908_023026_d2fba4,453,task_assigned,R7,G00172,
20260908_023026_d2fba4,455,task_created,,G00173,type=PICK pickup=G-08 dropoff=PICK-1
20260908_023026_d2fba4,457,task_created,,G00174,type=SHIP pickup=STAGING dropoff=DOCK-2
20260908_023026_d2fba4,459,task_completed,R6,G00151,
20260908_023026_d2fba4,459,task_created,,G00175,type=PUTAWAY pickup=RECV dropoff=G-08
20260908_023026_d2fba4,460,task_assigned,R6,G00174,
20260908_023026_d2fba4,463,task_created,,G00176,type=PACK pickup=PICK-3 dropoff=PACK-2
20260908_023026_d2fba4,465,task_completed,R3,G00167,
20260908_023026_d2fba4,465,task_completed,R13,G00170,
20260908_023026_d2fba4,465,task_created,,G00177,type=PICK pickup=D-03 dropoff=PICK-3
20260908_023026_d2fba4,466,task_assigned,R3,G00173,
20260908_023026_d2fba4,466,task_assigned,R13,G00176,
20260908_023026_d2fba4,467,task_completed,R5,G00163,
20260908_023026_d2fba4,467,task_created,,G00178,type=PUTAWAY pickup=RECV dropoff=F-06
20260908_023026_d2fba4,468,task_assigned,R5,G00177,
20260908_023026_d2fba4,471,task_completed,R7,G00172,
20260908_023026_d2fba4,471,task_created,,G00179,type=SHIP pickup=STAGING dropoff=DOCK-1
20260908_023026_d2fba4,472,task_completed,R8,G00129,
20260908_023026_d2fba4,472,task_assigned,R7,G00179,
20260908_023026_d2fba4,473,task_assigned,R8,G00147,
20260908_023026_d2fba4,475,task_created,,G00180,type=PUTAWAY pickup=RECV dropoff=E-01
20260908_023026_d2fba4,475,task_created,,G00181,type=PICK pickup=C-04 dropoff=PICK-2
20260908_023026_d2fba4,475,task_created,,G00182,type=PACK pickup=PICK-3 dropoff=PACK-1
20260908_023026_d2fba4,476,task_completed,R11,G00134,
20260908_023026_d2fba4,476,task_completed,R6,G00174,
20260908_023026_d2fba4,477,task_assigned,R11,G00181,
20260908_023026_d2fba4,477,task_assigned,R6,G00182,
20260908_023026_d2fba4,478,task_completed,R2,G00125,
20260908_023026_d2fba4,479,task_assigned,R2,G00150,
20260908_023026_d2fba4,479,task_completed,R1,G00161,
20260908_023026_d2fba4,479,task_completed,R7,G00179,
20260908_023026_d2fba4,480,task_assigned,R7,G00153,
20260908_023026_d2fba4,480,task_assigned,R1,G00156,
20260908_023026_d2fba4,483,task_created,,G00183,type=PUTAWAY pickup=RECV dropoff=H-04
20260908_023026_d2fba4,485,task_created,,G00184,type=PICK pickup=C-01 dropoff=PICK-1
20260908_023026_d2fba4,485,task_created,,G00185,type=SHIP pickup=STAGING dropoff=DOCK-1
20260908_023026_d2fba4,486,task_completed,R13,G00176,
20260908_023026_d2fba4,487,task_completed,R11,G00181,
20260908_023026_d2fba4,487,task_assigned,R13,G00185,
20260908_023026_d2fba4,487,task_created,,G00186,type=PACK pickup=PICK-3 dropoff=PACK-2
20260908_023026_d2fba4,488,task_assigned,R11,G00186,
20260908_023026_d2fba4,491,task_completed,R9,G00138,
20260908_023026_d2fba4,491,task_completed,R5,G00177,
20260908_023026_d2fba4,491,task_created,,G00187,type=PUTAWAY pickup=RECV dropoff=G-01
20260908_023026_d2fba4,492,task_assigned,R9,G00160,
20260908_023026_d2fba4,492,task_assigned,R5,G00184,
20260908_023026_d2fba4,494,task_completed,R13,G00185,
20260908_023026_d2fba4,495,task_interrupted,R1,G00156,
20260908_023026_d2fba4,495,task_created,,G00188,type=PICK pickup=D-06 dropoff=PICK-3
20260908_023026_d2fba4,495,task_assigned,R13,G00188,
20260908_023026_d2fba4,496,task_completed,R8,G00147,
20260908_023026_d2fba4,497,task_assigned,R8,G00156,
20260908_023026_d2fba4,498,task_interrupted,R3,G00173,
20260908_023026_d2fba4,499,task_created,,G00189,type=PUTAWAY pickup=BUFFER dropoff=H-06
20260908_023026_d2fba4,499,task_created,,G00190,type=PACK pickup=PICK-2 dropoff=PACK-2
20260908_023026_d2fba4,499,task_created,,G00191,type=SHIP pickup=STAGING dropoff=DOCK-1
20260908_023026_d2fba4,500,task_completed,R12,G00166,
20260908_023026_d2fba4,501,task_assigned,R12,G00191,
20260908_023026_d2fba4,504,task_completed,R2,G00150,
20260908_023026_d2fba4,505,task_completed,R6,G00182,
20260908_023026_d2fba4,505,task_completed,R11,G00186,
20260908_023026_d2fba4,505,task_assigned,R2,G00190,
20260908_023026_d2fba4,505,task_created,,G00192,type=PICK pickup=G-06 dropoff=PICK-1
20260908_023026_d2fba4,506,task_assigned,R6,G00173,
20260908_023026_d2fba4,506,task_assigned,R11,G00192,
20260908_023026_d2fba4,507,task_created,,G00193,type=PUTAWAY pickup=RECV dropoff=A-04
20260908_023026_d2fba4,509,task_completed,R4,G00141,
20260908_023026_d2fba4,510,task_assigned,R4,G00162,
20260908_023026_d2fba4,510,task_completed,R12,G00191,
20260908_023026_d2fba4,511,task_created,,G00194,type=PACK pickup=PICK-3 dropoff=PACK-2
20260908_023026_d2fba4,511,task_assigned,R12,G00194,
20260908_023026_d2fba4,513,task_created,,G00195,type=SHIP pickup=STAGING dropoff=DOCK-1
20260908_023026_d2fba4,514,task_completed,R10,G00144,
20260908_023026_d2fba4,515,task_assigned,R10,G00195,
20260908_023026_d2fba4,515,task_created,,G00196,type=PUTAWAY pickup=RECV dropoff=C-07
20260908_023026_d2fba4,515,task_created,,G00197,type=PICK pickup=E-08 dropoff=PICK-3
20260908_023026_d2fba4,516,task_completed,R9,G00160,
20260908_023026_d2fba4,517,task_interrupted,R7,G00153,
20260908_023026_d2fba4,517,task_completed,R5,G00184,
20260908_023026_d2fba4,517,task_assigned,R9,G00197,
20260908_023026_d2fba4,518,task_assigned,R5,G00153,
20260908_023026_d2fba4,519,task_completed,R6,G00173,
20260908_023026_d2fba4,520,task_assigned,R6,G00165,
20260908_023026_d2fba4,523,task_completed,R2,G00190,
20260908_023026_d2fba4,523,task_created,,G00198,type=PUTAWAY pickup=BUFFER dropoff=E-04
20260908_023026_d2fba4,523,task_created,,G00199,type=PACK pickup=PICK-3 dropoff=PACK-2
20260908_023026_d2fba4,524,task_completed,R8,G00156,
20260908_023026_d2fba4,524,task_assigned,R2,G00168,
20260908_023026_d2fba4,524,task_assigned,R3,G00199,
20260908_023026_d2fba4,525,task_created,,G00200,type=PICK pickup=G-05 dropoff=PICK-3
20260908_023026_d2fba4,525,task_assigned,R8,G00200,
20260908_023026_d2fba4,526,task_completed,R13,G00188,
20260908_023026_d2fba4,527,task_created,,G00201,type=SHIP pickup=STAGING dropoff=DOCK-2
20260908_023026_d2fba4,527,task_assigned,R13,G00201,
20260908_023026_d2fba4,530,task_assigned,R1,G00171,
20260908_023026_d2fba4,531,task_created,,G00202,type=PUTAWAY pickup=BUFFER dropoff=B-05
20260908_023026_d2fba4,532,task_interrupted,R12,G00194,
20260908_023026_d2fba4,535,task_completed,R11,G00192,
20260908_023026_d2fba4,535,task_created,,G00203,type=PICK pickup=H-08 dropoff=PICK-2
20260908_023026_d2fba4,535,task_created,,G00204,type=PACK pickup=PICK-3 dropoff=PACK-1
20260908_023026_d2fba4,536,task_assigned,R11,G00194,
20260908_023026_d2fba4,537,task_completed,R6,G00165,
20260908_023026_d2fba4,538,task_assigned,R6,G00204,
20260908_023026_d2fba4,539,task_created,,G00205,type=PUTAWAY pickup=RECV dropoff=H-02
20260908_023026_d2fba4,541,task_created,,G00206,type=SHIP pickup=STAGING dropoff=DOCK-1
20260908_023026_d2fba4,543,task_completed,R10,G00195,
20260908_023026_d2fba4,544,task_completed,R13,G00201,
20260908_023026_d2fba4,544,task_assigned,R10,G00206,
20260908_023026_d2fba4,545,task_assigned,R13,G00203,
20260908_023026_d2fba4,545,task_created,,G00207,type=PICK pickup=B-03 dropoff=PICK-3
20260908_023026_d2fba4,546,task_completed,R5,G00153,
20260908_023026_d2fba4,547,task_created,,G00208,type=PUTAWAY pickup=RECV dropoff=H-05
20260908_023026_d2fba4,547,task_created,,G00209,type=PACK pickup=PICK-1 dropoff=PACK-2
20260908_023026_d2fba4,547,task_assigned,R5,G00209,
20260908_023026_d2fba4,548,task_completed,R4,G00162,
20260908_023026_d2fba4,549,task_completed,R10,G00206,
20260908_023026_d2fba4,549,task_assigned,R4,G00207,
20260908_023026_d2fba4,550,task_assigned,R10,G00175,
20260908_023026_d2fba4,552,task_completed,R8,G00200,
20260908_023026_d2fba4,553,task_completed,R2,G00168,
20260908_023026_d2fba4,553,task_assigned,R8,G00178,
20260908_023026_d2fba4,554,task_assigned,R2,G00180,
20260908_023026_d2fba4,555,task_created,,G00210,type=PUTAWAY pickup=BUFFER dropoff=D-04
20260908_023026_d2fba4,555,task_created,,G00211,type=PICK pickup=A-07 dropoff=PICK-2
20260908_023026_d2fba4,555,task_created,,G00212,type=SHIP pickup=STAGING dropoff=DOCK-2
20260908_023026_d2fba4,556,task_interrupted,R2,G00180,
20260908_023026_d2fba4,557,task_completed,R9,G00197,
20260908_023026_d2fba4,558,task_assigned,R9,G00212,
20260908_023026_d2fba4,559,task_created,,G00213,type=PACK pickup=PICK-2 dropoff=PACK-1
20260908_023026_d2fba4,560,task_completed,R11,G00194,
20260908_023026_d2fba4,561,task_completed,R3,G00199,
20260908_023026_d2fba4,561,task_assigned,R11,G00213,
20260908_023026_d2fba4,562,task_assigned,R3,G00180,
20260908_023026_d2fba4,562,task_assigned,R7,G00211,
20260908_023026_d2fba4,562,task_interrupted,R9,G00212,
20260908_023026_d2fba4,563,task_created,,G00214,type=PUTAWAY pickup=BUFFER dropoff=H-08
20260908_023026_d2fba4,565,task_created,,G00215,type=PICK pickup=F-04 dropoff=PICK-1
20260908_023026_d2fba4,567,task_assigned,R12,G00212,
20260908_023026_d2fba4,568,task_completed,R1,G00171,
20260908_023026_d2fba4,569,task_created,,G00216,type=SHIP pickup=STAGING dropoff=DOCK-2
20260908_023026_d2fba4,569,task_assigned,R1,G00216,
20260908_023026_d2fba4,571,task_created,,G00217,type=PUTAWAY pickup=BUFFER dropoff=E-04
20260908_023026_d2fba4,571,task_created,,G00218,type=PACK pickup=PICK-2 dropoff=PACK-2
20260908_023026_d2fba4,574,task_interrupted,R10,G00175,
20260908_023026_d2fba4,574,task_completed,R11,G00213,
20260908_023026_d2fba4,575,task_completed,R6,G00204,
20260908_023026_d2fba4,575,task_assigned,R11,G00218,
20260908_023026_d2fba4,575,task_created,,G00219,type=PICK pickup=H-05 dropoff=PICK-1
20260908_023026_d2fba4,576,task_assigned,R6,G00215,
20260908_023026_d2fba4,577,task_interrupted,R11,G00218,
20260908_023026_d2fba4,579,task_created,,G00220,type=PUTAWAY pickup=RECV dropoff=F-06
20260908_023026_d2fba4,580,task_assigned,R2,G00218,
20260908_023026_d2fba4,582,task_completed,R13,G00203,
20260908_023026_d2fba4,582,task_completed,R12,G00212,
20260908_023026_d2fba4,583,task_completed,R4,G00207,
20260908_023026_d2fba4,583,task_created,,G00221,type=PACK pickup=PICK-3 dropoff=PACK-2
20260908_023026_d2fba4,583,task_assigned,R13,G00221,
20260908_023026_d2fba4,583,task_created,,G00222,type=SHIP pickup=STAGING dropoff=DOCK-2
20260908_023026_d2fba4,583,task_assigned,R12,G00222,
20260908_023026_d2fba4,584,task_assigned,R4,G00219,
20260908_023026_d2fba4,585,task_created,,G00223,type=PICK pickup=C-05 dropoff=PICK-1
20260908_023026_d2fba4,586,task_completed,R5,G00209,
20260908_023026_d2fba4,587,task_completed,R1,G00216,
20260908_023026_d2fba4,587,task_assigned,R5,G00223,
20260908_023026_d2fba4,587,task_created,,G00224,type=PUTAWAY pickup=RECV dropoff=E-02
20260908_023026_d2fba4,588,task_assigned,R1,G00175,
20260908_023026_d2fba4,588,task_completed,R12,G00222,
20260908_023026_d2fba4,589,task_assigned,R12,G00183,
20260908_023026_d2fba4,589,task_interrupted,R13,G00221,
20260908_023026_d2fba4,595,task_interrupted,R4,G00219,
20260908_023026_d2fba4,595,task_created,,G00225,type=PUTAWAY pickup=BUFFER dropoff=D-04
20260908_023026_d2fba4,595,task_created,,G00226,type=PICK pickup=C-06 dropoff=PICK-1
20260908_023026_d2fba4,595,task_created,,G00227,type=PACK pickup=PICK-3 dropoff=PACK-1
20260908_023026_d2fba4,597,task_created,,G00228,type=SHIP pickup=STAGING dropoff=DOCK-2
20260908_023026_d2fba4,598,task_assigned,R9,G00228,
20260908_023026_d2fba4,601,task_completed,R6,G00215,
20260908_023026_d2fba4,602,task_completed,R3,G00180,
20260908_023026_d2fba4,602,task_assigned,R6,G00221,
20260908_023026_d2fba4,603,task_assigned,R3,G00227,
20260908_023026_d2fba4,603,task_created,,G00229,type=PUTAWAY pickup=RECV dropoff=E-02
20260908_023026_d2fba4,605,task_created,,G00230,type=PICK pickup=F-01 dropoff=PICK-1
20260908_023026_d2fba4,606,task_completed,R7,G00211,
20260908_023026_d2fba4,606,task_assigned,R11,G00219,
20260908_023026_d2fba4,606,task_interrupted,R5,G00223,
20260908_023026_d2fba4,607,task_assigned,R7,G00223,
20260908_023026_d2fba4,607,task_created,,G00231,type=PACK pickup=PICK-1 dropoff=PACK-1
20260908_023026_d2fba4,607,task_assigned,R10,G00231,
20260908_023026_d2fba4,608,task_completed,R2,G00218,
20260908_023026_d2fba4,609,task_assigned,R2,G00226,
20260908_023026_d2fba4,610,task_completed,R8,G00178,
20260908_023026_d2fba4,611,task_created,,G00232,type=PUTAWAY pickup=BUFFER dropoff=A-07
20260908_023026_d2fba4,611,task_created,,G00233,type=SHIP pickup=STAGING dropoff=DOCK-1
20260908_023026_d2fba4,611,task_assigned,R8,G00233,
20260908_023026_d2fba4,613,task_interrupted,R8,G00233,
20260908_023026_d2fba4,614,task_completed,R9,G00228,
20260908_023026_d2fba4,615,task_assigned,R9,G00233,
20260908_023026_d2fba4,615,task_created,,G00234,type=PICK pickup=F-08 dropoff=PICK-1
20260908_023026_d2fba4,619,task_created,,G00235,type=PUTAWAY pickup=BUFFER dropoff=H-07
20260908_023026_d2fba4,619,task_created,,G00236,type=PACK pickup=PICK-3 dropoff=PACK-1
20260908_023026_d2fba4,620,task_completed,R9,G00233,
20260908_023026_d2fba4,621,task_assigned,R9,G00236,
20260908_023026_d2fba4,625,task_created,,G00237,type=PICK pickup=C-01 dropoff=PICK-3
20260908_023026_d2fba4,625,task_created,,G00238,type=SHIP pickup=STAGING dropoff=DOCK-1
20260908_023026_d2fba4,626,task_interrupted,R6,G00221,
20260908_023026_d2fba4,626,task_assigned,R13,G00238,
20260908_023026_d2fba4,627,task_completed,R10,G00231,
20260908_023026_d2fba4,627,task_created,,G00239,type=PUTAWAY pickup=RECV dropoff=E-06
20260908_023026_d2fba4,628,task_assigned,R10,G00221,
20260908_023026_d2fba4,631,task_created,,G00240,type=PACK pickup=PICK-3 dropoff=PACK-1
20260908_023026_d2fba4,632,task_completed,R7,G00223,
20260908_023026_d2fba4,633,task_assigned,R7,G00240,
20260908_023026_d2fba4,634,task_assigned,R5,G00230,
20260908_023026_d2fba4,635,task_created,,G00241,type=PUTAWAY pickup=RECV dropoff=F-05
20260908_023026_d2fba4,635,task_created,,G00242,type=PICK pickup=E-07 dropoff=PICK-2
20260908_023026_d2fba4,637,task_completed,R2,G00226,
20260908_023026_d2fba4,638,task_assigned,R2,G00234,
20260908_023026_d2fba4,639,task_created,,G00243,type=SHIP pickup=STAGING dropoff=DOCK-2
20260908_023026_d2fba4,640,task_completed,R1,G00175,
20260908_023026_d2fba4,641,task_assigned,R1,G00243,
20260908_023026_d2fba4,642,task_completed,R12,G00183,
20260908_023026_d2fba4,642,task_completed,R3,G00227,
20260908_023026_d2fba4,643,task_assigned,R12,G00237,
20260908_023026_d2fba4,643,task_completed,R13,G00238,
20260908_023026_d2fba4,643,task_created,,G00244,type=PUTAWAY pickup=BUFFER dropoff=G-03
20260908_023026_d2fba4,643,task_created,,G00245,type=PACK pickup=PICK-1 dropoff=PACK-2
20260908_023026_d2fba4,643,task_assigned,R3,G00245,
20260908_023026_d2fba4,644,task_assigned,R13,G00187,
20260908_023026_d2fba4,644,task_assigned,R4,G00242,
20260908_023026_d2fba4,645,task_created,,G00246,type=PICK pickup=D-03 dropoff=PICK-1
20260908_023026_d2fba4,648,task_assigned,R8,G00246,
20260908_023026_d2fba4,649,task_completed,R10,G00221,
20260908_023026_d2fba4,650,task_assigned,R10,G00189,
20260908_023026_d2fba4,651,task_completed,R9,G00236,
20260908_023026_d2fba4,651,task_created,,G00247,type=PUTAWAY pickup=BUFFER dropoff=F-03
20260908_023026_d2fba4,652,task_assigned,R9,G00193,
20260908_023026_d2fba4,653,task_created,,G00248,type=SHIP pickup=STAGING dropoff=DOCK-2
20260908_023026_d2fba4,655,task_completed,R11,G00219,
20260908_023026_d2fba4,655,task_created,,G00249,type=PICK pickup=F-02 dropoff=PICK-3
20260908_023026_d2fba4,655,task_created,,G00250,type=PACK pickup=PICK-3 dropoff=PACK-1
20260908_023026_d2fba4,656,task_assigned,R11,G00248,
20260908_023026_d2fba4,659,task_created,,G00251,type=PUTAWAY pickup=BUFFER dropoff=A-03
20260908_023026_d2fba4,661,task_completed,R12,G00237,
20260908_023026_d2fba4,662,task_completed,R1,G00243,
20260908_023026_d2fba4,662,task_assigned,R12,G00250,
20260908_023026_d2fba4,663,task_assigned,R1,G00249,
20260908_023026_d2fba4,664,task_assigned,R6,G00196,
20260908_023026_d2fba4,665,task_completed,R7,G00240,
20260908_023026_d2fba4,665,task_created,,G00252,type=PICK pickup=H-03 dropoff=PICK-3
20260908_023026_d2fba4,666,task_assigned,R7,G00252,
20260908_023026_d2fba4,667,task_created,,G00253,type=PUTAWAY pickup=RECV dropoff=H-02
20260908_023026_d2fba4,667,task_created,,G00254,type=PACK pickup=PICK-2 dropoff=PACK-1
20260908_023026_d2fba4,667,task_created,,G00255,type=SHIP pickup=STAGING dropoff=DOCK-1
20260908_023026_d2fba4,668,task_completed,R3,G00245,
20260908_023026_d2fba4,669,task_assigned,R3,G00255,
20260908_023026_d2fba4,672,task_completed,R11,G00248,
20260908_023026_d2fba4,673,task_completed,R5,G00230,
20260908_023026_d2fba4,673,task_assigned,R11,G00254,
20260908_023026_d2fba4,674,task_assigned,R5,G00198,
20260908_023026_d2fba4,675,task_completed,R12,G00250,
20260908_023026_d2fba4,675,task_created,,G00256,type=PUTAWAY pickup=BUFFER dropoff=F-01
20260908_023026_d2fba4,675,task_created,,G00257,type=PICK pickup=E-04 dropoff=PICK-1
20260908_023026_d2fba4,676,task_assigned,R12,G00257,
20260908_023026_d2fba4,678,task_completed,R4,G00242,
20260908_023026_d2fba4,679,task_completed,R3,G00255,
20260908_023026_d2fba4,679,task_created,,G00258,type=PACK pickup=PICK-2 dropoff=PACK-1
20260908_023026_d2fba4,679,task_assigned,R4,G00258,
20260908_023026_d2fba4,680,task_completed,R9,G00193,
20260908_023026_d2fba4,680,task_assigned,R3,G00202,
20260908_023026_d2fba4,681,task_created,,G00259,type=SHIP pickup=STAGING dropoff=DOCK-1
20260908_023026_d2fba4,681,task_assigned,R9,G00259,
20260908_023026_d2fba4,682,task_completed,R10,G00189,
20260908_023026_d2fba4,683,task_assigned,R10,G00205,
20260908_023026_d2fba4,683,task_created,,G00260,type=PUTAWAY pickup=RECV dropoff=E-08
20260908_023026_d2fba4,684,task_completed,R4,G00258,
20260908_023026_d2fba4,685,task_completed,R2,G00234,
20260908_023026_d2fba4,685,task_created,,G00261,type=PICK pickup=C-05 dropoff=PICK-2
20260908_023026_d2fba4,685,task_assigned,R4,G00261,
20260908_023026_d2fba4,686,task_assigned,R2,G00208,
20260908_023026_d2fba4,687,task_completed,R11,G00254,
20260908_023026_d2fba4,688,task_assigned,R11,G00210,
20260908_023026_d2fba4,691,task_completed,R13,G00187,
20260908_023026_d2fba4,691,task_created,,G00262,type=PUTAWAY pickup=RECV dropoff=G-04
20260908_023026_d2fba4,691,task_created,,G00263,type=PACK pickup=PICK-3 dropoff=PACK-2
20260908_023026_d2fba4,692,task_assigned,R13,G00263,
20260908_023026_d2fba4,695,task_created,,G00264,type=PICK pickup=D-01 dropoff=PICK-1
20260908_023026_d2fba4,695,task_created,,G00265,type=SHIP pickup=STAGING dropoff=DOCK-1
20260908_023026_d2fba4,697,task_completed,R7,G00252,
20260908_023026_d2fba4,698,task_assigned,R7,G00265,
20260908_023026_d2fba4,699,task_created,,G00266,type=PUTAWAY pickup=BUFFER dropoff=H-03
20260908_023026_d2fba4,701,task_completed,R6,G00196,
20260908_023026_d2fba4,702,task_assigned,R6,G00264,
20260908_023026_d2fba4,703,task_completed,R5,G00198,
20260908_023026_d2fba4,703,task_completed,R9,G00259,
20260908_023026_d2fba4,703,task_created,,G00267,type=PACK pickup=PICK-3 dropoff=PACK-1
20260908_023026_d2fba4,704,task_assigned,R9,G00214,
20260908_023026_d2fba4,704,task_completed,R12,G00257,
20260908_023026_d2fba4,704,task_assigned,R5,G00267,
20260908_023026_d2fba4,705,task_completed,R3,G00202,
20260908_023026_d2fba4,705,task_created,,G00268,type=PICK pickup=D-02 dropoff=PICK-1
20260908_023026_d2fba4,705,task_assigned,R12,G00268,
20260908_023026_d2fba4,706,task_assigned,R3,G00217,
20260908_023026_d2fba4,707,task_created,,G00269,type=PUTAWAY pickup=RECV dropoff=D-03
20260908_023026_d2fba4,709,task_created,,G00270,type=SHIP pickup=STAGING dropoff=DOCK-2
20260908_023026_d2fba4,710,task_completed,R13,G00263,
20260908_023026_d2fba4,711,task_assigned,R13,G00270,
20260908_023026_d2fba4,712,task_completed,R8,G00246,
20260908_023026_d2fba4,713,task_assigned,R8,G00220,
20260908_023026_d2fba4,714,task_completed,R7,G00265,
20260908_023026_d2fba4,715,task_completed,R4,G00261,
20260908_023026_d2fba4,715,task_created,,G00271,type=PUTAWAY pickup=BUFFER dropoff=H-04
20260908_023026_d2fba4,715,task_created,,G00272,type=PICK pickup=E-04 dropoff=PICK-3
20260908_023026_d2fba4,715,task_created,,G00273,type=PACK pickup=PICK-1 dropoff=PACK-1
20260908_023026_d2fba4,715,task_assigned,R7,G00273,
20260908_023026_d2fba4,716,task_assigned,R4,G00272,
20260908_023026_d2fba4,718,task_completed,R1,G00249,
20260908_023026_d2fba4,718,task_completed,R13,G00270,
20260908_023026_d2fba4,719,task_assigned,R13,G00224,
20260908_023026_d2fba4,719,task_assigned,R1,G00225,
20260908_023026_d2fba4,723,task_created,,G00274,type=PUTAWAY pickup=BUFFER dropoff=D-03
20260908_023026_d2fba4,723,task_created,,G00275,type=SHIP pickup=STAGING dropoff=DOCK-2
20260908_023026_d2fba4,725,task_created,,G00276,type=PICK pickup=A-03 dropoff=PICK-3
20260908_023026_d2fba4,726,task_completed,R6,G00264,
20260908_023026_d2fba4,727,task_assigned,R6,G00275,
20260908_023026_d2fba4,727,task_created,,G00277,type=PACK pickup=PICK-1 dropoff=PACK-1
20260908_023026_d2fba4,729,task_completed,R3,G00217,
20260908_023026_d2fba4,730,task_assigned,R3,G00277,
20260908_023026_d2fba4,731,task_completed,R2,G00208,
20260908_023026_d2fba4,731,task_created,,G00278,type=PUTAWAY pickup=RECV dropoff=C-02
20260908_023026_d2fba4,732,task_assigned,R2,G00276,
20260908_023026_d2fba4,733,task_completed,R8,G00220,
20260908_023026_d2fba4,734,task_assigned,R8,G00229,
20260908_023026_d2fba4,735,task_created,,G00279,type=PICK pickup=C-07 dropoff=PICK-1
20260908_023026_d2fba4,737,task_completed,R7,G00273,
20260908_023026_d2fba4,737,task_created,,G00280,type=SHIP pickup=STAGING dropoff=DOCK-2
20260908_023026_d2fba4,738,task_completed,R9,G00214,
20260908_023026_d2fba4,738,task_assigned,R7,G00280,
20260908_023026_d2fba4,739,task_completed,R5,G00267,
20260908_023026_d2fba4,739,task_created,,G00281,type=PUTAWAY pickup=BUFFER dropoff=G-01
20260908_023026_d2fba4,739,task_created,,G00282,type=PACK pickup=PICK-2 dropoff=PACK-2
20260908_023026_d2fba4,739,task_assigned,R9,G00282,
20260908_023026_d2fba4,740,task_assigned,R5,G00279,
20260908_023026_d2fba4,743,task_completed,R6,G00275,
20260908_023026_d2fba4,744,task_assigned,R6,G00232,
20260908_023026_d2fba4,744,task_completed,R7,G00280,
20260908_023026_d2fba4,745,task_created,,G00283,type=PICK pickup=H-06 dropoff=PICK-1
20260908_023026_d2fba4,745,task_assigned,R7,G00283,
20260908_023026_d2fba4,746,task_completed,R3,G00277,
20260908_023026_d2fba4,747,task_assigned,R3,G00235,
20260908_023026_d2fba4,747,task_created,,G00284,type=PUTAWAY pickup=BUFFER dropoff=A-08
20260908_023026_d2fba4,749,task_completed,R8,G00229,
20260908_023026_d2fba4,749,task_interrupted,R3,G00235,
20260908_023026_d2fba4,750,task_assigned,R8,G00235,
20260908_023026_d2fba4,751,task_completed,R1,G00225,
20260908_023026_d2fba4,751,task_created,,G00285,type=PACK pickup=PICK-1 dropoff=PACK-2
20260908_023026_d2fba4,751,task_created,,G00286,type=SHIP pickup=STAGING dropoff=DOCK-2
20260908_023026_d2fba4,752,task_completed,R11,G00210,
20260908_023026_d2fba4,752,task_assigned,R1,G00286,
20260908_023026_d2fba4,753,task_assigned,R11,G00285,
20260908_023026_d2fba4,755,task_created,,G00287,type=PUTAWAY pickup=BUFFER dropoff=G-05
20260908_023026_d2fba4,755,task_created,,G00288,type=PICK pickup=D-02 dropoff=PICK-2
20260908_023026_d2fba4,757,task_interrupted,R1,G00286,
20260908_023026_d2fba4,763,task_completed,R4,G00272,
20260908_023026_d2fba4,763,task_created,,G00289,type=PUTAWAY pickup=BUFFER dropoff=C-02
20260908_023026_d2fba4,763,task_created,,G00290,type=PACK pickup=PICK-2 dropoff=PACK-1
20260908_023026_d2fba4,764,task_assigned,R4,G00286,
20260908_023026_d2fba4,765,task_created,,G00291,type=PICK pickup=G-07 dropoff=PICK-3
20260908_023026_d2fba4,765,task_created,,G00292,type=SHIP pickup=STAGING dropoff=DOCK-1
20260908_023026_d2fba4,766,task_completed,R9,G00282,
20260908_023026_d2fba4,767,task_assigned,R9,G00292,
20260908_023026_d2fba4,769,task_completed,R13,G00224,
20260908_023026_d2fba4,770,task_completed,R12,G00268,
20260908_023026_d2fba4,770,task_assigned,R13,G00290,
20260908_023026_d2fba4,771,task_assigned,R12,G00288,
20260908_023026_d2fba4,771,task_created,,G00293,type=PUTAWAY pickup=RECV dropoff=G-07
20260908_023026_d2fba4,774,task_completed,R9,G00292,
20260908_023026_d2fba4,775,task_completed,R6,G00232,
20260908_023026_d2fba4,775,task_created,,G00294,type=PICK pickup=F-08 dropoff=PICK-1
20260908_023026_d2fba4,775,task_created,,G00295,type=PACK pickup=PICK-1 dropoff=PACK-1
20260908_023026_d2fba4,775,task_assigned,R9,G00295,
20260908_023026_d2fba4,776,task_completed,R2,G00276,
20260908_023026_d2fba4,776,task_assigned,R3,G00291,
20260908_023026_d2fba4,776,task_assigned,R6,G00294,
20260908_023026_d2fba4,777,task_assigned,R2,G00239,
20260908_023026_d2fba4,779,task_created,,G00296,type=PUTAWAY pickup=RECV dropoff=G-04
20260908_023026_d2fba4,779,task_created,,G00297,type=SHIP pickup=STAGING dropoff=DOCK-2
20260908_023026_d2fba4,781,task_completed,R4,G00286,
20260908_023026_d2fba4,782,task_assigned,R4,G00297,
20260908_023026_d2fba4,784,task_completed,R8,G00235,
20260908_023026_d2fba4,785,task_created,,G00298,type=PICK pickup=A-06 dropoff=PICK-2
20260908_023026_d2fba4,785,task_assigned,R8,G00298,
20260908_023026_d2fba4,786,task_completed,R7,G00283,
20260908_023026_d2fba4,787,task_completed,R4,G00297,
20260908_023026_d2fba4,787,task_created,,G00299,type=PUTAWAY pickup=RECV dropoff=G-05
20260908_023026_d2fba4,787,task_created,,G00300,type=PACK pickup=PICK-2 dropoff=PACK-2
20260908_023026_d2fba4,788,task_assigned,R4,G00300,
20260908_023026_d2fba4,789,task_interrupted,R12,G00288,
20260908_023026_d2fba4,793,task_created,,G00301,type=SHIP pickup=STAGING dropoff=DOCK-1
20260908_023026_d2fba4,795,task_created,,G00302,type=PUTAWAY pickup=BUFFER dropoff=C-02
20260908_023026_d2fba4,795,task_created,,G00303,type=PICK pickup=G-03 dropoff=PICK-2
20260908_023026_d2fba4,797,task_completed,R9,G00295,
20260908_023026_d2fba4,797,task_assigned,R1,G00301,
20260908_023026_d2fba4,798,task_completed,R10,G00205,
20260908_023026_d2fba4,798,task_assigned,R9,G00288,
20260908_023026_d2fba4,799,task_created,,G00304,type=PACK pickup=PICK-3 dropoff=PACK-1
20260908_023026_d2fba4,799,task_assigned,R10,G00304,
20260908_023026_d2fba4,801,task_completed,R5,G00279,
20260908_023026_d2fba4,802,task_assigned,R5,G00303,
20260908_023026_d2fba4,803,task_created,,G00305,type=PUTAWAY pickup=RECV dropoff=D-08
20260908_023026_d2fba4,804,task_completed,R11,G00285,
20260908_023026_d2fba4,805,task_completed,R6,G00294,
20260908_023026_d2fba4,805,task_completed,R4,G00300,
20260908_023026_d2fba4,805,task_created,,G00306,type=PICK pickup=A-01 dropoff=PICK-2
20260908_023026_d2fba4,805,task_assigned,R11,G00306,
20260908_023026_d2fba4,806,task_assigned,R6,G00241,
20260908_023026_d2fba4,806,task_assigned,R4,G00244,
20260908_023026_d2fba4,807,task_interrupted,R2,G00239,
20260908_023026_d2fba4,807,task_created,,G00307,type=SHIP pickup=STAGING dropoff=DOCK-1
20260908_023026_d2fba4,808,task_assigned,R7,G00307,
20260908_023026_d2fba4,810,task_completed,R3,G00291,
20260908_023026_d2fba4,811,task_created,,G00308,type=PUTAWAY pickup=RECV dropoff=E-05
20260908_023026_d2fba4,811,task_created,,G00309,type=PACK pickup=PICK-3 dropoff=PACK-2
20260908_023026_d2fba4,811,task_assigned,R3,G00309,
20260908_023026_d2fba4,813,task_completed,R1,G00301,
20260908_023026_d2fba4,814,task_assigned,R1,G00239,
20260908_023026_d2fba4,814,task_completed,R13,G00290,
20260908_023026_d2fba4,815,task_created,,G00310,type=PICK pickup=A-02 dropoff=PICK-1
20260908_023026_d2fba4,815,task_assigned,R13,G00310,
20260908_023026_d2fba4,818,task_interrupted,R10,G00304,
20260908_023026_d2fba4,819,task_completed,R8,G00298,
20260908_023026_d2fba4,819,task_completed,R3,G00309,
20260908_023026_d2fba4,819,task_created,,G00311,type=PUTAWAY pickup=RECV dropoff=A-01
20260908_023026_d2fba4,820,task_assigned,R8,G00247,
20260908_023026_d2fba4,820,task_interrupted,R9,G00288,
20260908_023026_d2fba4,820,task_assigned,R3,G00304,
20260908_023026_d2fba4,821,task_created,,G00312,type=SHIP pickup=STAGING dropoff=DOCK-1
20260908_023026_d2fba4,823,task_completed,R7,G00307,
20260908_023026_d2fba4,823,task_created,,G00313,type=PACK pickup=PICK-1 dropoff=PACK-2
20260908_023026_d2fba4,824,task_assigned,R7,G00312,
20260908_023026_d2fba4,825,task_assigned,R12,G00288,
20260908_023026_d2fba4,825,task_created,,G00314,type=PICK pickup=A-07 dropoff=PICK-3
20260908_023026_d2fba4,827,task_completed,R6,G00241,
20260908_023026_d2fba4,827,task_created,,G00315,type=PUTAWAY pickup=BUFFER dropoff=D-08
20260908_023026_d2fba4,828,task_completed,R3,G00304,
20260908_023026_d2fba4,828,task_assigned,R6,G00313,
20260908_023026_d2fba4,829,task_completed,R7,G00312,
20260908_023026_d2fba4,829,task_assigned,R3,G00314,
20260908_023026_d2fba4,830,task_assigned,R7,G00251,
20260908_023026_d2fba4,831,task_assigned,R2,G00253,
20260908_023026_d2fba4,833,task_completed,R8,G00247,
20260908_023026_d2fba4,833,task_completed,R5,G00303,
20260908_023026_d2fba4,834,task_assigned,R8,G00256,
20260908_023026_d2fba4,834,task_assigned,R5,G00260,
20260908_023026_d2fba4,835,task_created,,G00316,type=PUTAWAY pickup=RECV dropoff=A-01
20260908_023026_d2fba4,835,task_created,,G00317,type=PICK pickup=A-03 dropoff=PICK-2
20260908_023026_d2fba4,835,task_created,,G00318,type=PACK pickup=PICK-3 dropoff=PACK-1
20260908_023026_d2fba4,835,task_created,,G00319,type=SHIP pickup=STAGING dropoff=DOCK-2
20260908_023026_d2fba4,836,task_interrupted,R11,G00306,
20260908_023026_d2fba4,840,task_completed,R13,G00310,
20260908_023026_d2fba4,841,task_assigned,R13,G00319,
20260908_023026_d2fba4,843,task_completed,R1,G00239,
20260908_023026_d2fba4,843,task_assigned,R10,G00318,
20260908_023026_d2fba4,843,task_created,,G00320,type=PUTAWAY pickup=BUFFER dropoff=D-08
20260908_023026_d2fba4,844,task_assigned,R1,G00306,
20260908_023026_d2fba4,845,task_completed,R4,G00244,
20260908_023026_d2fba4,845,task_created,,G00321,type=PICK pickup=D-05 dropoff=PICK-3
20260908_023026_d2fba4,846,task_assigned,R4,G00317,
20260908_023026_d2fba4,847,task_created,,G00322,type=PACK pickup=PICK-2 dropoff=PACK-2
20260908_023026_d2fba4,849,task_created,,G00323,type=SHIP pickup=STAGING dropoff=DOCK-1
20260908_023026_d2fba4,850,task_completed,R8,G00256,
20260908_023026_d2fba4,850,task_interrupted,R13,G00319,
20260908_023026_d2fba4,851,task_completed,R6,G00313,
20260908_023026_d2fba4,851,task_assigned,R8,G00319,
20260908_023026_d2fba4,851,task_created,,G00324,type=PUTAWAY pickup=RECV dropoff=E-07
20260908_023026_d2fba4,852,task_assigned,R6,G00323,
20260908_023026_d2fba4,855,task_created,,G00325,type=PICK pickup=H-06 dropoff=PICK-3
20260908_023026_d2fba4,858,task_completed,R5,G00260,
20260908_023026_d2fba4,859,task_assigned,R5,G00322,
20260908_023026_d2fba4,859,task_completed,R6,G00323,
20260908_023026_d2fba4,859,task_created,,G00326,type=PUTAWAY pickup=RECV dropoff=D-02
20260908_023026_d2fba4,859,task_created,,G00327,type=PACK pickup=PICK-3 dropoff=PACK-1
20260908_023026_d2fba4,860,task_assigned,R6,G00327,
20260908_023026_d2fba4,862,task_completed,R1,G00306,
20260908_023026_d2fba4,863,task_assigned,R1,G00321,
20260908_023026_d2fba4,863,task_created,,G00328,type=SHIP pickup=STAGING dropoff=DOCK-2
20260908_023026_d2fba4,863,task_assigned,R11,G00328,
20260908_023026_d2fba4,864,task_interrupted,R5,G00322,
20260908_023026_d2fba4,865,task_created,,G00329,type=PICK pickup=A-06 dropoff=PICK-2
20260908_023026_d2fba4,867,task_completed,R7,G00251,
20260908_023026_d2fba4,867,task_completed,R3,G00314,
20260908_023026_d2fba4,867,task_interrupted,R8,G00319,
20260908_023026_d2fba4,867,task_created,,G00330,type=PUTAWAY pickup=BUFFER dropoff=D-01
20260908_023026_d2fba4,868,task_assigned,R7,G00319,
20260908_023026_d2fba4,868,task_assigned,R3,G00322,
20260908_023026_d2fba4,869,task_assigned,R9,G00325,
20260908_023026_d2fba4,871,task_created,,G00331,type=PACK pickup=PICK-1 dropoff=PACK-1
20260908_023026_d2fba4,873,task_interrupted,R4,G00317,
20260908_023026_d2fba4,874,task_interrupted,R6,G00327,
20260908_023026_d2fba4,875,task_created,,G00332,type=PUTAWAY pickup=RECV dropoff=C-08
20260908_023026_d2fba4,875,task_created,,G00333,type=PICK pickup=G-04 dropoff=PICK-1
20260908_023026_d2fba4,876,task_completed,R12,G00288,
20260908_023026_d2fba4,877,task_assigned,R12,G00327,
20260908_023026_d2fba4,877,task_created,,G00334,type=SHIP pickup=STAGING dropoff=DOCK-2
20260908_023026_d2fba4,877,task_assigned,R13,G00334,
20260908_023026_d2fba4,879,task_completed,R11,G00328,
20260908_023026_d2fba4,880,task_completed,R2,G00253,
20260908_023026_d2fba4,880,task_assigned,R11,G00331,
20260908_023026_d2fba4,881,task_assigned,R2,G00317,
20260908_023026_d2fba4,882,task_completed,R1,G00321,
20260908_023026_d2fba4,883,task_completed,R10,G00318,
20260908_023026_d2fba4,883,task_created,,G00335,type=PUTAWAY pickup=RECV dropoff=E-01
20260908_023026_d2fba4,883,task_created,,G00336,type=PACK pickup=PICK-3 dropoff=PACK-1
20260908_023026_d2fba4,883,task_assigned,R1,G00336,
20260908_023026_d2fba4,884,task_assigned,R10,G00329,
20260908_023026_d2fba4,885,task_created,,G00337,type=PICK pickup=C-05 dropoff=PICK-3
20260908_023026_d2fba4,887,task_completed,R3,G00322,
20260908_023026_d2fba4,888,task_assigned,R3,G00333,
20260908_023026_d2fba4,891,task_created,,G00338,type=PUTAWAY pickup=BUFFER dropoff=H-01
20260908_023026_d2fba4,891,task_created,,G00339,type=SHIP pickup=STAGING dropoff=DOCK-2
20260908_023026_d2fba4,891,task_assigned,R5,G00339,
20260908_023026_d2fba4,892,task_completed,R13,G00334,
20260908_023026_d2fba4,893,task_assigned,R8,G00262,
20260908_023026_d2fba4,893,task_assigned,R13,G00337,
20260908_023026_d2fba4,895,task_completed,R7,G00319,
20260908_023026_d2fba4,895,task_created,,G00340,type=PICK pickup=G-01 dropoff=PICK-2
20260908_023026_d2fba4,895,task_created,,G00341,type=PACK pickup=PICK-3 dropoff=PACK-1
20260908_023026_d2fba4,896,task_completed,R1,G00336,
20260908_023026_d2fba4,896,task_assigned,R7,G00341,
20260908_023026_d2fba4,897,task_assigned,R1,G00340,
20260908_023026_d2fba4,899,task_completed,R12,G00327,
20260908_023026_d2fba4,899,task_created,,G00342,type=PUTAWAY pickup=BUFFER dropoff=E-03
20260908_023026_d2fba4,900,task_assigned,R12,G00266,
20260908_023026_d2fba4,901,task_completed,R2,G00317,
20260908_023026_d2fba4,902,task_assigned,R2,G00269,
20260908_023026_d2fba4,903,task_assigned,R4,G00271,
20260908_023026_d2fba4,905,task_created,,G00343,type=PICK pickup=G-03 dropoff=PICK-2
20260908_023026_d2fba4,905,task_created,,G00344,type=SHIP pickup=STAGING dropoff=DOCK-2
20260908_023026_d2fba4,906,task_completed,R11,G00331,
20260908_023026_d2fba4,907,task_completed,R5,G00339,
20260908_023026_d2fba4,907,task_assigned,R11,G00344,
20260908_023026_d2fba4,907,task_created,,G00345,type=PUTAWAY pickup=BUFFER dropoff=E-03
20260908_023026_d2fba4,907,task_created,,G00346,type=PACK pickup=PICK-3 dropoff=PACK-1
20260908_023026_d2fba4,908,task_assigned,R5,G00346,
20260908_023026_d2fba4,909,task_completed,R9,G00325,
20260908_023026_d2fba4,910,task_assigned,R9,G00343,
20260908_023026_d2fba4,913,task_completed,R10,G00329,
20260908_023026_d2fba4,913,task_completed,R11,G00344,
20260908_023026_d2fba4,914,task_assigned,R6,G00274,
20260908_023026_d2fba4,914,task_assigned,R10,G00278,
20260908_023026_d2fba4,914,task_assigned,R11,G00281,
20260908_023026_d2fba4,915,task_created,,G00347,type=PUTAWAY pickup=RECV dropoff=G-06
20260908_023026_d2fba4,915,task_created,,G00348,type=PICK pickup=E-05 dropoff=PICK-3
20260908_023026_d2fba4,916,task_completed,R3,G00333,
20260908_023026_d2fba4,916,task_completed,R13,G00337,
20260908_023026_d2fba4,916,task_completed,R1,G00340,
20260908_023026_d2fba4,917,task_assigned,R1,G00284,
20260908_023026_d2fba4,917,task_assigned,R3,G00287,
20260908_023026_d2fba4,917,task_assigned,R13,G00348,
20260908_023026_d2fba4,919,task_created,,G00349,type=PACK pickup=PICK-3 dropoff=PACK-2
20260908_023026_d2fba4,919,task_created,,G00350,type=SHIP pickup=STAGING dropoff=DOCK-2
20260908_023026_d2fba4,923,task_completed,R7,G00341,
20260908_023026_d2fba4,923,task_created,,G00351,type=PUTAWAY pickup=RECV dropoff=F-01
20260908_023026_d2fba4,924,task_assigned,R7,G00350,
20260908_023026_d2fba4,925,task_created,,G00352,type=PICK pickup=B-01 dropoff=PICK-1
20260908_023026_d2fba4,927,task_completed,R9,G00343,
20260908_023026_d2fba4,928,task_completed,R8,G00262,
20260908_023026_d2fba4,928,task_assigned,R9,G00349,
20260908_023026_d2fba4,929,task_assigned,R8,G00352,
20260908_023026_d2fba4,930,task_completed,R7,G00350,
20260908_023026_d2fba4,931,task_created,,G00353,type=PUTAWAY pickup=RECV dropoff=F-05
20260908_023026_d2fba4,931,task_created,,G00354,type=PACK pickup=PICK-2 dropoff=PACK-1
20260908_023026_d2fba4,931,task_assigned,R7,G00354,
20260908_023026_d2fba4,933,task_completed,R12,G00266,
20260908_023026_d2fba4,933,task_created,,G00355,type=SHIP pickup=STAGING dropoff=DOCK-1
20260908_023026_d2fba4,934,task_completed,R5,G00346,
20260908_023026_d2fba4,934,task_assigned,R12,G00355,
20260908_023026_d2fba4,935,task_created,,G00356,type=PICK pickup=D-04 dropoff=PICK-3
20260908_023026_d2fba4,935,task_assigned,R5,G00356,
20260908_023026_d2fba4,939,task_created,,G00357,type=PUTAWAY pickup=BUFFER dropoff=F-02
20260908_023026_d2fba4,941,task_completed,R1,G00284,
20260908_023026_d2fba4,942,task_assigned,R1,G00289,
20260908_023026_d2fba4,943,task_created,,G00358,type=PACK pickup=PICK-3 dropoff=PACK-1
20260908_023026_d2fba4,944,task_completed,R9,G00349,
20260908_023026_d2fba4,945,task_completed,R7,G00354,
20260908_023026_d2fba4,945,task_assigned,R9,G00358,
20260908_023026_d2fba4,945,task_created,,G00359,type=PICK pickup=A-01 dropoff=PICK-1
20260908_023026_d2fba4,946,task_assigned,R7,G00359,
20260908_023026_d2fba4,947,task_completed,R4,G00271,
20260908_023026_d2fba4,947,task_created,,G00360,type=PUTAWAY pickup=BUFFER dropoff=B-04
20260908_023026_d2fba4,947,task_created,,G00361,type=SHIP pickup=STAGING dropoff=DOCK-1
20260908_023026_d2fba4,948,task_completed,R2,G00269,
20260908_023026_d2fba4,948,task_assigned,R4,G00361,
20260908_023026_d2fba4,949,task_assigned,R2,G00293,
20260908_023026_d2fba4,954,task_completed,R10,G00278,
20260908_023026_d2fba4,955,task_created,,G00362,type=PUTAWAY pickup=RECV dropoff=G-06
20260908_023026_d2fba4,955,task_created,,G00363,type=PICK pickup=F-07 dropoff=PICK-2
20260908_023026_d2fba4,955,task_created,,G00364,type=PACK pickup=PICK-2 dropoff=PACK-1
20260908_023026_d2fba4,955,task_assigned,R10,G00364,
20260908_023026_d2fba4,956,task_completed,R12,G00355,
20260908_023026_d2fba4,957,task_assigned,R12,G00363,
20260908_023026_d2fba4,958,task_completed,R11,G00281,
20260908_023026_d2fba4,959,task_completed,R6,G00274,
20260908_023026_d2fba4,959,task_assigned,R11,G00296,
20260908_023026_d2fba4,960,task_assigned,R6,G00299,
20260908_023026_d2fba4,961,task_created,,G00365,type=SHIP pickup=STAGING dropoff=DOCK-2
20260908_023026_d2fba4,963,task_created,,G00366,type=PUTAWAY pickup=RECV dropoff=C-04
20260908_023026_d2fba4,965,task_completed,R13,G00348,
20260908_023026_d2fba4,965,task_completed,R8,G00352,
20260908_023026_d2fba4,965,task_created,,G00367,type=PICK pickup=E-02 dropoff=PICK-1
20260908_023026_d2fba4,966,task_assigned,R8,G00365,
20260908_023026_d2fba4,966,task_assigned,R13,G00367,
20260908_023026_d2fba4,967,task_completed,R5,G00356,
20260908_023026_d2fba4,967,task_completed,R10,G00364,
20260908_023026_d2fba4,967,task_created,,G00368,type=PACK pickup=PICK-3 dropoff=PACK-1
20260908_023026_d2fba4,968,task_assigned,R10,G00302,
20260908_023026_d2fba4,968,task_completed,R9,G00358,
20260908_023026_d2fba4,968,task_assigned,R5,G00368,
20260908_023026_d2fba4,969,task_assigned,R9,G00305,
20260908_023026_d2fba4,969,task_completed,R7,G00359,
20260908_023026_d2fba4,970,task_assigned,R7,G00308,
20260908_023026_d2fba4,971,task_created,,G00369,type=PUTAWAY pickup=BUFFER dropoff=G-04
20260908_023026_d2fba4,974,task_completed,R3,G00287,
20260908_023026_d2fba4,975,task_completed,R4,G00361,
20260908_023026_d2fba4,975,task_created,,G00370,type=PICK pickup=B-05 dropoff=PICK-1
20260908_023026_d2fba4,975,task_created,,G00371,type=SHIP pickup=STAGING dropoff=DOCK-1
20260908_023026_d2fba4,975,task_assigned,R3,G00371,
20260908_023026_d2fba4,976,task_assigned,R4,G00370,
20260908_023026_d2fba4,977,task_completed,R12,G00363,
20260908_023026_d2fba4,978,task_completed,R1,G00289,
20260908_023026_d2fba4,978,task_assigned,R12,G00311,
20260908_023026_d2fba4,979,task_created,,G00372,type=PUTAWAY pickup=RECV dropoff=D-02
20260908_023026_d2fba4,979,task_created,,G00373,type=PACK pickup=PICK-3 dropoff=PACK-1
20260908_023026_d2fba4,979,task_assigned,R1,G00373,
20260908_023026_d2fba4,981,task_completed,R5,G00368,
20260908_023026_d2fba4,982,task_assigned,R5,G00315,
20260908_023026_d2fba4,982,task_completed,R8,G00365,
20260908_023026_d2fba4,983,task_assigned,R8,G00316,
20260908_023026_d2fba4,985,task_completed,R7,G00308,
20260908_023026_d2fba4,985,task_created,,G00374,type=PICK pickup=B-03 dropoff=PICK-1
20260908_023026_d2fba4,986,task_assigned,R7,G00374,
20260908_023026_d2fba4,987,task_created,,G00375,type=PUTAWAY pickup=RECV dropoff=C-02
20260908_023026_d2fba4,989,task_created,,G00376,type=SHIP pickup=STAGING dropoff=DOCK-2
20260908_023026_d2fba4,991,task_created,,G00377,type=PACK pickup=PICK-3 dropoff=PACK-1
20260908_023026_d2fba4,993,task_completed,R10,G00302,
20260908_023026_d2fba4,994,task_assigned,R10,G00376,
20260908_023026_d2fba4,995,task_created,,G00378,type=PUTAWAY pickup=BUFFER dropoff=H-02
20260908_023026_d2fba4,995,task_created,,G00379,type=PICK pickup=A-07 dropoff=PICK-2
20260908_023026_d2fba4,996,task_completed,R2,G00293,
20260908_023026_d2fba4,996,task_completed,R3,G00371,
20260908_023026_d2fba4,997,task_completed,R13,G00367,
20260908_023026_d2fba4,997,task_assigned,R2,G00377,
20260908_023026_d2fba4,998,task_completed,R4,G00370,
20260908_023026_d2fba4,998,task_assigned,R13,G00379,
20260908_023026_d2fba4,999,task_assigned,R4,G00320,
20260908_023026_d2fba4,1001,task_completed,R1,G00373,
20260908_023026_d2fba4,1002,task_assigned,R1,G00324,
20260908_023026_d2fba4,1003,task_created,,G00380,type=PUTAWAY pickup=BUFFER dropoff=H-08
20260908_023026_d2fba4,1003,task_created,,G00381,type=PACK pickup=PICK-1 dropoff=PACK-1
20260908_023026_d2fba4,1003,task_created,,G00382,type=SHIP pickup=STAGING dropoff=DOCK-2
20260908_023026_d2fba4,1003,task_assigned,R3,G00382,
20260908_023026_d2fba4,1004,task_completed,R12,G00311,
20260908_023026_d2fba4,1005,task_assigned,R12,G00381,
20260908_023026_d2fba4,1005,task_interrupted,R3,G00382,
20260908_023026_d2fba4,1005,task_created,,G00383,type=PICK pickup=H-05 dropoff=PICK-2
20260908_023026_d2fba4,1010,task_completed,R10,G00376,
20260908_023026_d2fba4,1011,task_assigned,R10,G00382,
20260908_023026_d2fba4,1011,task_created,,G00384,type=PUTAWAY pickup=BUFFER dropoff=F-03
20260908_023026_d2fba4,1012,task_completed,R5,G00315,
20260908_023026_d2fba4,1013,task_completed,R8,G00316,
20260908_023026_d2fba4,1013,task_assigned,R5,G00383,
20260908_023026_d2fba4,1014,task_assigned,R8,G00326,
20260908_023026_d2fba4,1015,task_created,,G00385,type=PICK pickup=E-04 dropoff=PICK-2
20260908_023026_d2fba4,1015,task_created,,G00386,type=PACK pickup=PICK-3 dropoff=PACK-2
20260908_023026_d2fba4,1016,task_completed,R10,G00382,
20260908_023026_d2fba4,1017,task_created,,G00387,type=SHIP pickup=STAGING dropoff=DOCK-2
20260908_023026_d2fba4,1017,task_assigned,R10,G00387,
20260908_023026_d2fba4,1018,task_completed,R2,G00377,
20260908_023026_d2fba4,1019,task_assigned,R2,G00386,
20260908_023026_d2fba4,1019,task_created,,G00388,type=PUTAWAY pickup=BUFFER dropoff=B-05
20260908_023026_d2fba4,1022,task_completed,R12,G00381,
20260908_023026_d2fba4,1022,task_completed,R10,G00387,
20260908_023026_d2fba4,1023,task_assigned,R12,G00330,
20260908_023026_d2fba4,1023,task_completed,R13,G00379,
20260908_023026_d2fba4,1023,task_assigned,R10,G00385,
20260908_023026_d2fba4,1024,task_assigned,R13,G00332,
20260908_023026_d2fba4,1025,task_created,,G00389,type=PICK pickup=C-06 dropoff=PICK-1
20260908_023026_d2fba4,1026,task_interrupted,R1,G00324,
20260908_023026_d2fba4,1027,task_completed,R7,G00374,
20260908_023026_d2fba4,1027,task_created,,G00390,type=PUTAWAY pickup=RECV dropoff=B-03
20260908_023026_d2fba4,1027,task_created,,G00391,type=PACK pickup=PICK-3 dropoff=PACK-1
20260908_023026_d2fba4,1028,task_assigned,R3,G00391,
20260908_023026_d2fba4,1030,task_completed,R5,G00383,
20260908_023026_d2fba4,1031,task_completed,R4,G00320,
20260908_023026_d2fba4,1031,task_created,,G00392,type=SHIP pickup=STAGING dropoff=DOCK-1
20260908_023026_d2fba4,1031,task_assigned,R5,G00392,
20260908_023026_d2fba4,1032,task_completed,R9,G00305,
20260908_023026_d2fba4,1032,task_assigned,R7,G00324,
20260908_023026_d2fba4,1032,task_assigned,R4,G00389,
20260908_023026_d2fba4,1033,task_assigned,R9,G00335,
20260908_023026_d2fba4,1034,task_completed,R6,G00299,
20260908_023026_d2fba4,1035,task_created,,G00393,type=PUTAWAY pickup=BUFFER dropoff=A-05
20260908_023026_d2fba4,1035,task_created,,G00394,type=PICK pickup=D-07 dropoff=PICK-1
20260908_023026_d2fba4,1035,task_assigned,R6,G00394,
20260908_023026_d2fba4,1039,task_interrupted,R7,G00324,
20260908_023026_d2fba4,1039,task_completed,R5,G00392,
20260908_023026_d2fba4,1039,task_created,,G00395,type=PACK pickup=PICK-1 dropoff=PACK-2
20260908_023026_d2fba4,1040,task_interrupted,R2,G00386,
20260908_023026_d2fba4,1040,task_assigned,R5,G00395,
20260908_023026_d2fba4,1041,task_interrupted,R12,G00330,
20260908_023026_d2fba4,1043,task_created,,G00396,type=PUTAWAY pickup=BUFFER dropoff=C-07
20260908_023026_d2fba4,1045,task_created,,G00397,type=PICK pickup=H-07 dropoff=PICK-2
20260908_023026_d2fba4,1045,task_created,,G00398,type=SHIP pickup=STAGING dropoff=DOCK-1
20260908_023026_d2fba4,1050,task_completed,R8,G00326,
20260908_023026_d2fba4,1051,task_assigned,R8,G00398,
20260908_023026_d2fba4,1051,task_created,,G00399,type=PUTAWAY pickup=RECV dropoff=E-01
20260908_023026_d2fba4,1051,task_created,,G00400,type=PACK pickup=PICK-3 dropoff=PACK-2
20260908_023026_d2fba4,1052,task_assigned,R1,G00324,
20260908_023026_d2fba4,1053,task_completed,R10,G00385,
20260908_023026_d2fba4,1054,task_assigned,R10,G00386,
20260908_023026_d2fba4,1055,task_created,,G00401,type=PICK pickup=G-04 dropoff=PICK-1
20260908_023026_d2fba4,1059,task_interrupted,R10,G00386,
20260908_023026_d2fba4,1059,task_created,,G00402,type=PUTAWAY pickup=BUFFER dropoff=A-03
20260908_023026_d2fba4,1059,task_created,,G00403,type=SHIP pickup=STAGING dropoff=DOCK-1
20260908_023026_d2fba4,1062,task_assigned,R7,G00403,
20260908_023026_d2fba4,1063,task_created,,G00404,type=PACK pickup=PICK-3 dropoff=PACK-1
20260908_023026_d2fba4,1065,task_created,,G00405,type=PICK pickup=G-06 dropoff=PICK-1
20260908_023026_d2fba4,1067,task_completed,R4,G00389,
20260908_023026_d2fba4,1067,task_completed,R5,G00395,
20260908_023026_d2fba4,1067,task_created,,G00406,type=PUTAWAY pickup=BUFFER dropoff=A-02
20260908_023026_d2fba4,1068,task_assigned,R5,G00386,
20260908_023026_d2fba4,1068,task_assigned,R4,G00400,
20260908_023026_d2fba4,1069,task_completed,R11,G00296,
20260908_023026_d2fba4,1069,task_completed,R5,G00386,
20260908_023026_d2fba4,1069,task_completed,R3,G00391,
20260908_023026_d2fba4,1069,task_assigned,R2,G00404,
20260908_023026_d2fba4,1070,task_assigned,R3,G00397,
20260908_023026_d2fba4,1070,task_assigned,R11,G00401,
20260908_023026_d2fba4,1070,task_assigned,R5,G00405,
20260908_023026_d2fba4,1072,task_completed,R1,G00324,
20260908_023026_d2fba4,1073,task_completed,R8,G00398,
20260908_023026_d2fba4,1073,task_created,,G00407,type=SHIP pickup=STAGING dropoff=DOCK-1
20260908_023026_d2fba4,1073,task_assigned,R1,G00407,
20260908_023026_d2fba4,1074,task_assigned,R8,G00330,
20260908_023026_d2fba4,1074,task_completed,R9,G00335,
20260908_023026_d2fba4,1075,task_created,,G00408,type=PUTAWAY pickup=BUFFER dropoff=D-01
20260908_023026_d2fba4,1075,task_created,,G00409,type=PICK pickup=H-03 dropoff=PICK-1
20260908_023026_d2fba4,1075,task_created,,G00410,type=PACK pickup=PICK-1 dropoff=PACK-1
20260908_023026_d2fba4,1075,task_assigned,R9,G00410,
20260908_023026_d2fba4,1078,task_completed,R7,G00403,
20260908_023026_d2fba4,1079,task_assigned,R7,G00409,
20260908_023026_d2fba4,1081,task_completed,R13,G00332,
20260908_023026_d2fba4,1082,task_assigned,R13,G00338,
20260908_023026_d2fba4,1083,task_assigned,R12,G00342,
20260908_023026_d2fba4,1083,task_created,,G00411,type=PUTAWAY pickup=BUFFER dropoff=E-04
20260908_023026_d2fba4,1085,task_created,,G00412,type=PICK pickup=A-02 dropoff=PICK-3
20260908_023026_d2fba4,1086,task_completed,R11,G00401,
20260908_023026_d2fba4,1087,task_created,,G00413,type=PACK pickup=PICK-2 dropoff=PACK-2
20260908_023026_d2fba4,1087,task_created,,G00414,type=SHIP pickup=STAGING dropoff=DOCK-1
20260908_023026_d2fba4,1087,task_interrupted,,G00414,
20260908_023026_d2fba4,1090,task_interrupted,R9,G00410,
20260908_023026_d2fba4,1090,task_assigned,R10,G00414,
20260908_023026_d2fba4,1091,task_created,,G00415,type=PUTAWAY pickup=RECV dropoff=A-04
20260908_023026_d2fba4,1093,task_completed,R1,G00407,
20260908_023026_d2fba4,1094,task_completed,R4,G00400,
20260908_023026_d2fba4,1094,task_assigned,R1,G00410,
20260908_023026_d2fba4,1095,task_interrupted,R5,G00405,
20260908_023026_d2fba4,1095,task_assigned,R4,G00413,
20260908_023026_d2fba4,1095,task_created,,G00416,type=PICK pickup=D-01 dropoff=PICK-2
20260908_023026_d2fba4,1097,task_interrupted,R13,G00338,
20260908_023026_d2fba4,1097,task_completed,R6,G00394,
20260908_023026_d2fba4,1098,task_assigned,R6,G00405,
20260908_023026_d2fba4,1099,task_completed,R6,G00405,
20260908_023026_d2fba4,1099,task_created,,G00417,type=PUTAWAY pickup=RECV dropoff=C-06
20260908_023026_d2fba4,1099,task_created,,G00418,type=PACK pickup=PICK-3 dropoff=PACK-2
20260908_023026_d2fba4,1100,task_completed,R1,G00410,
20260908_023026_d2fba4,1100,task_assigned,R6,G00418,
20260908_023026_d2fba4,1101,task_created,,G00419,type=SHIP pickup=STAGING dropoff=DOCK-1
20260908_023026_d2fba4,1101,task_assigned,R1,G00419,
20260908_023026_d2fba4,1104,task_completed,R3,G00397,
20260908_023026_d2fba4,1105,task_assigned,R3,G00412,
20260908_023026_d2fba4,1105,task_created,,G00420,type=PICK pickup=F-05 dropoff=PICK-3
20260908_023026_d2fba4,1106,task_completed,R8,G00330,
20260908_023026_d2fba4,1107,task_assigned,R8,G00416,
20260908_023026_d2fba4,1107,task_completed,R1,G00419,
20260908_023026_d2fba4,1107,task_created,,G00421,type=PUTAWAY pickup=RECV dropoff=A-05
20260908_023026_d2fba4,1108,task_completed,R4,G00413,
20260908_023026_d2fba4,1108,task_completed,R10,G00414,
20260908_023026_d2fba4,1108,task_assigned,R1,G00420,
20260908_023026_d2fba4,1109,task_assigned,R10,G00338,
20260908_023026_d2fba4,1109,task_assigned,R11,G00345,
20260908_023026_d2fba4,1109,task_completed,R2,G00404,
20260908_023026_d2fba4,1110,task_assigned,R2,G00347,
20260908_023026_d2fba4,1110,task_assigned,R4,G00351,
20260908_023026_d2fba4,1111,task_created,,G00422,type=PACK pickup=PICK-2 dropoff=PACK-2
20260908_023026_d2fba4,1112,task_interrupted,R8,G00416,
20260908_023026_d2fba4,1115,task_created,,G00423,type=PUTAWAY pickup=BUFFER dropoff=H-03
20260908_023026_d2fba4,1115,task_created,,G00424,type=PICK pickup=C-07 dropoff=PICK-1
20260908_023026_d2fba4,1115,task_created,,G00425,type=SHIP pickup=STAGING dropoff=DOCK-1
20260908_023026_d2fba4,1118,task_assigned,R5,G00425,
20260908_023026_d2fba4,1120,task_interrupted,R4,G00351,
20260908_023026_d2fba4,1120,task_assigned,R9,G00422,
20260908_023026_d2fba4,1123,task_created,,G00426,type=PUTAWAY pickup=RECV dropoff=F-04
20260908_023026_d2fba4,1123,task_created,,G00427,type=PACK pickup=PICK-1 dropoff=PACK-1
20260908_023026_d2fba4,1124,task_completed,R12,G00342,
20260908_023026_d2fba4,1125,task_assigned,R12,G00427,
20260908_023026_d2fba4,1125,task_created,,G00428,type=PICK pickup=E-07 dropoff=PICK-2
20260908_023026_d2fba4,1126,task_completed,R6,G00418,
20260908_023026_d2fba4,1127,task_assigned,R6,G00416,
20260908_023026_d2fba4,1129,task_created,,G00429,type=SHIP pickup=STAGING dropoff=DOCK-2
20260908_023026_d2fba4,1131,task_created,,G00430,type=PUTAWAY pickup=RECV dropoff=G-06
20260908_023026_d2fba4,1134,task_completed,R5,G00425,
20260908_023026_d2fba4,1135,task_completed,R7,G00409,
20260908_023026_d2fba4,1135,task_assigned,R5,G00429,
20260908_023026_d2fba4,1135,task_created,,G00431,type=PICK pickup=H-05 dropoff=PICK-1
20260908_023026_d2fba4,1135,task_created,,G00432,type=PACK pickup=PICK-3 dropoff=PACK-2
20260908_023026_d2fba4,1136,task_assigned,R7,G00432,
20260908_023026_d2fba4,1137,task_completed,R10,G00338,
20260908_023026_d2fba4,1138,task_assigned,R10,G00424,
20260908_023026_d2fba4,1139,task_created,,G00433,type=PUTAWAY pickup=BUFFER dropoff=C-07
20260908_023026_d2fba4,1140,task_completed,R1,G00420,
20260908_023026_d2fba4,1140,task_assigned,R13,G00428,
20260908_023026_d2fba4,1140,task_completed,R5,G00429,
20260908_023026_d2fba4,1141,task_assigned,R1,G00351,
20260908_023026_d2fba4,1141,task_assigned,R5,G00431,
20260908_023026_d2fba4,1142,task_assigned,R4,G00353,
20260908_023026_d2fba4,1143,task_completed,R6,G00416,
20260908_023026_d2fba4,1143,task_created,,G00434,type=SHIP pickup=STAGING dropoff=DOCK-1
20260908_023026_d2fba4,1144,task_assigned,R6,G00434,
20260908_023026_d2fba4,1145,task_created,,G00435,type=PICK pickup=D-03 dropoff=PICK-2
20260908_023026_d2fba4,1146,task_completed,R9,G00422,
20260908_023026_d2fba4,1147,task_created,,G00436,type=PUTAWAY pickup=RECV dropoff=A-05
20260908_023026_d2fba4,1147,task_created,,G00437,type=PACK pickup=PICK-2 dropoff=PACK-1
20260908_023026_d2fba4,1147,task_assigned,R9,G00437,
20260908_023026_d2fba4,1148,task_completed,R11,G00345,
20260908_023026_d2fba4,1149,task_assigned,R11,G00357,
20260908_023026_d2fba4,1149,task_assigned,R8,G00435,
20260908_023026_d2fba4,1150,task_interrupted,R6,G00434,
20260908_023026_d2fba4,1153,task_completed,R3,G00412,
20260908_023026_d2fba4,1154,task_assigned,R3,G00434,
20260908_023026_d2fba4,1155,task_created,,G00438,type=PUTAWAY pickup=RECV dropoff=H-02
20260908_023026_d2fba4,1155,task_created,,G00439,type=PICK pickup=A-08 dropoff=PICK-3
20260908_023026_d2fba4,1157,task_created,,G00440,type=SHIP pickup=STAGING dropoff=DOCK-1
20260908_023026_d2fba4,1159,task_completed,R12,G00427,
20260908_023026_d2fba4,1159,task_created,,G00441,type=PACK pickup=PICK-2 dropoff=PACK-1
20260908_023026_d2fba4,1160,task_completed,R2,G00347,
20260908_023026_d2fba4,1160,task_completed,R9,G00437,
20260908_023026_d2fba4,1160,task_assigned,R12,G00440,
20260908_023026_d2fba4,1161,task_assigned,R2,G00439,
20260908_023026_d2fba4,1161,task_assigned,R9,G00441,
20260908_023026_d2fba4,1163,task_completed,R10,G00424,
20260908_023026_d2fba4,1163,task_created,,G00442,type=PUTAWAY pickup=BUFFER dropoff=C-07
20260908_023026_d2fba4,1164,task_assigned,R10,G00360,
20260908_023026_d2fba4,1165,task_created,,G00443,type=PICK pickup=A-01 dropoff=PICK-1
20260908_023026_d2fba4,1166,task_completed,R12,G00440,
20260908_023026_d2fba4,1167,task_assigned,R12,G00443,
20260908_023026_d2fba4,1169,task_completed,R7,G00432,
20260908_023026_d2fba4,1170,task_assigned,R7,G00362,
20260908_023026_d2fba4,1171,task_created,,G00444,type=PUTAWAY pickup=RECV dropoff=A-03
20260908_023026_d2fba4,1171,task_created,,G00445,type=PACK pickup=PICK-1 dropoff=PACK-1
20260908_023026_d2fba4,1171,task_created,,G00446,type=SHIP pickup=STAGING dropoff=DOCK-2
20260908_023026_d2fba4,1172,task_completed,R9,G00441,
20260908_023026_d2fba4,1173,task_completed,R3,G00434,
20260908_023026_d2fba4,1173,task_assigned,R9,G00446,
20260908_023026_d2fba4,1174,task_assigned,R3,G00366,
20260908_023026_d2fba4,1174,task_assigned,R6,G00445,
20260908_023026_d2fba4,1175,task_created,,G00447,type=PICK pickup=H-04 dropoff=PICK-2
20260908_023026_d2fba4,1179,task_created,,G00448,type=PUTAWAY pickup=BUFFER dropoff=G-08
20260908_023026_d2fba4,1180,task_completed,R5,G00431,
20260908_023026_d2fba4,1181,task_completed,R13,G00428,
20260908_023026_d2fba4,1181,task_assigned,R5,G00447,
20260908_023026_d2fba4,1182,task_assigned,R13,G00369,
20260908_023026_d2fba4,1182,task_completed,R9,G00446,
20260908_023026_d2fba4,1183,task_completed,R1,G00351,
20260908_023026_d2fba4,1183,task_created,,G00449,type=PACK pickup=PICK-2 dropoff=PACK-1
20260908_023026_d2fba4,1183,task_assigned,R9,G00449,
20260908_023026_d2fba4,1184,task_assigned,R1,G00372,
20260908_023026_d2fba4,1185,task_created,,G00450,type=PICK pickup=D-01 dropoff=PICK-1
20260908_023026_d2fba4,1185,task_created,,G00451,type=SHIP pickup=STAGING dropoff=DOCK-1
20260908_023026_d2fba4,1187,task_created,,G00452,type=PUTAWAY pickup=BUFFER dropoff=B-02
20260908_023026_d2fba4,1191,task_completed,R11,G00357,
20260908_023026_d2fba4,1192,task_assigned,R11,G00451,
20260908_023026_d2fba4,1194,task_completed,R12,G00443,
20260908_023026_d2fba4,1194,task_completed,R6,G00445,
20260908_023026_d2fba4,1195,task_completed,R8,G00435,
20260908_023026_d2fba4,1195,task_assigned,R12,G00450,
20260908_023026_d2fba4,1195,task_created,,G00453,type=PUTAWAY pickup=BUFFER dropoff=C-04
20260908_023026_d2fba4,1195,task_created,,G00454,type=PICK pickup=G-07 dropoff=PICK-3
20260908_023026_d2fba4,1195,task_created,,G00455,type=PACK pickup=PICK-3 dropoff=PACK-2
20260908_023026_d2fba4,1195,task_assigned,R6,G00455,
20260908_023026_d2fba4,1196,task_assigned,R8,G00454,
20260908_023026_d2fba4,1197,task_completed,R9,G00449,
20260908_023026_d2fba4,1198,task_assigned,R9,G00375,
20260908_023026_d2fba4,1199,task_created,,G00456,type=SHIP pickup=STAGING dropoff=DOCK-1
20260908_023026_d2fba4,1202,task_completed,R13,G00369,
20260908_023026_d2fba4,1203,task_assigned,R13,G00456,
20260908_023026_d2fba4,1203,task_created,,G00457,type=PUTAWAY pickup=RECV dropoff=E-03
20260908_023026_d2fba4,1205,task_created,,G00458,type=PICK pickup=F-03 dropoff=PICK-3
20260908_023026_d2fba4,1207,task_created,,G00459,type=PACK pickup=PICK-2 dropoff=PACK-2
20260908_023026_d2fba4,1208,task_completed,R2,G00439,
20260908_023026_d2fba4,1209,task_completed,R4,G00353,
20260908_023026_d2fba4,1209,task_assigned,R2,G00459,
20260908_023026_d2fba4,1210,task_assigned,R4,G00458,
20260908_023026_d2fba4,1211,task_completed,R11,G00451,
20260908_023026_d2fba4,1211,task_created,,G00460,type=PUTAWAY pickup=BUFFER dropoff=F-06
20260908_023026_d2fba4,1212,task_assigned,R11,G00378,
20260908_023026_d2fba4,1213,task_created,,G00461,type=SHIP pickup=STAGING dropoff=DOCK-2
20260908_023026_d2fba4,1215,task_created,,G00462,type=PICK pickup=F-02 dropoff=PICK-1
20260908_023026_d2fba4,1216,task_completed,R10,G00360,
20260908_023026_d2fba4,1217,task_completed,R1,G00372,
20260908_023026_d2fba4,1217,task_assigned,R10,G00461,
20260908_023026_d2fba4,1218,task_completed,R6,G00455,
20260908_023026_d2fba4,1218,task_assigned,R1,G00462,
20260908_023026_d2fba4,1219,task_created,,G00463,type=PUTAWAY pickup=RECV dropoff=B-07
20260908_023026_d2fba4,1219,task_created,,G00464,type=PACK pickup=PICK-1 dropoff=PACK-1
20260908_023026_d2fba4,1219,task_assigned,R6,G00464,
20260908_023026_d2fba4,1223,task_completed,R8,G00454,
20260908_023026_d2fba4,1224,task_assigned,R8,G00380,
20260908_023026_d2fba4,1225,task_created,,G00465,type=PICK pickup=A-04 dropoff=PICK-1
20260908_023026_d2fba4,1226,task_completed,R13,G00456,
20260908_023026_d2fba4,1227,task_created,,G00466,type=PUTAWAY pickup=RECV dropoff=F-05
20260908_023026_d2fba4,1227,task_created,,G00467,type=SHIP pickup=STAGING dropoff=DOCK-2
20260908_023026_d2fba4,1227,task_assigned,R13,G00467,
20260908_023026_d2fba4,1228,task_completed,R7,G00362,
20260908_023026_d2fba4,1229,task_assigned,R7,G00465,
20260908_023026_d2fba4,1231,task_created,,G00468,type=PACK pickup=PICK-1 dropoff=PACK-1
20260908_023026_d2fba4,1232,task_completed,R13,G00467,
20260908_023026_d2fba4,1233,task_completed,R3,G00366,
20260908_023026_d2fba4,1233,task_completed,R4,G00458,
20260908_023026_d2fba4,1233,task_assigned,R13,G00468,
20260908_023026_d2fba4,1234,task_assigned,R4,G00384,
20260908_023026_d2fba4,1234,task_assigned,R3,G00388,
20260908_023026_d2fba4,1235,task_completed,R2,G00459,
20260908_023026_d2fba4,1235,task_created,,G00469,type=PUTAWAY pickup=RECV dropoff=B-03
20260908_023026_d2fba4,1235,task_created,,G00470,type=PICK pickup=H-06 dropoff=PICK-2
20260908_023026_d2fba4,1236,task_completed,R5,G00447,
20260908_023026_d2fba4,1236,task_assigned,R2,G00470,
20260908_023026_d2fba4,1237,task_assigned,R5,G00390,
20260908_023026_d2fba4,1238,task_completed,R10,G00461,
20260908_023026_d2fba4,1239,task_assigned,R10,G00393,
20260908_023026_d2fba4,1241,task_created,,G00471,type=SHIP pickup=STAGING dropoff=DOCK-1
20260908_023026_d2fba4,1243,task_completed,R12,G00450,
20260908_023026_d2fba4,1243,task_created,,G00472,type=PUTAWAY pickup=BUFFER dropoff=D-03
20260908_023026_d2fba4,1243,task_created,,G00473,type=PACK pickup=PICK-3 dropoff=PACK-2
20260908_023026_d2fba4,1244,task_assigned,R12,G00471,
20260908_023026_d2fba4,1245,task_completed,R11,G00378,
20260908_023026_d2fba4,1245,task_created,,G00474,type=PICK pickup=E-06 dropoff=PICK-1
20260908_023026_d2fba4,1246,task_assigned,R11,G00473,
20260908_023026_d2fba4,1247,task_completed,R6,G00464,
20260908_023026_d2fba4,1248,task_assigned,R6,G00474,
20260908_023026_d2fba4,1251,task_completed,R9,G00375,
20260908_023026_d2fba4,1251,task_created,,G00475,type=PUTAWAY pickup=BUFFER dropoff=E-01
20260908_023026_d2fba4,1252,task_assigned,R9,G00396,
20260908_023026_d2fba4,1253,task_completed,R3,G00388,
20260908_023026_d2fba4,1254,task_interrupted,,G00399,
20260908_023026_d2fba4,1255,task_created,,G00476,type=PICK pickup=A-01 dropoff=PICK-3
20260908_023026_d2fba4,1255,task_created,,G00477,type=PACK pickup=PICK-2 dropoff=PACK-2
20260908_023026_d2fba4,1255,task_created,,G00478,type=SHIP pickup=STAGING dropoff=DOCK-1
20260908_023026_d2fba4,1257,task_completed,R4,G00384,
20260908_023026_d2fba4,1258,task_completed,R1,G00462,
20260908_023026_d2fba4,1258,task_assigned,R4,G00478,
20260908_023026_d2fba4,1259,task_completed,R13,G00468,
20260908_023026_d2fba4,1259,task_assigned,R1,G00477,
20260908_023026_d2fba4,1259,task_created,,G00479,type=PUTAWAY pickup=BUFFER dropoff=A-02
20260908_023026_d2fba4,1260,task_completed,R12,G00471,
20260908_023026_d2fba4,1260,task_assigned,R13,G00476,
20260908_023026_d2fba4,1261,task_completed,R8,G00380,
20260908_023026_d2fba4,1261,task_assigned,R12,G00399,
20260908_023026_d2fba4,1262,task_assigned,R8,G00402,
20260908_023026_d2fba4,1263,task_completed,R2,G00470,
20260908_023026_d2fba4,1263,task_completed,R11,G00473,
20260908_023026_d2fba4,1264,task_assigned,R11,G00406,
20260908_023026_d2fba4,1264,task_assigned,R2,G00408,
20260908_023026_d2fba4,1265,task_created,,G00480,type=PICK pickup=F-08 dropoff=PICK-1
20260908_023026_d2fba4,1266,task_completed,R5,G00390,
20260908_023026_d2fba4,1267,task_created,,G00481,type=PUTAWAY pickup=BUFFER dropoff=E-04
20260908_023026_d2fba4,1267,task_created,,G00482,type=PACK pickup=PICK-3 dropoff=PACK-2
20260908_023026_d2fba4,1267,task_assigned,R5,G00482,
20260908_023026_d2fba4,1269,task_created,,G00483,type=SHIP pickup=STAGING dropoff=DOCK-2
20260908_023026_d2fba4,1272,task_interrupted,R1,G00477,
20260908_023026_d2fba4,1273,task_completed,R6,G00474,
20260908_023026_d2fba4,1274,task_completed,R10,G00393,
20260908_023026_d2fba4,1274,task_assigned,R6,G00483,
20260908_023026_d2fba4,1275,task_assigned,R10,G00477,
20260908_023026_d2fba4,1275,task_created,,G00484,type=PUTAWAY pickup=RECV dropoff=G-05
20260908_023026_d2fba4,1275,task_created,,G00485,type=PICK pickup=F-08 dropoff=PICK-2
20260908_023026_d2fba4,1276,task_completed,R4,G00478,
20260908_023026_d2fba4,1277,task_assigned,R4,G00480,
20260908_023026_d2fba4,1279,task_created,,G00486,type=PACK pickup=PICK-3 dropoff=PACK-2
20260908_023026_d2fba4,1283,task_created,,G00487,type=PUTAWAY pickup=RECV dropoff=B-06
20260908_023026_d2fba4,1283,task_created,,G00488,type=SHIP pickup=STAGING dropoff=DOCK-2
20260908_023026_d2fba4,1284,task_assigned,R3,G00488,
20260908_023026_d2fba4,1285,task_created,,G00489,type=PICK pickup=E-02 dropoff=PICK-1
20260908_023026_d2fba4,1287,task_interrupted,R2,G00408,
20260908_023026_d2fba4,1289,task_completed,R9,G00396,
20260908_023026_d2fba4,1290,task_completed,R6,G00483,
20260908_023026_d2fba4,1290,task_assigned,R9,G00486,
20260908_023026_d2fba4,1291,task_created,,G00490,type=PUTAWAY pickup=RECV dropoff=E-03
20260908_023026_d2fba4,1291,task_created,,G00491,type=PACK pickup=PICK-3 dropoff=PACK-1
20260908_023026_d2fba4,1291,task_assigned,R6,G00491,
20260908_023026_d2fba4,1292,task_completed,R8,G00402,
20260908_023026_d2fba4,1293,task_assigned,R8,G00485,
20260908_023026_d2fba4,1295,task_completed,R10,G00477,
20260908_023026_d2fba4,1295,task_created,,G00492,type=PICK pickup=F-05 dropoff=PICK-1
20260908_023026_d2fba4,1296,task_completed,R7,G00465,
20260908_023026_d2fba4,1296,task_assigned,R10,G00489,
20260908_023026_d2fba4,1297,task_completed,R5,G00482,
20260908_023026_d2fba4,1297,task_created,,G00493,type=SHIP pickup=STAGING dropoff=DOCK-1
20260908_023026_d2fba4,1297,task_interrupted,,G00493,
20260908_023026_d2fba4,1298,task_assigned,R5,G00493,
20260908_023026_d2fba4,1299,task_completed,R3,G00488,
20260908_023026_d2fba4,1299,task_created,,G00494,type=PUTAWAY pickup=BUFFER dropoff=B-02
20260908_023026_d2fba4,1300,task_assigned,R3,G00492,
20260908_023026_d2fba4,1301,task_completed,R11,G00406,
20260908_023026_d2fba4,1302,task_assigned,R1,G00408,
20260908_023026_d2fba4,1302,task_assigned,R11,G00411,
20260908_023026_d2fba4,1303,task_created,,G00495,type=PACK pickup=PICK-1 dropoff=PACK-2
20260908_023026_d2fba4,1305,task_completed,R13,G00476,
20260908_023026_d2fba4,1305,task_completed,R5,G00493,
20260908_023026_d2fba4,1305,task_created,,G00496,type=PICK pickup=E-02 dropoff=PICK-3
20260908_023026_d2fba4,1306,task_assigned,R13,G00495,
20260908_023026_d2fba4,1306,task_assigned,R5,G00496,
20260908_023026_d2fba4,1307,task_interrupted,R12,G00399,
20260908_023026_d2fba4,1307,task_created,,G00497,type=PUTAWAY pickup=BUFFER dropoff=E-06
20260908_023026_d2fba4,1309,task_completed,R4,G00480,
20260908_023026_d2fba4,1310,task_assigned,R4,G00399,
20260908_023026_d2fba4,1311,task_created,,G00498,type=SHIP pickup=STAGING dropoff=DOCK-2
20260908_023026_d2fba4,1312,task_completed,R8,G00485,
20260908_023026_d2fba4,1313,task_assigned,R8,G00498,
20260908_023026_d2fba4,1315,task_created,,G00499,type=PUTAWAY pickup=BUFFER dropoff=B-03
20260908_023026_d2fba4,1315,task_created,,G00500,type=PICK pickup=C-08 dropoff=PICK-2
20260908_023026_d2fba4,1315,task_created,,G00501,type=PACK pickup=PICK-1 dropoff=PACK-1
20260908_023026_d2fba4,1317,task_completed,R6,G00491,
20260908_023026_d2fba4,1318,task_assigned,R6,G00501,
20260908_023026_d2fba4,1319,task_completed,R9,G00486,
20260908_023026_d2fba4,1320,task_assigned,R9,G00415,
20260908_023026_d2fba4,1320,task_assigned,R7,G00500,
20260908_023026_d2fba4,1323,task_completed,R8,G00498,
20260908_023026_d2fba4,1323,task_created,,G00502,type=PUTAWAY pickup=RECV dropoff=F-07
20260908_023026_d2fba4,1324,task_assigned,R8,G00417,
20260908_023026_d2fba4,1325,task_completed,R11,G00411,
20260908_023026_d2fba4,1325,task_completed,R10,G00489,
20260908_023026_d2fba4,1325,task_created,,G00503,type=PICK pickup=A-07 dropoff=PICK-3
20260908_023026_d2fba4,1325,task_created,,G00504,type=SHIP pickup=STAGING dropoff=DOCK-1
20260908_023026_d2fba4,1326,task_completed,R4,G00399,
20260908_023026_d2fba4,1326,task_completed,R3,G00492,
20260908_023026_d2fba4,1326,task_assigned,R11,G00503,
20260908_023026_d2fba4,1326,task_assigned,R10,G00504,
20260908_023026_d2fba4,1327,task_assigned,R4,G00421,
20260908_023026_d2fba4,1327,task_interrupted,R11,G00503,
20260908_023026_d2fba4,1327,task_created,,G00505,type=PACK pickup=PICK-2 dropoff=PACK-2
20260908_023026_d2fba4,1327,task_assigned,R3,G00505,
20260908_023026_d2fba4,1328,task_interrupted,R10,G00504,
20260908_023026_d2fba4,1331,task_created,,G00506,type=PUTAWAY pickup=RECV dropoff=G-05
20260908_023026_d2fba4,1333,task_completed,R1,G00408,
20260908_023026_d2fba4,1333,task_assigned,R2,G00504,
20260908_023026_d2fba4,1334,task_assigned,R1,G00503,
20260908_023026_d2fba4,1335,task_created,,G00507,type=PICK pickup=F-02 dropoff=PICK-3
20260908_023026_d2fba4,1335,task_assigned,R12,G00507,
20260908_023026_d2fba4,1337,task_completed,R6,G00501,
20260908_023026_d2fba4,1338,task_assigned,R6,G00423,
20260908_023026_d2fba4,1338,task_completed,R13,G00495,
20260908_023026_d2fba4,1339,task_created,,G00508,type=PUTAWAY pickup=RECV dropoff=E-06
20260908_023026_d2fba4,1339,task_created,,G00509,type=PACK pickup=PICK-2 dropoff=PACK-2
20260908_023026_d2fba4,1339,task_created,,G00510,type=SHIP pickup=STAGING dropoff=DOCK-1
20260908_023026_d2fba4,1339,task_assigned,R13,G00510,
20260908_023026_d2fba4,1341,task_interrupted,R5,G00496,
20260908_023026_d2fba4,1343,task_completed,R3,G00505,
20260908_023026_d2fba4,1344,task_assigned,R3,G00509,
20260908_023026_d2fba4,1345,task_completed,R4,G00421,
20260908_023026_d2fba4,1345,task_created,,G00511,type=PICK pickup=C-06 dropoff=PICK-1
20260908_023026_d2fba4,1346,task_assigned,R4,G00496,
20260908_023026_d2fba4,1346,task_completed,R13,G00510,
20260908_023026_d2fba4,1347,task_assigned,R13,G00511,
20260908_023026_d2fba4,1347,task_created,,G00512,type=PUTAWAY pickup=RECV dropoff=D-02
20260908_023026_d2fba4,1349,task_completed,R2,G00504,
20260908_023026_d2fba4,1350,task_interrupted,R9,G00415,
20260908_023026_d2fba4,1350,task_assigned,R2,G00426,
20260908_023026_d2fba4,1351,task_created,,G00513,type=PACK pickup=PICK-1 dropoff=PACK-1
20260908_023026_d2fba4,1352,task_assigned,R10,G00513,
20260908_023026_d2fba4,1353,task_created,,G00514,type=SHIP pickup=STAGING dropoff=DOCK-2
20260908_023026_d2fba4,1355,task_created,,G00515,type=PUTAWAY pickup=RECV dropoff=F-08
20260908_023026_d2fba4,1355,task_created,,G00516,type=PICK pickup=B-03 dropoff=PICK-3
20260908_023026_d2fba4,1356,task_assigned,R11,G00514,
20260908_023026_d2fba4,1357,task_completed,R7,G00500,
20260908_023026_d2fba4,1357,task_completed,R3,G00509,
20260908_023026_d2fba4,1358,task_assigned,R3,G00415,
20260908_023026_d2fba4,1358,task_assigned,R7,G00516,
20260908_023026_d2fba4,1360,task_interrupted,R13,G00511,
20260908_023026_d2fba4,1363,task_created,,G00517,type=PUTAWAY pickup=RECV dropoff=E-01
20260908_023026_d2fba4,1363,task_created,,G00518,type=PACK pickup=PICK-2 dropoff=PACK-1
20260908_023026_d2fba4,1364,task_assigned,R5,G00518,
20260908_023026_d2fba4,1365,task_completed,R6,G00423,
20260908_023026_d2fba4,1365,task_created,,G00519,type=PICK pickup=H-08 dropoff=PICK-1
20260908_023026_d2fba4,1366,task_assigned,R6,G00511,
20260908_023026_d2fba4,1367,task_created,,G00520,type=SHIP pickup=STAGING dropoff=DOCK-2
20260908_023026_d2fba4,1369,task_interrupted,R4,G00496,
20260908_023026_d2fba4,1371,task_interrupted,R8,G00417,
20260908_023026_d2fba4,1371,task_created,,G00521,type=PUTAWAY pickup=RECV dropoff=D-08
20260908_023026_d2fba4,1372,task_completed,R11,G00514,
20260908_023026_d2fba4,1373,task_completed,R12,G00507,
20260908_023026_d2fba4,1373,task_assigned,R11,G00520,
20260908_023026_d2fba4,1374,task_assigned,R12,G00496,
20260908_023026_d2fba4,1374,task_completed,R10,G00513,
20260908_023026_d2fba4,1375,task_completed,R12,G00496,
20260908_023026_d2fba4,1375,task_created,,G00522,type=PICK pickup=C-02 dropoff=PICK-1
20260908_023026_d2fba4,1375,task_created,,G00523,type=PACK pickup=PICK-2 dropoff=PACK-1
20260908_023026_d2fba4,1375,task_assigned,R10,G00523,
20260908_023026_d2fba4,1376,task_assigned,R12,G00519,
20260908_023026_d2fba4,1378,task_completed,R11,G00520,
20260908_023026_d2fba4,1379,task_assigned,R11,G00522,
20260908_023026_d2fba4,1379,task_created,,G00524,type=PUTAWAY pickup=BUFFER dropoff=D-07
20260908_023026_d2fba4,1380,task_completed,R1,G00503,
20260908_023026_d2fba4,1381,task_created,,G00525,type=SHIP pickup=STAGING dropoff=DOCK-1
20260908_023026_d2fba4,1381,task_assigned,R1,G00525,
20260908_023026_d2fba4,1382,task_completed,R3,G00415,
20260908_023026_d2fba4,1383,task_assigned,R9,G00417,
20260908_023026_d2fba4,1383,task_assigned,R3,G00430,
20260908_023026_d2fba4,1383,task_completed,R7,G00516,
20260908_023026_d2fba4,1384,task_assigned,R7,G00433,
20260908_023026_d2fba4,1385,task_completed,R2,G00426,
20260908_023026_d2fba4,1385,task_created,,G00526,type=PICK pickup=F-04 dropoff=PICK-3
20260908_023026_d2fba4,1386,task_completed,R10,G00523,
20260908_023026_d2fba4,1386,task_assigned,R2,G00526,
20260908_023026_d2fba4,1387,task_created,,G00527,type=PUTAWAY pickup=RECV dropoff=D-07
20260908_023026_d2fba4,1387,task_created,,G00528,type=PACK pickup=PICK-2 dropoff=PACK-1
20260908_023026_d2fba4,1387,task_assigned,R10,G00528,
20260908_023026_d2fba4,1388,task_completed,R5,G00518,
20260908_023026_d2fba4,1389,task_assigned,R5,G00436,
20260908_023026_d2fba4,1392,task_interrupted,R6,G00511,
20260908_023026_d2fba4,1395,task_assigned,R13,G00511,
20260908_023026_d2fba4,1395,task_created,,G00529,type=PUTAWAY pickup=RECV dropoff=B-08
20260908_023026_d2fba4,1395,task_created,,G00530,type=PICK pickup=F-06 dropoff=PICK-3
20260908_023026_d2fba4,1395,task_created,,G00531,type=SHIP pickup=STAGING dropoff=DOCK-2
20260908_023026_d2fba4,1397,task_completed,R1,G00525,
20260908_023026_d2fba4,1398,task_assigned,R1,G00531,
20260908_023026_d2fba4,1399,task_created,,G00532,type=PACK pickup=PICK-1 dropoff=PACK-1
20260908_023026_d2fba4,1401,task_completed,R10,G00528,
20260908_023026_d2fba4,1402,task_completed,R2,G00526,
20260908_023026_d2fba4,1402,task_assigned,R10,G00532,
20260908_023026_d2fba4,1403,task_assigned,R2,G00530,
20260908_023026_d2fba4,1403,task_completed,R1,G00531,
20260908_023026_d2fba4,1403,task_created,,G00533,type=PUTAWAY pickup=BUFFER dropoff=G-03
20260908_023026_d2fba4,1404,task_assigned,R1,G00438,
20260908_023026_d2fba4,1405,task_created,,G00534,type=PICK pickup=B-06 dropoff=PICK-1
20260908_023026_d2fba4,1405,task_assigned,R4,G00534,
20260908_023026_d2fba4,1408,task_assigned,R8,G00442,
20260908_023026_d2fba4,1409,task_created,,G00535,type=SHIP pickup=STAGING dropoff=DOCK-2
20260908_023026_d2fba4,1411,task_created,,G00536,type=PUTAWAY pickup=BUFFER dropoff=G-04
20260908_023026_d2fba4,1411,task_created,,G00537,type=PACK pickup=PICK-2 dropoff=PACK-2
20260908_023026_d2fba4,1412,task_completed,R9,G00417,
20260908_023026_d2fba4,1413,task_completed,R12,G00519,
20260908_023026_d2fba4,1413,task_assigned,R9,G00535,
20260908_023026_d2fba4,1414,task_completed,R5,G00436,
20260908_023026_d2fba4,1414,task_assigned,R12,G00537,
20260908_023026_d2fba4,1415,task_created,,G00538,type=PICK pickup=A-07 dropoff=PICK-1
20260908_023026_d2fba4,1415,task_assigned,R5,G00538,
20260908_023026_d2fba4,1419,task_created,,G00539,type=PUTAWAY pickup=BUFFER dropoff=C-08
20260908_023026_d2fba4,1420,task_completed,R11,G00522,
20260908_023026_d2fba4,1421,task_completed,R3,G00430,
20260908_023026_d2fba4,1421,task_assigned,R11,G00444,
20260908_023026_d2fba4,1421,task_completed,R10,G00532,
20260908_023026_d2fba4,1422,task_assigned,R10,G00448,
20260908_023026_d2fba4,1422,task_assigned,R3,G00452,
20260908_023026_d2fba4,1423,task_created,,G00540,type=PACK pickup=PICK-1 dropoff=PACK-1
20260908_023026_d2fba4,1423,task_created,,G00541,type=SHIP pickup=STAGING dropoff=DOCK-1
20260908_023026_d2fba4,1425,task_created,,G00542,type=PICK pickup=B-05 dropoff=PICK-3
20260908_023026_d2fba4,1427,task_completed,R5,G00538,
20260908_023026_d2fba4,1427,task_created,,G00543,type=PUTAWAY pickup=BUFFER dropoff=E-07
20260908_023026_d2fba4,1428,task_assigned,R5,G00540,
20260908_023026_d2fba4,1428,task_assigned,R6,G00541,
20260908_023026_d2fba4,1429,task_completed,R9,G00535,
20260908_023026_d2fba4,1430,task_completed,R12,G00537,
20260908_023026_d2fba4,1430,task_assigned,R9,G00542,
20260908_023026_d2fba4,1431,task_assigned,R12,G00453,
20260908_023026_d2fba4,1433,task_completed,R13,G00511,
20260908_023026_d2fba4,1434,task_assigned,R13,G00457,
20260908_023026_d2fba4,1435,task_completed,R2,G00530,
20260908_023026_d2fba4,1435,task_created,,G00544,type=PUTAWAY pickup=BUFFER dropoff=G-02
20260908_023026_d2fba4,1435,task_created,,G00545,type=PICK pickup=G-08 dropoff=PICK-1
20260908_023026_d2fba4,1435,task_created,,G00546,type=PACK pickup=PICK-3 dropoff=PACK-2
20260908_023026_d2fba4,1436,task_assigned,R2,G00546,
20260908_023026_d2fba4,1437,task_completed,R5,G00540,
20260908_023026_d2fba4,1437,task_created,,G00547,type=SHIP pickup=STAGING dropoff=DOCK-1
20260908_023026_d2fba4,1438,task_assigned,R5,G00547,
20260908_023026_d2fba4,1440,task_completed,R11,G00444,
20260908_023026_d2fba4,1441,task_assigned,R11,G00545,
20260908_023026_d2fba4,1442,task_completed,R4,G00534,
20260908_023026_d2fba4,1443,task_assigned,R4,G00460,
20260908_023026_d2fba4,1443,task_created,,G00548,type=PUTAWAY pickup=RECV dropoff=D-02
20260908_023026_d2fba4,1444,task_completed,R2,G00546,
20260908_023026_d2fba4,1444,task_completed,R5,G00547,
20260908_023026_d2fba4,1445,task_completed,R7,G00433,
20260908_023026_d2fba4,1445,task_assigned,R2,G00463,
20260908_023026_d2fba4,1445,task_completed,R6,G00541,
20260908_023026_d2fba4,1445,task_created,,G00549,type=PICK pickup=D-01 dropoff=PICK-1
20260908_023026_d2fba4,1445,task_assigned,R5,G00549,
20260908_023026_d2fba4,1446,task_assigned,R6,G00466,
20260908_023026_d2fba4,1446,task_assigned,R7,G00469,
20260908_023026_d2fba4,1447,task_created,,G00550,type=PACK pickup=PICK-2 dropoff=PACK-1
20260908_023026_d2fba4,1451,task_created,,G00551,type=PUTAWAY pickup=RECV dropoff=C-04
20260908_023026_d2fba4,1451,task_created,,G00552,type=SHIP pickup=STAGING dropoff=DOCK-1
20260908_023026_d2fba4,1453,task_completed,R3,G00452,
20260908_023026_d2fba4,1453,task_completed,R13,G00457,
20260908_023026_d2fba4,1454,task_assigned,R3,G00550,
20260908_023026_d2fba4,1454,task_assigned,R13,G00552,
20260908_023026_d2fba4,1455,task_created,,G00553,type=PICK pickup=B-04 dropoff=PICK-3
20260908_023026_d2fba4,1458,task_completed,R8,G00442,
20260908_023026_d2fba4,1459,task_created,,G00554,type=PUTAWAY pickup=BUFFER dropoff=E-06
20260908_023026_d2fba4,1459,task_created,,G00555,type=PACK pickup=PICK-2 dropoff=PACK-1
20260908_023026_d2fba4,1459,task_assigned,R8,G00555,
20260908_023026_d2fba4,1461,task_completed,R1,G00438,
20260908_023026_d2fba4,1462,task_assigned,R1,G00553,
20260908_023026_d2fba4,1465,task_created,,G00556,type=PICK pickup=H-02 dropoff=PICK-3
20260908_023026_d2fba4,1465,task_created,,G00557,type=SHIP pickup=STAGING dropoff=DOCK-2
20260908_023026_d2fba4,1466,task_completed,R4,G00460,
20260908_023026_d2fba4,1466,task_completed,R3,G00550,
20260908_023026_d2fba4,1467,task_completed,R12,G00453,
20260908_023026_d2fba4,1467,task_assigned,R3,G00556,
20260908_023026_d2fba4,1467,task_assigned,R4,G00557,
20260908_023026_d2fba4,1467,task_created,,G00558,type=PUTAWAY pickup=RECV dropoff=G-07
20260908_023026_d2fba4,1468,task_assigned,R12,G00472,
20260908_023026_d2fba4,1469,task_completed,R9,G00542,
20260908_023026_d2fba4,1470,task_completed,R10,G00448,
20260908_023026_d2fba4,1470,task_assigned,R9,G00475,
20260908_023026_d2fba4,1471,task_created,,G00559,type=PACK pickup=PICK-3 dropoff=PACK-1
20260908_023026_d2fba4,1471,task_assigned,R10,G00559,
20260908_023026_d2fba4,1475,task_completed,R13,G00552,
20260908_023026_d2fba4,1475,task_created,,G00560,type=PUTAWAY pickup=BUFFER dropoff=H-02
20260908_023026_d2fba4,1475,task_created,,G00561,type=PICK pickup=H-04 dropoff=PICK-1
20260908_023026_d2fba4,1476,task_assigned,R13,G00561,
20260908_023026_d2fba4,1479,task_created,,G00562,type=SHIP pickup=STAGING dropoff=DOCK-2
20260908_023026_d2fba4,1480,task_completed,R6,G00466,
20260908_023026_d2fba4,1481,task_completed,R2,G00463,
20260908_023026_d2fba4,1481,task_assigned,R6,G00562,
20260908_023026_d2fba4,1482,task_assigned,R2,G00479,
20260908_023026_d2fba4,1483,task_created,,G00563,type=PUTAWAY pickup=RECV dropoff=H-02
20260908_023026_d2fba4,1483,task_created,,G00564,type=PACK pickup=PICK-2 dropoff=PACK-2
20260908_023026_d2fba4,1484,task_completed,R4,G00557,
20260908_023026_d2fba4,1485,task_assigned,R4,G00564,
20260908_023026_d2fba4,1485,task_created,,G00565,type=PICK pickup=A-01 dropoff=PICK-2
20260908_023026_d2fba4,1491,task_created,,G00566,type=PUTAWAY pickup=RECV dropoff=E-07
20260908_023026_d2fba4,1492,task_completed,R1,G00553,
20260908_023026_d2fba4,1493,task_created,,G00567,type=SHIP pickup=STAGING dropoff=DOCK-2
20260908_023026_d2fba4,1493,task_assigned,R1,G00567,
20260908_023026_d2fba4,1495,task_created,,G00568,type=PICK pickup=F-08 dropoff=PICK-3
20260908_023026_d2fba4,1495,task_created,,G00569,type=PACK pickup=PICK-3 dropoff=PACK-1
20260908_023026_d2fba4,1497,task_completed,R10,G00559,
20260908_023026_d2fba4,1498,task_completed,R12,G00472,
20260908_023026_d2fba4,1498,task_completed,R3,G00556,
20260908_023026_d2fba4,1498,task_assigned,R10,G00569,
20260908_023026_d2fba4,1499,task_completed,R6,G00562,
20260908_023026_d2fba4,1499,task_assigned,R12,G00565,
20260908_023026_d2fba4,1499,task_assigned,R3,G00568,
20260908_023026_d2fba4,1499,task_created,,G00570,type=PUTAWAY pickup=BUFFER dropoff=C-05
20260908_023026_d2fba4,1500,task_assigned,R6,G00481,
20260908_023026_d2fba4,1500,task_completed,R11,G00545,
20260908_023026_d2fba4,1501,task_assigned,R11,G00484,
20260908_023026_d2fba4,1501,task_completed,R8,G00555,
20260908_023026_d2fba4,1502,task_assigned,R8,G00487,
20260908_023026_d2fba4,1502,task_interrupted,R3,G00568,
20260908_023026_d2fba4,1503,task_completed,R9,G00475,
20260908_023026_d2fba4,1503,task_completed,R4,G00564,
20260908_023026_d2fba4,1504,task_completed,R7,G00469,
20260908_023026_d2fba4,1504,task_assigned,R9,G00490,
20260908_023026_d2fba4,1504,task_assigned,R4,G00568,
20260908_023026_d2fba4,1505,task_created,,G00571,type=PICK pickup=B-05 dropoff=PICK-1
20260908_023026_d2fba4,1505,task_assigned,R7,G00571,
20260908_023026_d2fba4,1507,task_created,,G00572,type=PUTAWAY pickup=RECV dropoff=C-08
20260908_023026_d2fba4,1507,task_created,,G00573,type=PACK pickup=PICK-2 dropoff=PACK-2
20260908_023026_d2fba4,1507,task_created,,G00574,type=SHIP pickup=STAGING dropoff=DOCK-2
20260908_023026_d2fba4,1508,task_completed,R5,G00549,
20260908_023026_d2fba4,1509,task_completed,R1,G00567,
20260908_023026_d2fba4,1509,task_assigned,R5,G00574,
20260908_023026_d2fba4,1510,task_assigned,R1,G00573,
20260908_023026_d2fba4,1511,task_completed,R2,G00479,
20260908_023026_d2fba4,1512,task_assigned,R2,G00494,
20260908_023026_d2fba4,1515,task_created,,G00575,type=PUTAWAY pickup=BUFFER dropoff=B-07
20260908_023026_d2fba4,1515,task_created,,G00576,type=PICK pickup=F-02 dropoff=PICK-3
20260908_023026_d2fba4,1517,task_completed,R9,G00490,
20260908_023026_d2fba4,1517,task_completed,R7,G00571,
20260908_023026_d2fba4,1518,task_assigned,R7,G00497,
20260908_023026_d2fba4,1518,task_assigned,R9,G00576,
20260908_023026_d2fba4,1519,task_created,,G00577,type=PACK pickup=PICK-2 dropoff=PACK-1
20260908_023026_d2fba4,1520,task_interrupted,R1,G00573,
20260908_023026_d2fba4,1521,task_created,,G00578,type=SHIP pickup=STAGING dropoff=DOCK-2
20260908_023026_d2fba4,1523,task_created,,G00579,type=PUTAWAY pickup=RECV dropoff=E-03
20260908_023026_d2fba4,1525,task_completed,R13,G00561,
20260908_023026_d2fba4,1525,task_created,,G00580,type=PICK pickup=C-01 dropoff=PICK-2
20260908_023026_d2fba4,1526,task_assigned,R13,G00578,
20260908_023026_d2fba4,1527,task_completed,R11,G00484,
20260908_023026_d2fba4,1527,task_completed,R10,G00569,
20260908_023026_d2fba4,1528,task_assigned,R11,G00573,
20260908_023026_d2fba4,1528,task_assigned,R10,G00577,
20260908_023026_d2fba4,1530,task_completed,R4,G00568,
20260908_023026_d2fba4,1531,task_completed,R5,G00574,
20260908_023026_d2fba4,1531,task_created,,G00581,type=PUTAWAY pickup=RECV dropoff=H-04
20260908_023026_d2fba4,1531,task_created,,G00582,type=PACK pickup=PICK-1 dropoff=PACK-2
20260908_023026_d2fba4,1531,task_assigned,R4,G00582,
20260908_023026_d2fba4,1532,task_assigned,R5,G00580,
20260908_023026_d2fba4,1535,task_created,,G00583,type=PICK pickup=D-03 dropoff=PICK-1
20260908_023026_d2fba4,1535,task_created,,G00584,type=SHIP pickup=STAGING dropoff=DOCK-1
20260908_023026_d2fba4,1537,task_completed,R6,G00481,
20260908_023026_d2fba4,1538,task_completed,R11,G00573,
20260908_023026_d2fba4,1538,task_assigned,R6,G00584,
20260908_023026_d2fba4,1539,task_completed,R10,G00577,
20260908_023026_d2fba4,1539,task_assigned,R11,G00583,
20260908_023026_d2fba4,1539,task_created,,G00585,type=PUTAWAY pickup=RECV dropoff=H-02
20260908_023026_d2fba4,1540,task_assigned,R10,G00499,
20260908_023026_d2fba4,1543,task_created,,G00586,type=PACK pickup=PICK-1 dropoff=PACK-1
20260908_023026_d2fba4,1543,task_assigned,R3,G00586,
20260908_023026_d2fba4,1545,task_created,,G00587,type=PICK pickup=A-08 dropoff=PICK-2
20260908_023026_d2fba4,1547,task_completed,R13,G00578,
20260908_023026_d2fba4,1547,task_created,,G00588,type=PUTAWAY pickup=BUFFER dropoff=G-03
20260908_023026_d2fba4,1548,task_assigned,R13,G00587,
20260908_023026_d2fba4,1549,task_created,,G00589,type=SHIP pickup=STAGING dropoff=DOCK-1
20260908_023026_d2fba4,1550,task_interrupted,R7,G00497,
20260908_023026_d2fba4,1552,task_interrupted,R2,G00494,
20260908_023026_d2fba4,1554,task_completed,R8,G00487,
20260908_023026_d2fba4,1554,task_assigned,R1,G00589,
20260908_023026_d2fba4,1555,task_created,,G00590,type=PUTAWAY pickup=BUFFER dropoff=G-06
20260908_023026_d2fba4,1555,task_created,,G00591,type=PICK pickup=G-03 dropoff=PICK-3
20260908_023026_d2fba4,1555,task_created,,G00592,type=PACK pickup=PICK-2 dropoff=PACK-2
20260908_023026_d2fba4,1555,task_assigned,R8,G00592,
20260908_023026_d2fba4,1559,task_completed,R6,G00584,
20260908_023026_d2fba4,1560,task_assigned,R6,G00591,
20260908_023026_d2fba4,1561,task_completed,R12,G00565,
20260908_023026_d2fba4,1563,task_completed,R3,G00586,
20260908_023026_d2fba4,1563,task_created,,G00593,type=PUTAWAY pickup=RECV dropoff=G-04
20260908_023026_d2fba4,1563,task_created,,G00594,type=SHIP pickup=STAGING dropoff=DOCK-1
20260908_023026_d2fba4,1564,task_assigned,R3,G00594,
20260908_023026_d2fba4,1565,task_completed,R4,G00582,
20260908_023026_d2fba4,1565,task_created,,G00595,type=PICK pickup=D-05 dropoff=PICK-2
20260908_023026_d2fba4,1566,task_completed,R5,G00580,
20260908_023026_d2fba4,1566,task_assigned,R4,G00595,
20260908_023026_d2fba4,1567,task_created,,G00596,type=PACK pickup=PICK-3 dropoff=PACK-1
20260908_023026_d2fba4,1567,task_assigned,R5,G00596,
20260908_023026_d2fba4,1570,task_completed,R1,G00589,
20260908_023026_d2fba4,1571,task_assigned,R1,G00494,
20260908_023026_d2fba4,1571,task_completed,R3,G00594,
20260908_023026_d2fba4,1571,task_created,,G00597,type=PUTAWAY pickup=RECV dropoff=E-08
20260908_023026_d2fba4,1572,task_assigned,R3,G00497,
20260908_023026_d2fba4,1573,task_completed,R10,G00499,
20260908_023026_d2fba4,1574,task_assigned,R10,G00502,
20260908_023026_d2fba4,1575,task_created,,G00598,type=PICK pickup=H-07 dropoff=PICK-2
20260908_023026_d2fba4,1576,task_completed,R11,G00583,
20260908_023026_d2fba4,1577,task_created,,G00599,type=SHIP pickup=STAGING dropoff=DOCK-2
20260908_023026_d2fba4,1577,task_assigned,R11,G00599,
20260908_023026_d2fba4,1578,task_interrupted,R11,G00599,
20260908_023026_d2fba4,1579,task_created,,G00600,type=PUTAWAY pickup=RECV dropoff=F-08
20260908_023026_d2fba4,1579,task_created,,G00601,type=PACK pickup=PICK-1 dropoff=PACK-1
20260908_023026_d2fba4,1581,task_completed,R13,G00587,
20260908_023026_d2fba4,1582,task_assigned,R13,G00599,
20260908_023026_d2fba4,1584,task_assigned,R2,G00598,
20260908_023026_d2fba4,1584,task_assigned,R7,G00601,
20260908_023026_d2fba4,1585,task_created,,G00602,type=PICK pickup=G-06 dropoff=PICK-1
20260908_023026_d2fba4,1586,task_completed,R1,G00494,
20260908_023026_d2fba4,1587,task_interrupted,R10,G00502,
20260908_023026_d2fba4,1587,task_interrupted,R5,G00596,
20260908_023026_d2fba4,1587,task_assigned,R1,G00602,
20260908_023026_d2fba4,1587,task_created,,G00603,type=PUTAWAY pickup=RECV dropoff=B-08
20260908_023026_d2fba4,1590,task_completed,R13,G00599,
20260908_023026_d2fba4,1591,task_completed,R6,G00591,
20260908_023026_d2fba4,1591,task_assigned,R13,G00596,
20260908_023026_d2fba4,1591,task_created,,G00604,type=PACK pickup=PICK-1 dropoff=PACK-1
20260908_023026_d2fba4,1591,task_created,,G00605,type=SHIP pickup=STAGING dropoff=DOCK-1
20260908_023026_d2fba4,1591,task_assigned,R12,G00605,
20260908_023026_d2fba4,1592,task_completed,R8,G00592,
20260908_023026_d2fba4,1592,task_completed,R4,G00595,
20260908_023026_d2fba4,1592,task_assigned,R6,G00604,
20260908_023026_d2fba4,1593,task_assigned,R8,G00502,
20260908_023026_d2fba4,1593,task_assigned,R4,G00506,
20260908_023026_d2fba4,1595,task_created,,G00606,type=PUTAWAY pickup=RECV dropoff=B-02
20260908_023026_d2fba4,1595,task_created,,G00607,type=PICK pickup=G-06 dropoff=PICK-3
20260908_023026_d2fba4,1597,task_completed,R3,G00497,
20260908_023026_d2fba4,1598,task_assigned,R3,G00607,
20260908_023026_d2fba4,1599,task_completed,R13,G00596,
20260908_023026_d2fba4,1600,task_assigned,R13,G00508,
20260908_023026_d2fba4,1603,task_created,,G00608,type=PUTAWAY pickup=BUFFER dropoff=E-01
20260908_023026_d2fba4,1603,task_created,,G00609,type=PACK pickup=PICK-2 dropoff=PACK-2
20260908_023026_d2fba4,1603,task_assigned,R11,G00609,
20260908_023026_d2fba4,1604,task_completed,R7,G00601,
20260908_023026_d2fba4,1605,task_created,,G00610,type=PICK pickup=C-02 dropoff=PICK-1
20260908_023026_d2fba4,1605,task_created,,G00611,type=SHIP pickup=STAGING dropoff=DOCK-2
20260908_023026_d2fba4,1605,task_assigned,R7,G00611,
20260908_023026_d2fba4,1607,task_completed,R9,G00576,
20260908_023026_d2fba4,1607,task_completed,R12,G00605,
20260908_023026_d2fba4,1608,task_assigned,R12,G00610,
20260908_023026_d2fba4,1610,task_completed,R1,G00602,
20260908_023026_d2fba4,1611,task_assigned,R1,G00512,
20260908_023026_d2fba4,1611,task_completed,R7,G00611,
20260908_023026_d2fba4,1611,task_created,,G00612,type=PUTAWAY pickup=RECV dropoff=F-06
20260908_023026_d2fba4,1612,task_assigned,R7,G00515,
20260908_023026_d2fba4,1612,task_assigned,R9,G00517,
20260908_023026_d2fba4,1613,task_assigned,R5,G00521,
20260908_023026_d2fba4,1615,task_created,,G00613,type=PICK pickup=D-08 dropoff=PICK-1
20260908_023026_d2fba4,1615,task_created,,G00614,type=PACK pickup=PICK-3 dropoff=PACK-1
20260908_023026_d2fba4,1618,task_completed,R6,G00604,
20260908_023026_d2fba4,1618,task_assigned,R10,G00614,
20260908_023026_d2fba4,1619,task_created,,G00615,type=PUTAWAY pickup=RECV dropoff=A-04
20260908_023026_d2fba4,1619,task_created,,G00616,type=SHIP pickup=STAGING dropoff=DOCK-2
20260908_023026_d2fba4,1619,task_assigned,R6,G00616,
20260908_023026_d2fba4,1622,task_interrupted,R9,G00517,
20260908_023026_d2fba4,1623,task_interrupted,R13,G00508,
20260908_023026_d2fba4,1625,task_created,,G00617,type=PICK pickup=A-04 dropoff=PICK-1
20260908_023026_d2fba4,1626,task_completed,R6,G00616,
20260908_023026_d2fba4,1627,task_created,,G00618,type=PUTAWAY pickup=BUFFER dropoff=C-07
20260908_023026_d2fba4,1627,task_created,,G00619,type=PACK pickup=PICK-1 dropoff=PACK-2
20260908_023026_d2fba4,1627,task_assigned,R6,G00619,
20260908_023026_d2fba4,1631,task_completed,R11,G00609,
20260908_023026_d2fba4,1632,task_assigned,R11,G00613,
20260908_023026_d2fba4,1633,task_created,,G00620,type=SHIP pickup=STAGING dropoff=DOCK-2
20260908_023026_d2fba4,1635,task_created,,G00621,type=PUTAWAY pickup=BUFFER dropoff=E-04
20260908_023026_d2fba4,1635,task_created,,G00622,type=PICK pickup=F-06 dropoff=PICK-3
20260908_023026_d2fba4,1637,task_interrupted,R4,G00506,
20260908_023026_d2fba4,1637,task_completed,R2,G00598,
20260908_023026_d2fba4,1638,task_assigned,R2,G00620,
20260908_023026_d2fba4,1639,task_created,,G00623,type=PACK pickup=PICK-1 dropoff=PACK-2
20260908_023026_d2fba4,1641,task_completed,R8,G00502,
20260908_023026_d2fba4,1642,task_assigned,R8,G00623,
20260908_023026_d2fba4,1643,task_created,,G00624,type=PUTAWAY pickup=RECV dropoff=F-06
20260908_023026_d2fba4,1645,task_created,,G00625,type=PICK pickup=D-05 dropoff=PICK-2
20260908_023026_d2fba4,1646,task_completed,R2,G00620,
20260908_023026_d2fba4,1647,task_created,,G00626,type=SHIP pickup=STAGING dropoff=DOCK-1
20260908_023026_d2fba4,1647,task_assigned,R2,G00626,
20260908_023026_d2fba4,1648,task_assigned,R9,G00517,
20260908_023026_d2fba4,1651,task_completed,R3,G00607,
20260908_023026_d2fba4,1651,task_created,,G00627,type=PUTAWAY pickup=BUFFER dropoff=E-03
20260908_023026_d2fba4,1651,task_created,,G00628,type=PACK pickup=PICK-2 dropoff=PACK-1
20260908_023026_d2fba4,1652,task_assigned,R13,G00508,
20260908_023026_d2fba4,1652,task_completed,R12,G00610,
20260908_023026_d2fba4,1652,task_completed,R2,G00626,
20260908_023026_d2fba4,1652,task_assigned,R3,G00628,
20260908_023026_d2fba4,1653,task_assigned,R12,G00617,
20260908_023026_d2fba4,1653,task_assigned,R2,G00622,
20260908_023026_d2fba4,1654,task_interrupted,R6,G00619,
20260908_023026_d2fba4,1655,task_created,,G00629,type=PICK pickup=A-05 dropoff=PICK-1
20260908_023026_d2fba4,1658,task_interrupted,R8,G00623,
20260908_023026_d2fba4,1659,task_created,,G00630,type=PUTAWAY pickup=RECV dropoff=H-04
20260908_023026_d2fba4,1660,task_completed,R10,G00614,
20260908_023026_d2fba4,1661,task_created,,G00631,type=SHIP pickup=STAGING dropoff=DOCK-2
20260908_023026_d2fba4,1661,task_assigned,R10,G00631,
20260908_023026_d2fba4,1663,task_created,,G00632,type=PACK pickup=PICK-1 dropoff=PACK-2
20260908_023026_d2fba4,1664,task_completed,R1,G00512,
20260908_023026_d2fba4,1665,task_assigned,R1,G00619,
20260908_023026_d2fba4,1665,task_created,,G00633,type=PICK pickup=A-07 dropoff=PICK-2
20260908_023026_d2fba4,1666,task_completed,R12,G00617,
20260908_023026_d2fba4,1667,task_assigned,R12,G00623,
20260908_023026_d2fba4,1667,task_completed,R3,G00628,
20260908_023026_d2fba4,1667,task_completed,R10,G00631,
20260908_023026_d2fba4,1667,task_created,,G00634,type=PUTAWAY pickup=RECV dropoff=A-06
20260908_023026_d2fba4,1668,task_assigned,R3,G00625,
20260908_023026_d2fba4,1668,task_assigned,R10,G00632,
20260908_023026_d2fba4,1671,task_assigned,R4,G00506,
20260908_023026_d2fba4,1671,task_completed,R5,G00521,
20260908_023026_d2fba4,1672,task_assigned,R5,G00629,
20260908_023026_d2fba4,1675,task_completed,R13,G00508,
20260908_023026_d2fba4,1675,task_completed,R9,G00517,
20260908_023026_d2fba4,1675,task_created,,G00635,type=PUTAWAY pickup=RECV dropoff=C-03
20260908_023026_d2fba4,1675,task_created,,G00636,type=PICK pickup=E-06 dropoff=PICK-3
20260908_023026_d2fba4,1675,task_created,,G00637,type=PACK pickup=PICK-1 dropoff=PACK-1
20260908_023026_d2fba4,1675,task_created,,G00638,type=SHIP pickup=STAGING dropoff=DOCK-2
20260908_023026_d2fba4,1676,task_completed,R11,G00613,
20260908_023026_d2fba4,1676,task_assigned,R9,G00637,
20260908_023026_d2fba4,1676,task_assigned,R13,G00638,
20260908_023026_d2fba4,1677,task_assigned,R11,G00633,
20260908_023026_d2fba4,1681,task_completed,R12,G00623,
20260908_023026_d2fba4,1682,task_assigned,R12,G00636,
20260908_023026_d2fba4,1683,task_assigned,R8,G00524,
20260908_023026_d2fba4,1683,task_completed,R1,G00619,
20260908_023026_d2fba4,1683,task_created,,G00639,type=PUTAWAY pickup=BUFFER dropoff=D-08
20260908_023026_d2fba4,1684,task_completed,R7,G00515,
20260908_023026_d2fba4,1684,task_assigned,R6,G00527,
20260908_023026_d2fba4,1684,task_assigned,R1,G00529,
20260908_023026_d2fba4,1685,task_created,,G00640,type=PICK pickup=C-04 dropoff=PICK-1
20260908_023026_d2fba4,1685,task_assigned,R7,G00640,
20260908_023026_d2fba4,1687,task_created,,G00641,type=PACK pickup=PICK-3 dropoff=PACK-2
20260908_023026_d2fba4,1689,task_completed,R2,G00622,
20260908_023026_d2fba4,1689,task_created,,G00642,type=SHIP pickup=STAGING dropoff=DOCK-1
20260908_023026_d2fba4,1690,task_assigned,R2,G00642,
20260908_023026_d2fba4,1691,task_created,,G00643,type=PUTAWAY pickup=RECV dropoff=B-06
20260908_023026_d2fba4,1695,task_created,,G00644,type=PICK pickup=C-05 dropoff=PICK-2
20260908_023026_d2fba4,1699,task_completed,R9,G00637,
20260908_023026_d2fba4,1699,task_created,,G00645,type=PUTAWAY pickup=BUFFER dropoff=E-04
20260908_023026_d2fba4,1699,task_created,,G00646,type=PACK pickup=PICK-3 dropoff=PACK-1
20260908_023026_d2fba4,1700,task_completed,R3,G00625,
20260908_023026_d2fba4,1700,task_completed,R10,G00632,
20260908_023026_d2fba4,1700,task_assigned,R9,G00641,
20260908_023026_d2fba4,1701,task_assigned,R3,G00644,
20260908_023026_d2fba4,1701,task_assigned,R10,G00646,
20260908_023026_d2fba4,1702,task_completed,R11,G00633,
20260908_023026_d2fba4,1703,task_completed,R13,G00638,
20260908_023026_d2fba4,1703,task_created,,G00647,type=SHIP pickup=STAGING dropoff=DOCK-1
20260908_023026_d2fba4,1703,task_assigned,R11,G00647,
20260908_023026_d2fba4,1704,task_assigned,R13,G00533,
20260908_023026_d2fba4,1705,task_created,,G00648,type=PICK pickup=E-02 dropoff=PICK-2
20260908_023026_d2fba4,1707,task_created,,G00649,type=PUTAWAY pickup=BUFFER dropoff=C-04
20260908_023026_d2fba4,1708,task_completed,R5,G00629,
20260908_023026_d2fba4,1708,task_completed,R2,G00642,
20260908_023026_d2fba4,1709,task_assigned,R2,G00536,
20260908_023026_d2fba4,1709,task_assigned,R5,G00648,
20260908_023026_d2fba4,1711,task_created,,G00650,type=PACK pickup=PICK-1 dropoff=PACK-2
20260908_023026_d2fba4,1713,task_completed,R11,G00647,
20260908_023026_d2fba4,1714,task_assigned,R11,G00650,
20260908_023026_d2fba4,1715,task_completed,R3,G00644,
20260908_023026_d2fba4,1715,task_created,,G00651,type=PUTAWAY pickup=BUFFER dropoff=D-07
20260908_023026_d2fba4,1715,task_created,,G00652,type=PICK pickup=F-02 dropoff=PICK-3
20260908_023026_d2fba4,1716,task_assigned,R3,G00652,
20260908_023026_d2fba4,1717,task_created,,G00653,type=SHIP pickup=STAGING dropoff=DOCK-1
20260908_023026_d2fba4,1722,task_completed,R9,G00641,
20260908_023026_d2fba4,1723,task_assigned,R9,G00653,
20260908_023026_d2fba4,1723,task_created,,G00654,type=PUTAWAY pickup=RECV dropoff=A-03
20260908_023026_d2fba4,1723,task_created,,G00655,type=PACK pickup=PICK-1 dropoff=PACK-1
20260908_023026_d2fba4,1724,task_completed,R10,G00646,
20260908_023026_d2fba4,1725,task_completed,R8,G00524,
20260908_023026_d2fba4,1725,task_assigned,R10,G00655,
20260908_023026_d2fba4,1725,task_created,,G00656,type=PICK pickup=F-04 dropoff=PICK-2
20260908_023026_d2fba4,1726,task_completed,R12,G00636,
20260908_023026_d2fba4,1726,task_assigned,R8,G00656,
20260908_023026_d2fba4,1727,task_assigned,R12,G00539,
20260908_023026_d2fba4,1730,task_completed,R9,G00653,
20260908_023026_d2fba4,1731,task_created,,G00657,type=PUTAWAY pickup=RECV dropoff=A-04
20260908_023026_d2fba4,1731,task_created,,G00658,type=SHIP pickup=STAGING dropoff=DOCK-1
20260908_023026_d2fba4,1731,task_assigned,R9,G00658,
20260908_023026_d2fba4,1734,task_completed,R4,G00506,
20260908_023026_d2fba4,1735,task_completed,R5,G00648,
20260908_023026_d2fba4,1735,task_created,,G00659,type=PICK pickup=F-08 dropoff=PICK-2
20260908_023026_d2fba4,1735,task_created,,G00660,type=PACK pickup=PICK-1 dropoff=PACK-1
20260908_023026_d2fba4,1735,task_assigned,R4,G00660,
20260908_023026_d2fba4,1736,task_completed,R1,G00529,
20260908_023026_d2fba4,1736,task_completed,R9,G00658,
20260908_023026_d2fba4,1736,task_assigned,R5,G00659,
20260908_023026_d2fba4,1737,task_assigned,R9,G00543,
20260908_023026_d2fba4,1737,task_assigned,R1,G00544,
20260908_023026_d2fba4,1739,task_created,,G00661,type=PUTAWAY pickup=BUFFER dropoff=D-06
20260908_023026_d2fba4,1741,task_completed,R11,G00650,
20260908_023026_d2fba4,1742,task_assigned,R11,G00548,
20260908_023026_d2fba4,1743,task_completed,R7,G00640,
20260908_023026_d2fba4,1744,task_assigned,R7,G00551,
20260908_023026_d2fba4,1744,task_completed,R10,G00655,
20260908_023026_d2fba4,1745,task_completed,R5,G00659,
20260908_023026_d2fba4,1745,task_created,,G00662,type=PICK pickup=G-06 dropoff=PICK-2
20260908_023026_d2fba4,1745,task_created,,G00663,type=SHIP pickup=STAGING dropoff=DOCK-2
20260908_023026_d2fba4,1745,task_assigned,R10,G00663,
20260908_023026_d2fba4,1746,task_assigned,R5,G00662,
20260908_023026_d2fba4,1747,task_completed,R6,G00527,
20260908_023026_d2fba4,1747,task_created,,G00664,type=PUTAWAY pickup=RECV dropoff=G-03
20260908_023026_d2fba4,1747,task_created,,G00665,type=PACK pickup=PICK-1 dropoff=PACK-1
20260908_023026_d2fba4,1748,task_completed,R13,G00533,
20260908_023026_d2fba4,1748,task_assigned,R6,G00665,
20260908_023026_d2fba4,1749,task_assigned,R13,G00554,
20260908_023026_d2fba4,1750,task_completed,R1,G00544,
20260908_023026_d2fba4,1751,task_assigned,R1,G00558,
20260908_023026_d2fba4,1751,task_completed,R10,G00663,
20260908_023026_d2fba4,1752,task_assigned,R10,G00560,
20260908_023026_d2fba4,1755,task_created,,G00666,type=PUTAWAY pickup=RECV dropoff=C-07
20260908_023026_d2fba4,1755,task_created,,G00667,type=PICK pickup=F-01 dropoff=PICK-2
20260908_023026_d2fba4,1759,task_completed,R3,G00652,
20260908_023026_d2fba4,1759,task_created,,G00668,type=PACK pickup=PICK-2 dropoff=PACK-1
20260908_023026_d2fba4,1759,task_created,,G00669,type=SHIP pickup=STAGING dropoff=DOCK-1
20260908_023026_d2fba4,1760,task_assigned,R3,G00669,
20260908_023026_d2fba4,1762,task_completed,R4,G00660,
20260908_023026_d2fba4,1763,task_assigned,R4,G00668,
20260908_023026_d2fba4,1763,task_created,,G00670,type=PUTAWAY pickup=RECV dropoff=B-03
20260908_023026_d2fba4,1765,task_created,,G00671,type=PICK pickup=B-08 dropoff=PICK-1
20260908_023026_d2fba4,1769,task_interrupted,R3,G00669,
20260908_023026_d2fba4,1771,task_created,,G00672,type=PUTAWAY pickup=RECV dropoff=D-01
20260908_023026_d2fba4,1771,task_created,,G00673,type=PACK pickup=PICK-1 dropoff=PACK-2
20260908_023026_d2fba4,1773,task_created,,G00674,type=SHIP pickup=STAGING dropoff=DOCK-1
20260908_023026_d2fba4,1774,task_completed,R4,G00668,
20260908_023026_d2fba4,1775,task_assigned,R4,G00669,
20260908_023026_d2fba4,1775,task_created,,G00675,type=PICK pickup=B-08 dropoff=PICK-3
20260908_023026_d2fba4,1778,task_completed,R13,G00554,
20260908_023026_d2fba4,1778,task_interrupted,R1,G00558,
20260908_023026_d2fba4,1779,task_assigned,R13,G00674,
20260908_023026_d2fba4,1779,task_created,,G00676,type=PUTAWAY pickup=BUFFER dropoff=F-02
20260908_023026_d2fba4,1780,task_completed,R5,G00662,
20260908_023026_d2fba4,1781,task_completed,R7,G00551,
20260908_023026_d2fba4,1781,task_completed,R10,G00560,
20260908_023026_d2fba4,1781,task_completed,R8,G00656,
20260908_023026_d2fba4,1781,task_completed,R4,G00669,
20260908_023026_d2fba4,1781,task_assigned,R5,G00673,
20260908_023026_d2fba4,1782,task_assigned,R7,G00558,
20260908_023026_d2fba4,1782,task_assigned,R8,G00667,
20260908_023026_d2fba4,1782,task_assigned,R4,G00671,
20260908_023026_d2fba4,1782,task_assigned,R10,G00675,
20260908_023026_d2fba4,1783,task_completed,R9,G00543,
20260908_023026_d2fba4,1783,task_created,,G00677,type=PACK pickup=PICK-3 dropoff=PACK-1
20260908_023026_d2fba4,1784,task_assigned,R9,G00677,
20260908_023026_d2fba4,1785,task_completed,R6,G00665,
20260908_023026_d2fba4,1785,task_created,,G00678,type=PICK pickup=D-06 dropoff=PICK-3
20260908_023026_d2fba4,1786,task_assigned,R6,G00678,
20260908_023026_d2fba4,1787,task_created,,G00679,type=PUTAWAY pickup=BUFFER dropoff=E-01
20260908_023026_d2fba4,1787,task_created,,G00680,type=SHIP pickup=STAGING dropoff=DOCK-1
20260908_023026_d2fba4,1788,task_completed,R2,G00536,
20260908_023026_d2fba4,1789,task_assigned,R2,G00680,
20260908_023026_d2fba4,1790,task_completed,R12,G00539,
20260908_023026_d2fba4,1791,task_assigned,R12,G00563,
20260908_023026_d2fba4,1795,task_created,,G00681,type=PUTAWAY pickup=RECV dropoff=C-07
20260908_023026_d2fba4,1795,task_created,,G00682,type=PICK pickup=G-01 dropoff=PICK-3
20260908_023026_d2fba4,1795,task_created,,G00683,type=PACK pickup=PICK-3 dropoff=PACK-2
20260908_023026_d2fba4,1796,task_assigned,R3,G00683,
20260908_023026_d2fba4,1801,task_created,,G00684,type=SHIP pickup=STAGING dropoff=DOCK-1
20260908_023026_d2fba4,1803,task_created,,G00685,type=PUTAWAY pickup=BUFFER dropoff=D-04
20260908_023026_d2fba4,1805,task_created,,G00686,type=PICK pickup=E-03 dropoff=PICK-1
20260908_023026_d2fba4,1806,task_completed,R5,G00673,
20260908_023026_d2fba4,1806,task_completed,R13,G00674,
20260908_023026_d2fba4,1807,task_assigned,R13,G00684,
20260908_023026_d2fba4,1807,task_created,,G00687,type=PACK pickup=PICK-1 dropoff=PACK-1
20260908_023026_d2fba4,1807,task_assigned,R5,G00687,
20260908_023026_d2fba4,1809,task_assigned,R1,G00682,
20260908_023026_d2fba4,1811,task_interrupted,R12,G00563,
20260908_023026_d2fba4,1811,task_completed,R6,G00678,
20260908_023026_d2fba4,1811,task_created,,G00688,type=PUTAWAY pickup=BUFFER dropoff=F-08
20260908_023026_d2fba4,1812,task_completed,R13,G00684,
20260908_023026_d2fba4,1812,task_assigned,R6,G00686,
20260908_023026_d2fba4,1813,task_interrupted,R7,G00558,
20260908_023026_d2fba4,1813,task_assigned,R13,G00563,
20260908_023026_d2fba4,1813,task_completed,R2,G00680,
20260908_023026_d2fba4,1814,task_assigned,R2,G00558,
20260908_023026_d2fba4,1815,task_created,,G00689,type=PICK pickup=B-04 dropoff=PICK-2
20260908_023026_d2fba4,1815,task_created,,G00690,type=SHIP pickup=STAGING dropoff=DOCK-2
20260908_023026_d2fba4,1817,task_interrupted,R11,G00548,
20260908_023026_d2fba4,1819,task_created,,G00691,type=PUTAWAY pickup=RECV dropoff=H-03
20260908_023026_d2fba4,1819,task_created,,G00692,type=PACK pickup=PICK-1 dropoff=PACK-2
20260908_023026_d2fba4,1820,task_completed,R10,G00675,
20260908_023026_d2fba4,1821,task_assigned,R10,G00690,
20260908_023026_d2fba4,1825,task_created,,G00693,type=PICK pickup=B-05 dropoff=PICK-3
20260908_023026_d2fba4,1827,task_completed,R8,G00667,
20260908_023026_d2fba4,1827,task_created,,G00694,type=PUTAWAY pickup=BUFFER dropoff=G-08
20260908_023026_d2fba4,1828,task_assigned,R8,G00692,
20260908_023026_d2fba4,1829,task_created,,G00695,type=SHIP pickup=STAGING dropoff=DOCK-2
20260908_023026_d2fba4,1830,task_interrupted,R2,G00558,
20260908_023026_d2fba4,1831,task_completed,R4,G00671,
20260908_023026_d2fba4,1831,task_completed,R3,G00683,
20260908_023026_d2fba4,1831,task_interrupted,R5,G00687,
20260908_023026_d2fba4,1831,task_created,,G00696,type=PACK pickup=PICK-1 dropoff=PACK-1
20260908_023026_d2fba4,1832,task_assigned,R4,G00687,
20260908_023026_d2fba4,1832,task_assigned,R3,G00695,
20260908_023026_d2fba4,1835,task_interrupted,R10,G00690,
20260908_023026_d2fba4,1835,task_created,,G00697,type=PUTAWAY pickup=RECV dropoff=B-01
20260908_023026_d2fba4,1835,task_created,,G00698,type=PICK pickup=E-05 dropoff=PICK-1
20260908_023026_d2fba4,1842,task_assigned,R7,G00558,
20260908_023026_d2fba4,1843,task_completed,R6,G00686,
20260908_023026_d2fba4,1843,task_created,,G00699,type=PUTAWAY pickup=RECV dropoff=F-08
20260908_023026_d2fba4,1843,task_created,,G00700,type=PACK pickup=PICK-3 dropoff=PACK-2
20260908_023026_d2fba4,1843,task_created,,G00701,type=SHIP pickup=STAGING dropoff=DOCK-2
20260908_023026_d2fba4,1844,task_completed,R1,G00682,
20260908_023026_d2fba4,1844,task_assigned,R12,G00690,
20260908_023026_d2fba4,1844,task_assigned,R6,G00701,
20260908_023026_d2fba4,1845,task_completed,R9,G00677,
20260908_023026_d2fba4,1845,task_completed,R3,G00695,
20260908_023026_d2fba4,1845,task_assigned,R1,G00696,
20260908_023026_d2fba4,1845,task_created,,G00702,type=PICK pickup=C-03 dropoff=PICK-1
20260908_023026_d2fba4,1846,task_assigned,R9,G00689,
20260908_023026_d2fba4,1846,task_assigned,R3,G00700,
20260908_023026_d2fba4,1847,task_completed,R4,G00687,
20260908_023026_d2fba4,1848,task_assigned,R4,G00693,
20260908_023026_d2fba4,1851,task_created,,G00703,type=PUTAWAY pickup=BUFFER dropoff=G-06
20260908_023026_d2fba4,1853,task_completed,R8,G00692,
20260908_023026_d2fba4,1854,task_assigned,R8,G00698,
20260908_023026_d2fba4,1855,task_created,,G00704,type=PICK pickup=D-06 dropoff=PICK-1
20260908_023026_d2fba4,1855,task_created,,G00705,type=PACK pickup=PICK-1 dropoff=PACK-2
20260908_023026_d2fba4,1856,task_completed,R13,G00563,
20260908_023026_d2fba4,1857,task_created,,G00706,type=SHIP pickup=STAGING dropoff=DOCK-1
20260908_023026_d2fba4,1857,task_assigned,R13,G00706,
20260908_023026_d2fba4,1859,task_created,,G00707,type=PUTAWAY pickup=RECV dropoff=B-01
20260908_023026_d2fba4,1860,task_completed,R12,G00690,
20260908_023026_d2fba4,1861,task_completed,R9,G00689,
20260908_023026_d2fba4,1861,task_completed,R6,G00701,
20260908_023026_d2fba4,1861,task_assigned,R12,G00705,
20260908_023026_d2fba4,1862,task_assigned,R6,G00702,
20260908_023026_d2fba4,1862,task_assigned,R9,G00704,
20260908_023026_d2fba4,1865,task_created,,G00708,type=PICK pickup=F-06 dropoff=PICK-2
20260908_023026_d2fba4,1865,task_assigned,R2,G00708,
20260908_023026_d2fba4,1866,task_assigned,R10,G00548,
20260908_023026_d2fba4,1867,task_completed,R3,G00700,
20260908_023026_d2fba4,1867,task_created,,G00709,type=PUTAWAY pickup=RECV dropoff=H-06
20260908_023026_d2fba4,1867,task_created,,G00710,type=PACK pickup=PICK-2 dropoff=PACK-2
20260908_023026_d2fba4,1867,task_assigned,R11,G00710,
20260908_023026_d2fba4,1868,task_assigned,R5,G00566,
20260908_023026_d2fba4,1868,task_assigned,R3,G00570,
20260908_023026_d2fba4,1871,task_created,,G00711,type=SHIP pickup=STAGING dropoff=DOCK-1
20260908_023026_d2fba4,1873,task_completed,R7,G00558,
20260908_023026_d2fba4,1873,task_completed,R1,G00696,
20260908_023026_d2fba4,1874,task_assigned,R7,G00572,
20260908_023026_d2fba4,1874,task_assigned,R1,G00711,
20260908_023026_d2fba4,1875,task_created,,G00712,type=PUTAWAY pickup=RECV dropoff=A-02
20260908_023026_d2fba4,1875,task_created,,G00713,type=PICK pickup=H-06 dropoff=PICK-1
20260908_023026_d2fba4,1879,task_completed,R4,G00693,
20260908_023026_d2fba4,1879,task_created,,G00714,type=PACK pickup=PICK-3 dropoff=PACK-2
20260908_023026_d2fba4,1880,task_completed,R1,G00711,
20260908_023026_d2fba4,1880,task_assigned,R4,G00714,
20260908_023026_d2fba4,1881,task_assigned,R1,G00713,
20260908_023026_d2fba4,1882,task_completed,R8,G00698,
20260908_023026_d2fba4,1883,task_assigned,R8,G00575,
20260908_023026_d2fba4,1883,task_interrupted,R9,G00704,
20260908_023026_d2fba4,1883,task_created,,G00715,type=PUTAWAY pickup=RECV dropoff=A-04
20260908_023026_d2fba4,1884,task_completed,R13,G00706,
20260908_023026_d2fba4,1885,task_created,,G00716,type=PICK pickup=H-06 dropoff=PICK-2
20260908_023026_d2fba4,1885,task_created,,G00717,type=SHIP pickup=STAGING dropoff=DOCK-1
20260908_023026_d2fba4,1885,task_interrupted,,G00717,
20260908_023026_d2fba4,1888,task_completed,R4,G00714,
20260908_023026_d2fba4,1889,task_assigned,R4,G00717,
20260908_023026_d2fba4,1891,task_created,,G00718,type=PUTAWAY pickup=BUFFER dropoff=F-06
20260908_023026_d2fba4,1891,task_created,,G00719,type=PACK pickup=PICK-2 dropoff=PACK-2
20260908_023026_d2fba4,1892,task_completed,R12,G00705,
20260908_023026_d2fba4,1893,task_assigned,R12,G00719,
20260908_023026_d2fba4,1894,task_completed,R5,G00566,
20260908_023026_d2fba4,1894,task_completed,R3,G00570,
20260908_023026_d2fba4,1895,task_completed,R6,G00702,
20260908_023026_d2fba4,1895,task_assigned,R5,G00704,
20260908_023026_d2fba4,1895,task_assigned,R3,G00716,
20260908_023026_d2fba4,1895,task_created,,G00720,type=PICK pickup=E-03 dropoff=PICK-2
20260908_023026_d2fba4,1896,task_completed,R11,G00710,
20260908_023026_d2fba4,1896,task_completed,R4,G00717,
20260908_023026_d2fba4,1896,task_assigned,R6,G00720,
20260908_023026_d2fba4,1897,task_assigned,R11,G00579,
20260908_023026_d2fba4,1899,task_created,,G00721,type=PUTAWAY pickup=BUFFER dropoff=C-05
20260908_023026_d2fba4,1899,task_created,,G00722,type=SHIP pickup=STAGING dropoff=DOCK-2
20260908_023026_d2fba4,1899,task_assigned,R4,G00722,
20260908_023026_d2fba4,1903,task_interrupted,R4,G00722,
20260908_023026_d2fba4,1903,task_created,,G00723,type=PACK pickup=PICK-1 dropoff=PACK-1
20260908_023026_d2fba4,1905,task_completed,R8,G00575,
20260908_023026_d2fba4,1905,task_created,,G00724,type=PICK pickup=E-02 dropoff=PICK-1
20260908_023026_d2fba4,1906,task_completed,R12,G00719,
20260908_023026_d2fba4,1906,task_assigned,R8,G00722,
20260908_023026_d2fba4,1907,task_assigned,R13,G00723,
20260908_023026_d2fba4,1907,task_assigned,R12,G00724,
20260908_023026_d2fba4,1907,task_created,,G00725,type=PUTAWAY pickup=RECV dropoff=F-06
20260908_023026_d2fba4,1911,task_interrupted,R6,G00720,
20260908_023026_d2fba4,1913,task_completed,R10,G00548,
20260908_023026_d2fba4,1913,task_created,,G00726,type=SHIP pickup=STAGING dropoff=DOCK-2
20260908_023026_d2fba4,1914,task_completed,R7,G00572,
20260908_023026_d2fba4,1914,task_assigned,R10,G00726,
20260908_023026_d2fba4,1915,task_created,,G00727,type=PUTAWAY pickup=RECV dropoff=F-08
20260908_023026_d2fba4,1915,task_created,,G00728,type=PICK pickup=F-04 dropoff=PICK-2
20260908_023026_d2fba4,1915,task_created,,G00729,type=PACK pickup=PICK-2 dropoff=PACK-1
20260908_023026_d2fba4,1915,task_assigned,R7,G00729,
20260908_023026_d2fba4,1916,task_completed,R2,G00708,
20260908_023026_d2fba4,1917,task_assigned,R2,G00720,
20260908_023026_d2fba4,1919,task_assigned,R9,G00728,
20260908_023026_d2fba4,1920,task_completed,R8,G00722,
20260908_023026_d2fba4,1923,task_created,,G00730,type=PUTAWAY pickup=RECV dropoff=F-07
20260908_023026_d2fba4,1925,task_completed,R3,G00716,
20260908_023026_d2fba4,1925,task_created,,G00731,type=PICK pickup=C-07 dropoff=PICK-3
20260908_023026_d2fba4,1925,task_interrupted,,G00731,
20260908_023026_d2fba4,1926,task_assigned,R3,G00731,
20260908_023026_d2fba4,1927,task_created,,G00732,type=PACK pickup=PICK-2 dropoff=PACK-2
20260908_023026_d2fba4,1927,task_created,,G00733,type=SHIP pickup=STAGING dropoff=DOCK-1
20260908_023026_d2fba4,1928,task_completed,R1,G00713,
20260908_023026_d2fba4,1929,task_completed,R11,G00579,
20260908_023026_d2fba4,1929,task_completed,R7,G00729,
20260908_023026_d2fba4,1929,task_assigned,R1,G00733,
20260908_023026_d2fba4,1930,task_assigned,R7,G00581,
20260908_023026_d2fba4,1930,task_assigned,R11,G00732,
20260908_023026_d2fba4,1931,task_assigned,R4,G00585,
20260908_023026_d2fba4,1931,task_created,,G00734,type=PUTAWAY pickup=BUFFER dropoff=E-02
20260908_023026_d2fba4,1933,task_completed,R13,G00723,
20260908_023026_d2fba4,1934,task_assigned,R13,G00588,
20260908_023026_d2fba4,1935,task_created,,G00735,type=PICK pickup=C-07 dropoff=PICK-2
20260908_023026_d2fba4,1936,task_completed,R10,G00726,
20260908_023026_d2fba4,1937,task_completed,R5,G00704,
20260908_023026_d2fba4,1937,task_assigned,R10,G00735,
20260908_023026_d2fba4,1938,task_assigned,R6,G00590,
20260908_023026_d2fba4,1938,task_assigned,R5,G00593,
20260908_023026_d2fba4,1938,task_completed,R2,G00720,
20260908_023026_d2fba4,1939,task_completed,R12,G00724,
20260908_023026_d2fba4,1939,task_created,,G00736,type=PUTAWAY pickup=BUFFER dropoff=F-08
20260908_023026_d2fba4,1939,task_created,,G00737,type=PACK pickup=PICK-3 dropoff=PACK-2
20260908_023026_d2fba4,1939,task_assigned,R2,G00737,
20260908_023026_d2fba4,1940,task_assigned,R12,G00597,
20260908_023026_d2fba4,1941,task_completed,R3,G00731,
20260908_023026_d2fba4,1941,task_created,,G00738,type=SHIP pickup=STAGING dropoff=DOCK-1
20260908_023026_d2fba4,1942,task_assigned,R3,G00738,
20260908_023026_d2fba4,1945,task_created,,G00739,type=PICK pickup=D-06 dropoff=PICK-1
20260908_023026_d2fba4,1947,task_completed,R1,G00733,
20260908_023026_d2fba4,1947,task_created,,G00740,type=PUTAWAY pickup=RECV dropoff=A-08
20260908_023026_d2fba4,1948,task_assigned,R1,G00739,
20260908_023026_d2fba4,1950,task_assigned,R8,G00600,
20260908_023026_d2fba4,1950,task_completed,R11,G00732,
20260908_023026_d2fba4,1951,task_created,,G00741,type=PACK pickup=PICK-2 dropoff=PACK-2
20260908_023026_d2fba4,1951,task_assigned,R11,G00741,
20260908_023026_d2fba4,1955,task_created,,G00742,type=PUTAWAY pickup=RECV dropoff=G-04
20260908_023026_d2fba4,1955,task_created,,G00743,type=PICK pickup=D-07 dropoff=PICK-3
20260908_023026_d2fba4,1955,task_created,,G00744,type=SHIP pickup=STAGING dropoff=DOCK-1
20260908_023026_d2fba4,1960,task_completed,R13,G00588,
20260908_023026_d2fba4,1960,task_completed,R10,G00735,
20260908_023026_d2fba4,1960,task_completed,R3,G00738,
20260908_023026_d2fba4,1961,task_assigned,R3,G00603,
20260908_023026_d2fba4,1961,task_completed,R9,G00728,
20260908_023026_d2fba4,1961,task_completed,R2,G00737,
20260908_023026_d2fba4,1961,task_assigned,R10,G00743,
20260908_023026_d2fba4,1961,task_assigned,R13,G00744,
20260908_023026_d2fba4,1962,task_assigned,R9,G00606,
20260908_023026_d2fba4,1962,task_assigned,R2,G00608,
20260908_023026_d2fba4,1963,task_created,,G00745,type=PUTAWAY pickup=BUFFER dropoff=F-06
20260908_023026_d2fba4,1963,task_created,,G00746,type=PACK pickup=PICK-2 dropoff=PACK-1
20260908_023026_d2fba4,1964,task_completed,R11,G00741,
20260908_023026_d2fba4,1965,task_assigned,R11,G00746,
20260908_023026_d2fba4,1965,task_created,,G00747,type=PICK pickup=H-06 dropoff=PICK-3
20260908_023026_d2fba4,1967,task_completed,R12,G00597,
20260908_023026_d2fba4,1968,task_assigned,R12,G00747,
20260908_023026_d2fba4,1969,task_completed,R5,G00593,
20260908_023026_d2fba4,1969,task_created,,G00748,type=SHIP pickup=STAGING dropoff=DOCK-2
20260908_023026_d2fba4,1970,task_assigned,R5,G00748,
20260908_023026_d2fba4,1971,task_created,,G00749,type=PUTAWAY pickup=BUFFER dropoff=C-04
20260908_023026_d2fba4,1975,task_created,,G00750,type=PICK pickup=C-05 dropoff=PICK-2
20260908_023026_d2fba4,1975,task_created,,G00751,type=PACK pickup=PICK-3 dropoff=PACK-1
20260908_023026_d2fba4,1978,task_completed,R6,G00590,
20260908_023026_d2fba4,1979,task_completed,R13,G00744,
20260908_023026_d2fba4,1979,task_assigned,R6,G00751,
20260908_023026_d2fba4,1979,task_created,,G00752,type=PUTAWAY pickup=RECV dropoff=F-02
20260908_023026_d2fba4,1980,task_assigned,R13,G00750,
20260908_023026_d2fba4,1981,task_completed,R11,G00746,
20260908_023026_d2fba4,1982,task_assigned,R11,G00612,
20260908_023026_d2fba4,1983,task_created,,G00753,type=SHIP pickup=STAGING dropoff=DOCK-2
20260908_023026_d2fba4,1985,task_completed,R7,G00581,
20260908_023026_d2fba4,1985,task_created,,G00754,type=PICK pickup=C-03 dropoff=PICK-2
20260908_023026_d2fba4,1986,task_assigned,R7,G00753,
20260908_023026_d2fba4,1987,task_created,,G00755,type=PUTAWAY pickup=RECV dropoff=F-06
20260908_023026_d2fba4,1987,task_created,,G00756,type=PACK pickup=PICK-1 dropoff=PACK-1
20260908_023026_d2fba4,1990,task_completed,R5,G00748,
20260908_023026_d2fba4,1991,task_assigned,R5,G00756,
20260908_023026_d2fba4,1993,task_completed,R1,G00739,
20260908_023026_d2fba4,1994,task_completed,R3,G00603,
20260908_023026_d2fba4,1994,task_assigned,R1,G00754,
20260908_023026_d2fba4,1995,task_completed,R2,G00608,
20260908_023026_d2fba4,1995,task_created,,G00757,type=PUTAWAY pickup=BUFFER dropoff=G-01
20260908_023026_d2fba4,1995,task_created,,G00758,type=PICK pickup=A-01 dropoff=PICK-1
20260908_023026_d2fba4,1995,task_assigned,R3,G00758,
20260908_023026_d2fba4,1996,task_assigned,R2,G00615,
20260908_023026_d2fba4,1997,task_created,,G00759,type=SHIP pickup=STAGING dropoff=DOCK-2
20260908_023026_d2fba4,1998,task_completed,R10,G00743,
20260908_023026_d2fba4,1999,task_assigned,R10,G00759,
20260908_023026_d2fba4,1999,task_created,,G00760,type=PACK pickup=PICK-2 dropoff=PACK-1
20260908_023026_d2fba4,2001,task_completed,R6,G00751,
20260908_023026_d2fba4,2002,task_assigned,R6,G00760,
20260908_023026_d2fba4,2003,task_created,,G00761,type=PUTAWAY pickup=RECV dropoff=D-08
20260908_023026_d2fba4,2005,task_created,,G00762,type=PICK pickup=F-03 dropoff=PICK-1
20260908_023026_d2fba4,2006,task_completed,R4,G00585,
20260908_023026_d2fba4,2006,task_completed,R12,G00747,
20260908_023026_d2fba4,2007,task_assigned,R12,G00618,
20260908_023026_d2fba4,2007,task_assigned,R4,G00762,
20260908_023026_d2fba4,2011,task_completed,R8,G00600,
20260908_023026_d2fba4,2011,task_created,,G00763,type=PUTAWAY pickup=BUFFER dropoff=D-01
20260908_023026_d2fba4,2011,task_created,,G00764,type=PACK pickup=PICK-1 dropoff=PACK-1
20260908_023026_d2fba4,2011,task_created,,G00765,type=SHIP pickup=STAGING dropoff=DOCK-2
20260908_023026_d2fba4,2012,task_assigned,R8,G00765,
20260908_023026_d2fba4,2013,task_completed,R7,G00753,
20260908_023026_d2fba4,2013,task_completed,R6,G00760,
20260908_023026_d2fba4,2014,task_completed,R9,G00606,
20260908_023026_d2fba4,2014,task_assigned,R7,G00621,
20260908_023026_d2fba4,2014,task_completed,R13,G00750,
20260908_023026_d2fba4,2014,task_assigned,R6,G00764,
20260908_023026_d2fba4,2015,task_assigned,R9,G00624,
20260908_023026_d2fba4,2015,task_created,,G00766,type=PICK pickup=D-07 dropoff=PICK-2
20260908_023026_d2fba4,2015,task_assigned,R13,G00766,
20260908_023026_d2fba4,2017,task_completed,R5,G00756,
20260908_023026_d2fba4,2017,task_completed,R3,G00758,
20260908_023026_d2fba4,2018,task_assigned,R5,G00627,
20260908_023026_d2fba4,2018,task_completed,R10,G00759,
20260908_023026_d2fba4,2019,task_assigned,R10,G00630,
20260908_023026_d2fba4,2019,task_created,,G00767,type=PUTAWAY pickup=BUFFER dropoff=A-05
20260908_023026_d2fba4,2022,task_completed,R11,G00612,
20260908_023026_d2fba4,2023,task_created,,G00768,type=PACK pickup=PICK-2 dropoff=PACK-1
20260908_023026_d2fba4,2023,task_assigned,R11,G00768,
20260908_023026_d2fba4,2024,task_completed,R2,G00615,
20260908_023026_d2fba4,2025,task_created,,G00769,type=PICK pickup=C-05 dropoff=PICK-3
20260908_023026_d2fba4,2025,task_created,,G00770,type=SHIP pickup=STAGING dropoff=DOCK-2
20260908_023026_d2fba4,2025,task_assigned,R2,G00770,
20260908_023026_d2fba4,2027,task_created,,G00771,type=PUTAWAY pickup=BUFFER dropoff=B-01
20260908_023026_d2fba4,2028,task_completed,R1,G00754,
20260908_023026_d2fba4,2029,task_assigned,R1,G00769,
20260908_023026_d2fba4,2033,task_completed,R6,G00764,
20260908_023026_d2fba4,2033,task_completed,R8,G00765,
20260908_023026_d2fba4,2034,task_assigned,R8,G00634,
20260908_023026_d2fba4,2034,task_assigned,R6,G00635,
20260908_023026_d2fba4,2035,task_completed,R11,G00768,
20260908_023026_d2fba4,2035,task_created,,G00772,type=PUTAWAY pickup=RECV dropoff=F-03
20260908_023026_d2fba4,2035,task_created,,G00773,type=PICK pickup=D-05 dropoff=PICK-2
20260908_023026_d2fba4,2035,task_created,,G00774,type=PACK pickup=PICK-2 dropoff=PACK-2
20260908_023026_d2fba4,2036,task_assigned,R11,G00774,
20260908_023026_d2fba4,2037,task_interrupted,R1,G00769,
20260908_023026_d2fba4,2038,task_assigned,R3,G00769,
20260908_023026_d2fba4,2039,task_created,,G00775,type=SHIP pickup=STAGING dropoff=DOCK-2
20260908_023026_d2fba4,2042,task_completed,R9,G00624,
20260908_023026_d2fba4,2043,task_assigned,R9,G00775,
20260908_023026_d2fba4,2043,task_created,,G00776,type=PUTAWAY pickup=RECV dropoff=H-07
20260908_023026_d2fba4,2045,task_created,,G00777,type=PICK pickup=F-01 dropoff=PICK-1
20260908_023026_d2fba4,2046,task_completed,R5,G00627,
20260908_023026_d2fba4,2047,task_created,,G00778,type=PACK pickup=PICK-1 dropoff=PACK-1
20260908_023026_d2fba4,2047,task_assigned,R5,G00778,
20260908_023026_d2fba4,2050,task_completed,R7,G00621,
20260908_023026_d2fba4,2050,task_completed,R11,G00774,
20260908_023026_d2fba4,2051,task_assigned,R11,G00773,
20260908_023026_d2fba4,2051,task_assigned,R7,G00777,
20260908_023026_d2fba4,2051,task_created,,G00779,type=PUTAWAY pickup=BUFFER dropoff=H-01
20260908_023026_d2fba4,2052,task_completed,R13,G00766,
20260908_023026_d2fba4,2052,task_completed,R2,G00770,
20260908_023026_d2fba4,2053,task_assigned,R2,G00639,
20260908_023026_d2fba4,2053,task_completed,R4,G00762,
20260908_023026_d2fba4,2053,task_created,,G00780,type=SHIP pickup=STAGING dropoff=DOCK-1
20260908_023026_d2fba4,2053,task_assigned,R13,G00780,
20260908_023026_d2fba4,2054,task_assigned,R4,G00643,
20260908_023026_d2fba4,2055,task_created,,G00781,type=PICK pickup=E-01 dropoff=PICK-2
20260908_023026_d2fba4,2057,task_completed,R12,G00618,
20260908_023026_d2fba4,2059,task_created,,G00782,type=PUTAWAY pickup=RECV dropoff=A-08
20260908_023026_d2fba4,2059,task_created,,G00783,type=PACK pickup=PICK-1 dropoff=PACK-1
20260908_023026_d2fba4,2059,task_assigned,R12,G00783,
20260908_023026_d2fba4,2060,task_interrupted,R7,G00777,
20260908_023026_d2fba4,2061,task_completed,R13,G00780,
20260908_023026_d2fba4,2062,task_assigned,R13,G00777,
20260908_023026_d2fba4,2062,task_interrupted,R12,G00783,
20260908_023026_d2fba4,2064,task_completed,R5,G00778,
20260908_023026_d2fba4,2065,task_assigned,R5,G00783,
20260908_023026_d2fba4,2065,task_created,,G00784,type=PICK pickup=A-05 dropoff=PICK-3
20260908_023026_d2fba4,2067,task_completed,R8,G00634,
20260908_023026_d2fba4,2067,task_created,,G00785,type=PUTAWAY pickup=BUFFER dropoff=F-04
20260908_023026_d2fba4,2067,task_created,,G00786,type=SHIP pickup=STAGING dropoff=DOCK-2
20260908_023026_d2fba4,2068,task_assigned,R8,G00786,
20260908_023026_d2fba4,2071,task_created,,G00787,type=PACK pickup=PICK-3 dropoff=PACK-2
20260908_023026_d2fba4,2075,task_created,,G00788,type=PUTAWAY pickup=RECV dropoff=A-08
20260908_023026_d2fba4,2075,task_created,,G00789,type=PICK pickup=C-05 dropoff=PICK-2
20260908_023026_d2fba4,2077,task_completed,R6,G00635,
20260908_023026_d2fba4,2077,task_completed,R9,G00775,
20260908_023026_d2fba4,2078,task_completed,R4,G00643,
20260908_023026_d2fba4,2078,task_assigned,R6,G00781,
20260908_023026_d2fba4,2078,task_assigned,R9,G00784,
20260908_023026_d2fba4,2078,task_assigned,R1,G00787,
20260908_023026_d2fba4,2079,task_assigned,R4,G00789,
20260908_023026_d2fba4,2080,task_completed,R10,G00630,
20260908_023026_d2fba4,2081,task_created,,G00790,type=SHIP pickup=STAGING dropoff=DOCK-2
20260908_023026_d2fba4,2081,task_assigned,R10,G00790,
20260908_023026_d2fba4,2082,task_completed,R11,G00773,
20260908_023026_d2fba4,2083,task_created,,G00791,type=PUTAWAY pickup=BUFFER dropoff=H-07
20260908_023026_d2fba4,2083,task_created,,G00792,type=PACK pickup=PICK-3 dropoff=PACK-1
20260908_023026_d2fba4,2083,task_assigned,R11,G00792,
20260908_023026_d2fba4,2085,task_completed,R3,G00769,
20260908_023026_d2fba4,2085,task_created,,G00793,type=PICK pickup=F-04 dropoff=PICK-2
20260908_023026_d2fba4,2086,task_completed,R5,G00783,
20260908_023026_d2fba4,2086,task_assigned,R3,G00793,
20260908_023026_d2fba4,2091,task_completed,R4,G00789,
20260908_023026_d2fba4,2091,task_created,,G00794,type=PUTAWAY pickup=RECV dropoff=H-06
20260908_023026_d2fba4,2092,task_assigned,R4,G00645,
20260908_023026_d2fba4,2092,task_completed,R8,G00786,
20260908_023026_d2fba4,2093,task_assigned,R8,G00649,
20260908_023026_d2fba4,2094,task_interrupted,R10,G00790,
20260908_023026_d2fba4,2094,task_interrupted,R11,G00792,
20260908_023026_d2fba4,2095,task_created,,G00795,type=PICK pickup=E-03 dropoff=PICK-1
20260908_023026_d2fba4,2095,task_created,,G00796,type=PACK pickup=PICK-1 dropoff=PACK-2
20260908_023026_d2fba4,2095,task_created,,G00797,type=SHIP pickup=STAGING dropoff=DOCK-1
20260908_023026_d2fba4,2096,task_assigned,R7,G00790,
20260908_023026_d2fba4,2096,task_assigned,R12,G00797,
20260908_023026_d2fba4,2098,task_completed,R13,G00777,
20260908_023026_d2fba4,2099,task_interrupted,R2,G00639,
20260908_023026_d2fba4,2099,task_assigned,R13,G00792,
20260908_023026_d2fba4,2099,task_created,,G00798,type=PUTAWAY pickup=RECV dropoff=B-05
20260908_023026_d2fba4,2105,task_created,,G00799,type=PICK pickup=H-07 dropoff=PICK-2
20260908_023026_d2fba4,2107,task_created,,G00800,type=PUTAWAY pickup=RECV dropoff=D-06
20260908_023026_d2fba4,2107,task_created,,G00801,type=PACK pickup=PICK-1 dropoff=PACK-1
20260908_023026_d2fba4,2109,task_created,,G00802,type=SHIP pickup=STAGING dropoff=DOCK-1
20260908_023026_d2fba4,2110,task_completed,R4,G00645,
20260908_023026_d2fba4,2110,task_assigned,R5,G00802,
20260908_023026_d2fba4,2111,task_completed,R7,G00790,
20260908_023026_d2fba4,2111,task_assigned,R4,G00796,
20260908_023026_d2fba4,2112,task_completed,R3,G00793,
20260908_023026_d2fba4,2112,task_assigned,R7,G00801,
20260908_023026_d2fba4,2113,task_assigned,R3,G00795,
20260908_023026_d2fba4,2113,task_completed,R12,G00797,
20260908_023026_d2fba4,2114,task_completed,R1,G00787,
20260908_023026_d2fba4,2114,task_assigned,R12,G00799,
20260908_023026_d2fba4,2115,task_created,,G00803,type=PUTAWAY pickup=RECV dropoff=B-06
20260908_023026_d2fba4,2115,task_created,,G00804,type=PICK pickup=F-08 dropoff=PICK-1
20260908_023026_d2fba4,2115,task_assigned,R1,G00804,
20260908_023026_d2fba4,2119,task_created,,G00805,type=PACK pickup=PICK-2 dropoff=PACK-2
20260908_023026_d2fba4,2123,task_created,,G00806,type=PUTAWAY pickup=BUFFER dropoff=C-08
20260908_023026_d2fba4,2123,task_created,,G00807,type=SHIP pickup=STAGING dropoff=DOCK-2
20260908_023026_d2fba4,2125,task_created,,G00808,type=PICK pickup=A-04 dropoff=PICK-2
20260908_023026_d2fba4,2126,task_completed,R6,G00781,
20260908_023026_d2fba4,2126,task_completed,R5,G00802,
20260908_023026_d2fba4,2127,task_assigned,R6,G00805,
20260908_023026_d2fba4,2127,task_assigned,R5,G00807,
20260908_023026_d2fba4,2128,task_completed,R9,G00784,
20260908_023026_d2fba4,2129,task_assigned,R9,G00639,
20260908_023026_d2fba4,2129,task_assigned,R10,G00808,
20260908_023026_d2fba4,2131,task_created,,G00809,type=PUTAWAY pickup=RECV dropoff=A-05
20260908_023026_d2fba4,2131,task_created,,G00810,type=PACK pickup=PICK-3 dropoff=PACK-1
20260908_023026_d2fba4,2132,task_completed,R3,G00795,
20260908_023026_d2fba4,2132,task_completed,R5,G00807,
20260908_023026_d2fba4,2133,task_assigned,R3,G00651,
20260908_023026_d2fba4,2133,task_completed,R6,G00805,
20260908_023026_d2fba4,2133,task_assigned,R5,G00810,
20260908_023026_d2fba4,2134,task_assigned,R6,G00654,
20260908_023026_d2fba4,2135,task_created,,G00811,type=PICK pickup=B-02 dropoff=PICK-2
20260908_023026_d2fba4,2136,task_completed,R8,G00649,
20260908_023026_d2fba4,2136,task_completed,R4,G00796,
20260908_023026_d2fba4,2136,task_assigned,R11,G00811,
20260908_023026_d2fba4,2137,task_assigned,R4,G00657,
20260908_023026_d2fba4,2137,task_completed,R13,G00792,
20260908_023026_d2fba4,2137,task_completed,R1,G00804,
20260908_023026_d2fba4,2137,task_created,,G00812,type=SHIP pickup=STAGING dropoff=DOCK-2
20260908_023026_d2fba4,2137,task_assigned,R8,G00812,
20260908_023026_d2fba4,2138,task_assigned,R1,G00661,
20260908_023026_d2fba4,2139,task_assigned,R2,G00664,
20260908_023026_d2fba4,2139,task_created,,G00813,type=PUTAWAY pickup=BUFFER dropoff=A-05
20260908_023026_d2fba4,2143,task_completed,R7,G00801,
20260908_023026_d2fba4,2143,task_created,,G00814,type=PACK pickup=PICK-2 dropoff=PACK-2
20260908_023026_d2fba4,2143,task_assigned,R13,G00814,
20260908_023026_d2fba4,2144,task_assigned,R7,G00666,
20260908_023026_d2fba4,2145,task_interrupted,R9,G00639,
20260908_023026_d2fba4,2145,task_created,,G00815,type=PICK pickup=A-07 dropoff=PICK-3
20260908_023026_d2fba4,2147,task_created,,G00816,type=PUTAWAY pickup=BUFFER dropoff=H-04
20260908_023026_d2fba4,2150,task_completed,R12,G00799,
20260908_023026_d2fba4,2151,task_interrupted,R6,G00654,
20260908_023026_d2fba4,2151,task_created,,G00817,type=SHIP pickup=STAGING dropoff=DOCK-1
20260908_023026_d2fba4,2151,task_assigned,R12,G00817,
20260908_023026_d2fba4,2152,task_interrupted,R4,G00657,
20260908_023026_d2fba4,2153,task_interrupted,R13,G00814,
20260908_023026_d2fba4,2154,task_completed,R8,G00812,
20260908_023026_d2fba4,2155,task_assigned,R8,G00814,
20260908_023026_d2fba4,2155,task_created,,G00818,type=PUTAWAY pickup=RECV dropoff=B-07
20260908_023026_d2fba4,2155,task_created,,G00819,type=PICK pickup=B-01 dropoff=PICK-1
20260908_023026_d2fba4,2155,task_created,,G00820,type=PACK pickup=PICK-1 dropoff=PACK-2
20260908_023026_d2fba4,2157,task_completed,R10,G00808,
20260908_023026_d2fba4,2158,task_assigned,R10,G00820,
20260908_023026_d2fba4,2159,task_completed,R5,G00810,
20260908_023026_d2fba4,2160,task_assigned,R5,G00815,
20260908_023026_d2fba4,2161,task_completed,R12,G00817,
20260908_023026_d2fba4,2162,task_completed,R3,G00651,
20260908_023026_d2fba4,2162,task_assigned,R12,G00819,
20260908_023026_d2fba4,2163,task_assigned,R3,G00639,
20260908_023026_d2fba4,2163,task_created,,G00821,type=PUTAWAY pickup=BUFFER dropoff=H-05
20260908_023026_d2fba4,2165,task_completed,R3,G00639,
20260908_023026_d2fba4,2165,task_created,,G00822,type=PICK pickup=C-08 dropoff=PICK-2
20260908_023026_d2fba4,2165,task_created,,G00823,type=SHIP pickup=STAGING dropoff=DOCK-2
20260908_023026_d2fba4,2166,task_completed,R1,G00661,
20260908_023026_d2fba4,2166,task_assigned,R3,G00823,
20260908_023026_d2fba4,2167,task_created,,G00824,type=PACK pickup=PICK-3 dropoff=PACK-2
20260908_023026_d2fba4,2167,task_assigned,R1,G00824,
20260908_023026_d2fba4,2169,task_completed,R11,G00811,
20260908_023026_d2fba4,2170,task_completed,R8,G00814,
20260908_023026_d2fba4,2170,task_assigned,R11,G00822,
20260908_023026_d2fba4,2171,task_assigned,R8,G00654,
20260908_023026_d2fba4,2171,task_created,,G00825,type=PUTAWAY pickup=BUFFER dropoff=C-07
20260908_023026_d2fba4,2175,task_created,,G00826,type=PICK pickup=E-04 dropoff=PICK-1
20260908_023026_d2fba4,2177,task_assigned,R4,G00657,
20260908_023026_d2fba4,2178,task_assigned,R6,G00826,
20260908_023026_d2fba4,2179,task_created,,G00827,type=PUTAWAY pickup=RECV dropoff=C-08
20260908_023026_d2fba4,2179,task_created,,G00828,type=PACK pickup=PICK-3 dropoff=PACK-2
20260908_023026_d2fba4,2179,task_created,,G00829,type=SHIP pickup=STAGING dropoff=DOCK-2
20260908_023026_d2fba4,2180,task_completed,R10,G00820,
20260908_023026_d2fba4,2181,task_assigned,R10,G00829,
20260908_023026_d2fba4,2182,task_completed,R1,G00824,
20260908_023026_d2fba4,2182,task_assigned,R13,G00828,
20260908_023026_d2fba4,2183,task_interrupted,R8,G00654,
20260908_023026_d2fba4,2183,task_assigned,R1,G00670,
20260908_023026_d2fba4,2184,task_completed,R2,G00664,
20260908_023026_d2fba4,2185,task_created,,G00830,type=PICK pickup=D-04 dropoff=PICK-1
20260908_023026_d2fba4,2185,task_assigned,R2,G00830,
20260908_023026_d2fba4,2187,task_created,,G00831,type=PUTAWAY pickup=RECV dropoff=C-04
20260908_023026_d2fba4,2188,task_completed,R10,G00829,
20260908_023026_d2fba4,2189,task_assigned,R10,G00654,
20260908_023026_d2fba4,2191,task_completed,R3,G00823,
20260908_023026_d2fba4,2191,task_created,,G00832,type=PACK pickup=PICK-2 dropoff=PACK-2
20260908_023026_d2fba4,2192,task_assigned,R3,G00832,
20260908_023026_d2fba4,2193,task_created,,G00833,type=SHIP pickup=STAGING dropoff=DOCK-2
20260908_023026_d2fba4,2195,task_completed,R12,G00819,
20260908_023026_d2fba4,2195,task_created,,G00834,type=PUTAWAY pickup=RECV dropoff=F-02
20260908_023026_d2fba4,2195,task_created,,G00835,type=PICK pickup=B-06 dropoff=PICK-2
20260908_023026_d2fba4,2196,task_completed,R5,G00815,
20260908_023026_d2fba4,2196,task_assigned,R12,G00833,
20260908_023026_d2fba4,2197,task_assigned,R5,G00835,
20260908_023026_d2fba4,2198,task_completed,R11,G00822,
20260908_023026_d2fba4,2199,task_assigned,R11,G00672,
20260908_023026_d2fba4,2200,task_completed,R7,G00666,
20260908_023026_d2fba4,2201,task_assigned,R7,G00676,
20260908_023026_d2fba4,2202,task_assigned,R9,G00679,
20260908_023026_d2fba4,2203,task_created,,G00836,type=PUTAWAY pickup=RECV dropoff=E-04
20260908_023026_d2fba4,2203,task_created,,G00837,type=PACK pickup=PICK-1 dropoff=PACK-2
20260908_023026_d2fba4,2205,task_created,,G00838,type=PICK pickup=B-03 dropoff=PICK-3
20260908_023026_d2fba4,2207,task_created,,G00839,type=SHIP pickup=STAGING dropoff=DOCK-2
20260908_023026_d2fba4,2208,task_completed,R3,G00832,
20260908_023026_d2fba4,2209,task_assigned,R3,G00837,
20260908_023026_d2fba4,2209,task_assigned,R8,G00839,
20260908_023026_d2fba4,2211,task_created,,G00840,type=PUTAWAY pickup=RECV dropoff=H-06
20260908_023026_d2fba4,2212,task_completed,R12,G00833,
20260908_023026_d2fba4,2213,task_completed,R6,G00826,
20260908_023026_d2fba4,2213,task_assigned,R12,G00838,
20260908_023026_d2fba4,2214,task_assigned,R6,G00681,
20260908_023026_d2fba4,2215,task_completed,R7,G00676,
20260908_023026_d2fba4,2215,task_created,,G00841,type=PICK pickup=C-07 dropoff=PICK-2
20260908_023026_d2fba4,2215,task_created,,G00842,type=PACK pickup=PICK-2 dropoff=PACK-2
20260908_023026_d2fba4,2216,task_assigned,R7,G00842,
20260908_023026_d2fba4,2217,task_completed,R4,G00657,
20260908_023026_d2fba4,2218,task_assigned,R4,G00841,
20260908_023026_d2fba4,2219,task_completed,R13,G00828,
20260908_023026_d2fba4,2219,task_created,,G00843,type=PUTAWAY pickup=RECV dropoff=B-05
20260908_023026_d2fba4,2220,task_assigned,R13,G00685,
20260908_023026_d2fba4,2221,task_completed,R1,G00670,
20260908_023026_d2fba4,2221,task_created,,G00844,type=SHIP pickup=STAGING dropoff=DOCK-2
20260908_023026_d2fba4,2222,task_assigned,R1,G00844,
20260908_023026_d2fba4,2225,task_completed,R8,G00839,
20260908_023026_d2fba4,2225,task_created,,G00845,type=PICK pickup=C-05 dropoff=PICK-2
20260908_023026_d2fba4,2226,task_assigned,R8,G00845,
20260908_023026_d2fba4,2227,task_completed,R10,G00654,
20260908_023026_d2fba4,2227,task_created,,G00846,type=PUTAWAY pickup=BUFFER dropoff=B-04
20260908_023026_d2fba4,2227,task_created,,G00847,type=PACK pickup=PICK-1 dropoff=PACK-2
20260908_023026_d2fba4,2228,task_completed,R2,G00830,
20260908_023026_d2fba4,2228,task_completed,R5,G00835,
20260908_023026_d2fba4,2228,task_assigned,R10,G00847,
20260908_023026_d2fba4,2229,task_assigned,R2,G00688,
20260908_023026_d2fba4,2229,task_assigned,R5,G00691,
20260908_023026_d2fba4,2230,task_completed,R7,G00842,
20260908_023026_d2fba4,2231,task_assigned,R7,G00694,
20260908_023026_d2fba4,2235,task_created,,G00848,type=PUTAWAY pickup=BUFFER dropoff=B-06
20260908_023026_d2fba4,2235,task_created,,G00849,type=PICK pickup=D-07 dropoff=PICK-3
20260908_023026_d2fba4,2235,task_created,,G00850,type=SHIP pickup=STAGING dropoff=DOCK-2
20260908_023026_d2fba4,2239,task_created,,G00851,type=PACK pickup=PICK-1 dropoff=PACK-2
20260908_023026_d2fba4,2243,task_completed,R3,G00837,
20260908_023026_d2fba4,2243,task_created,,G00852,type=PUTAWAY pickup=RECV dropoff=E-07
20260908_023026_d2fba4,2244,task_assigned,R3,G00850,
20260908_023026_d2fba4,2245,task_created,,G00853,type=PICK pickup=H-05 dropoff=PICK-2
20260908_023026_d2fba4,2246,task_completed,R4,G00841,
20260908_023026_d2fba4,2247,task_completed,R6,G00681,
20260908_023026_d2fba4,2247,task_completed,R1,G00844,
20260908_023026_d2fba4,2247,task_assigned,R4,G00851,
20260908_023026_d2fba4,2248,task_assigned,R6,G00849,
20260908_023026_d2fba4,2248,task_assigned,R1,G00853,
20260908_023026_d2fba4,2249,task_completed,R12,G00838,
20260908_023026_d2fba4,2249,task_created,,G00854,type=SHIP pickup=STAGING dropoff=DOCK-1
20260908_023026_d2fba4,2250,task_assigned,R12,G00854,
20260908_023026_d2fba4,2251,task_completed,R10,G00847,
20260908_023026_d2fba4,2251,task_completed,R3,G00850,
20260908_023026_d2fba4,2251,task_created,,G00855,type=PUTAWAY pickup=RECV dropoff=G-07
20260908_023026_d2fba4,2251,task_created,,G00856,type=PACK pickup=PICK-2 dropoff=PACK-2
20260908_023026_d2fba4,2252,task_completed,R9,G00679,
20260908_023026_d2fba4,2252,task_assigned,R3,G00697,
20260908_023026_d2fba4,2252,task_completed,R8,G00845,
20260908_023026_d2fba4,2252,task_assigned,R10,G00856,
20260908_023026_d2fba4,2253,task_assigned,R9,G00699,
20260908_023026_d2fba4,2253,task_assigned,R8,G00703,
20260908_023026_d2fba4,2255,task_created,,G00857,type=PICK pickup=C-04 dropoff=PICK-3
20260908_023026_d2fba4,2259,task_created,,G00858,type=PUTAWAY pickup=BUFFER dropoff=E-04
20260908_023026_d2fba4,2260,task_completed,R2,G00688,
20260908_023026_d2fba4,2260,task_completed,R7,G00694,
20260908_023026_d2fba4,2261,task_assigned,R7,G00707,
20260908_023026_d2fba4,2261,task_assigned,R2,G00857,
20260908_023026_d2fba4,2263,task_interrupted,R3,G00697,
20260908_023026_d2fba4,2263,task_created,,G00859,type=PACK pickup=PICK-1 dropoff=PACK-1
20260908_023026_d2fba4,2263,task_created,,G00860,type=SHIP pickup=STAGING dropoff=DOCK-1
20260908_023026_d2fba4,2265,task_created,,G00861,type=PICK pickup=D-08 dropoff=PICK-3
20260908_023026_d2fba4,2267,task_completed,R13,G00685,
20260908_023026_d2fba4,2267,task_created,,G00862,type=PUTAWAY pickup=RECV dropoff=A-04
20260908_023026_d2fba4,2268,task_completed,R6,G00849,
20260908_023026_d2fba4,2268,task_completed,R12,G00854,
20260908_023026_d2fba4,2268,task_assigned,R13,G00860,
20260908_023026_d2fba4,2269,task_assigned,R6,G00859,
20260908_023026_d2fba4,2269,task_assigned,R12,G00861,
20260908_023026_d2fba4,2271,task_completed,R4,G00851,
20260908_023026_d2fba4,2272,task_assigned,R4,G00697,
20260908_023026_d2fba4,2273,task_completed,R10,G00856,
20260908_023026_d2fba4,2274,task_assigned,R10,G00709,
20260908_023026_d2fba4,2275,task_created,,G00863,type=PUTAWAY pickup=BUFFER dropoff=A-06
20260908_023026_d2fba4,2275,task_created,,G00864,type=PICK pickup=H-03 dropoff=PICK-1
20260908_023026_d2fba4,2275,task_created,,G00865,type=PACK pickup=PICK-1 dropoff=PACK-2
20260908_023026_d2fba4,2277,task_completed,R9,G00699,
20260908_023026_d2fba4,2277,task_created,,G00866,type=SHIP pickup=STAGING dropoff=DOCK-1
20260908_023026_d2fba4,2278,task_completed,R11,G00672,
20260908_023026_d2fba4,2278,task_completed,R1,G00853,
20260908_023026_d2fba4,2278,task_assigned,R9,G00866,
20260908_023026_d2fba4,2279,task_completed,R8,G00703,
20260908_023026_d2fba4,2279,task_assigned,R1,G00864,
20260908_023026_d2fba4,2279,task_assigned,R11,G00865,
20260908_023026_d2fba4,2280,task_assigned,R8,G00712,
20260908_023026_d2fba4,2283,task_assigned,R3,G00715,
20260908_023026_d2fba4,2283,task_created,,G00867,type=PUTAWAY pickup=RECV dropoff=A-01
20260908_023026_d2fba4,2285,task_created,,G00868,type=PICK pickup=C-07 dropoff=PICK-1
20260908_023026_d2fba4,2287,task_created,,G00869,type=PACK pickup=PICK-2 dropoff=PACK-2
20260908_023026_d2fba4,2289,task_completed,R5,G00691,
20260908_023026_d2fba4,2290,task_assigned,R5,G00869,
20260908_023026_d2fba4,2291,task_created,,G00870,type=PUTAWAY pickup=BUFFER dropoff=F-05
20260908_023026_d2fba4,2291,task_created,,G00871,type=SHIP pickup=STAGING dropoff=DOCK-1
20260908_023026_d2fba4,2293,task_completed,R2,G00857,
20260908_023026_d2fba4,2293,task_completed,R9,G00866,
20260908_023026_d2fba4,2294,task_assigned,R2,G00868,
20260908_023026_d2fba4,2294,task_assigned,R9,G00871,
20260908_023026_d2fba4,2295,task_created,,G00872,type=PICK pickup=H-05 dropoff=PICK-3
20260908_023026_d2fba4,2297,task_completed,R13,G00860,
20260908_023026_d2fba4,2298,task_assigned,R13,G00872,
20260908_023026_d2fba4,2299,task_completed,R6,G00859,
20260908_023026_d2fba4,2299,task_created,,G00873,type=PUTAWAY pickup=BUFFER dropoff=A-07
20260908_023026_d2fba4,2299,task_created,,G00874,type=PACK pickup=PICK-3 dropoff=PACK-2
20260908_023026_d2fba4,2300,task_completed,R9,G00871,
20260908_023026_d2fba4,2300,task_assigned,R6,G00874,
20260908_023026_d2fba4,2301,task_assigned,R9,G00718,
20260908_023026_d2fba4,2301,task_completed,R12,G00861,
20260908_023026_d2fba4,2302,task_assigned,R12,G00721,
20260908_023026_d2fba4,2303,task_completed,R7,G00707,
20260908_023026_d2fba4,2304,task_assigned,R7,G00725,
20260908_023026_d2fba4,2305,task_interrupted,R1,G00864,
20260908_023026_d2fba4,2305,task_created,,G00875,type=PICK pickup=D-04 dropoff=PICK-2
20260908_023026_d2fba4,2305,task_created,,G00876,type=SHIP pickup=STAGING dropoff=DOCK-2
20260908_023026_d2fba4,2307,task_created,,G00877,type=PUTAWAY pickup=BUFFER dropoff=F-08
20260908_023026_d2fba4,2311,task_created,,G00878,type=PACK pickup=PICK-1 dropoff=PACK-2
20260908_023026_d2fba4,2314,task_completed,R4,G00697,
20260908_023026_d2fba4,2315,task_completed,R8,G00712,
20260908_023026_d2fba4,2315,task_assigned,R4,G00876,
20260908_023026_d2fba4,2315,task_created,,G00879,type=PUTAWAY pickup=BUFFER dropoff=C-05
20260908_023026_d2fba4,2315,task_created,,G00880,type=PICK pickup=E-06 dropoff=PICK-1
20260908_023026_d2fba4,2316,task_assigned,R8,G00878,
20260908_023026_d2fba4,2317,task_completed,R2,G00868,
20260908_023026_d2fba4,2318,task_assigned,R2,G00864,
20260908_023026_d2fba4,2319,task_created,,G00881,type=SHIP pickup=STAGING dropoff=DOCK-2
20260908_023026_d2fba4,2320,task_completed,R11,G00865,
20260908_023026_d2fba4,2321,task_completed,R3,G00715,
20260908_023026_d2fba4,2321,task_interrupted,R12,G00721,
20260908_023026_d2fba4,2321,task_assigned,R11,G00881,
20260908_023026_d2fba4,2322,task_assigned,R3,G00875,
20260908_023026_d2fba4,2323,task_interrupted,R7,G00725,
20260908_023026_d2fba4,2323,task_completed,R5,G00869,
20260908_023026_d2fba4,2323,task_created,,G00882,type=PUTAWAY pickup=BUFFER dropoff=F-05
20260908_023026_d2fba4,2323,task_created,,G00883,type=PACK pickup=PICK-1 dropoff=PACK-2
20260908_023026_d2fba4,2324,task_assigned,R5,G00883,
20260908_023026_d2fba4,2325,task_completed,R6,G00874,
20260908_023026_d2fba4,2325,task_created,,G00884,type=PICK pickup=C-01 dropoff=PICK-3
20260908_023026_d2fba4,2326,task_assigned,R6,G00880,
20260908_023026_d2fba4,2328,task_completed,R11,G00881,
20260908_023026_d2fba4,2329,task_completed,R13,G00872,
20260908_023026_d2fba4,2329,task_assigned,R11,G00884,
20260908_023026_d2fba4,2330,task_assigned,R13,G00721,
20260908_023026_d2fba4,2331,task_created,,G00885,type=PUTAWAY pickup=RECV dropoff=E-04
20260908_023026_d2fba4,2332,task_completed,R9,G00718,
20260908_023026_d2fba4,2333,task_completed,R4,G00876,
20260908_023026_d2fba4,2333,task_interrupted,R5,G00883,
20260908_023026_d2fba4,2333,task_created,,G00886,type=SHIP pickup=STAGING dropoff=DOCK-2
20260908_023026_d2fba4,2333,task_assigned,R9,G00886,
20260908_023026_d2fba4,2334,task_assigned,R4,G00883,
20260908_023026_d2fba4,2335,task_created,,G00887,type=PICK pickup=E-04 dropoff=PICK-2
20260908_023026_d2fba4,2335,task_created,,G00888,type=PACK pickup=PICK-3 dropoff=PACK-2
20260908_023026_d2fba4,2339,task_created,,G00889,type=PUTAWAY pickup=RECV dropoff=C-07
20260908_023026_d2fba4,2341,task_completed,R8,G00878,
20260908_023026_d2fba4,2342,task_assigned,R8,G00888,
20260908_023026_d2fba4,2343,task_assigned,R1,G00887,
20260908_023026_d2fba4,2345,task_created,,G00890,type=PICK pickup=B-04 dropoff=PICK-3
20260908_023026_d2fba4,2347,task_created,,G00891,type=PUTAWAY pickup=BUFFER dropoff=B-07
20260908_023026_d2fba4,2347,task_created,,G00892,type=PACK pickup=PICK-1 dropoff=PACK-2
20260908_023026_d2fba4,2347,task_created,,G00893,type=SHIP pickup=STAGING dropoff=DOCK-1
20260908_023026_d2fba4,2348,task_completed,R9,G00886,
20260908_023026_d2fba4,2349,task_interrupted,R10,G00709,
20260908_023026_d2fba4,2349,task_assigned,R9,G00893,
20260908_023026_d2fba4,2352,task_completed,R13,G00721,
20260908_023026_d2fba4,2352,task_completed,R11,G00884,
20260908_023026_d2fba4,2353,task_assigned,R13,G00892,
20260908_023026_d2fba4,2354,task_assigned,R7,G00725,
20260908_023026_d2fba4,2354,task_completed,R3,G00875,
20260908_023026_d2fba4,2354,task_completed,R6,G00880,
20260908_023026_d2fba4,2354,task_completed,R9,G00893,
20260908_023026_d2fba4,2355,task_assigned,R6,G00709,
20260908_023026_d2fba4,2355,task_assigned,R3,G00890,
20260908_023026_d2fba4,2355,task_created,,G00894,type=PUTAWAY pickup=BUFFER dropoff=G-08
20260908_023026_d2fba4,2355,task_created,,G00895,type=PICK pickup=D-05 dropoff=PICK-2
20260908_023026_d2fba4,2355,task_assigned,R9,G00895,
20260908_023026_d2fba4,2357,task_assigned,R5,G00727,
20260908_023026_d2fba4,2358,task_completed,R2,G00864,
20260908_023026_d2fba4,2359,task_completed,R8,G00888,
20260908_023026_d2fba4,2359,task_created,,G00896,type=PACK pickup=PICK-3 dropoff=PACK-1
20260908_023026_d2fba4,2360,task_assigned,R8,G00896,
20260908_023026_d2fba4,2361,task_created,,G00897,type=SHIP pickup=STAGING dropoff=DOCK-2
20260908_023026_d2fba4,2362,task_assigned,R12,G00897,
20260908_023026_d2fba4,2363,task_created,,G00898,type=PUTAWAY pickup=RECV dropoff=D-03
20260908_023026_d2fba4,2365,task_created,,G00899,type=PICK pickup=F-02 dropoff=PICK-2
20260908_023026_d2fba4,2369,task_completed,R4,G00883,
20260908_023026_d2fba4,2370,task_assigned,R4,G00899,
20260908_023026_d2fba4,2371,task_created,,G00900,type=PUTAWAY pickup=BUFFER dropoff=F-03
20260908_023026_d2fba4,2371,task_created,,G00901,type=PACK pickup=PICK-3 dropoff=PACK-1
20260908_023026_d2fba4,2375,task_created,,G00902,type=PICK pickup=E-01 dropoff=PICK-3
20260908_023026_d2fba4,2375,task_created,,G00903,type=SHIP pickup=STAGING dropoff=DOCK-2
20260908_023026_d2fba4,2376,task_completed,R7,G00725,
20260908_023026_d2fba4,2377,task_assigned,R7,G00903,
20260908_023026_d2fba4,2378,task_completed,R12,G00897,
20260908_023026_d2fba4,2379,task_assigned,R12,G00901,
20260908_023026_d2fba4,2379,task_created,,G00904,type=PUTAWAY pickup=RECV dropoff=C-07
20260908_023026_d2fba4,2380,task_assigned,R2,G00902,
20260908_023026_d2fba4,2383,task_completed,R1,G00887,
20260908_023026_d2fba4,2383,task_created,,G00905,type=PACK pickup=PICK-1 dropoff=PACK-1
20260908_023026_d2fba4,2384,task_completed,R3,G00890,
20260908_023026_d2fba4,2384,task_assigned,R1,G00905,
20260908_023026_d2fba4,2385,task_completed,R8,G00896,
20260908_023026_d2fba4,2385,task_created,,G00906,type=PICK pickup=G-04 dropoff=PICK-1
20260908_023026_d2fba4,2385,task_assigned,R3,G00906,
20260908_023026_d2fba4,2386,task_assigned,R8,G00730,
20260908_023026_d2fba4,2387,task_completed,R6,G00709,
20260908_023026_d2fba4,2387,task_created,,G00907,type=PUTAWAY pickup=BUFFER dropoff=G-03
20260908_023026_d2fba4,2388,task_assigned,R6,G00734,
20260908_023026_d2fba4,2389,task_completed,R9,G00895,
20260908_023026_d2fba4,2389,task_created,,G00908,type=SHIP pickup=STAGING dropoff=DOCK-2
20260908_023026_d2fba4,2389,task_assigned,R10,G00908,
20260908_023026_d2fba4,2390,task_assigned,R9,G00736,
20260908_023026_d2fba4,2393,task_completed,R7,G00903,
20260908_023026_d2fba4,2394,task_completed,R5,G00727,
20260908_023026_d2fba4,2394,task_assigned,R7,G00740,
20260908_023026_d2fba4,2395,task_created,,G00909,type=PUTAWAY pickup=BUFFER dropoff=F-03
20260908_023026_d2fba4,2395,task_created,,G00910,type=PICK pickup=F-06 dropoff=PICK-1
20260908_023026_d2fba4,2395,task_created,,G00911,type=PACK pickup=PICK-1 dropoff=PACK-2
20260908_023026_d2fba4,2395,task_assigned,R5,G00911,
20260908_023026_d2fba4,2396,task_completed,R4,G00899,
20260908_023026_d2fba4,2396,task_assigned,R11,G00910,
20260908_023026_d2fba4,2397,task_assigned,R4,G00742,
20260908_023026_d2fba4,2397,task_completed,R13,G00892,
20260908_023026_d2fba4,2398,task_assigned,R13,G00745,
20260908_023026_d2fba4,2403,task_completed,R1,G00905,
20260908_023026_d2fba4,2403,task_created,,G00912,type=PUTAWAY pickup=BUFFER dropoff=A-03
20260908_023026_d2fba4,2403,task_created,,G00913,type=SHIP pickup=STAGING dropoff=DOCK-2
20260908_023026_d2fba4,2404,task_completed,R10,G00908,
20260908_023026_d2fba4,2404,task_assigned,R1,G00913,
20260908_023026_d2fba4,2405,task_completed,R12,G00901,
20260908_023026_d2fba4,2405,task_created,,G00914,type=PICK pickup=C-04 dropoff=PICK-1
20260908_023026_d2fba4,2405,task_assigned,R10,G00914,
20260908_023026_d2fba4,2406,task_assigned,R12,G00749,
20260908_023026_d2fba4,2407,task_created,,G00915,type=PACK pickup=PICK-1 dropoff=PACK-2
20260908_023026_d2fba4,2408,task_completed,R9,G00736,
20260908_023026_d2fba4,2409,task_assigned,R9,G00915,
20260908_023026_d2fba4,2410,task_completed,R1,G00913,
20260908_023026_d2fba4,2411,task_assigned,R1,G00752,
20260908_023026_d2fba4,2411,task_created,,G00916,type=PUTAWAY pickup=RECV dropoff=H-06
20260908_023026_d2fba4,2414,task_interrupted,R6,G00734,
20260908_023026_d2fba4,2415,task_completed,R8,G00730,
20260908_023026_d2fba4,2415,task_created,,G00917,type=PICK pickup=B-04 dropoff=PICK-1
20260908_023026_d2fba4,2416,task_interrupted,R4,G00742,
20260908_023026_d2fba4,2416,task_interrupted,R13,G00745,
20260908_023026_d2fba4,2416,task_completed,R3,G00906,
20260908_023026_d2fba4,2416,task_assigned,R8,G00917,
20260908_023026_d2fba4,2417,task_created,,G00918,type=SHIP pickup=STAGING dropoff=DOCK-1
20260908_023026_d2fba4,2417,task_assigned,R3,G00918,
20260908_023026_d2fba4,2419,task_created,,G00919,type=PUTAWAY pickup=BUFFER dropoff=C-08
20260908_023026_d2fba4,2419,task_created,,G00920,type=PACK pickup=PICK-1 dropoff=PACK-1
20260908_023026_d2fba4,2424,task_completed,R5,G00911,
20260908_023026_d2fba4,2425,task_assigned,R5,G00920,
20260908_023026_d2fba4,2425,task_created,,G00921,type=PICK pickup=G-06 dropoff=PICK-2
20260908_023026_d2fba4,2426,task_completed,R11,G00910,
20260908_023026_d2fba4,2427,task_completed,R7,G00740,
20260908_023026_d2fba4,2427,task_completed,R2,G00902,
20260908_023026_d2fba4,2427,task_interrupted,R8,G00917,
20260908_023026_d2fba4,2427,task_assigned,R11,G00921,
20260908_023026_d2fba4,2427,task_created,,G00922,type=PUTAWAY pickup=RECV dropoff=D-05
20260908_023026_d2fba4,2428,task_assigned,R7,G00734,
20260908_023026_d2fba4,2428,task_assigned,R2,G00917,
20260908_023026_d2fba4,2431,task_created,,G00923,type=PACK pickup=PICK-2 dropoff=PACK-1
20260908_023026_d2fba4,2431,task_created,,G00924,type=SHIP pickup=STAGING dropoff=DOCK-2
20260908_023026_d2fba4,2433,task_completed,R12,G00749,
20260908_023026_d2fba4,2434,task_assigned,R12,G00924,
20260908_023026_d2fba4,2435,task_completed,R3,G00918,
20260908_023026_d2fba4,2435,task_created,,G00925,type=PUTAWAY pickup=BUFFER dropoff=F-04
20260908_023026_d2fba4,2435,task_created,,G00926,type=PICK pickup=C-07 dropoff=PICK-2
20260908_023026_d2fba4,2436,task_assigned,R3,G00923,
20260908_023026_d2fba4,2437,task_interrupted,R9,G00915,
20260908_023026_d2fba4,2439,task_completed,R10,G00914,
20260908_023026_d2fba4,2440,task_assigned,R10,G00915,
20260908_023026_d2fba4,2443,task_created,,G00927,type=PUTAWAY pickup=RECV dropoff=C-08
20260908_023026_d2fba4,2443,task_created,,G00928,type=PACK pickup=PICK-2 dropoff=PACK-1
20260908_023026_d2fba4,2445,task_created,,G00929,type=PICK pickup=D-04 dropoff=PICK-2
20260908_023026_d2fba4,2445,task_created,,G00930,type=SHIP pickup=STAGING dropoff=DOCK-1
20260908_023026_d2fba4,2447,task_completed,R2,G00917,
20260908_023026_d2fba4,2448,task_assigned,R4,G00742,
20260908_023026_d2fba4,2448,task_assigned,R2,G00928,
20260908_023026_d2fba4,2448,task_assigned,R6,G00930,
20260908_023026_d2fba4,2449,task_completed,R7,G00734,
20260908_023026_d2fba4,2450,task_completed,R11,G00921,
20260908_023026_d2fba4,2450,task_assigned,R7,G00926,
20260908_023026_d2fba4,2451,task_assigned,R11,G00929,
20260908_023026_d2fba4,2451,task_created,,G00931,type=PUTAWAY pickup=RECV dropoff=G-07
20260908_023026_d2fba4,2452,task_completed,R1,G00752,
20260908_023026_d2fba4,2452,task_completed,R5,G00920,
20260908_023026_d2fba4,2453,task_assigned,R13,G00745,
20260908_023026_d2fba4,2453,task_assigned,R1,G00755,
20260908_023026_d2fba4,2453,task_assigned,R5,G00757,
20260908_023026_d2fba4,2455,task_completed,R12,G00924,
20260908_023026_d2fba4,2455,task_created,,G00932,type=PICK pickup=C-08 dropoff=PICK-2
20260908_023026_d2fba4,2455,task_created,,G00933,type=PACK pickup=PICK-3 dropoff=PACK-2
20260908_023026_d2fba4,2455,task_assigned,R8,G00933,
20260908_023026_d2fba4,2456,task_assigned,R12,G00932,
20260908_023026_d2fba4,2459,task_completed,R3,G00923,
20260908_023026_d2fba4,2459,task_created,,G00934,type=PUTAWAY pickup=RECV dropoff=B-03
20260908_023026_d2fba4,2459,task_created,,G00935,type=SHIP pickup=STAGING dropoff=DOCK-2
20260908_023026_d2fba4,2460,task_assigned,R3,G00935,
20260908_023026_d2fba4,2463,task_completed,R10,G00915,
20260908_023026_d2fba4,2463,task_completed,R2,G00928,
20260908_023026_d2fba4,2463,task_completed,R6,G00930,
20260908_023026_d2fba4,2464,task_assigned,R6,G00761,
20260908_023026_d2fba4,2464,task_assigned,R10,G00763,
20260908_023026_d2fba4,2464,task_assigned,R2,G00767,
20260908_023026_d2fba4,2465,task_created,,G00936,type=PICK pickup=C-06 dropoff=PICK-2
20260908_023026_d2fba4,2466,task_completed,R3,G00935,
20260908_023026_d2fba4,2467,task_created,,G00937,type=PUTAWAY pickup=RECV dropoff=G-02
20260908_023026_d2fba4,2467,task_created,,G00938,type=PACK pickup=PICK-2 dropoff=PACK-1
20260908_023026_d2fba4,2467,task_assigned,R3,G00938,
20260908_023026_d2fba4,2473,task_created,,G00939,type=SHIP pickup=STAGING dropoff=DOCK-2
20260908_023026_d2fba4,2475,task_assigned,R9,G00939,
20260908_023026_d2fba4,2475,task_created,,G00940,type=PUTAWAY pickup=RECV dropoff=D-05
20260908_023026_d2fba4,2475,task_created,,G00941,type=PICK pickup=G-01 dropoff=PICK-2
20260908_023026_d2fba4,2476,task_completed,R5,G00757,
20260908_023026_d2fba4,2477,task_assigned,R5,G00936,
20260908_023026_d2fba4,2479,task_created,,G00942,type=PACK pickup=PICK-1 dropoff=PACK-2
20260908_023026_d2fba4,2481,task_completed,R11,G00929,
20260908_023026_d2fba4,2481,task_completed,R3,G00938,
20260908_023026_d2fba4,2482,task_assigned,R3,G00941,
20260908_023026_d2fba4,2482,task_assigned,R11,G00942,
20260908_023026_d2fba4,2483,task_created,,G00943,type=PUTAWAY pickup=BUFFER dropoff=C-04
20260908_023026_d2fba4,2484,task_completed,R1,G00755,
20260908_023026_d2fba4,2485,task_created,,G00944,type=PICK pickup=G-05 dropoff=PICK-3
20260908_023026_d2fba4,2485,task_assigned,R1,G00944,
20260908_023026_d2fba4,2487,task_created,,G00945,type=SHIP pickup=STAGING dropoff=DOCK-1
20260908_023026_d2fba4,2490,task_completed,R5,G00936,
20260908_023026_d2fba4,2491,task_completed,R7,G00926,
20260908_023026_d2fba4,2491,task_assigned,R5,G00945,
20260908_023026_d2fba4,2491,task_created,,G00946,type=PUTAWAY pickup=RECV dropoff=D-08
20260908_023026_d2fba4,2491,task_created,,G00947,type=PACK pickup=PICK-1 dropoff=PACK-2
20260908_023026_d2fba4,2492,task_completed,R8,G00933,
20260908_023026_d2fba4,2492,task_completed,R9,G00939,
20260908_023026_d2fba4,2492,task_assigned,R7,G00947,
20260908_023026_d2fba4,2493,task_completed,R10,G00763,
20260908_023026_d2fba4,2493,task_assigned,R9,G00771,
20260908_023026_d2fba4,2493,task_assigned,R8,G00772,
20260908_023026_d2fba4,2494,task_assigned,R10,G00776,
20260908_023026_d2fba4,2495,task_created,,G00948,type=PICK pickup=G-03 dropoff=PICK-3
20260908_023026_d2fba4,2499,task_completed,R2,G00767,
20260908_023026_d2fba4,2499,task_completed,R5,G00945,
20260908_023026_d2fba4,2499,task_created,,G00949,type=PUTAWAY pickup=RECV dropoff=G-01
20260908_023026_d2fba4,2500,task_assigned,R5,G00779,
20260908_023026_d2fba4,2500,task_assigned,R2,G00948,
20260908_023026_d2fba4,2501,task_created,,G00950,type=SHIP pickup=STAGING dropoff=DOCK-1
20260908_023026_d2fba4,2503,task_created,,G00951,type=PACK pickup=PICK-3 dropoff=PACK-2
20260908_023026_d2fba4,2505,task_created,,G00952,type=PICK pickup=A-05 dropoff=PICK-2
20260908_023026_d2fba4,2506,task_completed,R11,G00942,
20260908_023026_d2fba4,2507,task_completed,R3,G00941,
20260908_023026_d2fba4,2507,task_assigned,R11,G00950,
20260908_023026_d2fba4,2507,task_created,,G00953,type=PUTAWAY pickup=BUFFER dropoff=E-03
20260908_023026_d2fba4,2508,task_assigned,R3,G00951,
20260908_023026_d2fba4,2509,task_completed,R12,G00932,
20260908_023026_d2fba4,2509,task_completed,R1,G00944,
20260908_023026_d2fba4,2510,task_assigned,R1,G00782,
20260908_023026_d2fba4,2510,task_assigned,R12,G00952,
20260908_023026_d2fba4,2511,task_completed,R4,G00742,
20260908_023026_d2fba4,2512,task_assigned,R4,G00785,
20260908_023026_d2fba4,2514,task_completed,R11,G00950,
20260908_023026_d2fba4,2515,task_interrupted,R3,G00951,
20260908_023026_d2fba4,2515,task_created,,G00954,type=PUTAWAY pickup=BUFFER dropoff=A-03
20260908_023026_d2fba4,2515,task_created,,G00955,type=PICK pickup=H-04 dropoff=PICK-3
20260908_023026_d2fba4,2515,task_created,,G00956,type=PACK pickup=PICK-3 dropoff=PACK-1
20260908_023026_d2fba4,2515,task_created,,G00957,type=SHIP pickup=STAGING dropoff=DOCK-2
20260908_023026_d2fba4,2515,task_assigned,R11,G00957,
20260908_023026_d2fba4,2518,task_completed,R6,G00761,
20260908_023026_d2fba4,2519,task_assigned,R6,G00951,
20260908_023026_d2fba4,2520,task_completed,R11,G00957,
20260908_023026_d2fba4,2521,task_assigned,R11,G00956,
20260908_023026_d2fba4,2523,task_created,,G00958,type=PUTAWAY pickup=BUFFER dropoff=B-08
20260908_023026_d2fba4,2524,task_completed,R13,G00745,
20260908_023026_d2fba4,2525,task_completed,R7,G00947,
20260908_023026_d2fba4,2525,task_assigned,R13,G00955,
20260908_023026_d2fba4,2525,task_created,,G00959,type=PICK pickup=D-05 dropoff=PICK-2
20260908_023026_d2fba4,2526,task_assigned,R7,G00959,
20260908_023026_d2fba4,2527,task_created,,G00960,type=PACK pickup=PICK-1 dropoff=PACK-1
20260908_023026_d2fba4,2529,task_created,,G00961,type=SHIP pickup=STAGING dropoff=DOCK-1
20260908_023026_d2fba4,2530,task_completed,R9,G00771,
20260908_023026_d2fba4,2531,task_completed,R4,G00785,
20260908_023026_d2fba4,2531,task_assigned,R9,G00961,
20260908_023026_d2fba4,2531,task_created,,G00962,type=PUTAWAY pickup=RECV dropoff=C-01
20260908_023026_d2fba4,2532,task_assigned,R4,G00960,
20260908_023026_d2fba4,2534,task_completed,R5,G00779,
20260908_023026_d2fba4,2535,task_completed,R2,G00948,
20260908_023026_d2fba4,2535,task_created,,G00963,type=PICK pickup=D-04 dropoff=PICK-1
20260908_023026_d2fba4,2535,task_assigned,R5,G00963,
20260908_023026_d2fba4,2536,task_assigned,R2,G00788,
20260908_023026_d2fba4,2536,task_completed,R6,G00951,
20260908_023026_d2fba4,2537,task_assigned,R6,G00791,
20260908_023026_d2fba4,2539,task_created,,G00964,type=PUTAWAY pickup=BUFFER dropoff=C-02
20260908_023026_d2fba4,2539,task_created,,G00965,type=PACK pickup=PICK-1 dropoff=PACK-2
20260908_023026_d2fba4,2543,task_created,,G00966,type=SHIP pickup=STAGING dropoff=DOCK-1
20260908_023026_d2fba4,2544,task_completed,R12,G00952,
20260908_023026_d2fba4,2545,task_assigned,R12,G00966,
20260908_023026_d2fba4,2545,task_created,,G00967,type=PICK pickup=F-05 dropoff=PICK-2
20260908_023026_d2fba4,2547,task_created,,G00968,type=PUTAWAY pickup=RECV dropoff=G-05
20260908_023026_d2fba4,2550,task_completed,R1,G00782,
20260908_023026_d2fba4,2550,task_assigned,R3,G00965,
20260908_023026_d2fba4,2551,task_completed,R11,G00956,
20260908_023026_d2fba4,2551,task_created,,G00969,type=PACK pickup=PICK-3 dropoff=PACK-1
20260908_023026_d2fba4,2551,task_assigned,R1,G00969,
20260908_023026_d2fba4,2552,task_completed,R7,G00959,
20260908_023026_d2fba4,2552,task_assigned,R11,G00967,
20260908_023026_d2fba4,2553,task_assigned,R7,G00794,
20260908_023026_d2fba4,2555,task_created,,G00970,type=PUTAWAY pickup=BUFFER dropoff=G-02
20260908_023026_d2fba4,2555,task_created,,G00971,type=PICK pickup=A-08 dropoff=PICK-2
20260908_023026_d2fba4,2557,task_created,,G00972,type=SHIP pickup=STAGING dropoff=DOCK-1
20260908_023026_d2fba4,2559,task_completed,R12,G00966,
20260908_023026_d2fba4,2560,task_completed,R9,G00961,
20260908_023026_d2fba4,2560,task_assigned,R12,G00972,
20260908_023026_d2fba4,2561,task_completed,R10,G00776,
20260908_023026_d2fba4,2561,task_assigned,R9,G00971,
20260908_023026_d2fba4,2562,task_assigned,R10,G00798,
20260908_023026_d2fba4,2563,task_created,,G00973,type=PUTAWAY pickup=RECV dropoff=F-03
20260908_023026_d2fba4,2563,task_created,,G00974,type=PACK pickup=PICK-3 dropoff=PACK-1
20260908_023026_d2fba4,2565,task_completed,R12,G00972,
20260908_023026_d2fba4,2565,task_created,,G00975,type=PICK pickup=C-06 dropoff=PICK-1
20260908_023026_d2fba4,2566,task_assigned,R12,G00974,
20260908_023026_d2fba4,2568,task_completed,R8,G00772,
20260908_023026_d2fba4,2569,task_completed,R4,G00960,
20260908_023026_d2fba4,2569,task_assigned,R8,G00975,
20260908_023026_d2fba4,2570,task_assigned,R4,G00800,
20260908_023026_d2fba4,2570,task_completed,R13,G00955,
20260908_023026_d2fba4,2571,task_created,,G00976,type=PUTAWAY pickup=RECV dropoff=D-03
20260908_023026_d2fba4,2571,task_created,,G00977,type=SHIP pickup=STAGING dropoff=DOCK-1
20260908_023026_d2fba4,2571,task_assigned,R13,G00977,
20260908_023026_d2fba4,2575,task_interrupted,R5,G00963,
20260908_023026_d2fba4,2575,task_created,,G00978,type=PICK pickup=A-01 dropoff=PICK-2
20260908_023026_d2fba4,2575,task_created,,G00979,type=PACK pickup=PICK-1 dropoff=PACK-1
20260908_023026_d2fba4,2576,task_completed,R3,G00965,
20260908_023026_d2fba4,2577,task_assigned,R3,G00979,
20260908_023026_d2fba4,2578,task_interrupted,R1,G00969,
20260908_023026_d2fba4,2579,task_created,,G00980,type=PUTAWAY pickup=RECV dropoff=G-06
20260908_023026_d2fba4,2580,task_completed,R11,G00967,
20260908_023026_d2fba4,2581,task_completed,R6,G00791,
20260908_023026_d2fba4,2581,task_assigned,R11,G00969,
20260908_023026_d2fba4,2582,task_completed,R2,G00788,
20260908_023026_d2fba4,2582,task_assigned,R6,G00963,
20260908_023026_d2fba4,2583,task_assigned,R2,G00978,
20260908_023026_d2fba4,2585,task_interrupted,R7,G00794,
20260908_023026_d2fba4,2585,task_created,,G00981,type=PICK pickup=C-05 dropoff=PICK-2
20260908_023026_d2fba4,2585,task_created,,G00982,type=SHIP pickup=STAGING dropoff=DOCK-2
20260908_023026_d2fba4,2587,task_created,,G00983,type=PUTAWAY pickup=BUFFER dropoff=E-04
20260908_023026_d2fba4,2587,task_created,,G00984,type=PACK pickup=PICK-1 dropoff=PACK-1
20260908_023026_d2fba4,2589,task_completed,R13,G00977,
20260908_023026_d2fba4,2590,task_assigned,R13,G00982,
20260908_023026_d2fba4,2592,task_completed,R9,G00971,
20260908_023026_d2fba4,2592,task_completed,R8,G00975,
20260908_023026_d2fba4,2593,task_assigned,R8,G00981,
20260908_023026_d2fba4,2593,task_assigned,R9,G00984,
20260908_023026_d2fba4,2595,task_interrupted,R12,G00974,
20260908_023026_d2fba4,2595,task_completed,R13,G00982,
20260908_023026_d2fba4,2595,task_created,,G00985,type=PUTAWAY pickup=RECV dropoff=F-06
20260908_023026_d2fba4,2595,task_created,,G00986,type=PICK pickup=E-07 dropoff=PICK-1
20260908_023026_d2fba4,2596,task_assigned,R13,G00974,
20260908_023026_d2fba4,2597,task_assigned,R5,G00986,
20260908_023026_d2fba4,2599,task_created,,G00987,type=PACK pickup=PICK-2 dropoff=PACK-2
20260908_023026_d2fba4,2599,task_created,,G00988,type=SHIP pickup=STAGING dropoff=DOCK-2
20260908_023026_d2fba4,2601,task_completed,R2,G00978,
20260908_023026_d2fba4,2602,task_completed,R11,G00969,
20260908_023026_d2fba4,2602,task_assigned,R2,G00988,
20260908_023026_d2fba4,2603,task_completed,R10,G00798,
20260908_023026_d2fba4,2603,task_assigned,R11,G00987,
20260908_023026_d2fba4,2603,task_created,,G00989,type=PUTAWAY pickup=RECV dropoff=H-06
20260908_023026_d2fba4,2604,task_assigned,R10,G00794,
20260908_023026_d2fba4,2605,task_created,,G00990,type=PICK pickup=D-03 dropoff=PICK-3
20260908_023026_d2fba4,2607,task_completed,R3,G00979,
20260908_023026_d2fba4,2608,task_assigned,R3,G00990,
20260908_023026_d2fba4,2609,task_completed,R13,G00974,
20260908_023026_d2fba4,2609,task_interrupted,R2,G00988,
20260908_023026_d2fba4,2610,task_assigned,R13,G00988,
20260908_023026_d2fba4,2611,task_completed,R6,G00963,
20260908_023026_d2fba4,2611,task_created,,G00991,type=PUTAWAY pickup=BUFFER dropoff=G-06
20260908_023026_d2fba4,2611,task_created,,G00992,type=PACK pickup=PICK-2 dropoff=PACK-1
20260908_023026_d2fba4,2612,task_assigned,R6,G00992,
20260908_023026_d2fba4,2613,task_interrupted,R11,G00987,
20260908_023026_d2fba4,2613,task_created,,G00993,type=SHIP pickup=STAGING dropoff=DOCK-1
20260908_023026_d2fba4,2614,task_interrupted,R10,G00794,
20260908_023026_d2fba4,2614,task_completed,R4,G00800,
20260908_023026_d2fba4,2615,task_completed,R9,G00984,
20260908_023026_d2fba4,2615,task_assigned,R4,G00993,
20260908_023026_d2fba4,2615,task_created,,G00994,type=PICK pickup=A-03 dropoff=PICK-1
20260908_023026_d2fba4,2616,task_assigned,R9,G00987,
20260908_023026_d2fba4,2616,task_completed,R13,G00988,
20260908_023026_d2fba4,2617,task_assigned,R13,G00994,
20260908_023026_d2fba4,2618,task_assigned,R1,G00794,
20260908_023026_d2fba4,2619,task_created,,G00995,type=PUTAWAY pickup=BUFFER dropoff=B-02
20260908_023026_d2fba4,2623,task_created,,G00996,type=PACK pickup=PICK-1 dropoff=PACK-2
20260908_023026_d2fba4,2624,task_assigned,R12,G00996,
20260908_023026_d2fba4,2625,task_created,,G00997,type=PICK pickup=G-01 dropoff=PICK-1
20260908_023026_d2fba4,2626,task_completed,R6,G00992,
20260908_023026_d2fba4,2626,task_assigned,R7,G00997,
20260908_023026_d2fba4,2627,task_created,,G00998,type=PUTAWAY pickup=BUFFER dropoff=G-08
20260908_023026_d2fba4,2627,task_created,,G00999,type=SHIP pickup=STAGING dropoff=DOCK-1
20260908_023026_d2fba4,2627,task_assigned,R6,G00999,
20260908_023026_d2fba4,2628,task_completed,R9,G00987,
20260908_023026_d2fba4,2629,task_assigned,R9,G00803,
20260908_023026_d2fba4,2629,task_completed,R5,G00986,
20260908_023026_d2fba4,2630,task_assigned,R5,G00806,
20260908_023026_d2fba4,2630,task_completed,R8,G00981,
20260908_023026_d2fba4,2631,task_assigned,R8,G00809,
20260908_023026_d2fba4,2633,task_completed,R6,G00999,
20260908_023026_d2fba4,2634,task_assigned,R2,G00813,
20260908_023026_d2fba4,2634,task_assigned,R6,G00816,
20260908_023026_d2fba4,2635,task_completed,R3,G00990,
20260908_023026_d2fba4,2635,task_created,,G01000,type=PUTAWAY pickup=BUFFER dropoff=A-03
20260908_023026_d2fba4,2635,task_created,,G01001,type=PICK pickup=B-07 dropoff=PICK-3
20260908_023026_d2fba4,2635,task_created,,G01002,type=PACK pickup=PICK-2 dropoff=PACK-2
20260908_023026_d2fba4,2636,task_completed,R4,G00993,
20260908_023026_d2fba4,2636,task_assigned,R3,G01002,
20260908_023026_d2fba4,2637,task_assigned,R4,G01001,
20260908_023026_d2fba4,2641,task_created,,G01003,type=SHIP pickup=STAGING dropoff=DOCK-1
20260908_023026_d2fba4,2643,task_created,,G01004,type=PUTAWAY pickup=RECV dropoff=C-06
20260908_023026_d2fba4,2645,task_completed,R13,G00994,
20260908_023026_d2fba4,2645,task_created,,G01005,type=PICK pickup=H-03 dropoff=PICK-3
20260908_023026_d2fba4,2646,task_assigned,R13,G01003,
20260908_023026_d2fba4,2647,task_created,,G01006,type=PACK pickup=PICK-2 dropoff=PACK-2
20260908_023026_d2fba4,2651,task_completed,R3,G01002,
20260908_023026_d2fba4,2651,task_created,,G01007,type=PUTAWAY pickup=RECV dropoff=E-08
20260908_023026_d2fba4,2652,task_assigned,R3,G01006,
20260908_023026_d2fba4,2654,task_assigned,R11,G01005,
20260908_023026_d2fba4,2655,task_created,,G01008,type=PICK pickup=D-05 dropoff=PICK-3
20260908_023026_d2fba4,2655,task_created,,G01009,type=SHIP pickup=STAGING dropoff=DOCK-2
20260908_023026_d2fba4,2657,task_completed,R12,G00996,
20260908_023026_d2fba4,2658,task_completed,R1,G00794,
20260908_023026_d2fba4,2658,task_assigned,R12,G01009,
20260908_023026_d2fba4,2659,task_completed,R5,G00806,
20260908_023026_d2fba4,2659,task_created,,G01010,type=PUTAWAY pickup=RECV dropoff=A-08
20260908_023026_d2fba4,2659,task_created,,G01011,type=PACK pickup=PICK-1 dropoff=PACK-2
20260908_023026_d2fba4,2659,task_assigned,R1,G01011,
20260908_023026_d2fba4,2660,task_assigned,R10,G00818,
20260908_023026_d2fba4,2660,task_assigned,R5,G01008,
20260908_023026_d2fba4,2664,task_completed,R13,G01003,
20260908_023026_d2fba4,2665,task_created,,G01012,type=PICK pickup=H-05 dropoff=PICK-2
20260908_023026_d2fba4,2665,task_assigned,R13,G01012,
20260908_023026_d2fba4,2666,task_completed,R8,G00809,
20260908_023026_d2fba4,2666,task_completed,R12,G01009,
20260908_023026_d2fba4,2667,task_assigned,R12,G00821,
20260908_023026_d2fba4,2667,task_assigned,R8,G00825,
20260908_023026_d2fba4,2667,task_created,,G01013,type=PUTAWAY pickup=BUFFER dropoff=A-08
20260908_023026_d2fba4,2668,task_completed,R9,G00803,
20260908_023026_d2fba4,2668,task_completed,R5,G01008,
20260908_023026_d2fba4,2669,task_assigned,R9,G00827,
20260908_023026_d2fba4,2669,task_completed,R3,G01006,
20260908_023026_d2fba4,2669,task_created,,G01014,type=SHIP pickup=STAGING dropoff=DOCK-1
20260908_023026_d2fba4,2669,task_assigned,R5,G01014,
20260908_023026_d2fba4,2670,task_interrupted,R6,G00816,
20260908_023026_d2fba4,2670,task_assigned,R3,G00831,
20260908_023026_d2fba4,2671,task_created,,G01015,type=PACK pickup=PICK-3 dropoff=PACK-1
20260908_023026_d2fba4,2675,task_interrupted,R4,G01001,
20260908_023026_d2fba4,2675,task_created,,G01016,type=PUTAWAY pickup=RECV dropoff=H-07
20260908_023026_d2fba4,2675,task_created,,G01017,type=PICK pickup=G-01 dropoff=PICK-2
20260908_023026_d2fba4,2683,task_created,,G01018,type=PUTAWAY pickup=BUFFER dropoff=F-01
20260908_023026_d2fba4,2683,task_created,,G01019,type=PACK pickup=PICK-2 dropoff=PACK-2
20260908_023026_d2fba4,2683,task_created,,G01020,type=SHIP pickup=STAGING dropoff=DOCK-1
20260908_023026_d2fba4,2685,task_completed,R5,G01014,
20260908_023026_d2fba4,2685,task_created,,G01021,type=PICK pickup=D-02 dropoff=PICK-2
20260908_023026_d2fba4,2686,task_completed,R2,G00813,
20260908_023026_d2fba4,2686,task_assigned,R5,G01020,
20260908_023026_d2fba4,2687,task_assigned,R2,G01015,
20260908_023026_d2fba4,2688,task_interrupted,R8,G00825,
20260908_023026_d2fba4,2689,task_interrupted,R13,G01012,
20260908_023026_d2fba4,2691,task_completed,R7,G00997,
20260908_023026_d2fba4,2691,task_completed,R5,G01020,
20260908_023026_d2fba4,2691,task_created,,G01022,type=PUTAWAY pickup=BUFFER dropoff=G-03
20260908_023026_d2fba4,2692,task_assigned,R5,G01001,
20260908_023026_d2fba4,2692,task_assigned,R7,G01019,
20260908_023026_d2fba4,2695,task_completed,R12,G00821,
20260908_023026_d2fba4,2695,task_created,,G01023,type=PICK pickup=D-02 dropoff=PICK-2
20260908_023026_d2fba4,2695,task_created,,G01024,type=PACK pickup=PICK-3 dropoff=PACK-1
20260908_023026_d2fba4,2696,task_completed,R11,G01005,
20260908_023026_d2fba4,2696,task_assigned,R12,G01024,
20260908_023026_d2fba4,2697,task_created,,G01025,type=SHIP pickup=STAGING dropoff=DOCK-2
20260908_023026_d2fba4,2697,task_assigned,R11,G01025,
20260908_023026_d2fba4,2699,task_created,,G01026,type=PUTAWAY pickup=RECV dropoff=B-05
20260908_023026_d2fba4,2700,task_completed,R9,G00827,
20260908_023026_d2fba4,2701,task_completed,R10,G00818,
20260908_023026_d2fba4,2701,task_assigned,R9,G01012,
20260908_023026_d2fba4,2702,task_assigned,R10,G01017,
20260908_023026_d2fba4,2704,task_completed,R1,G01011,
20260908_023026_d2fba4,2705,task_assigned,R1,G01021,
20260908_023026_d2fba4,2705,task_created,,G01027,type=PICK pickup=E-05 dropoff=PICK-1
20260908_023026_d2fba4,2707,task_created,,G01028,type=PUTAWAY pickup=RECV dropoff=C-04
20260908_023026_d2fba4,2707,task_created,,G01029,type=PACK pickup=PICK-1 dropoff=PACK-1
20260908_023026_d2fba4,2708,task_assigned,R4,G01029,
20260908_023026_d2fba4,2709,task_interrupted,R9,G01012,
20260908_023026_d2fba4,2710,task_assigned,R6,G00816,
20260908_023026_d2fba4,2710,task_completed,R7,G01019,
20260908_023026_d2fba4,2711,task_created,,G01030,type=SHIP pickup=STAGING dropoff=DOCK-2
20260908_023026_d2fba4,2711,task_assigned,R7,G01030,
20260908_023026_d2fba4,2715,task_completed,R3,G00831,
20260908_023026_d2fba4,2715,task_completed,R5,G01001,
20260908_023026_d2fba4,2715,task_created,,G01031,type=PUTAWAY pickup=RECV dropoff=F-07
20260908_023026_d2fba4,2715,task_created,,G01032,type=PICK pickup=E-04 dropoff=PICK-3
20260908_023026_d2fba4,2716,task_assigned,R5,G01012,
20260908_023026_d2fba4,2716,task_assigned,R3,G01023,
20260908_023026_d2fba4,2716,task_completed,R11,G01025,
20260908_023026_d2fba4,2717,task_assigned,R11,G01027,
20260908_023026_d2fba4,2718,task_completed,R12,G01024,
20260908_023026_d2fba4,2718,task_completed,R7,G01030,
20260908_023026_d2fba4,2719,task_assigned,R7,G01032,
20260908_023026_d2fba4,2719,task_created,,G01033,type=PACK pickup=PICK-1 dropoff=PACK-1
20260908_023026_d2fba4,2719,task_assigned,R12,G01033,
20260908_023026_d2fba4,2723,task_created,,G01034,type=PUTAWAY pickup=BUFFER dropoff=A-02
20260908_023026_d2fba4,2725,task_created,,G01035,type=PICK pickup=A-05 dropoff=PICK-2
20260908_023026_d2fba4,2725,task_created,,G01036,type=SHIP pickup=STAGING dropoff=DOCK-1
20260908_023026_d2fba4,2730,task_assigned,R8,G00825,
20260908_023026_d2fba4,2731,task_completed,R4,G01029,
20260908_023026_d2fba4,2731,task_created,,G01037,type=PUTAWAY pickup=RECV dropoff=G-01
20260908_023026_d2fba4,2731,task_created,,G01038,type=PACK pickup=PICK-3 dropoff=PACK-1
20260908_023026_d2fba4,2732,task_completed,R10,G01017,
20260908_023026_d2fba4,2732,task_assigned,R4,G01036,
20260908_023026_d2fba4,2733,task_completed,R2,G01015,
20260908_023026_d2fba4,2733,task_assigned,R10,G01038,
20260908_023026_d2fba4,2734,task_completed,R3,G01023,
20260908_023026_d2fba4,2734,task_assigned,R2,G01035,
20260908_023026_d2fba4,2735,task_completed,R5,G01012,
20260908_023026_d2fba4,2735,task_created,,G01039,type=PICK pickup=A-02 dropoff=PICK-1
20260908_023026_d2fba4,2735,task_assigned,R3,G01039,
20260908_023026_d2fba4,2736,task_assigned,R5,G00834,
20260908_023026_d2fba4,2738,task_completed,R12,G01033,
20260908_023026_d2fba4,2738,task_completed,R4,G01036,
20260908_023026_d2fba4,2739,task_assigned,R12,G00836,
20260908_023026_d2fba4,2739,task_created,,G01040,type=PUTAWAY pickup=RECV dropoff=C-06
20260908_023026_d2fba4,2739,task_created,,G01041,type=SHIP pickup=STAGING dropoff=DOCK-2
20260908_023026_d2fba4,2739,task_assigned,R4,G01041,
20260908_023026_d2fba4,2740,task_completed,R1,G01021,
20260908_023026_d2fba4,2741,task_assigned,R1,G00840,
20260908_023026_d2fba4,2742,task_assigned,R13,G00843,
20260908_023026_d2fba4,2742,task_assigned,R9,G00846,
20260908_023026_d2fba4,2743,task_completed,R6,G00816,
20260908_023026_d2fba4,2743,task_created,,G01042,type=PACK pickup=PICK-3 dropoff=PACK-1
20260908_023026_d2fba4,2744,task_completed,R4,G01041,
20260908_023026_d2fba4,2744,task_assigned,R6,G01042,
20260908_023026_d2fba4,2745,task_created,,G01043,type=PICK pickup=H-02 dropoff=PICK-2
20260908_023026_d2fba4,2745,task_assigned,R4,G01043,
20260908_023026_d2fba4,2747,task_created,,G01044,type=PUTAWAY pickup=BUFFER dropoff=G-04
20260908_023026_d2fba4,2753,task_completed,R11,G01027,
20260908_023026_d2fba4,2753,task_created,,G01045,type=SHIP pickup=STAGING dropoff=DOCK-2
20260908_023026_d2fba4,2754,task_completed,R10,G01038,
20260908_023026_d2fba4,2754,task_assigned,R11,G01045,
20260908_023026_d2fba4,2755,task_created,,G01046,type=PUTAWAY pickup=RECV dropoff=A-01
20260908_023026_d2fba4,2755,task_created,,G01047,type=PICK pickup=G-05 dropoff=PICK-3
20260908_023026_d2fba4,2755,task_created,,G01048,type=PACK pickup=PICK-2 dropoff=PACK-2
20260908_023026_d2fba4,2755,task_assigned,R10,G01048,
20260908_023026_d2fba4,2759,task_completed,R8,G00825,
20260908_023026_d2fba4,2759,task_completed,R3,G01039,
20260908_023026_d2fba4,2760,task_assigned,R3,G00848,
20260908_023026_d2fba4,2760,task_assigned,R8,G01047,
20260908_023026_d2fba4,2762,task_completed,R7,G01032,
20260908_023026_d2fba4,2763,task_assigned,R7,G00852,
20260908_023026_d2fba4,2763,task_created,,G01049,type=PUTAWAY pickup=BUFFER dropoff=B-08
20260908_023026_d2fba4,2764,task_completed,R2,G01035,
20260908_023026_d2fba4,2765,task_created,,G01050,type=PICK pickup=H-02 dropoff=PICK-1
20260908_023026_d2fba4,2765,task_assigned,R2,G01050,
20260908_023026_d2fba4,2766,task_interrupted,R3,G00848,
20260908_023026_d2fba4,2767,task_completed,R10,G01048,
20260908_023026_d2fba4,2767,task_created,,G01051,type=PACK pickup=PICK-3 dropoff=PACK-2
20260908_023026_d2fba4,2767,task_created,,G01052,type=SHIP pickup=STAGING dropoff=DOCK-1
20260908_023026_d2fba4,2768,task_completed,R12,G00836,
20260908_023026_d2fba4,2768,task_assigned,R10,G01052,
20260908_023026_d2fba4,2769,task_assigned,R12,G01051,
20260908_023026_d2fba4,2770,task_completed,R11,G01045,
20260908_023026_d2fba4,2771,task_assigned,R11,G00848,
20260908_023026_d2fba4,2771,task_completed,R6,G01042,
20260908_023026_d2fba4,2771,task_created,,G01053,type=PUTAWAY pickup=BUFFER dropoff=C-08
20260908_023026_d2fba4,2772,task_assigned,R6,G00855,
20260908_023026_d2fba4,2772,task_completed,R8,G01047,
20260908_023026_d2fba4,2773,task_assigned,R8,G00858,
20260908_023026_d2fba4,2774,task_completed,R13,G00843,
20260908_023026_d2fba4,2775,task_completed,R10,G01052,
20260908_023026_d2fba4,2775,task_created,,G01054,type=PICK pickup=B-04 dropoff=PICK-3
20260908_023026_d2fba4,2775,task_assigned,R13,G01054,
20260908_023026_d2fba4,2776,task_assigned,R10,G00862,
20260908_023026_d2fba4,2776,task_completed,R4,G01043,
20260908_023026_d2fba4,2777,task_assigned,R4,G00863,
20260908_023026_d2fba4,2779,task_created,,G01055,type=PUTAWAY pickup=BUFFER dropoff=G-05
20260908_023026_d2fba4,2779,task_created,,G01056,type=PACK pickup=PICK-1 dropoff=PACK-1
20260908_023026_d2fba4,2781,task_completed,R9,G00846,
20260908_023026_d2fba4,2781,task_created,,G01057,type=SHIP pickup=STAGING dropoff=DOCK-2
20260908_023026_d2fba4,2782,task_assigned,R9,G01057,
20260908_023026_d2fba4,2785,task_created,,G01058,type=PICK pickup=A-06 dropoff=PICK-2
20260908_023026_d2fba4,2787,task_created,,G01059,type=PUTAWAY pickup=BUFFER dropoff=F-01
20260908_023026_d2fba4,2790,task_completed,R1,G00840,
20260908_023026_d2fba4,2791,task_assigned,R1,G01056,
20260908_023026_d2fba4,2791,task_created,,G01060,type=PACK pickup=PICK-1 dropoff=PACK-2
20260908_023026_d2fba4,2794,task_completed,R11,G00848,
20260908_023026_d2fba4,2794,task_assigned,R3,G01060,
20260908_023026_d2fba4,2795,task_completed,R9,G01057,
20260908_023026_d2fba4,2795,task_created,,G01061,type=PUTAWAY pickup=BUFFER dropoff=A-01
20260908_023026_d2fba4,2795,task_created,,G01062,type=PICK pickup=A-08 dropoff=PICK-1
20260908_023026_d2fba4,2795,task_created,,G01063,type=SHIP pickup=STAGING dropoff=DOCK-1
20260908_023026_d2fba4,2795,task_assigned,R11,G01063,
20260908_023026_d2fba4,2796,task_assigned,R9,G01058,
20260908_023026_d2fba4,2799,task_completed,R12,G01051,
20260908_023026_d2fba4,2800,task_assigned,R12,G01062,
20260908_023026_d2fba4,2802,task_completed,R5,G00834,
20260908_023026_d2fba4,2802,task_completed,R13,G01054,
20260908_023026_d2fba4,2803,task_completed,R8,G00858,
20260908_023026_d2fba4,2803,task_assigned,R5,G00867,
20260908_023026_d2fba4,2803,task_created,,G01064,type=PUTAWAY pickup=RECV dropoff=H-06
20260908_023026_d2fba4,2803,task_created,,G01065,type=PACK pickup=PICK-3 dropoff=PACK-1
20260908_023026_d2fba4,2803,task_assigned,R13,G01065,
20260908_023026_d2fba4,2804,task_completed,R7,G00852,
20260908_023026_d2fba4,2804,task_assigned,R8,G00870,
20260908_023026_d2fba4,2805,task_created,,G01066,type=PICK pickup=H-04 dropoff=PICK-1
20260908_023026_d2fba4,2805,task_assigned,R7,G01066,
20260908_023026_d2fba4,2807,task_completed,R10,G00862,
20260908_023026_d2fba4,2808,task_assigned,R10,G00873,
20260908_023026_d2fba4,2809,task_created,,G01067,type=SHIP pickup=STAGING dropoff=DOCK-1
20260908_023026_d2fba4,2811,task_created,,G01068,type=PUTAWAY pickup=BUFFER dropoff=E-03
20260908_023026_d2fba4,2814,task_completed,R4,G00863,
20260908_023026_d2fba4,2815,task_completed,R6,G00855,
20260908_023026_d2fba4,2815,task_completed,R11,G01063,
20260908_023026_d2fba4,2815,task_assigned,R4,G01067,
20260908_023026_d2fba4,2815,task_created,,G01069,type=PICK pickup=B-08 dropoff=PICK-3
20260908_023026_d2fba4,2815,task_created,,G01070,type=PACK pickup=PICK-2 dropoff=PACK-1
20260908_023026_d2fba4,2816,task_assigned,R11,G01069,
20260908_023026_d2fba4,2816,task_assigned,R6,G01070,
20260908_023026_d2fba4,2818,task_completed,R13,G01065,
20260908_023026_d2fba4,2819,task_assigned,R13,G00877,
20260908_023026_d2fba4,2819,task_created,,G01071,type=PUTAWAY pickup=BUFFER dropoff=E-01
20260908_023026_d2fba4,2822,task_completed,R2,G01050,
20260908_023026_d2fba4,2823,task_created,,G01072,type=SHIP pickup=STAGING dropoff=DOCK-2
20260908_023026_d2fba4,2823,task_assigned,R2,G01072,
20260908_023026_d2fba4,2824,task_completed,R8,G00870,
20260908_023026_d2fba4,2824,task_completed,R12,G01062,
20260908_023026_d2fba4,2825,task_assigned,R12,G00879,
20260908_023026_d2fba4,2825,task_created,,G01073,type=PICK pickup=H-07 dropoff=PICK-2
20260908_023026_d2fba4,2825,task_assigned,R8,G01073,
20260908_023026_d2fba4,2826,task_completed,R1,G01056,
20260908_023026_d2fba4,2826,task_completed,R3,G01060,
20260908_023026_d2fba4,2827,task_assigned,R1,G00882,
20260908_023026_d2fba4,2827,task_created,,G01074,type=PUTAWAY pickup=RECV dropoff=D-02
20260908_023026_d2fba4,2827,task_created,,G01075,type=PACK pickup=PICK-1 dropoff=PACK-2
20260908_023026_d2fba4,2827,task_assigned,R3,G01075,
20260908_023026_d2fba4,2828,task_completed,R5,G00867,
20260908_023026_d2fba4,2829,task_assigned,R5,G00885,
20260908_023026_d2fba4,2829,task_completed,R6,G01070,
20260908_023026_d2fba4,2830,task_completed,R10,G00873,
20260908_023026_d2fba4,2830,task_assigned,R6,G00889,
20260908_023026_d2fba4,2831,task_assigned,R10,G00891,
20260908_023026_d2fba4,2835,task_created,,G01076,type=PUTAWAY pickup=BUFFER dropoff=F-01
20260908_023026_d2fba4,2835,task_created,,G01077,type=PICK pickup=H-05 dropoff=PICK-3
20260908_023026_d2fba4,2836,task_interrupted,R5,G00885,
20260908_023026_d2fba4,2837,task_completed,R9,G01058,
20260908_023026_d2fba4,2837,task_created,,G01078,type=SHIP pickup=STAGING dropoff=DOCK-2
20260908_023026_d2fba4,2838,task_assigned,R9,G01078,
20260908_023026_d2fba4,2839,task_completed,R2,G01072,
20260908_023026_d2fba4,2839,task_created,,G01079,type=PACK pickup=PICK-1 dropoff=PACK-2
20260908_023026_d2fba4,2840,task_completed,R13,G00877,
20260908_023026_d2fba4,2840,task_assigned,R2,G01079,
20260908_023026_d2fba4,2841,task_assigned,R13,G01077,
20260908_023026_d2fba4,2842,task_interrupted,R1,G00882,
20260908_023026_d2fba4,2842,task_completed,R4,G01067,
20260908_023026_d2fba4,2843,task_assigned,R4,G00882,
20260908_023026_d2fba4,2843,task_created,,G01080,type=PUTAWAY pickup=RECV dropoff=E-07
20260908_023026_d2fba4,2845,task_interrupted,R12,G00879,
20260908_023026_d2fba4,2845,task_created,,G01081,type=PICK pickup=D-02 dropoff=PICK-2
20260908_023026_d2fba4,2848,task_completed,R9,G01078,
20260908_023026_d2fba4,2849,task_assigned,R9,G01081,
20260908_023026_d2fba4,2851,task_created,,G01082,type=PUTAWAY pickup=RECV dropoff=C-06
20260908_023026_d2fba4,2851,task_created,,G01083,type=PACK pickup=PICK-2 dropoff=PACK-1
20260908_023026_d2fba4,2851,task_created,,G01084,type=SHIP pickup=STAGING dropoff=DOCK-1
20260908_023026_d2fba4,2853,task_completed,R11,G01069,
20260908_023026_d2fba4,2854,task_completed,R10,G00891,
20260908_023026_d2fba4,2854,task_assigned,R11,G01084,
20260908_023026_d2fba4,2855,task_assigned,R10,G01083,
20260908_023026_d2fba4,2855,task_created,,G01085,type=PICK pickup=E-02 dropoff=PICK-2
20260908_023026_d2fba4,2856,task_completed,R8,G01073,
20260908_023026_d2fba4,2856,task_interrupted,R2,G01079,
20260908_023026_d2fba4,2857,task_assigned,R8,G01079,
20260908_023026_d2fba4,2859,task_created,,G01086,type=PUTAWAY pickup=RECV dropoff=B-03
20260908_023026_d2fba4,2860,task_completed,R3,G01075,
20260908_023026_d2fba4,2861,task_assigned,R3,G01085,
20260908_023026_d2fba4,2863,task_created,,G01087,type=PACK pickup=PICK-3 dropoff=PACK-1
20260908_023026_d2fba4,2865,task_created,,G01088,type=PICK pickup=B-02 dropoff=PICK-3
20260908_023026_d2fba4,2865,task_created,,G01089,type=SHIP pickup=STAGING dropoff=DOCK-2
20260908_023026_d2fba4,2867,task_interrupted,R7,G01066,
20260908_023026_d2fba4,2867,task_completed,R10,G01083,
20260908_023026_d2fba4,2867,task_created,,G01090,type=PUTAWAY pickup=BUFFER dropoff=G-04
20260908_023026_d2fba4,2868,task_assigned,R10,G01089,
20260908_023026_d2fba4,2869,task_assigned,R5,G00885,
20260908_023026_d2fba4,2870,task_completed,R11,G01084,
20260908_023026_d2fba4,2871,task_assigned,R11,G01087,
20260908_023026_d2fba4,2872,task_interrupted,R10,G01089,
20260908_023026_d2fba4,2873,task_completed,R4,G00882,
20260908_023026_d2fba4,2873,task_completed,R6,G00889,
20260908_023026_d2fba4,2874,task_assigned,R6,G01066,
20260908_023026_d2fba4,2874,task_assigned,R4,G01089,
20260908_023026_d2fba4,2875,task_created,,G01091,type=PUTAWAY pickup=BUFFER dropoff=H-01
20260908_023026_d2fba4,2875,task_created,,G01092,type=PICK pickup=A-04 dropoff=PICK-1
20260908_023026_d2fba4,2875,task_created,,G01093,type=PACK pickup=PICK-3 dropoff=PACK-1
20260908_023026_d2fba4,2875,task_assigned,R1,G01093,
20260908_023026_d2fba4,2878,task_assigned,R2,G01088,
20260908_023026_d2fba4,2879,task_created,,G01094,type=SHIP pickup=STAGING dropoff=DOCK-1
20260908_023026_d2fba4,2881,task_completed,R8,G01079,
20260908_023026_d2fba4,2882,task_assigned,R12,G00879,
20260908_023026_d2fba4,2882,task_assigned,R8,G01094,
20260908_023026_d2fba4,2883,task_created,,G01095,type=PUTAWAY pickup=BUFFER dropoff=H-03
20260908_023026_d2fba4,2885,task_interrupted,R11,G01087,
20260908_023026_d2fba4,2885,task_created,,G01096,type=PICK pickup=B-02 dropoff=PICK-2
20260908_023026_d2fba4,2886,task_completed,R9,G01081,
20260908_023026_d2fba4,2887,task_completed,R13,G01077,
20260908_023026_d2fba4,2887,task_assigned,R9,G01087,
20260908_023026_d2fba4,2887,task_created,,G01097,type=PACK pickup=PICK-1 dropoff=PACK-2
20260908_023026_d2fba4,2888,task_assigned,R13,G01097,
20260908_023026_d2fba4,2889,task_completed,R8,G01094,
20260908_023026_d2fba4,2890,task_assigned,R8,G01092,
20260908_023026_d2fba4,2891,task_completed,R6,G01066,
20260908_023026_d2fba4,2891,task_created,,G01098,type=PUTAWAY pickup=RECV dropoff=E-08
20260908_023026_d2fba4,2892,task_completed,R4,G01089,
20260908_023026_d2fba4,2892,task_assigned,R6,G01096,
20260908_023026_d2fba4,2893,task_completed,R3,G01085,
20260908_023026_d2fba4,2893,task_created,,G01099,type=SHIP pickup=STAGING dropoff=DOCK-1
20260908_023026_d2fba4,2893,task_assigned,R4,G01099,
20260908_023026_d2fba4,2894,task_assigned,R3,G00894,
20260908_023026_d2fba4,2895,task_created,,G01100,type=PICK pickup=B-07 dropoff=PICK-3
20260908_023026_d2fba4,2896,task_completed,R5,G00885,
20260908_023026_d2fba4,2896,task_assigned,R7,G01100,
20260908_023026_d2fba4,2897,task_assigned,R5,G00898,
20260908_023026_d2fba4,2898,task_assigned,R10,G00900,
20260908_023026_d2fba4,2898,task_completed,R4,G01099,
20260908_023026_d2fba4,2899,task_created,,G01101,type=PUTAWAY pickup=BUFFER dropoff=A-01
20260908_023026_d2fba4,2899,task_created,,G01102,type=PACK pickup=PICK-1 dropoff=PACK-2
20260908_023026_d2fba4,2899,task_assigned,R4,G01102,
20260908_023026_d2fba4,2905,task_created,,G01103,type=PICK pickup=H-05 dropoff=PICK-1
20260908_023026_d2fba4,2907,task_completed,R6,G01096,
20260908_023026_d2fba4,2907,task_created,,G01104,type=PUTAWAY pickup=RECV dropoff=D-07
20260908_023026_d2fba4,2907,task_created,,G01105,type=SHIP pickup=STAGING dropoff=DOCK-2
20260908_023026_d2fba4,2908,task_assigned,R6,G01105,
20260908_023026_d2fba4,2910,task_completed,R12,G00879,
20260908_023026_d2fba4,2910,task_completed,R9,G01087,
20260908_023026_d2fba4,2911,task_completed,R3,G00894,
20260908_023026_d2fba4,2911,task_assigned,R9,G01103,
20260908_023026_d2fba4,2911,task_created,,G01106,type=PACK pickup=PICK-3 dropoff=PACK-1
20260908_023026_d2fba4,2911,task_assigned,R12,G01106,
20260908_023026_d2fba4,2912,task_assigned,R3,G00904,
20260908_023026_d2fba4,2915,task_created,,G01107,type=PUTAWAY pickup=RECV dropoff=E-06
20260908_023026_d2fba4,2915,task_created,,G01108,type=PICK pickup=E-06 dropoff=PICK-2
20260908_023026_d2fba4,2916,task_completed,R8,G01092,
20260908_023026_d2fba4,2916,task_completed,R1,G01093,
20260908_023026_d2fba4,2916,task_completed,R6,G01105,
20260908_023026_d2fba4,2917,task_assigned,R8,G00907,
20260908_023026_d2fba4,2917,task_assigned,R6,G00909,
20260908_023026_d2fba4,2917,task_completed,R2,G01088,
20260908_023026_d2fba4,2917,task_assigned,R1,G01108,
20260908_023026_d2fba4,2918,task_assigned,R2,G00912,
20260908_023026_d2fba4,2921,task_created,,G01109,type=SHIP pickup=STAGING dropoff=DOCK-1
20260908_023026_d2fba4,2922,task_assigned,R11,G01109,
20260908_023026_d2fba4,2923,task_created,,G01110,type=PUTAWAY pickup=RECV dropoff=E-01
20260908_023026_d2fba4,2923,task_created,,G01111,type=PACK pickup=PICK-2 dropoff=PACK-1
20260908_023026_d2fba4,2925,task_created,,G01112,type=PICK pickup=F-02 dropoff=PICK-1
20260908_023026_d2fba4,2927,task_completed,R5,G00898,
20260908_023026_d2fba4,2928,task_assigned,R5,G01111,
20260908_023026_d2fba4,2929,task_completed,R13,G01097,
20260908_023026_d2fba4,2930,task_interrupted,R6,G00909,
20260908_023026_d2fba4,2930,task_completed,R4,G01102,
20260908_023026_d2fba4,2930,task_assigned,R13,G01112,
20260908_023026_d2fba4,2931,task_created,,G01113,type=PUTAWAY pickup=RECV dropoff=H-08
20260908_023026_d2fba4,2935,task_created,,G01114,type=PICK pickup=G-05 dropoff=PICK-2
20260908_023026_d2fba4,2935,task_created,,G01115,type=PACK pickup=PICK-2 dropoff=PACK-1
20260908_023026_d2fba4,2935,task_created,,G01116,type=SHIP pickup=STAGING dropoff=DOCK-1
20260908_023026_d2fba4,2936,task_completed,R10,G00900,
20260908_023026_d2fba4,2936,task_completed,R12,G01106,
20260908_023026_d2fba4,2937,task_assigned,R10,G01115,
20260908_023026_d2fba4,2937,task_assigned,R12,G01116,
20260908_023026_d2fba4,2938,task_completed,R11,G01109,
20260908_023026_d2fba4,2939,task_assigned,R11,G01114,
20260908_023026_d2fba4,2939,task_created,,G01117,type=PUTAWAY pickup=RECV dropoff=G-05
20260908_023026_d2fba4,2943,task_completed,R12,G01116,
20260908_023026_d2fba4,2944,task_assigned,R12,G00909,
20260908_023026_d2fba4,2945,task_created,,G01118,type=PICK pickup=F-06 dropoff=PICK-2
20260908_023026_d2fba4,2946,task_interrupted,R8,G00907,
20260908_023026_d2fba4,2947,task_created,,G01119,type=PUTAWAY pickup=RECV dropoff=F-07
20260908_023026_d2fba4,2947,task_created,,G01120,type=PACK pickup=PICK-2 dropoff=PACK-2
20260908_023026_d2fba4,2949,task_completed,R7,G01100,
20260908_023026_d2fba4,2949,task_created,,G01121,type=SHIP pickup=STAGING dropoff=DOCK-2
20260908_023026_d2fba4,2950,task_assigned,R7,G01121,
20260908_023026_d2fba4,2952,task_completed,R10,G01115,
20260908_023026_d2fba4,2953,task_assigned,R10,G01120,
20260908_023026_d2fba4,2954,task_completed,R2,G00912,
20260908_023026_d2fba4,2954,task_completed,R1,G01108,
20260908_023026_d2fba4,2955,task_completed,R13,G01112,
20260908_023026_d2fba4,2955,task_assigned,R2,G01118,
20260908_023026_d2fba4,2955,task_created,,G01122,type=PUTAWAY pickup=RECV dropoff=H-01
20260908_023026_d2fba4,2955,task_created,,G01123,type=PICK pickup=C-08 dropoff=PICK-3
20260908_023026_d2fba4,2955,task_assigned,R1,G01123,
20260908_023026_d2fba4,2956,task_assigned,R13,G00907,
20260908_023026_d2fba4,2959,task_created,,G01124,type=PACK pickup=PICK-1 dropoff=PACK-2
20260908_023026_d2fba4,2961,task_assigned,R4,G01124,
20260908_023026_d2fba4,2963,task_created,,G01125,type=PUTAWAY pickup=RECV dropoff=F-01
20260908_023026_d2fba4,2963,task_created,,G01126,type=SHIP pickup=STAGING dropoff=DOCK-1
20260908_023026_d2fba4,2964,task_completed,R3,G00904,
20260908_023026_d2fba4,2965,task_assigned,R6,G01126,
20260908_023026_d2fba4,2965,task_created,,G01127,type=PICK pickup=D-01 dropoff=PICK-2
20260908_023026_d2fba4,2965,task_assigned,R3,G01127,
20260908_023026_d2fba4,2968,task_interrupted,R9,G01103,
20260908_023026_d2fba4,2968,task_completed,R10,G01120,
20260908_023026_d2fba4,2968,task_completed,R7,G01121,
20260908_023026_d2fba4,2969,task_assigned,R7,G00916,
20260908_023026_d2fba4,2969,task_assigned,R10,G01103,
20260908_023026_d2fba4,2970,task_interrupted,R13,G00907,
20260908_023026_d2fba4,2970,task_completed,R2,G01118,
20260908_023026_d2fba4,2971,task_created,,G01128,type=PUTAWAY pickup=RECV dropoff=E-03
20260908_023026_d2fba4,2971,task_created,,G01129,type=PACK pickup=PICK-1 dropoff=PACK-2
20260908_023026_d2fba4,2971,task_assigned,R2,G01129,
20260908_023026_d2fba4,2975,task_created,,G01130,type=PICK pickup=A-04 dropoff=PICK-3
20260908_023026_d2fba4,2977,task_created,,G01131,type=SHIP pickup=STAGING dropoff=DOCK-2
20260908_023026_d2fba4,2978,task_completed,R12,G00909,
20260908_023026_d2fba4,2979,task_assigned,R12,G01131,
20260908_023026_d2fba4,2979,task_created,,G01132,type=PUTAWAY pickup=BUFFER dropoff=C-07
20260908_023026_d2fba4,2980,task_completed,R6,G01126,
20260908_023026_d2fba4,2980,task_completed,R3,G01127,
20260908_023026_d2fba4,2981,task_assigned,R3,G00907,
20260908_023026_d2fba4,2981,task_assigned,R6,G01130,
20260908_023026_d2fba4,2983,task_created,,G01133,type=PACK pickup=PICK-1 dropoff=PACK-1
20260908_023026_d2fba4,2985,task_completed,R10,G01103,
20260908_023026_d2fba4,2985,task_created,,G01134,type=PICK pickup=F-03 dropoff=PICK-2
20260908_023026_d2fba4,2986,task_assigned,R10,G01133,
20260908_023026_d2fba4,2987,task_completed,R1,G01123,
20260908_023026_d2fba4,2987,task_created,,G01135,type=PUTAWAY pickup=RECV dropoff=C-06
20260908_023026_d2fba4,2988,task_assigned,R1,G01134,
20260908_023026_d2fba4,2990,task_completed,R4,G01124,
20260908_023026_d2fba4,2991,task_assigned,R4,G00919,
20260908_023026_d2fba4,2991,task_created,,G01136,type=SHIP pickup=STAGING dropoff=DOCK-2
20260908_023026_d2fba4,2991,task_assigned,R9,G01136,
20260908_023026_d2fba4,2993,task_completed,R5,G01111,
20260908_023026_d2fba4,2993,task_completed,R11,G01114,
20260908_023026_d2fba4,2994,task_assigned,R8,G00922,
20260908_023026_d2fba4,2994,task_assigned,R11,G00925,
20260908_023026_d2fba4,2994,task_assigned,R5,G00927,
20260908_023026_d2fba4,2994,task_completed,R2,G01129,
20260908_023026_d2fba4,2994,task_completed,R12,G01131,
20260908_023026_d2fba4,2995,task_completed,R10,G01133,
20260908_023026_d2fba4,2995,task_created,,G01137,type=PUTAWAY pickup=RECV dropoff=B-08
20260908_023026_d2fba4,2995,task_created,,G01138,type=PICK pickup=C-04 dropoff=PICK-1
20260908_023026_d2fba4,2995,task_assigned,R12,G01138,
20260908_023026_d2fba4,2995,task_created,,G01139,type=PACK pickup=PICK-2 dropoff=PACK-2
20260908_023026_d2fba4,2995,task_assigned,R2,G01139,
20260908_023026_d2fba4,2996,task_assigned,R10,G00931,
20260908_023026_d2fba4,2999,task_completed,R3,G00907,
20260908_023026_d2fba4,3000,task_assigned,R3,G00934,
20260908_023026_d2fba4,3003,task_created,,G01140,type=PUTAWAY pickup=RECV dropoff=H-08
20260908_023026_d2fba4,3005,task_created,,G01141,type=PICK pickup=G-02 dropoff=PICK-2
20260908_023026_d2fba4,3005,task_created,,G01142,type=SHIP pickup=STAGING dropoff=DOCK-2
20260908_023026_d2fba4,3006,task_completed,R9,G01136,
20260908_023026_d2fba4,3006,task_assigned,R13,G01142,
20260908_023026_d2fba4,3007,task_completed,R11,G00925,
20260908_023026_d2fba4,3007,task_created,,G01143,type=PACK pickup=PICK-3 dropoff=PACK-1
20260908_023026_d2fba4,3007,task_assigned,R9,G01143,
20260908_023026_d2fba4,3008,task_completed,R2,G01139,
20260908_023026_d2fba4,3008,task_assigned,R11,G01141,
20260908_023026_d2fba4,3009,task_assigned,R2,G00937,
20260908_023026_d2fba4,3010,task_completed,R1,G01134,
20260908_023026_d2fba4,3011,task_assigned,R1,G00940,
20260908_023026_d2fba4,3011,task_created,,G01144,type=PUTAWAY pickup=BUFFER dropoff=E-06
20260908_023026_d2fba4,3015,task_interrupted,R3,G00934,
20260908_023026_d2fba4,3015,task_created,,G01145,type=PICK pickup=D-03 dropoff=PICK-1
20260908_023026_d2fba4,3016,task_completed,R6,G01130,
20260908_023026_d2fba4,3017,task_assigned,R6,G01145,
20260908_023026_d2fba4,3019,task_created,,G01146,type=PUTAWAY pickup=RECV dropoff=F-02
20260908_023026_d2fba4,3019,task_created,,G01147,type=PACK pickup=PICK-3 dropoff=PACK-1
20260908_023026_d2fba4,3019,task_created,,G01148,type=SHIP pickup=STAGING dropoff=DOCK-2
20260908_023026_d2fba4,3022,task_completed,R13,G01142,
20260908_023026_d2fba4,3023,task_assigned,R13,G01148,
20260908_023026_d2fba4,3025,task_completed,R7,G00916,
20260908_023026_d2fba4,3025,task_created,,G01149,type=PICK pickup=A-02 dropoff=PICK-3
20260908_023026_d2fba4,3026,task_assigned,R7,G01147,
20260908_023026_d2fba4,3027,task_created,,G01150,type=PUTAWAY pickup=BUFFER dropoff=E-04
20260908_023026_d2fba4,3028,task_completed,R13,G01148,
20260908_023026_d2fba4,3029,task_assigned,R13,G01149,
20260908_023026_d2fba4,3031,task_completed,R11,G01141,
20260908_023026_d2fba4,3031,task_created,,G01151,type=PACK pickup=PICK-1 dropoff=PACK-2
20260908_023026_d2fba4,3032,task_completed,R5,G00927,
20260908_023026_d2fba4,3032,task_completed,R12,G01138,
20260908_023026_d2fba4,3032,task_assigned,R11,G01151,
20260908_023026_d2fba4,3033,task_assigned,R5,G00934,
20260908_023026_d2fba4,3033,task_completed,R9,G01143,
20260908_023026_d2fba4,3033,task_created,,G01152,type=SHIP pickup=STAGING dropoff=DOCK-1
20260908_023026_d2fba4,3033,task_assigned,R12,G01152,
20260908_023026_d2fba4,3034,task_assigned,R9,G00943,
20260908_023026_d2fba4,3035,task_created,,G01153,type=PUTAWAY pickup=BUFFER dropoff=H-07
20260908_023026_d2fba4,3035,task_created,,G01154,type=PICK pickup=B-05 dropoff=PICK-2
20260908_023026_d2fba4,3036,task_completed,R10,G00931,
20260908_023026_d2fba4,3037,task_assigned,R10,G01154,
20260908_023026_d2fba4,3038,task_completed,R8,G00922,
20260908_023026_d2fba4,3039,task_assigned,R8,G00946,
20260908_023026_d2fba4,3043,task_created,,G01155,type=PUTAWAY pickup=RECV dropoff=G-03
20260908_023026_d2fba4,3043,task_created,,G01156,type=PACK pickup=PICK-2 dropoff=PACK-1
20260908_023026_d2fba4,3045,task_completed,R4,G00919,
20260908_023026_d2fba4,3045,task_created,,G01157,type=PICK pickup=D-08 dropoff=PICK-3
20260908_023026_d2fba4,3046,task_assigned,R4,G01156,
20260908_023026_d2fba4,3047,task_created,,G01158,type=SHIP pickup=STAGING dropoff=DOCK-1
20260908_023026_d2fba4,3049,task_completed,R7,G01147,
20260908_023026_d2fba4,3050,task_assigned,R7,G01158,
20260908_023026_d2fba4,3051,task_completed,R6,G01145,
20260908_023026_d2fba4,3051,task_created,,G01159,type=PUTAWAY pickup=BUFFER dropoff=H-04
20260908_023026_d2fba4,3052,task_assigned,R6,G01157,
20260908_023026_d2fba4,3053,task_assigned,R3,G00949,
20260908_023026_d2fba4,3054,task_completed,R12,G01152,
20260908_023026_d2fba4,3055,task_created,,G01160,type=PICK pickup=D-08 dropoff=PICK-3
20260908_023026_d2fba4,3055,task_created,,G01161,type=PACK pickup=PICK-1 dropoff=PACK-1
20260908_023026_d2fba4,3055,task_assigned,R12,G01161,
20260908_023026_d2fba4,3056,task_completed,R7,G01158,
20260908_023026_d2fba4,3057,task_assigned,R7,G01160,
20260908_023026_d2fba4,3058,task_completed,R9,G00943,
20260908_023026_d2fba4,3059,task_assigned,R9,G00953,
20260908_023026_d2fba4,3059,task_created,,G01162,type=PUTAWAY pickup=BUFFER dropoff=H-01
20260908_023026_d2fba4,3060,task_completed,R1,G00940,
20260908_023026_d2fba4,3060,task_completed,R10,G01154,
20260908_023026_d2fba4,3061,task_assigned,R1,G00954,
20260908_023026_d2fba4,3061,task_created,,G01163,type=SHIP pickup=STAGING dropoff=DOCK-1
20260908_023026_d2fba4,3061,task_assigned,R10,G01163,
20260908_023026_d2fba4,3063,task_completed,R11,G01151,
20260908_023026_d2fba4,3064,task_assigned,R11,G00958,
20260908_023026_d2fba4,3065,task_completed,R4,G01156,
20260908_023026_d2fba4,3065,task_created,,G01164,type=PICK pickup=A-06 dropoff=PICK-3
20260908_023026_d2fba4,3066,task_assigned,R4,G01164,
20260908_023026_d2fba4,3067,task_created,,G01165,type=PUTAWAY pickup=BUFFER dropoff=H-02
20260908_023026_d2fba4,3067,task_created,,G01166,type=PACK pickup=PICK-1 dropoff=PACK-2
20260908_023026_d2fba4,3071,task_completed,R10,G01163,
20260908_023026_d2fba4,3072,task_assigned,R10,G01166,
20260908_023026_d2fba4,3074,task_completed,R2,G00937,
20260908_023026_d2fba4,3075,task_created,,G01167,type=PUTAWAY pickup=RECV dropoff=B-02
20260908_023026_d2fba4,3075,task_created,,G01168,type=PICK pickup=A-04 dropoff=PICK-3
20260908_023026_d2fba4,3075,task_created,,G01169,type=SHIP pickup=STAGING dropoff=DOCK-2
20260908_023026_d2fba4,3075,task_assigned,R2,G01169,
20260908_023026_d2fba4,3077,task_completed,R13,G01149,
20260908_023026_d2fba4,3077,task_completed,R12,G01161,
20260908_023026_d2fba4,3078,task_assigned,R12,G00962,
20260908_023026_d2fba4,3078,task_assigned,R13,G01168,
20260908_023026_d2fba4,3079,task_created,,G01170,type=PACK pickup=PICK-1 dropoff=PACK-2
20260908_023026_d2fba4,3081,task_completed,R5,G00934,
20260908_023026_d2fba4,3082,task_assigned,R5,G01170,
20260908_023026_d2fba4,3083,task_created,,G01171,type=PUTAWAY pickup=RECV dropoff=A-07
20260908_023026_d2fba4,3085,task_created,,G01172,type=PICK pickup=B-06 dropoff=PICK-3
20260908_023026_d2fba4,3089,task_completed,R7,G01160,
20260908_023026_d2fba4,3089,task_created,,G01173,type=SHIP pickup=STAGING dropoff=DOCK-1
20260908_023026_d2fba4,3090,task_assigned,R7,G01173,
20260908_023026_d2fba4,3091,task_created,,G01174,type=PUTAWAY pickup=BUFFER dropoff=E-01
20260908_023026_d2fba4,3091,task_created,,G01175,type=PACK pickup=PICK-3 dropoff=PACK-1
20260908_023026_d2fba4,3095,task_created,,G01176,type=PICK pickup=A-01 dropoff=PICK-1
20260908_023026_d2fba4,3096,task_interrupted,R1,G00954,
20260908_023026_d2fba4,3099,task_interrupted,R5,G01170,
20260908_023026_d2fba4,3099,task_created,,G01177,type=PUTAWAY pickup=RECV dropoff=E-06
20260908_023026_d2fba4,3101,task_completed,R9,G00953,
20260908_023026_d2fba4,3101,task_completed,R11,G00958,
20260908_023026_d2fba4,3101,task_completed,R6,G01157,
20260908_023026_d2fba4,3102,task_completed,R10,G01166,
20260908_023026_d2fba4,3102,task_assigned,R9,G01170,
20260908_023026_d2fba4,3102,task_assigned,R11,G01172,
20260908_023026_d2fba4,3102,task_assigned,R6,G01175,
20260908_023026_d2fba4,3103,task_created,,G01178,type=PACK pickup=PICK-3 dropoff=PACK-1
20260908_023026_d2fba4,3103,task_created,,G01179,type=SHIP pickup=STAGING dropoff=DOCK-2
20260908_023026_d2fba4,3103,task_assigned,R10,G01179,
20260908_023026_d2fba4,3104,task_completed,R2,G01169,
20260908_023026_d2fba4,3105,task_created,,G01180,type=PICK pickup=C-03 dropoff=PICK-3
20260908_023026_d2fba4,3106,task_interrupted,R12,G00962,
20260908_023026_d2fba4,3106,task_completed,R4,G01164,
20260908_023026_d2fba4,3106,task_completed,R7,G01173,
20260908_023026_d2fba4,3107,task_assigned,R7,G01176,
20260908_023026_d2fba4,3107,task_assigned,R4,G01178,
20260908_023026_d2fba4,3107,task_created,,G01181,type=PUTAWAY pickup=BUFFER dropoff=E-05
20260908_023026_d2fba4,3112,task_completed,R10,G01179,
20260908_023026_d2fba4,3113,task_assigned,R10,G01180,
20260908_023026_d2fba4,3114,task_completed,R8,G00946,
20260908_023026_d2fba4,3115,task_completed,R6,G01175,
20260908_023026_d2fba4,3115,task_created,,G01182,type=PUTAWAY pickup=RECV dropoff=C-01
20260908_023026_d2fba4,3115,task_created,,G01183,type=PICK pickup=H-02 dropoff=PICK-3
20260908_023026_d2fba4,3115,task_created,,G01184,type=PACK pickup=PICK-3 dropoff=PACK-1
20260908_023026_d2fba4,3115,task_assigned,R8,G01184,
20260908_023026_d2fba4,3116,task_assigned,R6,G01183,
20260908_023026_d2fba4,3117,task_created,,G01185,type=SHIP pickup=STAGING dropoff=DOCK-1
20260908_023026_d2fba4,3118,task_completed,R11,G01172,
20260908_023026_d2fba4,3118,task_interrupted,R10,G01180,
20260908_023026_d2fba4,3119,task_assigned,R11,G01185,
20260908_023026_d2fba4,3120,task_interrupted,R7,G01176,
20260908_023026_d2fba4,3120,task_completed,R4,G01178,
20260908_023026_d2fba4,3121,task_assigned,R4,G01176,
20260908_023026_d2fba4,3123,task_completed,R3,G00949,
20260908_023026_d2fba4,3123,task_created,,G01186,type=PUTAWAY pickup=BUFFER dropoff=F-05
20260908_023026_d2fba4,3124,task_assigned,R5,G00954,
20260908_023026_d2fba4,3124,task_assigned,R3,G01180,
20260908_023026_d2fba4,3125,task_completed,R13,G01168,
20260908_023026_d2fba4,3125,task_created,,G01187,type=PICK pickup=D-03 dropoff=PICK-3
20260908_023026_d2fba4,3126,task_completed,R9,G01170,
20260908_023026_d2fba4,3126,task_assigned,R13,G01187,
20260908_023026_d2fba4,3127,task_created,,G01188,type=PACK pickup=PICK-1 dropoff=PACK-2
20260908_023026_d2fba4,3127,task_assigned,R9,G01188,
20260908_023026_d2fba4,3128,task_assigned,R1,G00962,
20260908_023026_d2fba4,3131,task_created,,G01189,type=PUTAWAY pickup=RECV dropoff=H-05
20260908_023026_d2fba4,3131,task_created,,G01190,type=SHIP pickup=STAGING dropoff=DOCK-1
20260908_023026_d2fba4,3134,task_assigned,R2,G01190,
20260908_023026_d2fba4,3135,task_created,,G01191,type=PICK pickup=A-02 dropoff=PICK-3
20260908_023026_d2fba4,3136,task_completed,R11,G01185,
20260908_023026_d2fba4,3137,task_completed,R8,G01184,
20260908_023026_d2fba4,3138,task_assigned,R11,G00964,
20260908_023026_d2fba4,3138,task_assigned,R8,G01191,
20260908_023026_d2fba4,3139,task_created,,G01192,type=PUTAWAY pickup=BUFFER dropoff=B-01
20260908_023026_d2fba4,3139,task_created,,G01193,type=PACK pickup=PICK-2 dropoff=PACK-1
20260908_023026_d2fba4,3140,task_assigned,R12,G01193,
20260908_023026_d2fba4,3142,task_completed,R6,G01183,
20260908_023026_d2fba4,3143,task_assigned,R6,G00968,
20260908_023026_d2fba4,3144,task_completed,R4,G01176,
20260908_023026_d2fba4,3144,task_completed,R13,G01187,
20260908_023026_d2fba4,3145,task_created,,G01194,type=PICK pickup=A-02 dropoff=PICK-2
20260908_023026_d2fba4,3145,task_assigned,R4,G01194,
20260908_023026_d2fba4,3145,task_created,,G01195,type=SHIP pickup=STAGING dropoff=DOCK-1
20260908_023026_d2fba4,3145,task_assigned,R13,G01195,
20260908_023026_d2fba4,3147,task_completed,R3,G01180,
20260908_023026_d2fba4,3147,task_created,,G01196,type=PUTAWAY pickup=RECV dropoff=A-03
20260908_023026_d2fba4,3148,task_assigned,R3,G00970,
20260908_023026_d2fba4,3150,task_completed,R2,G01190,
20260908_023026_d2fba4,3151,task_created,,G01197,type=PACK pickup=PICK-1 dropoff=PACK-2
20260908_023026_d2fba4,3151,task_assigned,R2,G01197,
20260908_023026_d2fba4,3154,task_assigned,R7,G00973,
20260908_023026_d2fba4,3155,task_created,,G01198,type=PUTAWAY pickup=BUFFER dropoff=G-03
20260908_023026_d2fba4,3155,task_created,,G01199,type=PICK pickup=B-07 dropoff=PICK-2
20260908_023026_d2fba4,3155,task_assigned,R10,G01199,
20260908_023026_d2fba4,3157,task_interrupted,R11,G00964,
20260908_023026_d2fba4,3158,task_completed,R9,G01188,
20260908_023026_d2fba4,3159,task_created,,G01200,type=SHIP pickup=STAGING dropoff=DOCK-1
20260908_023026_d2fba4,3159,task_assigned,R9,G01200,
20260908_023026_d2fba4,3162,task_completed,R1,G00962,
20260908_023026_d2fba4,3163,task_created,,G01201,type=PUTAWAY pickup=RECV dropoff=E-08
20260908_023026_d2fba4,3163,task_created,,G01202,type=PACK pickup=PICK-2 dropoff=PACK-2
20260908_023026_d2fba4,3163,task_assigned,R1,G01202,
20260908_023026_d2fba4,3164,task_completed,R13,G01195,
20260908_023026_d2fba4,3165,task_created,,G01203,type=PICK pickup=A-01 dropoff=PICK-2
20260908_023026_d2fba4,3165,task_assigned,R13,G01203,
20260908_023026_d2fba4,3166,task_completed,R9,G01200,
20260908_023026_d2fba4,3167,task_assigned,R9,G00964,
20260908_023026_d2fba4,3168,task_completed,R5,G00954,
20260908_023026_d2fba4,3169,task_assigned,R5,G00976,
20260908_023026_d2fba4,3169,task_completed,R4,G01194,
20260908_023026_d2fba4,3170,task_assigned,R4,G00980,
20260908_023026_d2fba4,3170,task_completed,R12,G01193,
20260908_023026_d2fba4,3171,task_assigned,R12,G00983,
20260908_023026_d2fba4,3171,task_created,,G01204,type=PUTAWAY pickup=RECV dropoff=G-03
20260908_023026_d2fba4,3172,task_completed,R3,G00970,
20260908_023026_d2fba4,3173,task_created,,G01205,type=SHIP pickup=STAGING dropoff=DOCK-1
20260908_023026_d2fba4,3173,task_assigned,R3,G01205,
20260908_023026_d2fba4,3175,task_completed,R1,G01202,
20260908_023026_d2fba4,3175,task_created,,G01206,type=PICK pickup=H-07 dropoff=PICK-3
20260908_023026_d2fba4,3175,task_created,,G01207,type=PACK pickup=PICK-2 dropoff=PACK-2
20260908_023026_d2fba4,3176,task_assigned,R1,G01207,
20260908_023026_d2fba4,3178,task_completed,R2,G01197,
20260908_023026_d2fba4,3179,task_assigned,R2,G01206,
20260908_023026_d2fba4,3179,task_created,,G01208,type=PUTAWAY pickup=BUFFER dropoff=B-06
20260908_023026_d2fba4,3180,task_completed,R8,G01191,
20260908_023026_d2fba4,3181,task_assigned,R8,G00985,
20260908_023026_d2fba4,3183,task_interrupted,R6,G00968,
20260908_023026_d2fba4,3183,task_completed,R7,G00973,
20260908_023026_d2fba4,3184,task_assigned,R7,G00968,
20260908_023026_d2fba4,3185,task_created,,G01209,type=PICK pickup=B-06 dropoff=PICK-1
20260908_023026_d2fba4,3187,task_created,,G01210,type=PUTAWAY pickup=BUFFER dropoff=H-03
20260908_023026_d2fba4,3187,task_created,,G01211,type=PACK pickup=PICK-2 dropoff=PACK-1
20260908_023026_d2fba4,3187,task_created,,G01212,type=SHIP pickup=STAGING dropoff=DOCK-2
20260908_023026_d2fba4,3188,task_interrupted,R4,G00980,
20260908_023026_d2fba4,3189,task_completed,R1,G01207,
20260908_023026_d2fba4,3190,task_assigned,R1,G01212,
20260908_023026_d2fba4,3191,task_completed,R3,G01205,
20260908_023026_d2fba4,3192,task_assigned,R3,G01211,
20260908_023026_d2fba4,3195,task_assigned,R11,G01209,
20260908_023026_d2fba4,3195,task_created,,G01213,type=PUTAWAY pickup=RECV dropoff=C-04
20260908_023026_d2fba4,3195,task_created,,G01214,type=PICK pickup=C-03 dropoff=PICK-3
20260908_023026_d2fba4,3197,task_completed,R10,G01199,
20260908_023026_d2fba4,3197,task_completed,R1,G01212,
20260908_023026_d2fba4,3198,task_assigned,R1,G00980,
20260908_023026_d2fba4,3198,task_completed,R12,G00983,
20260908_023026_d2fba4,3198,task_completed,R13,G01203,
20260908_023026_d2fba4,3198,task_assigned,R10,G01214,
20260908_023026_d2fba4,3199,task_assigned,R13,G00989,
20260908_023026_d2fba4,3199,task_created,,G01215,type=PACK pickup=PICK-1 dropoff=PACK-2
20260908_023026_d2fba4,3199,task_assigned,R12,G01215,
20260908_023026_d2fba4,3201,task_completed,R2,G01206,
20260908_023026_d2fba4,3201,task_created,,G01216,type=SHIP pickup=STAGING dropoff=DOCK-1
20260908_023026_d2fba4,3202,task_assigned,R2,G01216,
20260908_023026_d2fba4,3203,task_created,,G01217,type=PUTAWAY pickup=RECV dropoff=F-02
20260908_023026_d2fba4,3205,task_interrupted,R9,G00964,
20260908_023026_d2fba4,3205,task_created,,G01218,type=PICK pickup=G-03 dropoff=PICK-2
20260908_023026_d2fba4,3207,task_completed,R3,G01211,
20260908_023026_d2fba4,3208,task_assigned,R3,G01218,
20260908_023026_d2fba4,3210,task_interrupted,R8,G00985,
20260908_023026_d2fba4,3211,task_created,,G01219,type=PUTAWAY pickup=RECV dropoff=C-04
20260908_023026_d2fba4,3211,task_created,,G01220,type=PACK pickup=PICK-1 dropoff=PACK-1
20260908_023026_d2fba4,3213,task_completed,R7,G00968,
20260908_023026_d2fba4,3213,task_completed,R10,G01214,
20260908_023026_d2fba4,3214,task_assigned,R10,G00964,
20260908_023026_d2fba4,3214,task_assigned,R7,G01220,
20260908_023026_d2fba4,3215,task_created,,G01221,type=PICK pickup=E-04 dropoff=PICK-3
20260908_023026_d2fba4,3215,task_created,,G01222,type=SHIP pickup=STAGING dropoff=DOCK-2
20260908_023026_d2fba4,3218,task_completed,R2,G01216,
20260908_023026_d2fba4,3219,task_assigned,R2,G01222,
20260908_023026_d2fba4,3219,task_created,,G01223,type=PUTAWAY pickup=RECV dropoff=C-05
20260908_023026_d2fba4,3220,task_assigned,R4,G01221,
20260908_023026_d2fba4,3223,task_completed,R11,G01209,
20260908_023026_d2fba4,3223,task_created,,G01224,type=PACK pickup=PICK-3 dropoff=PACK-2
20260908_023026_d2fba4,3223,task_assigned,R6,G01224,
20260908_023026_d2fba4,3224,task_assigned,R11,G00985,
20260908_023026_d2fba4,3224,task_completed,R12,G01215,
20260908_023026_d2fba4,3224,task_completed,R2,G01222,
20260908_023026_d2fba4,3225,task_assigned,R2,G00991,
20260908_023026_d2fba4,3225,task_created,,G01225,type=PICK pickup=C-08 dropoff=PICK-2
20260908_023026_d2fba4,3225,task_assigned,R12,G01225,
20260908_023026_d2fba4,3227,task_created,,G01226,type=PUTAWAY pickup=RECV dropoff=B-01
20260908_023026_d2fba4,3229,task_created,,G01227,type=SHIP pickup=STAGING dropoff=DOCK-1
20260908_023026_d2fba4,3232,task_interrupted,R13,G00989,
20260908_023026_d2fba4,3232,task_completed,R3,G01218,
20260908_023026_d2fba4,3233,task_assigned,R3,G01227,
20260908_023026_d2fba4,3235,task_created,,G01228,type=PUTAWAY pickup=BUFFER dropoff=H-01
20260908_023026_d2fba4,3235,task_created,,G01229,type=PICK pickup=A-06 dropoff=PICK-1
20260908_023026_d2fba4,3235,task_created,,G01230,type=PACK pickup=PICK-1 dropoff=PACK-1
20260908_023026_d2fba4,3236,task_completed,R5,G00976,
20260908_023026_d2fba4,3237,task_assigned,R5,G01230,
20260908_023026_d2fba4,3238,task_completed,R10,G00964,
20260908_023026_d2fba4,3239,task_completed,R7,G01220,
20260908_023026_d2fba4,3239,task_assigned,R10,G01229,
20260908_023026_d2fba4,3240,task_assigned,R8,G00989,
20260908_023026_d2fba4,3240,task_assigned,R7,G00995,
20260908_023026_d2fba4,3243,task_completed,R3,G01227,
20260908_023026_d2fba4,3243,task_created,,G01231,type=PUTAWAY pickup=RECV dropoff=G-08
20260908_023026_d2fba4,3243,task_created,,G01232,type=SHIP pickup=STAGING dropoff=DOCK-2
20260908_023026_d2fba4,3244,task_assigned,R3,G01232,
20260908_023026_d2fba4,3245,task_created,,G01233,type=PICK pickup=B-03 dropoff=PICK-3
20260908_023026_d2fba4,3246,task_assigned,R9,G01233,
20260908_023026_d2fba4,3247,task_completed,R12,G01225,
20260908_023026_d2fba4,3247,task_created,,G01234,type=PACK pickup=PICK-3 dropoff=PACK-2
20260908_023026_d2fba4,3248,task_assigned,R12,G01234,
20260908_023026_d2fba4,3249,task_completed,R2,G00991,
20260908_023026_d2fba4,3249,task_completed,R3,G01232,
20260908_023026_d2fba4,3250,task_assigned,R2,G00998,
20260908_023026_d2fba4,3250,task_assigned,R3,G01000,
20260908_023026_d2fba4,3251,task_completed,R1,G00980,
20260908_023026_d2fba4,3251,task_created,,G01235,type=PUTAWAY pickup=BUFFER dropoff=G-08
20260908_023026_d2fba4,3252,task_assigned,R1,G01004,
20260908_023026_d2fba4,3255,task_created,,G01236,type=PICK pickup=C-06 dropoff=PICK-3
20260908_023026_d2fba4,3257,task_created,,G01237,type=SHIP pickup=STAGING dropoff=DOCK-1
20260908_023026_d2fba4,3259,task_completed,R6,G01224,
20260908_023026_d2fba4,3259,task_created,,G01238,type=PUTAWAY pickup=RECV dropoff=A-04
20260908_023026_d2fba4,3259,task_created,,G01239,type=PACK pickup=PICK-1 dropoff=PACK-2
20260908_023026_d2fba4,3260,task_assigned,R6,G01237,
20260908_023026_d2fba4,3264,task_completed,R7,G00995,
20260908_023026_d2fba4,3265,task_completed,R2,G00998,
20260908_023026_d2fba4,3265,task_assigned,R7,G01239,
20260908_023026_d2fba4,3265,task_created,,G01240,type=PICK pickup=H-04 dropoff=PICK-3
20260908_023026_d2fba4,3266,task_completed,R11,G00985,
20260908_023026_d2fba4,3266,task_completed,R12,G01234,
20260908_023026_d2fba4,3266,task_assigned,R2,G01236,
20260908_023026_d2fba4,3267,task_assigned,R12,G01007,
20260908_023026_d2fba4,3267,task_completed,R6,G01237,
20260908_023026_d2fba4,3267,task_assigned,R11,G01240,
20260908_023026_d2fba4,3267,task_created,,G01241,type=PUTAWAY pickup=BUFFER dropoff=F-05
20260908_023026_d2fba4,3268,task_assigned,R6,G01010,
20260908_023026_d2fba4,3270,task_completed,R4,G01221,
20260908_023026_d2fba4,3271,task_created,,G01242,type=PACK pickup=PICK-2 dropoff=PACK-2
20260908_023026_d2fba4,3271,task_created,,G01243,type=SHIP pickup=STAGING dropoff=DOCK-1
20260908_023026_d2fba4,3271,task_assigned,R4,G01243,
20260908_023026_d2fba4,3272,task_completed,R5,G01230,
20260908_023026_d2fba4,3273,task_assigned,R5,G01242,
20260908_023026_d2fba4,3275,task_created,,G01244,type=PUTAWAY pickup=RECV dropoff=C-05
20260908_023026_d2fba4,3275,task_created,,G01245,type=PICK pickup=A-01 dropoff=PICK-1
20260908_023026_d2fba4,3276,task_completed,R2,G01236,
20260908_023026_d2fba4,3277,task_interrupted,R3,G01000,
20260908_023026_d2fba4,3277,task_assigned,R2,G01245,
20260908_023026_d2fba4,3283,task_created,,G01246,type=PUTAWAY pickup=RECV dropoff=D-05
20260908_023026_d2fba4,3283,task_created,,G01247,type=PACK pickup=PICK-3 dropoff=PACK-2
20260908_023026_d2fba4,3285,task_created,,G01248,type=PICK pickup=F-08 dropoff=PICK-1
20260908_023026_d2fba4,3285,task_created,,G01249,type=SHIP pickup=STAGING dropoff=DOCK-2
20260908_023026_d2fba4,3286,task_completed,R9,G01233,
20260908_023026_d2fba4,3286,task_assigned,R13,G01249,
20260908_023026_d2fba4,3287,task_assigned,R9,G01247,
20260908_023026_d2fba4,3289,task_completed,R1,G01004,
20260908_023026_d2fba4,3289,task_completed,R10,G01229,
20260908_023026_d2fba4,3289,task_completed,R4,G01243,
20260908_023026_d2fba4,3290,task_assigned,R10,G01000,
20260908_023026_d2fba4,3290,task_assigned,R1,G01013,
20260908_023026_d2fba4,3290,task_assigned,R4,G01248,
20260908_023026_d2fba4,3291,task_completed,R8,G00989,
20260908_023026_d2fba4,3291,task_completed,R5,G01242,
20260908_023026_d2fba4,3291,task_created,,G01250,type=PUTAWAY pickup=RECV dropoff=B-05
20260908_023026_d2fba4,3292,task_assigned,R8,G01016,
20260908_023026_d2fba4,3292,task_assigned,R5,G01018,
20260908_023026_d2fba4,3292,task_completed,R7,G01239,
20260908_023026_d2fba4,3293,task_assigned,R7,G01022,
20260908_023026_d2fba4,3295,task_completed,R9,G01247,
20260908_023026_d2fba4,3295,task_created,,G01251,type=PICK pickup=F-08 dropoff=PICK-3
20260908_023026_d2fba4,3295,task_created,,G01252,type=PACK pickup=PICK-3 dropoff=PACK-1
20260908_023026_d2fba4,3296,task_assigned,R9,G01252,
20260908_023026_d2fba4,3299,task_created,,G01253,type=PUTAWAY pickup=RECV dropoff=A-05
20260908_023026_d2fba4,3299,task_created,,G01254,type=SHIP pickup=STAGING dropoff=DOCK-2
20260908_023026_d2fba4,3302,task_completed,R6,G01010,
20260908_023026_d2fba4,3302,task_completed,R13,G01249,
20260908_023026_d2fba4,3303,task_assigned,R6,G01251,
20260908_023026_d2fba4,3303,task_assigned,R13,G01254,
20260908_023026_d2fba4,3305,task_created,,G01255,type=PICK pickup=H-01 dropoff=PICK-2
20260908_023026_d2fba4,3307,task_completed,R1,G01013,
20260908_023026_d2fba4,3307,task_created,,G01256,type=PUTAWAY pickup=BUFFER dropoff=H-01
20260908_023026_d2fba4,3307,task_created,,G01257,type=PACK pickup=PICK-2 dropoff=PACK-2
20260908_023026_d2fba4,3308,task_completed,R13,G01254,
20260908_023026_d2fba4,3308,task_assigned,R1,G01257,
20260908_023026_d2fba4,3309,task_assigned,R13,G01255,
20260908_023026_d2fba4,3310,task_completed,R11,G01240,
20260908_023026_d2fba4,3311,task_assigned,R11,G01026,
20260908_023026_d2fba4,3313,task_created,,G01258,type=SHIP pickup=STAGING dropoff=DOCK-2
20260908_023026_d2fba4,3315,task_completed,R4,G01248,
20260908_023026_d2fba4,3315,task_assigned,R3,G01258,
20260908_023026_d2fba4,3315,task_created,,G01259,type=PUTAWAY pickup=RECV dropoff=D-07
20260908_023026_d2fba4,3315,task_created,,G01260,type=PICK pickup=A-07 dropoff=PICK-1
20260908_023026_d2fba4,3316,task_completed,R7,G01022,
20260908_023026_d2fba4,3316,task_assigned,R4,G01260,
20260908_023026_d2fba4,3317,task_completed,R5,G01018,
20260908_023026_d2fba4,3317,task_assigned,R7,G01028,
20260908_023026_d2fba4,3318,task_assigned,R5,G01031,
20260908_023026_d2fba4,3318,task_completed,R9,G01252,
20260908_023026_d2fba4,3319,task_created,,G01261,type=PACK pickup=PICK-3 dropoff=PACK-2
20260908_023026_d2fba4,3319,task_assigned,R9,G01261,
20260908_023026_d2fba4,3323,task_created,,G01262,type=PUTAWAY pickup=RECV dropoff=H-04
20260908_023026_d2fba4,3325,task_completed,R1,G01257,
20260908_023026_d2fba4,3325,task_created,,G01263,type=PICK pickup=G-08 dropoff=PICK-1
20260908_023026_d2fba4,3326,task_assigned,R1,G01263,
20260908_023026_d2fba4,3327,task_created,,G01264,type=SHIP pickup=STAGING dropoff=DOCK-2
20260908_023026_d2fba4,3330,task_completed,R3,G01258,
20260908_023026_d2fba4,3331,task_assigned,R3,G01264,
20260908_023026_d2fba4,3331,task_created,,G01265,type=PUTAWAY pickup=BUFFER dropoff=H-02
20260908_023026_d2fba4,3331,task_created,,G01266,type=PACK pickup=PICK-1 dropoff=PACK-1
20260908_023026_d2fba4,3335,task_created,,G01267,type=PICK pickup=B-06 dropoff=PICK-2
20260908_023026_d2fba4,3336,task_completed,R3,G01264,
20260908_023026_d2fba4,3337,task_completed,R13,G01255,
20260908_023026_d2fba4,3337,task_assigned,R3,G01266,
20260908_023026_d2fba4,3338,task_interrupted,R1,G01263,
20260908_023026_d2fba4,3338,task_assigned,R13,G01267,
20260908_023026_d2fba4,3339,task_created,,G01268,type=PUTAWAY pickup=BUFFER dropoff=A-04
20260908_023026_d2fba4,3341,task_completed,R9,G01261,
20260908_023026_d2fba4,3341,task_created,,G01269,type=SHIP pickup=STAGING dropoff=DOCK-2
20260908_023026_d2fba4,3342,task_assigned,R9,G01269,
20260908_023026_d2fba4,3343,task_created,,G01270,type=PACK pickup=PICK-1 dropoff=PACK-2
20260908_023026_d2fba4,3344,task_completed,R11,G01026,
20260908_023026_d2fba4,3345,task_assigned,R11,G01270,
20260908_023026_d2fba4,3345,task_created,,G01271,type=PICK pickup=D-01 dropoff=PICK-2
20260908_023026_d2fba4,3347,task_created,,G01272,type=PUTAWAY pickup=RECV dropoff=G-05
20260908_023026_d2fba4,3348,task_completed,R8,G01016,
20260908_023026_d2fba4,3349,task_assigned,R8,G01263,
20260908_023026_d2fba4,3349,task_completed,R9,G01269,
20260908_023026_d2fba4,3350,task_assigned,R9,G01271,
20260908_023026_d2fba4,3355,task_created,,G01273,type=PUTAWAY pickup=BUFFER dropoff=A-03
20260908_023026_d2fba4,3355,task_created,,G01274,type=PICK pickup=B-05 dropoff=PICK-2
20260908_023026_d2fba4,3355,task_created,,G01275,type=PACK pickup=PICK-3 dropoff=PACK-2
20260908_023026_d2fba4,3355,task_created,,G01276,type=SHIP pickup=STAGING dropoff=DOCK-1
20260908_023026_d2fba4,3357,task_completed,R13,G01267,
20260908_023026_d2fba4,3358,task_assigned,R13,G01276,
20260908_023026_d2fba4,3363,task_completed,R3,G01266,
20260908_023026_d2fba4,3363,task_created,,G01277,type=PUTAWAY pickup=RECV dropoff=G-02
20260908_023026_d2fba4,3364,task_completed,R7,G01028,
20260908_023026_d2fba4,3364,task_assigned,R3,G01275,
20260908_023026_d2fba4,3365,task_assigned,R7,G01274,
20260908_023026_d2fba4,3365,task_created,,G01278,type=PICK pickup=B-01 dropoff=PICK-1
20260908_023026_d2fba4,3366,task_completed,R13,G01276,
20260908_023026_d2fba4,3367,task_completed,R11,G01270,
20260908_023026_d2fba4,3367,task_created,,G01279,type=PACK pickup=PICK-3 dropoff=PACK-2
20260908_023026_d2fba4,3367,task_assigned,R13,G01279,
20260908_023026_d2fba4,3368,task_assigned,R11,G01278,
20260908_023026_d2fba4,3369,task_created,,G01280,type=SHIP pickup=STAGING dropoff=DOCK-1
20260908_023026_d2fba4,3371,task_created,,G01281,type=PUTAWAY pickup=BUFFER dropoff=F-08
20260908_023026_d2fba4,3372,task_completed,R8,G01263,
20260908_023026_d2fba4,3373,task_assigned,R8,G01280,
20260908_023026_d2fba4,3375,task_created,,G01282,type=PICK pickup=C-05 dropoff=PICK-1
20260908_023026_d2fba4,3376,task_interrupted,R7,G01274,
20260908_023026_d2fba4,3378,task_completed,R9,G01271,
20260908_023026_d2fba4,3378,task_assigned,R1,G01274,
20260908_023026_d2fba4,3379,task_created,,G01283,type=PUTAWAY pickup=BUFFER dropoff=G-04
20260908_023026_d2fba4,3379,task_created,,G01284,type=PACK pickup=PICK-2 dropoff=PACK-2
20260908_023026_d2fba4,3379,task_assigned,R9,G01284,
20260908_023026_d2fba4,3383,task_created,,G01285,type=SHIP pickup=STAGING dropoff=DOCK-2
20260908_023026_d2fba4,3385,task_completed,R9,G01284,
20260908_023026_d2fba4,3385,task_created,,G01286,type=PICK pickup=C-01 dropoff=PICK-2
20260908_023026_d2fba4,3386,task_assigned,R9,G01285,
20260908_023026_d2fba4,3387,task_completed,R3,G01275,
20260908_023026_d2fba4,3387,task_created,,G01287,type=PUTAWAY pickup=RECV dropoff=G-07
20260908_023026_d2fba4,3388,task_assigned,R3,G01282,
20260908_023026_d2fba4,3389,task_completed,R8,G01280,
20260908_023026_d2fba4,3390,task_assigned,R8,G01286,
20260908_023026_d2fba4,3391,task_completed,R11,G01278,
20260908_023026_d2fba4,3391,task_created,,G01288,type=PACK pickup=PICK-1 dropoff=PACK-2
20260908_023026_d2fba4,3392,task_completed,R13,G01279,
20260908_023026_d2fba4,3392,task_assigned,R11,G01288,
20260908_023026_d2fba4,3393,task_assigned,R13,G01034,
20260908_023026_d2fba4,3394,task_completed,R9,G01285,
20260908_023026_d2fba4,3395,task_created,,G01289,type=PUTAWAY pickup=RECV dropoff=D-04
20260908_023026_d2fba4,3395,task_created,,G01290,type=PICK pickup=D-01 dropoff=PICK-2
20260908_023026_d2fba4,3395,task_assigned,R9,G01290,
20260908_023026_d2fba4,3397,task_created,,G01291,type=SHIP pickup=STAGING dropoff=DOCK-1
20260908_023026_d2fba4,3403,task_created,,G01292,type=PUTAWAY pickup=RECV dropoff=C-03
20260908_023026_d2fba4,3403,task_created,,G01293,type=PACK pickup=PICK-3 dropoff=PACK-1
20260908_023026_d2fba4,3405,task_created,,G01294,type=PICK pickup=E-07 dropoff=PICK-3
20260908_023026_d2fba4,3406,task_completed,R11,G01288,
20260908_023026_d2fba4,3407,task_assigned,R11,G01291,
20260908_023026_d2fba4,3409,task_assigned,R7,G01293,
20260908_023026_d2fba4,3411,task_created,,G01295,type=PUTAWAY pickup=BUFFER dropoff=E-07
20260908_023026_d2fba4,3411,task_created,,G01296,type=SHIP pickup=STAGING dropoff=DOCK-1
20260908_023026_d2fba4,3412,task_completed,R3,G01282,
20260908_023026_d2fba4,3413,task_completed,R8,G01286,
20260908_023026_d2fba4,3413,task_interrupted,R11,G01291,
20260908_023026_d2fba4,3413,task_assigned,R3,G01296,
20260908_023026_d2fba4,3414,task_assigned,R8,G01291,
20260908_023026_d2fba4,3415,task_created,,G01297,type=PICK pickup=F-01 dropoff=PICK-1
20260908_023026_d2fba4,3415,task_created,,G01298,type=PACK pickup=PICK-3 dropoff=PACK-2
20260908_023026_d2fba4,3419,task_created,,G01299,type=PUTAWAY pickup=RECV dropoff=C-01
20260908_023026_d2fba4,3420,task_completed,R1,G01274,
20260908_023026_d2fba4,3421,task_assigned,R1,G01298,
20260908_023026_d2fba4,3422,task_completed,R8,G01291,
20260908_023026_d2fba4,3423,task_completed,R9,G01290,
20260908_023026_d2fba4,3423,task_assigned,R8,G01294,
20260908_023026_d2fba4,3424,task_assigned,R9,G01297,
20260908_023026_d2fba4,3425,task_created,,G01300,type=PICK pickup=G-05 dropoff=PICK-1
20260908_023026_d2fba4,3425,task_created,,G01301,type=SHIP pickup=STAGING dropoff=DOCK-2
20260908_023026_d2fba4,3427,task_created,,G01302,type=PUTAWAY pickup=BUFFER dropoff=G-08
20260908_023026_d2fba4,3427,task_created,,G01303,type=PACK pickup=PICK-2 dropoff=PACK-2
20260908_023026_d2fba4,3430,task_completed,R3,G01296,
20260908_023026_d2fba4,3431,task_assigned,R3,G01301,
20260908_023026_d2fba4,3434,task_assigned,R11,G01303,
20260908_023026_d2fba4,3435,task_created,,G01304,type=PUTAWAY pickup=RECV dropoff=B-03
20260908_023026_d2fba4,3435,task_created,,G01305,type=PICK pickup=G-01 dropoff=PICK-2
20260908_023026_d2fba4,3436,task_completed,R3,G01301,
20260908_023026_d2fba4,3437,task_completed,R1,G01298,
20260908_023026_d2fba4,3437,task_assigned,R3,G01300,
20260908_023026_d2fba4,3438,task_assigned,R1,G01305,
20260908_023026_d2fba4,3439,task_created,,G01306,type=PACK pickup=PICK-2 dropoff=PACK-2
20260908_023026_d2fba4,3439,task_created,,G01307,type=SHIP pickup=STAGING dropoff=DOCK-2
20260908_023026_d2fba4,3441,task_interrupted,R2,G01245,
20260908_023026_d2fba4,3443,task_completed,R9,G01297,
20260908_023026_d2fba4,3443,task_created,,G01308,type=PUTAWAY pickup=BUFFER dropoff=G-02
20260908_023026_d2fba4,3444,task_assigned,R9,G01307,
20260908_023026_d2fba4,3445,task_created,,G01309,type=PICK pickup=F-03 dropoff=PICK-2
20260908_023026_d2fba4,3451,task_created,,G01310,type=PUTAWAY pickup=BUFFER dropoff=B-07
20260908_023026_d2fba4,3451,task_created,,G01311,type=PACK pickup=PICK-3 dropoff=PACK-2
20260908_023026_d2fba4,3452,task_completed,R7,G01293,
20260908_023026_d2fba4,3453,task_created,,G01312,type=SHIP pickup=STAGING dropoff=DOCK-1
20260908_023026_d2fba4,3453,task_assigned,R7,G01312,
20260908_023026_d2fba4,3455,task_created,,G01313,type=PICK pickup=G-06 dropoff=PICK-3
20260908_023026_d2fba4,3456,task_interrupted,R9,G01307,
20260908_023026_d2fba4,3459,task_completed,R7,G01312,
20260908_023026_d2fba4,3459,task_created,,G01314,type=PUTAWAY pickup=RECV dropoff=C-05
20260908_023026_d2fba4,3460,task_assigned,R7,G01307,
20260908_023026_d2fba4,3462,task_completed,R4,G01260,
20260908_023026_d2fba4,3463,task_assigned,R4,G01306,
20260908_023026_d2fba4,3463,task_created,,G01315,type=PACK pickup=PICK-3 dropoff=PACK-1
20260908_023026_d2fba4,3464,task_completed,R1,G01305,
20260908_023026_d2fba4,3465,task_assigned,R2,G01245,
20260908_023026_d2fba4,3465,task_completed,R11,G01303,
20260908_023026_d2fba4,3465,task_completed,R7,G01307,
20260908_023026_d2fba4,3465,task_assigned,R1,G01311,
20260908_023026_d2fba4,3465,task_created,,G01316,type=PICK pickup=B-05 dropoff=PICK-3
20260908_023026_d2fba4,3466,task_completed,R10,G01000,
20260908_023026_d2fba4,3466,task_assigned,R7,G01309,
20260908_023026_d2fba4,3466,task_assigned,R11,G01315,
20260908_023026_d2fba4,3467,task_created,,G01317,type=PUTAWAY pickup=BUFFER dropoff=E-03
20260908_023026_d2fba4,3467,task_created,,G01318,type=SHIP pickup=STAGING dropoff=DOCK-2
20260908_023026_d2fba4,3467,task_assigned,R10,G01318,
20260908_023026_d2fba4,3468,task_interrupted,R8,G01294,
20260908_023026_d2fba4,3471,task_interrupted,R5,G01031,
20260908_023026_d2fba4,3475,task_completed,R12,G01007,
20260908_023026_d2fba4,3475,task_created,,G01319,type=PUTAWAY pickup=BUFFER dropoff=E-06
20260908_023026_d2fba4,3475,task_created,,G01320,type=PICK pickup=A-05 dropoff=PICK-1
20260908_023026_d2fba4,3475,task_created,,G01321,type=PACK pickup=PICK-3 dropoff=PACK-2
20260908_023026_d2fba4,3476,task_completed,R13,G01034,
20260908_023026_d2fba4,3477,task_assigned,R12,G01294,
20260908_023026_d2fba4,3477,task_assigned,R13,G01321,
20260908_023026_d2fba4,3478,task_interrupted,R12,G01294,
20260908_023026_d2fba4,3481,task_completed,R1,G01311,
20260908_023026_d2fba4,3481,task_created,,G01322,type=SHIP pickup=STAGING dropoff=DOCK-1
20260908_023026_d2fba4,3482,task_assigned,R1,G01294,
20260908_023026_d2fba4,3482,task_completed,R3,G01300,
20260908_023026_d2fba4,3482,task_completed,R4,G01306,
20260908_023026_d2fba4,3482,task_assigned,R9,G01322,
20260908_023026_d2fba4,3483,task_assigned,R4,G01313,
20260908_023026_d2fba4,3483,task_assigned,R3,G01316,
20260908_023026_d2fba4,3483,task_created,,G01323,type=PUTAWAY pickup=RECV dropoff=C-03
20260908_023026_d2fba4,3485,task_created,,G01324,type=PICK pickup=D-05 dropoff=PICK-3
20260908_023026_d2fba4,3486,task_completed,R6,G01251,
20260908_023026_d2fba4,3486,task_completed,R7,G01309,
20260908_023026_d2fba4,3487,task_assigned,R6,G01320,
20260908_023026_d2fba4,3487,task_created,,G01325,type=PACK pickup=PICK-2 dropoff=PACK-1
20260908_023026_d2fba4,3487,task_assigned,R7,G01325,
20260908_023026_d2fba4,3490,task_completed,R10,G01318,
20260908_023026_d2fba4,3491,task_completed,R11,G01315,
20260908_023026_d2fba4,3491,task_assigned,R10,G01324,
20260908_023026_d2fba4,3491,task_created,,G01326,type=PUTAWAY pickup=RECV dropoff=A-03
20260908_023026_d2fba4,3492,task_assigned,R11,G01031,
20260908_023026_d2fba4,3492,task_completed,R2,G01245,
20260908_023026_d2fba4,3492,task_completed,R7,G01325,
20260908_023026_d2fba4,3493,task_assigned,R2,G01037,
20260908_023026_d2fba4,3493,task_assigned,R7,G01040,
20260908_023026_d2fba4,3495,task_created,,G01327,type=PICK pickup=B-02 dropoff=PICK-1
20260908_023026_d2fba4,3495,task_created,,G01328,type=SHIP pickup=STAGING dropoff=DOCK-1
20260908_023026_d2fba4,3497,task_completed,R9,G01322,
20260908_023026_d2fba4,3497,task_assigned,R8,G01328,
20260908_023026_d2fba4,3498,task_assigned,R9,G01327,
20260908_023026_d2fba4,3499,task_created,,G01329,type=PUTAWAY pickup=BUFFER dropoff=E-08
20260908_023026_d2fba4,3499,task_created,,G01330,type=PACK pickup=PICK-1 dropoff=PACK-1
20260908_023026_d2fba4,3503,task_completed,R4,G01313,
20260908_023026_d2fba4,3504,task_assigned,R4,G01330,
20260908_023026_d2fba4,3505,task_created,,G01331,type=PICK pickup=A-04 dropoff=PICK-3
20260908_023026_d2fba4,3505,task_assigned,R5,G01331,
20260908_023026_d2fba4,3507,task_created,,G01332,type=PUTAWAY pickup=RECV dropoff=H-03
20260908_023026_d2fba4,3509,task_created,,G01333,type=SHIP pickup=STAGING dropoff=DOCK-2
20260908_023026_d2fba4,3509,task_assigned,R12,G01333,
20260908_023026_d2fba4,3511,task_created,,G01334,type=PACK pickup=PICK-1 dropoff=PACK-1
20260908_023026_d2fba4,3513,task_interrupted,R10,G01324,
20260908_023026_d2fba4,3513,task_completed,R8,G01328,
20260908_023026_d2fba4,3514,task_assigned,R8,G01334,
20260908_023026_d2fba4,3515,task_completed,R1,G01294,
20260908_023026_d2fba4,3515,task_created,,G01335,type=PUTAWAY pickup=BUFFER dropoff=H-02
20260908_023026_d2fba4,3515,task_created,,G01336,type=PICK pickup=E-06 dropoff=PICK-1
20260908_023026_d2fba4,3516,task_completed,R6,G01320,
20260908_023026_d2fba4,3516,task_assigned,R1,G01324,
20260908_023026_d2fba4,3517,task_assigned,R6,G01336,
20260908_023026_d2fba4,3519,task_completed,R13,G01321,
20260908_023026_d2fba4,3520,task_completed,R2,G01037,
20260908_023026_d2fba4,3520,task_assigned,R13,G01044,
20260908_023026_d2fba4,3521,task_assigned,R2,G01046,
20260908_023026_d2fba4,3522,task_completed,R9,G01327,
20260908_023026_d2fba4,3523,task_created,,G01337,type=PUTAWAY pickup=RECV dropoff=G-05
20260908_023026_d2fba4,3523,task_created,,G01338,type=PACK pickup=PICK-2 dropoff=PACK-1
20260908_023026_d2fba4,3523,task_created,,G01339,type=SHIP pickup=STAGING dropoff=DOCK-2
20260908_023026_d2fba4,3523,task_assigned,R9,G01339,
20260908_023026_d2fba4,3524,task_completed,R3,G01316,
20260908_023026_d2fba4,3525,task_assigned,R3,G01338,
20260908_023026_d2fba4,3525,task_created,,G01340,type=PICK pickup=E-05 dropoff=PICK-3
20260908_023026_d2fba4,3526,task_completed,R12,G01333,
20260908_023026_d2fba4,3527,task_assigned,R12,G01340,
20260908_023026_d2fba4,3531,task_completed,R1,G01324,
20260908_023026_d2fba4,3531,task_created,,G01341,type=PUTAWAY pickup=BUFFER dropoff=G-02
20260908_023026_d2fba4,3532,task_assigned,R1,G01049,
20260908_023026_d2fba4,3533,task_interrupted,R3,G01338,
20260908_023026_d2fba4,3534,task_completed,R6,G01336,
20260908_023026_d2fba4,3535,task_assigned,R6,G01338,
20260908_023026_d2fba4,3535,task_created,,G01342,type=PICK pickup=E-08 dropoff=PICK-2
20260908_023026_d2fba4,3535,task_created,,G01343,type=PACK pickup=PICK-1 dropoff=PACK-1
20260908_023026_d2fba4,3536,task_completed,R8,G01334,
20260908_023026_d2fba4,3537,task_interrupted,R13,G01044,
20260908_023026_d2fba4,3537,task_created,,G01344,type=SHIP pickup=STAGING dropoff=DOCK-2
20260908_023026_d2fba4,3537,task_assigned,R8,G01344,
20260908_023026_d2fba4,3539,task_completed,R11,G01031,
20260908_023026_d2fba4,3539,task_created,,G01345,type=PUTAWAY pickup=BUFFER dropoff=E-02
20260908_023026_d2fba4,3540,task_completed,R4,G01330,
20260908_023026_d2fba4,3540,task_assigned,R11,G01343,
20260908_023026_d2fba4,3541,task_completed,R9,G01339,
20260908_023026_d2fba4,3541,task_assigned,R4,G01342,
20260908_023026_d2fba4,3542,task_assigned,R9,G01044,
20260908_023026_d2fba4,3544,task_completed,R8,G01344,
20260908_023026_d2fba4,3545,task_completed,R2,G01046,
20260908_023026_d2fba4,3545,task_created,,G01346,type=PICK pickup=D-07 dropoff=PICK-3
20260908_023026_d2fba4,3545,task_assigned,R8,G01346,
20260908_023026_d2fba4,3546,task_assigned,R2,G01053,
20260908_023026_d2fba4,3547,task_created,,G01347,type=PUTAWAY pickup=RECV dropoff=C-03
20260908_023026_d2fba4,3547,task_created,,G01348,type=PACK pickup=PICK-3 dropoff=PACK-2
20260908_023026_d2fba4,3548,task_interrupted,R4,G01342,
20260908_023026_d2fba4,3550,task_completed,R6,G01338,
20260908_023026_d2fba4,3551,task_created,,G01349,type=SHIP pickup=STAGING dropoff=DOCK-2
20260908_023026_d2fba4,3551,task_assigned,R6,G01349,
20260908_023026_d2fba4,3554,task_completed,R1,G01049,
20260908_023026_d2fba4,3555,task_assigned,R1,G01348,
20260908_023026_d2fba4,3555,task_created,,G01350,type=PUTAWAY pickup=RECV dropoff=F-01
20260908_023026_d2fba4,3555,task_created,,G01351,type=PICK pickup=C-08 dropoff=PICK-1
20260908_023026_d2fba4,3557,task_completed,R6,G01349,
20260908_023026_d2fba4,3558,task_assigned,R6,G01342,
20260908_023026_d2fba4,3559,task_completed,R5,G01331,
20260908_023026_d2fba4,3559,task_created,,G01352,type=PACK pickup=PICK-1 dropoff=PACK-1
20260908_023026_d2fba4,3560,task_assigned,R5,G01352,
20260908_023026_d2fba4,3561,task_assigned,R10,G01351,
20260908_023026_d2fba4,3562,task_completed,R11,G01343,
20260908_023026_d2fba4,3563,task_assigned,R11,G01055,
20260908_023026_d2fba4,3563,task_created,,G01353,type=PUTAWAY pickup=BUFFER dropoff=A-06
20260908_023026_d2fba4,3565,task_completed,R7,G01040,
20260908_023026_d2fba4,3565,task_created,,G01354,type=PICK pickup=F-05 dropoff=PICK-2
20260908_023026_d2fba4,3565,task_created,,G01355,type=SHIP pickup=STAGING dropoff=DOCK-1
20260908_023026_d2fba4,3566,task_assigned,R7,G01355,
20260908_023026_d2fba4,3567,task_assigned,R3,G01354,
20260908_023026_d2fba4,3569,task_completed,R2,G01053,
20260908_023026_d2fba4,3570,task_assigned,R2,G01059,
20260908_023026_d2fba4,3571,task_created,,G01356,type=PUTAWAY pickup=RECV dropoff=A-05
20260908_023026_d2fba4,3571,task_created,,G01357,type=PACK pickup=PICK-1 dropoff=PACK-2
20260908_023026_d2fba4,3573,task_completed,R8,G01346,
20260908_023026_d2fba4,3573,task_assigned,R4,G01357,
20260908_023026_d2fba4,3574,task_assigned,R8,G01061,
20260908_023026_d2fba4,3575,task_created,,G01358,type=PICK pickup=G-01 dropoff=PICK-3
20260908_023026_d2fba4,3576,task_completed,R1,G01348,
20260908_023026_d2fba4,3577,task_completed,R9,G01044,
20260908_023026_d2fba4,3577,task_completed,R12,G01340,
20260908_023026_d2fba4,3577,task_assigned,R1,G01358,
20260908_023026_d2fba4,3578,task_assigned,R12,G01064,
20260908_023026_d2fba4,3578,task_assigned,R9,G01068,
20260908_023026_d2fba4,3579,task_created,,G01359,type=PUTAWAY pickup=RECV dropoff=H-06
20260908_023026_d2fba4,3579,task_created,,G01360,type=SHIP pickup=STAGING dropoff=DOCK-2
20260908_023026_d2fba4,3581,task_assigned,R13,G01360,
20260908_023026_d2fba4,3582,task_interrupted,R6,G01342,
20260908_023026_d2fba4,3583,task_completed,R11,G01055,
20260908_023026_d2fba4,3583,task_created,,G01361,type=PACK pickup=PICK-1 dropoff=PACK-1
20260908_023026_d2fba4,3584,task_assigned,R11,G01361,
20260908_023026_d2fba4,3585,task_created,,G01362,type=PICK pickup=B-04 dropoff=PICK-3
20260908_023026_d2fba4,3587,task_created,,G01363,type=PUTAWAY pickup=BUFFER dropoff=H-03
20260908_023026_d2fba4,3589,task_completed,R5,G01352,
20260908_023026_d2fba4,3589,task_completed,R7,G01355,
20260908_023026_d2fba4,3590,task_completed,R2,G01059,
20260908_023026_d2fba4,3590,task_assigned,R5,G01342,
20260908_023026_d2fba4,3590,task_assigned,R7,G01362,
20260908_023026_d2fba4,3591,task_assigned,R2,G01071,
20260908_023026_d2fba4,3593,task_created,,G01364,type=SHIP pickup=STAGING dropoff=DOCK-1
20260908_023026_d2fba4,3594,task_interrupted,R1,G01358,
20260908_023026_d2fba4,3595,task_created,,G01365,type=PUTAWAY pickup=RECV dropoff=D-04
20260908_023026_d2fba4,3595,task_created,,G01366,type=PICK pickup=D-03 dropoff=PICK-1
20260908_023026_d2fba4,3595,task_created,,G01367,type=PACK pickup=PICK-3 dropoff=PACK-2
20260908_023026_d2fba4,3597,task_completed,R13,G01360,
20260908_023026_d2fba4,3598,task_assigned,R13,G01364,
20260908_023026_d2fba4,3600,task_completed,R4,G01357,
20260908_023026_d2fba4,3601,task_assigned,R4,G01367,
20260908_023026_d2fba4,3602,task_completed,R3,G01354,
20260908_023026_d2fba4,3603,task_assigned,R3,G01358,
20260908_023026_d2fba4,3603,task_completed,R13,G01364,
20260908_023026_d2fba4,3603,task_created,,G01368,type=PUTAWAY pickup=BUFFER dropoff=D-08
20260908_023026_d2fba4,3604,task_assigned,R13,G01366,
20260908_023026_d2fba4,3605,task_created,,G01369,type=PICK pickup=G-03 dropoff=PICK-3
20260908_023026_d2fba4,3607,task_created,,G01370,type=PACK pickup=PICK-3 dropoff=PACK-2
20260908_023026_d2fba4,3607,task_created,,G01371,type=SHIP pickup=STAGING dropoff=DOCK-1
20260908_023026_d2fba4,3608,task_completed,R9,G01068,
20260908_023026_d2fba4,3609,task_completed,R8,G01061,
20260908_023026_d2fba4,3609,task_completed,R11,G01361,
20260908_023026_d2fba4,3609,task_assigned,R9,G01371,
20260908_023026_d2fba4,3610,task_assigned,R11,G01369,
20260908_023026_d2fba4,3610,task_assigned,R8,G01370,
20260908_023026_d2fba4,3611,task_created,,G01372,type=PUTAWAY pickup=BUFFER dropoff=F-03
20260908_023026_d2fba4,3615,task_created,,G01373,type=PICK pickup=D-06 dropoff=PICK-3
20260908_023026_d2fba4,3618,task_completed,R3,G01358,
20260908_023026_d2fba4,3618,task_completed,R4,G01367,
20260908_023026_d2fba4,3619,task_assigned,R3,G01373,
20260908_023026_d2fba4,3619,task_created,,G01374,type=PUTAWAY pickup=RECV dropoff=C-01
20260908_023026_d2fba4,3619,task_created,,G01375,type=PACK pickup=PICK-2 dropoff=PACK-2
20260908_023026_d2fba4,3619,task_assigned,R4,G01375,
20260908_023026_d2fba4,3620,task_completed,R2,G01071,
20260908_023026_d2fba4,3621,task_created,,G01376,type=SHIP pickup=STAGING dropoff=DOCK-2
20260908_023026_d2fba4,3621,task_assigned,R2,G01376,
20260908_023026_d2fba4,3625,task_created,,G01377,type=PICK pickup=G-04 dropoff=PICK-3
20260908_023026_d2fba4,3627,task_created,,G01378,type=PUTAWAY pickup=BUFFER dropoff=G-07
20260908_023026_d2fba4,3629,task_assigned,R6,G01377,
20260908_023026_d2fba4,3631,task_completed,R11,G01369,
20260908_023026_d2fba4,3631,task_created,,G01379,type=PACK pickup=PICK-1 dropoff=PACK-2
20260908_023026_d2fba4,3632,task_completed,R10,G01351,
20260908_023026_d2fba4,3632,task_completed,R7,G01362,
20260908_023026_d2fba4,3632,task_completed,R4,G01375,
20260908_023026_d2fba4,3632,task_assigned,R11,G01379,
20260908_023026_d2fba4,3633,task_completed,R12,G01064,
20260908_023026_d2fba4,3633,task_assigned,R10,G01074,
20260908_023026_d2fba4,3633,task_assigned,R4,G01076,
20260908_023026_d2fba4,3634,task_assigned,R12,G01080,
20260908_023026_d2fba4,3635,task_created,,G01380,type=PUTAWAY pickup=BUFFER dropoff=H-06
20260908_023026_d2fba4,3635,task_created,,G01381,type=PICK pickup=A-01 dropoff=PICK-2
20260908_023026_d2fba4,3635,task_created,,G01382,type=SHIP pickup=STAGING dropoff=DOCK-1
20260908_023026_d2fba4,3635,task_interrupted,,G01382,
20260908_023026_d2fba4,3636,task_assigned,R1,G01382,
20260908_023026_d2fba4,3638,task_completed,R3,G01373,
20260908_023026_d2fba4,3639,task_assigned,R3,G01381,
20260908_023026_d2fba4,3642,task_completed,R9,G01371,
20260908_023026_d2fba4,3643,task_created,,G01383,type=PUTAWAY pickup=BUFFER dropoff=D-06
20260908_023026_d2fba4,3643,task_created,,G01384,type=PACK pickup=PICK-1 dropoff=PACK-1
20260908_023026_d2fba4,3643,task_assigned,R9,G01384,
20260908_023026_d2fba4,3644,task_completed,R5,G01342,
20260908_023026_d2fba4,3644,task_completed,R2,G01376,
20260908_023026_d2fba4,3645,task_assigned,R2,G01082,
20260908_023026_d2fba4,3645,task_created,,G01385,type=PICK pickup=E-02 dropoff=PICK-2
20260908_023026_d2fba4,3645,task_assigned,R5,G01385,
20260908_023026_d2fba4,3649,task_created,,G01386,type=SHIP pickup=STAGING dropoff=DOCK-2
20260908_023026_d2fba4,3651,task_created,,G01387,type=PUTAWAY pickup=RECV dropoff=F-07
20260908_023026_d2fba4,3652,task_completed,R1,G01382,
20260908_023026_d2fba4,3653,task_assigned,R1,G01386,
20260908_023026_d2fba4,3654,task_completed,R13,G01366,
20260908_023026_d2fba4,3655,task_completed,R8,G01370,
20260908_023026_d2fba4,3655,task_created,,G01388,type=PICK pickup=G-05 dropoff=PICK-3
20260908_023026_d2fba4,3655,task_created,,G01389,type=PACK pickup=PICK-2 dropoff=PACK-1
20260908_023026_d2fba4,3655,task_assigned,R13,G01389,
20260908_023026_d2fba4,3656,task_assigned,R8,G01388,
20260908_023026_d2fba4,3658,task_completed,R1,G01386,
20260908_023026_d2fba4,3659,task_assigned,R1,G01086,
20260908_023026_d2fba4,3659,task_created,,G01390,type=PUTAWAY pickup=RECV dropoff=H-07
20260908_023026_d2fba4,3662,task_interrupted,R11,G01379,
20260908_023026_d2fba4,3663,task_created,,G01391,type=SHIP pickup=STAGING dropoff=DOCK-1
20260908_023026_d2fba4,3664,task_completed,R6,G01377,
20260908_023026_d2fba4,3665,task_assigned,R6,G01391,
20260908_023026_d2fba4,3665,task_created,,G01392,type=PICK pickup=D-04 dropoff=PICK-2
20260908_023026_d2fba4,3667,task_completed,R10,G01074,
20260908_023026_d2fba4,3667,task_created,,G01393,type=PUTAWAY pickup=RECV dropoff=H-01
20260908_023026_d2fba4,3667,task_created,,G01394,type=PACK pickup=PICK-1 dropoff=PACK-2
20260908_023026_d2fba4,3668,task_assigned,R10,G01379,
20260908_023026_d2fba4,3668,task_completed,R13,G01389,
20260908_023026_d2fba4,3669,task_assigned,R13,G01394,
20260908_023026_d2fba4,3670,task_completed,R12,G01080,
20260908_023026_d2fba4,3671,task_assigned,R12,G01392,
20260908_023026_d2fba4,3673,task_completed,R9,G01384,
20260908_023026_d2fba4,3674,task_assigned,R9,G01090,
20260908_023026_d2fba4,3674,task_completed,R5,G01385,
20260908_023026_d2fba4,3675,task_created,,G01395,type=PUTAWAY pickup=BUFFER dropoff=H-03
20260908_023026_d2fba4,3675,task_created,,G01396,type=PICK pickup=D-04 dropoff=PICK-3
20260908_023026_d2fba4,3675,task_assigned,R5,G01396,
20260908_023026_d2fba4,3677,task_completed,R3,G01381,
20260908_023026_d2fba4,3677,task_completed,R8,G01388,
20260908_023026_d2fba4,3677,task_created,,G01397,type=SHIP pickup=STAGING dropoff=DOCK-1
20260908_023026_d2fba4,3678,task_assigned,R8,G01091,
20260908_023026_d2fba4,3678,task_assigned,R3,G01397,
20260908_023026_d2fba4,3679,task_created,,G01398,type=PACK pickup=PICK-3 dropoff=PACK-1
20260908_023026_d2fba4,3679,task_assigned,R7,G01398,
20260908_023026_d2fba4,3682,task_completed,R6,G01391,
20260908_023026_d2fba4,3683,task_assigned,R6,G01095,
20260908_023026_d2fba4,3683,task_created,,G01399,type=PUTAWAY pickup=RECV dropoff=H-02
20260908_023026_d2fba4,3685,task_created,,G01400,type=PICK pickup=E-06 dropoff=PICK-3
20260908_023026_d2fba4,3688,task_completed,R3,G01397,
20260908_023026_d2fba4,3688,task_assigned,R11,G01400,
20260908_023026_d2fba4,3689,task_completed,R4,G01076,
20260908_023026_d2fba4,3689,task_assigned,R3,G01098,
20260908_023026_d2fba4,3690,task_assigned,R4,G01101,
20260908_023026_d2fba4,3691,task_created,,G01401,type=PUTAWAY pickup=RECV dropoff=E-02
20260908_023026_d2fba4,3691,task_created,,G01402,type=PACK pickup=PICK-2 dropoff=PACK-1
20260908_023026_d2fba4,3691,task_created,,G01403,type=SHIP pickup=STAGING dropoff=DOCK-1
20260908_023026_d2fba4,3692,task_completed,R2,G01082,
20260908_023026_d2fba4,3693,task_completed,R10,G01379,
20260908_023026_d2fba4,3693,task_interrupted,,G01403,
20260908_023026_d2fba4,3694,task_completed,R13,G01394,
20260908_023026_d2fba4,3694,task_assigned,R10,G01403,
20260908_023026_d2fba4,3695,task_completed,R1,G01086,
20260908_023026_d2fba4,3695,task_assigned,R13,G01402,
20260908_023026_d2fba4,3695,task_created,,G01404,type=PICK pickup=H-05 dropoff=PICK-3
20260908_023026_d2fba4,3696,task_assigned,R1,G01404,
20260908_023026_d2fba4,3699,task_completed,R5,G01396,
20260908_023026_d2fba4,3699,task_created,,G01405,type=PUTAWAY pickup=BUFFER dropoff=D-02
20260908_023026_d2fba4,3700,task_assigned,R5,G01104,
20260908_023026_d2fba4,3701,task_completed,R10,G01403,
20260908_023026_d2fba4,3702,task_completed,R9,G01090,
20260908_023026_d2fba4,3702,task_assigned,R10,G01107,
20260908_023026_d2fba4,3703,task_created,,G01406,type=PACK pickup=PICK-1 dropoff=PACK-1
20260908_023026_d2fba4,3703,task_assigned,R9,G01406,
20260908_023026_d2fba4,3705,task_completed,R8,G01091,
20260908_023026_d2fba4,3705,task_created,,G01407,type=PICK pickup=C-05 dropoff=PICK-3
20260908_023026_d2fba4,3705,task_created,,G01408,type=SHIP pickup=STAGING dropoff=DOCK-1
20260908_023026_d2fba4,3706,task_assigned,R8,G01408,
20260908_023026_d2fba4,3707,task_completed,R13,G01402,
20260908_023026_d2fba4,3707,task_created,,G01409,type=PUTAWAY pickup=RECV dropoff=D-07
20260908_023026_d2fba4,3708,task_assigned,R13,G01407,
20260908_023026_d2fba4,3714,task_completed,R12,G01392,
20260908_023026_d2fba4,3715,task_completed,R4,G01101,
20260908_023026_d2fba4,3715,task_created,,G01410,type=PUTAWAY pickup=BUFFER dropoff=E-05
20260908_023026_d2fba4,3715,task_created,,G01411,type=PICK pickup=B-06 dropoff=PICK-3
20260908_023026_d2fba4,3715,task_created,,G01412,type=PACK pickup=PICK-3 dropoff=PACK-1
20260908_023026_d2fba4,3715,task_assigned,R12,G01412,
20260908_023026_d2fba4,3716,task_assigned,R4,G01411,
20260908_023026_d2fba4,3718,task_interrupted,R8,G01408,
20260908_023026_d2fba4,3719,task_created,,G01413,type=SHIP pickup=STAGING dropoff=DOCK-1
20260908_023026_d2fba4,3720,task_completed,R6,G01095,
20260908_023026_d2fba4,3720,task_completed,R3,G01098,
20260908_023026_d2fba4,3721,task_completed,R7,G01398,
20260908_023026_d2fba4,3721,task_assigned,R6,G01408,
20260908_023026_d2fba4,3721,task_assigned,R3,G01413,
20260908_023026_d2fba4,3722,task_assigned,R7,G01110,
20260908_023026_d2fba4,3723,task_interrupted,R9,G01406,
20260908_023026_d2fba4,3723,task_created,,G01414,type=PUTAWAY pickup=RECV dropoff=H-04
20260908_023026_d2fba4,3725,task_created,,G01415,type=PICK pickup=E-06 dropoff=PICK-2
20260908_023026_d2fba4,3727,task_created,,G01416,type=PACK pickup=PICK-1 dropoff=PACK-2
20260908_023026_d2fba4,3729,task_interrupted,R12,G01412,
20260908_023026_d2fba4,3731,task_assigned,R2,G01406,
20260908_023026_d2fba4,3731,task_created,,G01417,type=PUTAWAY pickup=BUFFER dropoff=C-04
20260908_023026_d2fba4,3733,task_created,,G01418,type=SHIP pickup=STAGING dropoff=DOCK-2
20260908_023026_d2fba4,3735,task_created,,G01419,type=PICK pickup=B-03 dropoff=PICK-3
20260908_023026_d2fba4,3738,task_completed,R11,G01400,
20260908_023026_d2fba4,3739,task_interrupted,R5,G01104,
20260908_023026_d2fba4,3739,task_completed,R13,G01407,
20260908_023026_d2fba4,3739,task_assigned,R11,G01418,
20260908_023026_d2fba4,3739,task_created,,G01420,type=PUTAWAY pickup=RECV dropoff=D-02
20260908_023026_d2fba4,3739,task_created,,G01421,type=PACK pickup=PICK-1 dropoff=PACK-1
20260908_023026_d2fba4,3740,task_assigned,R13,G01412,
20260908_023026_d2fba4,3740,task_completed,R3,G01413,
20260908_023026_d2fba4,3741,task_assigned,R3,G01416,
20260908_023026_d2fba4,3744,task_completed,R10,G01107,
20260908_023026_d2fba4,3745,task_assigned,R10,G01421,
20260908_023026_d2fba4,3745,task_created,,G01422,type=PICK pickup=A-07 dropoff=PICK-2
20260908_023026_d2fba4,3746,task_assigned,R9,G01415,
20260908_023026_d2fba4,3747,task_completed,R7,G01110,
20260908_023026_d2fba4,3747,task_created,,G01423,type=PUTAWAY pickup=BUFFER dropoff=F-03
20260908_023026_d2fba4,3747,task_created,,G01424,type=SHIP pickup=STAGING dropoff=DOCK-2
20260908_023026_d2fba4,3748,task_assigned,R7,G01424,
20260908_023026_d2fba4,3749,task_completed,R6,G01408,
20260908_023026_d2fba4,3749,task_assigned,R8,G01419,
20260908_023026_d2fba4,3750,task_completed,R4,G01411,
20260908_023026_d2fba4,3750,task_assigned,R6,G01422,
20260908_023026_d2fba4,3751,task_completed,R2,G01406,
20260908_023026_d2fba4,3751,task_created,,G01425,type=PACK pickup=PICK-3 dropoff=PACK-2
20260908_023026_d2fba4,3751,task_assigned,R4,G01425,
20260908_023026_d2fba4,3752,task_assigned,R2,G01104,
20260908_023026_d2fba4,3752,task_completed,R1,G01404,
20260908_023026_d2fba4,3753,task_assigned,R1,G01113,
20260908_023026_d2fba4,3753,task_completed,R13,G01412,
20260908_023026_d2fba4,3754,task_assigned,R13,G01117,
20260908_023026_d2fba4,3755,task_completed,R11,G01418,
20260908_023026_d2fba4,3755,task_created,,G01426,type=PUTAWAY pickup=BUFFER dropoff=E-01
20260908_023026_d2fba4,3755,task_created,,G01427,type=PICK pickup=D-07 dropoff=PICK-3
20260908_023026_d2fba4,3756,task_assigned,R11,G01427,
20260908_023026_d2fba4,3759,task_completed,R4,G01425,
20260908_023026_d2fba4,3760,task_assigned,R4,G01119,
20260908_023026_d2fba4,3761,task_created,,G01428,type=SHIP pickup=STAGING dropoff=DOCK-2
20260908_023026_d2fba4,3763,task_completed,R10,G01421,
20260908_023026_d2fba4,3763,task_created,,G01429,type=PUTAWAY pickup=BUFFER dropoff=D-04
20260908_023026_d2fba4,3763,task_created,,G01430,type=PACK pickup=PICK-2 dropoff=PACK-2
20260908_023026_d2fba4,3764,task_assigned,R10,G01428,
20260908_023026_d2fba4,3765,task_created,,G01431,type=PICK pickup=B-04 dropoff=PICK-3
20260908_023026_d2fba4,3767,task_assigned,R12,G01430,
20260908_023026_d2fba4,3769,task_completed,R3,G01416,
20260908_023026_d2fba4,3770,task_completed,R10,G01428,
20260908_023026_d2fba4,3770,task_assigned,R3,G01431,
20260908_023026_d2fba4,3771,task_created,,G01432,type=PUTAWAY pickup=RECV dropoff=E-06
20260908_023026_d2fba4,3772,task_assigned,R5,G01122,
20260908_023026_d2fba4,3772,task_assigned,R10,G01125,
20260908_023026_d2fba4,3772,task_completed,R7,G01424,
20260908_023026_d2fba4,3773,task_assigned,R7,G01128,
20260908_023026_d2fba4,3775,task_created,,G01433,type=PICK pickup=D-04 dropoff=PICK-1
20260908_023026_d2fba4,3775,task_created,,G01434,type=PACK pickup=PICK-3 dropoff=PACK-2
20260908_023026_d2fba4,3775,task_created,,G01435,type=SHIP pickup=STAGING dropoff=DOCK-1
20260908_023026_d2fba4,3779,task_created,,G01436,type=PUTAWAY pickup=RECV dropoff=H-06
20260908_023026_d2fba4,3781,task_interrupted,R10,G01125,
20260908_023026_d2fba4,3782,task_completed,R6,G01422,
20260908_023026_d2fba4,3782,task_completed,R11,G01427,
20260908_023026_d2fba4,3783,task_completed,R2,G01104,
20260908_023026_d2fba4,3783,task_interrupted,R4,G01119,
20260908_023026_d2fba4,3783,task_assigned,R6,G01434,
20260908_023026_d2fba4,3783,task_assigned,R11,G01435,
20260908_023026_d2fba4,3784,task_completed,R8,G01419,
20260908_023026_d2fba4,3784,task_assigned,R2,G01433,
20260908_023026_d2fba4,3785,task_created,,G01437,type=PICK pickup=D-02 dropoff=PICK-2
20260908_023026_d2fba4,3785,task_assigned,R8,G01437,
20260908_023026_d2fba4,3787,task_created,,G01438,type=PUTAWAY pickup=RECV dropoff=G-05
20260908_023026_d2fba4,3787,task_created,,G01439,type=PACK pickup=PICK-2 dropoff=PACK-1
20260908_023026_d2fba4,3788,task_completed,R9,G01415,
20260908_023026_d2fba4,3789,task_created,,G01440,type=SHIP pickup=STAGING dropoff=DOCK-1
20260908_023026_d2fba4,3789,task_assigned,R9,G01440,
20260908_023026_d2fba4,3790,task_completed,R13,G01117,
20260908_023026_d2fba4,3791,task_interrupted,R3,G01431,
20260908_023026_d2fba4,3791,task_assigned,R13,G01439,
20260908_023026_d2fba4,3792,task_interrupted,R13,G01439,
20260908_023026_d2fba4,3795,task_created,,G01441,type=PUTAWAY pickup=BUFFER dropoff=D-08
20260908_023026_d2fba4,3795,task_created,,G01442,type=PICK pickup=C-08 dropoff=PICK-3
20260908_023026_d2fba4,3796,task_completed,R12,G01430,
20260908_023026_d2fba4,3797,task_assigned,R10,G01125,
20260908_023026_d2fba4,3797,task_assigned,R12,G01439,
20260908_023026_d2fba4,3797,task_completed,R9,G01440,
20260908_023026_d2fba4,3798,task_assigned,R9,G01431,
20260908_023026_d2fba4,3799,task_created,,G01443,type=PACK pickup=PICK-2 dropoff=PACK-1
20260908_023026_d2fba4,3802,task_completed,R11,G01435,
20260908_023026_d2fba4,3803,task_created,,G01444,type=PUTAWAY pickup=RECV dropoff=G-01
20260908_023026_d2fba4,3803,task_created,,G01445,type=SHIP pickup=STAGING dropoff=DOCK-1
20260908_023026_d2fba4,3803,task_assigned,R11,G01445,
20260908_023026_d2fba4,3805,task_completed,R6,G01434,
20260908_023026_d2fba4,3805,task_created,,G01446,type=PICK pickup=D-01 dropoff=PICK-3
20260908_023026_d2fba4,3806,task_assigned,R6,G01443,
20260908_023026_d2fba4,3807,task_completed,R7,G01128,
20260908_023026_d2fba4,3808,task_assigned,R7,G01442,
20260908_023026_d2fba4,3808,task_completed,R11,G01445,
20260908_023026_d2fba4,3809,task_completed,R12,G01439,
20260908_023026_d2fba4,3809,task_assigned,R11,G01446,
20260908_023026_d2fba4,3810,task_assigned,R12,G01119,
20260908_023026_d2fba4,3811,task_created,,G01447,type=PUTAWAY pickup=RECV dropoff=A-04
20260908_023026_d2fba4,3811,task_created,,G01448,type=PACK pickup=PICK-1 dropoff=PACK-1
20260908_023026_d2fba4,3812,task_completed,R1,G01113,
20260908_023026_d2fba4,3813,task_assigned,R1,G01448,
20260908_023026_d2fba4,3815,task_created,,G01449,type=PICK pickup=F-07 dropoff=PICK-3
20260908_023026_d2fba4,3815,task_assigned,R4,G01449,
20260908_023026_d2fba4,3817,task_created,,G01450,type=SHIP pickup=STAGING dropoff=DOCK-2
20260908_023026_d2fba4,3818,task_completed,R6,G01443,
20260908_023026_d2fba4,3819,task_assigned,R6,G01450,
20260908_023026_d2fba4,3819,task_created,,G01451,type=PUTAWAY pickup=RECV dropoff=E-03
20260908_023026_d2fba4,3822,task_completed,R9,G01431,
20260908_023026_d2fba4,3822,task_completed,R2,G01433,
20260908_023026_d2fba4,3823,task_completed,R5,G01122,
20260908_023026_d2fba4,3823,task_assigned,R2,G01132,
20260908_023026_d2fba4,3823,task_created,,G01452,type=PACK pickup=PICK-2 dropoff=PACK-1
20260908_023026_d2fba4,3823,task_assigned,R9,G01452,
20260908_023026_d2fba4,3824,task_assigned,R5,G01135,
20260908_023026_d2fba4,3825,task_completed,R6,G01450,
20260908_023026_d2fba4,3825,task_created,,G01453,type=PICK pickup=B-02 dropoff=PICK-1
20260908_023026_d2fba4,3826,task_assigned,R6,G01453,
20260908_023026_d2fba4,3827,task_created,,G01454,type=PUTAWAY pickup=BUFFER dropoff=F-01
20260908_023026_d2fba4,3829,task_completed,R10,G01125,
20260908_023026_d2fba4,3829,task_assigned,R13,G01137,
20260908_023026_d2fba4,3830,task_assigned,R10,G01140,
20260908_023026_d2fba4,3831,task_created,,G01455,type=SHIP pickup=STAGING dropoff=DOCK-2
20260908_023026_d2fba4,3832,task_assigned,R3,G01455,
20260908_023026_d2fba4,3835,task_created,,G01456,type=PUTAWAY pickup=RECV dropoff=F-04
20260908_023026_d2fba4,3835,task_created,,G01457,type=PICK pickup=C-05 dropoff=PICK-1
20260908_023026_d2fba4,3835,task_created,,G01458,type=PACK pickup=PICK-1 dropoff=PACK-2
20260908_023026_d2fba4,3836,task_completed,R11,G01446,
20260908_023026_d2fba4,3837,task_completed,R9,G01452,
20260908_023026_d2fba4,3837,task_assigned,R11,G01458,
20260908_023026_d2fba4,3838,task_assigned,R9,G01457,
20260908_023026_d2fba4,3842,task_completed,R8,G01437,
20260908_023026_d2fba4,3842,task_completed,R7,G01442,
20260908_023026_d2fba4,3843,task_assigned,R8,G01144,
20260908_023026_d2fba4,3843,task_assigned,R7,G01146,
20260908_023026_d2fba4,3843,task_created,,G01459,type=PUTAWAY pickup=RECV dropoff=G-05
20260908_023026_d2fba4,3845,task_completed,R12,G01119,
20260908_023026_d2fba4,3845,task_created,,G01460,type=PICK pickup=B-07 dropoff=PICK-2
20260908_023026_d2fba4,3845,task_created,,G01461,type=SHIP pickup=STAGING dropoff=DOCK-1
20260908_023026_d2fba4,3846,task_assigned,R12,G01461,
20260908_023026_d2fba4,3847,task_completed,R1,G01448,
20260908_023026_d2fba4,3847,task_created,,G01462,type=PACK pickup=PICK-2 dropoff=PACK-2
20260908_023026_d2fba4,3848,task_completed,R3,G01455,
20260908_023026_d2fba4,3848,task_assigned,R1,G01462,
20260908_023026_d2fba4,3849,task_assigned,R3,G01460,
20260908_023026_d2fba4,3851,task_created,,G01463,type=PUTAWAY pickup=BUFFER dropoff=B-04
20260908_023026_d2fba4,3855,task_created,,G01464,type=PICK pickup=G-02 dropoff=PICK-2
20260908_023026_d2fba4,3859,task_completed,R13,G01137,
20260908_023026_d2fba4,3859,task_created,,G01465,type=PUTAWAY pickup=BUFFER dropoff=D-02
20260908_023026_d2fba4,3859,task_created,,G01466,type=PACK pickup=PICK-1 dropoff=PACK-1
20260908_023026_d2fba4,3859,task_created,,G01467,type=SHIP pickup=STAGING dropoff=DOCK-1
20260908_023026_d2fba4,3860,task_assigned,R13,G01467,
20260908_023026_d2fba4,3861,task_completed,R1,G01462,
20260908_023026_d2fba4,3862,task_interrupted,R6,G01453,
20260908_023026_d2fba4,3862,task_interrupted,,G01466,
20260908_023026_d2fba4,3865,task_created,,G01468,type=PICK pickup=H-04 dropoff=PICK-2
20260908_023026_d2fba4,3867,task_created,,G01469,type=PUTAWAY pickup=BUFFER dropoff=F-08
20260908_023026_d2fba4,3868,task_completed,R4,G01449,
20260908_023026_d2fba4,3868,task_completed,R11,G01458,
20260908_023026_d2fba4,3868,task_completed,R12,G01461,
20260908_023026_d2fba4,3869,task_assigned,R12,G01453,
20260908_023026_d2fba4,3869,task_assigned,R11,G01464,
20260908_023026_d2fba4,3869,task_assigned,R4,G01466,
20260908_023026_d2fba4,3871,task_created,,G01470,type=PACK pickup=PICK-3 dropoff=PACK-1
20260908_023026_d2fba4,3873,task_created,,G01471,type=SHIP pickup=STAGING dropoff=DOCK-2
20260908_023026_d2fba4,3874,task_completed,R9,G01457,
20260908_023026_d2fba4,3874,task_completed,R13,G01467,
20260908_023026_d2fba4,3875,task_completed,R2,G01132,
20260908_023026_d2fba4,3875,task_assigned,R9,G01470,
20260908_023026_d2fba4,3875,task_assigned,R13,G01471,
20260908_023026_d2fba4,3875,task_created,,G01472,type=PUTAWAY pickup=BUFFER dropoff=H-02
20260908_023026_d2fba4,3875,task_created,,G01473,type=PICK pickup=G-07 dropoff=PICK-1
20260908_023026_d2fba4,3876,task_assigned,R2,G01468,
20260908_023026_d2fba4,3880,task_completed,R3,G01460,
20260908_023026_d2fba4,3880,task_completed,R13,G01471,
20260908_023026_d2fba4,3881,task_assigned,R13,G01150,
20260908_023026_d2fba4,3881,task_assigned,R3,G01473,
20260908_023026_d2fba4,3883,task_created,,G01474,type=PUTAWAY pickup=BUFFER dropoff=F-03
20260908_023026_d2fba4,3883,task_created,,G01475,type=PACK pickup=PICK-2 dropoff=PACK-1
20260908_023026_d2fba4,3884,task_completed,R10,G01140,
20260908_023026_d2fba4,3885,task_completed,R12,G01453,
20260908_023026_d2fba4,3885,task_assigned,R10,G01475,
20260908_023026_d2fba4,3885,task_created,,G01476,type=PICK pickup=H-07 dropoff=PICK-2
20260908_023026_d2fba4,3886,task_completed,R5,G01135,
20260908_023026_d2fba4,3886,task_assigned,R12,G01476,
20260908_023026_d2fba4,3887,task_completed,R8,G01144,
20260908_023026_d2fba4,3887,task_completed,R11,G01464,
20260908_023026_d2fba4,3887,task_created,,G01477,type=SHIP pickup=STAGING dropoff=DOCK-2
20260908_023026_d2fba4,3887,task_assigned,R5,G01477,
20260908_023026_d2fba4,3888,task_assigned,R6,G01153,
20260908_023026_d2fba4,3888,task_assigned,R8,G01155,
20260908_023026_d2fba4,3888,task_assigned,R11,G01159,
20260908_023026_d2fba4,3889,task_completed,R7,G01146,
20260908_023026_d2fba4,3890,task_assigned,R1,G01162,
20260908_023026_d2fba4,3890,task_assigned,R7,G01165,
20260908_023026_d2fba4,3891,task_created,,G01478,type=PUTAWAY pickup=RECV dropoff=A-05
20260908_023026_d2fba4,3895,task_created,,G01479,type=PICK pickup=G-04 dropoff=PICK-2
20260908_023026_d2fba4,3895,task_created,,G01480,type=PACK pickup=PICK-1 dropoff=PACK-1
20260908_023026_d2fba4,3898,task_completed,R4,G01466,
20260908_023026_d2fba4,3899,task_completed,R2,G01468,
20260908_023026_d2fba4,3899,task_assigned,R4,G01480,
20260908_023026_d2fba4,3899,task_created,,G01481,type=PUTAWAY pickup=BUFFER dropoff=H-07
20260908_023026_d2fba4,3900,task_assigned,R2,G01479,
20260908_023026_d2fba4,3901,task_created,,G01482,type=SHIP pickup=STAGING dropoff=DOCK-2
20260908_023026_d2fba4,3904,task_interrupted,R11,G01159,
20260908_023026_d2fba4,3905,task_created,,G01483,type=PICK pickup=B-02 dropoff=PICK-3
20260908_023026_d2fba4,3906,task_completed,R5,G01477,
20260908_023026_d2fba4,3907,task_completed,R10,G01475,
20260908_023026_d2fba4,3907,task_assigned,R5,G01482,
20260908_023026_d2fba4,3907,task_created,,G01484,type=PUTAWAY pickup=BUFFER dropoff=F-06
20260908_023026_d2fba4,3907,task_created,,G01485,type=PACK pickup=PICK-2 dropoff=PACK-1
20260908_023026_d2fba4,3908,task_completed,R13,G01150,
20260908_023026_d2fba4,3908,task_assigned,R10,G01485,
20260908_023026_d2fba4,3909,task_assigned,R13,G01483,
20260908_023026_d2fba4,3910,task_completed,R8,G01155,
20260908_023026_d2fba4,3911,task_assigned,R8,G01159,
20260908_023026_d2fba4,3912,task_interrupted,R7,G01165,
20260908_023026_d2fba4,3912,task_completed,R9,G01470,
20260908_023026_d2fba4,3912,task_completed,R5,G01482,
20260908_023026_d2fba4,3913,task_assigned,R5,G01165,
20260908_023026_d2fba4,3913,task_assigned,R9,G01167,
20260908_023026_d2fba4,3914,task_completed,R3,G01473,
20260908_023026_d2fba4,3915,task_created,,G01486,type=PUTAWAY pickup=BUFFER dropoff=A-08
20260908_023026_d2fba4,3915,task_created,,G01487,type=PICK pickup=A-08 dropoff=PICK-1
20260908_023026_d2fba4,3915,task_created,,G01488,type=SHIP pickup=STAGING dropoff=DOCK-1
20260908_023026_d2fba4,3915,task_assigned,R3,G01488,
20260908_023026_d2fba4,3918,task_completed,R4,G01480,
20260908_023026_d2fba4,3919,task_created,,G01489,type=PACK pickup=PICK-1 dropoff=PACK-1
20260908_023026_d2fba4,3919,task_assigned,R4,G01489,
20260908_023026_d2fba4,3920,task_completed,R10,G01485,
20260908_023026_d2fba4,3921,task_assigned,R10,G01487,
20260908_023026_d2fba4,3923,task_created,,G01490,type=PUTAWAY pickup=BUFFER dropoff=G-06
20260908_023026_d2fba4,3925,task_completed,R2,G01479,
20260908_023026_d2fba4,3925,task_created,,G01491,type=PICK pickup=F-03 dropoff=PICK-1
20260908_023026_d2fba4,3926,task_assigned,R2,G01491,
20260908_023026_d2fba4,3929,task_completed,R6,G01153,
20260908_023026_d2fba4,3929,task_created,,G01492,type=SHIP pickup=STAGING dropoff=DOCK-2
20260908_023026_d2fba4,3930,task_assigned,R6,G01492,
20260908_023026_d2fba4,3931,task_completed,R3,G01488,
20260908_023026_d2fba4,3931,task_created,,G01493,type=PUTAWAY pickup=RECV dropoff=A-01
20260908_023026_d2fba4,3931,task_created,,G01494,type=PACK pickup=PICK-2 dropoff=PACK-1
20260908_023026_d2fba4,3932,task_completed,R12,G01476,
20260908_023026_d2fba4,3932,task_assigned,R3,G01494,
20260908_023026_d2fba4,3933,task_assigned,R12,G01171,
20260908_023026_d2fba4,3935,task_created,,G01495,type=PICK pickup=C-06 dropoff=PICK-1
20260908_023026_d2fba4,3938,task_completed,R5,G01165,
20260908_023026_d2fba4,3939,task_completed,R4,G01489,
20260908_023026_d2fba4,3939,task_assigned,R5,G01495,
20260908_023026_d2fba4,3939,task_created,,G01496,type=PUTAWAY pickup=RECV dropoff=D-08
20260908_023026_d2fba4,3940,task_assigned,R4,G01174,
20260908_023026_d2fba4,3940,task_completed,R10,G01487,
20260908_023026_d2fba4,3941,task_completed,R8,G01159,
20260908_023026_d2fba4,3941,task_assigned,R10,G01177,
20260908_023026_d2fba4,3942,task_completed,R9,G01167,
20260908_023026_d2fba4,3942,task_assigned,R8,G01181,
20260908_023026_d2fba4,3943,task_created,,G01497,type=PACK pickup=PICK-1 dropoff=PACK-2
20260908_023026_d2fba4,3943,task_created,,G01498,type=SHIP pickup=STAGING dropoff=DOCK-1
20260908_023026_d2fba4,3943,task_assigned,R9,G01498,
20260908_023026_d2fba4,3945,task_interrupted,R2,G01491,
20260908_023026_d2fba4,3945,task_created,,G01499,type=PICK pickup=F-01 dropoff=PICK-3
20260908_023026_d2fba4,3946,task_completed,R3,G01494,
20260908_023026_d2fba4,3947,task_assigned,R3,G01497,
20260908_023026_d2fba4,3947,task_created,,G01500,type=PUTAWAY pickup=BUFFER dropoff=F-05
20260908_023026_d2fba4,3952,task_completed,R6,G01492,
20260908_023026_d2fba4,3953,task_completed,R13,G01483,
20260908_023026_d2fba4,3953,task_assigned,R11,G01491,
20260908_023026_d2fba4,3953,task_assigned,R6,G01499,
20260908_023026_d2fba4,3954,task_assigned,R13,G01182,
20260908_023026_d2fba4,3955,task_created,,G01501,type=PUTAWAY pickup=BUFFER dropoff=H-02
20260908_023026_d2fba4,3955,task_created,,G01502,type=PICK pickup=C-05 dropoff=PICK-3
20260908_023026_d2fba4,3955,task_created,,G01503,type=PACK pickup=PICK-3 dropoff=PACK-2
20260908_023026_d2fba4,3957,task_created,,G01504,type=SHIP pickup=STAGING dropoff=DOCK-2
20260908_023026_d2fba4,3958,task_completed,R9,G01498,
20260908_023026_d2fba4,3959,task_completed,R5,G01495,
20260908_023026_d2fba4,3959,task_assigned,R9,G01504,
20260908_023026_d2fba4,3960,task_assigned,R5,G01503,
20260908_023026_d2fba4,3962,task_completed,R1,G01162,
20260908_023026_d2fba4,3963,task_assigned,R1,G01502,
20260908_023026_d2fba4,3963,task_created,,G01505,type=PUTAWAY pickup=BUFFER dropoff=G-08
20260908_023026_d2fba4,3964,task_completed,R9,G01504,
20260908_023026_d2fba4,3965,task_completed,R10,G01177,
20260908_023026_d2fba4,3965,task_created,,G01506,type=PICK pickup=G-08 dropoff=PICK-1
20260908_023026_d2fba4,3966,task_assigned,R9,G01186,
20260908_023026_d2fba4,3966,task_assigned,R10,G01506,
20260908_023026_d2fba4,3967,task_created,,G01507,type=PACK pickup=PICK-2 dropoff=PACK-2
20260908_023026_d2fba4,3969,task_completed,R12,G01171,
20260908_023026_d2fba4,3970,task_assigned,R12,G01507,
20260908_023026_d2fba4,3971,task_created,,G01508,type=PUTAWAY pickup=BUFFER dropoff=C-06
20260908_023026_d2fba4,3971,task_created,,G01509,type=SHIP pickup=STAGING dropoff=DOCK-2
20260908_023026_d2fba4,3973,task_completed,R3,G01497,
20260908_023026_d2fba4,3973,task_assigned,R7,G01509,
20260908_023026_d2fba4,3974,task_interrupted,R9,G01186,
20260908_023026_d2fba4,3974,task_assigned,R3,G01189,
20260908_023026_d2fba4,3975,task_completed,R8,G01181,
20260908_023026_d2fba4,3975,task_created,,G01510,type=PICK pickup=D-03 dropoff=PICK-3
20260908_023026_d2fba4,3979,task_completed,R1,G01502,
20260908_023026_d2fba4,3979,task_created,,G01511,type=PUTAWAY pickup=RECV dropoff=A-02
20260908_023026_d2fba4,3979,task_created,,G01512,type=PACK pickup=PICK-3 dropoff=PACK-1
20260908_023026_d2fba4,3980,task_assigned,R1,G01510,
20260908_023026_d2fba4,3980,task_assigned,R2,G01512,
20260908_023026_d2fba4,3985,task_created,,G01513,type=PICK pickup=D-01 dropoff=PICK-1
20260908_023026_d2fba4,3985,task_created,,G01514,type=SHIP pickup=STAGING dropoff=DOCK-1
20260908_023026_d2fba4,3986,task_completed,R6,G01499,
20260908_023026_d2fba4,3986,task_completed,R5,G01503,
20260908_023026_d2fba4,3987,task_assigned,R6,G01514,
20260908_023026_d2fba4,3987,task_created,,G01515,type=PUTAWAY pickup=BUFFER dropoff=D-02
20260908_023026_d2fba4,3989,task_completed,R7,G01509,
20260908_023026_d2fba4,3990,task_assigned,R5,G01186,
20260908_023026_d2fba4,3990,task_assigned,R7,G01513,
20260908_023026_d2fba4,3991,task_created,,G01516,type=PACK pickup=PICK-2 dropoff=PACK-1
20260908_023026_d2fba4,3995,task_completed,R1,G01510,
20260908_023026_d2fba4,3995,task_created,,G01517,type=PUTAWAY pickup=RECV dropoff=E-05
20260908_023026_d2fba4,3995,task_created,,G01518,type=PICK pickup=F-03 dropoff=PICK-2
20260908_023026_d2fba4,3996,task_interrupted,R5,G01186,
20260908_023026_d2fba4,3996,task_assigned,R1,G01516,
20260908_023026_d2fba4,3997,task_completed,R11,G01491,
20260908_023026_d2fba4,3998,task_completed,R4,G01174,
20260908_023026_d2fba4,3998,task_assigned,R11,G01518,
20260908_023026_d2fba4,3999,task_completed,R12,G01507,
20260908_023026_d2fba4,3999,task_created,,G01519,type=SHIP pickup=STAGING dropoff=DOCK-2
20260908_023026_d2fba4,3999,task_assigned,R4,G01519,
20260908_023026_d2fba4,4000,task_assigned,R12,G01186,
20260908_023026_d2fba4,4000,task_completed,R10,G01506,
20260908_023026_d2fba4,4001,task_assigned,R10,G01192,
20260908_023026_d2fba4,4003,task_created,,G01520,type=PUTAWAY pickup=RECV dropoff=H-05
20260908_023026_d2fba4,4003,task_created,,G01521,type=PACK pickup=PICK-1 dropoff=PACK-1
20260908_023026_d2fba4,4005,task_interrupted,R12,G01186,
20260908_023026_d2fba4,4005,task_completed,R6,G01514,
20260908_023026_d2fba4,4005,task_created,,G01522,type=PICK pickup=B-02 dropoff=PICK-2
20260908_023026_d2fba4,4006,task_assigned,R6,G01521,
20260908_023026_d2fba4,4007,task_assigned,R9,G01186,
20260908_023026_d2fba4,4011,task_completed,R13,G01182,
20260908_023026_d2fba4,4011,task_created,,G01523,type=PUTAWAY pickup=BUFFER dropoff=E-06
20260908_023026_d2fba4,4012,task_assigned,R13,G01196,
20260908_023026_d2fba4,4012,task_assigned,R8,G01522,
20260908_023026_d2fba4,4013,task_completed,R1,G01516,
20260908_023026_d2fba4,4013,task_created,,G01524,type=SHIP pickup=STAGING dropoff=DOCK-2
20260908_023026_d2fba4,4014,task_assigned,R1,G01524,
20260908_023026_d2fba4,4015,task_created,,G01525,type=PICK pickup=G-03 dropoff=PICK-1
20260908_023026_d2fba4,4015,task_created,,G01526,type=PACK pickup=PICK-2 dropoff=PACK-1
20260908_023026_d2fba4,4019,task_created,,G01527,type=PUTAWAY pickup=BUFFER dropoff=A-05
20260908_023026_d2fba4,4020,task_completed,R1,G01524,
20260908_023026_d2fba4,4021,task_completed,R2,G01512,
20260908_023026_d2fba4,4021,task_assigned,R1,G01526,
20260908_023026_d2fba4,4022,task_completed,R3,G01189,
20260908_023026_d2fba4,4022,task_assigned,R2,G01525,
20260908_023026_d2fba4,4023,task_assigned,R3,G01198,
20260908_023026_d2fba4,4025,task_interrupted,R10,G01192,
20260908_023026_d2fba4,4025,task_completed,R4,G01519,
20260908_023026_d2fba4,4025,task_created,,G01528,type=PICK pickup=G-04 dropoff=PICK-1
20260908_023026_d2fba4,4027,task_created,,G01529,type=PUTAWAY pickup=BUFFER dropoff=C-07
20260908_023026_d2fba4,4027,task_created,,G01530,type=PACK pickup=PICK-2 dropoff=PACK-2
20260908_023026_d2fba4,4027,task_created,,G01531,type=SHIP pickup=STAGING dropoff=DOCK-2
20260908_023026_d2fba4,4027,task_assigned,R4,G01531,
20260908_023026_d2fba4,4031,task_assigned,R5,G01530,
20260908_023026_d2fba4,4032,task_completed,R7,G01513,
20260908_023026_d2fba4,4032,task_completed,R6,G01521,
20260908_023026_d2fba4,4032,task_completed,R4,G01531,
20260908_023026_d2fba4,4033,task_assigned,R6,G01192,
20260908_023026_d2fba4,4033,task_assigned,R7,G01528,
20260908_023026_d2fba4,4035,task_completed,R13,G01196,
20260908_023026_d2fba4,4035,task_completed,R1,G01526,
20260908_023026_d2fba4,4035,task_created,,G01532,type=PUTAWAY pickup=RECV dropoff=C-02
20260908_023026_d2fba4,4035,task_created,,G01533,type=PICK pickup=G-05 dropoff=PICK-3
20260908_023026_d2fba4,4035,task_assigned,R12,G01533,
20260908_023026_d2fba4,4036,task_assigned,R1,G01201,
20260908_023026_d2fba4,4036,task_assigned,R13,G01204,
20260908_023026_d2fba4,4036,task_assigned,R4,G01208,
20260908_023026_d2fba4,4037,task_completed,R11,G01518,
20260908_023026_d2fba4,4038,task_assigned,R11,G01210,
20260908_023026_d2fba4,4039,task_interrupted,R4,G01208,
20260908_023026_d2fba4,4039,task_created,,G01534,type=PACK pickup=PICK-3 dropoff=PACK-1
20260908_023026_d2fba4,4041,task_completed,R9,G01186,
20260908_023026_d2fba4,4041,task_created,,G01535,type=SHIP pickup=STAGING dropoff=DOCK-1
20260908_023026_d2fba4,4042,task_assigned,R9,G01535,
20260908_023026_d2fba4,4043,task_created,,G01536,type=PUTAWAY pickup=RECV dropoff=G-06
20260908_023026_d2fba4,4045,task_created,,G01537,type=PICK pickup=B-02 dropoff=PICK-2
20260908_023026_d2fba4,4047,task_completed,R3,G01198,
20260908_023026_d2fba4,4048,task_interrupted,,G01534,
20260908_023026_d2fba4,4051,task_created,,G01538,type=PUTAWAY pickup=RECV dropoff=F-02
20260908_023026_d2fba4,4051,task_created,,G01539,type=PACK pickup=PICK-2 dropoff=PACK-1
20260908_023026_d2fba4,4054,task_interrupted,R13,G01204,
20260908_023026_d2fba4,4054,task_completed,R2,G01525,
20260908_023026_d2fba4,4055,task_created,,G01540,type=PICK pickup=H-04 dropoff=PICK-3
20260908_023026_d2fba4,4055,task_created,,G01541,type=SHIP pickup=STAGING dropoff=DOCK-2
20260908_023026_d2fba4,4055,task_assigned,R2,G01541,
20260908_023026_d2fba4,4057,task_completed,R8,G01522,
20260908_023026_d2fba4,4057,task_completed,R5,G01530,
20260908_023026_d2fba4,4058,task_assigned,R5,G01534,
20260908_023026_d2fba4,4058,task_assigned,R10,G01537,
20260908_023026_d2fba4,4058,task_assigned,R8,G01539,
20260908_023026_d2fba4,4059,task_created,,G01542,type=PUTAWAY pickup=BUFFER dropoff=H-06
20260908_023026_d2fba4,4060,task_completed,R9,G01535,
20260908_023026_d2fba4,4061,task_completed,R6,G01192,
20260908_023026_d2fba4,4061,task_assigned,R9,G01540,
20260908_023026_d2fba4,4062,task_assigned,R6,G01204,
20260908_023026_d2fba4,4062,task_completed,R11,G01210,
20260908_023026_d2fba4,4063,task_completed,R8,G01539,
20260908_023026_d2fba4,4063,task_created,,G01543,type=PACK pickup=PICK-2 dropoff=PACK-2
20260908_023026_d2fba4,4063,task_assigned,R11,G01543,
20260908_023026_d2fba4,4064,task_assigned,R8,G01208,
20260908_023026_d2fba4,4065,task_created,,G01544,type=PICK pickup=D-08 dropoff=PICK-1
20260908_023026_d2fba4,4066,task_completed,R1,G01201,
20260908_023026_d2fba4,4066,task_assigned,R4,G01544,
20260908_023026_d2fba4,4067,task_assigned,R1,G01213,
20260908_023026_d2fba4,4067,task_created,,G01545,type=PUTAWAY pickup=RECV dropoff=H-05
20260908_023026_d2fba4,4069,task_created,,G01546,type=SHIP pickup=STAGING dropoff=DOCK-1
20260908_023026_d2fba4,4073,task_completed,R7,G01528,
20260908_023026_d2fba4,4073,task_completed,R2,G01541,
20260908_023026_d2fba4,4074,task_assigned,R7,G01217,
20260908_023026_d2fba4,4074,task_assigned,R2,G01546,
20260908_023026_d2fba4,4075,task_created,,G01547,type=PUTAWAY pickup=BUFFER dropoff=A-07
20260908_023026_d2fba4,4075,task_created,,G01548,type=PICK pickup=D-03 dropoff=PICK-3
20260908_023026_d2fba4,4075,task_created,,G01549,type=PACK pickup=PICK-2 dropoff=PACK-1
20260908_023026_d2fba4,4077,task_completed,R6,G01204,
20260908_023026_d2fba4,4078,task_assigned,R6,G01549,
20260908_023026_d2fba4,4079,task_completed,R2,G01546,
20260908_023026_d2fba4,4080,task_completed,R5,G01534,
20260908_023026_d2fba4,4080,task_assigned,R2,G01548,
20260908_023026_d2fba4,4081,task_assigned,R5,G01219,
20260908_023026_d2fba4,4083,task_created,,G01550,type=PUTAWAY pickup=RECV dropoff=H-02
20260908_023026_d2fba4,4083,task_created,,G01551,type=SHIP pickup=STAGING dropoff=DOCK-2
20260908_023026_d2fba4,4084,task_completed,R10,G01537,
20260908_023026_d2fba4,4085,task_completed,R12,G01533,
20260908_023026_d2fba4,4085,task_assigned,R10,G01551,
20260908_023026_d2fba4,4085,task_created,,G01552,type=PICK pickup=D-01 dropoff=PICK-2
20260908_023026_d2fba4,4086,task_assigned,R12,G01552,
20260908_023026_d2fba4,4087,task_completed,R11,G01543,
20260908_023026_d2fba4,4087,task_created,,G01553,type=PACK pickup=PICK-2 dropoff=PACK-2
20260908_023026_d2fba4,4088,task_assigned,R11,G01223,
20260908_023026_d2fba4,4088,task_assigned,R13,G01553,
20260908_023026_d2fba4,4091,task_assigned,R3,G01226,
20260908_023026_d2fba4,4091,task_completed,R6,G01549,
20260908_023026_d2fba4,4091,task_created,,G01554,type=PUTAWAY pickup=BUFFER dropoff=D-04
20260908_023026_d2fba4,4092,task_completed,R8,G01208,
20260908_023026_d2fba4,4092,task_completed,R1,G01213,
20260908_023026_d2fba4,4092,task_assigned,R6,G01228,
20260908_023026_d2fba4,4093,task_assigned,R8,G01231,
20260908_023026_d2fba4,4093,task_assigned,R1,G01235,
20260908_023026_d2fba4,4093,task_completed,R10,G01551,
20260908_023026_d2fba4,4094,task_completed,R7,G01217,
20260908_023026_d2fba4,4094,task_assigned,R10,G01238,
20260908_023026_d2fba4,4095,task_completed,R9,G01540,
20260908_023026_d2fba4,4095,task_created,,G01555,type=PICK pickup=F-04 dropoff=PICK-3
20260908_023026_d2fba4,4095,task_assigned,R7,G01555,
20260908_023026_d2fba4,4096,task_assigned,R9,G01241,
20260908_023026_d2fba4,4097,task_created,,G01556,type=SHIP pickup=STAGING dropoff=DOCK-1
20260908_023026_d2fba4,4099,task_created,,G01557,type=PUTAWAY pickup=RECV dropoff=C-03
20260908_023026_d2fba4,4099,task_created,,G01558,type=PACK pickup=PICK-1 dropoff=PACK-2
20260908_023026_d2fba4,4103,task_interrupted,R1,G01235,
20260908_023026_d2fba4,4103,task_completed,R12,G01552,
20260908_023026_d2fba4,4104,task_assigned,R12,G01556,
20260908_023026_d2fba4,4105,task_interrupted,R6,G01228,
20260908_023026_d2fba4,4105,task_created,,G01559,type=PICK pickup=D-03 dropoff=PICK-2
20260908_023026_d2fba4,4107,task_created,,G01560,type=PUTAWAY pickup=BUFFER dropoff=B-02
20260908_023026_d2fba4,4110,task_completed,R2,G01548,
20260908_023026_d2fba4,4111,task_created,,G01561,type=PACK pickup=PICK-3 dropoff=PACK-2
20260908_023026_d2fba4,4111,task_created,,G01562,type=SHIP pickup=STAGING dropoff=DOCK-2
20260908_023026_d2fba4,4111,task_assigned,R2,G01562,
20260908_023026_d2fba4,4112,task_completed,R12,G01556,
20260908_023026_d2fba4,4113,task_assigned,R12,G01558,
20260908_023026_d2fba4,4115,task_completed,R13,G01553,
20260908_023026_d2fba4,4115,task_created,,G01563,type=PUTAWAY pickup=BUFFER dropoff=C-08
20260908_023026_d2fba4,4115,task_created,,G01564,type=PICK pickup=C-02 dropoff=PICK-1
20260908_023026_d2fba4,4116,task_assigned,R13,G01561,
20260908_023026_d2fba4,4123,task_completed,R3,G01226,
20260908_023026_d2fba4,4123,task_created,,G01565,type=PUTAWAY pickup=BUFFER dropoff=C-06
20260908_023026_d2fba4,4123,task_created,,G01566,type=PACK pickup=PICK-3 dropoff=PACK-2
20260908_023026_d2fba4,4124,task_completed,R9,G01241,
20260908_023026_d2fba4,4124,task_assigned,R3,G01566,
20260908_023026_d2fba4,4125,task_completed,R7,G01555,
20260908_023026_d2fba4,4125,task_created,,G01567,type=PICK pickup=G-04 dropoff=PICK-2
20260908_023026_d2fba4,4125,task_created,,G01568,type=SHIP pickup=STAGING dropoff=DOCK-2
20260908_023026_d2fba4,4125,task_assigned,R9,G01568,
20260908_023026_d2fba4,4126,task_assigned,R7,G01559,
20260908_023026_d2fba4,4127,task_completed,R2,G01562,
20260908_023026_d2fba4,4128,task_completed,R8,G01231,
20260908_023026_d2fba4,4128,task_completed,R10,G01238,
20260908_023026_d2fba4,4128,task_assigned,R2,G01564,
20260908_023026_d2fba4,4129,task_assigned,R10,G01228,
20260908_023026_d2fba4,4129,task_assigned,R8,G01567,
20260908_023026_d2fba4,4130,task_completed,R5,G01219,
20260908_023026_d2fba4,4131,task_assigned,R5,G01235,
20260908_023026_d2fba4,4131,task_created,,G01569,type=PUTAWAY pickup=BUFFER dropoff=G-04
20260908_023026_d2fba4,4132,task_completed,R11,G01223,
20260908_023026_d2fba4,4133,task_assigned,R11,G01244,
20260908_023026_d2fba4,4133,task_completed,R13,G01561,
20260908_023026_d2fba4,4134,task_assigned,R13,G01246,
20260908_023026_d2fba4,4135,task_completed,R4,G01544,
20260908_023026_d2fba4,4135,task_created,,G01570,type=PICK pickup=C-07 dropoff=PICK-1
20260908_023026_d2fba4,4135,task_created,,G01571,type=PACK pickup=PICK-2 dropoff=PACK-2
20260908_023026_d2fba4,4136,task_assigned,R4,G01571,
20260908_023026_d2fba4,4139,task_completed,R8,G01567,
20260908_023026_d2fba4,4139,task_created,,G01572,type=PUTAWAY pickup=RECV dropoff=F-08
20260908_023026_d2fba4,4139,task_created,,G01573,type=SHIP pickup=STAGING dropoff=DOCK-1
20260908_023026_d2fba4,4140,task_assigned,R8,G01573,
20260908_023026_d2fba4,4143,task_completed,R12,G01558,
20260908_023026_d2fba4,4143,task_completed,R9,G01568,
20260908_023026_d2fba4,4143,task_assigned,R1,G01570,
20260908_023026_d2fba4,4144,task_assigned,R12,G01250,
20260908_023026_d2fba4,4144,task_assigned,R9,G01253,
20260908_023026_d2fba4,4145,task_created,,G01574,type=PICK pickup=F-01 dropoff=PICK-2
20260908_023026_d2fba4,4145,task_assigned,R6,G01574,
20260908_023026_d2fba4,4147,task_created,,G01575,type=PUTAWAY pickup=BUFFER dropoff=A-07
20260908_023026_d2fba4,4147,task_created,,G01576,type=PACK pickup=PICK-3 dropoff=PACK-2
20260908_023026_d2fba4,4148,task_completed,R5,G01235,
20260908_023026_d2fba4,4148,task_completed,R3,G01566,
20260908_023026_d2fba4,4149,task_assigned,R5,G01256,
20260908_023026_d2fba4,4149,task_assigned,R3,G01576,
20260908_023026_d2fba4,4150,task_completed,R7,G01559,
20260908_023026_d2fba4,4150,task_completed,R8,G01573,
20260908_023026_d2fba4,4151,task_assigned,R8,G01259,
20260908_023026_d2fba4,4151,task_assigned,R7,G01262,
20260908_023026_d2fba4,4152,task_completed,R10,G01228,
20260908_023026_d2fba4,4153,task_created,,G01577,type=SHIP pickup=STAGING dropoff=DOCK-2
20260908_023026_d2fba4,4153,task_assigned,R10,G01577,
20260908_023026_d2fba4,4154,task_completed,R4,G01571,
20260908_023026_d2fba4,4155,task_created,,G01578,type=PUTAWAY pickup=BUFFER dropoff=A-01
20260908_023026_d2fba4,4155,task_created,,G01579,type=PICK pickup=C-06 dropoff=PICK-1
20260908_023026_d2fba4,4155,task_assigned,R4,G01579,
20260908_023026_d2fba4,4157,task_completed,R2,G01564,
20260908_023026_d2fba4,4158,task_assigned,R2,G01265,
20260908_023026_d2fba4,4159,task_created,,G01580,type=PACK pickup=PICK-2 dropoff=PACK-2
20260908_023026_d2fba4,4163,task_completed,R11,G01244,
20260908_023026_d2fba4,4163,task_created,,G01581,type=PUTAWAY pickup=RECV dropoff=E-08
20260908_023026_d2fba4,4164,task_assigned,R11,G01580,
20260908_023026_d2fba4,4165,task_created,,G01582,type=PICK pickup=F-05 dropoff=PICK-2
20260908_023026_d2fba4,4166,task_completed,R3,G01576,
20260908_023026_d2fba4,4167,task_created,,G01583,type=SHIP pickup=STAGING dropoff=DOCK-1
20260908_023026_d2fba4,4167,task_assigned,R3,G01583,
20260908_023026_d2fba4,4169,task_completed,R5,G01256,
20260908_023026_d2fba4,4170,task_assigned,R5,G01582,
20260908_023026_d2fba4,4171,task_created,,G01584,type=PUTAWAY pickup=RECV dropoff=C-03
20260908_023026_d2fba4,4171,task_created,,G01585,type=PACK pickup=PICK-1 dropoff=PACK-1
20260908_023026_d2fba4,4174,task_completed,R10,G01577,
20260908_023026_d2fba4,4175,task_completed,R3,G01583,
20260908_023026_d2fba4,4175,task_assigned,R10,G01585,
20260908_023026_d2fba4,4175,task_created,,G01586,type=PICK pickup=H-08 dropoff=PICK-2
20260908_023026_d2fba4,4176,task_completed,R6,G01574,
20260908_023026_d2fba4,4176,task_assigned,R3,G01586,
20260908_023026_d2fba4,4177,task_assigned,R6,G01268,
20260908_023026_d2fba4,4179,task_created,,G01587,type=PUTAWAY pickup=RECV dropoff=B-07
20260908_023026_d2fba4,4180,task_completed,R11,G01580,
20260908_023026_d2fba4,4181,task_created,,G01588,type=SHIP pickup=STAGING dropoff=DOCK-1
20260908_023026_d2fba4,4182,task_completed,R12,G01250,
20260908_023026_d2fba4,4183,task_completed,R4,G01579,
20260908_023026_d2fba4,4183,task_assigned,R12,G01588,
20260908_023026_d2fba4,4183,task_created,,G01589,type=PACK pickup=PICK-2 dropoff=PACK-1
20260908_023026_d2fba4,4184,task_assigned,R4,G01589,
20260908_023026_d2fba4,4185,task_completed,R9,G01253,
20260908_023026_d2fba4,4185,task_interrupted,R7,G01262,
20260908_023026_d2fba4,4185,task_created,,G01590,type=PICK pickup=C-06 dropoff=PICK-2
20260908_023026_d2fba4,4186,task_assigned,R9,G01590,
20260908_023026_d2fba4,4187,task_created,,G01591,type=PUTAWAY pickup=RECV dropoff=H-03
20260908_023026_d2fba4,4190,task_completed,R13,G01246,
20260908_023026_d2fba4,4191,task_assigned,R13,G01262,
20260908_023026_d2fba4,4193,task_completed,R1,G01570,
20260908_023026_d2fba4,4194,task_assigned,R1,G01272,
20260908_023026_d2fba4,4195,task_created,,G01592,type=PUTAWAY pickup=BUFFER dropoff=C-04
20260908_023026_d2fba4,4195,task_created,,G01593,type=PICK pickup=G-08 dropoff=PICK-2
20260908_023026_d2fba4,4195,task_created,,G01594,type=PACK pickup=PICK-2 dropoff=PACK-1
20260908_023026_d2fba4,4195,task_created,,G01595,type=SHIP pickup=STAGING dropoff=DOCK-1
20260908_023026_d2fba4,4197,task_completed,R4,G01589,
20260908_023026_d2fba4,4198,task_assigned,R4,G01595,
20260908_023026_d2fba4,4203,task_completed,R12,G01588,
20260908_023026_d2fba4,4203,task_created,,G01596,type=PUTAWAY pickup=BUFFER dropoff=H-04
20260908_023026_d2fba4,4204,task_completed,R10,G01585,
20260908_023026_d2fba4,4204,task_assigned,R12,G01594,
20260908_023026_d2fba4,4204,task_completed,R4,G01595,
20260908_023026_d2fba4,4205,task_assigned,R10,G01593,
20260908_023026_d2fba4,4205,task_created,,G01597,type=PICK pickup=G-02 dropoff=PICK-1
20260908_023026_d2fba4,4205,task_assigned,R4,G01597,
20260908_023026_d2fba4,4206,task_interrupted,R2,G01265,
20260908_023026_d2fba4,4207,task_completed,R8,G01259,
20260908_023026_d2fba4,4207,task_created,,G01598,type=PACK pickup=PICK-2 dropoff=PACK-2
20260908_023026_d2fba4,4208,task_assigned,R8,G01265,
20260908_023026_d2fba4,4208,task_assigned,R11,G01598,
20260908_023026_d2fba4,4209,task_completed,R5,G01582,
20260908_023026_d2fba4,4209,task_created,,G01599,type=SHIP pickup=STAGING dropoff=DOCK-1
20260908_023026_d2fba4,4210,task_assigned,R5,G01599,
20260908_023026_d2fba4,4211,task_created,,G01600,type=PUTAWAY pickup=RECV dropoff=C-05
20260908_023026_d2fba4,4212,task_completed,R8,G01265,
20260908_023026_d2fba4,4212,task_completed,R6,G01268,
20260908_023026_d2fba4,4213,task_assigned,R6,G01273,
20260908_023026_d2fba4,4213,task_assigned,R8,G01277,
20260908_023026_d2fba4,4215,task_created,,G01601,type=PICK pickup=F-02 dropoff=PICK-3
20260908_023026_d2fba4,4218,task_completed,R12,G01594,
20260908_023026_d2fba4,4219,task_completed,R13,G01262,
20260908_023026_d2fba4,4219,task_created,,G01602,type=PUTAWAY pickup=BUFFER dropoff=H-02
20260908_023026_d2fba4,4219,task_created,,G01603,type=PACK pickup=PICK-2 dropoff=PACK-2
20260908_023026_d2fba4,4219,task_assigned,R12,G01603,
20260908_023026_d2fba4,4220,task_completed,R5,G01599,
20260908_023026_d2fba4,4220,task_assigned,R13,G01601,
20260908_023026_d2fba4,4221,task_completed,R1,G01272,
20260908_023026_d2fba4,4221,task_assigned,R5,G01281,
20260908_023026_d2fba4,4222,task_assigned,R1,G01283,
20260908_023026_d2fba4,4223,task_created,,G01604,type=SHIP pickup=STAGING dropoff=DOCK-1
20260908_023026_d2fba4,4225,task_completed,R3,G01586,
20260908_023026_d2fba4,4225,task_created,,G01605,type=PICK pickup=D-04 dropoff=PICK-1
20260908_023026_d2fba4,4226,task_assigned,R3,G01604,
20260908_023026_d2fba4,4227,task_assigned,R7,G01605,
20260908_023026_d2fba4,4227,task_created,,G01606,type=PUTAWAY pickup=RECV dropoff=C-05
20260908_023026_d2fba4,4228,task_interrupted,R8,G01277,
20260908_023026_d2fba4,4230,task_completed,R10,G01593,
20260908_023026_d2fba4,4231,task_interrupted,R9,G01590,
20260908_023026_d2fba4,4231,task_completed,R12,G01603,
20260908_023026_d2fba4,4231,task_created,,G01607,type=PACK pickup=PICK-2 dropoff=PACK-1
20260908_023026_d2fba4,4231,task_assigned,R10,G01607,
20260908_023026_d2fba4,4232,task_assigned,R12,G01590,
20260908_023026_d2fba4,4234,task_completed,R11,G01598,
20260908_023026_d2fba4,4235,task_completed,R6,G01273,
20260908_023026_d2fba4,4235,task_created,,G01608,type=PUTAWAY pickup=BUFFER dropoff=D-06
20260908_023026_d2fba4,4235,task_created,,G01609,type=PICK pickup=C-05 dropoff=PICK-2
20260908_023026_d2fba4,4235,task_assigned,R11,G01609,
20260908_023026_d2fba4,4236,task_assigned,R6,G01277,
20260908_023026_d2fba4,4236,task_completed,R1,G01283,
20260908_023026_d2fba4,4236,task_completed,R4,G01597,
20260908_023026_d2fba4,4236,task_completed,R3,G01604,
20260908_023026_d2fba4,4236,task_completed,R10,G01607,
20260908_023026_d2fba4,4237,task_assigned,R3,G01287,
20260908_023026_d2fba4,4237,task_assigned,R4,G01289,
20260908_023026_d2fba4,4237,task_assigned,R10,G01292,
20260908_023026_d2fba4,4237,task_created,,G01610,type=SHIP pickup=STAGING dropoff=DOCK-2
20260908_023026_d2fba4,4237,task_assigned,R1,G01610,
20260908_023026_d2fba4,4238,task_completed,R12,G01590,
20260908_023026_d2fba4,4239,task_assigned,R12,G01295,
20260908_023026_d2fba4,4243,task_created,,G01611,type=PUTAWAY pickup=BUFFER dropoff=B-02
20260908_023026_d2fba4,4243,task_created,,G01612,type=PACK pickup=PICK-1 dropoff=PACK-2
20260908_023026_d2fba4,4245,task_created,,G01613,type=PICK pickup=A-03 dropoff=PICK-1
20260908_023026_d2fba4,4247,task_assigned,R2,G01612,
20260908_023026_d2fba4,4250,task_interrupted,R5,G01281,
20260908_023026_d2fba4,4251,task_created,,G01614,type=PUTAWAY pickup=BUFFER dropoff=C-01
20260908_023026_d2fba4,4251,task_created,,G01615,type=SHIP pickup=STAGING dropoff=DOCK-1
20260908_023026_d2fba4,4252,task_completed,R11,G01609,
20260908_023026_d2fba4,4253,task_assigned,R11,G01615,
20260908_023026_d2fba4,4255,task_created,,G01616,type=PICK pickup=H-01 dropoff=PICK-2
20260908_023026_d2fba4,4255,task_created,,G01617,type=PACK pickup=PICK-1 dropoff=PACK-2
20260908_023026_d2fba4,4259,task_interrupted,R12,G01295,
20260908_023026_d2fba4,4259,task_created,,G01618,type=PUTAWAY pickup=RECV dropoff=D-06
20260908_023026_d2fba4,4261,task_completed,R11,G01615,
20260908_023026_d2fba4,4262,task_completed,R6,G01277,
20260908_023026_d2fba4,4262,task_assigned,R11,G01613,
20260908_023026_d2fba4,4262,task_assigned,R9,G01617,
20260908_023026_d2fba4,4263,task_assigned,R6,G01281,
20260908_023026_d2fba4,4263,task_completed,R13,G01601,
20260908_023026_d2fba4,4263,task_assigned,R8,G01616,
20260908_023026_d2fba4,4264,task_assigned,R13,G01295,
20260908_023026_d2fba4,4265,task_created,,G01619,type=PICK pickup=B-04 dropoff=PICK-2
20260908_023026_d2fba4,4265,task_created,,G01620,type=SHIP pickup=STAGING dropoff=DOCK-2
20260908_023026_d2fba4,4266,task_completed,R6,G01281,
20260908_023026_d2fba4,4267,task_assigned,R6,G01620,
20260908_023026_d2fba4,4267,task_created,,G01621,type=PUTAWAY pickup=BUFFER dropoff=D-08
20260908_023026_d2fba4,4267,task_created,,G01622,type=PACK pickup=PICK-1 dropoff=PACK-1
20260908_023026_d2fba4,4269,task_completed,R1,G01610,
20260908_023026_d2fba4,4270,task_assigned,R1,G01622,
20260908_023026_d2fba4,4273,task_completed,R2,G01612,
20260908_023026_d2fba4,4274,task_assigned,R2,G01619,
20260908_023026_d2fba4,4275,task_interrupted,R4,G01289,
20260908_023026_d2fba4,4275,task_created,,G01623,type=PUTAWAY pickup=BUFFER dropoff=F-01
20260908_023026_d2fba4,4275,task_created,,G01624,type=PICK pickup=H-06 dropoff=PICK-2
20260908_023026_d2fba4,4279,task_created,,G01625,type=PACK pickup=PICK-1 dropoff=PACK-2
20260908_023026_d2fba4,4279,task_created,,G01626,type=SHIP pickup=STAGING dropoff=DOCK-2
20260908_023026_d2fba4,4280,task_interrupted,R10,G01292,
20260908_023026_d2fba4,4282,task_completed,R6,G01620,
20260908_023026_d2fba4,4283,task_assigned,R6,G01626,
20260908_023026_d2fba4,4283,task_created,,G01627,type=PUTAWAY pickup=RECV dropoff=C-01
20260908_023026_d2fba4,4285,task_completed,R3,G01287,
20260908_023026_d2fba4,4285,task_created,,G01628,type=PICK pickup=E-02 dropoff=PICK-1
20260908_023026_d2fba4,4286,task_assigned,R3,G01625,
20260908_023026_d2fba4,4287,task_completed,R11,G01613,
20260908_023026_d2fba4,4288,task_completed,R7,G01605,
20260908_023026_d2fba4,4288,task_assigned,R5,G01624,
20260908_023026_d2fba4,4288,task_completed,R6,G01626,
20260908_023026_d2fba4,4288,task_assigned,R11,G01628,
20260908_023026_d2fba4,4289,task_assigned,R7,G01289,
20260908_023026_d2fba4,4289,task_assigned,R6,G01292,
20260908_023026_d2fba4,4290,task_completed,R2,G01619,
20260908_023026_d2fba4,4291,task_created,,G01629,type=PUTAWAY pickup=RECV dropoff=D-02
20260908_023026_d2fba4,4291,task_created,,G01630,type=PACK pickup=PICK-2 dropoff=PACK-1
20260908_023026_d2fba4,4291,task_assigned,R2,G01630,
20260908_023026_d2fba4,4292,task_completed,R13,G01295,
20260908_023026_d2fba4,4292,task_completed,R9,G01617,
20260908_023026_d2fba4,4293,task_assigned,R13,G01299,
20260908_023026_d2fba4,4293,task_created,,G01631,type=SHIP pickup=STAGING dropoff=DOCK-2
20260908_023026_d2fba4,4293,task_assigned,R9,G01631,
20260908_023026_d2fba4,4295,task_created,,G01632,type=PICK pickup=F-01 dropoff=PICK-3
20260908_023026_d2fba4,4296,task_completed,R1,G01622,
20260908_023026_d2fba4,4297,task_assigned,R1,G01302,
20260908_023026_d2fba4,4297,task_completed,R2,G01630,
20260908_023026_d2fba4,4297,task_assigned,R12,G01632,
20260908_023026_d2fba4,4298,task_assigned,R2,G01304,
20260908_023026_d2fba4,4299,task_created,,G01633,type=PUTAWAY pickup=BUFFER dropoff=E-02
20260908_023026_d2fba4,4300,task_completed,R9,G01631,
20260908_023026_d2fba4,4301,task_assigned,R9,G01308,
20260908_023026_d2fba4,4303,task_created,,G01634,type=PACK pickup=PICK-2 dropoff=PACK-2
20260908_023026_d2fba4,4304,task_interrupted,R13,G01299,
20260908_023026_d2fba4,4305,task_created,,G01635,type=PICK pickup=D-08 dropoff=PICK-2
20260908_023026_d2fba4,4307,task_completed,R8,G01616,
20260908_023026_d2fba4,4307,task_interrupted,R3,G01625,
20260908_023026_d2fba4,4307,task_created,,G01636,type=PUTAWAY pickup=RECV dropoff=B-08
20260908_023026_d2fba4,4307,task_created,,G01637,type=SHIP pickup=STAGING dropoff=DOCK-1
20260908_023026_d2fba4,4308,task_assigned,R8,G01637,
20260908_023026_d2fba4,4309,task_completed,R6,G01292,
20260908_023026_d2fba4,4310,task_assigned,R6,G01625,
20260908_023026_d2fba4,4315,task_created,,G01638,type=PUTAWAY pickup=BUFFER dropoff=F-08
20260908_023026_d2fba4,4315,task_created,,G01639,type=PICK pickup=E-05 dropoff=PICK-3
20260908_023026_d2fba4,4315,task_created,,G01640,type=PACK pickup=PICK-3 dropoff=PACK-1
20260908_023026_d2fba4,4316,task_completed,R8,G01637,
20260908_023026_d2fba4,4317,task_assigned,R8,G01634,
20260908_023026_d2fba4,4321,task_created,,G01641,type=SHIP pickup=STAGING dropoff=DOCK-1
20260908_023026_d2fba4,4323,task_completed,R1,G01302,
20260908_023026_d2fba4,4323,task_completed,R11,G01628,
20260908_023026_d2fba4,4323,task_assigned,R10,G01641,
20260908_023026_d2fba4,4323,task_created,,G01642,type=PUTAWAY pickup=RECV dropoff=E-03
20260908_023026_d2fba4,4324,task_assigned,R1,G01635,
20260908_023026_d2fba4,4324,task_assigned,R11,G01640,
20260908_023026_d2fba4,4325,task_completed,R9,G01308,
20260908_023026_d2fba4,4325,task_assigned,R4,G01639,
20260908_023026_d2fba4,4325,task_created,,G01643,type=PICK pickup=A-05 dropoff=PICK-2
20260908_023026_d2fba4,4326,task_assigned,R9,G01643,
20260908_023026_d2fba4,4327,task_created,,G01644,type=PACK pickup=PICK-1 dropoff=PACK-1
20260908_023026_d2fba4,4328,task_completed,R6,G01625,
20260908_023026_d2fba4,4329,task_assigned,R6,G01644,
20260908_023026_d2fba4,4331,task_completed,R2,G01304,
20260908_023026_d2fba4,4331,task_created,,G01645,type=PUTAWAY pickup=RECV dropoff=A-08
20260908_023026_d2fba4,4332,task_completed,R7,G01289,
20260908_023026_d2fba4,4332,task_assigned,R2,G01299,
20260908_023026_d2fba4,4332,task_completed,R8,G01634,
20260908_023026_d2fba4,4333,task_assigned,R8,G01310,
20260908_023026_d2fba4,4333,task_assigned,R7,G01314,
20260908_023026_d2fba4,4334,task_completed,R5,G01624,
20260908_023026_d2fba4,4335,task_created,,G01646,type=PICK pickup=D-02 dropoff=PICK-3
20260908_023026_d2fba4,4335,task_created,,G01647,type=SHIP pickup=STAGING dropoff=DOCK-1
20260908_023026_d2fba4,4335,task_assigned,R5,G01647,
20260908_023026_d2fba4,4336,task_assigned,R3,G01646,
20260908_023026_d2fba4,4337,task_assigned,R13,G01317,
20260908_023026_d2fba4,4339,task_completed,R10,G01641,
20260908_023026_d2fba4,4339,task_created,,G01648,type=PUTAWAY pickup=RECV dropoff=B-01
20260908_023026_d2fba4,4339,task_created,,G01649,type=PACK pickup=PICK-2 dropoff=PACK-1
20260908_023026_d2fba4,4340,task_assigned,R10,G01649,
20260908_023026_d2fba4,4342,task_completed,R12,G01632,
20260908_023026_d2fba4,4343,task_assigned,R12,G01319,
20260908_023026_d2fba4,4345,task_completed,R5,G01647,
20260908_023026_d2fba4,4345,task_created,,G01650,type=PICK pickup=B-07 dropoff=PICK-2
20260908_023026_d2fba4,4346,task_completed,R1,G01635,
20260908_023026_d2fba4,4346,task_assigned,R5,G01650,
20260908_023026_d2fba4,4347,task_assigned,R1,G01323,
20260908_023026_d2fba4,4347,task_created,,G01651,type=PUTAWAY pickup=RECV dropoff=G-08
20260908_023026_d2fba4,4349,task_created,,G01652,type=SHIP pickup=STAGING dropoff=DOCK-2
20260908_023026_d2fba4,4351,task_completed,R2,G01299,
20260908_023026_d2fba4,4351,task_created,,G01653,type=PACK pickup=PICK-1 dropoff=PACK-2
20260908_023026_d2fba4,4352,task_assigned,R2,G01652,
20260908_023026_d2fba4,4354,task_completed,R10,G01649,
20260908_023026_d2fba4,4355,task_completed,R11,G01640,
20260908_023026_d2fba4,4355,task_assigned,R10,G01653,
20260908_023026_d2fba4,4355,task_created,,G01654,type=PUTAWAY pickup=RECV dropoff=E-02
20260908_023026_d2fba4,4355,task_created,,G01655,type=PICK pickup=E-06 dropoff=PICK-2
20260908_023026_d2fba4,4356,task_completed,R6,G01644,
20260908_023026_d2fba4,4356,task_assigned,R11,G01655,
20260908_023026_d2fba4,4357,task_assigned,R6,G01326,
20260908_023026_d2fba4,4360,task_interrupted,R6,G01326,
20260908_023026_d2fba4,4362,task_completed,R9,G01643,
20260908_023026_d2fba4,4363,task_created,,G01656,type=PUTAWAY pickup=BUFFER dropoff=H-01
20260908_023026_d2fba4,4363,task_created,,G01657,type=PACK pickup=PICK-1 dropoff=PACK-2
20260908_023026_d2fba4,4363,task_created,,G01658,type=SHIP pickup=STAGING dropoff=DOCK-2
20260908_023026_d2fba4,4363,task_assigned,R9,G01658,
20260908_023026_d2fba4,4365,task_created,,G01659,type=PICK pickup=D-04 dropoff=PICK-2
20260908_023026_d2fba4,4370,task_interrupted,R1,G01323,
20260908_023026_d2fba4,4370,task_completed,R5,G01650,
20260908_023026_d2fba4,4371,task_completed,R12,G01319,
20260908_023026_d2fba4,4371,task_assigned,R5,G01657,
20260908_023026_d2fba4,4371,task_completed,R9,G01658,
20260908_023026_d2fba4,4371,task_created,,G01660,type=PUTAWAY pickup=BUFFER dropoff=C-06
20260908_023026_d2fba4,4372,task_assigned,R9,G01323,
20260908_023026_d2fba4,4372,task_assigned,R12,G01659,
20260908_023026_d2fba4,4373,task_completed,R4,G01639,
20260908_023026_d2fba4,4374,task_completed,R7,G01314,
20260908_023026_d2fba4,4374,task_assigned,R4,G01326,
20260908_023026_d2fba4,4375,task_created,,G01661,type=PICK pickup=D-05 dropoff=PICK-3
20260908_023026_d2fba4,4375,task_created,,G01662,type=PACK pickup=PICK-3 dropoff=PACK-1
20260908_023026_d2fba4,4375,task_assigned,R7,G01662,
20260908_023026_d2fba4,4376,task_completed,R2,G01652,
20260908_023026_d2fba4,4377,task_completed,R3,G01646,
20260908_023026_d2fba4,4377,task_created,,G01663,type=SHIP pickup=STAGING dropoff=DOCK-2
20260908_023026_d2fba4,4377,task_assigned,R2,G01663,
20260908_023026_d2fba4,4378,task_assigned,R3,G01661,
20260908_023026_d2fba4,4379,task_created,,G01664,type=PUTAWAY pickup=BUFFER dropoff=H-01
20260908_023026_d2fba4,4381,task_completed,R8,G01310,
20260908_023026_d2fba4,4381,task_assigned,R6,G01329,
20260908_023026_d2fba4,4382,task_assigned,R8,G01332,
20260908_023026_d2fba4,4382,task_completed,R10,G01653,
20260908_023026_d2fba4,4382,task_completed,R2,G01663,
20260908_023026_d2fba4,4383,task_assigned,R10,G01335,
20260908_023026_d2fba4,4383,task_assigned,R2,G01337,
20260908_023026_d2fba4,4385,task_created,,G01665,type=PICK pickup=C-08 dropoff=PICK-2
20260908_023026_d2fba4,4387,task_created,,G01666,type=PUTAWAY pickup=RECV dropoff=B-02
20260908_023026_d2fba4,4387,task_created,,G01667,type=PACK pickup=PICK-3 dropoff=PACK-1
20260908_023026_d2fba4,4389,task_completed,R11,G01655,
20260908_023026_d2fba4,4390,task_assigned,R11,G01667,
20260908_023026_d2fba4,4391,task_completed,R3,G01661,
20260908_023026_d2fba4,4391,task_created,,G01668,type=SHIP pickup=STAGING dropoff=DOCK-1
20260908_023026_d2fba4,4392,task_assigned,R3,G01668,
20260908_023026_d2fba4,4395,task_created,,G01669,type=PUTAWAY pickup=RECV dropoff=B-08
20260908_023026_d2fba4,4395,task_created,,G01670,type=PICK pickup=A-02 dropoff=PICK-1
20260908_023026_d2fba4,4396,task_assigned,R1,G01665,
20260908_023026_d2fba4,4399,task_completed,R5,G01657,
20260908_023026_d2fba4,4399,task_created,,G01671,type=PACK pickup=PICK-2 dropoff=PACK-2
20260908_023026_d2fba4,4400,task_completed,R7,G01662,
20260908_023026_d2fba4,4400,task_assigned,R5,G01671,
20260908_023026_d2fba4,4401,task_assigned,R7,G01670,
20260908_023026_d2fba4,4403,task_created,,G01672,type=PUTAWAY pickup=RECV dropoff=A-06
20260908_023026_d2fba4,4405,task_created,,G01673,type=PICK pickup=C-01 dropoff=PICK-1
20260908_023026_d2fba4,4405,task_created,,G01674,type=SHIP pickup=STAGING dropoff=DOCK-2
20260908_023026_d2fba4,4407,task_completed,R13,G01317,
20260908_023026_d2fba4,4408,task_assigned,R13,G01674,
20260908_023026_d2fba4,4410,task_completed,R3,G01668,
20260908_023026_d2fba4,4411,task_completed,R4,G01326,
20260908_023026_d2fba4,4411,task_created,,G01675,type=PUTAWAY pickup=BUFFER dropoff=D-06
20260908_023026_d2fba4,4411,task_created,,G01676,type=PACK pickup=PICK-3 dropoff=PACK-1
20260908_023026_d2fba4,4411,task_assigned,R3,G01676,
20260908_023026_d2fba4,4412,task_assigned,R4,G01673,
20260908_023026_d2fba4,4415,task_completed,R11,G01667,
20260908_023026_d2fba4,4415,task_created,,G01677,type=PICK pickup=F-03 dropoff=PICK-1
20260908_023026_d2fba4,4416,task_assigned,R11,G01677,
20260908_023026_d2fba4,4417,task_completed,R5,G01671,
20260908_023026_d2fba4,4418,task_assigned,R5,G01341,
20260908_023026_d2fba4,4419,task_created,,G01678,type=PUTAWAY pickup=RECV dropoff=E-05
20260908_023026_d2fba4,4419,task_created,,G01679,type=SHIP pickup=STAGING dropoff=DOCK-1
20260908_023026_d2fba4,4423,task_created,,G01680,type=PACK pickup=PICK-2 dropoff=PACK-1
20260908_023026_d2fba4,4424,task_completed,R9,G01323,
20260908_023026_d2fba4,4425,task_assigned,R9,G01679,
20260908_023026_d2fba4,4425,task_created,,G01681,type=PICK pickup=B-03 dropoff=PICK-2
20260908_023026_d2fba4,4426,task_completed,R10,G01335,
20260908_023026_d2fba4,4427,task_assigned,R10,G01680,
20260908_023026_d2fba4,4427,task_created,,G01682,type=PUTAWAY pickup=RECV dropoff=B-06
20260908_023026_d2fba4,4429,task_completed,R7,G01670,
20260908_023026_d2fba4,4430,task_assigned,R7,G01681,
20260908_023026_d2fba4,4432,task_interrupted,R11,G01677,
20260908_023026_d2fba4,4433,task_created,,G01683,type=SHIP pickup=STAGING dropoff=DOCK-1
20260908_023026_d2fba4,4435,task_completed,R6,G01329,
20260908_023026_d2fba4,4435,task_created,,G01684,type=PUTAWAY pickup=BUFFER dropoff=C-06
20260908_023026_d2fba4,4435,task_created,,G01685,type=PICK pickup=F-07 dropoff=PICK-2
20260908_023026_d2fba4,4435,task_created,,G01686,type=PACK pickup=PICK-1 dropoff=PACK-2
20260908_023026_d2fba4,4436,task_completed,R8,G01332,
20260908_023026_d2fba4,4436,task_completed,R13,G01674,
20260908_023026_d2fba4,4436,task_assigned,R6,G01683,
20260908_023026_d2fba4,4437,task_assigned,R8,G01677,
20260908_023026_d2fba4,4437,task_assigned,R13,G01686,
20260908_023026_d2fba4,4439,task_completed,R2,G01337,
20260908_023026_d2fba4,4440,task_assigned,R2,G01685,
20260908_023026_d2fba4,4441,task_completed,R3,G01676,
20260908_023026_d2fba4,4442,task_assigned,R3,G01345,
20260908_023026_d2fba4,4442,task_completed,R12,G01659,
20260908_023026_d2fba4,4443,task_assigned,R12,G01347,
20260908_023026_d2fba4,4443,task_created,,G01687,type=PUTAWAY pickup=BUFFER dropoff=D-02
20260908_023026_d2fba4,4445,task_completed,R10,G01680,
20260908_023026_d2fba4,4445,task_created,,G01688,type=PICK pickup=F-02 dropoff=PICK-3
20260908_023026_d2fba4,4446,task_completed,R9,G01679,
20260908_023026_d2fba4,4446,task_assigned,R10,G01688,
20260908_023026_d2fba4,4447,task_created,,G01689,type=PACK pickup=PICK-1 dropoff=PACK-2
20260908_023026_d2fba4,4447,task_created,,G01690,type=SHIP pickup=STAGING dropoff=DOCK-2
20260908_023026_d2fba4,4447,task_assigned,R9,G01690,
20260908_023026_d2fba4,4451,task_interrupted,R7,G01681,
20260908_023026_d2fba4,4451,task_created,,G01691,type=PUTAWAY pickup=BUFFER dropoff=H-05
20260908_023026_d2fba4,4452,task_completed,R9,G01690,
20260908_023026_d2fba4,4453,task_assigned,R9,G01689,
20260908_023026_d2fba4,4455,task_created,,G01692,type=PICK pickup=A-04 dropoff=PICK-2
20260908_023026_d2fba4,4459,task_created,,G01693,type=PUTAWAY pickup=RECV dropoff=B-01
20260908_023026_d2fba4,4459,task_created,,G01694,type=PACK pickup=PICK-1 dropoff=PACK-1
20260908_023026_d2fba4,4460,task_completed,R5,G01341,
20260908_023026_d2fba4,4460,task_completed,R1,G01665,
20260908_023026_d2fba4,4461,task_assigned,R5,G01694,
20260908_023026_d2fba4,4461,task_created,,G01695,type=SHIP pickup=STAGING dropoff=DOCK-2
20260908_023026_d2fba4,4461,task_assigned,R1,G01695,
20260908_023026_d2fba4,4462,task_completed,R4,G01673,
20260908_023026_d2fba4,4462,task_completed,R6,G01683,
20260908_023026_d2fba4,4463,task_assigned,R6,G01681,
20260908_023026_d2fba4,4463,task_assigned,R4,G01692,
20260908_023026_d2fba4,4464,task_interrupted,R2,G01685,
20260908_023026_d2fba4,4465,task_created,,G01696,type=PICK pickup=B-07 dropoff=PICK-3
20260908_023026_d2fba4,4467,task_created,,G01697,type=PUTAWAY pickup=BUFFER dropoff=H-03
20260908_023026_d2fba4,4468,task_completed,R13,G01686,
20260908_023026_d2fba4,4469,task_assigned,R13,G01685,
20260908_023026_d2fba4,4469,task_completed,R1,G01695,
20260908_023026_d2fba4,4470,task_assigned,R1,G01696,
20260908_023026_d2fba4,4471,task_created,,G01698,type=PACK pickup=PICK-1 dropoff=PACK-1
20260908_023026_d2fba4,4471,task_assigned,R11,G01698,
20260908_023026_d2fba4,4475,task_created,,G01699,type=PUTAWAY pickup=RECV dropoff=E-04
20260908_023026_d2fba4,4475,task_created,,G01700,type=PICK pickup=C-05 dropoff=PICK-2
20260908_023026_d2fba4,4475,task_created,,G01701,type=SHIP pickup=STAGING dropoff=DOCK-1
20260908_023026_d2fba4,4476,task_completed,R6,G01681,
20260908_023026_d2fba4,4477,task_assigned,R6,G01701,
20260908_023026_d2fba4,4478,task_assigned,R7,G01700,
20260908_023026_d2fba4,4480,task_completed,R8,G01677,
20260908_023026_d2fba4,4481,task_assigned,R8,G01350,
20260908_023026_d2fba4,4481,task_interrupted,R9,G01689,
20260908_023026_d2fba4,4482,task_completed,R3,G01345,
20260908_023026_d2fba4,4483,task_assigned,R3,G01689,
20260908_023026_d2fba4,4483,task_created,,G01702,type=PUTAWAY pickup=BUFFER dropoff=F-01
20260908_023026_d2fba4,4483,task_created,,G01703,type=PACK pickup=PICK-1 dropoff=PACK-1
20260908_023026_d2fba4,4485,task_created,,G01704,type=PICK pickup=E-07 dropoff=PICK-1
20260908_023026_d2fba4,4487,task_completed,R6,G01701,
20260908_023026_d2fba4,4488,task_assigned,R6,G01703,
20260908_023026_d2fba4,4489,task_created,,G01705,type=SHIP pickup=STAGING dropoff=DOCK-2
20260908_023026_d2fba4,4491,task_created,,G01706,type=PUTAWAY pickup=BUFFER dropoff=F-06
20260908_023026_d2fba4,4492,task_completed,R12,G01347,
20260908_023026_d2fba4,4493,task_interrupted,R8,G01350,
20260908_023026_d2fba4,4493,task_completed,R13,G01685,
20260908_023026_d2fba4,4493,task_assigned,R12,G01705,
20260908_023026_d2fba4,4494,task_assigned,R13,G01704,
20260908_023026_d2fba4,4495,task_completed,R11,G01698,
20260908_023026_d2fba4,4495,task_created,,G01707,type=PICK pickup=C-02 dropoff=PICK-2
20260908_023026_d2fba4,4495,task_created,,G01708,type=PACK pickup=PICK-3 dropoff=PACK-1
20260908_023026_d2fba4,4496,task_assigned,R11,G01708,
20260908_023026_d2fba4,4497,task_completed,R5,G01694,
20260908_023026_d2fba4,4498,task_assigned,R5,G01350,
20260908_023026_d2fba4,4498,task_assigned,R2,G01707,
20260908_023026_d2fba4,4499,task_completed,R1,G01696,
20260908_023026_d2fba4,4499,task_created,,G01709,type=PUTAWAY pickup=BUFFER dropoff=G-02
20260908_023026_d2fba4,4500,task_assigned,R1,G01353,
20260908_023026_d2fba4,4503,task_completed,R3,G01689,
20260908_023026_d2fba4,4503,task_created,,G01710,type=SHIP pickup=STAGING dropoff=DOCK-2
20260908_023026_d2fba4,4504,task_assigned,R3,G01710,
20260908_023026_d2fba4,4505,task_created,,G01711,type=PICK pickup=C-05 dropoff=PICK-3
20260908_023026_d2fba4,4506,task_completed,R10,G01688,
20260908_023026_d2fba4,4507,task_created,,G01712,type=PUTAWAY pickup=RECV dropoff=D-06
20260908_023026_d2fba4,4507,task_created,,G01713,type=PACK pickup=PICK-1 dropoff=PACK-1
20260908_023026_d2fba4,4507,task_assigned,R10,G01713,
20260908_023026_d2fba4,4510,task_completed,R4,G01692,
20260908_023026_d2fba4,4510,task_completed,R6,G01703,
20260908_023026_d2fba4,4511,task_assigned,R4,G01356,
20260908_023026_d2fba4,4511,task_completed,R7,G01700,
20260908_023026_d2fba4,4511,task_completed,R12,G01705,
20260908_023026_d2fba4,4511,task_assigned,R6,G01711,
20260908_023026_d2fba4,4512,task_assigned,R7,G01359,
20260908_023026_d2fba4,4512,task_assigned,R12,G01363,
20260908_023026_d2fba4,4512,task_completed,R3,G01710,
20260908_023026_d2fba4,4513,task_assigned,R3,G01365,
20260908_023026_d2fba4,4513,task_completed,R13,G01704,
20260908_023026_d2fba4,4514,task_assigned,R9,G01368,
20260908_023026_d2fba4,4514,task_assigned,R13,G01372,
20260908_023026_d2fba4,4515,task_created,,G01714,type=PUTAWAY pickup=BUFFER dropoff=C-01
20260908_023026_d2fba4,4515,task_created,,G01715,type=PICK pickup=A-03 dropoff=PICK-1
20260908_023026_d2fba4,4517,task_created,,G01716,type=SHIP pickup=STAGING dropoff=DOCK-1
20260908_023026_d2fba4,4519,task_created,,G01717,type=PACK pickup=PICK-2 dropoff=PACK-2
20260908_023026_d2fba4,4523,task_created,,G01718,type=PUTAWAY pickup=RECV dropoff=G-08
20260908_023026_d2fba4,4524,task_completed,R11,G01708,
20260908_023026_d2fba4,4524,task_assigned,R8,G01716,
20260908_023026_d2fba4,4525,task_interrupted,R12,G01363,
20260908_023026_d2fba4,4525,task_assigned,R11,G01717,
20260908_023026_d2fba4,4525,task_created,,G01719,type=PICK pickup=F-07 dropoff=PICK-3
20260908_023026_d2fba4,4528,task_interrupted,R5,G01350,
20260908_023026_d2fba4,4531,task_created,,G01720,type=PUTAWAY pickup=RECV dropoff=H-06
20260908_023026_d2fba4,4531,task_created,,G01721,type=PACK pickup=PICK-1 dropoff=PACK-1
20260908_023026_d2fba4,4531,task_created,,G01722,type=SHIP pickup=STAGING dropoff=DOCK-2
20260908_023026_d2fba4,4534,task_completed,R4,G01356,
20260908_023026_d2fba4,4535,task_assigned,R4,G01722,
20260908_023026_d2fba4,4535,task_created,,G01723,type=PICK pickup=C-08 dropoff=PICK-1
20260908_023026_d2fba4,4536,task_completed,R10,G01713,
20260908_023026_d2fba4,4537,task_completed,R11,G01717,
20260908_023026_d2fba4,4537,task_assigned,R10,G01721,
20260908_023026_d2fba4,4538,task_assigned,R11,G01715,
20260908_023026_d2fba4,4539,task_created,,G01724,type=PUTAWAY pickup=RECV dropoff=A-01
20260908_023026_d2fba4,4540,task_completed,R13,G01372,
20260908_023026_d2fba4,4540,task_completed,R8,G01716,
20260908_023026_d2fba4,4541,task_assigned,R8,G01719,
20260908_023026_d2fba4,4541,task_assigned,R13,G01723,
20260908_023026_d2fba4,4543,task_completed,R2,G01707,
20260908_023026_d2fba4,4543,task_created,,G01725,type=PACK pickup=PICK-3 dropoff=PACK-1
20260908_023026_d2fba4,4544,task_assigned,R2,G01725,
20260908_023026_d2fba4,4545,task_created,,G01726,type=PICK pickup=C-07 dropoff=PICK-3
20260908_023026_d2fba4,4545,task_created,,G01727,type=SHIP pickup=STAGING dropoff=DOCK-2
20260908_023026_d2fba4,4546,task_interrupted,R10,G01721,
20260908_023026_d2fba4,4547,task_created,,G01728,type=PUTAWAY pickup=RECV dropoff=D-04
20260908_023026_d2fba4,4548,task_completed,R1,G01353,
20260908_023026_d2fba4,4549,task_assigned,R1,G01727,
20260908_023026_d2fba4,4552,task_completed,R6,G01711,
20260908_023026_d2fba4,4552,task_interrupted,R13,G01723,
20260908_023026_d2fba4,4553,task_assigned,R6,G01721,
20260908_023026_d2fba4,4555,task_created,,G01729,type=PUTAWAY pickup=RECV dropoff=A-05
20260908_023026_d2fba4,4555,task_created,,G01730,type=PICK pickup=E-03 dropoff=PICK-1
20260908_023026_d2fba4,4555,task_created,,G01731,type=PACK pickup=PICK-2 dropoff=PACK-1
20260908_023026_d2fba4,4559,task_created,,G01732,type=SHIP pickup=STAGING dropoff=DOCK-1
20260908_023026_d2fba4,4561,task_assigned,R12,G01363,
20260908_023026_d2fba4,4562,task_completed,R4,G01722,
20260908_023026_d2fba4,4563,task_completed,R7,G01359,
20260908_023026_d2fba4,4563,task_completed,R9,G01368,
20260908_023026_d2fba4,4563,task_assigned,R4,G01732,
20260908_023026_d2fba4,4563,task_created,,G01733,type=PUTAWAY pickup=RECV dropoff=G-03
20260908_023026_d2fba4,4564,task_interrupted,R3,G01365,
20260908_023026_d2fba4,4564,task_assigned,R7,G01723,
20260908_023026_d2fba4,4564,task_assigned,R9,G01731,
20260908_023026_d2fba4,4565,task_completed,R2,G01725,
20260908_023026_d2fba4,4565,task_created,,G01734,type=PICK pickup=B-02 dropoff=PICK-1
20260908_023026_d2fba4,4566,task_assigned,R2,G01726,
20260908_023026_d2fba4,4567,task_created,,G01735,type=PACK pickup=PICK-3 dropoff=PACK-2
20260908_023026_d2fba4,4568,task_completed,R4,G01732,
20260908_023026_d2fba4,4568,task_assigned,R10,G01735,
20260908_023026_d2fba4,4569,task_assigned,R5,G01350,
20260908_023026_d2fba4,4570,task_completed,R1,G01727,
20260908_023026_d2fba4,4571,task_completed,R11,G01715,
20260908_023026_d2fba4,4571,task_assigned,R1,G01730,
20260908_023026_d2fba4,4571,task_created,,G01736,type=PUTAWAY pickup=BUFFER dropoff=F-01
20260908_023026_d2fba4,4572,task_assigned,R11,G01734,
20260908_023026_d2fba4,4573,task_created,,G01737,type=SHIP pickup=STAGING dropoff=DOCK-2
20260908_023026_d2fba4,4575,task_created,,G01738,type=PICK pickup=E-03 dropoff=PICK-2
20260908_023026_d2fba4,4579,task_created,,G01739,type=PUTAWAY pickup=BUFFER dropoff=B-04
20260908_023026_d2fba4,4579,task_created,,G01740,type=PACK pickup=PICK-3 dropoff=PACK-1
20260908_023026_d2fba4,4581,task_completed,R8,G01719,
20260908_023026_d2fba4,4582,task_completed,R6,G01721,
20260908_023026_d2fba4,4582,task_assigned,R8,G01737,
20260908_023026_d2fba4,4583,task_assigned,R6,G01740,
20260908_023026_d2fba4,4585,task_created,,G01741,type=PICK pickup=B-05 dropoff=PICK-1
20260908_023026_d2fba4,4586,task_completed,R9,G01731,
20260908_023026_d2fba4,4587,task_completed,R2,G01726,
20260908_023026_d2fba4,4587,task_assigned,R9,G01738,
20260908_023026_d2fba4,4587,task_created,,G01742,type=PUTAWAY pickup=BUFFER dropoff=F-06
20260908_023026_d2fba4,4587,task_created,,G01743,type=SHIP pickup=STAGING dropoff=DOCK-1
20260908_023026_d2fba4,4587,task_assigned,R13,G01743,
20260908_023026_d2fba4,4588,task_assigned,R2,G01741,
20260908_023026_d2fba4,4590,task_completed,R7,G01723,
20260908_023026_d2fba4,4591,task_assigned,R7,G01365,
20260908_023026_d2fba4,4591,task_created,,G01744,type=PACK pickup=PICK-1 dropoff=PACK-1
20260908_023026_d2fba4,4591,task_assigned,R4,G01744,
20260908_023026_d2fba4,4595,task_created,,G01745,type=PUTAWAY pickup=BUFFER dropoff=C-06
20260908_023026_d2fba4,4595,task_created,,G01746,type=PICK pickup=F-06 dropoff=PICK-2
20260908_023026_d2fba4,4599,task_completed,R1,G01730,
20260908_023026_d2fba4,4600,task_completed,R5,G01350,
20260908_023026_d2fba4,4600,task_completed,R8,G01737,
20260908_023026_d2fba4,4600,task_assigned,R1,G01746,
20260908_023026_d2fba4,4601,task_assigned,R8,G01374,
20260908_023026_d2fba4,4601,task_created,,G01747,type=SHIP pickup=STAGING dropoff=DOCK-2
20260908_023026_d2fba4,4601,task_assigned,R5,G01747,
20260908_023026_d2fba4,4602,task_completed,R12,G01363,
20260908_023026_d2fba4,4603,task_created,,G01748,type=PUTAWAY pickup=RECV dropoff=C-03
20260908_023026_d2fba4,4603,task_created,,G01749,type=PACK pickup=PICK-3 dropoff=PACK-1
20260908_023026_d2fba4,4603,task_assigned,R12,G01749,
20260908_023026_d2fba4,4604,task_completed,R10,G01735,
20260908_023026_d2fba4,4604,task_completed,R13,G01743,
20260908_023026_d2fba4,4605,task_assigned,R10,G01378,
20260908_023026_d2fba4,4605,task_created,,G01750,type=PICK pickup=B-07 dropoff=PICK-2
20260908_023026_d2fba4,4605,task_assigned,R13,G01750,
20260908_023026_d2fba4,4606,task_completed,R11,G01734,
20260908_023026_d2fba4,4607,task_assigned,R11,G01380,
20260908_023026_d2fba4,4608,task_assigned,R3,G01383,
20260908_023026_d2fba4,4608,task_interrupted,R6,G01740,
20260908_023026_d2fba4,4611,task_created,,G01751,type=PUTAWAY pickup=BUFFER dropoff=G-02
20260908_023026_d2fba4,4614,task_completed,R4,G01744,
20260908_023026_d2fba4,4615,task_completed,R2,G01741,
20260908_023026_d2fba4,4615,task_created,,G01752,type=PICK pickup=C-01 dropoff=PICK-3
20260908_023026_d2fba4,4615,task_created,,G01753,type=PACK pickup=PICK-3 dropoff=PACK-1
20260908_023026_d2fba4,4615,task_created,,G01754,type=SHIP pickup=STAGING dropoff=DOCK-1
20260908_023026_d2fba4,4615,task_assigned,R4,G01754,
20260908_023026_d2fba4,4616,task_assigned,R2,G01740,
20260908_023026_d2fba4,4619,task_completed,R5,G01747,
20260908_023026_d2fba4,4619,task_created,,G01755,type=PUTAWAY pickup=BUFFER dropoff=A-01
20260908_023026_d2fba4,4620,task_assigned,R5,G01753,
20260908_023026_d2fba4,4621,task_completed,R1,G01746,
20260908_023026_d2fba4,4621,task_completed,R4,G01754,
20260908_023026_d2fba4,4622,task_assigned,R1,G01387,
20260908_023026_d2fba4,4622,task_assigned,R4,G01752,
20260908_023026_d2fba4,4625,task_completed,R9,G01738,
20260908_023026_d2fba4,4625,task_completed,R12,G01749,
20260908_023026_d2fba4,4625,task_created,,G01756,type=PICK pickup=A-05 dropoff=PICK-3
20260908_023026_d2fba4,4626,task_assigned,R9,G01390,
20260908_023026_d2fba4,4626,task_completed,R2,G01740,
20260908_023026_d2fba4,4626,task_assigned,R12,G01756,
20260908_023026_d2fba4,4627,task_created,,G01757,type=PUTAWAY pickup=RECV dropoff=G-07
20260908_023026_d2fba4,4627,task_created,,G01758,type=PACK pickup=PICK-2 dropoff=PACK-2
20260908_023026_d2fba4,4627,task_assigned,R2,G01758,
20260908_023026_d2fba4,4629,task_completed,R7,G01365,
20260908_023026_d2fba4,4629,task_created,,G01759,type=SHIP pickup=STAGING dropoff=DOCK-1
20260908_023026_d2fba4,4630,task_assigned,R7,G01759,
20260908_023026_d2fba4,4634,task_interrupted,R1,G01387,
20260908_023026_d2fba4,4635,task_created,,G01760,type=PUTAWAY pickup=BUFFER dropoff=F-04
20260908_023026_d2fba4,4635,task_created,,G01761,type=PICK pickup=B-06 dropoff=PICK-2
20260908_023026_d2fba4,4638,task_assigned,R6,G01761,
20260908_023026_d2fba4,4639,task_completed,R2,G01758,
20260908_023026_d2fba4,4639,task_created,,G01762,type=PACK pickup=PICK-2 dropoff=PACK-2
20260908_023026_d2fba4,4640,task_assigned,R2,G01762,
20260908_023026_d2fba4,4642,task_completed,R8,G01374,
20260908_023026_d2fba4,4642,task_completed,R13,G01750,
20260908_023026_d2fba4,4643,task_assigned,R8,G01387,
20260908_023026_d2fba4,4643,task_created,,G01763,type=PUTAWAY pickup=RECV dropoff=H-01
20260908_023026_d2fba4,4643,task_created,,G01764,type=SHIP pickup=STAGING dropoff=DOCK-1
20260908_023026_d2fba4,4643,task_assigned,R13,G01764,
20260908_023026_d2fba4,4645,task_created,,G01765,type=PICK pickup=G-08 dropoff=PICK-3
20260908_023026_d2fba4,4646,task_completed,R4,G01752,
20260908_023026_d2fba4,4646,task_completed,R5,G01753,
20260908_023026_d2fba4,4647,task_assigned,R5,G01393,
20260908_023026_d2fba4,4647,task_assigned,R4,G01765,
20260908_023026_d2fba4,4648,task_completed,R10,G01378,
20260908_023026_d2fba4,4649,task_completed,R3,G01383,
20260908_023026_d2fba4,4649,task_assigned,R10,G01395,
20260908_023026_d2fba4,4650,task_assigned,R3,G01399,
20260908_023026_d2fba4,4651,task_created,,G01766,type=PUTAWAY pickup=BUFFER dropoff=A-07
20260908_023026_d2fba4,4651,task_created,,G01767,type=PACK pickup=PICK-1 dropoff=PACK-2
20260908_023026_d2fba4,4653,task_completed,R13,G01764,
20260908_023026_d2fba4,4654,task_assigned,R13,G01767,
20260908_023026_d2fba4,4655,task_created,,G01768,type=PICK pickup=G-05 dropoff=PICK-3
20260908_023026_d2fba4,4656,task_completed,R7,G01759,
20260908_023026_d2fba4,4657,task_created,,G01769,type=SHIP pickup=STAGING dropoff=DOCK-2
20260908_023026_d2fba4,4657,task_assigned,R7,G01769,
20260908_023026_d2fba4,4659,task_created,,G01770,type=PUTAWAY pickup=BUFFER dropoff=E-03
20260908_023026_d2fba4,4662,task_completed,R2,G01762,
20260908_023026_d2fba4,4662,task_completed,R7,G01769,
20260908_023026_d2fba4,4663,task_assigned,R7,G01768,
20260908_023026_d2fba4,4663,task_created,,G01771,type=PACK pickup=PICK-3 dropoff=PACK-1
20260908_023026_d2fba4,4663,task_assigned,R2,G01771,
20260908_023026_d2fba4,4665,task_completed,R6,G01761,
20260908_023026_d2fba4,4665,task_created,,G01772,type=PICK pickup=F-01 dropoff=PICK-3
20260908_023026_d2fba4,4665,task_assigned,R1,G01772,
20260908_023026_d2fba4,4666,task_assigned,R6,G01401,
20260908_023026_d2fba4,4667,task_created,,G01773,type=PUTAWAY pickup=BUFFER dropoff=D-07
20260908_023026_d2fba4,4671,task_completed,R10,G01395,
20260908_023026_d2fba4,4671,task_created,,G01774,type=SHIP pickup=STAGING dropoff=DOCK-2
20260908_023026_d2fba4,4672,task_completed,R8,G01387,
20260908_023026_d2fba4,4672,task_assigned,R10,G01774,
20260908_023026_d2fba4,4673,task_assigned,R8,G01405,
20260908_023026_d2fba4,4674,task_completed,R4,G01765,
20260908_023026_d2fba4,4675,task_created,,G01775,type=PUTAWAY pickup=BUFFER dropoff=G-04
20260908_023026_d2fba4,4675,task_created,,G01776,type=PICK pickup=D-04 dropoff=PICK-3
20260908_023026_d2fba4,4675,task_created,,G01777,type=PACK pickup=PICK-1 dropoff=PACK-1
20260908_023026_d2fba4,4675,task_assigned,R4,G01777,
20260908_023026_d2fba4,4677,task_completed,R12,G01756,
20260908_023026_d2fba4,4678,task_assigned,R12,G01776,
20260908_023026_d2fba4,4680,task_completed,R9,G01390,
20260908_023026_d2fba4,4681,task_assigned,R9,G01409,
20260908_023026_d2fba4,4683,task_created,,G01778,type=PUTAWAY pickup=RECV dropoff=D-06
20260908_023026_d2fba4,4685,task_completed,R13,G01767,
20260908_023026_d2fba4,4685,task_created,,G01779,type=PICK pickup=E-04 dropoff=PICK-3
20260908_023026_d2fba4,4685,task_created,,G01780,type=SHIP pickup=STAGING dropoff=DOCK-2
20260908_023026_d2fba4,4686,task_assigned,R13,G01780,
20260908_023026_d2fba4,4687,task_completed,R11,G01380,
20260908_023026_d2fba4,4687,task_completed,R7,G01768,
20260908_023026_d2fba4,4687,task_completed,R2,G01771,
20260908_023026_d2fba4,4687,task_created,,G01781,type=PACK pickup=PICK-1 dropoff=PACK-2
20260908_023026_d2fba4,4688,task_assigned,R11,G01410,
20260908_023026_d2fba4,4688,task_assigned,R7,G01779,
20260908_023026_d2fba4,4688,task_assigned,R2,G01781,
20260908_023026_d2fba4,4691,task_created,,G01782,type=PUTAWAY pickup=BUFFER dropoff=C-05
20260908_023026_d2fba4,4692,task_completed,R6,G01401,
20260908_023026_d2fba4,4692,task_completed,R8,G01405,
20260908_023026_d2fba4,4693,task_assigned,R6,G01414,
20260908_023026_d2fba4,4693,task_assigned,R8,G01417,
20260908_023026_d2fba4,4693,task_completed,R13,G01780,
20260908_023026_d2fba4,4694,task_assigned,R13,G01420,
20260908_023026_d2fba4,4695,task_completed,R12,G01776,
20260908_023026_d2fba4,4695,task_created,,G01783,type=PICK pickup=F-01 dropoff=PICK-3
20260908_023026_d2fba4,4696,task_completed,R10,G01774,
20260908_023026_d2fba4,4696,task_assigned,R12,G01783,
20260908_023026_d2fba4,4697,task_assigned,R10,G01423,
20260908_023026_d2fba4,4699,task_created,,G01784,type=PUTAWAY pickup=BUFFER dropoff=A-06
20260908_023026_d2fba4,4699,task_created,,G01785,type=PACK pickup=PICK-2 dropoff=PACK-1
20260908_023026_d2fba4,4699,task_created,,G01786,type=SHIP pickup=STAGING dropoff=DOCK-1
20260908_023026_d2fba4,4700,task_completed,R5,G01393,
20260908_023026_d2fba4,4701,task_interrupted,R11,G01410,
20260908_023026_d2fba4,4701,task_assigned,R5,G01786,
20260908_023026_d2fba4,4705,task_created,,G01787,type=PICK pickup=H-08 dropoff=PICK-2
20260908_023026_d2fba4,4706,task_completed,R4,G01777,
20260908_023026_d2fba4,4707,task_completed,R1,G01772,
20260908_023026_d2fba4,4707,task_assigned,R4,G01785,
20260908_023026_d2fba4,4707,task_created,,G01788,type=PUTAWAY pickup=BUFFER dropoff=G-06
20260908_023026_d2fba4,4708,task_assigned,R1,G01787,
20260908_023026_d2fba4,4711,task_created,,G01789,type=PACK pickup=PICK-2 dropoff=PACK-2
20260908_023026_d2fba4,4713,task_interrupted,R7,G01779,
20260908_023026_d2fba4,4713,task_completed,R2,G01781,
20260908_023026_d2fba4,4713,task_created,,G01790,type=SHIP pickup=STAGING dropoff=DOCK-2
20260908_023026_d2fba4,4715,task_created,,G01791,type=PUTAWAY pickup=BUFFER dropoff=D-01
20260908_023026_d2fba4,4715,task_created,,G01792,type=PICK pickup=F-08 dropoff=PICK-2
20260908_023026_d2fba4,4719,task_completed,R4,G01785,
20260908_023026_d2fba4,4720,task_assigned,R4,G01790,
20260908_023026_d2fba4,4723,task_created,,G01793,type=PUTAWAY pickup=RECV dropoff=D-03
20260908_023026_d2fba4,4723,task_created,,G01794,type=PACK pickup=PICK-1 dropoff=PACK-1
20260908_023026_d2fba4,4724,task_completed,R5,G01786,
20260908_023026_d2fba4,4725,task_assigned,R5,G01789,
20260908_023026_d2fba4,4725,task_created,,G01795,type=PICK pickup=E-05 dropoff=PICK-1
20260908_023026_d2fba4,4726,task_completed,R4,G01790,
20260908_023026_d2fba4,4727,task_created,,G01796,type=SHIP pickup=STAGING dropoff=DOCK-2
20260908_023026_d2fba4,4727,task_assigned,R4,G01796,
20260908_023026_d2fba4,4728,task_completed,R6,G01414,
20260908_023026_d2fba4,4729,task_assigned,R6,G01794,
20260908_023026_d2fba4,4731,task_created,,G01797,type=PUTAWAY pickup=RECV dropoff=C-01
20260908_023026_d2fba4,4732,task_completed,R4,G01796,
20260908_023026_d2fba4,4733,task_assigned,R4,G01779,
20260908_023026_d2fba4,4735,task_completed,R1,G01787,
20260908_023026_d2fba4,4735,task_created,,G01798,type=PICK pickup=D-03 dropoff=PICK-3
20260908_023026_d2fba4,4735,task_created,,G01799,type=PACK pickup=PICK-3 dropoff=PACK-1
20260908_023026_d2fba4,4736,task_assigned,R1,G01799,
20260908_023026_d2fba4,4737,task_completed,R12,G01783,
20260908_023026_d2fba4,4738,task_assigned,R12,G01792,
20260908_023026_d2fba4,4739,task_created,,G01800,type=PUTAWAY pickup=RECV dropoff=H-06
20260908_023026_d2fba4,4740,task_completed,R5,G01789,
20260908_023026_d2fba4,4740,task_assigned,R7,G01795,
20260908_023026_d2fba4,4741,task_created,,G01801,type=SHIP pickup=STAGING dropoff=DOCK-1
20260908_023026_d2fba4,4741,task_assigned,R5,G01801,
20260908_023026_d2fba4,4742,task_assigned,R2,G01798,
20260908_023026_d2fba4,4743,task_interrupted,R9,G01409,
20260908_023026_d2fba4,4743,task_assigned,R11,G01410,
20260908_023026_d2fba4,4745,task_interrupted,R8,G01417,
20260908_023026_d2fba4,4745,task_created,,G01802,type=PICK pickup=F-01 dropoff=PICK-3
20260908_023026_d2fba4,4747,task_created,,G01803,type=PUTAWAY pickup=RECV dropoff=D-01
20260908_023026_d2fba4,4747,task_created,,G01804,type=PACK pickup=PICK-2 dropoff=PACK-1
20260908_023026_d2fba4,4748,task_completed,R3,G01399,
20260908_023026_d2fba4,4748,task_completed,R5,G01801,
20260908_023026_d2fba4,4749,task_assigned,R5,G01802,
20260908_023026_d2fba4,4749,task_assigned,R3,G01804,
20260908_023026_d2fba4,4750,task_completed,R13,G01420,
20260908_023026_d2fba4,4751,task_assigned,R13,G01409,
20260908_023026_d2fba4,4755,task_created,,G01805,type=PUTAWAY pickup=RECV dropoff=E-04
20260908_023026_d2fba4,4755,task_created,,G01806,type=PICK pickup=A-08 dropoff=PICK-2
20260908_023026_d2fba4,4755,task_created,,G01807,type=SHIP pickup=STAGING dropoff=DOCK-1
20260908_023026_d2fba4,4759,task_created,,G01808,type=PACK pickup=PICK-2 dropoff=PACK-2
20260908_023026_d2fba4,4760,task_completed,R12,G01792,
20260908_023026_d2fba4,4761,task_assigned,R12,G01807,
20260908_023026_d2fba4,4763,task_completed,R10,G01423,
20260908_023026_d2fba4,4763,task_created,,G01809,type=PUTAWAY pickup=BUFFER dropoff=C-08
20260908_023026_d2fba4,4764,task_assigned,R10,G01808,
20260908_023026_d2fba4,4765,task_completed,R7,G01795,
20260908_023026_d2fba4,4765,task_completed,R1,G01799,
20260908_023026_d2fba4,4765,task_created,,G01810,type=PICK pickup=G-07 dropoff=PICK-1
20260908_023026_d2fba4,4766,task_completed,R4,G01779,
20260908_023026_d2fba4,4766,task_assigned,R7,G01806,
20260908_023026_d2fba4,4766,task_assigned,R1,G01810,
20260908_023026_d2fba4,4767,task_completed,R13,G01409,
20260908_023026_d2fba4,4767,task_assigned,R4,G01417,
20260908_023026_d2fba4,4768,task_assigned,R13,G01426,
20260908_023026_d2fba4,4769,task_created,,G01811,type=SHIP pickup=STAGING dropoff=DOCK-2
20260908_023026_d2fba4,4771,task_completed,R12,G01807,
20260908_023026_d2fba4,4771,task_created,,G01812,type=PUTAWAY pickup=BUFFER dropoff=D-08
20260908_023026_d2fba4,4771,task_created,,G01813,type=PACK pickup=PICK-1 dropoff=PACK-1
20260908_023026_d2fba4,4772,task_completed,R6,G01794,
20260908_023026_d2fba4,4772,task_assigned,R12,G01811,
20260908_023026_d2fba4,4773,task_assigned,R6,G01813,
20260908_023026_d2fba4,4774,task_completed,R3,G01804,
20260908_023026_d2fba4,4775,task_completed,R4,G01417,
20260908_023026_d2fba4,4775,task_created,,G01814,type=PICK pickup=F-01 dropoff=PICK-1
20260908_023026_d2fba4,4775,task_assigned,R3,G01814,
20260908_023026_d2fba4,4776,task_assigned,R4,G01429,
20260908_023026_d2fba4,4776,task_interrupted,R12,G01811,
20260908_023026_d2fba4,4778,task_completed,R10,G01808,
20260908_023026_d2fba4,4779,task_assigned,R10,G01811,
20260908_023026_d2fba4,4779,task_created,,G01815,type=PUTAWAY pickup=RECV dropoff=E-02
20260908_023026_d2fba4,4782,task_completed,R10,G01811,
20260908_023026_d2fba4,4783,task_completed,R7,G01806,
20260908_023026_d2fba4,4783,task_created,,G01816,type=PACK pickup=PICK-1 dropoff=PACK-1
20260908_023026_d2fba4,4783,task_created,,G01817,type=SHIP pickup=STAGING dropoff=DOCK-2
20260908_023026_d2fba4,4783,task_assigned,R10,G01817,
20260908_023026_d2fba4,4784,task_completed,R11,G01410,
20260908_023026_d2fba4,4784,task_assigned,R7,G01816,
20260908_023026_d2fba4,4785,task_created,,G01818,type=PICK pickup=H-06 dropoff=PICK-3
20260908_023026_d2fba4,4785,task_assigned,R11,G01818,
20260908_023026_d2fba4,4786,task_assigned,R8,G01432,
20260908_023026_d2fba4,4786,task_assigned,R9,G01436,
20260908_023026_d2fba4,4787,task_created,,G01819,type=PUTAWAY pickup=BUFFER dropoff=E-02
20260908_023026_d2fba4,4788,task_completed,R2,G01798,
20260908_023026_d2fba4,4788,task_interrupted,R5,G01802,
20260908_023026_d2fba4,4788,task_completed,R10,G01817,
20260908_023026_d2fba4,4789,task_assigned,R10,G01438,
20260908_023026_d2fba4,4789,task_assigned,R2,G01802,
20260908_023026_d2fba4,4791,task_completed,R2,G01802,
20260908_023026_d2fba4,4792,task_assigned,R2,G01441,
20260908_023026_d2fba4,4794,task_completed,R6,G01813,
20260908_023026_d2fba4,4795,task_created,,G01820,type=PUTAWAY pickup=RECV dropoff=D-07
20260908_023026_d2fba4,4795,task_created,,G01821,type=PICK pickup=H-03 dropoff=PICK-1
20260908_023026_d2fba4,4795,task_created,,G01822,type=PACK pickup=PICK-2 dropoff=PACK-2
20260908_023026_d2fba4,4795,task_assigned,R6,G01822,
20260908_023026_d2fba4,4797,task_completed,R3,G01814,
20260908_023026_d2fba4,4797,task_created,,G01823,type=SHIP pickup=STAGING dropoff=DOCK-2
20260908_023026_d2fba4,4798,task_assigned,R3,G01823,
20260908_023026_d2fba4,4799,task_completed,R1,G01810,
20260908_023026_d2fba4,4800,task_assigned,R1,G01821,
20260908_023026_d2fba4,4801,task_completed,R4,G01429,
20260908_023026_d2fba4,4802,task_assigned,R12,G01444,
20260908_023026_d2fba4,4802,task_assigned,R4,G01447,
20260908_023026_d2fba4,4803,task_created,,G01824,type=PUTAWAY pickup=RECV dropoff=G-05
20260908_023026_d2fba4,4805,task_completed,R7,G01816,
20260908_023026_d2fba4,4805,task_created,,G01825,type=PICK pickup=G-08 dropoff=PICK-2
20260908_023026_d2fba4,4806,task_assigned,R7,G01825,
20260908_023026_d2fba4,4807,task_completed,R6,G01822,
20260908_023026_d2fba4,4807,task_created,,G01826,type=PACK pickup=PICK-2 dropoff=PACK-2
20260908_023026_d2fba4,4808,task_assigned,R6,G01826,
20260908_023026_d2fba4,4809,task_interrupted,R4,G01447,
20260908_023026_d2fba4,4810,task_interrupted,R10,G01438,
20260908_023026_d2fba4,4811,task_created,,G01827,type=PUTAWAY pickup=BUFFER dropoff=D-01
20260908_023026_d2fba4,4811,task_created,,G01828,type=SHIP pickup=STAGING dropoff=DOCK-2
20260908_023026_d2fba4,4812,task_completed,R13,G01426,
20260908_023026_d2fba4,4813,task_assigned,R13,G01828,
20260908_023026_d2fba4,4815,task_created,,G01829,type=PICK pickup=F-03 dropoff=PICK-3
20260908_023026_d2fba4,4816,task_completed,R8,G01432,
20260908_023026_d2fba4,4816,task_completed,R3,G01823,
20260908_023026_d2fba4,4817,task_assigned,R3,G01438,
20260908_023026_d2fba4,4817,task_interrupted,R13,G01828,
20260908_023026_d2fba4,4817,task_assigned,R8,G01829,
20260908_023026_d2fba4,4819,task_created,,G01830,type=PUTAWAY pickup=RECV dropoff=A-03
20260908_023026_d2fba4,4819,task_created,,G01831,type=PACK pickup=PICK-1 dropoff=PACK-2
20260908_023026_d2fba4,4822,task_completed,R2,G01441,
20260908_023026_d2fba4,4822,task_completed,R6,G01826,
20260908_023026_d2fba4,4823,task_assigned,R2,G01828,
20260908_023026_d2fba4,4823,task_assigned,R6,G01831,
20260908_023026_d2fba4,4825,task_created,,G01832,type=PICK pickup=B-04 dropoff=PICK-2
20260908_023026_d2fba4,4825,task_created,,G01833,type=SHIP pickup=STAGING dropoff=DOCK-1
20260908_023026_d2fba4,4827,task_created,,G01834,type=PUTAWAY pickup=BUFFER dropoff=F-05
20260908_023026_d2fba4,4828,task_assigned,R5,G01833,
20260908_023026_d2fba4,4829,task_completed,R7,G01825,
20260908_023026_d2fba4,4830,task_assigned,R7,G01832,
20260908_023026_d2fba4,4831,task_created,,G01835,type=PACK pickup=PICK-2 dropoff=PACK-2
20260908_023026_d2fba4,4832,task_completed,R9,G01436,
20260908_023026_d2fba4,4833,task_assigned,R9,G01835,
20260908_023026_d2fba4,4834,task_completed,R11,G01818,
20260908_023026_d2fba4,4835,task_created,,G01836,type=PUTAWAY pickup=BUFFER dropoff=A-04
20260908_023026_d2fba4,4835,task_created,,G01837,type=PICK pickup=G-03 dropoff=PICK-2
20260908_023026_d2fba4,4835,task_assigned,R11,G01837,
20260908_023026_d2fba4,4839,task_completed,R12,G01444,
20260908_023026_d2fba4,4839,task_completed,R7,G01832,
20260908_023026_d2fba4,4839,task_created,,G01838,type=SHIP pickup=STAGING dropoff=DOCK-2
20260908_023026_d2fba4,4839,task_assigned,R13,G01838,
20260908_023026_d2fba4,4840,task_interrupted,R3,G01438,
20260908_023026_d2fba4,4840,task_assigned,R10,G01447,
20260908_023026_d2fba4,4840,task_assigned,R12,G01451,
20260908_023026_d2fba4,4840,task_assigned,R7,G01454,
20260908_023026_d2fba4,4843,task_completed,R5,G01833,
20260908_023026_d2fba4,4843,task_created,,G01839,type=PUTAWAY pickup=RECV dropoff=E-08
20260908_023026_d2fba4,4843,task_created,,G01840,type=PACK pickup=PICK-3 dropoff=PACK-2
20260908_023026_d2fba4,4844,task_completed,R8,G01829,
20260908_023026_d2fba4,4844,task_assigned,R5,G01840,
20260908_023026_d2fba4,4845,task_created,,G01841,type=PICK pickup=H-06 dropoff=PICK-1
20260908_023026_d2fba4,4845,task_assigned,R8,G01841,
20260908_023026_d2fba4,4846,task_assigned,R4,G01438,
20260908_023026_d2fba4,4851,task_completed,R2,G01828,
20260908_023026_d2fba4,4851,task_created,,G01842,type=PUTAWAY pickup=RECV dropoff=A-05
20260908_023026_d2fba4,4852,task_assigned,R2,G01456,
20260908_023026_d2fba4,4852,task_completed,R6,G01831,
20260908_023026_d2fba4,4853,task_created,,G01843,type=SHIP pickup=STAGING dropoff=DOCK-1
20260908_023026_d2fba4,4853,task_assigned,R6,G01843,
20260908_023026_d2fba4,4854,task_completed,R1,G01821,
20260908_023026_d2fba4,4854,task_completed,R9,G01835,
20260908_023026_d2fba4,4855,task_created,,G01844,type=PICK pickup=H-02 dropoff=PICK-2
20260908_023026_d2fba4,4855,task_assigned,R1,G01844,
20260908_023026_d2fba4,4855,task_created,,G01845,type=PACK pickup=PICK-3 dropoff=PACK-2
20260908_023026_d2fba4,4855,task_assigned,R9,G01845,
20260908_023026_d2fba4,4856,task_interrupted,R6,G01843,
20260908_023026_d2fba4,4857,task_completed,R11,G01837,
20260908_023026_d2fba4,4858,task_assigned,R11,G01843,
20260908_023026_d2fba4,4859,task_created,,G01846,type=PUTAWAY pickup=BUFFER dropoff=C-08
20260908_023026_d2fba4,4862,task_completed,R13,G01838,
20260908_023026_d2fba4,4863,task_assigned,R13,G01459,
20260908_023026_d2fba4,4865,task_created,,G01847,type=PICK pickup=G-04 dropoff=PICK-1
20260908_023026_d2fba4,4866,task_completed,R11,G01843,
20260908_023026_d2fba4,4867,task_created,,G01848,type=PUTAWAY pickup=RECV dropoff=C-07
20260908_023026_d2fba4,4867,task_created,,G01849,type=PACK pickup=PICK-3 dropoff=PACK-2
20260908_023026_d2fba4,4867,task_created,,G01850,type=SHIP pickup=STAGING dropoff=DOCK-1
20260908_023026_d2fba4,4867,task_assigned,R11,G01850,
20260908_023026_d2fba4,4869,task_completed,R7,G01454,
20260908_023026_d2fba4,4870,task_assigned,R7,G01849,
20260908_023026_d2fba4,4871,task_completed,R10,G01447,
20260908_023026_d2fba4,4871,task_completed,R5,G01840,
20260908_023026_d2fba4,4872,task_assigned,R5,G01463,
20260908_023026_d2fba4,4872,task_completed,R8,G01841,
20260908_023026_d2fba4,4872,task_completed,R9,G01845,
20260908_023026_d2fba4,4872,task_assigned,R10,G01847,
20260908_023026_d2fba4,4872,task_completed,R11,G01850,
20260908_023026_d2fba4,4873,task_assigned,R3,G01465,
20260908_023026_d2fba4,4873,task_assigned,R9,G01469,
20260908_023026_d2fba4,4873,task_assigned,R8,G01472,
20260908_023026_d2fba4,4873,task_assigned,R11,G01474,
20260908_023026_d2fba4,4875,task_created,,G01851,type=PUTAWAY pickup=RECV dropoff=D-05
20260908_023026_d2fba4,4875,task_created,,G01852,type=PICK pickup=H-03 dropoff=PICK-1
20260908_023026_d2fba4,4879,task_created,,G01853,type=PACK pickup=PICK-3 dropoff=PACK-1
20260908_023026_d2fba4,4880,task_assigned,R6,G01853,
20260908_023026_d2fba4,4881,task_created,,G01854,type=SHIP pickup=STAGING dropoff=DOCK-2
20260908_023026_d2fba4,4883,task_completed,R4,G01438,
20260908_023026_d2fba4,4883,task_interrupted,R1,G01844,
20260908_023026_d2fba4,4883,task_created,,G01855,type=PUTAWAY pickup=BUFFER dropoff=B-07
20260908_023026_d2fba4,4884,task_assigned,R4,G01854,
20260908_023026_d2fba4,4885,task_created,,G01856,type=PICK pickup=C-07 dropoff=PICK-2
20260908_023026_d2fba4,4887,task_completed,R12,G01451,
20260908_023026_d2fba4,4888,task_assigned,R12,G01844,
20260908_023026_d2fba4,4891,task_created,,G01857,type=PUTAWAY pickup=RECV dropoff=E-08
20260908_023026_d2fba4,4891,task_created,,G01858,type=PACK pickup=PICK-1 dropoff=PACK-1
20260908_023026_d2fba4,4893,task_completed,R5,G01463,
20260908_023026_d2fba4,4894,task_assigned,R5,G01858,
20260908_023026_d2fba4,4895,task_completed,R7,G01849,
20260908_023026_d2fba4,4895,task_created,,G01859,type=PICK pickup=H-02 dropoff=PICK-3
20260908_023026_d2fba4,4895,task_created,,G01860,type=SHIP pickup=STAGING dropoff=DOCK-1
20260908_023026_d2fba4,4896,task_assigned,R7,G01860,
20260908_023026_d2fba4,4899,task_created,,G01861,type=PUTAWAY pickup=BUFFER dropoff=A-08
20260908_023026_d2fba4,4902,task_completed,R11,G01474,
20260908_023026_d2fba4,4902,task_completed,R4,G01854,
20260908_023026_d2fba4,4903,task_assigned,R11,G01852,
20260908_023026_d2fba4,4903,task_completed,R7,G01860,
20260908_023026_d2fba4,4903,task_created,,G01862,type=PACK pickup=PICK-2 dropoff=PACK-2
20260908_023026_d2fba4,4903,task_assigned,R4,G01862,
20260908_023026_d2fba4,4904,task_completed,R10,G01847,
20260908_023026_d2fba4,4904,task_assigned,R7,G01856,
20260908_023026_d2fba4,4905,task_assigned,R10,G01859,
20260908_023026_d2fba4,4905,task_created,,G01863,type=PICK pickup=H-01 dropoff=PICK-1
20260908_023026_d2fba4,4906,task_completed,R9,G01469,
20260908_023026_d2fba4,4907,task_assigned,R9,G01863,
20260908_023026_d2fba4,4907,task_created,,G01864,type=PUTAWAY pickup=RECV dropoff=F-04
20260908_023026_d2fba4,4909,task_created,,G01865,type=SHIP pickup=STAGING dropoff=DOCK-2
20260908_023026_d2fba4,4912,task_completed,R2,G01456,
20260908_023026_d2fba4,4913,task_completed,R13,G01459,
20260908_023026_d2fba4,4913,task_completed,R8,G01472,
20260908_023026_d2fba4,4913,task_assigned,R2,G01865,
20260908_023026_d2fba4,4914,task_assigned,R13,G01478,
20260908_023026_d2fba4,4914,task_assigned,R8,G01481,
20260908_023026_d2fba4,4915,task_created,,G01866,type=PUTAWAY pickup=BUFFER dropoff=B-07
20260908_023026_d2fba4,4915,task_created,,G01867,type=PICK pickup=G-03 dropoff=PICK-1
20260908_023026_d2fba4,4915,task_created,,G01868,type=PACK pickup=PICK-2 dropoff=PACK-2
20260908_023026_d2fba4,4918,task_assigned,R1,G01868,
20260908_023026_d2fba4,4920,task_completed,R4,G01862,
20260908_023026_d2fba4,4921,task_assigned,R4,G01867,
20260908_023026_d2fba4,4922,task_completed,R5,G01858,
20260908_023026_d2fba4,4923,task_created,,G01869,type=PUTAWAY pickup=RECV dropoff=D-06
20260908_023026_d2fba4,4923,task_created,,G01870,type=SHIP pickup=STAGING dropoff=DOCK-2
20260908_023026_d2fba4,4923,task_assigned,R5,G01870,
20260908_023026_d2fba4,4925,task_created,,G01871,type=PICK pickup=A-03 dropoff=PICK-2
20260908_023026_d2fba4,4926,task_completed,R6,G01853,
20260908_023026_d2fba4,4926,task_completed,R2,G01865,
20260908_023026_d2fba4,4927,task_assigned,R2,G01871,
20260908_023026_d2fba4,4927,task_created,,G01872,type=PACK pickup=PICK-1 dropoff=PACK-2
20260908_023026_d2fba4,4927,task_assigned,R6,G01872,
20260908_023026_d2fba4,4929,task_completed,R5,G01870,
20260908_023026_d2fba4,4930,task_assigned,R5,G01484,
20260908_023026_d2fba4,4931,task_created,,G01873,type=PUTAWAY pickup=BUFFER dropoff=B-02
20260908_023026_d2fba4,4932,task_completed,R12,G01844,
20260908_023026_d2fba4,4933,task_completed,R13,G01478,
20260908_023026_d2fba4,4933,task_assigned,R12,G01486,
20260908_023026_d2fba4,4933,task_completed,R7,G01856,
20260908_023026_d2fba4,4934,task_assigned,R13,G01490,
20260908_023026_d2fba4,4934,task_assigned,R7,G01493,
20260908_023026_d2fba4,4935,task_created,,G01874,type=PICK pickup=C-07 dropoff=PICK-3
20260908_023026_d2fba4,4937,task_created,,G01875,type=SHIP pickup=STAGING dropoff=DOCK-1
20260908_023026_d2fba4,4938,task_completed,R3,G01465,
20260908_023026_d2fba4,4939,task_assigned,R3,G01875,
20260908_023026_d2fba4,4939,task_created,,G01876,type=PUTAWAY pickup=BUFFER dropoff=E-03
20260908_023026_d2fba4,4939,task_created,,G01877,type=PACK pickup=PICK-3 dropoff=PACK-2
20260908_023026_d2fba4,4945,task_completed,R1,G01868,
20260908_023026_d2fba4,4945,task_created,,G01878,type=PICK pickup=D-02 dropoff=PICK-3
20260908_023026_d2fba4,4946,task_assigned,R1,G01877,
20260908_023026_d2fba4,4947,task_created,,G01879,type=PUTAWAY pickup=BUFFER dropoff=D-06
20260908_023026_d2fba4,4951,task_created,,G01880,type=PACK pickup=PICK-1 dropoff=PACK-1
20260908_023026_d2fba4,4951,task_created,,G01881,type=SHIP pickup=STAGING dropoff=DOCK-2
20260908_023026_d2fba4,4955,task_completed,R5,G01484,
20260908_023026_d2fba4,4955,task_completed,R6,G01872,
20260908_023026_d2fba4,4955,task_created,,G01882,type=PUTAWAY pickup=BUFFER dropoff=C-05
20260908_023026_d2fba4,4955,task_created,,G01883,type=PICK pickup=A-01 dropoff=PICK-3
20260908_023026_d2fba4,4956,task_completed,R11,G01852,
20260908_023026_d2fba4,4956,task_assigned,R5,G01880,
20260908_023026_d2fba4,4956,task_assigned,R6,G01881,
20260908_023026_d2fba4,4957,task_completed,R4,G01867,
20260908_023026_d2fba4,4957,task_assigned,R11,G01874,
20260908_023026_d2fba4,4958,task_completed,R9,G01863,
20260908_023026_d2fba4,4958,task_assigned,R4,G01878,
20260908_023026_d2fba4,4959,task_assigned,R9,G01883,
20260908_023026_d2fba4,4963,task_completed,R12,G01486,
20260908_023026_d2fba4,4963,task_interrupted,R7,G01493,
20260908_023026_d2fba4,4963,task_completed,R1,G01877,
20260908_023026_d2fba4,4963,task_completed,R6,G01881,
20260908_023026_d2fba4,4963,task_created,,G01884,type=PUTAWAY pickup=RECV dropoff=C-05
20260908_023026_d2fba4,4963,task_created,,G01885,type=PACK pickup=PICK-3 dropoff=PACK-1
20260908_023026_d2fba4,4964,task_completed,R13,G01490,
20260908_023026_d2fba4,4964,task_assigned,R6,G01493,
20260908_023026_d2fba4,4964,task_assigned,R12,G01496,
20260908_023026_d2fba4,4964,task_assigned,R1,G01885,
20260908_023026_d2fba4,4965,task_created,,G01886,type=PICK pickup=H-06 dropoff=PICK-2
20260908_023026_d2fba4,4965,task_created,,G01887,type=SHIP pickup=STAGING dropoff=DOCK-2
20260908_023026_d2fba4,4965,task_assigned,R13,G01887,
20260908_023026_d2fba4,4966,task_completed,R3,G01875,
20260908_023026_d2fba4,4967,task_assigned,R3,G01886,
20260908_023026_d2fba4,4968,task_completed,R8,G01481,
20260908_023026_d2fba4,4969,task_assigned,R8,G01500,
20260908_023026_d2fba4,4969,task_completed,R2,G01871,
20260908_023026_d2fba4,4970,task_assigned,R2,G01501,
20260908_023026_d2fba4,4971,task_created,,G01888,type=PUTAWAY pickup=RECV dropoff=A-04
20260908_023026_d2fba4,4975,task_completed,R5,G01880,
20260908_023026_d2fba4,4975,task_created,,G01889,type=PICK pickup=G-01 dropoff=PICK-1
20260908_023026_d2fba4,4975,task_created,,G01890,type=PACK pickup=PICK-2 dropoff=PACK-2
20260908_023026_d2fba4,4976,task_assigned,R5,G01890,
20260908_023026_d2fba4,4977,task_completed,R10,G01859,
20260908_023026_d2fba4,4978,task_interrupted,R11,G01874,
20260908_023026_d2fba4,4978,task_assigned,R10,G01889,
20260908_023026_d2fba4,4979,task_interrupted,R2,G01501,
20260908_023026_d2fba4,4979,task_created,,G01891,type=PUTAWAY pickup=BUFFER dropoff=G-06
20260908_023026_d2fba4,4979,task_created,,G01892,type=SHIP pickup=STAGING dropoff=DOCK-1
20260908_023026_d2fba4,4985,task_created,,G01893,type=PICK pickup=D-05 dropoff=PICK-1
20260908_023026_d2fba4,4987,task_completed,R4,G01878,
20260908_023026_d2fba4,4987,task_created,,G01894,type=PUTAWAY pickup=BUFFER dropoff=H-08
20260908_023026_d2fba4,4987,task_created,,G01895,type=PACK pickup=PICK-1 dropoff=PACK-1
20260908_023026_d2fba4,4988,task_completed,R1,G01885,
20260908_023026_d2fba4,4988,task_assigned,R4,G01892,
20260908_023026_d2fba4,4989,task_assigned,R1,G01895,
20260908_023026_d2fba4,4990,task_assigned,R7,G01874,
20260908_023026_d2fba4,4990,task_completed,R9,G01883,
20260908_023026_d2fba4,4990,task_completed,R5,G01890,
20260908_023026_d2fba4,4991,task_assigned,R9,G01501,
20260908_023026_d2fba4,4991,task_assigned,R5,G01893,
20260908_023026_d2fba4,4992,task_completed,R6,G01493,
20260908_023026_d2fba4,4993,task_created,,G01896,type=SHIP pickup=STAGING dropoff=DOCK-1
20260908_023026_d2fba4,4993,task_assigned,R6,G01896,
20260908_023026_d2fba4,4995,task_created,,G01897,type=PUTAWAY pickup=BUFFER dropoff=E-08
20260908_023026_d2fba4,4995,task_created,,G01898,type=PICK pickup=H-02 dropoff=PICK-2
20260908_023026_d2fba4,4997,task_completed,R8,G01500,
20260908_023026_d2fba4,4997,task_completed,R13,G01887,
20260908_023026_d2fba4,4998,task_assigned,R8,G01505,
20260908_023026_d2fba4,4998,task_assigned,R13,G01898,
20260908_023026_d2fba4,4999,task_created,,G01899,type=PACK pickup=PICK-3 dropoff=PACK-1
20260908_023026_d2fba4,5003,task_created,,G01900,type=PUTAWAY pickup=BUFFER dropoff=D-08
20260908_023026_d2fba4,5004,task_interrupted,R8,G01505,
20260908_023026_d2fba4,5004,task_completed,R4,G01892,
20260908_023026_d2fba4,5005,task_assigned,R4,G01899,
20260908_023026_d2fba4,5005,task_created,,G01901,type=PICK pickup=H-04 dropoff=PICK-1
20260908_023026_d2fba4,5007,task_created,,G01902,type=SHIP pickup=STAGING dropoff=DOCK-1
20260908_023026_d2fba4,5008,task_completed,R1,G01895,
20260908_023026_d2fba4,5009,task_assigned,R1,G01902,
20260908_023026_d2fba4,5011,task_interrupted,R9,G01501,
20260908_023026_d2fba4,5011,task_created,,G01903,type=PUTAWAY pickup=RECV dropoff=A-01
20260908_023026_d2fba4,5011,task_created,,G01904,type=PACK pickup=PICK-1 dropoff=PACK-2
20260908_023026_d2fba4,5014,task_assigned,R11,G01904,
20260908_023026_d2fba4,5015,task_completed,R1,G01902,
20260908_023026_d2fba4,5015,task_created,,G01905,type=PICK pickup=H-02 dropoff=PICK-2
20260908_023026_d2fba4,5016,task_completed,R6,G01896,
20260908_023026_d2fba4,5016,task_assigned,R1,G01901,
20260908_023026_d2fba4,5017,task_assigned,R6,G01905,
20260908_023026_d2fba4,5019,task_assigned,R2,G01501,
20260908_023026_d2fba4,5019,task_created,,G01906,type=PUTAWAY pickup=RECV dropoff=B-06
20260908_023026_d2fba4,5021,task_interrupted,R12,G01496,
20260908_023026_d2fba4,5021,task_completed,R3,G01886,
20260908_023026_d2fba4,5021,task_completed,R10,G01889,
20260908_023026_d2fba4,5021,task_created,,G01907,type=SHIP pickup=STAGING dropoff=DOCK-1
20260908_023026_d2fba4,5022,task_assigned,R10,G01496,
20260908_023026_d2fba4,5022,task_assigned,R3,G01907,
20260908_023026_d2fba4,5023,task_created,,G01908,type=PACK pickup=PICK-3 dropoff=PACK-1
20260908_023026_d2fba4,5025,task_completed,R5,G01893,
20260908_023026_d2fba4,5025,task_created,,G01909,type=PICK pickup=G-05 dropoff=PICK-2
20260908_023026_d2fba4,5026,task_assigned,R5,G01908,
20260908_023026_d2fba4,5027,task_created,,G01910,type=PUTAWAY pickup=BUFFER dropoff=B-04
20260908_023026_d2fba4,5030,task_completed,R3,G01907,
20260908_023026_d2fba4,5031,task_assigned,R3,G01909,
20260908_023026_d2fba4,5034,task_completed,R13,G01898,
20260908_023026_d2fba4,5035,task_completed,R4,G01899,
20260908_023026_d2fba4,5035,task_created,,G01911,type=PUTAWAY pickup=RECV dropoff=C-07
20260908_023026_d2fba4,5035,task_created,,G01912,type=PICK pickup=D-03 dropoff=PICK-3
20260908_023026_d2fba4,5035,task_created,,G01913,type=PACK pickup=PICK-2 dropoff=PACK-2
20260908_023026_d2fba4,5035,task_created,,G01914,type=SHIP pickup=STAGING dropoff=DOCK-1
20260908_023026_d2fba4,5035,task_assigned,R13,G01914,
20260908_023026_d2fba4,5036,task_assigned,R4,G01913,
20260908_023026_d2fba4,5040,task_completed,R7,G01874,
20260908_023026_d2fba4,5041,task_assigned,R7,G01912,
20260908_023026_d2fba4,5043,task_assigned,R8,G01505,
20260908_023026_d2fba4,5043,task_completed,R13,G01914,
20260908_023026_d2fba4,5043,task_created,,G01915,type=PUTAWAY pickup=RECV dropoff=A-02
20260908_023026_d2fba4,5044,task_assigned,R13,G01508,
20260908_023026_d2fba4,5045,task_created,,G01916,type=PICK pickup=H-05 dropoff=PICK-3
20260908_023026_d2fba4,5047,task_created,,G01917,type=PACK pickup=PICK-1 dropoff=PACK-2
20260908_023026_d2fba4,5048,task_completed,R11,G01904,
20260908_023026_d2fba4,5049,task_completed,R4,G01913,
20260908_023026_d2fba4,5049,task_created,,G01918,type=SHIP pickup=STAGING dropoff=DOCK-2
20260908_023026_d2fba4,5049,task_assigned,R11,G01918,
20260908_023026_d2fba4,5050,task_assigned,R4,G01917,
20260908_023026_d2fba4,5051,task_completed,R6,G01905,
20260908_023026_d2fba4,5051,task_created,,G01919,type=PUTAWAY pickup=BUFFER dropoff=A-02
20260908_023026_d2fba4,5052,task_assigned,R6,G01916,
20260908_023026_d2fba4,5055,task_created,,G01920,type=PICK pickup=F-01 dropoff=PICK-3
20260908_023026_d2fba4,5056,task_interrupted,R5,G01908,
20260908_023026_d2fba4,5056,task_completed,R11,G01918,
20260908_023026_d2fba4,5056,task_assigned,R9,G01920,
20260908_023026_d2fba4,5057,task_completed,R10,G01496,
20260908_023026_d2fba4,5057,task_assigned,R11,G01908,
20260908_023026_d2fba4,5058,task_assigned,R10,G01511,
20260908_023026_d2fba4,5059,task_completed,R7,G01912,
20260908_023026_d2fba4,5059,task_created,,G01921,type=PUTAWAY pickup=RECV dropoff=C-05
20260908_023026_d2fba4,5059,task_created,,G01922,type=PACK pickup=PICK-1 dropoff=PACK-2
20260908_023026_d2fba4,5060,task_assigned,R7,G01922,
20260908_023026_d2fba4,5062,task_completed,R3,G01909,
20260908_023026_d2fba4,5063,task_created,,G01923,type=SHIP pickup=STAGING dropoff=DOCK-1
20260908_023026_d2fba4,5063,task_assigned,R3,G01923,
20260908_023026_d2fba4,5065,task_created,,G01924,type=PICK pickup=A-04 dropoff=PICK-3
20260908_023026_d2fba4,5066,task_completed,R2,G01501,
20260908_023026_d2fba4,5067,task_assigned,R2,G01924,
20260908_023026_d2fba4,5067,task_created,,G01925,type=PUTAWAY pickup=BUFFER dropoff=F-01
20260908_023026_d2fba4,5068,task_completed,R13,G01508,
20260908_023026_d2fba4,5069,task_assigned,R13,G01515,
20260908_023026_d2fba4,5070,task_completed,R1,G01901,
20260908_023026_d2fba4,5070,task_completed,R6,G01916,
20260908_023026_d2fba4,5071,task_assigned,R6,G01517,
20260908_023026_d2fba4,5071,task_completed,R3,G01923,
20260908_023026_d2fba4,5071,task_created,,G01926,type=PACK pickup=PICK-1 dropoff=PACK-1
20260908_023026_d2fba4,5071,task_assigned,R1,G01926,
20260908_023026_d2fba4,5072,task_assigned,R3,G01520,
20260908_023026_d2fba4,5072,task_interrupted,R4,G01917,
20260908_023026_d2fba4,5075,task_interrupted,R13,G01515,
20260908_023026_d2fba4,5075,task_created,,G01927,type=PUTAWAY pickup=RECV dropoff=D-08
20260908_023026_d2fba4,5075,task_created,,G01928,type=PICK pickup=E-01 dropoff=PICK-2
20260908_023026_d2fba4,5077,task_created,,G01929,type=SHIP pickup=STAGING dropoff=DOCK-1
20260908_023026_d2fba4,5079,task_assigned,R12,G01929,
20260908_023026_d2fba4,5081,task_completed,R8,G01505,
20260908_023026_d2fba4,5082,task_assigned,R8,G01917,
20260908_023026_d2fba4,5082,task_completed,R1,G01926,
20260908_023026_d2fba4,5083,task_completed,R11,G01908,
20260908_023026_d2fba4,5083,task_created,,G01930,type=PUTAWAY pickup=RECV dropoff=C-01
20260908_023026_d2fba4,5083,task_created,,G01931,type=PACK pickup=PICK-2 dropoff=PACK-2
20260908_023026_d2fba4,5083,task_assigned,R1,G01931,
20260908_023026_d2fba4,5084,task_assigned,R11,G01928,
20260908_023026_d2fba4,5085,task_created,,G01932,type=PICK pickup=D-05 dropoff=PICK-3
20260908_023026_d2fba4,5087,task_completed,R10,G01511,
20260908_023026_d2fba4,5088,task_interrupted,,G01932,
20260908_023026_d2fba4,5091,task_created,,G01933,type=PUTAWAY pickup=BUFFER dropoff=H-04
20260908_023026_d2fba4,5091,task_created,,G01934,type=SHIP pickup=STAGING dropoff=DOCK-1
20260908_023026_d2fba4,5092,task_completed,R9,G01920,
20260908_023026_d2fba4,5093,task_assigned,R9,G01934,
20260908_023026_d2fba4,5094,task_completed,R12,G01929,
20260908_023026_d2fba4,5094,task_assigned,R5,G01932,
20260908_023026_d2fba4,5095,task_completed,R1,G01931,
20260908_023026_d2fba4,5095,task_created,,G01935,type=PICK pickup=H-04 dropoff=PICK-1
20260908_023026_d2fba4,5095,task_created,,G01936,type=PACK pickup=PICK-3 dropoff=PACK-1
20260908_023026_d2fba4,5095,task_assigned,R12,G01936,
20260908_023026_d2fba4,5096,task_assigned,R1,G01935,
20260908_023026_d2fba4,5099,task_completed,R7,G01922,
20260908_023026_d2fba4,5099,task_created,,G01937,type=PUTAWAY pickup=RECV dropoff=B-05
20260908_023026_d2fba4,5100,task_assigned,R7,G01515,
20260908_023026_d2fba4,5103,task_assigned,R4,G01523,
20260908_023026_d2fba4,5103,task_completed,R8,G01917,
20260908_023026_d2fba4,5104,task_assigned,R8,G01527,
20260908_023026_d2fba4,5105,task_interrupted,R3,G01520,
20260908_023026_d2fba4,5105,task_created,,G01938,type=PICK pickup=H-04 dropoff=PICK-2
20260908_023026_d2fba4,5105,task_created,,G01939,type=SHIP pickup=STAGING dropoff=DOCK-1
20260908_023026_d2fba4,5107,task_created,,G01940,type=PUTAWAY pickup=RECV dropoff=E-06
20260908_023026_d2fba4,5107,task_created,,G01941,type=PACK pickup=PICK-1 dropoff=PACK-1
20260908_023026_d2fba4,5108,task_interrupted,R6,G01517,
20260908_023026_d2fba4,5110,task_completed,R9,G01934,
20260908_023026_d2fba4,5111,task_assigned,R9,G01939,
20260908_023026_d2fba4,5112,task_completed,R2,G01924,
20260908_023026_d2fba4,5113,task_assigned,R2,G01941,
20260908_023026_d2fba4,5115,task_assigned,R10,G01938,
20260908_023026_d2fba4,5115,task_created,,G01942,type=PUTAWAY pickup=RECV dropoff=D-07
20260908_023026_d2fba4,5115,task_created,,G01943,type=PICK pickup=E-04 dropoff=PICK-1
20260908_023026_d2fba4,5116,task_completed,R9,G01939,
20260908_023026_d2fba4,5117,task_assigned,R9,G01517,
20260908_023026_d2fba4,5117,task_assigned,R13,G01943,
20260908_023026_d2fba4,5119,task_created,,G01944,type=PACK pickup=PICK-1 dropoff=PACK-1
20260908_023026_d2fba4,5119,task_created,,G01945,type=SHIP pickup=STAGING dropoff=DOCK-2
20260908_023026_d2fba4,5120,task_completed,R11,G01928,
20260908_023026_d2fba4,5121,task_assigned,R11,G01945,
20260908_023026_d2fba4,5123,task_created,,G01946,type=PUTAWAY pickup=BUFFER dropoff=H-05
20260908_023026_d2fba4,5125,task_interrupted,R1,G01935,
20260908_023026_d2fba4,5125,task_completed,R12,G01936,
20260908_023026_d2fba4,5125,task_created,,G01947,type=PICK pickup=H-07 dropoff=PICK-3
20260908_023026_d2fba4,5126,task_assigned,R12,G01944,
20260908_023026_d2fba4,5131,task_completed,R5,G01932,
20260908_023026_d2fba4,5131,task_created,,G01948,type=PUTAWAY pickup=BUFFER dropoff=H-01
20260908_023026_d2fba4,5131,task_created,,G01949,type=PACK pickup=PICK-1 dropoff=PACK-2
20260908_023026_d2fba4,5132,task_assigned,R5,G01949,
20260908_023026_d2fba4,5133,task_completed,R7,G01515,
20260908_023026_d2fba4,5133,task_created,,G01950,type=SHIP pickup=STAGING dropoff=DOCK-2
20260908_023026_d2fba4,5134,task_completed,R11,G01945,
20260908_023026_d2fba4,5134,task_assigned,R7,G01950,
20260908_023026_d2fba4,5135,task_assigned,R11,G01935,
20260908_023026_d2fba4,5135,task_created,,G01951,type=PICK pickup=D-04 dropoff=PICK-1
20260908_023026_d2fba4,5136,task_assigned,R3,G01520,
20260908_023026_d2fba4,5139,task_created,,G01952,type=PUTAWAY pickup=RECV dropoff=C-07
20260908_023026_d2fba4,5141,task_completed,R2,G01941,
20260908_023026_d2fba4,5142,task_assigned,R2,G01947,
20260908_023026_d2fba4,5143,task_created,,G01953,type=PACK pickup=PICK-1 dropoff=PACK-1
20260908_023026_d2fba4,5143,task_assigned,R6,G01953,
20260908_023026_d2fba4,5145,task_completed,R9,G01517,
20260908_023026_d2fba4,5145,task_completed,R12,G01944,
20260908_023026_d2fba4,5145,task_created,,G01954,type=PICK pickup=G-08 dropoff=PICK-2
20260908_023026_d2fba4,5146,task_assigned,R12,G01951,
20260908_023026_d2fba4,5146,task_assigned,R9,G01954,
20260908_023026_d2fba4,5147,task_completed,R13,G01943,
20260908_023026_d2fba4,5147,task_created,,G01955,type=PUTAWAY pickup=BUFFER dropoff=A-04
20260908_023026_d2fba4,5147,task_created,,G01956,type=SHIP pickup=STAGING dropoff=DOCK-1
20260908_023026_d2fba4,5148,task_assigned,R13,G01956,
20260908_023026_d2fba4,5150,task_completed,R4,G01523,
20260908_023026_d2fba4,5150,task_completed,R8,G01527,
20260908_023026_d2fba4,5151,task_assigned,R4,G01529,
20260908_023026_d2fba4,5151,task_assigned,R8,G01532,
20260908_023026_d2fba4,5155,task_created,,G01957,type=PUTAWAY pickup=RECV dropoff=A-05
20260908_023026_d2fba4,5155,task_created,,G01958,type=PICK pickup=C-02 dropoff=PICK-2
20260908_023026_d2fba4,5155,task_created,,G01959,type=PACK pickup=PICK-1 dropoff=PACK-2
20260908_023026_d2fba4,5155,task_assigned,R1,G01959,
20260908_023026_d2fba4,5157,task_completed,R7,G01950,
20260908_023026_d2fba4,5158,task_assigned,R7,G01958,
20260908_023026_d2fba4,5161,task_created,,G01960,type=SHIP pickup=STAGING dropoff=DOCK-1
20260908_023026_d2fba4,5163,task_created,,G01961,type=PUTAWAY pickup=BUFFER dropoff=C-04
20260908_023026_d2fba4,5164,task_completed,R5,G01949,
20260908_023026_d2fba4,5164,task_completed,R6,G01953,
20260908_023026_d2fba4,5164,task_completed,R13,G01956,
20260908_023026_d2fba4,5165,task_assigned,R5,G01536,
20260908_023026_d2fba4,5165,task_assigned,R6,G01960,
20260908_023026_d2fba4,5165,task_created,,G01962,type=PICK pickup=G-02 dropoff=PICK-1
20260908_023026_d2fba4,5165,task_assigned,R13,G01962,
20260908_023026_d2fba4,5166,task_completed,R11,G01935,
20260908_023026_d2fba4,5167,task_completed,R10,G01938,
20260908_023026_d2fba4,5167,task_created,,G01963,type=PACK pickup=PICK-1 dropoff=PACK-1
20260908_023026_d2fba4,5167,task_assigned,R11,G01963,
20260908_023026_d2fba4,5168,task_assigned,R10,G01538,
20260908_023026_d2fba4,5171,task_completed,R4,G01529,
20260908_023026_d2fba4,5171,task_completed,R2,G01947,
20260908_023026_d2fba4,5171,task_created,,G01964,type=PUTAWAY pickup=RECV dropoff=G-04
20260908_023026_d2fba4,5172,task_assigned,R4,G01542,
20260908_023026_d2fba4,5172,task_assigned,R2,G01545,
20260908_023026_d2fba4,5173,task_completed,R6,G01960,
20260908_023026_d2fba4,5174,task_assigned,R6,G01547,
20260908_023026_d2fba4,5175,task_created,,G01965,type=PICK pickup=F-08 dropoff=PICK-1
20260908_023026_d2fba4,5175,task_created,,G01966,type=SHIP pickup=STAGING dropoff=DOCK-1
20260908_023026_d2fba4,5176,task_completed,R11,G01963,
20260908_023026_d2fba4,5177,task_assigned,R11,G01966,
20260908_023026_d2fba4,5179,task_created,,G01967,type=PUTAWAY pickup=BUFFER dropoff=D-07
20260908_023026_d2fba4,5179,task_created,,G01968,type=PACK pickup=PICK-2 dropoff=PACK-1
20260908_023026_d2fba4,5180,task_completed,R3,G01520,
20260908_023026_d2fba4,5181,task_assigned,R3,G01968,
20260908_023026_d2fba4,5183,task_completed,R1,G01959,
20260908_023026_d2fba4,5183,task_completed,R11,G01966,
20260908_023026_d2fba4,5184,task_assigned,R11,G01550,
20260908_023026_d2fba4,5184,task_assigned,R1,G01965,
20260908_023026_d2fba4,5185,task_created,,G01969,type=PICK pickup=A-08 dropoff=PICK-3
20260908_023026_d2fba4,5187,task_created,,G01970,type=PUTAWAY pickup=BUFFER dropoff=G-04
20260908_023026_d2fba4,5188,task_completed,R8,G01532,
20260908_023026_d2fba4,5188,task_completed,R9,G01954,
20260908_023026_d2fba4,5189,task_assigned,R8,G01969,
20260908_023026_d2fba4,5189,task_created,,G01971,type=SHIP pickup=STAGING dropoff=DOCK-2
20260908_023026_d2fba4,5189,task_assigned,R9,G01971,
20260908_023026_d2fba4,5191,task_created,,G01972,type=PACK pickup=PICK-2 dropoff=PACK-1
20260908_023026_d2fba4,5195,task_created,,G01973,type=PUTAWAY pickup=BUFFER dropoff=F-01
20260908_023026_d2fba4,5195,task_created,,G01974,type=PICK pickup=F-08 dropoff=PICK-2
20260908_023026_d2fba4,5197,task_completed,R9,G01971,
20260908_023026_d2fba4,5198,task_completed,R3,G01968,
20260908_023026_d2fba4,5198,task_assigned,R9,G01972,
20260908_023026_d2fba4,5199,task_assigned,R3,G01974,
20260908_023026_d2fba4,5200,task_completed,R7,G01958,
20260908_023026_d2fba4,5201,task_assigned,R7,G01554,
20260908_023026_d2fba4,5203,task_completed,R6,G01547,
20260908_023026_d2fba4,5203,task_created,,G01975,type=PUTAWAY pickup=BUFFER dropoff=A-06
20260908_023026_d2fba4,5203,task_created,,G01976,type=PACK pickup=PICK-2 dropoff=PACK-2
20260908_023026_d2fba4,5203,task_created,,G01977,type=SHIP pickup=STAGING dropoff=DOCK-2
20260908_023026_d2fba4,5204,task_assigned,R6,G01977,
20260908_023026_d2fba4,5205,task_created,,G01978,type=PICK pickup=A-06 dropoff=PICK-2
20260908_023026_d2fba4,5208,task_completed,R12,G01951,
20260908_023026_d2fba4,5209,task_completed,R4,G01542,
20260908_023026_d2fba4,5209,task_assigned,R12,G01976,
20260908_023026_d2fba4,5210,task_completed,R13,G01962,
20260908_023026_d2fba4,5210,task_assigned,R4,G01978,
20260908_023026_d2fba4,5211,task_assigned,R13,G01557,
20260908_023026_d2fba4,5211,task_created,,G01979,type=PUTAWAY pickup=BUFFER dropoff=C-06
20260908_023026_d2fba4,5212,task_completed,R9,G01972,
20260908_023026_d2fba4,5213,task_assigned,R9,G01560,
20260908_023026_d2fba4,5215,task_created,,G01980,type=PICK pickup=G-04 dropoff=PICK-2
20260908_023026_d2fba4,5215,task_created,,G01981,type=PACK pickup=PICK-3 dropoff=PACK-2
20260908_023026_d2fba4,5216,task_completed,R3,G01974,
20260908_023026_d2fba4,5217,task_completed,R5,G01536,
20260908_023026_d2fba4,5217,task_created,,G01982,type=SHIP pickup=STAGING dropoff=DOCK-2
20260908_023026_d2fba4,5217,task_assigned,R3,G01982,
20260908_023026_d2fba4,5218,task_assigned,R5,G01981,
20260908_023026_d2fba4,5219,task_interrupted,R7,G01554,
20260908_023026_d2fba4,5219,task_created,,G01983,type=PUTAWAY pickup=RECV dropoff=B-06
20260908_023026_d2fba4,5223,task_completed,R1,G01965,
20260908_023026_d2fba4,5224,task_completed,R10,G01538,
20260908_023026_d2fba4,5224,task_assigned,R1,G01980,
20260908_023026_d2fba4,5225,task_created,,G01984,type=PICK pickup=A-06 dropoff=PICK-1
20260908_023026_d2fba4,5225,task_assigned,R10,G01984,
20260908_023026_d2fba4,5227,task_interrupted,R11,G01550,
20260908_023026_d2fba4,5227,task_completed,R12,G01976,
20260908_023026_d2fba4,5227,task_created,,G01985,type=PUTAWAY pickup=BUFFER dropoff=G-07
20260908_023026_d2fba4,5227,task_created,,G01986,type=PACK pickup=PICK-1 dropoff=PACK-1
20260908_023026_d2fba4,5228,task_assigned,R12,G01986,
20260908_023026_d2fba4,5229,task_completed,R3,G01982,
20260908_023026_d2fba4,5230,task_assigned,R3,G01550,
20260908_023026_d2fba4,5231,task_completed,R6,G01977,
20260908_023026_d2fba4,5231,task_created,,G01987,type=SHIP pickup=STAGING dropoff=DOCK-1
20260908_023026_d2fba4,5232,task_assigned,R6,G01987,
20260908_023026_d2fba4,5235,task_completed,R5,G01981,
20260908_023026_d2fba4,5235,task_created,,G01988,type=PUTAWAY pickup=RECV dropoff=C-02
20260908_023026_d2fba4,5235,task_created,,G01989,type=PICK pickup=D-06 dropoff=PICK-3
20260908_023026_d2fba4,5236,task_assigned,R5,G01989,
20260908_023026_d2fba4,5237,task_completed,R6,G01987,
20260908_023026_d2fba4,5238,task_assigned,R6,G01554,
20260908_023026_d2fba4,5238,task_completed,R8,G01969,
20260908_023026_d2fba4,5239,task_completed,R10,G01984,
20260908_023026_d2fba4,5239,task_created,,G01990,type=PACK pickup=PICK-3 dropoff=PACK-2
20260908_023026_d2fba4,5239,task_assigned,R8,G01990,
20260908_023026_d2fba4,5240,task_assigned,R10,G01563,
20260908_023026_d2fba4,5241,task_completed,R2,G01545,
20260908_023026_d2fba4,5242,task_completed,R13,G01557,
20260908_023026_d2fba4,5242,task_assigned,R2,G01565,
20260908_023026_d2fba4,5243,task_assigned,R13,G01569,
20260908_023026_d2fba4,5243,task_created,,G01991,type=PUTAWAY pickup=RECV dropoff=F-02
20260908_023026_d2fba4,5245,task_interrupted,R2,G01565,
20260908_023026_d2fba4,5245,task_created,,G01992,type=PICK pickup=A-08 dropoff=PICK-1
20260908_023026_d2fba4,5245,task_created,,G01993,type=SHIP pickup=STAGING dropoff=DOCK-1
20260908_023026_d2fba4,5247,task_completed,R3,G01550,
20260908_023026_d2fba4,5247,task_completed,R8,G01990,
20260908_023026_d2fba4,5248,task_assigned,R8,G01992,
20260908_023026_d2fba4,5248,task_assigned,R3,G01993,
20260908_023026_d2fba4,5250,task_completed,R4,G01978,
20260908_023026_d2fba4,5251,task_created,,G01994,type=PUTAWAY pickup=RECV dropoff=F-05
20260908_023026_d2fba4,5251,task_created,,G01995,type=PACK pickup=PICK-1 dropoff=PACK-1
20260908_023026_d2fba4,5251,task_assigned,R4,G01995,
20260908_023026_d2fba4,5252,task_completed,R1,G01980,
20260908_023026_d2fba4,5252,task_completed,R12,G01986,
20260908_023026_d2fba4,5253,task_assigned,R1,G01565,
20260908_023026_d2fba4,5253,task_assigned,R12,G01572,
20260908_023026_d2fba4,5255,task_created,,G01996,type=PICK pickup=C-03 dropoff=PICK-2
20260908_023026_d2fba4,5256,task_completed,R5,G01989,
20260908_023026_d2fba4,5257,task_assigned,R5,G01996,
20260908_023026_d2fba4,5259,task_created,,G01997,type=PUTAWAY pickup=BUFFER dropoff=B-08
20260908_023026_d2fba4,5259,task_created,,G01998,type=SHIP pickup=STAGING dropoff=DOCK-2
20260908_023026_d2fba4,5263,task_created,,G01999,type=PACK pickup=PICK-1 dropoff=PACK-2
20260908_023026_d2fba4,5265,task_assigned,R7,G01998,
20260908_023026_d2fba4,5265,task_created,,G02000,type=PICK pickup=B-07 dropoff=PICK-1
20260908_023026_d2fba4,5266,task_completed,R9,G01560,
20260908_023026_d2fba4,5267,task_assigned,R9,G01999,
20260908_023026_d2fba4,5267,task_created,,G02001,type=PUTAWAY pickup=BUFFER dropoff=B-03
20260908_023026_d2fba4,5269,task_interrupted,R8,G01992,
20260908_023026_d2fba4,5269,task_completed,R4,G01995,
20260908_023026_d2fba4,5270,task_assigned,R11,G01992,
20260908_023026_d2fba4,5270,task_assigned,R4,G02000,
20260908_023026_d2fba4,5273,task_created,,G02002,type=SHIP pickup=STAGING dropoff=DOCK-2
20260908_023026_d2fba4,5275,task_completed,R3,G01993,
20260908_023026_d2fba4,5275,task_created,,G02003,type=PUTAWAY pickup=BUFFER dropoff=A-01
20260908_023026_d2fba4,5275,task_created,,G02004,type=PICK pickup=E-05 dropoff=PICK-3
20260908_023026_d2fba4,5275,task_created,,G02005,type=PACK pickup=PICK-3 dropoff=PACK-2
20260908_023026_d2fba4,5276,task_completed,R13,G01569,
20260908_023026_d2fba4,5276,task_assigned,R3,G02002,
20260908_023026_d2fba4,5277,task_completed,R6,G01554,
20260908_023026_d2fba4,5277,task_assigned,R13,G02005,
20260908_023026_d2fba4,5278,task_completed,R5,G01996,
20260908_023026_d2fba4,5278,task_assigned,R6,G02004,
20260908_023026_d2fba4,5279,task_assigned,R5,G01575,
20260908_023026_d2fba4,5280,task_completed,R10,G01563,
20260908_023026_d2fba4,5280,task_completed,R7,G01998,
20260908_023026_d2fba4,5280,task_interrupted,R9,G01999,
20260908_023026_d2fba4,5281,task_completed,R1,G01565,
20260908_023026_d2fba4,5281,task_assigned,R10,G01578,
20260908_023026_d2fba4,5281,task_assigned,R7,G01999,
20260908_023026_d2fba4,5282,task_assigned,R1,G01581,
20260908_023026_d2fba4,5283,task_completed,R3,G02002,
20260908_023026_d2fba4,5283,task_created,,G02006,type=PUTAWAY pickup=BUFFER dropoff=G-03
20260908_023026_d2fba4,5284,task_completed,R12,G01572,
20260908_023026_d2fba4,5284,task_assigned,R3,G01584,
20260908_023026_d2fba4,5285,task_created,,G02007,type=PICK pickup=E-04 dropoff=PICK-1
20260908_023026_d2fba4,5285,task_assigned,R12,G02007,
20260908_023026_d2fba4,5287,task_created,,G02008,type=PACK pickup=PICK-2 dropoff=PACK-2
20260908_023026_d2fba4,5287,task_created,,G02009,type=SHIP pickup=STAGING dropoff=DOCK-2
20260908_023026_d2fba4,5291,task_completed,R11,G01992,
20260908_023026_d2fba4,5291,task_assigned,R2,G02009,
20260908_023026_d2fba4,5291,task_created,,G02010,type=PUTAWAY pickup=BUFFER dropoff=C-05
20260908_023026_d2fba4,5292,task_completed,R13,G02005,
20260908_023026_d2fba4,5292,task_assigned,R11,G02008,
20260908_023026_d2fba4,5293,task_assigned,R13,G01587,
20260908_023026_d2fba4,5294,task_interrupted,R12,G02007,
20260908_023026_d2fba4,5295,task_completed,R4,G02000,
20260908_023026_d2fba4,5295,task_assigned,R8,G02007,
20260908_023026_d2fba4,5295,task_created,,G02011,type=PICK pickup=C-01 dropoff=PICK-2
20260908_023026_d2fba4,5296,task_assigned,R4,G02011,
20260908_023026_d2fba4,5299,task_created,,G02012,type=PUTAWAY pickup=BUFFER dropoff=F-01
20260908_023026_d2fba4,5299,task_created,,G02013,type=PACK pickup=PICK-2 dropoff=PACK-2
20260908_023026_d2fba4,5301,task_created,,G02014,type=SHIP pickup=STAGING dropoff=DOCK-1
20260908_023026_d2fba4,5304,task_completed,R7,G01999,
20260908_023026_d2fba4,5305,task_assigned,R7,G02014,
20260908_023026_d2fba4,5305,task_created,,G02015,type=PICK pickup=F-03 dropoff=PICK-2
20260908_023026_d2fba4,5306,task_completed,R11,G02008,
20260908_023026_d2fba4,5307,task_completed,R2,G02009,
20260908_023026_d2fba4,5307,task_assigned,R11,G02013,
20260908_023026_d2fba4,5307,task_created,,G02016,type=PUTAWAY pickup=BUFFER dropoff=A-01
20260908_023026_d2fba4,5308,task_completed,R5,G01575,
20260908_023026_d2fba4,5308,task_assigned,R9,G01591,
20260908_023026_d2fba4,5308,task_assigned,R2,G02015,
20260908_023026_d2fba4,5310,task_completed,R10,G01578,
20260908_023026_d2fba4,5311,task_completed,R8,G02007,
20260908_023026_d2fba4,5311,task_created,,G02017,type=PACK pickup=PICK-1 dropoff=PACK-1
20260908_023026_d2fba4,5311,task_assigned,R10,G02017,
20260908_023026_d2fba4,5312,task_assigned,R8,G01592,
20260908_023026_d2fba4,5312,task_completed,R7,G02014,
20260908_023026_d2fba4,5313,task_assigned,R7,G01596,
20260908_023026_d2fba4,5315,task_created,,G02018,type=PUTAWAY pickup=RECV dropoff=D-08
20260908_023026_d2fba4,5315,task_created,,G02019,type=PICK pickup=G-04 dropoff=PICK-1
20260908_023026_d2fba4,5315,task_created,,G02020,type=SHIP pickup=STAGING dropoff=DOCK-2
20260908_023026_d2fba4,5316,task_completed,R1,G01581,
20260908_023026_d2fba4,5317,task_assigned,R1,G02020,
20260908_023026_d2fba4,5320,task_completed,R11,G02013,
20260908_023026_d2fba4,5320,task_assigned,R12,G02019,
20260908_023026_d2fba4,5321,task_assigned,R11,G01600,
20260908_023026_d2fba4,5321,task_completed,R4,G02011,
20260908_023026_d2fba4,5322,task_assigned,R4,G01602,
20260908_023026_d2fba4,5323,task_created,,G02021,type=PUTAWAY pickup=BUFFER dropoff=F-07
20260908_023026_d2fba4,5323,task_created,,G02022,type=PACK pickup=PICK-3 dropoff=PACK-1
20260908_023026_d2fba4,5325,task_created,,G02023,type=PICK pickup=E-08 dropoff=PICK-1
20260908_023026_d2fba4,5328,task_completed,R3,G01584,
20260908_023026_d2fba4,5329,task_created,,G02024,type=SHIP pickup=STAGING dropoff=DOCK-2
20260908_023026_d2fba4,5329,task_assigned,R3,G02024,
20260908_023026_d2fba4,5331,task_created,,G02025,type=PUTAWAY pickup=RECV dropoff=F-03
20260908_023026_d2fba4,5332,task_interrupted,R4,G01602,
20260908_023026_d2fba4,5334,task_interrupted,R10,G02017,
20260908_023026_d2fba4,5335,task_created,,G02026,type=PICK pickup=G-06 dropoff=PICK-3
20260908_023026_d2fba4,5335,task_created,,G02027,type=PACK pickup=PICK-2 dropoff=PACK-2
20260908_023026_d2fba4,5336,task_completed,R1,G02020,
20260908_023026_d2fba4,5337,task_assigned,R1,G02017,
20260908_023026_d2fba4,5339,task_assigned,R5,G02022,
20260908_023026_d2fba4,5339,task_created,,G02028,type=PUTAWAY pickup=BUFFER dropoff=G-03
20260908_023026_d2fba4,5340,task_completed,R2,G02015,
20260908_023026_d2fba4,5341,task_interrupted,R13,G01587,
20260908_023026_d2fba4,5341,task_assigned,R2,G02027,
20260908_023026_d2fba4,5343,task_created,,G02029,type=SHIP pickup=STAGING dropoff=DOCK-1
20260908_023026_d2fba4,5345,task_completed,R1,G02017,
20260908_023026_d2fba4,5345,task_completed,R3,G02024,
20260908_023026_d2fba4,5345,task_created,,G02030,type=PICK pickup=H-05 dropoff=PICK-1
20260908_023026_d2fba4,5346,task_completed,R6,G02004,
20260908_023026_d2fba4,5346,task_assigned,R3,G02023,
20260908_023026_d2fba4,5346,task_assigned,R1,G02029,
20260908_023026_d2fba4,5347,task_completed,R7,G01596,
20260908_023026_d2fba4,5347,task_created,,G02031,type=PUTAWAY pickup=BUFFER dropoff=D-01
20260908_023026_d2fba4,5347,task_created,,G02032,type=PACK pickup=PICK-2 dropoff=PACK-1
20260908_023026_d2fba4,5347,task_assigned,R6,G02032,
20260908_023026_d2fba4,5348,task_assigned,R7,G02026,
20260908_023026_d2fba4,5348,task_completed,R2,G02027,
20260908_023026_d2fba4,5349,task_assigned,R2,G02030,
20260908_023026_d2fba4,5352,task_completed,R1,G02029,
20260908_023026_d2fba4,5353,task_assigned,R1,G01587,
20260908_023026_d2fba4,5355,task_created,,G02033,type=PUTAWAY pickup=BUFFER dropoff=E-06
20260908_023026_d2fba4,5355,task_created,,G02034,type=PICK pickup=B-03 dropoff=PICK-3
20260908_023026_d2fba4,5357,task_created,,G02035,type=SHIP pickup=STAGING dropoff=DOCK-2
20260908_023026_d2fba4,5359,task_assigned,R10,G02035,
20260908_023026_d2fba4,5359,task_created,,G02036,type=PACK pickup=PICK-2 dropoff=PACK-2
20260908_023026_d2fba4,5360,task_completed,R6,G02032,
20260908_023026_d2fba4,5361,task_interrupted,R3,G02023,
20260908_023026_d2fba4,5361,task_assigned,R6,G02036,
20260908_023026_d2fba4,5363,task_created,,G02037,type=PUTAWAY pickup=BUFFER dropoff=F-04
20260908_023026_d2fba4,5365,task_interrupted,R6,G02036,
20260908_023026_d2fba4,5365,task_created,,G02038,type=PICK pickup=A-07 dropoff=PICK-2
20260908_023026_d2fba4,5366,task_completed,R8,G01592,
20260908_023026_d2fba4,5366,task_completed,R7,G02026,
20260908_023026_d2fba4,5367,task_assigned,R7,G02023,
20260908_023026_d2fba4,5367,task_assigned,R8,G02036,
20260908_023026_d2fba4,5368,task_assigned,R13,G02034,
20260908_023026_d2fba4,5371,task_created,,G02039,type=PUTAWAY pickup=BUFFER dropoff=C-04
20260908_023026_d2fba4,5371,task_created,,G02040,type=PACK pickup=PICK-1 dropoff=PACK-2
20260908_023026_d2fba4,5371,task_created,,G02041,type=SHIP pickup=STAGING dropoff=DOCK-1
20260908_023026_d2fba4,5373,task_completed,R1,G01587,
20260908_023026_d2fba4,5373,task_completed,R12,G02019,
20260908_023026_d2fba4,5374,task_assigned,R1,G02040,
20260908_023026_d2fba4,5374,task_assigned,R12,G02041,
20260908_023026_d2fba4,5375,task_assigned,R4,G01602,
20260908_023026_d2fba4,5375,task_completed,R10,G02035,
20260908_023026_d2fba4,5375,task_created,,G02042,type=PICK pickup=G-07 dropoff=PICK-2
20260908_023026_d2fba4,5376,task_assigned,R10,G02038,
20260908_023026_d2fba4,5379,task_completed,R5,G02022,
20260908_023026_d2fba4,5379,task_created,,G02043,type=PUTAWAY pickup=RECV dropoff=H-03
20260908_023026_d2fba4,5380,task_completed,R11,G01600,
20260908_023026_d2fba4,5380,task_assigned,R5,G02042,
20260908_023026_d2fba4,5381,task_completed,R9,G01591,
20260908_023026_d2fba4,5381,task_assigned,R11,G01606,
20260908_023026_d2fba4,5382,task_assigned,R9,G01608,
20260908_023026_d2fba4,5382,task_completed,R8,G02036,
20260908_023026_d2fba4,5383,task_created,,G02044,type=PACK pickup=PICK-1 dropoff=PACK-1
20260908_023026_d2fba4,5383,task_assigned,R8,G02044,
20260908_023026_d2fba4,5384,task_interrupted,R1,G02040,
20260908_023026_d2fba4,5385,task_created,,G02045,type=PICK pickup=D-01 dropoff=PICK-1
20260908_023026_d2fba4,5385,task_created,,G02046,type=SHIP pickup=STAGING dropoff=DOCK-2
20260908_023026_d2fba4,5387,task_assigned,R3,G02046,
20260908_023026_d2fba4,5387,task_created,,G02047,type=PUTAWAY pickup=RECV dropoff=G-05
20260908_023026_d2fba4,5395,task_assigned,R6,G02040,
20260908_023026_d2fba4,5395,task_created,,G02048,type=PUTAWAY pickup=BUFFER dropoff=H-08
20260908_023026_d2fba4,5395,task_created,,G02049,type=PICK pickup=H-05 dropoff=PICK-2
20260908_023026_d2fba4,5395,task_created,,G02050,type=PACK pickup=PICK-1 dropoff=PACK-2
20260908_023026_d2fba4,5399,task_completed,R2,G02030,
20260908_023026_d2fba4,5399,task_created,,G02051,type=SHIP pickup=STAGING dropoff=DOCK-2
20260908_023026_d2fba4,5400,task_assigned,R2,G02051,
20260908_023026_d2fba4,5401,task_completed,R12,G02041,
20260908_023026_d2fba4,5402,task_assigned,R12,G02050,
20260908_023026_d2fba4,5403,task_completed,R3,G02046,
20260908_023026_d2fba4,5403,task_created,,G02052,type=PUTAWAY pickup=RECV dropoff=G-03
20260908_023026_d2fba4,5404,task_assigned,R3,G02045,
20260908_023026_d2fba4,5405,task_created,,G02053,type=PICK pickup=D-01 dropoff=PICK-1
20260908_023026_d2fba4,5406,task_assigned,R1,G02049,
20260908_023026_d2fba4,5407,task_created,,G02054,type=PACK pickup=PICK-2 dropoff=PACK-2
20260908_023026_d2fba4,5408,task_completed,R9,G01608,
20260908_023026_d2fba4,5409,task_assigned,R9,G02054,
20260908_023026_d2fba4,5410,task_completed,R11,G01606,
20260908_023026_d2fba4,5411,task_assigned,R11,G02053,
20260908_023026_d2fba4,5411,task_created,,G02055,type=PUTAWAY pickup=RECV dropoff=B-05
20260908_023026_d2fba4,5412,task_completed,R5,G02042,
20260908_023026_d2fba4,5413,task_created,,G02056,type=SHIP pickup=STAGING dropoff=DOCK-1
20260908_023026_d2fba4,5413,task_assigned,R5,G02056,
20260908_023026_d2fba4,5415,task_completed,R7,G02023,
20260908_023026_d2fba4,5415,task_created,,G02057,type=PICK pickup=G-02 dropoff=PICK-3
20260908_023026_d2fba4,5416,task_completed,R4,G01602,
20260908_023026_d2fba4,5416,task_completed,R2,G02051,
20260908_023026_d2fba4,5416,task_assigned,R7,G02057,
20260908_023026_d2fba4,5417,task_assigned,R4,G01611,
20260908_023026_d2fba4,5417,task_assigned,R2,G01614,
20260908_023026_d2fba4,5417,task_completed,R8,G02044,
20260908_023026_d2fba4,5418,task_assigned,R8,G01618,
20260908_023026_d2fba4,5419,task_completed,R10,G02038,
20260908_023026_d2fba4,5419,task_created,,G02058,type=PUTAWAY pickup=RECV dropoff=F-08
20260908_023026_d2fba4,5419,task_created,,G02059,type=PACK pickup=PICK-3 dropoff=PACK-2
20260908_023026_d2fba4,5420,task_assigned,R10,G02059,
20260908_023026_d2fba4,5423,task_completed,R5,G02056,
20260908_023026_d2fba4,5424,task_assigned,R5,G01621,
20260908_023026_d2fba4,5424,task_completed,R6,G02040,
20260908_023026_d2fba4,5425,task_created,,G02060,type=PICK pickup=F-08 dropoff=PICK-2
20260908_023026_d2fba4,5425,task_assigned,R6,G02060,
20260908_023026_d2fba4,5427,task_created,,G02061,type=PUTAWAY pickup=RECV dropoff=D-05
20260908_023026_d2fba4,5427,task_created,,G02062,type=SHIP pickup=STAGING dropoff=DOCK-1
20260908_023026_d2fba4,5429,task_completed,R12,G02050,
20260908_023026_d2fba4,5430,task_assigned,R12,G02062,
20260908_023026_d2fba4,5431,task_created,,G02063,type=PACK pickup=PICK-2 dropoff=PACK-1
20260908_023026_d2fba4,5435,task_created,,G02064,type=PUTAWAY pickup=BUFFER dropoff=E-03
20260908_023026_d2fba4,5435,task_created,,G02065,type=PICK pickup=D-03 dropoff=PICK-1
20260908_023026_d2fba4,5436,task_completed,R4,G01611,
20260908_023026_d2fba4,5437,task_completed,R12,G02062,
20260908_023026_d2fba4,5437,task_assigned,R4,G02063,
20260908_023026_d2fba4,5438,task_completed,R10,G02059,
20260908_023026_d2fba4,5438,task_assigned,R12,G02065,
20260908_023026_d2fba4,5439,task_assigned,R10,G01623,
20260908_023026_d2fba4,5439,task_completed,R13,G02034,
20260908_023026_d2fba4,5439,task_completed,R9,G02054,
20260908_023026_d2fba4,5440,task_assigned,R13,G01627,
20260908_023026_d2fba4,5440,task_assigned,R9,G01629,
20260908_023026_d2fba4,5441,task_created,,G02066,type=SHIP pickup=STAGING dropoff=DOCK-1
20260908_023026_d2fba4,5443,task_completed,R2,G01614,
20260908_023026_d2fba4,5443,task_created,,G02067,type=PUTAWAY pickup=RECV dropoff=A-02
20260908_023026_d2fba4,5443,task_created,,G02068,type=PACK pickup=PICK-3 dropoff=PACK-2
20260908_023026_d2fba4,5444,task_assigned,R2,G02066,
20260908_023026_d2fba4,5445,task_created,,G02069,type=PICK pickup=A-01 dropoff=PICK-2
20260908_023026_d2fba4,5449,task_completed,R1,G02049,
20260908_023026_d2fba4,5450,task_assigned,R1,G02068,
20260908_023026_d2fba4,5451,task_created,,G02070,type=PUTAWAY pickup=BUFFER dropoff=G-05
20260908_023026_d2fba4,5453,task_completed,R11,G02053,
20260908_023026_d2fba4,5453,task_completed,R7,G02057,
20260908_023026_d2fba4,5454,task_assigned,R7,G01633,
20260908_023026_d2fba4,5454,task_completed,R6,G02060,
20260908_023026_d2fba4,5454,task_assigned,R11,G02069,
20260908_023026_d2fba4,5455,task_created,,G02071,type=PICK pickup=C-08 dropoff=PICK-1
20260908_023026_d2fba4,5455,task_created,,G02072,type=PACK pickup=PICK-3 dropoff=PACK-2
20260908_023026_d2fba4,5455,task_created,,G02073,type=SHIP pickup=STAGING dropoff=DOCK-2
20260908_023026_d2fba4,5455,task_assigned,R6,G02073,
20260908_023026_d2fba4,5457,task_completed,R5,G01621,
20260908_023026_d2fba4,5458,task_completed,R8,G01618,
20260908_023026_d2fba4,5458,task_assigned,R5,G02072,
20260908_023026_d2fba4,5459,task_completed,R4,G02063,
20260908_023026_d2fba4,5459,task_assigned,R8,G02071,
20260908_023026_d2fba4,5459,task_created,,G02074,type=PUTAWAY pickup=RECV dropoff=H-02
20260908_023026_d2fba4,5460,task_assigned,R4,G01636,
20260908_023026_d2fba4,5460,task_completed,R2,G02066,
20260908_023026_d2fba4,5461,task_assigned,R2,G01638,
20260908_023026_d2fba4,5463,task_completed,R6,G02073,
20260908_023026_d2fba4,5464,task_assigned,R6,G01642,
20260908_023026_d2fba4,5465,task_created,,G02075,type=PICK pickup=H-08 dropoff=PICK-1
20260908_023026_d2fba4,5467,task_created,,G02076,type=PUTAWAY pickup=RECV dropoff=C-05
20260908_023026_d2fba4,5467,task_created,,G02077,type=PACK pickup=PICK-1 dropoff=PACK-1
20260908_023026_d2fba4,5468,task_completed,R3,G02045,
20260908_023026_d2fba4,5469,task_created,,G02078,type=SHIP pickup=STAGING dropoff=DOCK-1
20260908_023026_d2fba4,5469,task_assigned,R3,G02078,
20260908_023026_d2fba4,5474,task_completed,R1,G02068,
20260908_023026_d2fba4,5475,task_completed,R5,G02072,
20260908_023026_d2fba4,5475,task_assigned,R1,G02077,
20260908_023026_d2fba4,5475,task_created,,G02079,type=PUTAWAY pickup=BUFFER dropoff=H-08
20260908_023026_d2fba4,5475,task_created,,G02080,type=PICK pickup=F-01 dropoff=PICK-1
20260908_023026_d2fba4,5476,task_assigned,R5,G02075,
20260908_023026_d2fba4,5479,task_created,,G02081,type=PACK pickup=PICK-1 dropoff=PACK-2
20260908_023026_d2fba4,5480,task_completed,R11,G02069,
20260908_023026_d2fba4,5481,task_assigned,R11,G02081,
20260908_023026_d2fba4,5482,task_completed,R10,G01623,
20260908_023026_d2fba4,5483,task_created,,G02082,type=PUTAWAY pickup=RECV dropoff=A-01
20260908_023026_d2fba4,5483,task_created,,G02083,type=SHIP pickup=STAGING dropoff=DOCK-2
20260908_023026_d2fba4,5483,task_assigned,R10,G02083,
20260908_023026_d2fba4,5485,task_completed,R3,G02078,
20260908_023026_d2fba4,5485,task_created,,G02084,type=PICK pickup=H-05 dropoff=PICK-3
20260908_023026_d2fba4,5486,task_completed,R13,G01627,
20260908_023026_d2fba4,5486,task_completed,R8,G02071,
20260908_023026_d2fba4,5486,task_assigned,R3,G02080,
20260908_023026_d2fba4,5487,task_assigned,R8,G01645,
20260908_023026_d2fba4,5487,task_assigned,R13,G02084,
20260908_023026_d2fba4,5488,task_completed,R7,G01633,
20260908_023026_d2fba4,5489,task_assigned,R7,G01648,
20260908_023026_d2fba4,5489,task_interrupted,R11,G02081,
20260908_023026_d2fba4,5491,task_created,,G02085,type=PUTAWAY pickup=RECV dropoff=E-05
20260908_023026_d2fba4,5491,task_created,,G02086,type=PACK pickup=PICK-2 dropoff=PACK-1
20260908_023026_d2fba4,5494,task_completed,R4,G01636,
20260908_023026_d2fba4,5494,task_completed,R12,G02065,
20260908_023026_d2fba4,5495,task_assigned,R4,G02081,
20260908_023026_d2fba4,5495,task_assigned,R12,G02086,
20260908_023026_d2fba4,5495,task_created,,G02087,type=PICK pickup=D-06 dropoff=PICK-2
20260908_023026_d2fba4,5497,task_created,,G02088,type=SHIP pickup=STAGING dropoff=DOCK-1
20260908_023026_d2fba4,5499,task_completed,R10,G02083,
20260908_023026_d2fba4,5499,task_created,,G02089,type=PUTAWAY pickup=RECV dropoff=E-06
20260908_023026_d2fba4,5500,task_completed,R6,G01642,
20260908_023026_d2fba4,5500,task_completed,R1,G02077,
20260908_023026_d2fba4,5500,task_assigned,R10,G02088,
20260908_023026_d2fba4,5501,task_assigned,R6,G01651,
20260908_023026_d2fba4,5501,task_assigned,R1,G02087,
20260908_023026_d2fba4,5503,task_interrupted,R7,G01648,
20260908_023026_d2fba4,5503,task_created,,G02090,type=PACK pickup=PICK-2 dropoff=PACK-1
20260908_023026_d2fba4,5504,task_completed,R2,G01638,
20260908_023026_d2fba4,5505,task_completed,R10,G02088,
20260908_023026_d2fba4,5505,task_assigned,R2,G02090,
20260908_023026_d2fba4,5505,task_created,,G02091,type=PICK pickup=D-06 dropoff=PICK-2
20260908_023026_d2fba4,5506,task_assigned,R10,G02091,
20260908_023026_d2fba4,5507,task_created,,G02092,type=PUTAWAY pickup=BUFFER dropoff=C-04
20260908_023026_d2fba4,5508,task_completed,R8,G01645,
20260908_023026_d2fba4,5508,task_completed,R12,G02086,
20260908_023026_d2fba4,5509,task_assigned,R8,G01648,
20260908_023026_d2fba4,5509,task_assigned,R12,G01654,
20260908_023026_d2fba4,5511,task_completed,R3,G02080,
20260908_023026_d2fba4,5511,task_created,,G02093,type=SHIP pickup=STAGING dropoff=DOCK-1
20260908_023026_d2fba4,5512,task_assigned,R3,G01656,
20260908_023026_d2fba4,5512,task_assigned,R11,G02093,
20260908_023026_d2fba4,5513,task_completed,R13,G02084,
20260908_023026_d2fba4,5514,task_assigned,R13,G01660,
20260908_023026_d2fba4,5515,task_created,,G02094,type=PUTAWAY pickup=RECV dropoff=D-02
20260908_023026_d2fba4,5515,task_created,,G02095,type=PICK pickup=C-05 dropoff=PICK-1
20260908_023026_d2fba4,5515,task_created,,G02096,type=PACK pickup=PICK-2 dropoff=PACK-2
20260908_023026_d2fba4,5518,task_completed,R2,G02090,
20260908_023026_d2fba4,5519,task_assigned,R2,G02096,
20260908_023026_d2fba4,5520,task_completed,R9,G01629,
20260908_023026_d2fba4,5520,task_completed,R5,G02075,
20260908_023026_d2fba4,5521,task_completed,R4,G02081,
20260908_023026_d2fba4,5521,task_assigned,R5,G02095,
20260908_023026_d2fba4,5522,task_assigned,R4,G01664,
20260908_023026_d2fba4,5523,task_created,,G02097,type=PUTAWAY pickup=BUFFER dropoff=D-05
20260908_023026_d2fba4,5524,task_interrupted,R2,G02096,
20260908_023026_d2fba4,5525,task_completed,R8,G01648,
20260908_023026_d2fba4,5525,task_created,,G02098,type=PICK pickup=D-04 dropoff=PICK-3
20260908_023026_d2fba4,5525,task_created,,G02099,type=SHIP pickup=STAGING dropoff=DOCK-1
20260908_023026_d2fba4,5526,task_assigned,R8,G02099,
20260908_023026_d2fba4,5527,task_completed,R11,G02093,
20260908_023026_d2fba4,5527,task_created,,G02100,type=PACK pickup=PICK-3 dropoff=PACK-2
20260908_023026_d2fba4,5528,task_assigned,R11,G02096,
20260908_023026_d2fba4,5531,task_created,,G02101,type=PUTAWAY pickup=RECV dropoff=B-05
20260908_023026_d2fba4,5533,task_completed,R6,G01651,
20260908_023026_d2fba4,5533,task_completed,R1,G02087,
20260908_023026_d2fba4,5534,task_assigned,R1,G01666,
20260908_023026_d2fba4,5534,task_assigned,R6,G02098,
20260908_023026_d2fba4,5534,task_assigned,R7,G02100,
20260908_023026_d2fba4,5535,task_completed,R12,G01654,
20260908_023026_d2fba4,5535,task_interrupted,R8,G02099,
20260908_023026_d2fba4,5535,task_created,,G02102,type=PICK pickup=H-02 dropoff=PICK-1
20260908_023026_d2fba4,5536,task_assigned,R12,G02099,
20260908_023026_d2fba4,5539,task_created,,G02103,type=PUTAWAY pickup=BUFFER dropoff=F-01
20260908_023026_d2fba4,5539,task_created,,G02104,type=PACK pickup=PICK-3 dropoff=PACK-1
20260908_023026_d2fba4,5539,task_created,,G02105,type=SHIP pickup=STAGING dropoff=DOCK-1
20260908_023026_d2fba4,5542,task_completed,R3,G01656,
20260908_023026_d2fba4,5542,task_completed,R13,G01660,
20260908_023026_d2fba4,5542,task_interrupted,R12,G02099,
20260908_023026_d2fba4,5543,task_assigned,R3,G02099,
20260908_023026_d2fba4,5543,task_assigned,R13,G02105,
20260908_023026_d2fba4,5545,task_created,,G02106,type=PICK pickup=D-05 dropoff=PICK-3
20260908_023026_d2fba4,5547,task_created,,G02107,type=PUTAWAY pickup=BUFFER dropoff=A-03
20260908_023026_d2fba4,5548,task_completed,R6,G02098,
20260908_023026_d2fba4,5549,task_completed,R10,G02091,
20260908_023026_d2fba4,5549,task_assigned,R6,G02104,
20260908_023026_d2fba4,5550,task_assigned,R10,G02102,
20260908_023026_d2fba4,5551,task_completed,R11,G02096,
20260908_023026_d2fba4,5551,task_created,,G02108,type=PACK pickup=PICK-2 dropoff=PACK-2
20260908_023026_d2fba4,5552,task_assigned,R11,G02108,
20260908_023026_d2fba4,5553,task_created,,G02109,type=SHIP pickup=STAGING dropoff=DOCK-2
20260908_023026_d2fba4,5555,task_assigned,R2,G02109,
20260908_023026_d2fba4,5555,task_created,,G02110,type=PUTAWAY pickup=RECV dropoff=H-07
20260908_023026_d2fba4,5555,task_created,,G02111,type=PICK pickup=D-03 dropoff=PICK-2
20260908_023026_d2fba4,5562,task_completed,R4,G01664,
20260908_023026_d2fba4,5562,task_completed,R13,G02105,
20260908_023026_d2fba4,5563,task_assigned,R13,G02106,
20260908_023026_d2fba4,5563,task_created,,G02112,type=PUTAWAY pickup=BUFFER dropoff=A-08
20260908_023026_d2fba4,5563,task_created,,G02113,type=PACK pickup=PICK-3 dropoff=PACK-2
20260908_023026_d2fba4,5563,task_assigned,R4,G02113,
20260908_023026_d2fba4,5565,task_completed,R6,G02104,
20260908_023026_d2fba4,5565,task_assigned,R8,G02111,
20260908_023026_d2fba4,5565,task_created,,G02114,type=PICK pickup=H-03 dropoff=PICK-3
20260908_023026_d2fba4,5566,task_assigned,R6,G02114,
20260908_023026_d2fba4,5567,task_interrupted,R5,G02095,
20260908_023026_d2fba4,5567,task_completed,R3,G02099,
20260908_023026_d2fba4,5567,task_created,,G02115,type=SHIP pickup=STAGING dropoff=DOCK-1
20260908_023026_d2fba4,5568,task_assigned,R3,G02115,
20260908_023026_d2fba4,5569,task_assigned,R12,G02095,
20260908_023026_d2fba4,5570,task_completed,R11,G02108,
20260908_023026_d2fba4,5571,task_assigned,R9,G01669,
20260908_023026_d2fba4,5571,task_assigned,R11,G01672,
20260908_023026_d2fba4,5571,task_completed,R2,G02109,
20260908_023026_d2fba4,5571,task_created,,G02116,type=PUTAWAY pickup=BUFFER dropoff=E-05
20260908_023026_d2fba4,5572,task_assigned,R2,G01675,
20260908_023026_d2fba4,5572,task_completed,R7,G02100,
20260908_023026_d2fba4,5573,task_assigned,R7,G01678,
20260908_023026_d2fba4,5573,task_completed,R3,G02115,
20260908_023026_d2fba4,5574,task_assigned,R3,G01682,
20260908_023026_d2fba4,5575,task_created,,G02117,type=PICK pickup=E-07 dropoff=PICK-3
20260908_023026_d2fba4,5575,task_created,,G02118,type=PACK pickup=PICK-2 dropoff=PACK-2
20260908_023026_d2fba4,5576,task_completed,R1,G01666,
20260908_023026_d2fba4,5577,task_assigned,R1,G02118,
20260908_023026_d2fba4,5579,task_created,,G02119,type=PUTAWAY pickup=RECV dropoff=F-04
20260908_023026_d2fba4,5581,task_created,,G02120,type=SHIP pickup=STAGING dropoff=DOCK-1
20260908_023026_d2fba4,5585,task_completed,R4,G02113,
20260908_023026_d2fba4,5585,task_created,,G02121,type=PICK pickup=G-04 dropoff=PICK-3
20260908_023026_d2fba4,5586,task_assigned,R4,G02120,
20260908_023026_d2fba4,5587,task_completed,R12,G02095,
20260908_023026_d2fba4,5587,task_created,,G02122,type=PUTAWAY pickup=RECV dropoff=F-03
20260908_023026_d2fba4,5587,task_created,,G02123,type=PACK pickup=PICK-1 dropoff=PACK-1
20260908_023026_d2fba4,5588,task_assigned,R12,G02123,
20260908_023026_d2fba4,5589,task_completed,R13,G02106,
20260908_023026_d2fba4,5591,task_completed,R10,G02102,
20260908_023026_d2fba4,5592,task_assigned,R5,G02117,
20260908_023026_d2fba4,5592,task_assigned,R13,G02121,
20260908_023026_d2fba4,5593,task_completed,R4,G02120,
20260908_023026_d2fba4,5594,task_assigned,R4,G01684,
20260908_023026_d2fba4,5594,task_completed,R1,G02118,
20260908_023026_d2fba4,5595,task_created,,G02124,type=PUTAWAY pickup=RECV dropoff=H-06
20260908_023026_d2fba4,5595,task_created,,G02125,type=PICK pickup=G-07 dropoff=PICK-3
20260908_023026_d2fba4,5595,task_created,,G02126,type=SHIP pickup=STAGING dropoff=DOCK-1
20260908_023026_d2fba4,5595,task_assigned,R1,G02126,
20260908_023026_d2fba4,5596,task_interrupted,R4,G01684,
20260908_023026_d2fba4,5597,task_completed,R12,G02123,
20260908_023026_d2fba4,5598,task_completed,R6,G02114,
20260908_023026_d2fba4,5598,task_assigned,R12,G02125,
20260908_023026_d2fba4,5599,task_created,,G02127,type=PACK pickup=PICK-2 dropoff=PACK-1
20260908_023026_d2fba4,5599,task_assigned,R6,G02127,
20260908_023026_d2fba4,5602,task_completed,R1,G02126,
20260908_023026_d2fba4,5603,task_completed,R2,G01675,
20260908_023026_d2fba4,5603,task_assigned,R1,G01684,
20260908_023026_d2fba4,5603,task_interrupted,R13,G02121,
20260908_023026_d2fba4,5603,task_created,,G02128,type=PUTAWAY pickup=RECV dropoff=A-06
20260908_023026_d2fba4,5604,task_assigned,R2,G02121,
20260908_023026_d2fba4,5605,task_created,,G02129,type=PICK pickup=F-06 dropoff=PICK-3
20260908_023026_d2fba4,5608,task_completed,R3,G01682,
20260908_023026_d2fba4,5609,task_created,,G02130,type=SHIP pickup=STAGING dropoff=DOCK-2
20260908_023026_d2fba4,5609,task_assigned,R3,G02130,
20260908_023026_d2fba4,5610,task_completed,R2,G02121,
20260908_023026_d2fba4,5611,task_completed,R11,G01672,
20260908_023026_d2fba4,5611,task_created,,G02131,type=PUTAWAY pickup=BUFFER dropoff=A-01
20260908_023026_d2fba4,5611,task_created,,G02132,type=PACK pickup=PICK-3 dropoff=PACK-2
20260908_023026_d2fba4,5611,task_assigned,R2,G02132,
20260908_023026_d2fba4,5612,task_assigned,R11,G01687,
20260908_023026_d2fba4,5612,task_completed,R6,G02127,
20260908_023026_d2fba4,5612,task_assigned,R10,G02129,
20260908_023026_d2fba4,5615,task_created,,G02133,type=PICK pickup=B-04 dropoff=PICK-1
20260908_023026_d2fba4,5615,task_interrupted,,G02133,
20260908_023026_d2fba4,5616,task_interrupted,R3,G02130,
20260908_023026_d2fba4,5617,task_completed,R7,G01678,
20260908_023026_d2fba4,5618,task_assigned,R7,G02130,
20260908_023026_d2fba4,5619,task_completed,R12,G02125,
20260908_023026_d2fba4,5619,task_completed,R2,G02132,
20260908_023026_d2fba4,5619,task_created,,G02134,type=PUTAWAY pickup=RECV dropoff=E-07
20260908_023026_d2fba4,5620,task_assigned,R12,G01691,
20260908_023026_d2fba4,5620,task_assigned,R2,G01693,
20260908_023026_d2fba4,5620,task_completed,R8,G02111,
20260908_023026_d2fba4,5620,task_assigned,R4,G02133,
20260908_023026_d2fba4,5621,task_assigned,R8,G01697,
20260908_023026_d2fba4,5623,task_interrupted,R1,G01684,
20260908_023026_d2fba4,5623,task_created,,G02135,type=PACK pickup=PICK-3 dropoff=PACK-2
20260908_023026_d2fba4,5623,task_created,,G02136,type=SHIP pickup=STAGING dropoff=DOCK-1
20260908_023026_d2fba4,5625,task_completed,R9,G01669,
20260908_023026_d2fba4,5625,task_created,,G02137,type=PICK pickup=E-01 dropoff=PICK-1
20260908_023026_d2fba4,5626,task_assigned,R9,G02136,
20260908_023026_d2fba4,5627,task_created,,G02138,type=PUTAWAY pickup=BUFFER dropoff=H-02
20260908_023026_d2fba4,5635,task_created,,G02139,type=PUTAWAY pickup=RECV dropoff=A-01
20260908_023026_d2fba4,5635,task_created,,G02140,type=PICK pickup=H-06 dropoff=PICK-2
20260908_023026_d2fba4,5635,task_created,,G02141,type=PACK pickup=PICK-1 dropoff=PACK-2
20260908_023026_d2fba4,5636,task_completed,R5,G02117,
20260908_023026_d2fba4,5637,task_assigned,R5,G02135,
20260908_023026_d2fba4,5637,task_created,,G02142,type=SHIP pickup=STAGING dropoff=DOCK-2
20260908_023026_d2fba4,5637,task_assigned,R6,G02142,
20260908_023026_d2fba4,5639,task_completed,R9,G02136,
20260908_023026_d2fba4,5640,task_assigned,R9,G02141,
20260908_023026_d2fba4,5641,task_completed,R11,G01687,
20260908_023026_d2fba4,5642,task_assigned,R11,G02137,
20260908_023026_d2fba4,5643,task_completed,R8,G01697,
20260908_023026_d2fba4,5643,task_completed,R7,G02130,
20260908_023026_d2fba4,5643,task_created,,G02143,type=PUTAWAY pickup=RECV dropoff=D-04
20260908_023026_d2fba4,5644,task_assigned,R8,G01684,
20260908_023026_d2fba4,5644,task_assigned,R7,G01699,
20260908_023026_d2fba4,5644,task_assigned,R13,G02140,
20260908_023026_d2fba4,5645,task_completed,R5,G02135,
20260908_023026_d2fba4,5645,task_created,,G02144,type=PICK pickup=D-07 dropoff=PICK-2
20260908_023026_d2fba4,5646,task_assigned,R5,G02144,
20260908_023026_d2fba4,5647,task_created,,G02145,type=PACK pickup=PICK-1 dropoff=PACK-2
20260908_023026_d2fba4,5648,task_assigned,R3,G02145,
20260908_023026_d2fba4,5650,task_completed,R12,G01691,
20260908_023026_d2fba4,5651,task_created,,G02146,type=PUTAWAY pickup=RECV dropoff=H-06
20260908_023026_d2fba4,5651,task_created,,G02147,type=SHIP pickup=STAGING dropoff=DOCK-1
20260908_023026_d2fba4,5651,task_assigned,R12,G02147,
20260908_023026_d2fba4,5652,task_completed,R6,G02142,
20260908_023026_d2fba4,5653,task_assigned,R6,G01702,
20260908_023026_d2fba4,5654,task_completed,R2,G01693,
20260908_023026_d2fba4,5655,task_completed,R10,G02129,
20260908_023026_d2fba4,5655,task_created,,G02148,type=PICK pickup=F-02 dropoff=PICK-1
20260908_023026_d2fba4,5655,task_assigned,R2,G02148,
20260908_023026_d2fba4,5656,task_completed,R8,G01684,
20260908_023026_d2fba4,5656,task_assigned,R10,G01706,
20260908_023026_d2fba4,5657,task_assigned,R8,G01709,
20260908_023026_d2fba4,5657,task_completed,R4,G02133,
20260908_023026_d2fba4,5658,task_assigned,R4,G01712,
20260908_023026_d2fba4,5659,task_created,,G02149,type=PUTAWAY pickup=RECV dropoff=E-08
20260908_023026_d2fba4,5659,task_created,,G02150,type=PACK pickup=PICK-2 dropoff=PACK-2
20260908_023026_d2fba4,5660,task_assigned,R1,G02150,
20260908_023026_d2fba4,5665,task_created,,G02151,type=PICK pickup=C-07 dropoff=PICK-1
20260908_023026_d2fba4,5665,task_created,,G02152,type=SHIP pickup=STAGING dropoff=DOCK-1
20260908_023026_d2fba4,5666,task_completed,R2,G02148,
20260908_023026_d2fba4,5667,task_assigned,R2,G02152,
20260908_023026_d2fba4,5667,task_created,,G02153,type=PUTAWAY pickup=RECV dropoff=E-06
20260908_023026_d2fba4,5669,task_completed,R9,G02141,
20260908_023026_d2fba4,5670,task_completed,R8,G01709,
20260908_023026_d2fba4,5670,task_assigned,R9,G02151,
20260908_023026_d2fba4,5671,task_created,,G02154,type=PACK pickup=PICK-1 dropoff=PACK-1
20260908_023026_d2fba4,5671,task_assigned,R8,G02154,
20260908_023026_d2fba4,5675,task_completed,R3,G02145,
20260908_023026_d2fba4,5675,task_completed,R12,G02147,
20260908_023026_d2fba4,5675,task_created,,G02155,type=PUTAWAY pickup=BUFFER dropoff=E-03
20260908_023026_d2fba4,5675,task_created,,G02156,type=PICK pickup=G-02 dropoff=PICK-3
20260908_023026_d2fba4,5676,task_assigned,R12,G01714,
20260908_023026_d2fba4,5676,task_assigned,R3,G02156,
20260908_023026_d2fba4,5679,task_completed,R7,G01699,
20260908_023026_d2fba4,5679,task_created,,G02157,type=SHIP pickup=STAGING dropoff=DOCK-1
20260908_023026_d2fba4,5680,task_completed,R5,G02144,
20260908_023026_d2fba4,5680,task_assigned,R7,G02157,
