run_id,tick,event_type,robot_id,task_id,details
20260909_103310_9e1265,3,task_created,,G00001,type=PUTAWAY pickup=RECV dropoff=C-01
20260909_103310_9e1265,3,task_assigned,R10,G00001,
20260909_103310_9e1265,5,task_created,,G00002,type=PICK pickup=F-04 dropoff=PICK-1
20260909_103310_9e1265,5,task_assigned,R11,G00002,
20260909_103310_9e1265,7,task_created,,G00003,type=PACK pickup=PICK-2 dropoff=PACK-2
20260909_103310_9e1265,7,task_assigned,R1,G00003,
20260909_103310_9e1265,9,task_created,,G00004,type=SHIP pickup=STAGING dropoff=DOCK-1
20260909_103310_9e1265,9,task_assigned,R3,G00004,
20260909_103310_9e1265,11,task_created,,G00005,type=PUTAWAY pickup=RECV dropoff=F-07
20260909_103310_9e1265,11,task_assigned,R6,G00005,
20260909_103310_9e1265,15,task_created,,G00006,type=PICK pickup=B-05 dropoff=PICK-2
20260909_103310_9e1265,15,task_assigned,R12,G00006,
20260909_103310_9e1265,16,task_completed,R3,G00004,
20260909_103310_9e1265,18,task_completed,R10,G00001,
20260909_103310_9e1265,19,task_created,,G00007,type=PUTAWAY pickup=BUFFER dropoff=A-02
20260909_103310_9e1265,19,task_assigned,R10,G00007,
20260909_103310_9e1265,19,task_created,,G00008,type=PACK pickup=PICK-1 dropoff=PACK-2
20260909_103310_9e1265,19,task_assigned,R3,G00008,
20260909_103310_9e1265,22,task_completed,R11,G00002,
20260909_103310_9e1265,22,task_completed,R1,G00003,
20260909_103310_9e1265,23,task_created,,G00009,type=SHIP pickup=STAGING dropoff=DOCK-1
20260909_103310_9e1265,23,task_assigned,R1,G00009,
20260909_103310_9e1265,25,task_created,,G00010,type=PICK pickup=F-04 dropoff=PICK-3
20260909_103310_9e1265,25,task_assigned,R11,G00010,
20260909_103310_9e1265,27,task_created,,G00011,type=PUTAWAY pickup=RECV dropoff=A-07
20260909_103310_9e1265,27,task_assigned,R4,G00011,
20260909_103310_9e1265,30,task_completed,R1,G00009,
20260909_103310_9e1265,31,task_created,,G00012,type=PACK pickup=PICK-1 dropoff=PACK-1
20260909_103310_9e1265,31,task_assigned,R1,G00012,
20260909_103310_9e1265,31,robot_blocked,R11,,"{""x"": 7, ""y"": 5}"
20260909_103310_9e1265,33,task_completed,R6,G00005,
20260909_103310_9e1265,35,task_completed,R12,G00006,
20260909_103310_9e1265,35,task_created,,G00013,type=PUTAWAY pickup=RECV dropoff=B-03
20260909_103310_9e1265,35,task_assigned,R6,G00013,
20260909_103310_9e1265,35,task_created,,G00014,type=PICK pickup=C-05 dropoff=PICK-2
20260909_103310_9e1265,35,task_assigned,R2,G00014,
20260909_103310_9e1265,37,task_completed,R10,G00007,
20260909_103310_9e1265,37,task_created,,G00015,type=SHIP pickup=STAGING dropoff=DOCK-1
20260909_103310_9e1265,37,task_assigned,R7,G00015,
20260909_103310_9e1265,39,robot_blocked,R3,,"{""x"": 11, ""y"": 8}"
20260909_103310_9e1265,39,robot_blocked,R4,,"{""x"": 13, ""y"": 1}"
20260909_103310_9e1265,43,task_created,,G00016,type=PUTAWAY pickup=RECV dropoff=F-07
20260909_103310_9e1265,43,task_assigned,R10,G00016,
20260909_103310_9e1265,43,task_created,,G00017,type=PACK pickup=PICK-1 dropoff=PACK-2
20260909_103310_9e1265,43,task_assigned,R12,G00017,
20260909_103310_9e1265,44,task_completed,R7,G00015,
20260909_103310_9e1265,45,task_created,,G00018,type=PICK pickup=C-05 dropoff=PICK-3
20260909_103310_9e1265,45,task_assigned,R7,G00018,
20260909_103310_9e1265,49,task_completed,R3,G00008,
20260909_103310_9e1265,49,robot_blocked,R6,,"{""x"": 3, ""y"": 1}"
20260909_103310_9e1265,49,robot_blocked,R10,,"{""x"": 2, ""y"": 1}"
20260909_103310_9e1265,51,task_created,,G00019,type=PUTAWAY pickup=BUFFER dropoff=C-01
20260909_103310_9e1265,51,task_assigned,R3,G00019,
20260909_103310_9e1265,51,task_created,,G00020,type=SHIP pickup=STAGING dropoff=DOCK-2
20260909_103310_9e1265,51,task_assigned,R5,G00020,
20260909_103310_9e1265,53,task_completed,R1,G00012,
20260909_103310_9e1265,53,task_completed,R2,G00014,
20260909_103310_9e1265,55,task_created,,G00021,type=PICK pickup=F-02 dropoff=PICK-2
20260909_103310_9e1265,55,task_assigned,R2,G00021,
20260909_103310_9e1265,55,task_created,,G00022,type=PACK pickup=PICK-3 dropoff=PACK-2
20260909_103310_9e1265,55,task_assigned,R9,G00022,
20260909_103310_9e1265,58,task_completed,R11,G00010,
20260909_103310_9e1265,59,task_created,,G00023,type=PUTAWAY pickup=BUFFER dropoff=E-02
20260909_103310_9e1265,59,task_assigned,R11,G00023,
20260909_103310_9e1265,61,task_completed,R5,G00020,
20260909_103310_9e1265,61,robot_blocked,R2,,"{""x"": 10, ""y"": 4}"
20260909_103310_9e1265,63,task_completed,R6,G00013,
20260909_103310_9e1265,65,task_created,,G00024,type=PICK pickup=H-03 dropoff=PICK-3
20260909_103310_9e1265,65,task_assigned,R6,G00024,
20260909_103310_9e1265,65,task_created,,G00025,type=SHIP pickup=STAGING dropoff=DOCK-1
20260909_103310_9e1265,65,task_assigned,R5,G00025,
20260909_103310_9e1265,66,task_completed,R4,G00011,
20260909_103310_9e1265,67,task_created,,G00026,type=PUTAWAY pickup=RECV dropoff=H-05
20260909_103310_9e1265,67,task_assigned,R4,G00026,
20260909_103310_9e1265,67,task_created,,G00027,type=PACK pickup=PICK-1 dropoff=PACK-1
20260909_103310_9e1265,67,task_assigned,R1,G00027,
20260909_103310_9e1265,68,task_completed,R12,G00017,
20260909_103310_9e1265,69,task_completed,R10,G00016,
20260909_103310_9e1265,69,task_completed,R7,G00018,
20260909_103310_9e1265,70,task_completed,R5,G00025,
20260909_103310_9e1265,73,task_completed,R3,G00019,
20260909_103310_9e1265,73,robot_blocked,R9,,"{""x"": 15, ""y"": 11}"
20260909_103310_9e1265,75,task_completed,R9,G00022,
20260909_103310_9e1265,75,task_created,,G00028,type=PUTAWAY pickup=RECV dropoff=G-04
20260909_103310_9e1265,75,task_assigned,R10,G00028,
20260909_103310_9e1265,75,task_created,,G00029,type=PICK pickup=D-02 dropoff=PICK-2
20260909_103310_9e1265,75,task_assigned,R7,G00029,
20260909_103310_9e1265,79,task_created,,G00030,type=PACK pickup=PICK-2 dropoff=PACK-1
20260909_103310_9e1265,79,task_assigned,R3,G00030,
20260909_103310_9e1265,79,task_created,,G00031,type=SHIP pickup=STAGING dropoff=DOCK-1
20260909_103310_9e1265,79,task_assigned,R5,G00031,
20260909_103310_9e1265,83,task_created,,G00032,type=PUTAWAY pickup=BUFFER dropoff=C-07
20260909_103310_9e1265,83,task_assigned,R9,G00032,
20260909_103310_9e1265,84,task_completed,R5,G00031,
20260909_103310_9e1265,85,task_completed,R6,G00024,
20260909_103310_9e1265,85,task_created,,G00033,type=PICK pickup=A-03 dropoff=PICK-3
20260909_103310_9e1265,85,task_assigned,R5,G00033,
20260909_103310_9e1265,86,task_completed,R1,G00027,
20260909_103310_9e1265,88,task_completed,R11,G00023,
20260909_103310_9e1265,91,task_completed,R3,G00030,
20260909_103310_9e1265,91,task_created,,G00034,type=PUTAWAY pickup=BUFFER dropoff=B-05
20260909_103310_9e1265,91,task_assigned,R11,G00034,
20260909_103310_9e1265,91,task_created,,G00035,type=PACK pickup=PICK-1 dropoff=PACK-1
20260909_103310_9e1265,91,task_assigned,R1,G00035,
20260909_103310_9e1265,93,task_completed,R2,G00021,
20260909_103310_9e1265,93,task_created,,G00036,type=SHIP pickup=STAGING dropoff=DOCK-1
20260909_103310_9e1265,93,task_assigned,R3,G00036,
20260909_103310_9e1265,93,robot_blocked,R7,,"{""x"": 14, ""y"": 4}"
20260909_103310_9e1265,95,task_created,,G00037,type=PICK pickup=H-07 dropoff=PICK-3
20260909_103310_9e1265,95,task_assigned,R6,G00037,
20260909_103310_9e1265,96,task_completed,R4,G00026,
20260909_103310_9e1265,99,task_completed,R7,G00029,
20260909_103310_9e1265,99,task_completed,R3,G00036,
20260909_103310_9e1265,99,task_created,,G00038,type=PUTAWAY pickup=BUFFER dropoff=H-04
20260909_103310_9e1265,99,task_assigned,R2,G00038,
20260909_103310_9e1265,103,task_created,,G00039,type=PACK pickup=PICK-3 dropoff=PACK-1
20260909_103310_9e1265,103,task_assigned,R12,G00039,
20260909_103310_9e1265,105,task_completed,R9,G00032,
20260909_103310_9e1265,105,task_created,,G00040,type=PICK pickup=E-06 dropoff=PICK-3
20260909_103310_9e1265,105,task_assigned,R7,G00040,
20260909_103310_9e1265,107,task_created,,G00041,type=PUTAWAY pickup=RECV dropoff=G-03
20260909_103310_9e1265,107,task_assigned,R9,G00041,
20260909_103310_9e1265,107,task_created,,G00042,type=SHIP pickup=STAGING dropoff=DOCK-2
20260909_103310_9e1265,107,task_assigned,R3,G00042,
20260909_103310_9e1265,110,task_completed,R1,G00035,
20260909_103310_9e1265,112,task_completed,R3,G00042,
20260909_103310_9e1265,115,task_created,,G00043,type=PUTAWAY pickup=RECV dropoff=C-06
20260909_103310_9e1265,115,task_assigned,R1,G00043,
20260909_103310_9e1265,115,task_created,,G00044,type=PICK pickup=F-04 dropoff=PICK-3
20260909_103310_9e1265,115,task_assigned,R4,G00044,
20260909_103310_9e1265,115,task_created,,G00045,type=PACK pickup=PICK-2 dropoff=PACK-2
20260909_103310_9e1265,115,task_assigned,R3,G00045,
20260909_103310_9e1265,116,task_completed,R11,G00034,
20260909_103310_9e1265,121,task_completed,R5,G00033,
20260909_103310_9e1265,121,task_created,,G00046,type=SHIP pickup=STAGING dropoff=DOCK-1
20260909_103310_9e1265,121,task_assigned,R8,G00046,
20260909_103310_9e1265,123,task_completed,R2,G00038,
20260909_103310_9e1265,123,task_created,,G00047,type=PUTAWAY pickup=RECV dropoff=B-03
20260909_103310_9e1265,123,task_assigned,R11,G00047,
20260909_103310_9e1265,124,task_completed,R12,G00039,
20260909_103310_9e1265,125,task_created,,G00048,type=PICK pickup=F-05 dropoff=PICK-3
20260909_103310_9e1265,125,task_assigned,R12,G00048,
20260909_103310_9e1265,127,task_completed,R6,G00037,
20260909_103310_9e1265,127,task_created,,G00049,type=PACK pickup=PICK-2 dropoff=PACK-2
20260909_103310_9e1265,127,task_assigned,R5,G00049,
20260909_103310_9e1265,130,task_completed,R3,G00045,
20260909_103310_9e1265,131,task_created,,G00050,type=PUTAWAY pickup=BUFFER dropoff=H-02
20260909_103310_9e1265,131,task_assigned,R2,G00050,
20260909_103310_9e1265,132,task_completed,R10,G00028,
20260909_103310_9e1265,134,task_completed,R8,G00046,
20260909_103310_9e1265,135,task_created,,G00051,type=PICK pickup=H-03 dropoff=PICK-1
20260909_103310_9e1265,135,task_assigned,R6,G00051,
20260909_103310_9e1265,135,task_created,,G00052,type=SHIP pickup=STAGING dropoff=DOCK-2
20260909_103310_9e1265,135,task_assigned,R8,G00052,
20260909_103310_9e1265,137,task_completed,R4,G00044,
20260909_103310_9e1265,139,task_created,,G00053,type=PUTAWAY pickup=BUFFER dropoff=H-03
20260909_103310_9e1265,139,task_assigned,R10,G00053,
20260909_103310_9e1265,139,task_created,,G00054,type=PACK pickup=PICK-1 dropoff=PACK-1
20260909_103310_9e1265,139,task_assigned,R3,G00054,
20260909_103310_9e1265,140,task_completed,R8,G00052,
20260909_103310_9e1265,141,task_completed,R9,G00041,
20260909_103310_9e1265,142,task_completed,R7,G00040,
20260909_103310_9e1265,143,task_completed,R5,G00049,
20260909_103310_9e1265,145,task_created,,G00055,type=PICK pickup=E-08 dropoff=PICK-1
20260909_103310_9e1265,145,task_assigned,R9,G00055,
20260909_103310_9e1265,147,task_created,,G00056,type=PUTAWAY pickup=BUFFER dropoff=G-07
20260909_103310_9e1265,147,task_assigned,R5,G00056,
20260909_103310_9e1265,149,task_created,,G00057,type=SHIP pickup=STAGING dropoff=DOCK-2
20260909_103310_9e1265,149,task_assigned,R8,G00057,
20260909_103310_9e1265,149,robot_blocked,R1,,"{""x"": 12, ""y"": 4}"
20260909_103310_9e1265,150,task_completed,R11,G00047,
20260909_103310_9e1265,151,task_created,,G00058,type=PACK pickup=PICK-2 dropoff=PACK-2
20260909_103310_9e1265,151,task_assigned,R7,G00058,
20260909_103310_9e1265,153,robot_blocked,R12,,"{""x"": 18, ""y"": 8}"
20260909_103310_9e1265,154,task_completed,R8,G00057,
20260909_103310_9e1265,154,robot_blocked,R5,,"{""x"": 12, ""y"": 8}"
20260909_103310_9e1265,155,task_created,,G00059,type=PUTAWAY pickup=BUFFER dropoff=C-07
20260909_103310_9e1265,155,task_assigned,R11,G00059,
20260909_103310_9e1265,155,task_created,,G00060,type=PICK pickup=B-06 dropoff=PICK-2
20260909_103310_9e1265,155,task_assigned,R8,G00060,
20260909_103310_9e1265,157,task_completed,R1,G00043,
20260909_103310_9e1265,159,task_completed,R2,G00050,
20260909_103310_9e1265,160,task_completed,R12,G00048,
20260909_103310_9e1265,163,task_completed,R3,G00054,
20260909_103310_9e1265,163,task_created,,G00061,type=PUTAWAY pickup=RECV dropoff=B-05
20260909_103310_9e1265,163,task_assigned,R1,G00061,
20260909_103310_9e1265,163,task_created,,G00062,type=PACK pickup=PICK-3 dropoff=PACK-1
20260909_103310_9e1265,163,task_assigned,R12,G00062,
20260909_103310_9e1265,163,task_created,,G00063,type=SHIP pickup=STAGING dropoff=DOCK-1
20260909_103310_9e1265,163,task_assigned,R4,G00063,
20260909_103310_9e1265,165,task_created,,G00064,type=PICK pickup=C-03 dropoff=PICK-1
20260909_103310_9e1265,165,task_assigned,R2,G00064,
20260909_103310_9e1265,166,task_completed,R6,G00051,
20260909_103310_9e1265,171,task_completed,R9,G00055,
20260909_103310_9e1265,171,task_created,,G00065,type=PUTAWAY pickup=RECV dropoff=D-03
20260909_103310_9e1265,171,task_assigned,R6,G00065,
20260909_103310_9e1265,174,task_completed,R7,G00058,
20260909_103310_9e1265,175,task_created,,G00066,type=PICK pickup=E-02 dropoff=PICK-3
20260909_103310_9e1265,175,task_assigned,R9,G00066,
20260909_103310_9e1265,175,task_created,,G00067,type=PACK pickup=PICK-1 dropoff=PACK-2
20260909_103310_9e1265,175,task_assigned,R3,G00067,
20260909_103310_9e1265,176,task_completed,R12,G00062,
20260909_103310_9e1265,177,task_created,,G00068,type=SHIP pickup=STAGING dropoff=DOCK-1
20260909_103310_9e1265,177,task_assigned,R12,G00068,
20260909_103310_9e1265,179,task_created,,G00069,type=PUTAWAY pickup=BUFFER dropoff=H-01
20260909_103310_9e1265,179,task_assigned,R7,G00069,
20260909_103310_9e1265,180,task_completed,R4,G00063,
20260909_103310_9e1265,181,task_completed,R8,G00060,
20260909_103310_9e1265,185,task_created,,G00070,type=PICK pickup=B-05 dropoff=PICK-2
20260909_103310_9e1265,185,task_assigned,R8,G00070,
20260909_103310_9e1265,186,task_completed,R10,G00053,
20260909_103310_9e1265,186,task_completed,R12,G00068,
20260909_103310_9e1265,187,task_completed,R1,G00061,
20260909_103310_9e1265,187,task_created,,G00071,type=PUTAWAY pickup=BUFFER dropoff=A-01
20260909_103310_9e1265,187,task_assigned,R10,G00071,
20260909_103310_9e1265,187,task_created,,G00072,type=PACK pickup=PICK-3 dropoff=PACK-2
20260909_103310_9e1265,187,task_assigned,R4,G00072,
20260909_103310_9e1265,189,task_completed,R5,G00056,
20260909_103310_9e1265,191,task_created,,G00073,type=SHIP pickup=STAGING dropoff=DOCK-2
20260909_103310_9e1265,191,task_assigned,R12,G00073,
20260909_103310_9e1265,191,robot_blocked,R8,,"{""x"": 10, ""y"": 4}"
20260909_103310_9e1265,193,task_completed,R11,G00059,
20260909_103310_9e1265,195,task_created,,G00074,type=PUTAWAY pickup=BUFFER dropoff=D-02
20260909_103310_9e1265,195,task_assigned,R11,G00074,
20260909_103310_9e1265,195,task_created,,G00075,type=PICK pickup=F-08 dropoff=PICK-2
20260909_103310_9e1265,195,task_assigned,R1,G00075,
20260909_103310_9e1265,196,task_completed,R2,G00064,
20260909_103310_9e1265,196,task_completed,R12,G00073,
20260909_103310_9e1265,199,task_completed,R3,G00067,
20260909_103310_9e1265,199,task_created,,G00076,type=PACK pickup=PICK-1 dropoff=PACK-1
20260909_103310_9e1265,199,task_assigned,R2,G00076,
20260909_103310_9e1265,203,task_created,,G00077,type=PUTAWAY pickup=BUFFER dropoff=H-03
20260909_103310_9e1265,203,task_assigned,R5,G00077,
20260909_103310_9e1265,205,task_created,,G00078,type=PICK pickup=F-02 dropoff=PICK-2
20260909_103310_9e1265,205,task_assigned,R3,G00078,
20260909_103310_9e1265,205,task_created,,G00079,type=SHIP pickup=STAGING dropoff=DOCK-1
20260909_103310_9e1265,205,task_assigned,R12,G00079,
20260909_103310_9e1265,208,task_completed,R6,G00065,
20260909_103310_9e1265,208,task_completed,R2,G00076,
20260909_103310_9e1265,210,task_completed,R12,G00079,
20260909_103310_9e1265,211,task_completed,R4,G00072,
20260909_103310_9e1265,211,task_created,,G00080,type=PUTAWAY pickup=RECV dropoff=H-05
20260909_103310_9e1265,211,task_assigned,R2,G00080,
20260909_103310_9e1265,211,task_created,,G00081,type=PACK pickup=PICK-3 dropoff=PACK-1
20260909_103310_9e1265,211,task_assigned,R6,G00081,
20260909_103310_9e1265,215,task_created,,G00082,type=PICK pickup=A-08 dropoff=PICK-2
20260909_103310_9e1265,215,task_assigned,R12,G00082,
20260909_103310_9e1265,216,task_completed,R1,G00075,
20260909_103310_9e1265,219,task_created,,G00083,type=PUTAWAY pickup=RECV dropoff=A-03
20260909_103310_9e1265,219,task_assigned,R1,G00083,
20260909_103310_9e1265,219,task_created,,G00084,type=SHIP pickup=STAGING dropoff=DOCK-2
20260909_103310_9e1265,219,task_assigned,R4,G00084,
20260909_103310_9e1265,220,task_completed,R9,G00066,
20260909_103310_9e1265,223,task_created,,G00085,type=PACK pickup=PICK-1 dropoff=PACK-1
20260909_103310_9e1265,223,task_assigned,R9,G00085,
20260909_103310_9e1265,225,task_created,,G00086,type=PICK pickup=C-02 dropoff=PICK-3
20260909_103310_9e1265,226,task_completed,R4,G00084,
20260909_103310_9e1265,227,task_created,,G00087,type=PUTAWAY pickup=RECV dropoff=H-07
20260909_103310_9e1265,227,task_assigned,R4,G00087,
20260909_103310_9e1265,232,task_completed,R6,G00081,
20260909_103310_9e1265,233,task_completed,R11,G00074,
20260909_103310_9e1265,233,task_assigned,R6,G00086,
20260909_103310_9e1265,233,task_created,,G00088,type=SHIP pickup=STAGING dropoff=DOCK-2
20260909_103310_9e1265,234,task_assigned,R11,G00088,
20260909_103310_9e1265,235,task_completed,R5,G00077,
20260909_103310_9e1265,235,task_created,,G00089,type=PUTAWAY pickup=RECV dropoff=H-03
20260909_103310_9e1265,235,task_created,,G00090,type=PICK pickup=G-04 dropoff=PICK-1
20260909_103310_9e1265,235,task_created,,G00091,type=PACK pickup=PICK-1 dropoff=PACK-1
20260909_103310_9e1265,236,task_interrupted,R11,G00088,
20260909_103310_9e1265,236,task_assigned,R5,G00089,
20260909_103310_9e1265,238,task_completed,R8,G00070,
20260909_103310_9e1265,239,task_completed,R10,G00071,
20260909_103310_9e1265,239,task_assigned,R8,G00090,
20260909_103310_9e1265,240,task_assigned,R10,G00091,
20260909_103310_9e1265,241,task_completed,R12,G00082,
20260909_103310_9e1265,242,task_assigned,R12,G00088,
20260909_103310_9e1265,243,task_created,,G00092,type=PUTAWAY pickup=BUFFER dropoff=F-05
20260909_103310_9e1265,245,task_completed,R1,G00083,
20260909_103310_9e1265,245,task_created,,G00093,type=PICK pickup=E-05 dropoff=PICK-3
20260909_103310_9e1265,246,task_assigned,R1,G00092,
20260909_103310_9e1265,247,task_interrupted,R10,G00091,
20260909_103310_9e1265,247,task_created,,G00094,type=PACK pickup=PICK-3 dropoff=PACK-1
20260909_103310_9e1265,247,task_created,,G00095,type=SHIP pickup=STAGING dropoff=DOCK-2
20260909_103310_9e1265,248,task_completed,R3,G00078,
20260909_103310_9e1265,248,task_interrupted,R6,G00086,
20260909_103310_9e1265,249,task_completed,R7,G00069,
20260909_103310_9e1265,249,task_assigned,R3,G00086,
20260909_103310_9e1265,250,task_completed,R9,G00085,
20260909_103310_9e1265,250,task_completed,R12,G00088,
20260909_103310_9e1265,250,task_assigned,R7,G00093,
20260909_103310_9e1265,251,task_assigned,R12,G00091,
20260909_103310_9e1265,251,task_created,,G00096,type=PUTAWAY pickup=RECV dropoff=F-05
20260909_103310_9e1265,251,task_assigned,R9,G00096,
20260909_103310_9e1265,254,task_completed,R2,G00080,
20260909_103310_9e1265,255,task_created,,G00097,type=PICK pickup=G-02 dropoff=PICK-2
20260909_103310_9e1265,255,task_assigned,R2,G00097,
20260909_103310_9e1265,257,task_interrupted,R1,G00092,
20260909_103310_9e1265,259,task_created,,G00098,type=PUTAWAY pickup=BUFFER dropoff=A-08
20260909_103310_9e1265,259,task_created,,G00099,type=PACK pickup=PICK-1 dropoff=PACK-2
20260909_103310_9e1265,261,task_created,,G00100,type=SHIP pickup=STAGING dropoff=DOCK-1
20260909_103310_9e1265,265,task_created,,G00101,type=PICK pickup=D-02 dropoff=PICK-2
20260909_103310_9e1265,266,task_interrupted,R3,G00086,
20260909_103310_9e1265,267,task_created,,G00102,type=PUTAWAY pickup=BUFFER dropoff=B-04
20260909_103310_9e1265,269,task_assigned,R10,G00092,
20260909_103310_9e1265,271,task_created,,G00103,type=PACK pickup=PICK-2 dropoff=PACK-2
20260909_103310_9e1265,273,task_interrupted,R2,G00097,
20260909_103310_9e1265,275,task_created,,G00104,type=PUTAWAY pickup=BUFFER dropoff=F-06
20260909_103310_9e1265,275,task_created,,G00105,type=PICK pickup=F-01 dropoff=PICK-3
20260909_103310_9e1265,275,task_created,,G00106,type=SHIP pickup=STAGING dropoff=DOCK-2
20260909_103310_9e1265,276,task_interrupted,R12,G00091,
20260909_103310_9e1265,279,task_completed,R8,G00090,
20260909_103310_9e1265,280,task_assigned,R8,G00098,
20260909_103310_9e1265,281,task_assigned,R11,G00102,
20260909_103310_9e1265,282,task_completed,R9,G00096,
20260909_103310_9e1265,283,task_completed,R4,G00087,
20260909_103310_9e1265,283,task_assigned,R9,G00104,
20260909_103310_9e1265,283,task_created,,G00107,type=PUTAWAY pickup=RECV dropoff=E-04
20260909_103310_9e1265,283,task_created,,G00108,type=PACK pickup=PICK-1 dropoff=PACK-1
20260909_103310_9e1265,285,task_created,,G00109,type=PICK pickup=H-02 dropoff=PICK-2
20260909_103310_9e1265,289,task_assigned,R6,G00086,
20260909_103310_9e1265,289,task_created,,G00110,type=SHIP pickup=STAGING dropoff=DOCK-1
20260909_103310_9e1265,291,task_interrupted,R7,G00093,
20260909_103310_9e1265,291,task_interrupted,R9,G00104,
20260909_103310_9e1265,291,task_created,,G00111,type=PUTAWAY pickup=RECV dropoff=C-07
20260909_103310_9e1265,292,task_assigned,R4,G00104,
20260909_103310_9e1265,295,task_created,,G00112,type=PICK pickup=H-08 dropoff=PICK-1
20260909_103310_9e1265,295,task_created,,G00113,type=PACK pickup=PICK-2 dropoff=PACK-2
20260909_103310_9e1265,296,task_interrupted,R4,G00104,
20260909_103310_9e1265,296,task_assigned,R1,G00107,
20260909_103310_9e1265,299,task_completed,R5,G00089,
20260909_103310_9e1265,299,task_created,,G00114,type=PUTAWAY pickup=BUFFER dropoff=G-07
20260909_103310_9e1265,303,task_created,,G00115,type=SHIP pickup=STAGING dropoff=DOCK-1
20260909_103310_9e1265,304,task_completed,R10,G00092,
20260909_103310_9e1265,305,task_assigned,R12,G00091,
20260909_103310_9e1265,305,task_assigned,R10,G00104,
20260909_103310_9e1265,305,task_created,,G00116,type=PICK pickup=D-03 dropoff=PICK-1
20260909_103310_9e1265,307,task_assigned,R3,G00111,
20260909_103310_9e1265,307,task_created,,G00117,type=PUTAWAY pickup=RECV dropoff=D-06
20260909_103310_9e1265,307,task_created,,G00118,type=PACK pickup=PICK-1 dropoff=PACK-1
20260909_103310_9e1265,308,task_completed,R8,G00098,
20260909_103310_9e1265,309,task_assigned,R8,G00114,
20260909_103310_9e1265,315,task_created,,G00119,type=PUTAWAY pickup=BUFFER dropoff=E-06
20260909_103310_9e1265,315,task_created,,G00120,type=PICK pickup=H-04 dropoff=PICK-1
20260909_103310_9e1265,317,task_created,,G00121,type=SHIP pickup=STAGING dropoff=DOCK-2
20260909_103310_9e1265,318,task_completed,R6,G00086,
20260909_103310_9e1265,319,task_completed,R10,G00104,
20260909_103310_9e1265,319,task_assigned,R6,G00117,
20260909_103310_9e1265,319,task_created,,G00122,type=PACK pickup=PICK-3 dropoff=PACK-2
20260909_103310_9e1265,320,task_completed,R12,G00091,
20260909_103310_9e1265,320,task_assigned,R10,G00119,
20260909_103310_9e1265,321,task_assigned,R12,G00093,
20260909_103310_9e1265,321,task_completed,R1,G00107,
20260909_103310_9e1265,322,task_assigned,R1,G00097,
20260909_103310_9e1265,323,task_created,,G00123,type=PUTAWAY pickup=BUFFER dropoff=G-05
20260909_103310_9e1265,323,task_assigned,R2,G00123,
20260909_103310_9e1265,324,task_assigned,R7,G00101,
20260909_103310_9e1265,325,task_created,,G00124,type=PICK pickup=E-08 dropoff=PICK-2
20260909_103310_9e1265,327,task_completed,R8,G00114,
20260909_103310_9e1265,328,task_assigned,R8,G00105,
20260909_103310_9e1265,331,task_created,,G00125,type=PUTAWAY pickup=RECV dropoff=H-08
20260909_103310_9e1265,331,task_created,,G00126,type=PACK pickup=PICK-3 dropoff=PACK-2
20260909_103310_9e1265,331,task_created,,G00127,type=SHIP pickup=STAGING dropoff=DOCK-1
20260909_103310_9e1265,332,task_completed,R11,G00102,
20260909_103310_9e1265,333,task_assigned,R11,G00125,
20260909_103310_9e1265,335,task_created,,G00128,type=PICK pickup=C-07 dropoff=PICK-2
20260909_103310_9e1265,337,task_completed,R12,G00093,
20260909_103310_9e1265,338,task_assigned,R12,G00109,
20260909_103310_9e1265,339,task_created,,G00129,type=PUTAWAY pickup=BUFFER dropoff=G-02
20260909_103310_9e1265,340,task_completed,R10,G00119,
20260909_103310_9e1265,341,task_assigned,R10,G00129,
20260909_103310_9e1265,343,task_created,,G00130,type=PACK pickup=PICK-1 dropoff=PACK-1
20260909_103310_9e1265,345,task_assigned,R4,G00112,
20260909_103310_9e1265,345,task_created,,G00131,type=PICK pickup=B-07 dropoff=PICK-1
20260909_103310_9e1265,345,task_created,,G00132,type=SHIP pickup=STAGING dropoff=DOCK-1
20260909_103310_9e1265,347,task_created,,G00133,type=PUTAWAY pickup=BUFFER dropoff=C-06
20260909_103310_9e1265,351,task_assigned,R5,G00133,
20260909_103310_9e1265,355,task_created,,G00134,type=PUTAWAY pickup=BUFFER dropoff=E-04
20260909_103310_9e1265,355,task_created,,G00135,type=PICK pickup=H-08 dropoff=PICK-2
20260909_103310_9e1265,355,task_created,,G00136,type=PACK pickup=PICK-1 dropoff=PACK-2
20260909_103310_9e1265,357,task_completed,R12,G00109,
20260909_103310_9e1265,358,task_assigned,R12,G00134,
20260909_103310_9e1265,359,task_created,,G00137,type=SHIP pickup=STAGING dropoff=DOCK-1
20260909_103310_9e1265,360,task_interrupted,R8,G00105,
20260909_103310_9e1265,360,task_completed,R3,G00111,
20260909_103310_9e1265,361,task_assigned,R3,G00105,
20260909_103310_9e1265,363,task_created,,G00138,type=PUTAWAY pickup=RECV dropoff=H-04
20260909_103310_9e1265,365,task_created,,G00139,type=PICK pickup=E-06 dropoff=PICK-2
20260909_103310_9e1265,366,task_assigned,R9,G00138,
20260909_103310_9e1265,367,task_created,,G00140,type=PACK pickup=PICK-3 dropoff=PACK-1
20260909_103310_9e1265,369,task_completed,R7,G00101,
20260909_103310_9e1265,370,task_assigned,R7,G00116,
20260909_103310_9e1265,371,task_created,,G00141,type=PUTAWAY pickup=RECV dropoff=G-05
20260909_103310_9e1265,373,task_created,,G00142,type=SHIP pickup=STAGING dropoff=DOCK-2
20260909_103310_9e1265,375,task_completed,R6,G00117,
20260909_103310_9e1265,375,task_created,,G00143,type=PICK pickup=F-04 dropoff=PICK-2
20260909_103310_9e1265,376,task_assigned,R6,G00141,
20260909_103310_9e1265,377,task_completed,R3,G00105,
20260909_103310_9e1265,377,task_completed,R12,G00134,
20260909_103310_9e1265,378,task_assigned,R3,G00120,
20260909_103310_9e1265,378,task_assigned,R12,G00124,
20260909_103310_9e1265,379,task_created,,G00144,type=PUTAWAY pickup=BUFFER dropoff=C-02
20260909_103310_9e1265,379,task_created,,G00145,type=PACK pickup=PICK-2 dropoff=PACK-1
20260909_103310_9e1265,381,task_completed,R1,G00097,
20260909_103310_9e1265,382,task_assigned,R1,G00144,
20260909_103310_9e1265,385,task_created,,G00146,type=PICK pickup=E-08 dropoff=PICK-3
20260909_103310_9e1265,387,task_created,,G00147,type=PUTAWAY pickup=BUFFER dropoff=B-01
20260909_103310_9e1265,387,task_created,,G00148,type=SHIP pickup=STAGING dropoff=DOCK-1
20260909_103310_9e1265,389,task_completed,R5,G00133,
20260909_103310_9e1265,390,task_completed,R12,G00124,
20260909_103310_9e1265,390,task_assigned,R5,G00147,
20260909_103310_9e1265,391,task_assigned,R12,G00128,
20260909_103310_9e1265,391,task_created,,G00149,type=PACK pickup=PICK-2 dropoff=PACK-2
20260909_103310_9e1265,393,task_assigned,R8,G00131,
20260909_103310_9e1265,395,task_created,,G00150,type=PUTAWAY pickup=BUFFER dropoff=D-02
20260909_103310_9e1265,395,task_created,,G00151,type=PICK pickup=B-02 dropoff=PICK-1
20260909_103310_9e1265,396,task_completed,R2,G00123,
20260909_103310_9e1265,397,task_assigned,R2,G00150,
20260909_103310_9e1265,398,task_completed,R11,G00125,
20260909_103310_9e1265,399,task_assigned,R11,G00135,
20260909_103310_9e1265,401,task_created,,G00152,type=SHIP pickup=STAGING dropoff=DOCK-1
20260909_103310_9e1265,403,task_completed,R10,G00129,
20260909_103310_9e1265,403,task_created,,G00153,type=PUTAWAY pickup=RECV dropoff=E-01
20260909_103310_9e1265,403,task_created,,G00154,type=PACK pickup=PICK-3 dropoff=PACK-1
20260909_103310_9e1265,404,task_assigned,R10,G00153,
20260909_103310_9e1265,405,task_created,,G00155,type=PICK pickup=C-04 dropoff=PICK-1
20260909_103310_9e1265,406,task_completed,R7,G00116,
20260909_103310_9e1265,407,task_assigned,R7,G00139,
20260909_103310_9e1265,409,task_completed,R4,G00112,
20260909_103310_9e1265,409,task_completed,R9,G00138,
20260909_103310_9e1265,410,task_assigned,R9,G00143,
20260909_103310_9e1265,410,task_assigned,R4,G00146,
20260909_103310_9e1265,410,task_completed,R5,G00147,
20260909_103310_9e1265,411,task_created,,G00156,type=PUTAWAY pickup=RECV dropoff=H-04
20260909_103310_9e1265,411,task_assigned,R5,G00156,
20260909_103310_9e1265,412,task_completed,R3,G00120,
20260909_103310_9e1265,413,task_assigned,R3,G00151,
20260909_103310_9e1265,415,task_completed,R11,G00135,
20260909_103310_9e1265,415,task_completed,R1,G00144,
20260909_103310_9e1265,415,task_created,,G00157,type=PICK pickup=E-01 dropoff=PICK-1
20260909_103310_9e1265,415,task_created,,G00158,type=PACK pickup=PICK-3 dropoff=PACK-1
20260909_103310_9e1265,415,task_created,,G00159,type=SHIP pickup=STAGING dropoff=DOCK-2
20260909_103310_9e1265,416,task_assigned,R1,G00155,
20260909_103310_9e1265,416,task_assigned,R11,G00157,
20260909_103310_9e1265,419,task_created,,G00160,type=PUTAWAY pickup=RECV dropoff=F-03
20260909_103310_9e1265,422,task_completed,R2,G00150,
20260909_103310_9e1265,423,task_assigned,R2,G00160,
20260909_103310_9e1265,425,task_created,,G00161,type=PICK pickup=G-02 dropoff=PICK-2
20260909_103310_9e1265,426,task_completed,R6,G00141,
20260909_103310_9e1265,427,task_completed,R8,G00131,
20260909_103310_9e1265,427,task_created,,G00162,type=PUTAWAY pickup=RECV dropoff=B-04
20260909_103310_9e1265,427,task_assigned,R6,G00162,
20260909_103310_9e1265,427,task_created,,G00163,type=PACK pickup=PICK-1 dropoff=PACK-2
20260909_103310_9e1265,428,task_assigned,R8,G00161,
20260909_103310_9e1265,429,task_created,,G00164,type=SHIP pickup=STAGING dropoff=DOCK-2
20260909_103310_9e1265,430,task_completed,R7,G00139,
20260909_103310_9e1265,431,task_assigned,R7,G00094,
20260909_103310_9e1265,435,task_created,,G00165,type=PUTAWAY pickup=RECV dropoff=F-08
20260909_103310_9e1265,435,task_created,,G00166,type=PICK pickup=G-03 dropoff=PICK-1
20260909_103310_9e1265,436,task_completed,R9,G00143,
20260909_103310_9e1265,437,task_completed,R3,G00151,
20260909_103310_9e1265,437,task_assigned,R9,G00165,
20260909_103310_9e1265,438,task_assigned,R3,G00166,
20260909_103310_9e1265,439,task_created,,G00167,type=PACK pickup=PICK-1 dropoff=PACK-2
20260909_103310_9e1265,440,task_completed,R12,G00128,
20260909_103310_9e1265,440,task_completed,R1,G00155,
20260909_103310_9e1265,441,task_assigned,R1,G00099,
20260909_103310_9e1265,441,task_assigned,R12,G00103,
20260909_103310_9e1265,443,task_completed,R11,G00157,
20260909_103310_9e1265,443,task_created,,G00168,type=PUTAWAY pickup=RECV dropoff=H-01
20260909_103310_9e1265,443,task_created,,G00169,type=SHIP pickup=STAGING dropoff=DOCK-2
20260909_103310_9e1265,444,task_completed,R10,G00153,
20260909_103310_9e1265,444,task_assigned,R11,G00168,
20260909_103310_9e1265,445,task_created,,G00170,type=PICK pickup=D-01 dropoff=PICK-3
20260909_103310_9e1265,445,task_assigned,R10,G00170,
20260909_103310_9e1265,448,task_completed,R12,G00103,
20260909_103310_9e1265,449,task_assigned,R12,G00108,
20260909_103310_9e1265,451,task_completed,R5,G00156,
20260909_103310_9e1265,451,task_created,,G00171,type=PUTAWAY pickup=BUFFER dropoff=G-03
20260909_103310_9e1265,451,task_created,,G00172,type=PACK pickup=PICK-1 dropoff=PACK-1
20260909_103310_9e1265,452,task_assigned,R5,G00171,
20260909_103310_9e1265,455,task_completed,R1,G00099,
20260909_103310_9e1265,455,task_created,,G00173,type=PICK pickup=H-08 dropoff=PICK-3
20260909_103310_9e1265,456,task_completed,R4,G00146,
20260909_103310_9e1265,456,task_assigned,R1,G00173,
20260909_103310_9e1265,457,task_assigned,R4,G00113,
20260909_103310_9e1265,457,task_created,,G00174,type=SHIP pickup=STAGING dropoff=DOCK-1
20260909_103310_9e1265,459,task_created,,G00175,type=PUTAWAY pickup=BUFFER dropoff=C-03
20260909_103310_9e1265,461,task_completed,R7,G00094,
20260909_103310_9e1265,462,task_assigned,R7,G00175,
20260909_103310_9e1265,463,task_created,,G00176,type=PACK pickup=PICK-3 dropoff=PACK-2
20260909_103310_9e1265,464,task_completed,R6,G00162,
20260909_103310_9e1265,465,task_created,,G00177,type=PICK pickup=C-05 dropoff=PICK-3
20260909_103310_9e1265,465,task_assigned,R6,G00177,
20260909_103310_9e1265,467,task_created,,G00178,type=PUTAWAY pickup=RECV dropoff=D-04
20260909_103310_9e1265,468,task_completed,R8,G00161,
20260909_103310_9e1265,469,task_assigned,R8,G00178,
20260909_103310_9e1265,470,task_completed,R2,G00160,
20260909_103310_9e1265,470,task_completed,R10,G00170,
20260909_103310_9e1265,471,task_completed,R4,G00113,
20260909_103310_9e1265,471,task_assigned,R2,G00118,
20260909_103310_9e1265,471,task_assigned,R10,G00122,
20260909_103310_9e1265,471,task_created,,G00179,type=SHIP pickup=STAGING dropoff=DOCK-2
20260909_103310_9e1265,472,task_assigned,R4,G00126,
20260909_103310_9e1265,473,task_completed,R12,G00108,
20260909_103310_9e1265,474,task_assigned,R12,G00130,
20260909_103310_9e1265,475,task_created,,G00180,type=PUTAWAY pickup=BUFFER dropoff=D-08
20260909_103310_9e1265,475,task_created,,G00181,type=PICK pickup=E-01 dropoff=PICK-3
20260909_103310_9e1265,475,task_created,,G00182,type=PACK pickup=PICK-3 dropoff=PACK-2
20260909_103310_9e1265,479,task_completed,R10,G00122,
20260909_103310_9e1265,479,task_completed,R3,G00166,
20260909_103310_9e1265,480,task_assigned,R10,G00180,
20260909_103310_9e1265,480,task_assigned,R3,G00181,
20260909_103310_9e1265,482,task_completed,R5,G00171,
20260909_103310_9e1265,482,task_completed,R1,G00173,
20260909_103310_9e1265,483,task_assigned,R1,G00136,
20260909_103310_9e1265,483,task_created,,G00183,type=PUTAWAY pickup=RECV dropoff=G-08
20260909_103310_9e1265,483,task_assigned,R5,G00183,
20260909_103310_9e1265,485,task_completed,R9,G00165,
20260909_103310_9e1265,485,task_created,,G00184,type=PICK pickup=E-05 dropoff=PICK-1
20260909_103310_9e1265,485,task_created,,G00185,type=SHIP pickup=STAGING dropoff=DOCK-1
20260909_103310_9e1265,486,task_completed,R11,G00168,
20260909_103310_9e1265,486,task_assigned,R9,G00184,
20260909_103310_9e1265,487,task_assigned,R11,G00140,
20260909_103310_9e1265,487,task_created,,G00186,type=PACK pickup=PICK-2 dropoff=PACK-1
20260909_103310_9e1265,489,task_completed,R4,G00126,
20260909_103310_9e1265,490,task_assigned,R4,G00145,
20260909_103310_9e1265,491,task_completed,R7,G00175,
20260909_103310_9e1265,491,task_created,,G00187,type=PUTAWAY pickup=RECV dropoff=G-02
20260909_103310_9e1265,492,task_assigned,R7,G00187,
20260909_103310_9e1265,493,task_completed,R12,G00130,
20260909_103310_9e1265,494,task_assigned,R12,G00149,
20260909_103310_9e1265,495,task_created,,G00188,type=PICK pickup=C-02 dropoff=PICK-1
20260909_103310_9e1265,497,task_completed,R2,G00118,
20260909_103310_9e1265,498,task_interrupted,R10,G00180,
20260909_103310_9e1265,498,task_assigned,R2,G00188,
20260909_103310_9e1265,499,task_created,,G00189,type=PUTAWAY pickup=BUFFER dropoff=F-02
20260909_103310_9e1265,499,task_created,,G00190,type=PACK pickup=PICK-2 dropoff=PACK-1
20260909_103310_9e1265,499,task_created,,G00191,type=SHIP pickup=STAGING dropoff=DOCK-1
20260909_103310_9e1265,503,task_completed,R4,G00145,
20260909_103310_9e1265,504,task_assigned,R4,G00180,
20260909_103310_9e1265,505,task_created,,G00192,type=PICK pickup=A-03 dropoff=PICK-3
20260909_103310_9e1265,506,task_interrupted,R11,G00140,
20260909_103310_9e1265,506,task_completed,R12,G00149,
20260909_103310_9e1265,507,task_assigned,R12,G00189,
20260909_103310_9e1265,507,task_created,,G00193,type=PUTAWAY pickup=BUFFER dropoff=F-05
20260909_103310_9e1265,511,task_created,,G00194,type=PACK pickup=PICK-3 dropoff=PACK-2
20260909_103310_9e1265,512,task_completed,R3,G00181,
20260909_103310_9e1265,513,task_assigned,R3,G00193,
20260909_103310_9e1265,513,task_created,,G00195,type=SHIP pickup=STAGING dropoff=DOCK-1
20260909_103310_9e1265,514,task_completed,R9,G00184,
20260909_103310_9e1265,515,task_created,,G00196,type=PUTAWAY pickup=RECV dropoff=B-08
20260909_103310_9e1265,515,task_assigned,R9,G00196,
20260909_103310_9e1265,515,task_created,,G00197,type=PICK pickup=C-02 dropoff=PICK-3
20260909_103310_9e1265,517,task_completed,R6,G00177,
20260909_103310_9e1265,518,task_interrupted,R12,G00189,
20260909_103310_9e1265,519,task_completed,R1,G00136,
20260909_103310_9e1265,519,task_assigned,R6,G00189,
20260909_103310_9e1265,521,task_interrupted,R6,G00189,
20260909_103310_9e1265,522,task_assigned,R1,G00189,
20260909_103310_9e1265,523,task_created,,G00198,type=PUTAWAY pickup=RECV dropoff=F-04
20260909_103310_9e1265,523,task_created,,G00199,type=PACK pickup=PICK-3 dropoff=PACK-2
20260909_103310_9e1265,524,task_completed,R8,G00178,
20260909_103310_9e1265,525,task_interrupted,R3,G00193,
20260909_103310_9e1265,525,task_assigned,R8,G00198,
20260909_103310_9e1265,525,task_created,,G00200,type=PICK pickup=A-06 dropoff=PICK-1
20260909_103310_9e1265,527,task_completed,R7,G00187,
20260909_103310_9e1265,527,task_completed,R2,G00188,
20260909_103310_9e1265,527,task_created,,G00201,type=SHIP pickup=STAGING dropoff=DOCK-1
20260909_103310_9e1265,528,task_assigned,R2,G00192,
20260909_103310_9e1265,528,task_assigned,R7,G00193,
20260909_103310_9e1265,531,task_assigned,R11,G00140,
20260909_103310_9e1265,531,task_interrupted,R1,G00189,
20260909_103310_9e1265,531,task_created,,G00202,type=PUTAWAY pickup=BUFFER dropoff=B-05
20260909_103310_9e1265,534,task_completed,R4,G00180,
20260909_103310_9e1265,535,task_assigned,R4,G00189,
20260909_103310_9e1265,535,task_created,,G00203,type=PICK pickup=C-05 dropoff=PICK-2
20260909_103310_9e1265,535,task_created,,G00204,type=PACK pickup=PICK-2 dropoff=PACK-2
20260909_103310_9e1265,536,task_interrupted,R7,G00193,
20260909_103310_9e1265,539,task_completed,R9,G00196,
20260909_103310_9e1265,539,task_created,,G00205,type=PUTAWAY pickup=RECV dropoff=H-03
20260909_103310_9e1265,540,task_assigned,R9,G00193,
20260909_103310_9e1265,541,task_created,,G00206,type=SHIP pickup=STAGING dropoff=DOCK-1
20260909_103310_9e1265,545,task_assigned,R10,G00202,
20260909_103310_9e1265,545,task_created,,G00207,type=PICK pickup=D-03 dropoff=PICK-1
20260909_103310_9e1265,546,task_completed,R11,G00140,
20260909_103310_9e1265,547,task_assigned,R11,G00205,
20260909_103310_9e1265,547,task_created,,G00208,type=PUTAWAY pickup=BUFFER dropoff=B-08
20260909_103310_9e1265,547,task_created,,G00209,type=PACK pickup=PICK-1 dropoff=PACK-2
20260909_103310_9e1265,552,task_interrupted,R4,G00189,
20260909_103310_9e1265,555,task_created,,G00210,type=PUTAWAY pickup=BUFFER dropoff=B-07
20260909_103310_9e1265,555,task_created,,G00211,type=PICK pickup=A-03 dropoff=PICK-3
20260909_103310_9e1265,555,task_created,,G00212,type=SHIP pickup=STAGING dropoff=DOCK-2
20260909_103310_9e1265,557,task_assigned,R6,G00189,
20260909_103310_9e1265,558,task_interrupted,R2,G00192,
20260909_103310_9e1265,558,task_assigned,R12,G00208,
20260909_103310_9e1265,559,task_created,,G00213,type=PACK pickup=PICK-2 dropoff=PACK-1
20260909_103310_9e1265,563,task_completed,R5,G00183,
20260909_103310_9e1265,563,task_created,,G00214,type=PUTAWAY pickup=RECV dropoff=B-04
20260909_103310_9e1265,564,task_assigned,R5,G00210,
20260909_103310_9e1265,565,task_created,,G00215,type=PICK pickup=A-04 dropoff=PICK-1
20260909_103310_9e1265,566,task_assigned,R3,G00214,
20260909_103310_9e1265,569,task_created,,G00216,type=SHIP pickup=STAGING dropoff=DOCK-2
20260909_103310_9e1265,571,task_created,,G00217,type=PUTAWAY pickup=RECV dropoff=F-03
20260909_103310_9e1265,571,task_assigned,R1,G00217,
20260909_103310_9e1265,571,task_created,,G00218,type=PACK pickup=PICK-1 dropoff=PACK-2
20260909_103310_9e1265,574,task_completed,R9,G00193,
20260909_103310_9e1265,575,task_assigned,R9,G00192,
20260909_103310_9e1265,575,task_created,,G00219,type=PICK pickup=D-08 dropoff=PICK-1
20260909_103310_9e1265,579,task_completed,R5,G00210,
20260909_103310_9e1265,579,task_created,,G00220,type=PUTAWAY pickup=RECV dropoff=A-03
20260909_103310_9e1265,580,task_assigned,R5,G00220,
20260909_103310_9e1265,583,task_created,,G00221,type=PACK pickup=PICK-3 dropoff=PACK-1
20260909_103310_9e1265,583,task_created,,G00222,type=SHIP pickup=STAGING dropoff=DOCK-1
20260909_103310_9e1265,585,task_created,,G00223,type=PICK pickup=A-03 dropoff=PICK-1
20260909_103310_9e1265,587,task_created,,G00224,type=PUTAWAY pickup=RECV dropoff=B-02
20260909_103310_9e1265,590,task_completed,R10,G00202,
20260909_103310_9e1265,591,task_completed,R6,G00189,
20260909_103310_9e1265,591,task_assigned,R10,G00224,
20260909_103310_9e1265,592,task_assigned,R6,G00197,
20260909_103310_9e1265,592,task_completed,R8,G00198,
20260909_103310_9e1265,593,task_assigned,R4,G00200,
20260909_103310_9e1265,593,task_assigned,R8,G00203,
20260909_103310_9e1265,595,task_created,,G00225,type=PUTAWAY pickup=RECV dropoff=E-01
20260909_103310_9e1265,595,task_created,,G00226,type=PICK pickup=C-02 dropoff=PICK-2
20260909_103310_9e1265,595,task_created,,G00227,type=PACK pickup=PICK-2 dropoff=PACK-1
20260909_103310_9e1265,597,task_interrupted,R5,G00220,
20260909_103310_9e1265,597,task_created,,G00228,type=SHIP pickup=STAGING dropoff=DOCK-1
20260909_103310_9e1265,598,task_completed,R9,G00192,
20260909_103310_9e1265,599,task_assigned,R9,G00220,
20260909_103310_9e1265,600,task_completed,R12,G00208,
20260909_103310_9e1265,601,task_assigned,R7,G00207,
20260909_103310_9e1265,601,task_assigned,R12,G00225,
20260909_103310_9e1265,603,task_created,,G00229,type=PUTAWAY pickup=BUFFER dropoff=F-07
20260909_103310_9e1265,604,task_completed,R8,G00203,
20260909_103310_9e1265,604,task_assigned,R2,G00229,
20260909_103310_9e1265,605,task_assigned,R8,G00211,
20260909_103310_9e1265,605,task_created,,G00230,type=PICK pickup=B-07 dropoff=PICK-3
20260909_103310_9e1265,606,task_completed,R1,G00217,
20260909_103310_9e1265,607,task_assigned,R1,G00215,
20260909_103310_9e1265,607,task_interrupted,R9,G00220,
20260909_103310_9e1265,607,task_created,,G00231,type=PACK pickup=PICK-3 dropoff=PACK-1
20260909_103310_9e1265,611,task_created,,G00232,type=PUTAWAY pickup=RECV dropoff=F-05
20260909_103310_9e1265,611,task_created,,G00233,type=SHIP pickup=STAGING dropoff=DOCK-2
20260909_103310_9e1265,612,task_completed,R11,G00205,
20260909_103310_9e1265,613,task_assigned,R11,G00220,
20260909_103310_9e1265,613,task_completed,R10,G00224,
20260909_103310_9e1265,614,task_assigned,R10,G00232,
20260909_103310_9e1265,615,task_created,,G00234,type=PICK pickup=H-02 dropoff=PICK-1
20260909_103310_9e1265,619,task_completed,R4,G00200,
20260909_103310_9e1265,619,task_completed,R12,G00225,
20260909_103310_9e1265,619,task_created,,G00235,type=PUTAWAY pickup=BUFFER dropoff=E-08
20260909_103310_9e1265,619,task_created,,G00236,type=PACK pickup=PICK-2 dropoff=PACK-1
20260909_103310_9e1265,620,task_completed,R3,G00214,
20260909_103310_9e1265,620,task_assigned,R4,G00219,
20260909_103310_9e1265,620,task_assigned,R12,G00235,
20260909_103310_9e1265,621,task_assigned,R3,G00223,
20260909_103310_9e1265,625,task_created,,G00237,type=PICK pickup=H-06 dropoff=PICK-2
20260909_103310_9e1265,625,task_created,,G00238,type=SHIP pickup=STAGING dropoff=DOCK-2
20260909_103310_9e1265,627,task_created,,G00239,type=PUTAWAY pickup=BUFFER dropoff=A-03
20260909_103310_9e1265,628,task_completed,R6,G00197,
20260909_103310_9e1265,629,task_assigned,R6,G00239,
20260909_103310_9e1265,630,task_assigned,R5,G00226,
20260909_103310_9e1265,631,task_created,,G00240,type=PACK pickup=PICK-2 dropoff=PACK-2
20260909_103310_9e1265,633,task_interrupted,R8,G00211,
20260909_103310_9e1265,635,task_created,,G00241,type=PUTAWAY pickup=RECV dropoff=B-01
20260909_103310_9e1265,635,task_created,,G00242,type=PICK pickup=D-02 dropoff=PICK-1
20260909_103310_9e1265,637,task_assigned,R9,G00241,
20260909_103310_9e1265,639,task_created,,G00243,type=SHIP pickup=STAGING dropoff=DOCK-1
20260909_103310_9e1265,641,task_completed,R2,G00229,
20260909_103310_9e1265,642,task_assigned,R2,G00211,
20260909_103310_9e1265,643,task_created,,G00244,type=PUTAWAY pickup=RECV dropoff=D-02
20260909_103310_9e1265,643,task_created,,G00245,type=PACK pickup=PICK-3 dropoff=PACK-1
20260909_103310_9e1265,645,task_created,,G00246,type=PICK pickup=B-04 dropoff=PICK-1
20260909_103310_9e1265,646,task_completed,R3,G00223,
20260909_103310_9e1265,647,task_assigned,R3,G00244,
20260909_103310_9e1265,650,task_completed,R11,G00220,
20260909_103310_9e1265,651,task_created,,G00247,type=PUTAWAY pickup=BUFFER dropoff=E-07
20260909_103310_9e1265,651,task_assigned,R11,G00247,
20260909_103310_9e1265,653,task_created,,G00248,type=SHIP pickup=STAGING dropoff=DOCK-1
20260909_103310_9e1265,654,task_completed,R1,G00215,
20260909_103310_9e1265,654,task_completed,R10,G00232,
20260909_103310_9e1265,655,task_assigned,R10,G00230,
20260909_103310_9e1265,655,task_assigned,R1,G00234,
20260909_103310_9e1265,655,task_completed,R12,G00235,
20260909_103310_9e1265,655,task_created,,G00249,type=PICK pickup=A-08 dropoff=PICK-3
20260909_103310_9e1265,655,task_created,,G00250,type=PACK pickup=PICK-2 dropoff=PACK-2
20260909_103310_9e1265,656,task_assigned,R12,G00237,
20260909_103310_9e1265,657,task_completed,R7,G00207,
20260909_103310_9e1265,658,task_assigned,R7,G00242,
20260909_103310_9e1265,659,task_created,,G00251,type=PUTAWAY pickup=BUFFER dropoff=D-01
20260909_103310_9e1265,661,task_assigned,R8,G00251,
20260909_103310_9e1265,665,task_created,,G00252,type=PICK pickup=H-01 dropoff=PICK-3
20260909_103310_9e1265,666,task_completed,R9,G00241,
20260909_103310_9e1265,667,task_created,,G00253,type=PUTAWAY pickup=BUFFER dropoff=H-08
20260909_103310_9e1265,667,task_assigned,R9,G00253,
20260909_103310_9e1265,667,task_created,,G00254,type=PACK pickup=PICK-3 dropoff=PACK-1
20260909_103310_9e1265,667,task_created,,G00255,type=SHIP pickup=STAGING dropoff=DOCK-1
20260909_103310_9e1265,669,task_completed,R4,G00219,
20260909_103310_9e1265,669,task_completed,R6,G00239,
20260909_103310_9e1265,670,task_completed,R2,G00211,
20260909_103310_9e1265,670,task_assigned,R6,G00246,
20260909_103310_9e1265,670,task_assigned,R4,G00249,
20260909_103310_9e1265,671,task_assigned,R2,G00252,
20260909_103310_9e1265,672,task_completed,R5,G00226,
20260909_103310_9e1265,673,task_assigned,R5,G00154,
20260909_103310_9e1265,675,task_created,,G00256,type=PUTAWAY pickup=RECV dropoff=F-05
20260909_103310_9e1265,675,task_created,,G00257,type=PICK pickup=A-01 dropoff=PICK-3
20260909_103310_9e1265,676,task_completed,R10,G00230,
20260909_103310_9e1265,677,task_assigned,R10,G00256,
20260909_103310_9e1265,679,task_created,,G00258,type=PACK pickup=PICK-3 dropoff=PACK-2
20260909_103310_9e1265,681,task_created,,G00259,type=SHIP pickup=STAGING dropoff=DOCK-2
20260909_103310_9e1265,683,task_created,,G00260,type=PUTAWAY pickup=RECV dropoff=F-04
20260909_103310_9e1265,685,task_created,,G00261,type=PICK pickup=D-08 dropoff=PICK-2
20260909_103310_9e1265,687,task_completed,R6,G00246,
20260909_103310_9e1265,688,task_assigned,R6,G00260,
20260909_103310_9e1265,690,task_completed,R3,G00244,
20260909_103310_9e1265,691,task_completed,R9,G00253,
20260909_103310_9e1265,691,task_created,,G00262,type=PUTAWAY pickup=RECV dropoff=B-02
20260909_103310_9e1265,691,task_assigned,R3,G00262,
20260909_103310_9e1265,691,task_created,,G00263,type=PACK pickup=PICK-1 dropoff=PACK-1
20260909_103310_9e1265,692,task_assigned,R9,G00257,
20260909_103310_9e1265,695,task_completed,R11,G00247,
20260909_103310_9e1265,695,task_created,,G00264,type=PICK pickup=D-06 dropoff=PICK-2
20260909_103310_9e1265,695,task_created,,G00265,type=SHIP pickup=STAGING dropoff=DOCK-2
20260909_103310_9e1265,696,task_assigned,R11,G00261,
20260909_103310_9e1265,697,task_completed,R4,G00249,
20260909_103310_9e1265,698,task_completed,R5,G00154,
20260909_103310_9e1265,698,task_completed,R12,G00237,
20260909_103310_9e1265,698,task_assigned,R4,G00264,
20260909_103310_9e1265,699,task_assigned,R5,G00158,
20260909_103310_9e1265,699,task_created,,G00266,type=PUTAWAY pickup=BUFFER dropoff=E-01
20260909_103310_9e1265,699,task_assigned,R12,G00266,
20260909_103310_9e1265,701,task_completed,R1,G00234,
20260909_103310_9e1265,702,task_assigned,R1,G00163,
20260909_103310_9e1265,703,task_created,,G00267,type=PACK pickup=PICK-1 dropoff=PACK-2
20260909_103310_9e1265,705,task_created,,G00268,type=PICK pickup=C-04 dropoff=PICK-2
20260909_103310_9e1265,707,task_created,,G00269,type=PUTAWAY pickup=RECV dropoff=G-05
20260909_103310_9e1265,709,task_created,,G00270,type=SHIP pickup=STAGING dropoff=DOCK-1
20260909_103310_9e1265,710,task_completed,R8,G00251,
20260909_103310_9e1265,711,task_assigned,R8,G00269,
20260909_103310_9e1265,712,task_completed,R7,G00242,
20260909_103310_9e1265,713,task_completed,R6,G00260,
20260909_103310_9e1265,713,task_assigned,R7,G00268,
20260909_103310_9e1265,714,task_assigned,R6,G00167,
20260909_103310_9e1265,715,task_completed,R2,G00252,
20260909_103310_9e1265,715,task_created,,G00271,type=PUTAWAY pickup=RECV dropoff=F-04
20260909_103310_9e1265,715,task_created,,G00272,type=PICK pickup=H-02 dropoff=PICK-2
20260909_103310_9e1265,715,task_created,,G00273,type=PACK pickup=PICK-2 dropoff=PACK-1
20260909_103310_9e1265,716,task_assigned,R2,G00271,
20260909_103310_9e1265,718,task_completed,R4,G00264,
20260909_103310_9e1265,719,task_assigned,R4,G00272,
20260909_103310_9e1265,720,task_completed,R1,G00163,
20260909_103310_9e1265,721,task_assigned,R1,G00172,
20260909_103310_9e1265,722,task_completed,R3,G00262,
20260909_103310_9e1265,723,task_created,,G00274,type=PUTAWAY pickup=BUFFER dropoff=F-08
20260909_103310_9e1265,723,task_assigned,R3,G00274,
20260909_103310_9e1265,723,task_created,,G00275,type=SHIP pickup=STAGING dropoff=DOCK-1
20260909_103310_9e1265,725,task_created,,G00276,type=PICK pickup=F-07 dropoff=PICK-2
20260909_103310_9e1265,727,task_created,,G00277,type=PACK pickup=PICK-2 dropoff=PACK-2
20260909_103310_9e1265,728,task_completed,R5,G00158,
20260909_103310_9e1265,729,task_assigned,R5,G00276,
20260909_103310_9e1265,730,task_completed,R12,G00266,
20260909_103310_9e1265,731,task_created,,G00278,type=PUTAWAY pickup=BUFFER dropoff=C-08
20260909_103310_9e1265,731,task_assigned,R12,G00278,
20260909_103310_9e1265,735,task_completed,R10,G00256,
20260909_103310_9e1265,735,task_created,,G00279,type=PICK pickup=B-04 dropoff=PICK-1
20260909_103310_9e1265,736,task_assigned,R10,G00279,
20260909_103310_9e1265,737,task_created,,G00280,type=SHIP pickup=STAGING dropoff=DOCK-2
20260909_103310_9e1265,739,task_created,,G00281,type=PUTAWAY pickup=BUFFER dropoff=H-03
20260909_103310_9e1265,739,task_created,,G00282,type=PACK pickup=PICK-1 dropoff=PACK-2
20260909_103310_9e1265,742,task_completed,R6,G00167,
20260909_103310_9e1265,743,task_assigned,R6,G00281,
20260909_103310_9e1265,744,task_completed,R7,G00268,
20260909_103310_9e1265,745,task_completed,R1,G00172,
20260909_103310_9e1265,745,task_created,,G00283,type=PICK pickup=F-01 dropoff=PICK-2
20260909_103310_9e1265,745,task_assigned,R7,G00283,
20260909_103310_9e1265,746,task_assigned,R1,G00176,
20260909_103310_9e1265,746,task_completed,R4,G00272,
20260909_103310_9e1265,747,task_created,,G00284,type=PUTAWAY pickup=RECV dropoff=F-06
20260909_103310_9e1265,747,task_assigned,R4,G00284,
20260909_103310_9e1265,751,task_completed,R11,G00261,
20260909_103310_9e1265,751,task_created,,G00285,type=PACK pickup=PICK-1 dropoff=PACK-1
20260909_103310_9e1265,751,task_created,,G00286,type=SHIP pickup=STAGING dropoff=DOCK-1
20260909_103310_9e1265,752,task_assigned,R11,G00182,
20260909_103310_9e1265,754,task_completed,R9,G00257,
20260909_103310_9e1265,755,task_created,,G00287,type=PUTAWAY pickup=BUFFER dropoff=B-06
20260909_103310_9e1265,755,task_assigned,R9,G00287,
20260909_103310_9e1265,755,task_created,,G00288,type=PICK pickup=C-05 dropoff=PICK-2
20260909_103310_9e1265,758,task_completed,R5,G00276,
20260909_103310_9e1265,759,task_assigned,R5,G00288,
20260909_103310_9e1265,763,task_completed,R3,G00274,
20260909_103310_9e1265,763,task_created,,G00289,type=PUTAWAY pickup=BUFFER dropoff=D-01
20260909_103310_9e1265,763,task_created,,G00290,type=PACK pickup=PICK-1 dropoff=PACK-1
20260909_103310_9e1265,764,task_assigned,R3,G00289,
20260909_103310_9e1265,765,task_created,,G00291,type=PICK pickup=F-03 dropoff=PICK-2
20260909_103310_9e1265,765,task_created,,G00292,type=SHIP pickup=STAGING dropoff=DOCK-1
20260909_103310_9e1265,766,task_completed,R8,G00269,
20260909_103310_9e1265,767,task_assigned,R8,G00291,
20260909_103310_9e1265,769,task_interrupted,R11,G00182,
20260909_103310_9e1265,770,task_completed,R1,G00176,
20260909_103310_9e1265,771,task_completed,R10,G00279,
20260909_103310_9e1265,771,task_created,,G00293,type=PUTAWAY pickup=BUFFER dropoff=F-01
20260909_103310_9e1265,771,task_assigned,R1,G00293,
20260909_103310_9e1265,772,task_assigned,R10,G00182,
20260909_103310_9e1265,774,task_interrupted,R10,G00182,
20260909_103310_9e1265,774,task_completed,R12,G00278,
20260909_103310_9e1265,775,task_created,,G00294,type=PICK pickup=B-01 dropoff=PICK-1
20260909_103310_9e1265,775,task_assigned,R12,G00294,
20260909_103310_9e1265,775,task_created,,G00295,type=PACK pickup=PICK-1 dropoff=PACK-1
20260909_103310_9e1265,776,task_completed,R8,G00291,
20260909_103310_9e1265,777,task_assigned,R8,G00182,
20260909_103310_9e1265,778,task_completed,R2,G00271,
20260909_103310_9e1265,778,task_completed,R5,G00288,
20260909_103310_9e1265,779,task_assigned,R5,G00186,
20260909_103310_9e1265,779,task_created,,G00296,type=PUTAWAY pickup=BUFFER dropoff=H-04
20260909_103310_9e1265,779,task_assigned,R2,G00296,
20260909_103310_9e1265,779,task_created,,G00297,type=SHIP pickup=STAGING dropoff=DOCK-1
20260909_103310_9e1265,783,task_completed,R8,G00182,
20260909_103310_9e1265,783,task_completed,R7,G00283,
20260909_103310_9e1265,784,task_assigned,R7,G00190,
20260909_103310_9e1265,784,task_assigned,R8,G00194,
20260909_103310_9e1265,785,task_completed,R5,G00186,
20260909_103310_9e1265,785,task_created,,G00298,type=PICK pickup=H-07 dropoff=PICK-1
20260909_103310_9e1265,786,task_assigned,R5,G00298,
20260909_103310_9e1265,787,task_created,,G00299,type=PUTAWAY pickup=RECV dropoff=G-05
20260909_103310_9e1265,787,task_created,,G00300,type=PACK pickup=PICK-2 dropoff=PACK-1
20260909_103310_9e1265,788,task_completed,R9,G00287,
20260909_103310_9e1265,789,task_completed,R7,G00190,
20260909_103310_9e1265,789,task_assigned,R9,G00299,
20260909_103310_9e1265,790,task_assigned,R7,G00199,
20260909_103310_9e1265,791,task_interrupted,R6,G00281,
20260909_103310_9e1265,793,task_created,,G00301,type=SHIP pickup=STAGING dropoff=DOCK-2
20260909_103310_9e1265,794,task_interrupted,R1,G00293,
20260909_103310_9e1265,795,task_created,,G00302,type=PUTAWAY pickup=RECV dropoff=A-03
20260909_103310_9e1265,795,task_created,,G00303,type=PICK pickup=H-03 dropoff=PICK-1
20260909_103310_9e1265,798,task_completed,R2,G00296,
20260909_103310_9e1265,799,task_assigned,R2,G00281,
20260909_103310_9e1265,799,task_assigned,R10,G00293,
20260909_103310_9e1265,799,task_created,,G00304,type=PACK pickup=PICK-2 dropoff=PACK-1
20260909_103310_9e1265,801,task_completed,R8,G00194,
20260909_103310_9e1265,802,task_assigned,R8,G00302,
20260909_103310_9e1265,803,task_created,,G00305,type=PUTAWAY pickup=RECV dropoff=E-06
20260909_103310_9e1265,803,task_assigned,R11,G00305,
20260909_103310_9e1265,805,task_created,,G00306,type=PICK pickup=F-08 dropoff=PICK-2
20260909_103310_9e1265,807,task_created,,G00307,type=SHIP pickup=STAGING dropoff=DOCK-2
20260909_103310_9e1265,808,task_interrupted,R3,G00289,
20260909_103310_9e1265,808,task_interrupted,R12,G00294,
20260909_103310_9e1265,811,task_interrupted,R4,G00284,
20260909_103310_9e1265,811,task_created,,G00308,type=PUTAWAY pickup=BUFFER dropoff=A-04
20260909_103310_9e1265,811,task_created,,G00309,type=PACK pickup=PICK-3 dropoff=PACK-2
20260909_103310_9e1265,812,task_completed,R7,G00199,
20260909_103310_9e1265,813,task_assigned,R7,G00284,
20260909_103310_9e1265,815,task_created,,G00310,type=PICK pickup=H-06 dropoff=PICK-3
20260909_103310_9e1265,819,task_created,,G00311,type=PUTAWAY pickup=BUFFER dropoff=H-06
20260909_103310_9e1265,821,task_created,,G00312,type=SHIP pickup=STAGING dropoff=DOCK-1
20260909_103310_9e1265,823,task_completed,R9,G00299,
20260909_103310_9e1265,823,task_created,,G00313,type=PACK pickup=PICK-1 dropoff=PACK-2
20260909_103310_9e1265,824,task_assigned,R9,G00289,
20260909_103310_9e1265,825,task_created,,G00314,type=PICK pickup=A-01 dropoff=PICK-1
20260909_103310_9e1265,826,task_assigned,R6,G00308,
20260909_103310_9e1265,827,task_interrupted,R7,G00284,
20260909_103310_9e1265,827,task_created,,G00315,type=PUTAWAY pickup=RECV dropoff=E-07
20260909_103310_9e1265,832,task_assigned,R1,G00284,
20260909_103310_9e1265,833,task_completed,R11,G00305,
20260909_103310_9e1265,834,task_assigned,R11,G00311,
20260909_103310_9e1265,835,task_created,,G00316,type=PUTAWAY pickup=BUFFER dropoff=F-07
20260909_103310_9e1265,835,task_created,,G00317,type=PICK pickup=F-06 dropoff=PICK-1
20260909_103310_9e1265,835,task_created,,G00318,type=PACK pickup=PICK-3 dropoff=PACK-2
20260909_103310_9e1265,835,task_created,,G00319,type=SHIP pickup=STAGING dropoff=DOCK-2
20260909_103310_9e1265,836,task_assigned,R12,G00294,
20260909_103310_9e1265,837,task_completed,R2,G00281,
20260909_103310_9e1265,838,task_completed,R5,G00298,
20260909_103310_9e1265,839,task_completed,R8,G00302,
20260909_103310_9e1265,839,task_assigned,R5,G00315,
20260909_103310_9e1265,839,task_assigned,R2,G00316,
20260909_103310_9e1265,840,task_assigned,R8,G00303,
20260909_103310_9e1265,840,task_interrupted,R2,G00316,
20260909_103310_9e1265,843,task_created,,G00320,type=PUTAWAY pickup=RECV dropoff=G-05
20260909_103310_9e1265,845,task_assigned,R3,G00316,
20260909_103310_9e1265,845,task_created,,G00321,type=PICK pickup=H-05 dropoff=PICK-3
20260909_103310_9e1265,847,task_created,,G00322,type=PACK pickup=PICK-1 dropoff=PACK-1
20260909_103310_9e1265,849,task_interrupted,R5,G00315,
20260909_103310_9e1265,849,task_created,,G00323,type=SHIP pickup=STAGING dropoff=DOCK-1
20260909_103310_9e1265,851,task_created,,G00324,type=PUTAWAY pickup=RECV dropoff=B-08
20260909_103310_9e1265,852,task_completed,R10,G00293,
20260909_103310_9e1265,853,task_interrupted,R9,G00289,
20260909_103310_9e1265,853,task_assigned,R10,G00315,
20260909_103310_9e1265,855,task_created,,G00325,type=PICK pickup=E-07 dropoff=PICK-1
20260909_103310_9e1265,859,task_created,,G00326,type=PUTAWAY pickup=RECV dropoff=C-01
20260909_103310_9e1265,859,task_created,,G00327,type=PACK pickup=PICK-2 dropoff=PACK-1
20260909_103310_9e1265,860,task_assigned,R4,G00289,
20260909_103310_9e1265,862,task_completed,R12,G00294,
20260909_103310_9e1265,863,task_assigned,R12,G00320,
20260909_103310_9e1265,863,task_assigned,R7,G00324,
20260909_103310_9e1265,863,task_created,,G00328,type=SHIP pickup=STAGING dropoff=DOCK-2
20260909_103310_9e1265,864,task_completed,R1,G00284,
20260909_103310_9e1265,865,task_assigned,R1,G00326,
20260909_103310_9e1265,865,task_created,,G00329,type=PICK pickup=A-02 dropoff=PICK-2
20260909_103310_9e1265,867,task_created,,G00330,type=PUTAWAY pickup=BUFFER dropoff=B-07
20260909_103310_9e1265,869,task_completed,R11,G00311,
20260909_103310_9e1265,870,task_completed,R10,G00315,
20260909_103310_9e1265,870,task_assigned,R11,G00330,
20260909_103310_9e1265,871,task_assigned,R10,G00306,
20260909_103310_9e1265,871,task_created,,G00331,type=PACK pickup=PICK-1 dropoff=PACK-2
20260909_103310_9e1265,875,task_created,,G00332,type=PUTAWAY pickup=BUFFER dropoff=B-06
20260909_103310_9e1265,875,task_created,,G00333,type=PICK pickup=E-03 dropoff=PICK-1
20260909_103310_9e1265,877,task_created,,G00334,type=SHIP pickup=STAGING dropoff=DOCK-1
20260909_103310_9e1265,878,task_assigned,R5,G00332,
20260909_103310_9e1265,879,task_completed,R3,G00316,
20260909_103310_9e1265,880,task_assigned,R3,G00310,
20260909_103310_9e1265,883,task_interrupted,R8,G00303,
20260909_103310_9e1265,883,task_created,,G00335,type=PUTAWAY pickup=RECV dropoff=F-06
20260909_103310_9e1265,883,task_created,,G00336,type=PACK pickup=PICK-1 dropoff=PACK-1
20260909_103310_9e1265,885,task_created,,G00337,type=PICK pickup=G-01 dropoff=PICK-2
20260909_103310_9e1265,890,task_assigned,R2,G00335,
20260909_103310_9e1265,891,task_created,,G00338,type=PUTAWAY pickup=BUFFER dropoff=E-05
20260909_103310_9e1265,891,task_created,,G00339,type=SHIP pickup=STAGING dropoff=DOCK-1
20260909_103310_9e1265,893,task_completed,R1,G00326,
20260909_103310_9e1265,894,task_assigned,R1,G00338,
20260909_103310_9e1265,895,task_created,,G00340,type=PICK pickup=F-08 dropoff=PICK-1
20260909_103310_9e1265,895,task_created,,G00341,type=PACK pickup=PICK-2 dropoff=PACK-1
20260909_103310_9e1265,897,task_completed,R3,G00310,
20260909_103310_9e1265,898,task_assigned,R3,G00303,
20260909_103310_9e1265,899,task_created,,G00342,type=PUTAWAY pickup=BUFFER dropoff=F-03
20260909_103310_9e1265,900,task_completed,R4,G00289,
20260909_103310_9e1265,901,task_assigned,R4,G00342,
20260909_103310_9e1265,902,task_completed,R11,G00330,
20260909_103310_9e1265,903,task_assigned,R11,G00314,
20260909_103310_9e1265,905,task_created,,G00343,type=PICK pickup=D-03 dropoff=PICK-2
20260909_103310_9e1265,905,task_created,,G00344,type=SHIP pickup=STAGING dropoff=DOCK-1
20260909_103310_9e1265,907,task_created,,G00345,type=PUTAWAY pickup=BUFFER dropoff=D-05
20260909_103310_9e1265,907,task_created,,G00346,type=PACK pickup=PICK-3 dropoff=PACK-1
20260909_103310_9e1265,908,task_assigned,R9,G00345,
20260909_103310_9e1265,911,task_completed,R10,G00306,
20260909_103310_9e1265,911,task_completed,R6,G00308,
20260909_103310_9e1265,912,task_assigned,R6,G00317,
20260909_103310_9e1265,912,task_assigned,R10,G00321,
20260909_103310_9e1265,913,task_completed,R1,G00338,
20260909_103310_9e1265,914,task_assigned,R1,G00325,
20260909_103310_9e1265,915,task_created,,G00347,type=PUTAWAY pickup=RECV dropoff=B-08
20260909_103310_9e1265,915,task_created,,G00348,type=PICK pickup=G-01 dropoff=PICK-2
20260909_103310_9e1265,917,task_assigned,R8,G00347,
20260909_103310_9e1265,919,task_completed,R7,G00324,
20260909_103310_9e1265,919,task_created,,G00349,type=PACK pickup=PICK-1 dropoff=PACK-1
20260909_103310_9e1265,919,task_created,,G00350,type=SHIP pickup=STAGING dropoff=DOCK-1
20260909_103310_9e1265,920,task_assigned,R7,G00329,
20260909_103310_9e1265,921,task_completed,R12,G00320,
20260909_103310_9e1265,922,task_assigned,R12,G00333,
20260909_103310_9e1265,923,task_completed,R1,G00325,
20260909_103310_9e1265,923,task_created,,G00351,type=PUTAWAY pickup=BUFFER dropoff=G-06
20260909_103310_9e1265,924,task_completed,R3,G00303,
20260909_103310_9e1265,924,task_assigned,R1,G00351,
20260909_103310_9e1265,925,task_completed,R6,G00317,
20260909_103310_9e1265,925,task_assigned,R3,G00337,
20260909_103310_9e1265,925,task_created,,G00352,type=PICK pickup=A-03 dropoff=PICK-1
20260909_103310_9e1265,926,task_assigned,R6,G00340,
20260909_103310_9e1265,929,task_completed,R10,G00321,
20260909_103310_9e1265,930,task_assigned,R10,G00343,
20260909_103310_9e1265,931,task_created,,G00353,type=PUTAWAY pickup=BUFFER dropoff=E-07
20260909_103310_9e1265,931,task_created,,G00354,type=PACK pickup=PICK-1 dropoff=PACK-2
20260909_103310_9e1265,933,task_created,,G00355,type=SHIP pickup=STAGING dropoff=DOCK-2
20260909_103310_9e1265,934,task_completed,R4,G00342,
20260909_103310_9e1265,935,task_assigned,R4,G00353,
20260909_103310_9e1265,935,task_created,,G00356,type=PICK pickup=F-04 dropoff=PICK-3
20260909_103310_9e1265,939,task_created,,G00357,type=PUTAWAY pickup=BUFFER dropoff=H-02
20260909_103310_9e1265,943,task_created,,G00358,type=PACK pickup=PICK-1 dropoff=PACK-2
20260909_103310_9e1265,945,task_created,,G00359,type=PICK pickup=A-05 dropoff=PICK-1
20260909_103310_9e1265,946,task_completed,R3,G00337,
20260909_103310_9e1265,947,task_completed,R7,G00329,
20260909_103310_9e1265,947,task_completed,R8,G00347,
20260909_103310_9e1265,947,task_assigned,R3,G00357,
20260909_103310_9e1265,947,task_created,,G00360,type=PUTAWAY pickup=RECV dropoff=D-02
20260909_103310_9e1265,947,task_created,,G00361,type=SHIP pickup=STAGING dropoff=DOCK-1
20260909_103310_9e1265,948,task_completed,R2,G00335,
20260909_103310_9e1265,948,task_assigned,R8,G00348,
20260909_103310_9e1265,948,task_assigned,R7,G00360,
20260909_103310_9e1265,949,task_assigned,R2,G00352,
20260909_103310_9e1265,950,task_completed,R9,G00345,
20260909_103310_9e1265,951,task_completed,R10,G00343,
20260909_103310_9e1265,951,task_assigned,R9,G00356,
20260909_103310_9e1265,952,task_assigned,R10,G00359,
20260909_103310_9e1265,953,task_completed,R12,G00333,
20260909_103310_9e1265,954,task_assigned,R12,G00204,
20260909_103310_9e1265,954,task_completed,R4,G00353,
20260909_103310_9e1265,955,task_created,,G00362,type=PUTAWAY pickup=BUFFER dropoff=A-04
20260909_103310_9e1265,955,task_assigned,R4,G00362,
20260909_103310_9e1265,955,task_created,,G00363,type=PICK pickup=B-01 dropoff=PICK-2
20260909_103310_9e1265,955,task_created,,G00364,type=PACK pickup=PICK-1 dropoff=PACK-1
20260909_103310_9e1265,956,task_completed,R8,G00348,
20260909_103310_9e1265,957,task_completed,R6,G00340,
20260909_103310_9e1265,957,task_assigned,R8,G00363,
20260909_103310_9e1265,958,task_assigned,R6,G00209,
20260909_103310_9e1265,960,task_completed,R5,G00332,
20260909_103310_9e1265,961,task_assigned,R5,G00213,
20260909_103310_9e1265,961,task_created,,G00365,type=SHIP pickup=STAGING dropoff=DOCK-2
20260909_103310_9e1265,963,task_created,,G00366,type=PUTAWAY pickup=RECV dropoff=G-02
20260909_103310_9e1265,965,task_created,,G00367,type=PICK pickup=G-06 dropoff=PICK-3
20260909_103310_9e1265,966,task_completed,R2,G00352,
20260909_103310_9e1265,967,task_assigned,R2,G00366,
20260909_103310_9e1265,967,task_created,,G00368,type=PACK pickup=PICK-2 dropoff=PACK-1
20260909_103310_9e1265,971,task_completed,R12,G00204,
20260909_103310_9e1265,971,task_created,,G00369,type=PUTAWAY pickup=BUFFER dropoff=H-03
20260909_103310_9e1265,972,task_completed,R6,G00209,
20260909_103310_9e1265,972,task_assigned,R12,G00369,
20260909_103310_9e1265,973,task_completed,R3,G00357,
20260909_103310_9e1265,973,task_assigned,R6,G00367,
20260909_103310_9e1265,974,task_assigned,R3,G00218,
20260909_103310_9e1265,974,task_completed,R8,G00363,
20260909_103310_9e1265,975,task_created,,G00370,type=PICK pickup=E-01 dropoff=PICK-1
20260909_103310_9e1265,975,task_assigned,R8,G00370,
20260909_103310_9e1265,975,task_created,,G00371,type=SHIP pickup=STAGING dropoff=DOCK-1
20260909_103310_9e1265,977,task_completed,R5,G00213,
20260909_103310_9e1265,978,task_assigned,R5,G00221,
20260909_103310_9e1265,978,task_completed,R9,G00356,
20260909_103310_9e1265,979,task_created,,G00372,type=PUTAWAY pickup=RECV dropoff=E-06
20260909_103310_9e1265,979,task_assigned,R9,G00372,
20260909_103310_9e1265,979,task_created,,G00373,type=PACK pickup=PICK-1 dropoff=PACK-1
20260909_103310_9e1265,981,task_completed,R10,G00359,
20260909_103310_9e1265,982,task_assigned,R10,G00227,
20260909_103310_9e1265,985,task_created,,G00374,type=PICK pickup=B-02 dropoff=PICK-3
20260909_103310_9e1265,987,task_completed,R1,G00351,
20260909_103310_9e1265,987,task_created,,G00375,type=PUTAWAY pickup=BUFFER dropoff=H-06
20260909_103310_9e1265,988,task_assigned,R1,G00375,
20260909_103310_9e1265,989,task_created,,G00376,type=SHIP pickup=STAGING dropoff=DOCK-1
20260909_103310_9e1265,991,task_created,,G00377,type=PACK pickup=PICK-2 dropoff=PACK-2
20260909_103310_9e1265,993,task_completed,R11,G00314,
20260909_103310_9e1265,994,task_assigned,R11,G00374,
20260909_103310_9e1265,995,task_completed,R10,G00227,
20260909_103310_9e1265,995,task_created,,G00378,type=PUTAWAY pickup=BUFFER dropoff=B-04
20260909_103310_9e1265,995,task_created,,G00379,type=PICK pickup=B-06 dropoff=PICK-2
20260909_103310_9e1265,996,task_assigned,R10,G00378,
20260909_103310_9e1265,998,task_completed,R4,G00362,
20260909_103310_9e1265,998,task_completed,R6,G00367,
20260909_103310_9e1265,998,task_completed,R8,G00370,
20260909_103310_9e1265,999,task_assigned,R6,G00231,
20260909_103310_9e1265,999,task_assigned,R8,G00236,
20260909_103310_9e1265,999,task_assigned,R4,G00379,
20260909_103310_9e1265,1002,task_completed,R7,G00360,
20260909_103310_9e1265,1003,task_created,,G00380,type=PUTAWAY pickup=BUFFER dropoff=H-04
20260909_103310_9e1265,1003,task_assigned,R7,G00380,
20260909_103310_9e1265,1003,task_created,,G00381,type=PACK pickup=PICK-1 dropoff=PACK-1
20260909_103310_9e1265,1003,task_created,,G00382,type=SHIP pickup=STAGING dropoff=DOCK-1
20260909_103310_9e1265,1005,task_created,,G00383,type=PICK pickup=B-04 dropoff=PICK-2
20260909_103310_9e1265,1006,task_completed,R5,G00221,
20260909_103310_9e1265,1007,task_completed,R2,G00366,
20260909_103310_9e1265,1007,task_assigned,R5,G00383,
20260909_103310_9e1265,1008,task_assigned,R2,G00240,
20260909_103310_9e1265,1011,task_completed,R1,G00375,
20260909_103310_9e1265,1011,task_created,,G00384,type=PUTAWAY pickup=BUFFER dropoff=B-03
20260909_103310_9e1265,1012,task_completed,R6,G00231,
20260909_103310_9e1265,1012,task_assigned,R1,G00384,
20260909_103310_9e1265,1013,task_assigned,R6,G00245,
20260909_103310_9e1265,1014,task_completed,R8,G00236,
20260909_103310_9e1265,1015,task_created,,G00385,type=PICK pickup=G-01 dropoff=PICK-3
20260909_103310_9e1265,1015,task_assigned,R8,G00385,
20260909_103310_9e1265,1015,task_created,,G00386,type=PACK pickup=PICK-2 dropoff=PACK-1
20260909_103310_9e1265,1016,task_completed,R12,G00369,
20260909_103310_9e1265,1017,task_assigned,R12,G00250,
20260909_103310_9e1265,1017,task_created,,G00387,type=SHIP pickup=STAGING dropoff=DOCK-1
20260909_103310_9e1265,1018,task_completed,R11,G00374,
20260909_103310_9e1265,1018,task_completed,R4,G00379,
20260909_103310_9e1265,1019,task_assigned,R11,G00254,
20260909_103310_9e1265,1019,task_created,,G00388,type=PUTAWAY pickup=RECV dropoff=G-08
20260909_103310_9e1265,1019,task_assigned,R4,G00388,
20260909_103310_9e1265,1021,task_completed,R3,G00218,
20260909_103310_9e1265,1021,task_completed,R10,G00378,
20260909_103310_9e1265,1022,task_assigned,R3,G00258,
20260909_103310_9e1265,1022,task_assigned,R10,G00263,
20260909_103310_9e1265,1022,task_completed,R5,G00383,
20260909_103310_9e1265,1023,task_assigned,R5,G00267,
20260909_103310_9e1265,1024,task_completed,R9,G00372,
20260909_103310_9e1265,1025,task_created,,G00389,type=PICK pickup=H-03 dropoff=PICK-3
20260909_103310_9e1265,1025,task_assigned,R9,G00389,
20260909_103310_9e1265,1027,task_created,,G00390,type=PUTAWAY pickup=RECV dropoff=H-01
20260909_103310_9e1265,1027,task_created,,G00391,type=PACK pickup=PICK-1 dropoff=PACK-2
20260909_103310_9e1265,1029,task_completed,R2,G00240,
20260909_103310_9e1265,1030,task_assigned,R2,G00390,
20260909_103310_9e1265,1031,task_created,,G00392,type=SHIP pickup=STAGING dropoff=DOCK-2
20260909_103310_9e1265,1033,task_completed,R11,G00254,
20260909_103310_9e1265,1034,task_assigned,R11,G00273,
20260909_103310_9e1265,1034,task_completed,R1,G00384,
20260909_103310_9e1265,1035,task_created,,G00393,type=PUTAWAY pickup=RECV dropoff=E-03
20260909_103310_9e1265,1035,task_assigned,R1,G00393,
20260909_103310_9e1265,1035,task_created,,G00394,type=PICK pickup=C-05 dropoff=PICK-3
20260909_103310_9e1265,1037,task_interrupted,R10,G00263,
20260909_103310_9e1265,1037,task_completed,R8,G00385,
20260909_103310_9e1265,1038,task_assigned,R8,G00394,
20260909_103310_9e1265,1039,task_created,,G00395,type=PACK pickup=PICK-2 dropoff=PACK-2
20260909_103310_9e1265,1040,task_completed,R3,G00258,
20260909_103310_9e1265,1040,task_completed,R7,G00380,
20260909_103310_9e1265,1041,task_assigned,R3,G00263,
20260909_103310_9e1265,1041,task_assigned,R7,G00277,
20260909_103310_9e1265,1042,task_completed,R12,G00250,
20260909_103310_9e1265,1043,task_completed,R6,G00245,
20260909_103310_9e1265,1043,task_created,,G00396,type=PUTAWAY pickup=RECV dropoff=F-05
20260909_103310_9e1265,1043,task_assigned,R12,G00396,
20260909_103310_9e1265,1044,task_assigned,R6,G00282,
20260909_103310_9e1265,1045,task_created,,G00397,type=PICK pickup=B-02 dropoff=PICK-3
20260909_103310_9e1265,1045,task_created,,G00398,type=SHIP pickup=STAGING dropoff=DOCK-2
20260909_103310_9e1265,1047,task_completed,R5,G00267,
20260909_103310_9e1265,1048,task_completed,R11,G00273,
20260909_103310_9e1265,1048,task_assigned,R5,G00397,
20260909_103310_9e1265,1049,task_assigned,R11,G00285,
20260909_103310_9e1265,1051,task_created,,G00399,type=PUTAWAY pickup=BUFFER dropoff=D-01
20260909_103310_9e1265,1051,task_created,,G00400,type=PACK pickup=PICK-1 dropoff=PACK-1
20260909_103310_9e1265,1052,task_interrupted,R11,G00285,
20260909_103310_9e1265,1053,task_completed,R1,G00393,
20260909_103310_9e1265,1053,task_interrupted,R12,G00396,
20260909_103310_9e1265,1054,task_assigned,R1,G00396,
20260909_103310_9e1265,1055,task_created,,G00401,type=PICK pickup=F-06 dropoff=PICK-1
20260909_103310_9e1265,1057,task_completed,R9,G00389,
20260909_103310_9e1265,1058,task_assigned,R9,G00399,
20260909_103310_9e1265,1059,task_completed,R3,G00263,
20260909_103310_9e1265,1059,task_completed,R8,G00394,
20260909_103310_9e1265,1059,task_created,,G00402,type=PUTAWAY pickup=BUFFER dropoff=A-04
20260909_103310_9e1265,1059,task_assigned,R10,G00402,
20260909_103310_9e1265,1059,task_created,,G00403,type=SHIP pickup=STAGING dropoff=DOCK-1
20260909_103310_9e1265,1060,task_assigned,R8,G00285,
20260909_103310_9e1265,1060,task_assigned,R3,G00401,
20260909_103310_9e1265,1062,task_interrupted,R6,G00282,
20260909_103310_9e1265,1063,task_created,,G00404,type=PACK pickup=PICK-2 dropoff=PACK-1
20260909_103310_9e1265,1064,task_completed,R7,G00277,
20260909_103310_9e1265,1064,task_completed,R4,G00388,
20260909_103310_9e1265,1065,task_assigned,R7,G00282,
20260909_103310_9e1265,1065,task_interrupted,R1,G00396,
20260909_103310_9e1265,1065,task_interrupted,R3,G00401,
20260909_103310_9e1265,1065,task_created,,G00405,type=PICK pickup=E-07 dropoff=PICK-1
20260909_103310_9e1265,1065,task_assigned,R4,G00405,
20260909_103310_9e1265,1067,task_created,,G00406,type=PUTAWAY pickup=RECV dropoff=D-04
20260909_103310_9e1265,1073,task_created,,G00407,type=SHIP pickup=STAGING dropoff=DOCK-2
20260909_103310_9e1265,1074,task_assigned,R11,G00396,
20260909_103310_9e1265,1075,task_completed,R2,G00390,
20260909_103310_9e1265,1075,task_assigned,R12,G00406,
20260909_103310_9e1265,1075,task_created,,G00408,type=PUTAWAY pickup=BUFFER dropoff=D-06
20260909_103310_9e1265,1075,task_created,,G00409,type=PICK pickup=A-04 dropoff=PICK-1
20260909_103310_9e1265,1075,task_created,,G00410,type=PACK pickup=PICK-1 dropoff=PACK-1
20260909_103310_9e1265,1076,task_assigned,R2,G00408,
20260909_103310_9e1265,1078,task_interrupted,R4,G00405,
20260909_103310_9e1265,1080,task_completed,R7,G00282,
20260909_103310_9e1265,1081,task_assigned,R7,G00401,
20260909_103310_9e1265,1083,task_created,,G00411,type=PUTAWAY pickup=BUFFER dropoff=D-05
20260909_103310_9e1265,1085,task_created,,G00412,type=PICK pickup=B-06 dropoff=PICK-2
20260909_103310_9e1265,1087,task_created,,G00413,type=PACK pickup=PICK-1 dropoff=PACK-1
20260909_103310_9e1265,1087,task_created,,G00414,type=SHIP pickup=STAGING dropoff=DOCK-2
20260909_103310_9e1265,1088,task_completed,R5,G00397,
20260909_103310_9e1265,1088,task_assigned,R6,G00411,
20260909_103310_9e1265,1089,task_completed,R8,G00285,
20260909_103310_9e1265,1089,task_assigned,R5,G00405,
20260909_103310_9e1265,1090,task_interrupted,R7,G00401,
20260909_103310_9e1265,1090,task_assigned,R8,G00409,
20260909_103310_9e1265,1091,task_interrupted,R5,G00405,
20260909_103310_9e1265,1091,task_created,,G00415,type=PUTAWAY pickup=BUFFER dropoff=B-08
20260909_103310_9e1265,1094,task_completed,R9,G00399,
20260909_103310_9e1265,1095,task_assigned,R9,G00415,
20260909_103310_9e1265,1095,task_created,,G00416,type=PICK pickup=A-02 dropoff=PICK-1
20260909_103310_9e1265,1096,task_assigned,R1,G00401,
20260909_103310_9e1265,1098,task_completed,R10,G00402,
20260909_103310_9e1265,1099,task_created,,G00417,type=PUTAWAY pickup=BUFFER dropoff=A-08
20260909_103310_9e1265,1099,task_assigned,R10,G00417,
20260909_103310_9e1265,1099,task_created,,G00418,type=PACK pickup=PICK-3 dropoff=PACK-2
20260909_103310_9e1265,1100,task_completed,R2,G00408,
20260909_103310_9e1265,1101,task_assigned,R2,G00405,
20260909_103310_9e1265,1101,task_created,,G00419,type=SHIP pickup=STAGING dropoff=DOCK-1
20260909_103310_9e1265,1103,task_completed,R11,G00396,
20260909_103310_9e1265,1104,task_interrupted,R2,G00405,
20260909_103310_9e1265,1104,task_assigned,R11,G00412,
20260909_103310_9e1265,1105,task_created,,G00420,type=PICK pickup=F-02 dropoff=PICK-1
20260909_103310_9e1265,1107,task_assigned,R4,G00405,
20260909_103310_9e1265,1107,task_created,,G00421,type=PUTAWAY pickup=RECV dropoff=A-08
20260909_103310_9e1265,1108,task_assigned,R3,G00421,
20260909_103310_9e1265,1110,task_completed,R8,G00409,
20260909_103310_9e1265,1111,task_assigned,R8,G00416,
20260909_103310_9e1265,1111,task_created,,G00422,type=PACK pickup=PICK-2 dropoff=PACK-1
20260909_103310_9e1265,1113,task_completed,R9,G00415,
20260909_103310_9e1265,1114,task_assigned,R9,G00420,
20260909_103310_9e1265,1115,task_created,,G00423,type=PUTAWAY pickup=RECV dropoff=G-06
20260909_103310_9e1265,1115,task_created,,G00424,type=PICK pickup=F-04 dropoff=PICK-2
20260909_103310_9e1265,1115,task_created,,G00425,type=SHIP pickup=STAGING dropoff=DOCK-2
20260909_103310_9e1265,1119,task_completed,R11,G00412,
20260909_103310_9e1265,1120,task_assigned,R11,G00423,
20260909_103310_9e1265,1122,task_assigned,R7,G00424,
20260909_103310_9e1265,1123,task_completed,R12,G00406,
20260909_103310_9e1265,1123,task_interrupted,R9,G00420,
20260909_103310_9e1265,1123,task_created,,G00426,type=PUTAWAY pickup=RECV dropoff=A-02
20260909_103310_9e1265,1123,task_created,,G00427,type=PACK pickup=PICK-1 dropoff=PACK-2
20260909_103310_9e1265,1124,task_assigned,R12,G00426,
20260909_103310_9e1265,1125,task_completed,R10,G00417,
20260909_103310_9e1265,1125,task_created,,G00428,type=PICK pickup=B-08 dropoff=PICK-2
20260909_103310_9e1265,1126,task_completed,R1,G00401,
20260909_103310_9e1265,1126,task_assigned,R10,G00420,
20260909_103310_9e1265,1127,task_assigned,R1,G00428,
20260909_103310_9e1265,1128,task_completed,R8,G00416,
20260909_103310_9e1265,1129,task_interrupted,,G00290,
20260909_103310_9e1265,1129,task_completed,R6,G00411,
20260909_103310_9e1265,1129,task_created,,G00429,type=SHIP pickup=STAGING dropoff=DOCK-2
20260909_103310_9e1265,1130,task_assigned,R6,G00290,
20260909_103310_9e1265,1131,task_created,,G00430,type=PUTAWAY pickup=RECV dropoff=F-04
20260909_103310_9e1265,1134,task_assigned,R5,G00430,
20260909_103310_9e1265,1135,task_created,,G00431,type=PICK pickup=G-01 dropoff=PICK-2
20260909_103310_9e1265,1135,task_created,,G00432,type=PACK pickup=PICK-2 dropoff=PACK-1
20260909_103310_9e1265,1136,task_completed,R3,G00421,
20260909_103310_9e1265,1137,task_completed,R4,G00405,
20260909_103310_9e1265,1137,task_assigned,R3,G00431,
20260909_103310_9e1265,1138,task_assigned,R4,G00295,
20260909_103310_9e1265,1139,task_created,,G00433,type=PUTAWAY pickup=BUFFER dropoff=C-03
20260909_103310_9e1265,1143,task_completed,R1,G00428,
20260909_103310_9e1265,1143,task_created,,G00434,type=SHIP pickup=STAGING dropoff=DOCK-1
20260909_103310_9e1265,1144,task_assigned,R1,G00433,
20260909_103310_9e1265,1145,task_created,,G00435,type=PICK pickup=E-04 dropoff=PICK-1
20260909_103310_9e1265,1146,task_assigned,R2,G00435,
20260909_103310_9e1265,1147,task_created,,G00436,type=PUTAWAY pickup=RECV dropoff=F-08
20260909_103310_9e1265,1147,task_created,,G00437,type=PACK pickup=PICK-3 dropoff=PACK-2
20260909_103310_9e1265,1149,task_completed,R4,G00295,
20260909_103310_9e1265,1150,task_assigned,R4,G00436,
20260909_103310_9e1265,1152,task_assigned,R8,G00300,
20260909_103310_9e1265,1152,task_completed,R10,G00420,
20260909_103310_9e1265,1153,task_assigned,R10,G00304,
20260909_103310_9e1265,1153,task_assigned,R9,G00309,
20260909_103310_9e1265,1153,task_completed,R7,G00424,
20260909_103310_9e1265,1154,task_assigned,R7,G00313,
20260909_103310_9e1265,1155,task_created,,G00438,type=PUTAWAY pickup=RECV dropoff=A-01
20260909_103310_9e1265,1155,task_created,,G00439,type=PICK pickup=C-05 dropoff=PICK-1
20260909_103310_9e1265,1157,task_created,,G00440,type=SHIP pickup=STAGING dropoff=DOCK-2
20260909_103310_9e1265,1158,task_completed,R11,G00423,
20260909_103310_9e1265,1159,task_assigned,R11,G00438,
20260909_103310_9e1265,1159,task_created,,G00441,type=PACK pickup=PICK-1 dropoff=PACK-2
20260909_103310_9e1265,1162,task_completed,R6,G00290,
20260909_103310_9e1265,1163,task_created,,G00442,type=PUTAWAY pickup=BUFFER dropoff=H-04
20260909_103310_9e1265,1163,task_assigned,R6,G00442,
20260909_103310_9e1265,1165,task_completed,R1,G00433,
20260909_103310_9e1265,1165,task_created,,G00443,type=PICK pickup=E-01 dropoff=PICK-3
20260909_103310_9e1265,1166,task_assigned,R1,G00439,
20260909_103310_9e1265,1169,task_completed,R5,G00430,
20260909_103310_9e1265,1170,task_completed,R10,G00304,
20260909_103310_9e1265,1170,task_assigned,R5,G00443,
20260909_103310_9e1265,1171,task_completed,R3,G00431,
20260909_103310_9e1265,1171,task_created,,G00444,type=PUTAWAY pickup=RECV dropoff=G-06
20260909_103310_9e1265,1171,task_assigned,R10,G00444,
20260909_103310_9e1265,1171,task_created,,G00445,type=PACK pickup=PICK-1 dropoff=PACK-2
20260909_103310_9e1265,1171,task_created,,G00446,type=SHIP pickup=STAGING dropoff=DOCK-2
20260909_103310_9e1265,1172,task_assigned,R3,G00318,
20260909_103310_9e1265,1174,task_completed,R2,G00435,
20260909_103310_9e1265,1175,task_completed,R12,G00426,
20260909_103310_9e1265,1175,task_created,,G00447,type=PICK pickup=G-07 dropoff=PICK-2
20260909_103310_9e1265,1175,task_assigned,R2,G00447,
20260909_103310_9e1265,1176,task_assigned,R12,G00322,
20260909_103310_9e1265,1179,task_created,,G00448,type=PUTAWAY pickup=BUFFER dropoff=B-03
20260909_103310_9e1265,1181,task_completed,R1,G00439,
20260909_103310_9e1265,1182,task_assigned,R1,G00448,
20260909_103310_9e1265,1183,task_completed,R8,G00300,
20260909_103310_9e1265,1183,task_completed,R4,G00436,
20260909_103310_9e1265,1183,task_created,,G00449,type=PACK pickup=PICK-2 dropoff=PACK-1
20260909_103310_9e1265,1184,task_assigned,R4,G00327,
20260909_103310_9e1265,1184,task_assigned,R8,G00331,
20260909_103310_9e1265,1185,task_created,,G00450,type=PICK pickup=C-06 dropoff=PICK-2
20260909_103310_9e1265,1185,task_created,,G00451,type=SHIP pickup=STAGING dropoff=DOCK-2
20260909_103310_9e1265,1187,task_completed,R7,G00313,
20260909_103310_9e1265,1187,task_created,,G00452,type=PUTAWAY pickup=BUFFER dropoff=A-02
20260909_103310_9e1265,1188,task_completed,R9,G00309,
20260909_103310_9e1265,1188,task_assigned,R7,G00452,
20260909_103310_9e1265,1189,task_assigned,R9,G00450,
20260909_103310_9e1265,1193,task_completed,R3,G00318,
20260909_103310_9e1265,1194,task_completed,R12,G00322,
20260909_103310_9e1265,1194,task_assigned,R3,G00336,
20260909_103310_9e1265,1195,task_completed,R4,G00327,
20260909_103310_9e1265,1195,task_created,,G00453,type=PUTAWAY pickup=BUFFER dropoff=H-01
20260909_103310_9e1265,1195,task_assigned,R12,G00453,
20260909_103310_9e1265,1195,task_created,,G00454,type=PICK pickup=D-02 dropoff=PICK-2
20260909_103310_9e1265,1195,task_created,,G00455,type=PACK pickup=PICK-2 dropoff=PACK-2
20260909_103310_9e1265,1196,task_assigned,R4,G00454,
20260909_103310_9e1265,1199,task_created,,G00456,type=SHIP pickup=STAGING dropoff=DOCK-1
20260909_103310_9e1265,1203,task_created,,G00457,type=PUTAWAY pickup=BUFFER dropoff=H-04
20260909_103310_9e1265,1205,task_completed,R6,G00442,
20260909_103310_9e1265,1205,task_completed,R2,G00447,
20260909_103310_9e1265,1205,task_created,,G00458,type=PICK pickup=E-08 dropoff=PICK-1
20260909_103310_9e1265,1206,task_assigned,R2,G00457,
20260909_103310_9e1265,1206,task_assigned,R6,G00458,
20260909_103310_9e1265,1207,task_completed,R11,G00438,
20260909_103310_9e1265,1207,task_created,,G00459,type=PACK pickup=PICK-2 dropoff=PACK-1
20260909_103310_9e1265,1208,task_completed,R8,G00331,
20260909_103310_9e1265,1208,task_assigned,R11,G00341,
20260909_103310_9e1265,1208,task_completed,R5,G00443,
20260909_103310_9e1265,1209,task_assigned,R5,G00346,
20260909_103310_9e1265,1209,task_assigned,R8,G00349,
20260909_103310_9e1265,1209,task_completed,R1,G00448,
20260909_103310_9e1265,1209,task_completed,R9,G00450,
20260909_103310_9e1265,1210,task_assigned,R9,G00354,
20260909_103310_9e1265,1210,task_assigned,R1,G00358,
20260909_103310_9e1265,1211,task_created,,G00460,type=PUTAWAY pickup=BUFFER dropoff=C-02
20260909_103310_9e1265,1213,task_created,,G00461,type=SHIP pickup=STAGING dropoff=DOCK-1
20260909_103310_9e1265,1215,task_created,,G00462,type=PICK pickup=B-07 dropoff=PICK-3
20260909_103310_9e1265,1219,task_created,,G00463,type=PUTAWAY pickup=RECV dropoff=F-07
20260909_103310_9e1265,1219,task_created,,G00464,type=PACK pickup=PICK-3 dropoff=PACK-2
20260909_103310_9e1265,1221,task_completed,R3,G00336,
20260909_103310_9e1265,1222,task_completed,R5,G00346,
20260909_103310_9e1265,1222,task_assigned,R3,G00460,
20260909_103310_9e1265,1223,task_completed,R10,G00444,
20260909_103310_9e1265,1223,task_assigned,R5,G00463,
20260909_103310_9e1265,1224,task_assigned,R10,G00462,
20260909_103310_9e1265,1225,task_created,,G00465,type=PICK pickup=D-04 dropoff=PICK-2
20260909_103310_9e1265,1227,task_completed,R4,G00454,
20260909_103310_9e1265,1227,task_created,,G00466,type=PUTAWAY pickup=BUFFER dropoff=F-05
20260909_103310_9e1265,1227,task_created,,G00467,type=SHIP pickup=STAGING dropoff=DOCK-1
20260909_103310_9e1265,1228,task_completed,R11,G00341,
20260909_103310_9e1265,1228,task_assigned,R4,G00466,
20260909_103310_9e1265,1229,task_assigned,R11,G00465,
20260909_103310_9e1265,1231,task_created,,G00468,type=PACK pickup=PICK-2 dropoff=PACK-1
20260909_103310_9e1265,1232,task_completed,R2,G00457,
20260909_103310_9e1265,1233,task_assigned,R2,G00364,
20260909_103310_9e1265,1234,task_completed,R12,G00453,
20260909_103310_9e1265,1235,task_created,,G00469,type=PUTAWAY pickup=BUFFER dropoff=D-07
20260909_103310_9e1265,1235,task_assigned,R12,G00469,
20260909_103310_9e1265,1235,task_created,,G00470,type=PICK pickup=B-03 dropoff=PICK-1
20260909_103310_9e1265,1236,task_completed,R8,G00349,
20260909_103310_9e1265,1237,task_assigned,R8,G00470,
20260909_103310_9e1265,1238,task_completed,R7,G00452,
20260909_103310_9e1265,1239,task_assigned,R7,G00368,
20260909_103310_9e1265,1241,task_completed,R6,G00458,
20260909_103310_9e1265,1241,task_created,,G00471,type=SHIP pickup=STAGING dropoff=DOCK-1
20260909_103310_9e1265,1242,task_assigned,R6,G00373,
20260909_103310_9e1265,1243,task_completed,R10,G00462,
20260909_103310_9e1265,1243,task_created,,G00472,type=PUTAWAY pickup=RECV dropoff=G-02
20260909_103310_9e1265,1243,task_created,,G00473,type=PACK pickup=PICK-2 dropoff=PACK-1
20260909_103310_9e1265,1244,task_completed,R3,G00460,
20260909_103310_9e1265,1244,task_assigned,R10,G00472,
20260909_103310_9e1265,1245,task_created,,G00474,type=PICK pickup=A-07 dropoff=PICK-3
20260909_103310_9e1265,1245,task_assigned,R3,G00474,
20260909_103310_9e1265,1246,task_completed,R9,G00354,
20260909_103310_9e1265,1247,task_assigned,R9,G00377,
20260909_103310_9e1265,1251,task_completed,R6,G00373,
20260909_103310_9e1265,1251,task_created,,G00475,type=PUTAWAY pickup=RECV dropoff=C-07
20260909_103310_9e1265,1252,task_completed,R4,G00466,
20260909_103310_9e1265,1252,task_assigned,R6,G00475,
20260909_103310_9e1265,1253,task_assigned,R4,G00381,
20260909_103310_9e1265,1255,task_created,,G00476,type=PICK pickup=A-02 dropoff=PICK-1
20260909_103310_9e1265,1255,task_created,,G00477,type=PACK pickup=PICK-2 dropoff=PACK-2
20260909_103310_9e1265,1255,task_created,,G00478,type=SHIP pickup=STAGING dropoff=DOCK-1
20260909_103310_9e1265,1258,task_completed,R1,G00358,
20260909_103310_9e1265,1259,task_created,,G00479,type=PUTAWAY pickup=RECV dropoff=G-05
20260909_103310_9e1265,1259,task_assigned,R1,G00479,
20260909_103310_9e1265,1261,task_completed,R9,G00377,
20260909_103310_9e1265,1262,task_completed,R12,G00469,
20260909_103310_9e1265,1262,task_assigned,R9,G00476,
20260909_103310_9e1265,1263,task_assigned,R12,G00386,
20260909_103310_9e1265,1263,task_completed,R5,G00463,
20260909_103310_9e1265,1264,task_assigned,R5,G00391,
20260909_103310_9e1265,1264,task_completed,R11,G00465,
20260909_103310_9e1265,1265,task_created,,G00480,type=PICK pickup=G-01 dropoff=PICK-2
20260909_103310_9e1265,1265,task_assigned,R11,G00480,
20260909_103310_9e1265,1267,task_completed,R7,G00368,
20260909_103310_9e1265,1267,task_created,,G00481,type=PUTAWAY pickup=BUFFER dropoff=G-07
20260909_103310_9e1265,1267,task_created,,G00482,type=PACK pickup=PICK-2 dropoff=PACK-1
20260909_103310_9e1265,1268,task_assigned,R7,G00481,
20260909_103310_9e1265,1269,task_created,,G00483,type=SHIP pickup=STAGING dropoff=DOCK-2
20260909_103310_9e1265,1271,task_completed,R4,G00381,
20260909_103310_9e1265,1272,task_assigned,R4,G00395,
20260909_103310_9e1265,1275,task_created,,G00484,type=PUTAWAY pickup=BUFFER dropoff=E-06
20260909_103310_9e1265,1275,task_created,,G00485,type=PICK pickup=A-01 dropoff=PICK-2
20260909_103310_9e1265,1277,task_completed,R8,G00470,
20260909_103310_9e1265,1278,task_interrupted,R10,G00472,
20260909_103310_9e1265,1278,task_assigned,R8,G00484,
20260909_103310_9e1265,1279,task_created,,G00486,type=PACK pickup=PICK-2 dropoff=PACK-1
20260909_103310_9e1265,1282,task_completed,R2,G00364,
20260909_103310_9e1265,1283,task_assigned,R2,G00472,
20260909_103310_9e1265,1283,task_created,,G00487,type=PUTAWAY pickup=BUFFER dropoff=E-04
20260909_103310_9e1265,1283,task_created,,G00488,type=SHIP pickup=STAGING dropoff=DOCK-2
20260909_103310_9e1265,1284,task_completed,R12,G00386,
20260909_103310_9e1265,1285,task_completed,R4,G00395,
20260909_103310_9e1265,1285,task_assigned,R12,G00487,
20260909_103310_9e1265,1285,task_created,,G00489,type=PICK pickup=E-01 dropoff=PICK-1
20260909_103310_9e1265,1286,task_assigned,R4,G00485,
20260909_103310_9e1265,1290,task_completed,R5,G00391,
20260909_103310_9e1265,1290,task_completed,R9,G00476,
20260909_103310_9e1265,1291,task_completed,R7,G00481,
20260909_103310_9e1265,1291,task_assigned,R9,G00489,
20260909_103310_9e1265,1291,task_created,,G00490,type=PUTAWAY pickup=BUFFER dropoff=G-04
20260909_103310_9e1265,1291,task_assigned,R5,G00490,
20260909_103310_9e1265,1291,task_created,,G00491,type=PACK pickup=PICK-3 dropoff=PACK-1
20260909_103310_9e1265,1292,task_assigned,R7,G00400,
20260909_103310_9e1265,1292,task_completed,R11,G00480,
20260909_103310_9e1265,1293,task_assigned,R11,G00404,
20260909_103310_9e1265,1293,task_completed,R3,G00474,
20260909_103310_9e1265,1293,task_completed,R6,G00475,
20260909_103310_9e1265,1294,task_assigned,R3,G00410,
20260909_103310_9e1265,1294,task_assigned,R6,G00413,
20260909_103310_9e1265,1295,task_created,,G00492,type=PICK pickup=A-08 dropoff=PICK-2
20260909_103310_9e1265,1297,task_completed,R1,G00479,
20260909_103310_9e1265,1297,task_created,,G00493,type=SHIP pickup=STAGING dropoff=DOCK-1
20260909_103310_9e1265,1298,task_completed,R11,G00404,
20260909_103310_9e1265,1298,task_assigned,R1,G00492,
20260909_103310_9e1265,1299,task_created,,G00494,type=PUTAWAY pickup=RECV dropoff=C-08
20260909_103310_9e1265,1303,task_created,,G00495,type=PACK pickup=PICK-1 dropoff=PACK-1
20260909_103310_9e1265,1305,task_created,,G00496,type=PICK pickup=C-01 dropoff=PICK-3
20260909_103310_9e1265,1307,task_interrupted,R12,G00487,
20260909_103310_9e1265,1307,task_created,,G00497,type=PUTAWAY pickup=BUFFER dropoff=F-06
20260909_103310_9e1265,1308,task_assigned,R11,G00487,
20260909_103310_9e1265,1308,task_completed,R9,G00489,
20260909_103310_9e1265,1309,task_assigned,R9,G00494,
20260909_103310_9e1265,1311,task_interrupted,R6,G00413,
20260909_103310_9e1265,1311,task_completed,R2,G00472,
20260909_103310_9e1265,1311,task_created,,G00498,type=SHIP pickup=STAGING dropoff=DOCK-2
20260909_103310_9e1265,1312,task_assigned,R2,G00497,
20260909_103310_9e1265,1314,task_interrupted,R11,G00487,
20260909_103310_9e1265,1315,task_completed,R8,G00484,
20260909_103310_9e1265,1315,task_assigned,R10,G00487,
20260909_103310_9e1265,1315,task_created,,G00499,type=PUTAWAY pickup=BUFFER dropoff=C-05
20260909_103310_9e1265,1315,task_created,,G00500,type=PICK pickup=G-06 dropoff=PICK-2
20260909_103310_9e1265,1315,task_created,,G00501,type=PACK pickup=PICK-3 dropoff=PACK-2
20260909_103310_9e1265,1316,task_assigned,R8,G00499,
20260909_103310_9e1265,1320,task_completed,R5,G00490,
20260909_103310_9e1265,1320,task_completed,R1,G00492,
20260909_103310_9e1265,1321,task_assigned,R5,G00496,
20260909_103310_9e1265,1321,task_assigned,R1,G00500,
20260909_103310_9e1265,1323,task_interrupted,R1,G00500,
20260909_103310_9e1265,1323,task_created,,G00502,type=PUTAWAY pickup=RECV dropoff=F-01
20260909_103310_9e1265,1324,task_completed,R3,G00410,
20260909_103310_9e1265,1325,task_completed,R2,G00497,
20260909_103310_9e1265,1325,task_assigned,R3,G00502,
20260909_103310_9e1265,1325,task_created,,G00503,type=PICK pickup=F-03 dropoff=PICK-1
20260909_103310_9e1265,1325,task_created,,G00504,type=SHIP pickup=STAGING dropoff=DOCK-1
20260909_103310_9e1265,1326,task_completed,R7,G00400,
20260909_103310_9e1265,1326,task_assigned,R2,G00500,
20260909_103310_9e1265,1327,task_assigned,R7,G00503,
20260909_103310_9e1265,1327,task_created,,G00505,type=PACK pickup=PICK-3 dropoff=PACK-2
20260909_103310_9e1265,1329,task_completed,R4,G00485,
20260909_103310_9e1265,1331,task_created,,G00506,type=PUTAWAY pickup=BUFFER dropoff=C-03
20260909_103310_9e1265,1333,task_completed,R5,G00496,
20260909_103310_9e1265,1334,task_assigned,R5,G00506,
20260909_103310_9e1265,1335,task_completed,R8,G00499,
20260909_103310_9e1265,1335,task_created,,G00507,type=PICK pickup=C-08 dropoff=PICK-2
20260909_103310_9e1265,1336,task_assigned,R8,G00507,
20260909_103310_9e1265,1337,task_assigned,R6,G00413,
20260909_103310_9e1265,1337,task_interrupted,R3,G00502,
20260909_103310_9e1265,1338,task_completed,R2,G00500,
20260909_103310_9e1265,1339,task_completed,R9,G00494,
20260909_103310_9e1265,1339,task_assigned,R2,G00502,
20260909_103310_9e1265,1339,task_created,,G00508,type=PUTAWAY pickup=RECV dropoff=A-08
20260909_103310_9e1265,1339,task_created,,G00509,type=PACK pickup=PICK-2 dropoff=PACK-2
20260909_103310_9e1265,1339,task_created,,G00510,type=SHIP pickup=STAGING dropoff=DOCK-2
20260909_103310_9e1265,1340,task_assigned,R9,G00508,
20260909_103310_9e1265,1343,task_assigned,R11,G00418,
20260909_103310_9e1265,1344,task_assigned,R12,G00422,
20260909_103310_9e1265,1345,task_interrupted,R5,G00506,
20260909_103310_9e1265,1345,task_created,,G00511,type=PICK pickup=D-08 dropoff=PICK-3
20260909_103310_9e1265,1347,task_created,,G00512,type=PUTAWAY pickup=RECV dropoff=H-01
20260909_103310_9e1265,1350,task_completed,R8,G00507,
20260909_103310_9e1265,1351,task_assigned,R8,G00506,
20260909_103310_9e1265,1351,task_created,,G00513,type=PACK pickup=PICK-1 dropoff=PACK-1
20260909_103310_9e1265,1352,task_completed,R10,G00487,
20260909_103310_9e1265,1353,task_completed,R7,G00503,
20260909_103310_9e1265,1353,task_assigned,R10,G00512,
20260909_103310_9e1265,1353,task_created,,G00514,type=SHIP pickup=STAGING dropoff=DOCK-1
20260909_103310_9e1265,1354,task_assigned,R7,G00511,
20260909_103310_9e1265,1355,task_created,,G00515,type=PUTAWAY pickup=BUFFER dropoff=E-04
20260909_103310_9e1265,1355,task_created,,G00516,type=PICK pickup=F-02 dropoff=PICK-3
20260909_103310_9e1265,1358,task_assigned,R1,G00515,
20260909_103310_9e1265,1363,task_created,,G00517,type=PUTAWAY pickup=RECV dropoff=F-06
20260909_103310_9e1265,1363,task_created,,G00518,type=PACK pickup=PICK-3 dropoff=PACK-1
20260909_103310_9e1265,1364,task_completed,R6,G00413,
20260909_103310_9e1265,1365,task_assigned,R6,G00516,
20260909_103310_9e1265,1365,task_assigned,R3,G00517,
20260909_103310_9e1265,1365,task_created,,G00519,type=PICK pickup=B-07 dropoff=PICK-1
20260909_103310_9e1265,1366,task_completed,R8,G00506,
20260909_103310_9e1265,1367,task_completed,R9,G00508,
20260909_103310_9e1265,1367,task_interrupted,R7,G00511,
20260909_103310_9e1265,1367,task_assigned,R8,G00519,
20260909_103310_9e1265,1367,task_created,,G00520,type=SHIP pickup=STAGING dropoff=DOCK-1
20260909_103310_9e1265,1368,task_assigned,R9,G00511,
20260909_103310_9e1265,1370,task_completed,R12,G00422,
20260909_103310_9e1265,1370,task_assigned,R4,G00427,
20260909_103310_9e1265,1371,task_interrupted,R9,G00511,
20260909_103310_9e1265,1371,task_created,,G00521,type=PUTAWAY pickup=BUFFER dropoff=E-06
20260909_103310_9e1265,1371,task_assigned,R12,G00521,
20260909_103310_9e1265,1375,task_created,,G00522,type=PICK pickup=D-01 dropoff=PICK-3
20260909_103310_9e1265,1375,task_created,,G00523,type=PACK pickup=PICK-2 dropoff=PACK-2
20260909_103310_9e1265,1377,task_completed,R2,G00502,
20260909_103310_9e1265,1379,task_created,,G00524,type=PUTAWAY pickup=BUFFER dropoff=B-06
20260909_103310_9e1265,1380,task_completed,R11,G00418,
20260909_103310_9e1265,1381,task_assigned,R5,G00511,
20260909_103310_9e1265,1381,task_assigned,R11,G00524,
20260909_103310_9e1265,1381,task_created,,G00525,type=SHIP pickup=STAGING dropoff=DOCK-1
20260909_103310_9e1265,1382,task_interrupted,R8,G00519,
20260909_103310_9e1265,1384,task_completed,R10,G00512,
20260909_103310_9e1265,1385,task_assigned,R10,G00519,
20260909_103310_9e1265,1385,task_created,,G00526,type=PICK pickup=C-04 dropoff=PICK-3
20260909_103310_9e1265,1387,task_created,,G00527,type=PUTAWAY pickup=RECV dropoff=E-06
20260909_103310_9e1265,1387,task_created,,G00528,type=PACK pickup=PICK-1 dropoff=PACK-2
20260909_103310_9e1265,1394,task_completed,R3,G00517,
20260909_103310_9e1265,1395,task_assigned,R3,G00527,
20260909_103310_9e1265,1395,task_created,,G00529,type=PUTAWAY pickup=RECV dropoff=A-04
20260909_103310_9e1265,1395,task_created,,G00530,type=PICK pickup=G-01 dropoff=PICK-2
20260909_103310_9e1265,1395,task_created,,G00531,type=SHIP pickup=STAGING dropoff=DOCK-1
20260909_103310_9e1265,1399,task_completed,R4,G00427,
20260909_103310_9e1265,1399,task_created,,G00532,type=PACK pickup=PICK-1 dropoff=PACK-1
20260909_103310_9e1265,1400,task_assigned,R4,G00529,
20260909_103310_9e1265,1401,task_completed,R12,G00521,
20260909_103310_9e1265,1402,task_assigned,R12,G00522,
20260909_103310_9e1265,1403,task_created,,G00533,type=PUTAWAY pickup=RECV dropoff=A-08
20260909_103310_9e1265,1405,task_created,,G00534,type=PICK pickup=H-01 dropoff=PICK-2
20260909_103310_9e1265,1409,task_created,,G00535,type=SHIP pickup=STAGING dropoff=DOCK-2
20260909_103310_9e1265,1410,task_completed,R11,G00524,
20260909_103310_9e1265,1410,task_completed,R3,G00527,
20260909_103310_9e1265,1410,task_assigned,R2,G00533,
20260909_103310_9e1265,1411,task_assigned,R11,G00526,
20260909_103310_9e1265,1411,task_created,,G00536,type=PUTAWAY pickup=RECV dropoff=G-08
20260909_103310_9e1265,1411,task_assigned,R3,G00536,
20260909_103310_9e1265,1411,task_created,,G00537,type=PACK pickup=PICK-1 dropoff=PACK-1
20260909_103310_9e1265,1413,task_completed,R1,G00515,
20260909_103310_9e1265,1414,task_assigned,R1,G00530,
20260909_103310_9e1265,1414,task_assigned,R8,G00534,
20260909_103310_9e1265,1415,task_created,,G00538,type=PICK pickup=B-05 dropoff=PICK-1
20260909_103310_9e1265,1418,task_assigned,R7,G00538,
20260909_103310_9e1265,1419,task_created,,G00539,type=PUTAWAY pickup=BUFFER dropoff=H-05
20260909_103310_9e1265,1421,task_completed,R6,G00516,
20260909_103310_9e1265,1422,task_assigned,R6,G00539,
20260909_103310_9e1265,1423,task_created,,G00540,type=PACK pickup=PICK-2 dropoff=PACK-1
20260909_103310_9e1265,1423,task_created,,G00541,type=SHIP pickup=STAGING dropoff=DOCK-1
20260909_103310_9e1265,1424,task_completed,R5,G00511,
20260909_103310_9e1265,1425,task_created,,G00542,type=PICK pickup=E-08 dropoff=PICK-1
20260909_103310_9e1265,1425,task_assigned,R5,G00542,
20260909_103310_9e1265,1426,task_assigned,R9,G00432,
20260909_103310_9e1265,1426,task_completed,R11,G00526,
20260909_103310_9e1265,1427,task_created,,G00543,type=PUTAWAY pickup=RECV dropoff=B-01
20260909_103310_9e1265,1427,task_assigned,R11,G00543,
20260909_103310_9e1265,1431,task_completed,R10,G00519,
20260909_103310_9e1265,1432,task_assigned,R10,G00437,
20260909_103310_9e1265,1433,task_completed,R12,G00522,
20260909_103310_9e1265,1434,task_assigned,R12,G00441,
20260909_103310_9e1265,1435,task_completed,R2,G00533,
20260909_103310_9e1265,1435,task_created,,G00544,type=PUTAWAY pickup=RECV dropoff=F-08
20260909_103310_9e1265,1435,task_created,,G00545,type=PICK pickup=E-05 dropoff=PICK-2
20260909_103310_9e1265,1435,task_created,,G00546,type=PACK pickup=PICK-3 dropoff=PACK-1
20260909_103310_9e1265,1436,task_assigned,R2,G00544,
20260909_103310_9e1265,1437,task_created,,G00547,type=SHIP pickup=STAGING dropoff=DOCK-2
20260909_103310_9e1265,1438,task_completed,R4,G00529,
20260909_103310_9e1265,1438,task_completed,R1,G00530,
20260909_103310_9e1265,1439,task_assigned,R1,G00445,
20260909_103310_9e1265,1439,task_assigned,R4,G00545,
20260909_103310_9e1265,1440,task_completed,R3,G00536,
20260909_103310_9e1265,1441,task_assigned,R3,G00449,
20260909_103310_9e1265,1443,task_created,,G00548,type=PUTAWAY pickup=BUFFER dropoff=C-03
20260909_103310_9e1265,1445,task_created,,G00549,type=PICK pickup=F-01 dropoff=PICK-2
20260909_103310_9e1265,1447,task_completed,R7,G00538,
20260909_103310_9e1265,1447,task_created,,G00550,type=PACK pickup=PICK-2 dropoff=PACK-1
20260909_103310_9e1265,1448,task_assigned,R7,G00548,
20260909_103310_9e1265,1451,task_completed,R9,G00432,
20260909_103310_9e1265,1451,task_created,,G00551,type=PUTAWAY pickup=RECV dropoff=H-03
20260909_103310_9e1265,1451,task_created,,G00552,type=SHIP pickup=STAGING dropoff=DOCK-1
20260909_103310_9e1265,1452,task_assigned,R9,G00551,
20260909_103310_9e1265,1453,task_completed,R6,G00539,
20260909_103310_9e1265,1454,task_assigned,R6,G00549,
20260909_103310_9e1265,1455,task_completed,R3,G00449,
20260909_103310_9e1265,1455,task_created,,G00553,type=PICK pickup=E-02 dropoff=PICK-2
20260909_103310_9e1265,1456,task_assigned,R3,G00553,
20260909_103310_9e1265,1457,task_completed,R8,G00534,
20260909_103310_9e1265,1458,task_completed,R10,G00437,
20260909_103310_9e1265,1458,task_assigned,R8,G00455,
20260909_103310_9e1265,1459,task_created,,G00554,type=PUTAWAY pickup=RECV dropoff=E-06
20260909_103310_9e1265,1459,task_assigned,R10,G00554,
20260909_103310_9e1265,1459,task_created,,G00555,type=PACK pickup=PICK-3 dropoff=PACK-1
20260909_103310_9e1265,1464,task_completed,R1,G00445,
20260909_103310_9e1265,1465,task_completed,R8,G00455,
20260909_103310_9e1265,1465,task_created,,G00556,type=PICK pickup=D-01 dropoff=PICK-2
20260909_103310_9e1265,1465,task_assigned,R1,G00556,
20260909_103310_9e1265,1465,task_created,,G00557,type=SHIP pickup=STAGING dropoff=DOCK-1
20260909_103310_9e1265,1466,task_assigned,R8,G00459,
20260909_103310_9e1265,1466,task_completed,R11,G00543,
20260909_103310_9e1265,1467,task_created,,G00558,type=PUTAWAY pickup=RECV dropoff=D-03
20260909_103310_9e1265,1467,task_assigned,R11,G00558,
20260909_103310_9e1265,1470,task_completed,R12,G00441,
20260909_103310_9e1265,1470,task_completed,R2,G00544,
20260909_103310_9e1265,1471,task_assigned,R12,G00464,
20260909_103310_9e1265,1471,task_assigned,R2,G00468,
20260909_103310_9e1265,1471,task_created,,G00559,type=PACK pickup=PICK-2 dropoff=PACK-2
20260909_103310_9e1265,1474,task_completed,R4,G00545,
20260909_103310_9e1265,1474,task_completed,R7,G00548,
20260909_103310_9e1265,1475,task_completed,R5,G00542,
20260909_103310_9e1265,1475,task_created,,G00560,type=PUTAWAY pickup=RECV dropoff=E-01
20260909_103310_9e1265,1475,task_assigned,R4,G00560,
20260909_103310_9e1265,1475,task_created,,G00561,type=PICK pickup=H-02 dropoff=PICK-1
20260909_103310_9e1265,1475,task_assigned,R7,G00561,
20260909_103310_9e1265,1476,task_assigned,R5,G00473,
20260909_103310_9e1265,1478,task_completed,R8,G00459,
20260909_103310_9e1265,1479,task_assigned,R8,G00477,
20260909_103310_9e1265,1479,task_created,,G00562,type=SHIP pickup=STAGING dropoff=DOCK-2
20260909_103310_9e1265,1482,task_completed,R2,G00468,
20260909_103310_9e1265,1483,task_created,,G00563,type=PUTAWAY pickup=RECV dropoff=G-02
20260909_103310_9e1265,1483,task_assigned,R2,G00563,
20260909_103310_9e1265,1483,task_created,,G00564,type=PACK pickup=PICK-1 dropoff=PACK-1
20260909_103310_9e1265,1485,task_created,,G00565,type=PICK pickup=F-05 dropoff=PICK-3
20260909_103310_9e1265,1486,task_completed,R6,G00549,
20260909_103310_9e1265,1487,task_assigned,R6,G00565,
20260909_103310_9e1265,1488,task_completed,R12,G00464,
20260909_103310_9e1265,1489,task_assigned,R12,G00482,
20260909_103310_9e1265,1491,task_completed,R8,G00477,
20260909_103310_9e1265,1491,task_completed,R10,G00554,
20260909_103310_9e1265,1491,task_created,,G00566,type=PUTAWAY pickup=BUFFER dropoff=F-05
20260909_103310_9e1265,1492,task_assigned,R8,G00486,
20260909_103310_9e1265,1492,task_assigned,R10,G00566,
20260909_103310_9e1265,1493,task_created,,G00567,type=SHIP pickup=STAGING dropoff=DOCK-1
20260909_103310_9e1265,1494,task_completed,R5,G00473,
20260909_103310_9e1265,1495,task_created,,G00568,type=PICK pickup=B-05 dropoff=PICK-3
20260909_103310_9e1265,1495,task_assigned,R5,G00568,
20260909_103310_9e1265,1495,task_created,,G00569,type=PACK pickup=PICK-1 dropoff=PACK-1
20260909_103310_9e1265,1499,task_created,,G00570,type=PUTAWAY pickup=BUFFER dropoff=E-06
20260909_103310_9e1265,1500,task_completed,R1,G00556,
20260909_103310_9e1265,1500,task_completed,R4,G00560,
20260909_103310_9e1265,1501,task_completed,R12,G00482,
20260909_103310_9e1265,1501,task_assigned,R4,G00491,
20260909_103310_9e1265,1501,task_completed,R3,G00553,
20260909_103310_9e1265,1501,task_assigned,R1,G00570,
20260909_103310_9e1265,1502,task_assigned,R12,G00495,
20260909_103310_9e1265,1502,task_assigned,R3,G00501,
20260909_103310_9e1265,1502,task_completed,R7,G00561,
20260909_103310_9e1265,1503,task_assigned,R7,G00505,
20260909_103310_9e1265,1504,task_completed,R8,G00486,
20260909_103310_9e1265,1505,task_created,,G00571,type=PICK pickup=D-01 dropoff=PICK-1
20260909_103310_9e1265,1505,task_assigned,R8,G00571,
20260909_103310_9e1265,1506,task_completed,R9,G00551,
20260909_103310_9e1265,1507,task_created,,G00572,type=PUTAWAY pickup=BUFFER dropoff=C-07
20260909_103310_9e1265,1507,task_assigned,R9,G00572,
20260909_103310_9e1265,1507,task_created,,G00573,type=PACK pickup=PICK-3 dropoff=PACK-2
20260909_103310_9e1265,1507,task_created,,G00574,type=SHIP pickup=STAGING dropoff=DOCK-2
20260909_103310_9e1265,1508,task_completed,R11,G00558,
20260909_103310_9e1265,1509,task_assigned,R11,G00509,
20260909_103310_9e1265,1510,task_completed,R6,G00565,
20260909_103310_9e1265,1511,task_assigned,R6,G00513,
20260909_103310_9e1265,1515,task_completed,R10,G00566,
20260909_103310_9e1265,1515,task_created,,G00575,type=PUTAWAY pickup=RECV dropoff=C-02
20260909_103310_9e1265,1515,task_created,,G00576,type=PICK pickup=H-06 dropoff=PICK-1
20260909_103310_9e1265,1516,task_assigned,R10,G00575,
20260909_103310_9e1265,1519,task_created,,G00577,type=PACK pickup=PICK-2 dropoff=PACK-1
20260909_103310_9e1265,1521,task_completed,R12,G00495,
20260909_103310_9e1265,1521,task_created,,G00578,type=SHIP pickup=STAGING dropoff=DOCK-2
20260909_103310_9e1265,1522,task_assigned,R12,G00576,
20260909_103310_9e1265,1523,task_created,,G00579,type=PUTAWAY pickup=RECV dropoff=A-02
20260909_103310_9e1265,1525,task_completed,R3,G00501,
20260909_103310_9e1265,1525,task_completed,R5,G00568,
20260909_103310_9e1265,1525,task_created,,G00580,type=PICK pickup=H-04 dropoff=PICK-1
20260909_103310_9e1265,1526,task_assigned,R3,G00579,
20260909_103310_9e1265,1526,task_assigned,R5,G00580,
20260909_103310_9e1265,1528,task_completed,R1,G00570,
20260909_103310_9e1265,1529,task_assigned,R1,G00518,
20260909_103310_9e1265,1530,task_completed,R2,G00563,
20260909_103310_9e1265,1531,task_created,,G00581,type=PUTAWAY pickup=BUFFER dropoff=D-05
20260909_103310_9e1265,1531,task_assigned,R2,G00581,
20260909_103310_9e1265,1531,task_created,,G00582,type=PACK pickup=PICK-1 dropoff=PACK-2
20260909_103310_9e1265,1535,task_interrupted,R10,G00575,
20260909_103310_9e1265,1535,task_created,,G00583,type=PICK pickup=H-06 dropoff=PICK-3
20260909_103310_9e1265,1535,task_created,,G00584,type=SHIP pickup=STAGING dropoff=DOCK-2
20260909_103310_9e1265,1536,task_completed,R7,G00505,
20260909_103310_9e1265,1537,task_assigned,R7,G00575,
20260909_103310_9e1265,1539,task_completed,R4,G00491,
20260909_103310_9e1265,1539,task_created,,G00585,type=PUTAWAY pickup=BUFFER dropoff=D-08
20260909_103310_9e1265,1540,task_completed,R11,G00509,
20260909_103310_9e1265,1540,task_assigned,R4,G00585,
20260909_103310_9e1265,1541,task_assigned,R11,G00583,
20260909_103310_9e1265,1543,task_created,,G00586,type=PACK pickup=PICK-1 dropoff=PACK-2
20260909_103310_9e1265,1544,task_completed,R6,G00513,
20260909_103310_9e1265,1544,task_completed,R8,G00571,
20260909_103310_9e1265,1544,task_completed,R9,G00572,
20260909_103310_9e1265,1545,task_assigned,R6,G00523,
20260909_103310_9e1265,1545,task_assigned,R9,G00528,
20260909_103310_9e1265,1545,task_created,,G00587,type=PICK pickup=F-02 dropoff=PICK-2
20260909_103310_9e1265,1545,task_assigned,R8,G00587,
20260909_103310_9e1265,1547,task_created,,G00588,type=PUTAWAY pickup=RECV dropoff=F-04
20260909_103310_9e1265,1549,task_created,,G00589,type=SHIP pickup=STAGING dropoff=DOCK-1
20260909_103310_9e1265,1554,task_completed,R7,G00575,
20260909_103310_9e1265,1555,task_assigned,R7,G00588,
20260909_103310_9e1265,1555,task_created,,G00590,type=PUTAWAY pickup=RECV dropoff=G-07
20260909_103310_9e1265,1555,task_created,,G00591,type=PICK pickup=A-04 dropoff=PICK-2
20260909_103310_9e1265,1555,task_created,,G00592,type=PACK pickup=PICK-2 dropoff=PACK-1
20260909_103310_9e1265,1557,task_completed,R6,G00523,
20260909_103310_9e1265,1557,task_completed,R3,G00579,
20260909_103310_9e1265,1558,task_completed,R5,G00580,
20260909_103310_9e1265,1558,task_assigned,R3,G00590,
20260909_103310_9e1265,1558,task_assigned,R6,G00591,
20260909_103310_9e1265,1559,task_assigned,R5,G00532,
20260909_103310_9e1265,1562,task_interrupted,R12,G00576,
20260909_103310_9e1265,1563,task_created,,G00593,type=PUTAWAY pickup=BUFFER dropoff=H-02
20260909_103310_9e1265,1563,task_created,,G00594,type=SHIP pickup=STAGING dropoff=DOCK-2
20260909_103310_9e1265,1564,task_completed,R11,G00583,
20260909_103310_9e1265,1565,task_completed,R8,G00587,
20260909_103310_9e1265,1565,task_created,,G00595,type=PICK pickup=C-07 dropoff=PICK-3
20260909_103310_9e1265,1566,task_assigned,R11,G00576,
20260909_103310_9e1265,1566,task_assigned,R8,G00593,
20260909_103310_9e1265,1567,task_interrupted,R6,G00591,
20260909_103310_9e1265,1567,task_created,,G00596,type=PACK pickup=PICK-3 dropoff=PACK-1
20260909_103310_9e1265,1569,task_completed,R5,G00532,
20260909_103310_9e1265,1570,task_interrupted,R11,G00576,
20260909_103310_9e1265,1570,task_assigned,R5,G00591,
20260909_103310_9e1265,1571,task_completed,R1,G00518,
20260909_103310_9e1265,1571,task_created,,G00597,type=PUTAWAY pickup=BUFFER dropoff=G-06
20260909_103310_9e1265,1572,task_assigned,R10,G00576,
20260909_103310_9e1265,1572,task_assigned,R1,G00597,
20260909_103310_9e1265,1573,task_completed,R2,G00581,
20260909_103310_9e1265,1574,task_completed,R4,G00585,
20260909_103310_9e1265,1574,task_assigned,R2,G00595,
20260909_103310_9e1265,1575,task_created,,G00598,type=PICK pickup=D-03 dropoff=PICK-3
20260909_103310_9e1265,1575,task_assigned,R4,G00598,
20260909_103310_9e1265,1577,task_created,,G00599,type=SHIP pickup=STAGING dropoff=DOCK-1
20260909_103310_9e1265,1578,task_interrupted,R3,G00590,
20260909_103310_9e1265,1579,task_created,,G00600,type=PUTAWAY pickup=RECV dropoff=E-05
20260909_103310_9e1265,1579,task_created,,G00601,type=PACK pickup=PICK-1 dropoff=PACK-2
20260909_103310_9e1265,1583,task_completed,R4,G00598,
20260909_103310_9e1265,1584,task_assigned,R4,G00590,
20260909_103310_9e1265,1584,task_interrupted,R1,G00597,
20260909_103310_9e1265,1585,task_completed,R9,G00528,
20260909_103310_9e1265,1585,task_completed,R2,G00595,
20260909_103310_9e1265,1585,task_created,,G00602,type=PICK pickup=E-08 dropoff=PICK-3
20260909_103310_9e1265,1586,task_completed,R8,G00593,
20260909_103310_9e1265,1586,task_assigned,R9,G00597,
20260909_103310_9e1265,1586,task_assigned,R2,G00600,
20260909_103310_9e1265,1587,task_created,,G00603,type=PUTAWAY pickup=RECV dropoff=C-01
20260909_103310_9e1265,1587,task_assigned,R8,G00603,
20260909_103310_9e1265,1588,task_assigned,R6,G00602,
20260909_103310_9e1265,1590,task_completed,R7,G00588,
20260909_103310_9e1265,1591,task_assigned,R7,G00537,
20260909_103310_9e1265,1591,task_created,,G00604,type=PACK pickup=PICK-3 dropoff=PACK-1
20260909_103310_9e1265,1591,task_created,,G00605,type=SHIP pickup=STAGING dropoff=DOCK-1
20260909_103310_9e1265,1592,task_assigned,R12,G00540,
20260909_103310_9e1265,1592,task_interrupted,R4,G00590,
20260909_103310_9e1265,1594,task_completed,R10,G00576,
20260909_103310_9e1265,1595,task_assigned,R10,G00590,
20260909_103310_9e1265,1595,task_created,,G00606,type=PUTAWAY pickup=RECV dropoff=C-06
20260909_103310_9e1265,1595,task_created,,G00607,type=PICK pickup=G-02 dropoff=PICK-3
20260909_103310_9e1265,1597,task_completed,R5,G00591,
20260909_103310_9e1265,1603,task_created,,G00608,type=PUTAWAY pickup=RECV dropoff=B-05
20260909_103310_9e1265,1603,task_created,,G00609,type=PACK pickup=PICK-2 dropoff=PACK-2
20260909_103310_9e1265,1605,task_created,,G00610,type=PICK pickup=E-03 dropoff=PICK-2
20260909_103310_9e1265,1605,task_created,,G00611,type=SHIP pickup=STAGING dropoff=DOCK-2
20260909_103310_9e1265,1606,task_assigned,R11,G00606,
20260909_103310_9e1265,1606,task_assigned,R5,G00608,
20260909_103310_9e1265,1608,task_interrupted,R5,G00608,
20260909_103310_9e1265,1610,task_assigned,R3,G00608,
20260909_103310_9e1265,1611,task_created,,G00612,type=PUTAWAY pickup=RECV dropoff=H-05
20260909_103310_9e1265,1615,task_created,,G00613,type=PICK pickup=C-06 dropoff=PICK-3
20260909_103310_9e1265,1615,task_created,,G00614,type=PACK pickup=PICK-2 dropoff=PACK-1
20260909_103310_9e1265,1616,task_completed,R10,G00590,
20260909_103310_9e1265,1617,task_completed,R7,G00537,
20260909_103310_9e1265,1617,task_assigned,R10,G00612,
20260909_103310_9e1265,1618,task_assigned,R7,G00607,
20260909_103310_9e1265,1619,task_created,,G00615,type=PUTAWAY pickup=BUFFER dropoff=A-02
20260909_103310_9e1265,1619,task_created,,G00616,type=SHIP pickup=STAGING dropoff=DOCK-1
20260909_103310_9e1265,1621,task_completed,R12,G00540,
20260909_103310_9e1265,1621,task_interrupted,R8,G00603,
20260909_103310_9e1265,1622,task_assigned,R12,G00603,
20260909_103310_9e1265,1625,task_created,,G00617,type=PICK pickup=H-07 dropoff=PICK-2
20260909_103310_9e1265,1627,task_completed,R2,G00600,
20260909_103310_9e1265,1627,task_created,,G00618,type=PUTAWAY pickup=BUFFER dropoff=B-05
20260909_103310_9e1265,1627,task_created,,G00619,type=PACK pickup=PICK-3 dropoff=PACK-2
20260909_103310_9e1265,1628,task_assigned,R2,G00615,
20260909_103310_9e1265,1633,task_completed,R9,G00597,
20260909_103310_9e1265,1633,task_created,,G00620,type=SHIP pickup=STAGING dropoff=DOCK-1
20260909_103310_9e1265,1634,task_interrupted,R2,G00615,
20260909_103310_9e1265,1634,task_assigned,R9,G00618,
20260909_103310_9e1265,1635,task_assigned,R5,G00615,
20260909_103310_9e1265,1635,task_created,,G00621,type=PUTAWAY pickup=BUFFER dropoff=B-04
20260909_103310_9e1265,1635,task_created,,G00622,type=PICK pickup=E-04 dropoff=PICK-3
20260909_103310_9e1265,1636,task_assigned,R1,G00621,
20260909_103310_9e1265,1637,task_assigned,R4,G00610,
20260909_103310_9e1265,1639,task_created,,G00623,type=PACK pickup=PICK-2 dropoff=PACK-2
20260909_103310_9e1265,1641,task_completed,R6,G00602,
20260909_103310_9e1265,1642,task_assigned,R6,G00613,
20260909_103310_9e1265,1643,task_created,,G00624,type=PUTAWAY pickup=BUFFER dropoff=G-01
20260909_103310_9e1265,1645,task_created,,G00625,type=PICK pickup=F-04 dropoff=PICK-3
20260909_103310_9e1265,1646,task_completed,R12,G00603,
20260909_103310_9e1265,1646,task_completed,R3,G00608,
20260909_103310_9e1265,1647,task_assigned,R3,G00617,
20260909_103310_9e1265,1647,task_assigned,R12,G00624,
20260909_103310_9e1265,1647,task_created,,G00626,type=SHIP pickup=STAGING dropoff=DOCK-2
20260909_103310_9e1265,1648,task_completed,R7,G00607,
20260909_103310_9e1265,1651,task_created,,G00627,type=PUTAWAY pickup=BUFFER dropoff=D-07
20260909_103310_9e1265,1651,task_created,,G00628,type=PACK pickup=PICK-3 dropoff=PACK-2
20260909_103310_9e1265,1655,task_created,,G00629,type=PICK pickup=G-04 dropoff=PICK-3
20260909_103310_9e1265,1659,task_completed,R6,G00613,
20260909_103310_9e1265,1659,task_created,,G00630,type=PUTAWAY pickup=RECV dropoff=E-07
20260909_103310_9e1265,1660,task_completed,R10,G00612,
20260909_103310_9e1265,1660,task_assigned,R6,G00627,
20260909_103310_9e1265,1660,task_assigned,R8,G00630,
20260909_103310_9e1265,1661,task_interrupted,R9,G00618,
20260909_103310_9e1265,1661,task_assigned,R10,G00622,
20260909_103310_9e1265,1661,task_created,,G00631,type=SHIP pickup=STAGING dropoff=DOCK-2
20260909_103310_9e1265,1662,task_completed,R12,G00624,
20260909_103310_9e1265,1663,task_assigned,R12,G00618,
20260909_103310_9e1265,1663,task_created,,G00632,type=PACK pickup=PICK-2 dropoff=PACK-1
20260909_103310_9e1265,1665,task_created,,G00633,type=PICK pickup=D-07 dropoff=PICK-2
20260909_103310_9e1265,1667,task_created,,G00634,type=PUTAWAY pickup=RECV dropoff=E-04
20260909_103310_9e1265,1670,task_assigned,R2,G00634,
20260909_103310_9e1265,1671,task_completed,R4,G00610,
20260909_103310_9e1265,1672,task_completed,R1,G00621,
20260909_103310_9e1265,1672,task_assigned,R4,G00625,
20260909_103310_9e1265,1673,task_assigned,R1,G00629,
20260909_103310_9e1265,1675,task_created,,G00635,type=PUTAWAY pickup=BUFFER dropoff=H-05
20260909_103310_9e1265,1675,task_created,,G00636,type=PICK pickup=G-04 dropoff=PICK-2
20260909_103310_9e1265,1675,task_created,,G00637,type=PACK pickup=PICK-2 dropoff=PACK-2
20260909_103310_9e1265,1675,task_created,,G00638,type=SHIP pickup=STAGING dropoff=DOCK-1
20260909_103310_9e1265,1683,task_created,,G00639,type=PUTAWAY pickup=RECV dropoff=B-03
20260909_103310_9e1265,1685,task_created,,G00640,type=PICK pickup=G-08 dropoff=PICK-3
20260909_103310_9e1265,1686,task_completed,R12,G00618,
20260909_103310_9e1265,1687,task_assigned,R12,G00635,
20260909_103310_9e1265,1687,task_created,,G00641,type=PACK pickup=PICK-1 dropoff=PACK-2
20260909_103310_9e1265,1689,task_created,,G00642,type=SHIP pickup=STAGING dropoff=DOCK-1
20260909_103310_9e1265,1691,task_created,,G00643,type=PUTAWAY pickup=RECV dropoff=B-02
20260909_103310_9e1265,1695,task_created,,G00644,type=PICK pickup=G-08 dropoff=PICK-1
20260909_103310_9e1265,1697,task_assigned,R7,G00639,
20260909_103310_9e1265,1699,task_created,,G00645,type=PUTAWAY pickup=BUFFER dropoff=C-01
20260909_103310_9e1265,1699,task_created,,G00646,type=PACK pickup=PICK-1 dropoff=PACK-2
20260909_103310_9e1265,1703,task_created,,G00647,type=SHIP pickup=STAGING dropoff=DOCK-2
20260909_103310_9e1265,1704,task_completed,R6,G00627,
20260909_103310_9e1265,1705,task_assigned,R6,G00643,
20260909_103310_9e1265,1705,task_created,,G00648,type=PICK pickup=A-08 dropoff=PICK-1
20260909_103310_9e1265,1706,task_completed,R11,G00606,
20260909_103310_9e1265,1707,task_completed,R8,G00630,
20260909_103310_9e1265,1707,task_assigned,R11,G00645,
20260909_103310_9e1265,1707,task_created,,G00649,type=PUTAWAY pickup=BUFFER dropoff=D-06
20260909_103310_9e1265,1708,task_assigned,R8,G00649,
20260909_103310_9e1265,1709,task_completed,R12,G00635,
20260909_103310_9e1265,1710,task_assigned,R12,G00633,
20260909_103310_9e1265,1711,task_completed,R2,G00634,
20260909_103310_9e1265,1711,task_created,,G00650,type=PACK pickup=PICK-2 dropoff=PACK-1
20260909_103310_9e1265,1712,task_completed,R5,G00615,
20260909_103310_9e1265,1712,task_assigned,R2,G00636,
20260909_103310_9e1265,1713,task_assigned,R5,G00640,
20260909_103310_9e1265,1715,task_completed,R1,G00629,
20260909_103310_9e1265,1715,task_created,,G00651,type=PUTAWAY pickup=BUFFER dropoff=G-07
20260909_103310_9e1265,1715,task_created,,G00652,type=PICK pickup=F-03 dropoff=PICK-3
20260909_103310_9e1265,1716,task_assigned,R1,G00651,
20260909_103310_9e1265,1717,task_created,,G00653,type=SHIP pickup=STAGING dropoff=DOCK-2
20260909_103310_9e1265,1718,task_completed,R4,G00625,
20260909_103310_9e1265,1719,task_assigned,R4,G00644,
20260909_103310_9e1265,1720,task_completed,R10,G00622,
20260909_103310_9e1265,1720,task_completed,R11,G00645,
20260909_103310_9e1265,1721,task_assigned,R10,G00648,
20260909_103310_9e1265,1721,task_assigned,R11,G00652,
20260909_103310_9e1265,1723,task_created,,G00654,type=PUTAWAY pickup=RECV dropoff=C-07
20260909_103310_9e1265,1723,task_assigned,R9,G00654,
20260909_103310_9e1265,1723,task_created,,G00655,type=PACK pickup=PICK-3 dropoff=PACK-1
20260909_103310_9e1265,1725,task_created,,G00656,type=PICK pickup=H-01 dropoff=PICK-2
20260909_103310_9e1265,1731,task_created,,G00657,type=PUTAWAY pickup=BUFFER dropoff=C-04
20260909_103310_9e1265,1731,task_created,,G00658,type=SHIP pickup=STAGING dropoff=DOCK-2
20260909_103310_9e1265,1732,task_completed,R8,G00649,
20260909_103310_9e1265,1733,task_completed,R2,G00636,
20260909_103310_9e1265,1733,task_assigned,R8,G00657,
20260909_103310_9e1265,1734,task_completed,R7,G00639,
20260909_103310_9e1265,1734,task_assigned,R2,G00656,
20260909_103310_9e1265,1735,task_created,,G00659,type=PICK pickup=A-01 dropoff=PICK-1
20260909_103310_9e1265,1735,task_assigned,R7,G00659,
20260909_103310_9e1265,1735,task_created,,G00660,type=PACK pickup=PICK-1 dropoff=PACK-1
20260909_103310_9e1265,1739,task_created,,G00661,type=PUTAWAY pickup=BUFFER dropoff=F-03
20260909_103310_9e1265,1744,task_completed,R12,G00633,
20260909_103310_9e1265,1745,task_assigned,R12,G00661,
20260909_103310_9e1265,1745,task_created,,G00662,type=PICK pickup=H-02 dropoff=PICK-1
20260909_103310_9e1265,1745,task_created,,G00663,type=SHIP pickup=STAGING dropoff=DOCK-2
20260909_103310_9e1265,1747,task_completed,R1,G00651,
20260909_103310_9e1265,1747,task_created,,G00664,type=PUTAWAY pickup=RECV dropoff=H-05
20260909_103310_9e1265,1747,task_created,,G00665,type=PACK pickup=PICK-1 dropoff=PACK-1
20260909_103310_9e1265,1748,task_completed,R10,G00648,
20260909_103310_9e1265,1748,task_assigned,R1,G00664,
20260909_103310_9e1265,1749,task_completed,R5,G00640,
20260909_103310_9e1265,1749,task_assigned,R10,G00662,
20260909_103310_9e1265,1750,task_assigned,R5,G00546,
20260909_103310_9e1265,1750,task_completed,R7,G00659,
20260909_103310_9e1265,1751,task_assigned,R7,G00550,
20260909_103310_9e1265,1755,task_completed,R3,G00617,
20260909_103310_9e1265,1755,task_created,,G00666,type=PUTAWAY pickup=BUFFER dropoff=A-07
20260909_103310_9e1265,1755,task_created,,G00667,type=PICK pickup=A-07 dropoff=PICK-3
20260909_103310_9e1265,1756,task_assigned,R3,G00666,
20260909_103310_9e1265,1759,task_created,,G00668,type=PACK pickup=PICK-2 dropoff=PACK-1
20260909_103310_9e1265,1759,task_created,,G00669,type=SHIP pickup=STAGING dropoff=DOCK-1
20260909_103310_9e1265,1760,task_completed,R11,G00652,
20260909_103310_9e1265,1761,task_assigned,R11,G00667,
20260909_103310_9e1265,1763,task_created,,G00670,type=PUTAWAY pickup=BUFFER dropoff=C-02
20260909_103310_9e1265,1765,task_completed,R5,G00546,
20260909_103310_9e1265,1765,task_created,,G00671,type=PICK pickup=D-03 dropoff=PICK-3
20260909_103310_9e1265,1766,task_assigned,R5,G00670,
20260909_103310_9e1265,1768,task_completed,R7,G00550,
20260909_103310_9e1265,1768,task_completed,R6,G00643,
20260909_103310_9e1265,1769,task_assigned,R7,G00555,
20260909_103310_9e1265,1769,task_completed,R2,G00656,
20260909_103310_9e1265,1769,task_assigned,R6,G00671,
20260909_103310_9e1265,1770,task_assigned,R2,G00559,
20260909_103310_9e1265,1771,task_created,,G00672,type=PUTAWAY pickup=BUFFER dropoff=F-06
20260909_103310_9e1265,1771,task_created,,G00673,type=PACK pickup=PICK-2 dropoff=PACK-1
20260909_103310_9e1265,1773,task_created,,G00674,type=SHIP pickup=STAGING dropoff=DOCK-1
20260909_103310_9e1265,1775,task_created,,G00675,type=PICK pickup=F-04 dropoff=PICK-3
20260909_103310_9e1265,1776,task_completed,R2,G00559,
20260909_103310_9e1265,1777,task_completed,R3,G00666,
20260909_103310_9e1265,1777,task_assigned,R2,G00672,
20260909_103310_9e1265,1778,task_assigned,R3,G00675,
20260909_103310_9e1265,1779,task_created,,G00676,type=PUTAWAY pickup=BUFFER dropoff=D-04
20260909_103310_9e1265,1783,task_created,,G00677,type=PACK pickup=PICK-3 dropoff=PACK-1
20260909_103310_9e1265,1785,task_created,,G00678,type=PICK pickup=C-06 dropoff=PICK-3
20260909_103310_9e1265,1787,task_created,,G00679,type=PUTAWAY pickup=BUFFER dropoff=A-03
20260909_103310_9e1265,1787,task_created,,G00680,type=SHIP pickup=STAGING dropoff=DOCK-2
20260909_103310_9e1265,1788,task_completed,R1,G00664,
20260909_103310_9e1265,1789,task_assigned,R1,G00676,
20260909_103310_9e1265,1792,task_completed,R10,G00662,
20260909_103310_9e1265,1793,task_assigned,R10,G00679,
20260909_103310_9e1265,1795,task_created,,G00681,type=PUTAWAY pickup=BUFFER dropoff=C-04
20260909_103310_9e1265,1795,task_created,,G00682,type=PICK pickup=B-01 dropoff=PICK-2
20260909_103310_9e1265,1795,task_created,,G00683,type=PACK pickup=PICK-3 dropoff=PACK-2
20260909_103310_9e1265,1796,task_completed,R7,G00555,
20260909_103310_9e1265,1797,task_completed,R6,G00671,
20260909_103310_9e1265,1797,task_assigned,R7,G00681,
20260909_103310_9e1265,1798,task_completed,R2,G00672,
20260909_103310_9e1265,1798,task_assigned,R6,G00678,
20260909_103310_9e1265,1799,task_completed,R3,G00675,
20260909_103310_9e1265,1799,task_assigned,R2,G00682,
20260909_103310_9e1265,1800,task_assigned,R3,G00564,
20260909_103310_9e1265,1801,task_interrupted,R10,G00679,
20260909_103310_9e1265,1801,task_created,,G00684,type=SHIP pickup=STAGING dropoff=DOCK-1
20260909_103310_9e1265,1803,task_created,,G00685,type=PUTAWAY pickup=BUFFER dropoff=A-06
20260909_103310_9e1265,1805,task_created,,G00686,type=PICK pickup=A-06 dropoff=PICK-2
20260909_103310_9e1265,1807,task_created,,G00687,type=PACK pickup=PICK-1 dropoff=PACK-2
20260909_103310_9e1265,1809,task_completed,R2,G00682,
20260909_103310_9e1265,1810,task_assigned,R2,G00679,
20260909_103310_9e1265,1811,task_created,,G00688,type=PUTAWAY pickup=RECV dropoff=C-08
20260909_103310_9e1265,1815,task_completed,R1,G00676,
20260909_103310_9e1265,1815,task_created,,G00689,type=PICK pickup=F-03 dropoff=PICK-3
20260909_103310_9e1265,1815,task_created,,G00690,type=SHIP pickup=STAGING dropoff=DOCK-1
20260909_103310_9e1265,1816,task_completed,R11,G00667,
20260909_103310_9e1265,1816,task_assigned,R1,G00685,
20260909_103310_9e1265,1817,task_assigned,R11,G00688,
20260909_103310_9e1265,1819,task_created,,G00691,type=PUTAWAY pickup=RECV dropoff=C-04
20260909_103310_9e1265,1819,task_created,,G00692,type=PACK pickup=PICK-1 dropoff=PACK-1
20260909_103310_9e1265,1825,task_created,,G00693,type=PICK pickup=C-04 dropoff=PICK-3
20260909_103310_9e1265,1827,task_completed,R3,G00564,
20260909_103310_9e1265,1827,task_created,,G00694,type=PUTAWAY pickup=BUFFER dropoff=B-04
20260909_103310_9e1265,1828,task_assigned,R3,G00691,
20260909_103310_9e1265,1829,task_completed,R2,G00679,
20260909_103310_9e1265,1829,task_created,,G00695,type=SHIP pickup=STAGING dropoff=DOCK-2
20260909_103310_9e1265,1830,task_assigned,R2,G00694,
20260909_103310_9e1265,1831,task_assigned,R10,G00686,
20260909_103310_9e1265,1831,task_created,,G00696,type=PACK pickup=PICK-1 dropoff=PACK-1
20260909_103310_9e1265,1835,task_created,,G00697,type=PUTAWAY pickup=BUFFER dropoff=C-04
20260909_103310_9e1265,1835,task_created,,G00698,type=PICK pickup=G-04 dropoff=PICK-2
20260909_103310_9e1265,1843,task_created,,G00699,type=PUTAWAY pickup=RECV dropoff=C-01
20260909_103310_9e1265,1843,task_created,,G00700,type=PACK pickup=PICK-2 dropoff=PACK-2
20260909_103310_9e1265,1843,task_created,,G00701,type=SHIP pickup=STAGING dropoff=DOCK-2
20260909_103310_9e1265,1845,task_created,,G00702,type=PICK pickup=H-05 dropoff=PICK-1
20260909_103310_9e1265,1846,task_completed,R2,G00694,
20260909_103310_9e1265,1847,task_assigned,R2,G00697,
20260909_103310_9e1265,1850,task_completed,R1,G00685,
20260909_103310_9e1265,1851,task_interrupted,R3,G00691,
20260909_103310_9e1265,1851,task_assigned,R1,G00699,
20260909_103310_9e1265,1851,task_created,,G00703,type=PUTAWAY pickup=BUFFER dropoff=F-06
20260909_103310_9e1265,1855,task_created,,G00704,type=PICK pickup=H-02 dropoff=PICK-1
20260909_103310_9e1265,1855,task_created,,G00705,type=PACK pickup=PICK-3 dropoff=PACK-2
20260909_103310_9e1265,1857,task_interrupted,R11,G00688,
20260909_103310_9e1265,1857,task_created,,G00706,type=SHIP pickup=STAGING dropoff=DOCK-1
20260909_103310_9e1265,1859,task_created,,G00707,type=PUTAWAY pickup=BUFFER dropoff=D-06
20260909_103310_9e1265,1861,task_completed,R10,G00686,
20260909_103310_9e1265,1862,task_assigned,R10,G00688,
20260909_103310_9e1265,1865,task_created,,G00708,type=PICK pickup=F-05 dropoff=PICK-1
20260909_103310_9e1265,1867,task_created,,G00709,type=PUTAWAY pickup=BUFFER dropoff=F-07
20260909_103310_9e1265,1867,task_created,,G00710,type=PACK pickup=PICK-3 dropoff=PACK-1
20260909_103310_9e1265,1868,task_interrupted,R1,G00699,
20260909_103310_9e1265,1871,task_created,,G00711,type=SHIP pickup=STAGING dropoff=DOCK-2
20260909_103310_9e1265,1875,task_created,,G00712,type=PUTAWAY pickup=BUFFER dropoff=C-07
20260909_103310_9e1265,1875,task_created,,G00713,type=PICK pickup=H-06 dropoff=PICK-1
20260909_103310_9e1265,1879,task_created,,G00714,type=PACK pickup=PICK-2 dropoff=PACK-1
20260909_103310_9e1265,1883,task_created,,G00715,type=PUTAWAY pickup=BUFFER dropoff=F-06
20260909_103310_9e1265,1885,task_created,,G00716,type=PICK pickup=G-06 dropoff=PICK-2
20260909_103310_9e1265,1885,task_created,,G00717,type=SHIP pickup=STAGING dropoff=DOCK-2
20260909_103310_9e1265,1889,task_assigned,R11,G00691,
20260909_103310_9e1265,1891,task_created,,G00718,type=PUTAWAY pickup=BUFFER dropoff=A-01
20260909_103310_9e1265,1891,task_created,,G00719,type=PACK pickup=PICK-1 dropoff=PACK-1
20260909_103310_9e1265,1892,task_assigned,R3,G00699,
20260909_103310_9e1265,1895,task_created,,G00720,type=PICK pickup=E-05 dropoff=PICK-1
20260909_103310_9e1265,1899,task_created,,G00721,type=PUTAWAY pickup=RECV dropoff=G-08
20260909_103310_9e1265,1899,task_created,,G00722,type=SHIP pickup=STAGING dropoff=DOCK-1
20260909_103310_9e1265,1903,task_created,,G00723,type=PACK pickup=PICK-3 dropoff=PACK-1
20260909_103310_9e1265,1904,task_assigned,R1,G00703,
20260909_103310_9e1265,1905,task_created,,G00724,type=PICK pickup=B-04 dropoff=PICK-3
20260909_103310_9e1265,1907,task_created,,G00725,type=PUTAWAY pickup=RECV dropoff=E-06
20260909_103310_9e1265,1913,task_created,,G00726,type=SHIP pickup=STAGING dropoff=DOCK-1
20260909_103310_9e1265,1915,task_created,,G00727,type=PUTAWAY pickup=BUFFER dropoff=B-08
20260909_103310_9e1265,1915,task_created,,G00728,type=PICK pickup=C-08 dropoff=PICK-1
20260909_103310_9e1265,1915,task_created,,G00729,type=PACK pickup=PICK-1 dropoff=PACK-2
20260909_103310_9e1265,1921,task_interrupted,R2,G00697,
20260909_103310_9e1265,1923,task_created,,G00730,type=PUTAWAY pickup=RECV dropoff=B-06
20260909_103310_9e1265,1925,task_created,,G00731,type=PICK pickup=H-04 dropoff=PICK-1
20260909_103310_9e1265,1927,task_created,,G00732,type=PACK pickup=PICK-2 dropoff=PACK-1
20260909_103310_9e1265,1927,task_created,,G00733,type=SHIP pickup=STAGING dropoff=DOCK-2
20260909_103310_9e1265,1931,task_created,,G00734,type=PUTAWAY pickup=RECV dropoff=H-03
20260909_103310_9e1265,1935,task_created,,G00735,type=PICK pickup=B-05 dropoff=PICK-2
20260909_103310_9e1265,1939,task_created,,G00736,type=PUTAWAY pickup=RECV dropoff=F-06
20260909_103310_9e1265,1939,task_created,,G00737,type=PACK pickup=PICK-2 dropoff=PACK-2
20260909_103310_9e1265,1941,task_created,,G00738,type=SHIP pickup=STAGING dropoff=DOCK-1
20260909_103310_9e1265,1945,task_created,,G00739,type=PICK pickup=A-08 dropoff=PICK-1
20260909_103310_9e1265,1947,task_created,,G00740,type=PUTAWAY pickup=BUFFER dropoff=A-02
20260909_103310_9e1265,1951,task_created,,G00741,type=PACK pickup=PICK-2 dropoff=PACK-2
20260909_103310_9e1265,1955,task_created,,G00742,type=PUTAWAY pickup=BUFFER dropoff=G-02
20260909_103310_9e1265,1955,task_created,,G00743,type=PICK pickup=A-03 dropoff=PICK-3
20260909_103310_9e1265,1955,task_created,,G00744,type=SHIP pickup=STAGING dropoff=DOCK-2
20260909_103310_9e1265,1957,task_completed,R1,G00703,
20260909_103310_9e1265,1958,task_assigned,R1,G00697,
20260909_103310_9e1265,1959,task_assigned,R2,G00707,
20260909_103310_9e1265,1963,task_created,,G00745,type=PUTAWAY pickup=BUFFER dropoff=F-04
20260909_103310_9e1265,1963,task_created,,G00746,type=PACK pickup=PICK-3 dropoff=PACK-1
20260909_103310_9e1265,1965,task_created,,G00747,type=PICK pickup=G-04 dropoff=PICK-2
20260909_103310_9e1265,1969,task_created,,G00748,type=SHIP pickup=STAGING dropoff=DOCK-2
20260909_103310_9e1265,1971,task_created,,G00749,type=PUTAWAY pickup=RECV dropoff=C-01
20260909_103310_9e1265,1975,task_created,,G00750,type=PICK pickup=B-02 dropoff=PICK-3
20260909_103310_9e1265,1975,task_created,,G00751,type=PACK pickup=PICK-1 dropoff=PACK-1
20260909_103310_9e1265,1979,task_created,,G00752,type=PUTAWAY pickup=RECV dropoff=D-06
20260909_103310_9e1265,1983,task_created,,G00753,type=SHIP pickup=STAGING dropoff=DOCK-2
20260909_103310_9e1265,1985,task_created,,G00754,type=PICK pickup=D-08 dropoff=PICK-2
20260909_103310_9e1265,1987,task_created,,G00755,type=PUTAWAY pickup=BUFFER dropoff=F-04
20260909_103310_9e1265,1987,task_created,,G00756,type=PACK pickup=PICK-2 dropoff=PACK-1
20260909_103310_9e1265,1995,task_created,,G00757,type=PUTAWAY pickup=RECV dropoff=E-07
20260909_103310_9e1265,1995,task_created,,G00758,type=PICK pickup=A-02 dropoff=PICK-1
20260909_103310_9e1265,1997,task_created,,G00759,type=SHIP pickup=STAGING dropoff=DOCK-1
20260909_103310_9e1265,1999,task_created,,G00760,type=PACK pickup=PICK-2 dropoff=PACK-1
20260909_103310_9e1265,2003,task_created,,G00761,type=PUTAWAY pickup=RECV dropoff=D-04
20260909_103310_9e1265,2005,task_completed,R2,G00707,
20260909_103310_9e1265,2005,task_created,,G00762,type=PICK pickup=G-03 dropoff=PICK-2
20260909_103310_9e1265,2006,task_interrupted,R7,G00681,
20260909_103310_9e1265,2006,task_assigned,R2,G00709,
20260909_103310_9e1265,2011,task_created,,G00763,type=PUTAWAY pickup=BUFFER dropoff=E-05
20260909_103310_9e1265,2011,task_created,,G00764,type=PACK pickup=PICK-1 dropoff=PACK-2
20260909_103310_9e1265,2011,task_created,,G00765,type=SHIP pickup=STAGING dropoff=DOCK-1
20260909_103310_9e1265,2015,task_created,,G00766,type=PICK pickup=D-01 dropoff=PICK-2
20260909_103310_9e1265,2019,task_created,,G00767,type=PUTAWAY pickup=RECV dropoff=C-07
20260909_103310_9e1265,2023,task_created,,G00768,type=PACK pickup=PICK-1 dropoff=PACK-2
20260909_103310_9e1265,2025,task_created,,G00769,type=PICK pickup=G-06 dropoff=PICK-2
20260909_103310_9e1265,2025,task_created,,G00770,type=SHIP pickup=STAGING dropoff=DOCK-2
20260909_103310_9e1265,2027,task_created,,G00771,type=PUTAWAY pickup=BUFFER dropoff=F-01
20260909_103310_9e1265,2030,task_completed,R2,G00709,
20260909_103310_9e1265,2031,task_assigned,R2,G00681,
20260909_103310_9e1265,2035,task_created,,G00772,type=PUTAWAY pickup=RECV dropoff=E-04
20260909_103310_9e1265,2035,task_created,,G00773,type=PICK pickup=D-03 dropoff=PICK-3
20260909_103310_9e1265,2035,task_created,,G00774,type=PACK pickup=PICK-3 dropoff=PACK-2
20260909_103310_9e1265,2039,task_created,,G00775,type=SHIP pickup=STAGING dropoff=DOCK-1
20260909_103310_9e1265,2043,task_created,,G00776,type=PUTAWAY pickup=BUFFER dropoff=B-02
20260909_103310_9e1265,2045,task_created,,G00777,type=PICK pickup=H-04 dropoff=PICK-3
20260909_103310_9e1265,2047,task_created,,G00778,type=PACK pickup=PICK-1 dropoff=PACK-2
20260909_103310_9e1265,2051,task_created,,G00779,type=PUTAWAY pickup=BUFFER dropoff=A-01
20260909_103310_9e1265,2053,task_created,,G00780,type=SHIP pickup=STAGING dropoff=DOCK-2
20260909_103310_9e1265,2055,task_created,,G00781,type=PICK pickup=F-05 dropoff=PICK-2
20260909_103310_9e1265,2059,task_created,,G00782,type=PUTAWAY pickup=BUFFER dropoff=F-04
20260909_103310_9e1265,2059,task_created,,G00783,type=PACK pickup=PICK-2 dropoff=PACK-1
20260909_103310_9e1265,2065,task_created,,G00784,type=PICK pickup=B-05 dropoff=PICK-3
20260909_103310_9e1265,2067,task_created,,G00785,type=PUTAWAY pickup=BUFFER dropoff=A-08
20260909_103310_9e1265,2067,task_created,,G00786,type=SHIP pickup=STAGING dropoff=DOCK-2
20260909_103310_9e1265,2071,task_created,,G00787,type=PACK pickup=PICK-3 dropoff=PACK-2
20260909_103310_9e1265,2075,task_created,,G00788,type=PUTAWAY pickup=RECV dropoff=D-06
20260909_103310_9e1265,2075,task_created,,G00789,type=PICK pickup=C-04 dropoff=PICK-1
20260909_103310_9e1265,2081,task_created,,G00790,type=SHIP pickup=STAGING dropoff=DOCK-1
20260909_103310_9e1265,2083,task_created,,G00791,type=PUTAWAY pickup=BUFFER dropoff=D-06
20260909_103310_9e1265,2083,task_created,,G00792,type=PACK pickup=PICK-1 dropoff=PACK-1
20260909_103310_9e1265,2085,task_created,,G00793,type=PICK pickup=G-05 dropoff=PICK-3
20260909_103310_9e1265,2091,task_created,,G00794,type=PUTAWAY pickup=BUFFER dropoff=C-05
20260909_103310_9e1265,2095,task_created,,G00795,type=PICK pickup=D-07 dropoff=PICK-3
20260909_103310_9e1265,2095,task_created,,G00796,type=PACK pickup=PICK-1 dropoff=PACK-1
20260909_103310_9e1265,2095,task_created,,G00797,type=SHIP pickup=STAGING dropoff=DOCK-1
20260909_103310_9e1265,2099,task_created,,G00798,type=PUTAWAY pickup=BUFFER dropoff=E-04
20260909_103310_9e1265,2105,task_created,,G00799,type=PICK pickup=E-08 dropoff=PICK-2
20260909_103310_9e1265,2107,task_created,,G00800,type=PUTAWAY pickup=RECV dropoff=F-04
20260909_103310_9e1265,2107,task_created,,G00801,type=PACK pickup=PICK-1 dropoff=PACK-2
20260909_103310_9e1265,2109,task_created,,G00802,type=SHIP pickup=STAGING dropoff=DOCK-1
20260909_103310_9e1265,2115,task_created,,G00803,type=PUTAWAY pickup=RECV dropoff=F-07
20260909_103310_9e1265,2115,task_created,,G00804,type=PICK pickup=D-08 dropoff=PICK-2
20260909_103310_9e1265,2119,task_created,,G00805,type=PACK pickup=PICK-1 dropoff=PACK-2
20260909_103310_9e1265,2123,task_created,,G00806,type=PUTAWAY pickup=BUFFER dropoff=H-01
20260909_103310_9e1265,2123,task_created,,G00807,type=SHIP pickup=STAGING dropoff=DOCK-2
20260909_103310_9e1265,2125,task_created,,G00808,type=PICK pickup=B-08 dropoff=PICK-2
20260909_103310_9e1265,2131,task_created,,G00809,type=PUTAWAY pickup=RECV dropoff=A-08
20260909_103310_9e1265,2131,task_created,,G00810,type=PACK pickup=PICK-3 dropoff=PACK-1
20260909_103310_9e1265,2135,task_created,,G00811,type=PICK pickup=B-05 dropoff=PICK-3
20260909_103310_9e1265,2137,task_created,,G00812,type=SHIP pickup=STAGING dropoff=DOCK-1
20260909_103310_9e1265,2139,task_created,,G00813,type=PUTAWAY pickup=BUFFER dropoff=D-01
20260909_103310_9e1265,2143,task_created,,G00814,type=PACK pickup=PICK-2 dropoff=PACK-2
20260909_103310_9e1265,2145,task_created,,G00815,type=PICK pickup=B-02 dropoff=PICK-3
20260909_103310_9e1265,2147,task_created,,G00816,type=PUTAWAY pickup=BUFFER dropoff=E-02
20260909_103310_9e1265,2151,task_created,,G00817,type=SHIP pickup=STAGING dropoff=DOCK-1
20260909_103310_9e1265,2155,task_created,,G00818,type=PUTAWAY pickup=RECV dropoff=H-03
20260909_103310_9e1265,2155,task_created,,G00819,type=PICK pickup=C-08 dropoff=PICK-3
20260909_103310_9e1265,2155,task_created,,G00820,type=PACK pickup=PICK-2 dropoff=PACK-1
20260909_103310_9e1265,2163,task_created,,G00821,type=PUTAWAY pickup=RECV dropoff=H-05
20260909_103310_9e1265,2165,task_created,,G00822,type=PICK pickup=G-07 dropoff=PICK-1
20260909_103310_9e1265,2165,task_created,,G00823,type=SHIP pickup=STAGING dropoff=DOCK-1
20260909_103310_9e1265,2167,task_created,,G00824,type=PACK pickup=PICK-2 dropoff=PACK-1
20260909_103310_9e1265,2171,task_created,,G00825,type=PUTAWAY pickup=BUFFER dropoff=A-06
20260909_103310_9e1265,2175,task_created,,G00826,type=PICK pickup=H-02 dropoff=PICK-1
20260909_103310_9e1265,2179,task_created,,G00827,type=PUTAWAY pickup=BUFFER dropoff=E-01
20260909_103310_9e1265,2179,task_created,,G00828,type=PACK pickup=PICK-3 dropoff=PACK-1
20260909_103310_9e1265,2179,task_created,,G00829,type=SHIP pickup=STAGING dropoff=DOCK-2
20260909_103310_9e1265,2185,task_created,,G00830,type=PICK pickup=D-05 dropoff=PICK-1
20260909_103310_9e1265,2187,task_created,,G00831,type=PUTAWAY pickup=BUFFER dropoff=H-02
20260909_103310_9e1265,2191,task_created,,G00832,type=PACK pickup=PICK-1 dropoff=PACK-1
20260909_103310_9e1265,2193,task_created,,G00833,type=SHIP pickup=STAGING dropoff=DOCK-2
20260909_103310_9e1265,2195,task_created,,G00834,type=PUTAWAY pickup=RECV dropoff=D-08
20260909_103310_9e1265,2195,task_created,,G00835,type=PICK pickup=A-01 dropoff=PICK-3
20260909_103310_9e1265,2203,task_created,,G00836,type=PUTAWAY pickup=BUFFER dropoff=A-01
20260909_103310_9e1265,2203,task_created,,G00837,type=PACK pickup=PICK-2 dropoff=PACK-1
20260909_103310_9e1265,2205,task_created,,G00838,type=PICK pickup=F-06 dropoff=PICK-2
20260909_103310_9e1265,2207,task_created,,G00839,type=SHIP pickup=STAGING dropoff=DOCK-1
20260909_103310_9e1265,2211,task_created,,G00840,type=PUTAWAY pickup=BUFFER dropoff=H-04
20260909_103310_9e1265,2215,task_created,,G00841,type=PICK pickup=G-06 dropoff=PICK-3
20260909_103310_9e1265,2215,task_created,,G00842,type=PACK pickup=PICK-2 dropoff=PACK-2
20260909_103310_9e1265,2219,task_created,,G00843,type=PUTAWAY pickup=RECV dropoff=D-02
20260909_103310_9e1265,2221,task_created,,G00844,type=SHIP pickup=STAGING dropoff=DOCK-1
20260909_103310_9e1265,2225,task_created,,G00845,type=PICK pickup=C-07 dropoff=PICK-2
20260909_103310_9e1265,2227,task_created,,G00846,type=PUTAWAY pickup=RECV dropoff=D-08
20260909_103310_9e1265,2227,task_created,,G00847,type=PACK pickup=PICK-2 dropoff=PACK-2
20260909_103310_9e1265,2235,task_created,,G00848,type=PUTAWAY pickup=RECV dropoff=F-05
20260909_103310_9e1265,2235,task_created,,G00849,type=PICK pickup=B-02 dropoff=PICK-3
20260909_103310_9e1265,2235,task_created,,G00850,type=SHIP pickup=STAGING dropoff=DOCK-2
20260909_103310_9e1265,2239,task_created,,G00851,type=PACK pickup=PICK-3 dropoff=PACK-1
20260909_103310_9e1265,2243,task_created,,G00852,type=PUTAWAY pickup=RECV dropoff=D-05
20260909_103310_9e1265,2245,task_created,,G00853,type=PICK pickup=D-08 dropoff=PICK-3
20260909_103310_9e1265,2249,task_created,,G00854,type=SHIP pickup=STAGING dropoff=DOCK-1
20260909_103310_9e1265,2251,task_created,,G00855,type=PUTAWAY pickup=BUFFER dropoff=G-02
20260909_103310_9e1265,2251,task_created,,G00856,type=PACK pickup=PICK-2 dropoff=PACK-1
20260909_103310_9e1265,2255,task_created,,G00857,type=PICK pickup=D-04 dropoff=PICK-2
20260909_103310_9e1265,2259,task_created,,G00858,type=PUTAWAY pickup=BUFFER dropoff=F-07
20260909_103310_9e1265,2263,task_created,,G00859,type=PACK pickup=PICK-1 dropoff=PACK-2
20260909_103310_9e1265,2263,task_created,,G00860,type=SHIP pickup=STAGING dropoff=DOCK-1
20260909_103310_9e1265,2265,task_created,,G00861,type=PICK pickup=C-05 dropoff=PICK-1
20260909_103310_9e1265,2267,task_created,,G00862,type=PUTAWAY pickup=RECV dropoff=A-03
20260909_103310_9e1265,2275,task_created,,G00863,type=PUTAWAY pickup=RECV dropoff=A-02
20260909_103310_9e1265,2275,task_created,,G00864,type=PICK pickup=H-02 dropoff=PICK-3
20260909_103310_9e1265,2275,task_created,,G00865,type=PACK pickup=PICK-2 dropoff=PACK-1
20260909_103310_9e1265,2277,task_created,,G00866,type=SHIP pickup=STAGING dropoff=DOCK-2
20260909_103310_9e1265,2283,task_created,,G00867,type=PUTAWAY pickup=BUFFER dropoff=F-03
20260909_103310_9e1265,2285,task_created,,G00868,type=PICK pickup=B-06 dropoff=PICK-2
20260909_103310_9e1265,2287,task_created,,G00869,type=PACK pickup=PICK-3 dropoff=PACK-2
20260909_103310_9e1265,2291,task_created,,G00870,type=PUTAWAY pickup=BUFFER dropoff=G-02
20260909_103310_9e1265,2291,task_created,,G00871,type=SHIP pickup=STAGING dropoff=DOCK-2
20260909_103310_9e1265,2295,task_created,,G00872,type=PICK pickup=H-07 dropoff=PICK-3
20260909_103310_9e1265,2299,task_created,,G00873,type=PUTAWAY pickup=BUFFER dropoff=H-06
20260909_103310_9e1265,2299,task_created,,G00874,type=PACK pickup=PICK-2 dropoff=PACK-1
20260909_103310_9e1265,2305,task_created,,G00875,type=PICK pickup=E-03 dropoff=PICK-2
20260909_103310_9e1265,2305,task_created,,G00876,type=SHIP pickup=STAGING dropoff=DOCK-2
20260909_103310_9e1265,2307,task_created,,G00877,type=PUTAWAY pickup=RECV dropoff=B-06
20260909_103310_9e1265,2311,task_created,,G00878,type=PACK pickup=PICK-3 dropoff=PACK-2
20260909_103310_9e1265,2315,task_created,,G00879,type=PUTAWAY pickup=BUFFER dropoff=F-07
20260909_103310_9e1265,2315,task_created,,G00880,type=PICK pickup=F-01 dropoff=PICK-1
20260909_103310_9e1265,2319,task_created,,G00881,type=SHIP pickup=STAGING dropoff=DOCK-2
20260909_103310_9e1265,2323,task_created,,G00882,type=PUTAWAY pickup=RECV dropoff=F-06
20260909_103310_9e1265,2323,task_created,,G00883,type=PACK pickup=PICK-3 dropoff=PACK-1
20260909_103310_9e1265,2325,task_created,,G00884,type=PICK pickup=B-05 dropoff=PICK-3
20260909_103310_9e1265,2331,task_created,,G00885,type=PUTAWAY pickup=RECV dropoff=E-02
20260909_103310_9e1265,2333,task_created,,G00886,type=SHIP pickup=STAGING dropoff=DOCK-2
20260909_103310_9e1265,2335,task_created,,G00887,type=PICK pickup=B-05 dropoff=PICK-2
20260909_103310_9e1265,2335,task_created,,G00888,type=PACK pickup=PICK-2 dropoff=PACK-2
20260909_103310_9e1265,2339,task_created,,G00889,type=PUTAWAY pickup=BUFFER dropoff=F-01
20260909_103310_9e1265,2345,task_created,,G00890,type=PICK pickup=B-08 dropoff=PICK-2
20260909_103310_9e1265,2347,task_created,,G00891,type=PUTAWAY pickup=BUFFER dropoff=D-01
20260909_103310_9e1265,2347,task_created,,G00892,type=PACK pickup=PICK-1 dropoff=PACK-2
20260909_103310_9e1265,2347,task_created,,G00893,type=SHIP pickup=STAGING dropoff=DOCK-2
20260909_103310_9e1265,2355,task_created,,G00894,type=PUTAWAY pickup=RECV dropoff=H-04
20260909_103310_9e1265,2355,task_created,,G00895,type=PICK pickup=D-03 dropoff=PICK-2
20260909_103310_9e1265,2359,task_created,,G00896,type=PACK pickup=PICK-2 dropoff=PACK-2
20260909_103310_9e1265,2361,task_created,,G00897,type=SHIP pickup=STAGING dropoff=DOCK-2
20260909_103310_9e1265,2363,task_created,,G00898,type=PUTAWAY pickup=RECV dropoff=E-01
20260909_103310_9e1265,2365,task_created,,G00899,type=PICK pickup=A-07 dropoff=PICK-3
20260909_103310_9e1265,2371,task_created,,G00900,type=PUTAWAY pickup=RECV dropoff=G-07
20260909_103310_9e1265,2371,task_created,,G00901,type=PACK pickup=PICK-1 dropoff=PACK-2
20260909_103310_9e1265,2375,task_created,,G00902,type=PICK pickup=B-05 dropoff=PICK-2
20260909_103310_9e1265,2375,task_created,,G00903,type=SHIP pickup=STAGING dropoff=DOCK-1
20260909_103310_9e1265,2379,task_created,,G00904,type=PUTAWAY pickup=RECV dropoff=C-02
20260909_103310_9e1265,2383,task_created,,G00905,type=PACK pickup=PICK-3 dropoff=PACK-2
20260909_103310_9e1265,2385,task_created,,G00906,type=PICK pickup=H-04 dropoff=PICK-2
20260909_103310_9e1265,2387,task_created,,G00907,type=PUTAWAY pickup=BUFFER dropoff=A-01
20260909_103310_9e1265,2389,task_created,,G00908,type=SHIP pickup=STAGING dropoff=DOCK-2
20260909_103310_9e1265,2395,task_created,,G00909,type=PUTAWAY pickup=RECV dropoff=C-07
20260909_103310_9e1265,2395,task_created,,G00910,type=PICK pickup=E-03 dropoff=PICK-1
20260909_103310_9e1265,2395,task_created,,G00911,type=PACK pickup=PICK-1 dropoff=PACK-2
20260909_103310_9e1265,2403,task_created,,G00912,type=PUTAWAY pickup=BUFFER dropoff=E-08
20260909_103310_9e1265,2403,task_created,,G00913,type=SHIP pickup=STAGING dropoff=DOCK-1
20260909_103310_9e1265,2405,task_created,,G00914,type=PICK pickup=D-05 dropoff=PICK-3
20260909_103310_9e1265,2407,task_created,,G00915,type=PACK pickup=PICK-3 dropoff=PACK-2
20260909_103310_9e1265,2411,task_created,,G00916,type=PUTAWAY pickup=BUFFER dropoff=G-03
20260909_103310_9e1265,2415,task_created,,G00917,type=PICK pickup=C-06 dropoff=PICK-3
20260909_103310_9e1265,2417,task_created,,G00918,type=SHIP pickup=STAGING dropoff=DOCK-1
20260909_103310_9e1265,2419,task_created,,G00919,type=PUTAWAY pickup=BUFFER dropoff=B-01
20260909_103310_9e1265,2419,task_created,,G00920,type=PACK pickup=PICK-1 dropoff=PACK-2
20260909_103310_9e1265,2425,task_created,,G00921,type=PICK pickup=F-07 dropoff=PICK-2
20260909_103310_9e1265,2427,task_created,,G00922,type=PUTAWAY pickup=BUFFER dropoff=B-05
20260909_103310_9e1265,2431,task_created,,G00923,type=PACK pickup=PICK-2 dropoff=PACK-2
20260909_103310_9e1265,2431,task_created,,G00924,type=SHIP pickup=STAGING dropoff=DOCK-1
20260909_103310_9e1265,2435,task_created,,G00925,type=PUTAWAY pickup=RECV dropoff=C-07
20260909_103310_9e1265,2435,task_created,,G00926,type=PICK pickup=F-01 dropoff=PICK-2
20260909_103310_9e1265,2436,task_interrupted,R3,G00699,
20260909_103310_9e1265,2443,task_created,,G00927,type=PUTAWAY pickup=BUFFER dropoff=B-02
20260909_103310_9e1265,2443,task_created,,G00928,type=PACK pickup=PICK-3 dropoff=PACK-1
20260909_103310_9e1265,2445,task_interrupted,R11,G00691,
20260909_103310_9e1265,2445,task_created,,G00929,type=PICK pickup=B-02 dropoff=PICK-3
20260909_103310_9e1265,2445,task_created,,G00930,type=SHIP pickup=STAGING dropoff=DOCK-1
20260909_103310_9e1265,2451,task_created,,G00931,type=PUTAWAY pickup=BUFFER dropoff=E-01
20260909_103310_9e1265,2455,task_created,,G00932,type=PICK pickup=B-07 dropoff=PICK-1
20260909_103310_9e1265,2455,task_created,,G00933,type=PACK pickup=PICK-2 dropoff=PACK-1
20260909_103310_9e1265,2459,task_created,,G00934,type=PUTAWAY pickup=BUFFER dropoff=G-04
20260909_103310_9e1265,2459,task_created,,G00935,type=SHIP pickup=STAGING dropoff=DOCK-1
20260909_103310_9e1265,2465,task_created,,G00936,type=PICK pickup=A-07 dropoff=PICK-3
20260909_103310_9e1265,2467,task_created,,G00937,type=PUTAWAY pickup=BUFFER dropoff=A-04
20260909_103310_9e1265,2467,task_created,,G00938,type=PACK pickup=PICK-2 dropoff=PACK-1
20260909_103310_9e1265,2471,task_assigned,R3,G00699,
20260909_103310_9e1265,2473,task_created,,G00939,type=SHIP pickup=STAGING dropoff=DOCK-1
20260909_103310_9e1265,2475,task_created,,G00940,type=PUTAWAY pickup=RECV dropoff=F-02
20260909_103310_9e1265,2475,task_created,,G00941,type=PICK pickup=C-07 dropoff=PICK-1
20260909_103310_9e1265,2479,task_created,,G00942,type=PACK pickup=PICK-3 dropoff=PACK-2
20260909_103310_9e1265,2483,task_created,,G00943,type=PUTAWAY pickup=BUFFER dropoff=C-06
20260909_103310_9e1265,2485,task_created,,G00944,type=PICK pickup=D-08 dropoff=PICK-1
