tick,tasks_pending,tasks_outstanding,tasks_created_this_tick,tasks_completed_this_tick,tasks_completed_total,tasks_failed_total,robots_active,robots_idle,robots_blocked,robots_charging,robots_to_charger,robots_waiting_for_charger,robots_failed,average_battery,min_battery,max_battery,replans_this_tick,replans_total,blocked_ticks_this_tick,blocked_ticks_total
1,0,0,0.0,0.0,0.0,0.0,0,13,0,0,0,0,0,100.0,100.0,100.0,0.0,0.0,0.0,0.0
2,0,0,0.0,0.0,0.0,0.0,0,13,0,0,0,0,0,100.0,100.0,100.0,0.0,0.0,0.0,0.0
3,0,1.0,1.0,0.0,0.0,0.0,1,12,0,0,0,0,0,99.9731,99.65,100.0,0.0,0.0,0.0,0.0
4,0,1.0,0.0,0.0,0.0,0.0,1,12,0,0,0,0,0,99.9462,99.3,100.0,0.0,0.0,0.0,0.0
5,0,2.0,1.0,0.0,0.0,0.0,2,11,0,0,0,0,0,99.8923,98.95,100.0,0.0,0.0,0.0,0.0
6,0,2.0,0.0,0.0,0.0,0.0,2,11,0,0,0,0,0,99.8385,98.6,100.0,0.0,0.0,0.0,0.0
7,0,3.0,1.0,0.0,0.0,0.0,3,10,0,0,0,0,0,99.7577,98.25,100.0,0.0,0.0,0.0,0.0
8,0,3.0,0.0,0.0,0.0,0.0,3,10,0,0,0,0,0,99.6769,97.9,100.0,0.0,0.0,0.0,0.0
9,0,4.0,1.0,0.0,0.0,0.0,4,9,0,0,0,0,0,99.5692,97.55,100.0,0.0,0.0,0.0,0.0
10,0,4.0,0.0,0.0,0.0,0.0,4,9,0,0,0,0,0,99.45,97.2,100.0,0.0,0.0,0.0,0.0
11,0,5.0,1.0,0.0,0.0,0.0,5,8,0,0,0,0,0,99.3038,96.85,100.0,0.0,0.0,0.0,0.0
12,0,5.0,0.0,0.0,0.0,0.0,5,8,0,0,0,0,0,99.1462,96.5,100.0,0.0,0.0,0.0,0.0
13,0,5.0,0.0,0.0,0.0,0.0,5,8,0,0,0,0,0,98.9769,96.15,100.0,0.0,0.0,0.0,0.0
14,0,4.0,0.0,1.0,1.0,0.0,4,9,0,0,0,0,0,98.7962,95.65,100.0,0.0,0.0,0.0,0.0
15,0,5.0,1.0,0.0,1.0,0.0,5,8,0,0,0,0,0,98.6269,95.15,100.0,0.0,0.0,0.0,0.0
16,0,5.0,0.0,0.0,1.0,0.0,5,8,0,0,0,0,0,98.4577,94.65,100.0,0.0,0.0,0.0,0.0
17,0,5.0,0.0,0.0,1.0,0.0,5,8,0,0,0,0,0,98.2885,94.15,100.0,0.0,0.0,0.0,0.0
18,0,5.0,0.0,0.0,1.0,0.0,5,8,0,0,0,0,0,98.1192,93.65,100.0,0.0,0.0,0.0,0.0
19,0,7.0,2.0,0.0,1.0,0.0,7,6,0,0,0,0,0,97.8962,93.15,100.0,0.0,0.0,0.0,0.0
20,0,7.0,0.0,0.0,1.0,0.0,7,6,0,0,0,0,0,97.6731,92.65,100.0,0.0,0.0,0.0,0.0
21,0,7.0,0.0,0.0,1.0,0.0,6,6,1,0,0,0,0,97.4885,92.15,100.0,0.0,0.0,1.0,1.0
22,0,7.0,0.0,0.0,1.0,0.0,5,6,2,0,0,0,0,97.3423,92.15,100.0,0.0,0.0,2.0,3.0
23,0,7.0,1.0,1.0,2.0,0.0,6,6,1,0,0,0,0,97.1692,91.95,100.0,1.0,1.0,2.0,5.0
24,0,7.0,0.0,0.0,2.0,0.0,7,6,0,0,0,0,0,96.9577,91.65,100.0,0.0,1.0,0.0,5.0
25,0,8.0,1.0,0.0,2.0,0.0,8,5,0,0,0,0,0,96.7192,91.15,100.0,0.0,1.0,0.0,5.0
26,0,8.0,0.0,0.0,2.0,0.0,8,5,0,0,0,0,0,96.4808,90.65,100.0,0.0,1.0,0.0,5.0
27,0,9.0,1.0,0.0,2.0,0.0,9,4,0,0,0,0,0,96.1808,90.15,100.0,0.0,1.0,0.0,5.0
28,0,9.0,0.0,0.0,2.0,0.0,9,4,0,0,0,0,0,95.8692,89.65,100.0,0.0,1.0,0.0,5.0
29,0,8.0,0.0,1.0,3.0,0.0,8,5,0,0,0,0,0,95.5577,89.15,100.0,0.0,1.0,0.0,5.0
30,0,8.0,0.0,0.0,3.0,0.0,8,5,0,0,0,0,0,95.2846,88.65,100.0,0.0,1.0,0.0,5.0
31,0,8.0,1.0,1.0,4.0,0.0,8,5,0,0,0,0,0,94.9846,88.15,100.0,0.0,1.0,0.0,5.0
32,0,7.0,0.0,1.0,5.0,0.0,6,6,1,0,0,0,0,94.75,87.65,100.0,0.0,1.0,1.0,6.0
33,0,7.0,0.0,0.0,5.0,0.0,7,6,0,0,0,0,0,94.5269,87.15,100.0,0.0,1.0,0.0,6.0
34,0,7.0,0.0,0.0,5.0,0.0,7,6,0,0,0,0,0,94.3038,86.65,100.0,0.0,1.0,0.0,6.0
35,0,9.0,2.0,0.0,5.0,0.0,7,4,2,0,0,0,0,94.0923,86.65,100.0,0.0,1.0,2.0,8.0
36,0,9.0,0.0,0.0,5.0,0.0,8,4,1,0,0,0,0,93.8808,86.65,100.0,1.0,2.0,2.0,10.0
37,0,10.0,1.0,0.0,5.0,0.0,10,3,0,0,0,0,0,93.5769,86.15,100.0,0.0,2.0,0.0,10.0
38,0,10.0,0.0,0.0,5.0,0.0,10,3,0,0,0,0,0,93.2731,85.65,100.0,0.0,2.0,0.0,10.0
39,0,10.0,0.0,0.0,5.0,0.0,9,3,1,0,0,0,0,92.9962,85.65,100.0,0.0,2.0,1.0,11.0
40,0,9.0,0.0,1.0,6.0,0.0,8,4,1,0,0,0,0,92.7077,85.65,100.0,0.0,2.0,1.0,12.0
41,0,9.0,0.0,0.0,6.0,0.0,9,4,0,0,0,0,0,92.4077,85.15,100.0,0.0,2.0,0.0,12.0
42,0,9.0,0.0,0.0,6.0,0.0,9,4,0,0,0,0,0,92.1077,84.65,100.0,0.0,2.0,0.0,12.0
43,0,10.0,2.0,1.0,7.0,0.0,10,3,0,0,0,0,0,91.7423,84.15,100.0,0.0,2.0,0.0,12.0
44,0,10.0,0.0,0.0,7.0,0.0,8,3,2,0,0,0,0,91.4692,84.15,100.0,0.0,2.0,2.0,14.0
45,0,11.0,1.0,0.0,7.0,0.0,10,2,1,0,0,0,0,91.1692,84.15,100.0,1.0,3.0,2.0,16.0
46,0,11.0,0.0,0.0,7.0,0.0,11,2,0,0,0,0,0,90.7923,83.65,100.0,0.0,3.0,0.0,16.0
47,0,11.0,0.0,0.0,7.0,0.0,11,2,0,0,0,0,0,90.4154,83.15,100.0,0.0,3.0,0.0,16.0
48,0,10.0,0.0,1.0,8.0,0.0,10,3,0,0,0,0,0,90.0385,82.65,100.0,0.0,3.0,0.0,16.0
49,0,10.0,0.0,0.0,8.0,0.0,10,3,0,0,0,0,0,89.7,82.15,100.0,0.0,3.0,0.0,16.0
50,0,10.0,0.0,0.0,8.0,0.0,10,3,0,0,0,0,0,89.35,81.65,100.0,0.0,3.0,0.0,16.0
51,0,11.0,2.0,1.0,9.0,0.0,10,2,1,0,0,0,0,88.9846,81.55,100.0,0.0,3.0,1.0,17.0
52,0,11.0,0.0,0.0,9.0,0.0,11,2,0,0,0,0,0,88.6192,81.05,100.0,0.0,3.0,0.0,17.0
53,0,8.0,0.0,3.0,12.0,0.0,7,5,1,0,0,0,0,88.2923,80.55,100.0,0.0,3.0,1.0,18.0
54,0,8.0,0.0,0.0,12.0,0.0,7,5,1,0,0,0,0,88.0308,80.55,100.0,1.0,4.0,1.0,19.0
55,0,10.0,2.0,0.0,12.0,0.0,10,3,0,0,0,0,0,87.6923,80.55,99.65,0.0,4.0,0.0,19.0
56,0,9.0,0.0,1.0,13.0,0.0,7,4,2,0,0,0,0,87.4308,80.55,99.3,0.0,4.0,2.0,21.0
57,0,8.0,0.0,1.0,14.0,0.0,7,5,1,0,0,0,0,87.1808,80.2,98.95,2.0,6.0,2.0,23.0
58,0,7.0,0.0,1.0,15.0,0.0,7,6,0,0,0,0,0,86.9192,80.15,98.6,0.0,6.0,0.0,23.0
59,0,8.0,1.0,0.0,15.0,0.0,8,5,0,0,0,0,0,86.6692,79.65,98.25,0.0,6.0,0.0,23.0
60,0,8.0,0.0,0.0,15.0,0.0,8,5,0,0,0,0,0,86.4192,79.15,97.9,0.0,6.0,0.0,23.0
61,0,8.0,0.0,0.0,15.0,0.0,8,5,0,0,0,0,0,86.1692,78.65,97.55,0.0,6.0,0.0,23.0
62,0,8.0,0.0,0.0,15.0,0.0,8,5,0,0,0,0,0,85.9077,78.15,97.2,0.0,6.0,0.0,23.0
63,0,8.0,0.0,0.0,15.0,0.0,8,5,0,0,0,0,0,85.6462,77.65,96.85,0.0,6.0,0.0,23.0
64,0,8.0,0.0,0.0,15.0,0.0,8,5,0,0,0,0,0,85.3846,77.15,96.5,0.0,6.0,0.0,23.0
65,0,9.0,2.0,1.0,16.0,0.0,8,4,1,0,0,0,0,85.0846,76.65,96.15,0.0,6.0,1.0,24.0
66,0,9.0,0.0,0.0,16.0,0.0,9,4,0,0,0,0,0,84.7846,76.15,95.8,0.0,6.0,0.0,24.0
67,0,11.0,2.0,0.0,16.0,0.0,11,2,0,0,0,0,0,84.4192,75.65,95.45,0.0,6.0,0.0,24.0
68,0,10.0,0.0,1.0,17.0,0.0,10,3,0,0,0,0,0,84.0423,75.15,95.1,0.0,6.0,0.0,24.0
69,0,10.0,0.0,0.0,17.0,0.0,7,3,3,0,0,0,0,83.8192,75.15,94.75,0.0,6.0,3.0,27.0
70,0,9.0,0.0,1.0,18.0,0.0,7,4,2,0,0,0,0,83.5962,75.15,94.4,2.0,8.0,3.0,30.0
71,0,8.0,0.0,1.0,19.0,0.0,8,5,0,0,0,0,0,83.2692,74.65,94.05,0.0,8.0,0.0,30.0
72,0,8.0,0.0,0.0,19.0,0.0,8,5,0,0,0,0,0,83.0077,74.15,93.7,0.0,8.0,0.0,30.0
73,0,8.0,0.0,0.0,19.0,0.0,8,5,0,0,0,0,0,82.7462,73.65,93.35,0.0,8.0,0.0,30.0
74,0,7.0,0.0,1.0,20.0,0.0,7,6,0,0,0,0,0,82.4731,73.15,92.85,0.0,8.0,0.0,30.0
75,0,9.0,2.0,0.0,20.0,0.0,9,4,0,0,0,0,0,82.1731,72.65,92.35,0.0,8.0,0.0,30.0
76,0,8.0,0.0,1.0,21.0,0.0,8,5,0,0,0,0,0,81.8731,72.15,91.85,0.0,8.0,0.0,30.0
77,0,8.0,0.0,0.0,21.0,0.0,8,5,0,0,0,0,0,81.5885,71.65,91.35,0.0,8.0,0.0,30.0
78,0,8.0,0.0,0.0,21.0,0.0,8,5,0,0,0,0,0,81.3038,71.15,90.85,0.0,8.0,0.0,30.0
79,0,10.0,2.0,0.0,21.0,0.0,10,3,0,0,0,0,0,80.9654,70.65,90.35,0.0,8.0,0.0,30.0
80,0,10.0,0.0,0.0,21.0,0.0,9,3,1,0,0,0,0,80.6654,70.15,89.85,0.0,8.0,1.0,31.0
81,0,9.0,0.0,1.0,22.0,0.0,8,4,1,0,0,0,0,80.3923,69.65,89.35,1.0,9.0,2.0,33.0
82,0,9.0,0.0,0.0,22.0,0.0,9,4,0,0,0,0,0,80.0808,69.15,88.85,0.0,9.0,0.0,33.0
83,0,10.0,1.0,0.0,22.0,0.0,10,3,0,0,0,0,0,79.7308,68.65,88.35,0.0,9.0,0.0,33.0
84,0,9.0,0.0,1.0,23.0,0.0,6,4,3,0,0,0,0,79.4846,68.15,87.85,0.0,9.0,3.0,36.0
85,0,10.0,1.0,0.0,23.0,0.0,8,3,2,0,0,0,0,79.2769,67.65,87.35,2.0,11.0,4.0,40.0
86,0,8.0,0.0,2.0,25.0,0.0,8,5,0,0,0,0,0,78.9654,67.15,87.0,1.0,12.0,1.0,41.0
87,0,8.0,0.0,0.0,25.0,0.0,7,5,1,0,0,0,0,78.7423,67.15,86.65,0.0,12.0,1.0,42.0
88,0,8.0,0.0,0.0,25.0,0.0,8,5,0,0,0,0,0,78.4808,67.15,86.3,0.0,12.0,0.0,42.0
89,0,7.0,0.0,1.0,26.0,0.0,6,6,1,0,0,0,0,78.2577,67.15,85.95,0.0,12.0,1.0,43.0
90,0,7.0,0.0,0.0,26.0,0.0,7,6,0,0,0,0,0,78.0346,67.15,85.6,0.0,12.0,0.0,43.0
91,0,9.0,2.0,0.0,26.0,0.0,9,4,0,0,0,0,0,77.7577,67.15,85.25,0.0,12.0,0.0,43.0
92,0,9.0,0.0,0.0,26.0,0.0,9,4,0,0,0,0,0,77.4692,67.15,84.9,0.0,12.0,0.0,43.0
93,0,10.0,1.0,0.0,26.0,0.0,10,3,0,0,0,0,0,77.1538,67.15,84.55,0.0,12.0,0.0,43.0
94,0,10.0,0.0,0.0,26.0,0.0,10,3,0,0,0,0,0,76.8385,67.15,84.2,0.0,12.0,0.0,43.0
95,0,11.0,1.0,0.0,26.0,0.0,9,2,2,0,0,0,0,76.5615,66.8,83.95,0.0,12.0,2.0,45.0
96,0,10.0,0.0,1.0,27.0,0.0,9,3,1,0,0,0,0,76.2846,66.45,83.95,1.0,13.0,2.0,47.0
97,0,10.0,0.0,0.0,27.0,0.0,10,3,0,0,0,0,0,75.9808,66.1,83.6,0.0,13.0,0.0,47.0
98,0,10.0,0.0,0.0,27.0,0.0,8,3,2,0,0,0,0,75.7308,66.1,83.25,0.0,13.0,2.0,49.0
99,0,11.0,1.0,0.0,27.0,0.0,10,2,1,0,0,0,0,75.4423,66.1,82.9,1.0,14.0,2.0,51.0
100,0,10.0,0.0,1.0,28.0,0.0,10,3,0,0,0,0,0,75.0885,65.75,82.55,0.0,14.0,0.0,51.0
101,0,10.0,0.0,0.0,28.0,0.0,9,3,1,0,0,0,0,74.8,65.4,82.2,0.0,14.0,1.0,52.0
102,0,10.0,0.0,0.0,28.0,0.0,9,3,1,0,0,0,0,74.5385,65.4,82.1,1.0,15.0,2.0,54.0
103,0,11.0,1.0,0.0,28.0,0.0,10,2,1,0,0,0,0,74.2115,65.05,81.6,0.0,15.0,1.0,55.0
104,0,11.0,0.0,0.0,28.0,0.0,9,2,2,0,0,0,0,73.8846,64.55,81.35,1.0,16.0,2.0,57.0
105,0,11.0,1.0,1.0,29.0,0.0,11,2,0,0,0,0,0,73.4808,64.05,80.85,0.0,16.0,0.0,57.0
106,0,11.0,0.0,0.0,29.0,0.0,10,2,1,0,0,0,0,73.1538,63.55,80.35,0.0,16.0,1.0,58.0
107,0,13.0,2.0,0.0,29.0,0.0,13,0,0,0,0,0,0,72.7731,63.05,79.85,1.0,17.0,1.0,59.0
108,0,12.0,0.0,1.0,30.0,0.0,12,1,0,0,0,0,0,72.3538,62.55,79.35,0.0,17.0,0.0,59.0
109,0,12.0,0.0,0.0,30.0,0.0,11,1,1,0,0,0,0,72.0,62.05,78.85,0.0,17.0,1.0,60.0
110,0,11.0,0.0,1.0,31.0,0.0,11,2,0,0,0,0,0,71.6192,61.55,78.35,0.0,17.0,0.0,60.0
111,0,11.0,0.0,0.0,31.0,0.0,9,2,2,0,0,0,0,71.3308,61.05,78.35,0.0,17.0,2.0,62.0
112,0,11.0,0.0,0.0,31.0,0.0,10,2,1,0,0,0,0,71.0423,60.55,78.35,1.0,18.0,2.0,64.0
113,0,11.0,0.0,0.0,31.0,0.0,11,2,0,0,0,0,0,70.6769,60.05,77.85,0.0,18.0,0.0,64.0
114,0,11.0,0.0,0.0,31.0,0.0,10,2,1,0,0,0,0,70.3385,60.05,77.35,0.0,18.0,1.0,65.0
115,1,13.0,3.0,1.0,32.0,0.0,12,1,0,0,0,0,0,69.9077,59.55,76.85,0.0,18.0,0.0,65.0
116,0,13.0,0.0,0.0,32.0,0.0,13,0,0,0,0,0,0,69.4654,59.2,76.35,0.0,18.0,0.0,65.0
117,0,13.0,0.0,0.0,32.0,0.0,13,0,0,0,0,0,0,69.0231,58.85,75.85,0.0,18.0,0.0,65.0
118,0,11.0,0.0,2.0,34.0,0.0,11,2,0,0,0,0,0,68.5808,58.5,75.35,0.0,18.0,0.0,65.0
119,0,11.0,0.0,0.0,34.0,0.0,10,2,1,0,0,0,0,68.2423,58.15,74.85,0.0,18.0,1.0,66.0
120,0,9.0,0.0,2.0,36.0,0.0,7,4,2,0,0,0,0,67.9154,57.8,74.35,1.0,19.0,2.0,68.0
121,0,9.0,1.0,1.0,37.0,0.0,8,4,1,0,0,0,0,67.6,57.45,74.0,1.0,20.0,1.0,69.0
122,0,9.0,0.0,0.0,37.0,0.0,8,4,1,0,0,0,0,67.3385,57.1,73.65,0.0,20.0,1.0,70.0
123,0,10.0,1.0,0.0,37.0,0.0,9,3,1,0,0,0,0,67.0769,56.75,73.3,1.0,21.0,2.0,72.0
124,0,10.0,0.0,0.0,37.0,0.0,10,3,0,0,0,0,0,66.7769,56.25,72.95,1.0,22.0,1.0,73.0
125,0,10.0,1.0,1.0,38.0,0.0,9,3,1,0,0,0,0,66.4385,55.75,72.6,0.0,22.0,1.0,74.0
126,0,10.0,0.0,0.0,38.0,0.0,9,3,1,0,0,0,0,66.1269,55.25,72.1,1.0,23.0,1.0,75.0
127,0,11.0,1.0,0.0,38.0,0.0,11,2,0,0,0,0,0,65.7346,54.75,71.6,0.0,23.0,0.0,75.0
128,0,10.0,0.0,1.0,39.0,0.0,9,3,1,0,0,0,0,65.3962,54.25,71.1,0.0,23.0,1.0,76.0
129,0,10.0,0.0,0.0,39.0,0.0,10,3,0,0,0,0,0,65.0962,53.75,71.1,1.0,24.0,1.0,77.0
130,0,9.0,0.0,1.0,40.0,0.0,8,4,1,0,0,0,0,64.7962,53.25,71.1,0.0,24.0,1.0,78.0
131,0,10.0,1.0,0.0,40.0,0.0,8,3,2,0,0,0,0,64.5346,52.75,71.1,1.0,25.0,2.0,80.0
132,0,10.0,0.0,0.0,40.0,0.0,8,3,2,0,0,0,0,64.2462,52.25,70.75,0.0,25.0,2.0,82.0
133,0,9.0,0.0,1.0,41.0,0.0,6,4,3,0,0,0,0,63.9885,51.75,70.75,0.0,25.0,3.0,85.0
134,0,8.0,0.0,1.0,42.0,0.0,6,5,2,0,0,0,0,63.7577,51.25,70.75,1.0,26.0,3.0,88.0
135,0,10.0,2.0,0.0,42.0,0.0,8,3,2,0,0,0,0,63.4846,51.25,70.4,0.0,26.0,2.0,90.0
136,0,10.0,0.0,0.0,42.0,0.0,8,3,2,0,0,0,0,63.2385,51.25,70.4,1.0,27.0,3.0,93.0
137,0,10.0,0.0,0.0,42.0,0.0,9,3,1,0,0,0,0,62.95,51.25,70.05,0.0,27.0,1.0,94.0
138,0,9.0,0.0,1.0,43.0,0.0,9,4,0,0,0,0,0,62.65,51.25,69.7,0.0,27.0,0.0,94.0
139,0,11.0,2.0,0.0,43.0,0.0,11,2,0,0,0,0,0,62.3077,51.25,69.35,0.0,27.0,0.0,94.0
140,0,10.0,0.0,1.0,44.0,0.0,10,3,0,0,0,0,0,61.9538,51.25,68.85,0.0,27.0,0.0,94.0
141,0,10.0,0.0,0.0,44.0,0.0,8,3,2,0,0,0,0,61.7038,51.25,68.35,0.0,27.0,2.0,96.0
142,0,8.0,0.0,2.0,46.0,0.0,7,5,1,0,0,0,0,61.3654,51.25,67.85,1.0,28.0,1.0,97.0
143,0,7.0,0.0,1.0,47.0,0.0,7,6,0,0,0,0,0,61.1038,51.25,67.85,0.0,28.0,0.0,97.0
144,0,7.0,0.0,0.0,47.0,0.0,7,6,0,0,0,0,0,60.8692,51.25,67.85,0.0,28.0,0.0,97.0
145,0,8.0,1.0,0.0,47.0,0.0,7,5,1,0,0,0,0,60.6462,51.25,67.85,0.0,28.0,1.0,98.0
146,0,8.0,0.0,0.0,47.0,0.0,6,5,2,0,0,0,0,60.45,51.25,67.85,0.0,28.0,2.0,100.0
147,0,9.0,1.0,0.0,47.0,0.0,8,4,1,0,0,0,0,60.2269,51.25,67.85,1.0,29.0,2.0,102.0
148,0,9.0,0.0,0.0,47.0,0.0,9,4,0,0,0,0,0,59.9154,51.25,67.85,0.0,29.0,0.0,102.0
149,0,9.0,1.0,1.0,48.0,0.0,8,4,1,0,0,0,0,59.6538,51.25,67.5,0.0,29.0,1.0,103.0
150,0,9.0,0.0,0.0,48.0,0.0,7,4,2,0,0,0,0,59.4577,51.25,67.15,1.0,30.0,2.0,105.0
151,0,9.0,1.0,1.0,49.0,0.0,9,4,0,0,0,0,0,59.1577,51.25,66.8,1.0,31.0,1.0,106.0
152,0,8.0,0.0,1.0,50.0,0.0,8,5,0,0,0,0,0,58.8846,50.95,66.3,0.0,31.0,0.0,106.0
153,0,8.0,0.0,0.0,50.0,0.0,8,5,0,0,0,0,0,58.65,50.45,65.8,0.0,31.0,0.0,106.0
154,0,7.0,0.0,1.0,51.0,0.0,7,6,0,0,0,0,0,58.4154,49.95,65.3,0.0,31.0,0.0,106.0
155,0,9.0,2.0,0.0,51.0,0.0,8,4,1,0,0,0,0,58.2038,49.45,65.3,0.0,31.0,1.0,107.0
156,0,8.0,0.0,1.0,52.0,0.0,7,5,1,0,0,0,0,57.9269,48.95,65.3,1.0,32.0,1.0,108.0
157,0,7.0,0.0,1.0,53.0,0.0,7,6,0,0,0,0,0,57.6769,48.95,65.3,0.0,32.0,0.0,108.0
158,0,7.0,0.0,0.0,53.0,0.0,7,6,0,0,0,0,0,57.4538,48.95,65.3,0.0,32.0,0.0,108.0
159,0,7.0,0.0,0.0,53.0,0.0,7,6,0,0,0,0,0,57.2308,48.95,65.3,0.0,32.0,0.0,108.0
160,0,7.0,0.0,0.0,53.0,0.0,6,6,1,0,0,0,0,57.0115,48.7,65.3,0.0,32.0,1.0,109.0
161,0,6.0,0.0,1.0,54.0,0.0,5,7,1,0,0,0,0,56.7654,48.2,65.3,1.0,33.0,1.0,110.0
162,0,6.0,0.0,0.0,54.0,0.0,6,7,0,0,0,0,0,56.5577,47.7,65.3,0.0,33.0,0.0,110.0
163,0,9.0,3.0,0.0,54.0,0.0,9,4,0,0,0,0,0,56.2577,47.2,64.95,0.0,33.0,0.0,110.0
164,0,8.0,0.0,1.0,55.0,0.0,8,5,0,0,0,0,0,55.9577,46.7,64.6,0.0,33.0,0.0,110.0
165,0,9.0,1.0,0.0,55.0,0.0,9,4,0,0,0,0,0,55.6692,46.2,64.25,0.0,33.0,0.0,110.0
166,0,9.0,0.0,0.0,55.0,0.0,9,4,0,0,0,0,0,55.3692,45.7,63.75,0.0,33.0,0.0,110.0
167,0,9.0,0.0,0.0,55.0,0.0,8,4,1,0,0,0,0,55.0962,45.2,63.25,0.0,33.0,1.0,111.0
168,0,7.0,0.0,2.0,57.0,0.0,7,6,0,0,0,0,0,54.7846,44.7,62.75,0.0,33.0,0.0,111.0
169,0,7.0,0.0,0.0,57.0,0.0,7,6,0,0,0,0,0,54.5385,44.2,62.75,0.0,33.0,0.0,111.0
170,0,7.0,0.0,0.0,57.0,0.0,7,6,0,0,0,0,0,54.2808,43.7,62.75,0.0,33.0,0.0,111.0
171,0,8.0,1.0,0.0,57.0,0.0,8,5,0,0,0,0,0,53.9962,43.2,62.75,0.0,33.0,0.0,111.0
172,0,7.0,0.0,1.0,58.0,0.0,7,6,0,0,0,0,0,53.7115,42.7,62.75,0.0,33.0,0.0,111.0
173,0,7.0,0.0,0.0,58.0,0.0,7,6,0,0,0,0,0,53.4654,42.2,62.75,0.0,33.0,0.0,111.0
174,0,6.0,0.0,1.0,59.0,0.0,5,7,1,0,0,0,0,53.2577,41.7,62.75,0.0,33.0,1.0,112.0
175,0,8.0,2.0,0.0,59.0,0.0,7,5,1,0,0,0,0,53.0231,41.2,62.75,1.0,34.0,1.0,113.0
176,0,6.0,0.0,2.0,61.0,0.0,6,7,0,0,0,0,0,52.7115,40.7,62.75,0.0,34.0,0.0,113.0
177,0,7.0,1.0,0.0,61.0,0.0,6,6,1,0,0,0,0,52.5038,40.2,62.4,0.0,34.0,1.0,114.0
178,0,7.0,0.0,0.0,61.0,0.0,7,6,0,0,0,0,0,52.2692,39.7,62.05,0.0,34.0,0.0,114.0
179,0,7.0,1.0,1.0,62.0,0.0,7,6,0,0,0,0,0,52.0077,39.2,61.7,0.0,34.0,0.0,114.0
180,0,6.0,0.0,1.0,63.0,0.0,6,7,0,0,0,0,0,51.7731,39.2,61.2,0.0,34.0,0.0,114.0
181,0,6.0,0.0,0.0,63.0,0.0,6,7,0,0,0,0,0,51.5769,39.2,60.7,0.0,34.0,0.0,114.0
182,0,5.0,0.0,1.0,64.0,0.0,4,8,1,0,0,0,0,51.4077,39.2,60.2,0.0,34.0,1.0,115.0
183,0,5.0,0.0,0.0,64.0,0.0,4,8,1,0,0,0,0,51.2385,39.2,60.2,1.0,35.0,1.0,116.0
184,0,5.0,0.0,0.0,64.0,0.0,5,8,0,0,0,0,0,51.0692,39.2,60.2,0.0,35.0,0.0,116.0
185,0,6.0,1.0,0.0,64.0,0.0,4,7,2,0,0,0,0,50.9385,39.2,59.85,0.0,35.0,2.0,118.0
186,0,6.0,0.0,0.0,64.0,0.0,5,7,1,0,0,0,0,50.7808,39.2,59.5,2.0,37.0,2.0,120.0
187,0,7.0,2.0,1.0,65.0,0.0,7,6,0,0,0,0,0,50.5192,39.2,59.15,0.0,37.0,0.0,120.0
188,0,7.0,0.0,0.0,65.0,0.0,7,6,0,0,0,0,0,50.2962,39.2,58.8,0.0,37.0,0.0,120.0
189,0,6.0,0.0,1.0,66.0,0.0,6,7,0,0,0,0,0,50.0615,39.2,58.45,0.0,37.0,0.0,120.0
190,0,6.0,0.0,0.0,66.0,0.0,5,7,1,0,0,0,0,49.9038,39.2,58.1,0.0,37.0,1.0,121.0
191,0,7.0,1.0,0.0,66.0,0.0,7,6,0,0,0,0,0,49.7192,39.2,57.75,1.0,38.0,1.0,122.0
192,0,7.0,0.0,0.0,66.0,0.0,7,6,0,0,0,0,0,49.4962,39.2,57.4,0.0,38.0,0.0,122.0
193,0,7.0,0.0,0.0,66.0,0.0,7,6,0,0,0,0,0,49.2731,39.2,57.05,0.0,38.0,0.0,122.0
194,0,7.0,0.0,0.0,66.0,0.0,7,6,0,0,0,0,0,49.0385,39.2,56.7,0.0,38.0,0.0,122.0
195,0,9.0,2.0,0.0,66.0,0.0,9,4,0,0,0,0,0,48.7385,39.2,56.35,0.0,38.0,0.0,122.0
196,0,8.0,0.0,1.0,67.0,0.0,8,5,0,0,0,0,0,48.4269,39.2,56.0,0.0,38.0,0.0,122.0
197,0,8.0,0.0,0.0,67.0,0.0,8,5,0,0,0,0,0,48.1538,39.2,55.65,0.0,38.0,0.0,122.0
198,0,8.0,0.0,0.0,67.0,0.0,8,5,0,0,0,0,0,47.8808,39.2,55.3,0.0,38.0,0.0,122.0
199,0,9.0,1.0,0.0,67.0,0.0,9,4,0,0,0,0,0,47.5692,38.7,54.95,0.0,38.0,0.0,122.0
200,0,9.0,0.0,0.0,67.0,0.0,9,4,0,0,0,0,0,47.2577,38.2,54.6,0.0,38.0,0.0,122.0
201,0,8.0,0.0,1.0,68.0,0.0,8,5,0,0,0,0,0,46.9346,37.7,54.25,0.0,38.0,0.0,122.0
202,0,7.0,0.0,1.0,69.0,0.0,7,6,0,0,0,0,0,46.6269,37.2,53.75,0.0,38.0,0.0,122.0
203,0,8.0,1.0,0.0,69.0,0.0,8,5,0,0,0,0,0,46.3308,36.7,53.25,0.0,38.0,0.0,122.0
204,0,7.0,0.0,1.0,70.0,0.0,7,6,0,0,0,0,0,46.0346,36.2,52.75,0.0,38.0,0.0,122.0
205,0,9.0,2.0,0.0,70.0,0.0,7,4,2,0,0,0,0,45.7885,35.7,52.25,0.0,38.0,2.0,124.0
206,0,9.0,0.0,0.0,70.0,0.0,9,4,0,0,0,0,0,45.5038,35.2,51.75,1.0,39.0,1.0,125.0
207,0,8.0,0.0,1.0,71.0,0.0,7,5,1,0,0,0,0,45.2308,35.2,51.25,0.0,39.0,1.0,126.0
208,0,8.0,0.0,0.0,71.0,0.0,6,5,2,0,0,0,0,44.9962,35.2,50.75,1.0,40.0,2.0,128.0
209,0,7.0,0.0,1.0,72.0,0.0,5,6,2,0,0,0,0,44.7885,34.7,50.75,1.0,41.0,2.0,130.0
210,0,5.0,0.0,2.0,74.0,0.0,4,8,1,0,0,0,0,44.5923,34.7,50.75,1.0,42.0,2.0,132.0
211,0,7.0,2.0,0.0,74.0,0.0,6,6,1,0,0,0,0,44.4077,34.7,50.25,0.0,42.0,1.0,133.0
212,0,6.0,0.0,1.0,75.0,0.0,6,7,0,0,0,0,0,44.1731,34.7,49.75,0.0,42.0,0.0,133.0
213,0,6.0,0.0,0.0,75.0,0.0,6,7,0,0,0,0,0,43.9769,34.7,49.25,0.0,42.0,0.0,133.0
214,0,6.0,0.0,0.0,75.0,0.0,6,7,0,0,0,0,0,43.7808,34.7,48.75,0.0,42.0,0.0,133.0
215,0,6.0,1.0,1.0,76.0,0.0,6,7,0,0,0,0,0,43.5577,34.7,48.25,0.0,42.0,0.0,133.0
216,0,5.0,0.0,1.0,77.0,0.0,4,8,1,0,0,0,0,43.3885,34.7,48.25,0.0,42.0,1.0,134.0
217,0,5.0,0.0,0.0,77.0,0.0,4,8,1,0,0,0,0,43.2308,34.7,48.0,1.0,43.0,1.0,135.0
218,0,4.0,0.0,1.0,78.0,0.0,4,9,0,0,0,0,0,43.0731,34.7,48.0,0.0,43.0,0.0,135.0
219,0,6.0,2.0,0.0,78.0,0.0,5,7,1,0,0,0,0,42.9154,34.7,47.65,0.0,43.0,1.0,136.0
220,0,6.0,0.0,0.0,78.0,0.0,6,7,0,0,0,0,0,42.7308,34.7,47.65,0.0,43.0,0.0,136.0
221,0,6.0,0.0,0.0,78.0,0.0,6,7,0,0,0,0,0,42.5462,34.7,47.65,0.0,43.0,0.0,136.0
222,0,6.0,0.0,0.0,78.0,0.0,6,7,0,0,0,0,0,42.3615,34.7,47.65,0.0,43.0,0.0,136.0
223,0,7.0,1.0,0.0,78.0,0.0,6,6,1,0,0,0,0,42.1538,34.7,47.65,0.0,43.0,1.0,137.0
224,0,6.0,0.0,1.0,79.0,0.0,4,7,2,0,0,0,0,41.9577,34.7,47.65,1.0,44.0,2.0,139.0
225,0,6.0,1.0,1.0,80.0,0.0,5,7,1,0,0,0,0,41.7615,34.7,47.65,0.0,44.0,1.0,140.0
226,0,5.0,0.0,1.0,81.0,0.0,5,8,0,0,0,0,0,41.5654,34.7,47.65,0.0,44.0,0.0,140.0
227,0,6.0,1.0,0.0,81.0,0.0,6,7,0,0,0,0,0,41.3808,34.7,47.65,0.0,44.0,0.0,140.0
228,0,6.0,0.0,0.0,81.0,0.0,5,7,1,0,0,0,0,41.2231,34.7,47.65,0.0,44.0,1.0,141.0
229,0,6.0,0.0,0.0,81.0,0.0,6,7,0,0,0,0,0,41.0385,34.7,47.65,0.0,44.0,0.0,141.0
230,0,6.0,0.0,0.0,81.0,0.0,6,7,0,0,0,0,0,40.8538,34.7,47.65,0.0,44.0,0.0,141.0
231,0,6.0,0.0,0.0,81.0,0.0,6,7,0,0,0,0,0,40.6692,34.7,47.65,0.0,44.0,0.0,141.0
232,0,6.0,0.0,0.0,81.0,0.0,6,7,0,0,0,0,0,40.4846,34.7,47.65,0.0,44.0,0.0,141.0
233,0,7.0,1.0,0.0,81.0,0.0,6,6,1,0,0,0,0,40.3115,34.7,47.3,0.0,44.0,1.0,142.0
234,0,7.0,0.0,0.0,81.0,0.0,6,6,1,0,0,0,0,40.1,34.45,46.95,1.0,45.0,1.0,143.0
235,0,10.0,3.0,0.0,81.0,0.0,10,3,0,0,0,0,0,39.7731,33.95,46.6,0.0,45.0,0.0,143.0
236,0,10.0,0.0,0.0,81.0,0.0,8,3,2,0,0,0,0,39.5,33.45,46.1,0.0,45.0,2.0,145.0
237,0,10.0,0.0,0.0,81.0,0.0,9,3,1,0,0,0,0,39.2269,32.95,45.6,1.0,46.0,2.0,147.0
238,0,9.0,0.0,1.0,82.0,0.0,8,4,1,0,0,0,0,38.9269,32.45,45.1,0.0,46.0,1.0,148.0
239,0,9.0,0.0,0.0,82.0,0.0,8,4,1,0,0,0,0,38.6385,31.95,45.1,1.0,47.0,1.0,149.0
240,0,8.0,0.0,1.0,83.0,0.0,6,5,2,0,0,0,0,38.4038,31.45,45.1,0.0,47.0,2.0,151.0
241,0,5.0,0.0,3.0,86.0,0.0,4,8,1,0,0,0,0,38.2077,30.95,45.1,1.0,48.0,2.0,153.0
242,0,5.0,0.0,0.0,86.0,0.0,5,8,0,0,0,0,0,38.0615,30.95,45.1,0.0,48.0,0.0,153.0
243,0,6.0,1.0,0.0,86.0,0.0,5,7,1,0,0,0,0,37.9154,30.95,44.75,0.0,48.0,1.0,154.0
244,0,6.0,0.0,0.0,86.0,0.0,6,7,0,0,0,0,0,37.7308,30.95,44.4,0.0,48.0,0.0,154.0
245,0,7.0,1.0,0.0,86.0,0.0,7,6,0,0,0,0,0,37.5192,30.95,44.05,0.0,48.0,0.0,154.0
246,0,7.0,0.0,0.0,86.0,0.0,7,6,0,0,0,0,0,37.3077,30.95,43.7,0.0,48.0,0.0,154.0
247,0,9.0,2.0,0.0,86.0,0.0,8,4,1,0,0,0,0,37.0462,30.95,43.35,0.0,48.0,1.0,155.0
248,0,9.0,0.0,0.0,86.0,0.0,8,4,1,0,0,0,0,36.7577,30.6,43.0,1.0,49.0,1.0,156.0
249,0,9.0,0.0,0.0,86.0,0.0,9,4,0,0,0,0,0,36.4692,30.6,42.65,0.0,49.0,0.0,156.0
250,0,9.0,0.0,0.0,86.0,0.0,9,4,0,0,0,0,0,36.1692,30.6,42.3,0.0,49.0,0.0,156.0
251,0,10.0,1.0,0.0,86.0,0.0,10,3,0,0,0,0,0,35.8423,30.6,41.95,0.0,49.0,0.0,156.0
252,0,10.0,0.0,0.0,86.0,0.0,10,3,0,0,0,0,0,35.5154,30.6,41.6,0.0,49.0,0.0,156.0
253,0,10.0,0.0,0.0,86.0,0.0,10,3,0,0,0,0,0,35.1654,30.6,41.25,0.0,49.0,0.0,156.0
254,0,10.0,0.0,0.0,86.0,0.0,10,3,0,0,0,0,0,34.8038,30.35,40.9,0.0,49.0,0.0,156.0
255,0,9.0,1.0,2.0,88.0,0.0,8,4,1,0,0,0,0,34.4538,29.85,40.55,0.0,49.0,1.0,157.0
256,0,8.0,0.0,1.0,89.0,0.0,6,5,2,0,0,0,0,34.2077,29.35,40.2,0.0,49.0,2.0,159.0
257,0,8.0,0.0,0.0,89.0,0.0,6,5,2,0,0,0,0,34.0385,28.85,39.85,1.0,50.0,3.0,162.0
258,0,8.0,0.0,0.0,89.0,0.0,7,5,1,0,0,0,0,33.7769,28.35,39.5,1.0,51.0,1.0,163.0
259,0,9.0,2.0,1.0,90.0,0.0,9,4,0,0,0,0,0,33.45,27.85,39.15,0.0,51.0,0.0,163.0
260,0,9.0,0.0,0.0,90.0,0.0,8,4,1,0,0,0,0,33.1885,27.35,38.65,0.0,51.0,1.0,164.0
261,0,9.0,1.0,1.0,91.0,0.0,9,4,0,0,0,0,0,32.9,26.85,38.15,1.0,52.0,1.0,165.0
262,0,9.0,0.0,0.0,91.0,0.0,9,4,0,0,0,0,0,32.6,26.85,37.65,0.0,52.0,0.0,165.0
263,0,8.0,0.0,1.0,92.0,0.0,5,5,3,0,0,0,0,32.3923,26.85,37.35,0.0,52.0,3.0,168.0
264,0,8.0,0.0,0.0,92.0,0.0,6,5,2,0,0,0,0,32.2231,26.85,37.35,1.0,53.0,3.0,171.0
265,0,9.0,1.0,0.0,92.0,0.0,8,4,1,0,0,0,0,31.9462,26.65,37.0,1.0,54.0,1.0,172.0
266,0,8.0,0.0,1.0,93.0,0.0,8,5,0,0,0,0,0,31.6577,26.15,36.65,0.0,54.0,0.0,172.0
267,0,9.0,1.0,0.0,93.0,0.0,7,4,2,0,0,0,0,31.4346,25.65,36.65,0.0,54.0,2.0,174.0
268,0,9.0,0.0,0.0,93.0,0.0,8,4,1,0,0,0,0,31.2115,25.15,36.65,1.0,55.0,2.0,176.0
269,0,8.0,0.0,1.0,94.0,0.0,8,5,0,0,0,0,0,30.9231,24.65,36.3,0.0,55.0,0.0,176.0
270,0,8.0,0.0,0.0,94.0,0.0,7,5,1,0,0,0,0,30.7,24.65,35.95,0.0,55.0,1.0,177.0
271,0,7.0,1.0,2.0,96.0,0.0,6,5,1,0,1,0,0,30.4231,24.65,35.6,1.0,56.0,1.0,178.0
272,0,6.0,0.0,1.0,97.0,0.0,6,6,0,0,1,0,0,30.1577,24.15,35.25,0.0,56.0,0.0,178.0
273,0,6.0,0.0,0.0,97.0,0.0,6,5,0,0,2,0,0,29.9308,24.15,34.9,0.0,56.0,0.0,178.0
274,0,6.0,0.0,0.0,97.0,0.0,2,5,5,0,1,0,0,29.85,24.15,34.9,0.0,56.0,5.0,183.0
275,0,9.0,3.0,0.0,97.0,0.0,7,2,2,0,2,0,0,29.65,24.15,34.55,2.0,58.0,4.0,187.0
276,0,9.0,0.0,0.0,97.0,0.0,9,1,0,0,3,0,0,29.3038,24.15,34.2,0.0,58.0,0.0,187.0
277,0,9.0,0.0,0.0,97.0,0.0,9,1,0,0,3,0,0,28.9462,24.15,33.85,0.0,58.0,0.0,187.0
278,0,9.0,0.0,0.0,97.0,0.0,9,1,0,0,3,0,0,28.5654,24.15,33.5,0.0,58.0,0.0,187.0
279,0,8.0,0.0,1.0,98.0,0.0,6,2,2,0,3,0,0,28.2269,24.15,33.0,0.0,58.0,2.0,189.0
280,0,7.0,0.0,1.0,99.0,0.0,6,3,1,0,3,0,0,27.9269,24.05,32.5,1.0,59.0,2.0,191.0
281,0,7.0,0.0,0.0,99.0,0.0,6,3,1,0,3,0,0,27.6385,23.7,32.0,0.0,59.0,1.0,192.0
282,0,7.0,0.0,0.0,99.0,0.0,5,2,2,0,4,0,0,27.3885,23.35,31.5,1.0,60.0,3.0,195.0
283,0,8.0,2.0,1.0,100.0,0.0,8,1,1,0,3,0,0,27.0192,23.0,31.0,0.0,60.0,1.0,196.0
284,0,8.0,0.0,0.0,100.0,0.0,5,1,3,0,4,0,0,26.7654,22.65,31.0,0.0,60.0,3.0,199.0
285,0,8.0,1.0,1.0,101.0,0.0,7,1,1,0,4,0,0,26.4462,22.3,30.5,1.0,61.0,2.0,201.0
286,0,8.0,0.0,0.0,101.0,0.0,7,1,1,1,3,0,0,26.1269,21.95,30.5,0.0,61.0,1.0,202.0
287,0,8.0,0.0,0.0,101.0,0.0,6,1,2,1,3,0,0,26.515,21.6,32.545,1.0,62.0,3.0,205.0
288,0,8.0,0.0,0.0,101.0,0.0,8,1,0,1,3,0,0,26.8377,21.25,40.04,1.0,63.0,1.0,206.0
289,0,9.0,1.0,0.0,101.0,0.0,9,0,0,1,3,0,0,27.0681,20.9,47.535,0.0,63.0,0.0,206.0
290,0,9.0,0.0,0.0,101.0,0.0,8,0,1,1,3,0,0,27.3254,20.55,55.03,0.0,63.0,1.0,207.0
291,1,9.0,1.0,1.0,102.0,0.0,6,1,2,1,3,0,0,27.6096,20.2,62.525,0.0,63.0,2.0,209.0
292,0,9.0,0.0,0.0,102.0,0.0,8,0,1,1,3,0,0,27.9054,19.85,70.02,1.0,64.0,2.0,211.0
293,0,9.0,0.0,0.0,102.0,0.0,9,0,1,1,2,0,0,28.1627,19.85,77.515,0.0,64.0,1.0,212.0
294,0,9.0,0.0,0.0,102.0,0.0,8,0,1,2,2,0,0,28.4585,19.6,85.01,1.0,65.0,2.0,214.0
295,2,10.0,2.0,1.0,103.0,0.0,8,1,0,3,1,0,0,29.3227,19.5,92.505,0.0,65.0,0.0,214.0
296,0,10.0,0.0,0.0,103.0,0.0,9,0,1,2,1,0,0,30.8458,19.15,99.65,0.0,65.0,1.0,215.0
297,0,10.0,0.0,0.0,103.0,0.0,9,0,1,2,1,0,0,31.7692,18.8,99.3,0.0,65.0,1.0,216.0
298,0,10.0,0.0,0.0,103.0,0.0,9,0,1,2,1,0,0,32.7312,18.45,98.95,1.0,66.0,2.0,218.0
299,1,11.0,1.0,0.0,103.0,0.0,10,0,0,2,1,0,0,33.6162,18.1,98.6,0.0,66.0,0.0,218.0
300,1,11.0,0.0,0.0,103.0,0.0,10,0,1,2,0,0,0,34.5165,18.1,98.25,0.0,66.0,1.0,219.0
301,1,11.0,0.0,0.0,103.0,0.0,7,0,3,2,1,0,0,35.5092,18.1,97.9,1.0,67.0,4.0,223.0
302,1,11.0,0.0,0.0,103.0,0.0,9,0,1,2,1,0,0,36.4365,17.75,97.55,1.0,68.0,2.0,225.0
303,2,12.0,1.0,0.0,103.0,0.0,8,0,2,2,1,0,0,37.3754,17.4,97.2,0.0,68.0,2.0,227.0
304,1,12.0,0.0,0.0,103.0,0.0,10,0,1,1,1,0,0,38.2373,17.05,99.65,0.0,68.0,1.0,228.0
305,1,13.0,1.0,0.0,103.0,0.0,12,0,0,0,1,0,0,38.4269,16.7,99.65,0.0,68.0,0.0,228.0
306,1,12.0,0.0,1.0,104.0,0.0,11,1,0,0,1,0,0,38.0077,16.35,99.3,0.0,68.0,0.0,228.0
307,2,13.0,2.0,1.0,105.0,0.0,11,1,0,0,1,0,0,37.6,16.0,98.95,0.0,68.0,0.0,228.0
308,1,13.0,0.0,0.0,105.0,0.0,12,0,0,0,1,0,0,37.2038,15.65,98.6,0.0,68.0,0.0,228.0
309,1,13.0,0.0,0.0,105.0,0.0,12,0,0,0,1,0,0,36.8077,15.3,98.25,0.0,68.0,0.0,228.0
310,1,11.0,0.0,2.0,107.0,0.0,10,2,0,0,1,0,0,36.4115,14.95,97.9,0.0,68.0,0.0,228.0
311,0,11.0,0.0,0.0,107.0,0.0,11,1,0,0,1,0,0,36.0654,14.6,97.55,0.0,68.0,0.0,228.0
312,0,11.0,0.0,0.0,107.0,0.0,10,1,0,0,2,0,0,35.7192,14.25,97.2,0.0,68.0,0.0,228.0
313,0,11.0,0.0,0.0,107.0,0.0,10,0,0,0,3,0,0,35.3577,13.9,96.85,0.0,68.0,0.0,228.0
314,0,11.0,0.0,0.0,107.0,0.0,10,0,0,1,2,0,0,34.9962,13.55,96.5,0.0,68.0,0.0,228.0
315,2,13.0,2.0,0.0,107.0,0.0,9,0,1,1,2,0,0,35.3419,13.45,96.15,0.0,68.0,1.0,229.0
316,2,12.0,0.0,1.0,108.0,0.0,9,1,0,1,2,0,0,35.6377,13.1,95.8,0.0,68.0,0.0,229.0
317,2,13.0,1.0,0.0,108.0,0.0,10,0,0,1,2,0,0,35.945,12.75,95.45,0.0,68.0,0.0,229.0
318,2,13.0,0.0,0.0,108.0,0.0,8,0,0,1,3,1,0,36.2523,12.4,95.1,0.0,68.0,0.0,229.0
319,3,14.0,1.0,0.0,108.0,0.0,6,0,1,1,3,2,0,36.625,12.05,94.75,0.0,68.0,1.0,230.0
320,3,14.0,0.0,0.0,108.0,0.0,4,0,3,1,2,3,0,37.0669,11.7,94.75,0.0,68.0,3.0,233.0
321,3,13.0,0.0,1.0,109.0,0.0,4,1,1,1,3,3,0,37.5088,11.35,94.75,1.0,69.0,2.0,235.0
322,3,12.0,0.0,1.0,110.0,0.0,5,1,0,1,3,3,0,37.9085,11.0,94.4,0.0,69.0,0.0,235.0
323,3,13.0,1.0,0.0,110.0,0.0,5,0,0,1,3,4,0,38.3196,10.65,94.05,0.0,69.0,0.0,235.0
324,3,13.0,0.0,0.0,110.0,0.0,6,0,0,0,4,3,0,38.7038,10.3,99.65,0.0,69.0,0.0,235.0
325,4,14.0,1.0,0.0,110.0,0.0,6,0,0,0,4,3,0,38.4231,9.95,99.3,0.0,69.0,0.0,235.0
326,4,14.0,0.0,0.0,110.0,0.0,6,0,0,0,4,3,0,38.1423,9.6,98.95,0.0,69.0,0.0,235.0
327,4,14.0,0.0,0.0,110.0,0.0,4,0,1,0,4,4,0,37.8885,9.25,98.6,0.0,69.0,1.0,236.0
328,4,14.0,0.0,0.0,110.0,0.0,5,0,0,0,4,4,0,37.6731,8.9,98.25,1.0,70.0,1.0,237.0
329,4,14.0,0.0,0.0,110.0,0.0,5,0,0,0,4,4,0,37.4308,8.55,97.9,0.0,70.0,0.0,237.0
330,4,14.0,0.0,0.0,110.0,0.0,5,0,0,0,4,4,0,37.1885,8.2,97.55,0.0,70.0,0.0,237.0
331,7,17.0,3.0,0.0,110.0,0.0,3,0,3,0,3,4,0,37.0269,7.85,97.2,0.0,70.0,3.0,240.0
332,7,17.0,0.0,0.0,110.0,0.0,4,0,2,0,3,4,0,36.8654,7.5,96.85,1.0,71.0,3.0,243.0
333,7,17.0,0.0,0.0,110.0,0.0,4,0,1,0,4,4,0,36.6385,7.15,96.5,0.0,71.0,1.0,244.0
334,7,17.0,0.0,0.0,110.0,0.0,4,0,1,0,4,4,0,36.4,6.8,96.15,0.0,71.0,1.0,245.0
335,8,18.0,1.0,0.0,110.0,0.0,4,0,0,0,4,5,0,36.1615,6.45,95.8,1.0,72.0,1.0,246.0
336,8,18.0,0.0,0.0,110.0,0.0,3,0,1,0,4,5,0,35.9615,6.1,95.8,0.0,72.0,1.0,247.0
337,8,18.0,0.0,0.0,110.0,0.0,4,0,0,1,3,5,0,35.7615,5.75,95.8,1.0,73.0,1.0,248.0
338,8,17.0,0.0,1.0,111.0,0.0,2,1,1,1,3,5,0,36.2954,5.4,95.45,0.0,73.0,1.0,249.0
339,8,18.0,1.0,0.0,111.0,0.0,3,0,1,2,2,5,0,36.8408,5.05,95.1,0.0,73.0,1.0,250.0
340,8,18.0,0.0,0.0,111.0,0.0,2,0,2,3,1,5,0,38.1588,6.55,95.1,0.0,73.0,2.0,252.0
341,8,18.0,0.0,0.0,111.0,0.0,2,0,2,3,1,5,0,40.2227,8.45,95.1,0.0,73.0,2.0,254.0
342,8,18.0,0.0,0.0,111.0,0.0,3,0,1,3,1,5,0,42.2865,8.1,95.1,1.0,74.0,2.0,256.0
343,9,19.0,1.0,0.0,111.0,0.0,3,0,1,3,1,5,0,44.3235,7.75,95.1,0.0,74.0,1.0,257.0
344,9,19.0,0.0,0.0,111.0,0.0,3,0,1,3,1,5,0,46.3873,7.4,95.1,1.0,75.0,2.0,259.0
345,11,21.0,2.0,0.0,111.0,0.0,3,0,1,3,1,5,0,48.4512,7.05,94.75,1.0,76.0,2.0,261.0
346,11,21.0,0.0,0.0,111.0,0.0,3,0,1,3,1,5,0,50.4881,6.7,94.4,0.0,76.0,1.0,262.0
347,12,22.0,1.0,0.0,111.0,0.0,4,0,1,2,2,4,0,52.4712,6.35,99.65,0.0,76.0,1.0,263.0
348,12,22.0,0.0,0.0,111.0,0.0,3,0,3,2,1,4,0,53.7896,6.35,99.3,0.0,76.0,3.0,266.0
349,11,21.0,0.0,1.0,112.0,0.0,5,1,0,1,3,3,0,54.9735,6.0,99.65,0.0,76.0,0.0,266.0
350,10,20.0,0.0,1.0,113.0,0.0,6,1,0,0,4,2,0,55.3615,5.65,99.65,0.0,76.0,0.0,266.0
351,9,20.0,0.0,0.0,113.0,0.0,7,0,0,1,3,2,0,55.0423,5.3,99.3,0.0,76.0,0.0,266.0
352,9,19.0,0.0,1.0,114.0,0.0,6,1,0,1,3,2,0,55.4785,12.8,98.95,0.0,76.0,0.0,266.0
353,9,19.0,0.0,0.0,114.0,0.0,7,0,0,1,3,2,0,55.9262,12.45,98.6,0.0,76.0,0.0,266.0
354,9,19.0,0.0,0.0,114.0,0.0,5,0,2,1,3,2,0,56.4392,12.1,98.25,0.0,76.0,2.0,268.0
355,12,22.0,3.0,0.0,114.0,0.0,7,0,0,1,3,2,0,56.8869,11.75,97.9,0.0,76.0,0.0,268.0
356,12,22.0,0.0,0.0,114.0,0.0,7,0,0,1,3,2,0,57.3231,11.4,97.55,0.0,76.0,0.0,268.0
357,12,22.0,0.0,0.0,114.0,0.0,6,0,1,1,3,2,0,57.7862,11.05,97.55,0.0,76.0,1.0,269.0
358,12,22.0,0.0,0.0,114.0,0.0,7,0,0,1,3,2,0,58.2223,10.7,97.2,0.0,76.0,0.0,269.0
359,13,23.0,1.0,0.0,114.0,0.0,7,0,0,2,2,2,0,58.6585,10.35,96.85,0.0,76.0,0.0,269.0
360,13,23.0,0.0,0.0,114.0,0.0,7,0,0,2,2,2,0,59.8112,10.7,96.5,0.0,76.0,0.0,269.0
361,13,21.0,0.0,2.0,116.0,0.0,6,2,0,1,3,1,0,60.91,10.35,99.65,0.0,76.0,0.0,269.0
362,11,21.0,0.0,0.0,116.0,0.0,8,0,0,1,3,1,0,61.3035,10.0,99.3,0.0,76.0,0.0,269.0
363,12,22.0,1.0,0.0,116.0,0.0,7,0,1,2,2,1,0,61.7238,9.65,98.95,0.0,76.0,1.0,270.0
364,12,22.0,0.0,0.0,116.0,0.0,8,0,0,2,2,1,0,62.8277,9.55,98.6,0.0,76.0,0.0,270.0
365,13,23.0,1.0,0.0,116.0,0.0,7,0,1,2,2,1,0,63.9469,9.2,98.25,0.0,76.0,1.0,271.0
366,13,22.0,0.0,1.0,117.0,0.0,5,1,2,2,2,1,0,65.0931,8.85,97.9,0.0,76.0,2.0,273.0
367,13,23.0,1.0,0.0,117.0,0.0,7,0,1,2,2,1,0,66.2508,8.5,97.55,1.0,77.0,2.0,275.0
368,13,23.0,0.0,0.0,117.0,0.0,8,0,0,2,2,1,0,67.3546,8.15,97.2,0.0,77.0,0.0,275.0
369,13,23.0,0.0,0.0,117.0,0.0,9,0,0,1,3,0,0,68.4046,7.8,99.65,0.0,77.0,0.0,275.0
370,13,23.0,0.0,0.0,117.0,0.0,9,0,0,1,3,0,0,68.7535,7.45,99.3,0.0,77.0,0.0,275.0
371,14,24.0,1.0,0.0,117.0,0.0,9,0,1,1,2,0,0,69.1292,7.45,98.95,0.0,77.0,1.0,276.0
372,14,23.0,0.0,1.0,118.0,0.0,8,1,0,1,3,0,0,69.4819,7.45,98.6,1.0,78.0,1.0,277.0
373,13,24.0,1.0,0.0,118.0,0.0,10,0,0,0,3,0,0,69.7923,7.1,99.65,0.0,78.0,0.0,277.0
374,13,23.0,0.0,1.0,119.0,0.0,9,1,0,0,3,0,0,69.4346,7.1,99.3,0.0,78.0,0.0,277.0
375,13,24.0,1.0,0.0,119.0,0.0,10,0,0,1,2,0,0,69.05,6.75,98.95,0.0,78.0,0.0,277.0
376,13,24.0,0.0,0.0,119.0,0.0,10,0,0,1,2,0,0,69.4096,9.0,98.6,0.0,78.0,0.0,277.0
377,13,24.0,0.0,0.0,119.0,0.0,9,0,1,1,2,0,0,69.7962,8.65,98.25,0.0,78.0,1.0,278.0
378,13,24.0,0.0,0.0,119.0,0.0,10,0,0,1,2,0,0,70.1558,8.3,97.9,0.0,78.0,0.0,278.0
379,15,26.0,2.0,0.0,119.0,0.0,10,0,0,1,2,0,0,70.5154,7.95,97.55,0.0,78.0,0.0,278.0
380,15,26.0,0.0,0.0,119.0,0.0,10,0,0,1,2,0,0,70.8635,7.6,97.2,0.0,78.0,0.0,278.0
381,15,24.0,0.0,2.0,121.0,0.0,8,2,0,1,2,0,0,71.2115,7.25,96.85,0.0,78.0,0.0,278.0
382,13,24.0,0.0,0.0,121.0,0.0,8,0,2,1,2,0,0,71.625,6.9,96.5,0.0,78.0,2.0,280.0
383,13,24.0,0.0,0.0,121.0,0.0,10,0,0,2,1,0,0,71.9731,6.55,96.15,0.0,78.0,0.0,280.0
384,13,24.0,0.0,0.0,121.0,0.0,10,0,0,2,1,0,0,73.0669,8.9,95.8,0.0,78.0,0.0,280.0
385,14,25.0,1.0,0.0,121.0,0.0,11,0,0,1,1,0,0,74.1338,8.55,99.65,0.0,78.0,0.0,280.0
386,14,25.0,0.0,0.0,121.0,0.0,11,0,0,1,1,0,0,74.4835,8.2,99.3,0.0,78.0,0.0,280.0
387,16,25.0,2.0,2.0,123.0,0.0,9,2,0,1,1,0,0,74.8331,7.85,98.95,0.0,78.0,0.0,280.0
388,14,25.0,0.0,0.0,123.0,0.0,10,0,1,1,1,0,0,75.2212,7.5,98.6,0.0,78.0,1.0,281.0
389,14,24.0,0.0,1.0,124.0,0.0,10,1,0,1,1,0,0,75.5708,7.15,98.25,0.0,78.0,0.0,281.0
390,13,23.0,0.0,1.0,125.0,0.0,10,1,0,1,1,0,0,75.9319,6.8,97.9,0.0,78.0,0.0,281.0
391,13,24.0,1.0,0.0,125.0,0.0,11,0,0,1,1,0,0,76.2931,6.45,97.55,0.0,78.0,0.0,281.0
392,13,24.0,0.0,0.0,125.0,0.0,11,0,0,1,1,0,0,76.6427,6.1,97.2,0.0,78.0,0.0,281.0
393,12,24.0,0.0,0.0,125.0,0.0,12,0,0,0,1,0,0,76.9538,5.75,99.65,0.0,78.0,0.0,281.0
394,12,23.0,0.0,1.0,126.0,0.0,11,1,0,0,1,0,0,76.5462,5.4,99.3,0.0,78.0,0.0,281.0
395,13,25.0,2.0,0.0,126.0,0.0,12,0,0,0,1,0,0,76.15,5.05,98.95,0.0,78.0,0.0,281.0
396,13,25.0,0.0,0.0,126.0,0.0,12,0,0,0,1,0,0,75.7538,4.7,98.6,0.0,78.0,0.0,281.0
397,13,25.0,0.0,0.0,126.0,0.0,9,0,3,0,1,0,0,75.4615,4.35,98.25,0.0,78.0,3.0,284.0
398,13,25.0,0.0,0.0,126.0,0.0,11,0,1,0,1,0,0,75.1308,4.0,97.9,1.0,79.0,2.0,286.0
399,13,25.0,0.0,0.0,126.0,0.0,9,0,3,1,0,0,0,74.8269,3.65,97.55,0.0,79.0,3.0,289.0
400,13,25.0,0.0,0.0,126.0,0.0,10,0,2,1,0,0,0,75.3181,13.285,97.2,2.0,81.0,4.0,293.0
401,14,25.0,1.0,1.0,127.0,0.0,9,1,2,1,0,0,0,75.7554,22.92,96.85,0.0,81.0,2.0,295.0
402,13,25.0,0.0,0.0,127.0,0.0,10,0,2,1,0,0,0,76.2312,32.555,96.5,1.0,82.0,3.0,298.0
403,15,27.0,2.0,0.0,127.0,0.0,11,0,1,1,0,0,0,76.63,42.19,96.15,0.0,82.0,1.0,299.0
404,15,27.0,0.0,0.0,127.0,0.0,10,0,2,1,0,0,0,77.0558,51.825,95.8,0.0,82.0,2.0,301.0
405,16,27.0,1.0,1.0,128.0,0.0,9,1,2,1,0,0,0,77.5085,61.25,95.45,1.0,83.0,3.0,304.0
406,15,26.0,0.0,1.0,129.0,0.0,11,1,0,1,0,0,0,77.8573,60.75,95.1,0.0,83.0,0.0,304.0
407,14,25.0,0.0,1.0,130.0,0.0,8,1,3,1,0,0,0,78.3215,60.75,94.75,0.0,83.0,3.0,307.0
408,13,25.0,0.0,0.0,130.0,0.0,10,0,2,1,0,0,0,78.8127,60.75,94.4,2.0,85.0,4.0,311.0
409,12,25.0,0.0,0.0,130.0,0.0,13,0,0,0,0,0,0,79.1346,60.25,99.65,0.0,85.0,0.0,311.0
410,12,24.0,0.0,1.0,131.0,0.0,9,1,3,0,0,0,0,78.8077,59.75,99.3,0.0,85.0,3.0,314.0
411,12,25.0,1.0,0.0,131.0,0.0,12,0,1,0,0,0,0,78.4654,59.25,98.95,1.0,86.0,2.0,316.0
412,12,25.0,0.0,0.0,131.0,0.0,13,0,0,0,0,0,0,78.0577,58.75,98.6,0.0,86.0,0.0,316.0
413,12,24.0,0.0,1.0,132.0,0.0,9,1,3,0,0,0,0,77.7423,58.75,98.25,0.0,86.0,3.0,319.0
414,11,24.0,0.0,0.0,132.0,0.0,12,0,1,0,0,0,0,77.4385,58.75,97.9,2.0,88.0,3.0,322.0
415,14,26.0,3.0,1.0,133.0,0.0,10,1,2,0,0,0,0,77.0731,58.25,97.55,0.0,88.0,2.0,324.0
416,13,26.0,0.0,0.0,133.0,0.0,11,0,2,0,0,0,0,76.7346,57.75,97.2,1.0,89.0,3.0,327.0
417,13,25.0,0.0,1.0,134.0,0.0,11,1,1,0,0,0,0,76.3692,57.25,96.85,1.0,90.0,2.0,329.0
418,12,25.0,0.0,0.0,134.0,0.0,13,0,0,0,0,0,0,75.9615,56.75,96.5,0.0,90.0,0.0,329.0
419,13,26.0,1.0,0.0,134.0,0.0,12,0,1,0,0,0,0,75.5808,56.25,96.15,0.0,90.0,1.0,330.0
420,13,26.0,0.0,0.0,134.0,0.0,13,0,0,0,0,0,0,75.15,55.75,95.8,0.0,90.0,0.0,330.0
421,13,26.0,0.0,0.0,134.0,0.0,13,0,0,0,0,0,0,74.7192,55.25,95.45,0.0,90.0,0.0,330.0
422,13,25.0,0.0,1.0,135.0,0.0,11,1,1,0,0,0,0,74.3038,54.75,95.1,0.0,90.0,1.0,331.0
423,12,25.0,0.0,0.0,135.0,0.0,11,0,2,0,0,0,0,73.9769,54.75,94.75,1.0,91.0,3.0,334.0
424,12,24.0,0.0,1.0,136.0,0.0,12,1,0,0,0,0,0,73.5462,54.25,94.4,0.0,91.0,0.0,334.0
425,12,25.0,1.0,0.0,136.0,0.0,11,0,2,0,0,0,0,73.2038,54.25,94.05,0.0,91.0,2.0,336.0
426,12,24.0,0.0,1.0,137.0,0.0,12,1,0,0,0,0,0,72.7731,53.75,93.7,0.0,91.0,0.0,336.0
427,13,26.0,2.0,0.0,137.0,0.0,13,0,0,0,0,0,0,72.3538,53.25,93.35,0.0,91.0,0.0,336.0
428,13,26.0,0.0,0.0,137.0,0.0,12,0,1,0,0,0,0,71.9731,52.75,93.0,0.0,91.0,1.0,337.0
429,14,26.0,1.0,1.0,138.0,0.0,12,1,0,0,0,0,0,71.5538,52.25,92.65,0.0,91.0,0.0,337.0
430,13,26.0,0.0,0.0,138.0,0.0,11,0,2,0,0,0,0,71.2115,51.9,92.3,0.0,91.0,2.0,339.0
431,13,26.0,0.0,0.0,138.0,0.0,12,0,1,0,0,0,0,70.8692,51.55,91.95,1.0,92.0,2.0,341.0
432,13,24.0,0.0,2.0,140.0,0.0,10,2,1,0,0,0,0,70.4538,51.55,91.6,0.0,92.0,1.0,342.0
433,11,23.0,0.0,1.0,141.0,0.0,12,1,0,0,0,0,0,70.0346,51.2,91.25,0.0,92.0,0.0,342.0
434,10,23.0,0.0,0.0,141.0,0.0,12,0,1,0,0,0,0,69.6538,50.85,91.25,0.0,92.0,1.0,343.0
435,12,25.0,2.0,0.0,141.0,0.0,11,0,2,0,0,0,0,69.3,50.5,90.9,0.0,92.0,2.0,345.0
436,12,25.0,0.0,0.0,141.0,0.0,13,0,0,0,0,0,0,68.8923,50.15,90.55,0.0,92.0,0.0,345.0
437,12,23.0,0.0,2.0,143.0,0.0,11,2,0,0,0,0,0,68.4846,49.8,90.2,0.0,92.0,0.0,345.0
438,10,21.0,0.0,2.0,145.0,0.0,10,2,1,0,0,0,0,68.1269,49.8,89.85,0.0,92.0,1.0,346.0
439,9,22.0,1.0,0.0,145.0,0.0,12,0,1,0,0,0,0,67.7692,49.45,89.5,0.0,92.0,1.0,347.0
440,9,22.0,0.0,0.0,145.0,0.0,12,0,1,0,0,0,0,67.4115,49.1,89.5,0.0,92.0,1.0,348.0
441,9,22.0,0.0,0.0,145.0,0.0,11,0,2,0,0,0,0,67.0577,48.75,89.0,0.0,92.0,2.0,350.0
442,9,22.0,0.0,0.0,145.0,0.0,11,0,2,0,0,0,0,66.7423,48.4,88.5,1.0,93.0,3.0,353.0
443,11,24.0,2.0,0.0,145.0,0.0,12,0,1,0,0,0,0,66.3615,48.05,88.0,0.0,93.0,1.0,354.0
444,11,24.0,0.0,0.0,145.0,0.0,11,0,2,0,0,0,0,66.0192,47.7,87.5,0.0,93.0,2.0,356.0
445,12,25.0,1.0,0.0,145.0,0.0,12,0,1,0,0,0,0,65.6769,47.35,87.0,1.0,94.0,2.0,358.0
446,12,25.0,0.0,0.0,145.0,0.0,13,0,0,0,0,0,0,65.2462,46.85,86.5,0.0,94.0,0.0,358.0
447,12,25.0,0.0,0.0,145.0,0.0,12,0,1,0,0,0,0,64.8308,46.35,86.0,0.0,94.0,1.0,359.0
448,12,23.0,0.0,2.0,147.0,0.0,11,2,0,0,0,0,0,64.3769,45.85,85.5,0.0,94.0,0.0,359.0
449,10,22.0,0.0,1.0,148.0,0.0,11,1,1,0,0,0,0,63.9846,45.5,85.0,0.0,94.0,1.0,360.0
450,9,22.0,0.0,0.0,148.0,0.0,13,0,0,0,0,0,0,63.5654,45.15,84.65,0.0,94.0,0.0,360.0
451,11,23.0,2.0,1.0,149.0,0.0,12,1,0,0,0,0,0,63.1346,44.8,84.3,0.0,94.0,0.0,360.0
452,10,22.0,0.0,1.0,150.0,0.0,12,1,0,0,0,0,0,62.7038,44.45,83.95,0.0,94.0,0.0,360.0
453,9,22.0,0.0,0.0,150.0,0.0,13,0,0,0,0,0,0,62.2846,44.1,83.6,0.0,94.0,0.0,360.0
454,9,22.0,0.0,0.0,150.0,0.0,13,0,0,0,0,0,0,61.8654,43.75,83.25,0.0,94.0,0.0,360.0
455,10,22.0,1.0,1.0,151.0,0.0,10,1,2,0,0,0,0,61.5,43.4,82.9,0.0,94.0,2.0,362.0
456,9,22.0,0.0,0.0,151.0,0.0,12,0,1,0,0,0,0,61.1462,43.05,82.55,1.0,95.0,2.0,364.0
457,10,21.0,1.0,2.0,153.0,0.0,11,2,0,0,0,0,0,60.7154,42.7,82.2,0.0,95.0,0.0,364.0
458,8,21.0,0.0,0.0,153.0,0.0,13,0,0,0,0,0,0,60.3077,42.35,81.85,0.0,95.0,0.0,364.0
459,9,21.0,1.0,1.0,154.0,0.0,12,1,0,0,0,0,0,59.9,42.0,81.5,0.0,95.0,0.0,364.0
460,8,21.0,0.0,0.0,154.0,0.0,13,0,0,0,0,0,0,59.5038,41.65,81.15,0.0,95.0,0.0,364.0
461,8,21.0,0.0,0.0,154.0,0.0,13,0,0,0,0,0,0,59.1077,41.3,80.8,0.0,95.0,0.0,364.0
462,8,21.0,0.0,0.0,154.0,0.0,13,0,0,0,0,0,0,58.6885,40.95,80.45,0.0,95.0,0.0,364.0
463,9,22.0,1.0,0.0,154.0,0.0,13,0,0,0,0,0,0,58.2692,40.6,80.1,0.0,95.0,0.0,364.0
464,9,20.0,0.0,2.0,156.0,0.0,10,2,1,0,0,0,0,57.8769,40.25,79.75,0.0,95.0,1.0,365.0
465,8,20.0,1.0,1.0,157.0,0.0,12,1,0,0,0,0,0,57.4808,39.9,79.4,0.0,95.0,0.0,365.0
466,7,20.0,0.0,0.0,157.0,0.0,13,0,0,0,0,0,0,57.0731,39.4,79.05,0.0,95.0,0.0,365.0
467,8,21.0,1.0,0.0,157.0,0.0,13,0,0,0,0,0,0,56.6654,38.9,78.7,0.0,95.0,0.0,365.0
468,8,20.0,0.0,1.0,158.0,0.0,10,1,2,0,0,0,0,56.3231,38.4,78.35,0.0,95.0,2.0,367.0
469,7,20.0,0.0,0.0,158.0,0.0,12,0,1,0,0,0,0,55.9808,37.9,77.85,1.0,96.0,2.0,369.0
470,7,20.0,0.0,0.0,158.0,0.0,13,0,0,0,0,0,0,55.5731,37.4,77.35,0.0,96.0,0.0,369.0
471,8,21.0,1.0,0.0,158.0,0.0,11,0,2,0,0,0,0,55.2308,36.9,77.35,0.0,96.0,2.0,371.0
472,8,21.0,0.0,0.0,158.0,0.0,12,0,1,0,0,0,0,54.8769,36.4,77.35,1.0,97.0,2.0,373.0
473,8,21.0,0.0,0.0,158.0,0.0,13,0,0,0,0,0,0,54.4462,35.9,76.85,0.0,97.0,0.0,373.0
474,8,21.0,0.0,0.0,158.0,0.0,11,0,2,0,0,0,0,54.0923,35.4,76.35,0.0,97.0,2.0,375.0
475,11,24.0,3.0,0.0,158.0,0.0,12,0,1,0,0,0,0,53.7385,34.9,75.85,1.0,98.0,2.0,377.0
476,11,23.0,0.0,1.0,159.0,0.0,12,1,0,0,0,0,0,53.3077,34.4,75.35,0.0,98.0,0.0,377.0
477,10,23.0,0.0,0.0,159.0,0.0,13,0,0,0,0,0,0,52.8885,33.9,75.0,0.0,98.0,0.0,377.0
478,10,23.0,0.0,0.0,159.0,0.0,8,0,5,0,0,0,0,52.6269,33.4,74.65,0.0,98.0,5.0,382.0
479,10,22.0,0.0,1.0,160.0,0.0,9,1,3,0,0,0,0,52.3923,32.9,74.3,3.0,101.0,6.0,388.0
480,9,21.0,0.0,1.0,161.0,0.0,12,1,0,0,0,0,0,51.9731,32.4,73.95,0.0,101.0,0.0,388.0
481,8,21.0,0.0,0.0,161.0,0.0,12,0,1,0,0,0,0,51.5808,31.9,73.6,0.0,101.0,1.0,389.0
482,8,21.0,0.0,0.0,161.0,0.0,12,0,1,0,0,0,0,51.2,31.4,73.25,0.0,101.0,1.0,390.0
483,9,22.0,1.0,0.0,161.0,0.0,13,0,0,0,0,0,0,50.7692,30.9,72.9,0.0,101.0,0.0,390.0
484,9,21.0,0.0,1.0,162.0,0.0,12,1,0,0,0,0,0,50.3385,30.4,72.55,0.0,101.0,0.0,390.0
485,10,22.0,2.0,1.0,163.0,0.0,10,1,2,0,0,0,0,49.9846,29.9,72.2,0.0,101.0,2.0,392.0
486,9,22.0,0.0,0.0,163.0,0.0,12,0,1,0,0,0,0,49.6423,29.55,71.85,1.0,102.0,2.0,394.0
487,10,22.0,1.0,1.0,164.0,0.0,12,1,0,0,0,0,0,49.2346,29.2,71.5,0.0,102.0,0.0,394.0
488,9,22.0,0.0,0.0,164.0,0.0,13,0,0,0,0,0,0,48.8769,28.85,71.15,0.0,102.0,0.0,394.0
489,9,22.0,0.0,0.0,164.0,0.0,11,0,2,0,0,0,0,48.5731,28.5,71.15,0.0,102.0,2.0,396.0
490,9,22.0,0.0,0.0,164.0,0.0,12,0,1,0,0,0,0,48.2308,28.15,71.15,1.0,103.0,2.0,398.0
491,10,23.0,1.0,0.0,164.0,0.0,10,0,3,0,0,0,0,47.9154,28.15,70.8,0.0,103.0,3.0,401.0
492,10,23.0,0.0,0.0,164.0,0.0,12,0,1,0,0,0,0,47.5346,27.8,70.45,0.0,103.0,1.0,402.0
493,10,22.0,0.0,1.0,165.0,0.0,12,1,0,0,0,0,0,47.1538,27.45,70.1,1.0,104.0,1.0,403.0
494,9,22.0,0.0,0.0,165.0,0.0,12,0,1,0,0,0,0,46.7846,27.1,69.75,0.0,104.0,1.0,404.0
495,10,23.0,1.0,0.0,165.0,0.0,12,0,1,0,0,0,0,46.4308,26.75,69.4,1.0,105.0,2.0,406.0
496,10,22.0,0.0,1.0,166.0,0.0,12,1,0,0,0,0,0,46.0115,26.4,69.05,0.0,105.0,0.0,406.0
497,9,22.0,0.0,0.0,166.0,0.0,13,0,0,0,0,0,0,45.6038,26.05,68.7,0.0,105.0,0.0,406.0
498,9,21.0,0.0,1.0,167.0,0.0,12,1,0,0,0,0,0,45.1846,25.7,68.2,0.0,105.0,0.0,406.0
499,11,23.0,3.0,1.0,168.0,0.0,12,1,0,0,0,0,0,44.7654,25.35,67.7,0.0,105.0,0.0,406.0
500,10,22.0,0.0,1.0,169.0,0.0,12,1,0,0,0,0,0,44.3577,25.0,67.2,0.0,105.0,0.0,406.0
501,9,22.0,0.0,0.0,169.0,0.0,11,0,2,0,0,0,0,44.0269,24.65,66.85,0.0,105.0,2.0,408.0
502,9,22.0,0.0,0.0,169.0,0.0,12,0,1,0,0,0,0,43.6846,24.3,66.5,1.0,106.0,2.0,410.0
503,9,22.0,0.0,0.0,169.0,0.0,13,0,0,0,0,0,0,43.2769,23.95,66.15,0.0,106.0,0.0,410.0
504,9,20.0,0.0,2.0,171.0,0.0,10,2,1,0,0,0,0,42.9346,23.6,65.8,0.0,106.0,1.0,411.0
505,8,21.0,1.0,0.0,171.0,0.0,13,0,0,0,0,0,0,42.5654,23.25,65.45,1.0,107.0,1.0,412.0
506,8,21.0,0.0,0.0,171.0,0.0,13,0,0,0,0,0,0,42.1692,22.9,65.1,0.0,107.0,0.0,412.0
507,9,21.0,1.0,1.0,172.0,0.0,12,1,0,0,0,0,0,41.7615,22.55,64.75,0.0,107.0,0.0,412.0
508,8,21.0,0.0,0.0,172.0,0.0,13,0,0,0,0,0,0,41.3654,22.2,64.4,0.0,107.0,0.0,412.0
509,8,20.0,0.0,1.0,173.0,0.0,12,1,0,0,0,0,0,40.9692,21.85,64.05,0.0,107.0,0.0,412.0
510,7,20.0,0.0,0.0,173.0,0.0,11,0,2,0,0,0,0,40.65,21.85,63.7,0.0,107.0,2.0,414.0
511,8,21.0,1.0,0.0,173.0,0.0,12,0,1,0,0,0,0,40.3192,21.35,63.35,1.0,108.0,2.0,416.0
512,8,21.0,0.0,0.0,173.0,0.0,11,0,2,0,0,0,0,39.9654,20.85,63.0,0.0,108.0,2.0,418.0
513,9,22.0,1.0,0.0,173.0,0.0,12,0,1,0,0,0,0,39.6,20.35,62.65,1.0,109.0,2.0,420.0
514,9,22.0,0.0,0.0,173.0,0.0,13,0,0,0,0,0,0,39.1808,19.85,62.3,0.0,109.0,0.0,420.0
515,11,22.0,2.0,2.0,175.0,0.0,11,2,0,0,0,0,0,38.7615,19.35,61.95,0.0,109.0,0.0,420.0
516,9,22.0,0.0,0.0,175.0,0.0,13,0,0,0,0,0,0,38.3654,19.0,61.6,0.0,109.0,0.0,420.0
517,9,22.0,0.0,0.0,175.0,0.0,11,0,2,0,0,0,0,38.0115,18.65,61.25,0.0,109.0,2.0,422.0
518,9,22.0,0.0,0.0,175.0,0.0,13,0,0,0,0,0,0,37.6038,18.3,60.9,0.0,109.0,0.0,422.0
519,9,22.0,0.0,0.0,175.0,0.0,13,0,0,0,0,0,0,37.1846,17.85,60.55,0.0,109.0,0.0,422.0
520,9,20.0,0.0,2.0,177.0,0.0,11,2,0,0,0,0,0,36.7654,17.35,60.2,0.0,109.0,0.0,422.0
521,7,20.0,0.0,0.0,177.0,0.0,13,0,0,0,0,0,0,36.3577,17.0,59.85,0.0,109.0,0.0,422.0
522,7,20.0,0.0,0.0,177.0,0.0,12,0,1,0,0,0,0,35.9538,16.65,59.5,0.0,109.0,1.0,423.0
523,9,22.0,2.0,0.0,177.0,0.0,13,0,0,0,0,0,0,35.5231,16.25,59.15,0.0,109.0,0.0,423.0
524,9,21.0,0.0,1.0,178.0,0.0,12,1,0,0,0,0,0,35.0923,15.75,58.8,0.0,109.0,0.0,423.0
525,9,21.0,1.0,1.0,179.0,0.0,12,1,0,0,0,0,0,34.6731,15.25,58.45,0.0,109.0,0.0,423.0
526,8,21.0,0.0,0.0,179.0,0.0,11,0,1,0,1,0,0,34.2923,14.75,58.1,0.0,109.0,1.0,424.0
527,9,21.0,1.0,1.0,180.0,0.0,9,1,1,0,2,0,0,33.9115,14.4,57.6,0.0,109.0,1.0,425.0
528,8,21.0,0.0,0.0,180.0,0.0,9,0,2,0,2,0,0,33.5692,14.05,57.1,0.0,109.0,2.0,427.0
529,8,21.0,0.0,0.0,180.0,0.0,10,0,1,0,2,0,0,33.2154,13.7,56.6,1.0,110.0,2.0,429.0
530,8,20.0,0.0,1.0,181.0,0.0,8,1,2,0,2,0,0,32.8615,13.35,56.6,0.0,110.0,2.0,431.0
531,9,21.0,1.0,0.0,181.0,0.0,10,0,1,0,2,0,0,32.5192,13.0,56.6,1.0,111.0,2.0,433.0
532,9,21.0,0.0,0.0,181.0,0.0,11,0,1,0,1,0,0,32.1385,12.65,56.1,0.0,111.0,1.0,434.0
533,9,20.0,0.0,1.0,182.0,0.0,8,1,3,0,1,0,0,31.8346,12.3,55.6,0.0,111.0,3.0,437.0
534,9,20.0,0.0,0.0,182.0,0.0,11,0,1,0,1,0,0,31.4923,11.95,55.1,1.0,112.0,2.0,439.0
535,11,22.0,2.0,0.0,182.0,0.0,11,0,0,0,2,0,0,31.0731,11.6,54.6,0.0,112.0,0.0,439.0
536,11,21.0,0.0,1.0,183.0,0.0,8,1,2,0,2,0,0,30.7192,11.25,54.1,0.0,112.0,2.0,441.0
537,10,21.0,0.0,0.0,183.0,0.0,10,0,1,0,2,0,0,30.3654,10.9,53.6,1.0,113.0,2.0,443.0
538,10,21.0,0.0,0.0,183.0,0.0,10,0,0,0,3,0,0,29.9462,10.55,53.1,0.0,113.0,0.0,443.0
539,11,22.0,1.0,0.0,183.0,0.0,7,0,3,0,3,0,0,29.6308,10.2,52.6,0.0,113.0,3.0,446.0
540,11,22.0,0.0,0.0,183.0,0.0,9,0,1,1,2,0,0,29.2654,9.85,52.1,1.0,114.0,2.0,448.0
541,12,22.0,1.0,1.0,184.0,0.0,9,1,0,1,2,0,0,29.555,11.05,51.6,0.0,114.0,0.0,448.0
542,11,21.0,0.0,1.0,185.0,0.0,6,1,2,1,3,0,0,29.9331,10.7,51.1,0.0,114.0,2.0,450.0
543,11,20.0,0.0,1.0,186.0,0.0,8,1,1,1,2,0,0,30.3112,10.7,50.6,1.0,115.0,2.0,452.0
544,10,20.0,0.0,0.0,186.0,0.0,9,0,0,1,3,0,0,30.6354,10.35,50.1,0.0,115.0,0.0,452.0
545,11,20.0,1.0,1.0,187.0,0.0,8,1,0,1,3,0,0,30.9596,10.0,54.925,0.0,115.0,0.0,452.0
546,10,19.0,0.0,1.0,188.0,0.0,8,1,0,1,3,0,0,31.2838,9.65,63.94,0.0,115.0,0.0,452.0
547,11,21.0,2.0,0.0,188.0,0.0,9,0,0,1,3,0,0,31.6196,9.3,72.955,0.0,115.0,0.0,452.0
548,11,21.0,0.0,0.0,188.0,0.0,9,0,0,1,3,0,0,31.9554,8.95,81.97,0.0,115.0,0.0,452.0
549,11,20.0,0.0,1.0,189.0,0.0,7,1,2,1,2,0,0,32.345,8.6,90.985,0.0,115.0,2.0,454.0
550,10,20.0,0.0,0.0,189.0,0.0,9,0,2,0,2,0,0,32.7346,8.25,99.65,1.0,116.0,3.0,457.0
551,10,19.0,0.0,1.0,190.0,0.0,9,1,0,0,3,0,0,32.35,7.9,99.3,0.0,116.0,0.0,457.0
552,9,18.0,0.0,1.0,191.0,0.0,8,1,1,0,3,0,0,32.0038,7.55,98.95,0.0,116.0,1.0,458.0
553,8,18.0,0.0,0.0,191.0,0.0,10,0,0,0,3,0,0,31.6308,7.2,98.6,0.0,116.0,0.0,458.0
554,8,18.0,0.0,0.0,191.0,0.0,10,0,0,0,3,0,0,31.2577,6.85,98.25,0.0,116.0,0.0,458.0
555,11,21.0,3.0,0.0,191.0,0.0,9,0,1,0,3,0,0,30.9231,6.5,97.9,0.0,116.0,1.0,459.0
556,11,21.0,0.0,0.0,191.0,0.0,9,0,1,0,3,0,0,30.5769,6.15,97.55,0.0,116.0,1.0,460.0
557,11,21.0,0.0,0.0,191.0,0.0,9,0,2,0,2,0,0,30.2577,5.8,97.2,0.0,116.0,2.0,462.0
558,11,20.0,0.0,1.0,192.0,0.0,9,1,1,0,2,0,0,29.9269,5.45,96.85,1.0,117.0,2.0,464.0
559,11,21.0,1.0,0.0,192.0,0.0,10,0,0,0,3,0,0,29.5538,5.1,96.5,0.0,117.0,0.0,464.0
560,11,20.0,0.0,1.0,193.0,0.0,9,1,1,1,1,0,0,29.2077,4.75,96.15,0.0,117.0,1.0,465.0
561,10,20.0,0.0,0.0,193.0,0.0,10,0,0,1,2,0,0,29.6058,8.25,95.8,0.0,117.0,0.0,465.0
562,10,20.0,0.0,0.0,193.0,0.0,10,0,0,1,2,0,0,30.0038,7.9,95.45,0.0,117.0,0.0,465.0
563,11,21.0,1.0,0.0,193.0,0.0,10,0,0,1,2,0,0,30.3904,7.55,95.1,0.0,117.0,0.0,465.0
564,11,21.0,0.0,0.0,193.0,0.0,9,0,1,2,1,0,0,30.7923,7.2,95.1,0.0,117.0,1.0,466.0
565,12,21.0,1.0,1.0,194.0,0.0,9,1,0,2,1,0,0,31.9081,7.2,94.75,0.0,117.0,0.0,466.0
566,11,20.0,0.0,1.0,195.0,0.0,8,1,1,2,1,0,0,33.0623,6.85,94.4,0.0,117.0,1.0,467.0
567,10,20.0,0.0,0.0,195.0,0.0,8,0,2,2,1,0,0,34.2665,6.5,94.05,0.0,117.0,2.0,469.0
568,10,20.0,0.0,0.0,195.0,0.0,9,0,1,2,1,0,0,35.4592,6.15,93.7,1.0,118.0,2.0,471.0
569,11,21.0,1.0,0.0,195.0,0.0,10,0,0,2,1,0,0,36.5865,5.8,93.35,0.0,118.0,0.0,471.0
570,10,20.0,0.0,1.0,196.0,0.0,10,1,0,1,1,0,0,37.6754,5.45,99.65,0.0,118.0,0.0,471.0
571,11,22.0,2.0,0.0,196.0,0.0,11,0,0,1,1,0,0,38.0315,5.1,99.3,0.0,118.0,0.0,471.0
572,11,22.0,0.0,0.0,196.0,0.0,10,0,1,1,1,0,0,38.4146,4.75,98.95,0.0,118.0,1.0,472.0
573,11,22.0,0.0,0.0,196.0,0.0,9,0,1,1,2,0,0,38.8362,4.4,98.6,1.0,119.0,2.0,474.0
574,11,22.0,0.0,0.0,196.0,0.0,11,0,0,0,2,0,0,39.2038,4.05,99.65,1.0,120.0,1.0,475.0
575,12,23.0,1.0,0.0,196.0,0.0,10,0,1,1,1,0,0,38.8462,3.7,99.65,0.0,120.0,1.0,476.0
576,12,23.0,0.0,0.0,196.0,0.0,9,0,1,1,2,0,0,39.2562,13.33,99.3,0.0,120.0,1.0,477.0
577,12,23.0,0.0,0.0,196.0,0.0,10,0,0,1,2,0,0,39.6508,13.4,98.95,0.0,120.0,0.0,477.0
578,12,22.0,0.0,1.0,197.0,0.0,7,1,1,1,3,0,0,40.0608,13.05,98.6,0.0,120.0,1.0,478.0
579,13,23.0,1.0,0.0,197.0,0.0,9,0,0,1,3,0,0,40.4438,12.7,98.25,0.0,120.0,0.0,478.0
580,13,23.0,0.0,0.0,197.0,0.0,8,0,1,1,3,0,0,40.8308,12.35,97.9,0.0,120.0,1.0,479.0
581,13,23.0,0.0,0.0,197.0,0.0,8,0,2,1,2,0,0,41.2446,12.0,97.55,0.0,120.0,2.0,481.0
582,13,23.0,0.0,0.0,197.0,0.0,7,0,2,1,3,0,0,41.6969,11.65,97.2,1.0,121.0,3.0,484.0
583,15,25.0,2.0,0.0,197.0,0.0,9,0,0,1,3,0,0,42.0569,11.3,96.85,0.0,121.0,0.0,484.0
584,15,25.0,0.0,0.0,197.0,0.0,9,0,0,1,3,0,0,42.4054,10.95,96.5,0.0,121.0,0.0,484.0
585,15,25.0,1.0,1.0,198.0,0.0,9,1,0,0,3,0,0,42.7154,10.6,99.65,0.0,121.0,0.0,484.0
586,14,23.0,0.0,2.0,200.0,0.0,7,2,1,0,3,0,0,42.3346,10.25,99.3,0.0,121.0,1.0,485.0
587,14,24.0,1.0,0.0,200.0,0.0,10,0,0,0,3,0,0,41.9385,9.9,98.95,0.0,121.0,0.0,485.0
588,14,23.0,0.0,1.0,201.0,0.0,9,1,0,0,3,0,0,41.5423,9.55,98.6,0.0,121.0,0.0,485.0
589,13,23.0,0.0,0.0,201.0,0.0,9,0,1,0,3,0,0,41.1731,9.2,98.25,0.0,121.0,1.0,486.0
590,13,23.0,0.0,0.0,201.0,0.0,6,0,3,1,3,0,0,40.8808,8.85,97.9,0.0,121.0,3.0,489.0
591,13,23.0,0.0,0.0,201.0,0.0,8,0,1,1,3,0,0,41.3281,9.3,97.55,2.0,123.0,3.0,492.0
592,13,22.0,0.0,1.0,202.0,0.0,8,1,0,2,2,0,0,41.6715,8.95,97.2,0.0,123.0,0.0,492.0
593,13,21.0,0.0,1.0,203.0,0.0,7,1,1,2,2,0,0,42.8192,10.35,96.85,0.0,123.0,1.0,493.0
594,12,21.0,0.0,0.0,203.0,0.0,8,0,1,2,2,0,0,43.9669,10.0,96.5,1.0,124.0,2.0,495.0
595,15,24.0,3.0,0.0,203.0,0.0,7,0,1,2,2,1,0,45.0877,9.65,96.15,0.0,124.0,1.0,496.0
596,15,24.0,0.0,0.0,203.0,0.0,8,0,0,2,2,1,0,46.2085,9.3,95.8,0.0,124.0,0.0,496.0
597,16,25.0,1.0,0.0,203.0,0.0,8,0,0,2,2,1,0,47.3292,8.95,95.45,0.0,124.0,0.0,496.0
598,16,25.0,0.0,0.0,203.0,0.0,8,0,0,2,2,1,0,48.4385,8.6,95.1,0.0,124.0,0.0,496.0
599,16,25.0,0.0,0.0,203.0,0.0,6,0,1,2,2,2,0,49.5631,8.25,94.6,0.0,124.0,1.0,497.0
600,15,25.0,0.0,0.0,203.0,0.0,6,0,3,1,2,1,0,50.7146,8.25,99.65,0.0,124.0,3.0,500.0
601,15,24.0,0.0,1.0,204.0,0.0,5,1,2,1,3,1,0,51.1919,8.25,99.3,2.0,126.0,4.0,504.0
602,14,24.0,0.0,0.0,204.0,0.0,9,0,0,0,4,0,0,51.5077,7.9,99.65,0.0,126.0,0.0,504.0
603,15,25.0,1.0,0.0,204.0,0.0,9,0,0,0,4,0,0,51.1115,7.55,99.3,0.0,126.0,0.0,504.0
604,15,25.0,0.0,0.0,204.0,0.0,9,0,0,0,4,0,0,50.7154,7.2,98.95,0.0,126.0,0.0,504.0
605,16,25.0,1.0,1.0,205.0,0.0,8,1,0,0,4,0,0,50.3192,6.85,98.6,0.0,126.0,0.0,504.0
606,15,25.0,0.0,0.0,205.0,0.0,9,0,0,0,4,0,0,49.9346,6.5,98.25,0.0,126.0,0.0,504.0
607,16,26.0,1.0,0.0,205.0,0.0,9,0,0,0,4,0,0,49.55,6.15,97.9,0.0,126.0,0.0,504.0
608,16,26.0,0.0,0.0,205.0,0.0,8,0,1,0,4,0,0,49.2038,5.8,97.55,0.0,126.0,1.0,505.0
609,16,24.0,0.0,2.0,207.0,0.0,7,2,0,0,4,0,0,48.8192,5.45,97.2,0.0,126.0,0.0,505.0
610,14,24.0,0.0,0.0,207.0,0.0,8,0,0,0,4,1,0,48.4577,5.1,96.85,0.0,126.0,0.0,505.0
611,16,26.0,2.0,0.0,207.0,0.0,7,0,1,0,4,1,0,48.15,4.75,96.5,0.0,126.0,1.0,506.0
612,16,26.0,0.0,0.0,207.0,0.0,7,0,1,0,4,1,0,47.8423,4.4,96.15,0.0,126.0,1.0,507.0
613,16,26.0,0.0,0.0,207.0,0.0,7,0,1,0,4,1,0,47.55,4.05,96.15,1.0,127.0,2.0,509.0
614,16,26.0,0.0,0.0,207.0,0.0,8,0,0,0,4,1,0,47.1923,3.7,95.8,0.0,127.0,0.0,509.0
615,17,25.0,1.0,2.0,209.0,0.0,5,2,1,1,3,1,0,46.8615,3.35,95.45,0.0,127.0,1.0,510.0
616,16,25.0,0.0,0.0,209.0,0.0,6,0,1,1,3,2,0,47.3331,3.0,94.95,1.0,128.0,2.0,512.0
617,16,25.0,0.0,0.0,209.0,0.0,6,0,1,1,3,2,0,47.7662,2.65,94.45,0.0,128.0,1.0,513.0
618,16,25.0,0.0,0.0,209.0,0.0,6,0,1,2,2,2,0,48.2377,2.3,93.95,1.0,129.0,2.0,515.0
619,18,27.0,2.0,0.0,209.0,0.0,7,0,0,3,1,2,0,49.4108,4.4,93.45,0.0,129.0,0.0,515.0
620,18,27.0,0.0,0.0,209.0,0.0,6,0,2,3,0,2,0,51.4115,8.45,92.95,0.0,129.0,2.0,517.0
621,18,26.0,0.0,1.0,210.0,0.0,5,1,2,3,0,2,0,53.4508,8.45,92.95,1.0,130.0,3.0,520.0
622,17,26.0,0.0,0.0,210.0,0.0,7,0,1,3,0,2,0,55.4515,8.45,92.95,1.0,131.0,2.0,522.0
623,17,26.0,0.0,0.0,210.0,0.0,7,0,0,3,1,2,0,57.3869,8.1,92.45,0.0,131.0,0.0,522.0
624,17,26.0,0.0,0.0,210.0,0.0,7,0,0,3,1,2,0,59.3108,7.75,91.95,0.0,131.0,0.0,522.0
625,19,28.0,2.0,0.0,210.0,0.0,7,0,1,2,2,1,0,61.2077,7.4,99.65,0.0,131.0,1.0,523.0
626,19,28.0,0.0,0.0,210.0,0.0,8,0,0,2,2,1,0,62.3562,7.05,99.3,0.0,131.0,0.0,523.0
627,20,29.0,1.0,0.0,210.0,0.0,8,0,0,2,2,1,0,63.5046,6.7,98.95,0.0,131.0,0.0,523.0
628,19,28.0,0.0,1.0,211.0,0.0,8,1,1,1,2,0,0,64.6262,6.35,99.65,0.0,131.0,1.0,524.0
629,18,27.0,0.0,1.0,212.0,0.0,9,1,0,0,3,0,0,64.9538,6.0,99.65,0.0,131.0,0.0,524.0
630,17,27.0,0.0,0.0,212.0,0.0,9,0,1,0,3,0,0,64.5962,5.65,99.3,0.0,131.0,1.0,525.0
631,18,28.0,1.0,0.0,212.0,0.0,10,0,0,0,3,0,0,64.1885,5.3,98.95,0.0,131.0,0.0,525.0
632,18,27.0,0.0,1.0,213.0,0.0,9,1,0,0,3,0,0,63.7808,4.95,98.6,0.0,131.0,0.0,525.0
633,17,25.0,0.0,2.0,215.0,0.0,8,2,0,0,3,0,0,63.3846,4.6,98.25,0.0,131.0,0.0,525.0
634,15,25.0,0.0,0.0,215.0,0.0,10,0,0,0,3,0,0,63.0115,4.25,97.9,0.0,131.0,0.0,525.0
635,17,27.0,2.0,0.0,215.0,0.0,8,0,2,0,3,0,0,62.6923,3.9,97.55,0.0,131.0,2.0,527.0
636,17,27.0,0.0,0.0,215.0,0.0,9,0,1,0,3,0,0,62.3731,3.55,97.2,1.0,132.0,2.0,529.0
637,17,27.0,0.0,0.0,215.0,0.0,10,0,0,1,2,0,0,61.9885,3.2,96.85,0.0,132.0,0.0,529.0
638,17,26.0,0.0,1.0,216.0,0.0,8,1,1,1,2,0,0,62.4023,10.25,96.5,0.0,132.0,1.0,530.0
639,17,27.0,1.0,0.0,216.0,0.0,10,0,0,1,2,0,0,62.7892,9.9,96.15,0.0,132.0,0.0,530.0
640,17,26.0,0.0,1.0,217.0,0.0,9,1,1,1,1,0,0,63.1915,9.9,95.8,0.0,132.0,1.0,531.0
641,16,26.0,0.0,0.0,217.0,0.0,10,0,0,1,2,0,0,63.5785,9.55,95.45,0.0,132.0,0.0,531.0
642,16,26.0,0.0,0.0,217.0,0.0,10,0,0,1,2,0,0,63.9538,9.2,95.1,0.0,132.0,0.0,531.0
643,18,28.0,2.0,0.0,217.0,0.0,9,0,0,1,3,0,0,64.3177,8.85,94.75,0.0,132.0,0.0,531.0
644,18,27.0,0.0,1.0,218.0,0.0,8,1,0,1,3,0,0,64.6815,8.5,94.4,0.0,132.0,0.0,531.0
645,18,27.0,1.0,1.0,219.0,0.0,7,1,2,1,2,0,0,65.1108,8.15,94.4,0.0,132.0,2.0,533.0
646,18,26.0,0.0,1.0,220.0,0.0,8,1,1,1,2,0,0,65.5515,7.8,94.4,1.0,133.0,2.0,535.0
647,16,26.0,0.0,0.0,220.0,0.0,10,0,0,0,3,0,0,65.9231,7.45,99.65,0.0,133.0,0.0,535.0
648,16,26.0,0.0,0.0,220.0,0.0,10,0,1,0,2,0,0,65.5769,7.1,99.3,0.0,133.0,1.0,536.0
649,16,26.0,0.0,0.0,220.0,0.0,9,0,2,0,2,0,0,65.2577,6.75,98.95,0.0,133.0,2.0,538.0
650,16,25.0,0.0,1.0,221.0,0.0,9,1,1,0,2,0,0,64.9385,6.4,98.6,1.0,134.0,2.0,540.0
651,16,26.0,1.0,0.0,221.0,0.0,10,0,0,0,3,0,0,64.5654,6.05,98.25,0.0,134.0,0.0,540.0
652,16,26.0,0.0,0.0,221.0,0.0,10,0,0,0,3,0,0,64.1923,5.7,97.9,0.0,134.0,0.0,540.0
653,17,26.0,1.0,1.0,222.0,0.0,9,1,0,0,3,0,0,63.8192,5.35,97.55,0.0,134.0,0.0,540.0
654,16,26.0,0.0,0.0,222.0,0.0,8,0,2,1,2,0,0,63.5231,5.0,97.2,0.0,134.0,2.0,542.0
655,18,28.0,2.0,0.0,222.0,0.0,9,0,1,1,2,0,0,63.9846,6.75,96.85,1.0,135.0,2.0,544.0
656,18,28.0,0.0,0.0,222.0,0.0,9,0,1,1,2,0,0,64.4077,6.4,96.5,0.0,135.0,1.0,545.0
657,18,28.0,0.0,0.0,222.0,0.0,10,0,0,1,2,0,0,64.8038,6.05,96.15,0.0,135.0,0.0,545.0
658,18,28.0,0.0,0.0,222.0,0.0,10,0,0,1,2,0,0,65.1769,5.7,95.8,0.0,135.0,0.0,545.0
659,19,29.0,1.0,0.0,222.0,0.0,10,0,0,1,2,0,0,65.55,5.35,95.45,0.0,135.0,0.0,545.0
660,19,28.0,0.0,1.0,223.0,0.0,7,1,2,1,2,0,0,65.9885,5.0,95.1,0.0,135.0,2.0,547.0
661,18,28.0,0.0,0.0,223.0,0.0,9,0,1,1,2,0,0,66.4385,4.65,94.75,1.0,136.0,2.0,549.0
662,18,28.0,0.0,0.0,223.0,0.0,8,0,2,1,2,0,0,66.8654,4.3,94.4,0.0,136.0,2.0,551.0
663,18,28.0,0.0,0.0,223.0,0.0,9,0,1,1,2,0,0,67.2808,3.95,94.05,1.0,137.0,2.0,553.0
664,17,28.0,0.0,0.0,223.0,0.0,10,0,1,0,2,0,0,67.6423,3.6,99.65,0.0,137.0,1.0,554.0
665,18,29.0,1.0,0.0,223.0,0.0,11,0,0,0,2,0,0,67.2115,3.25,99.3,0.0,137.0,0.0,554.0
666,18,29.0,0.0,0.0,223.0,0.0,11,0,0,0,2,0,0,66.7808,2.9,98.95,0.0,137.0,0.0,554.0
667,21,32.0,3.0,0.0,223.0,0.0,11,0,0,0,2,0,0,66.3385,2.55,98.6,0.0,137.0,0.0,554.0
668,21,32.0,0.0,0.0,223.0,0.0,11,0,0,0,2,0,0,65.8962,2.2,98.25,0.0,137.0,0.0,554.0
669,21,31.0,0.0,1.0,224.0,0.0,10,1,0,1,1,0,0,65.4538,1.85,97.9,0.0,137.0,0.0,554.0
670,20,31.0,0.0,0.0,224.0,0.0,11,0,0,1,1,0,0,65.7935,5.15,97.55,0.0,137.0,0.0,554.0
671,20,30.0,0.0,1.0,225.0,0.0,10,1,0,1,1,0,0,66.1331,4.8,97.2,0.0,137.0,0.0,554.0
672,19,28.0,0.0,2.0,227.0,0.0,9,2,0,1,1,0,0,66.4842,4.45,96.85,0.0,137.0,0.0,554.0
673,17,28.0,0.0,0.0,227.0,0.0,11,0,0,2,0,0,0,66.8469,4.1,96.5,0.0,137.0,0.0,554.0
674,17,28.0,0.0,0.0,227.0,0.0,11,0,0,2,0,0,0,67.9742,13.69,96.15,0.0,137.0,0.0,554.0
675,19,28.0,2.0,2.0,229.0,0.0,9,2,0,2,0,0,0,69.1015,23.28,95.8,0.0,137.0,0.0,554.0
676,17,27.0,0.0,1.0,230.0,0.0,10,1,0,2,0,0,0,70.2519,32.87,95.45,0.0,137.0,0.0,554.0
677,16,26.0,0.0,1.0,231.0,0.0,8,1,2,2,0,0,0,71.4677,42.46,95.1,0.0,137.0,2.0,556.0
678,15,26.0,0.0,0.0,231.0,0.0,9,0,2,2,0,0,0,72.7335,52.05,94.75,1.0,138.0,3.0,559.0
679,15,27.0,1.0,0.0,231.0,0.0,11,0,1,1,0,0,0,73.9454,55.9,99.65,1.0,139.0,2.0,561.0
680,15,27.0,0.0,0.0,231.0,0.0,11,0,1,1,0,0,0,74.3638,55.4,99.3,0.0,139.0,1.0,562.0
681,16,28.0,1.0,0.0,231.0,0.0,10,0,2,1,0,0,0,74.8092,54.9,98.95,0.0,139.0,2.0,564.0
682,16,28.0,0.0,0.0,231.0,0.0,11,0,1,1,0,0,0,75.2162,54.4,98.6,0.0,139.0,1.0,565.0
683,16,29.0,1.0,0.0,231.0,0.0,12,0,1,0,0,0,0,75.5962,53.9,99.65,0.0,139.0,1.0,566.0
684,16,28.0,0.0,1.0,232.0,0.0,12,1,0,0,0,0,0,75.2115,53.4,99.3,0.0,139.0,0.0,566.0
685,16,29.0,1.0,0.0,232.0,0.0,13,0,0,0,0,0,0,74.8385,53.05,98.95,0.0,139.0,0.0,566.0
686,16,29.0,0.0,0.0,232.0,0.0,13,0,0,0,0,0,0,74.4423,52.55,98.6,0.0,139.0,0.0,566.0
687,16,29.0,0.0,0.0,232.0,0.0,12,0,1,0,0,0,0,74.0731,52.05,98.25,0.0,139.0,1.0,567.0
688,16,27.0,0.0,2.0,234.0,0.0,11,2,0,0,0,0,0,73.6654,51.55,97.9,0.0,139.0,0.0,567.0
689,14,27.0,0.0,0.0,234.0,0.0,13,0,0,0,0,0,0,73.2808,51.05,97.55,0.0,139.0,0.0,567.0
690,14,27.0,0.0,0.0,234.0,0.0,13,0,0,0,0,0,0,72.8962,50.55,97.2,0.0,139.0,0.0,567.0
691,16,29.0,2.0,0.0,234.0,0.0,13,0,0,0,0,0,0,72.4885,50.05,96.85,0.0,139.0,0.0,567.0
692,16,29.0,0.0,0.0,234.0,0.0,13,0,0,0,0,0,0,72.0692,49.55,96.5,0.0,139.0,0.0,567.0
693,16,28.0,0.0,1.0,235.0,0.0,11,1,1,0,0,0,0,71.6769,49.05,96.15,0.0,139.0,1.0,568.0
694,15,28.0,0.0,0.0,235.0,0.0,13,0,0,0,0,0,0,71.2462,48.55,95.8,0.0,139.0,0.0,568.0
695,17,30.0,2.0,0.0,235.0,0.0,12,0,1,0,0,0,0,70.8423,48.05,95.8,0.0,139.0,1.0,569.0
696,17,30.0,0.0,0.0,235.0,0.0,13,0,0,0,0,0,0,70.4115,47.55,95.45,0.0,139.0,0.0,569.0
697,17,30.0,0.0,0.0,235.0,0.0,13,0,0,0,0,0,0,69.9808,47.05,95.1,0.0,139.0,0.0,569.0
698,17,29.0,0.0,1.0,236.0,0.0,12,1,0,0,0,0,0,69.5385,46.55,94.6,0.0,139.0,0.0,569.0
699,17,28.0,1.0,2.0,238.0,0.0,11,2,0,0,0,0,0,69.0962,46.05,94.1,0.0,139.0,0.0,569.0
700,15,26.0,0.0,2.0,240.0,0.0,11,2,0,0,0,0,0,68.6654,45.7,93.6,0.0,139.0,0.0,569.0
701,13,26.0,0.0,0.0,240.0,0.0,12,0,1,0,0,0,0,68.2962,45.35,93.25,0.0,139.0,1.0,570.0
702,13,26.0,0.0,0.0,240.0,0.0,10,0,3,0,0,0,0,68.0038,45.0,92.9,0.0,139.0,3.0,573.0
703,14,27.0,1.0,0.0,240.0,0.0,11,0,2,0,0,0,0,67.7385,44.65,92.55,2.0,141.0,4.0,577.0
704,14,27.0,0.0,0.0,240.0,0.0,11,0,2,0,0,0,0,67.3731,44.3,92.2,0.0,141.0,2.0,579.0
705,15,28.0,1.0,0.0,240.0,0.0,12,0,1,0,0,0,0,67.0077,43.95,91.85,1.0,142.0,2.0,581.0
706,15,27.0,0.0,1.0,241.0,0.0,12,1,0,0,0,0,0,66.5885,43.6,91.5,0.0,142.0,0.0,581.0
707,15,28.0,1.0,0.0,241.0,0.0,13,0,0,0,0,0,0,66.1692,43.25,91.15,0.0,142.0,0.0,581.0
708,15,28.0,0.0,0.0,241.0,0.0,12,0,1,0,0,0,0,65.7885,42.9,90.8,0.0,142.0,1.0,582.0
709,16,28.0,1.0,1.0,242.0,0.0,11,1,1,0,0,0,0,65.4077,42.55,90.45,0.0,142.0,1.0,583.0
710,15,28.0,0.0,0.0,242.0,0.0,11,0,2,0,0,0,0,65.0769,42.2,90.1,0.0,142.0,2.0,585.0
711,15,28.0,0.0,0.0,242.0,0.0,11,0,2,0,0,0,0,64.75,41.7,89.75,1.0,143.0,3.0,588.0
712,15,27.0,0.0,1.0,243.0,0.0,12,1,0,0,0,0,0,64.3462,41.2,89.4,1.0,144.0,1.0,589.0
713,14,27.0,0.0,0.0,243.0,0.0,13,0,0,0,0,0,0,63.9538,40.7,89.05,0.0,144.0,0.0,589.0
714,14,26.0,0.0,1.0,244.0,0.0,12,1,0,0,0,0,0,63.5231,40.2,88.7,0.0,144.0,0.0,589.0
715,16,29.0,3.0,0.0,244.0,0.0,13,0,0,0,0,0,0,63.1038,39.7,88.35,0.0,144.0,0.0,589.0
716,16,28.0,0.0,1.0,245.0,0.0,12,1,0,0,0,0,0,62.6731,39.2,88.0,0.0,144.0,0.0,589.0
717,15,27.0,0.0,1.0,246.0,0.0,10,1,2,0,0,0,0,62.3077,38.85,87.65,0.0,144.0,2.0,591.0
718,14,27.0,0.0,0.0,246.0,0.0,11,0,2,0,0,0,0,61.9923,38.5,87.3,1.0,145.0,3.0,594.0
719,14,27.0,0.0,0.0,246.0,0.0,12,0,1,0,0,0,0,61.6231,38.15,86.95,0.0,145.0,1.0,595.0
720,14,26.0,0.0,1.0,247.0,0.0,11,1,1,0,0,0,0,61.2923,37.8,86.6,1.0,146.0,2.0,597.0
721,13,26.0,0.0,0.0,247.0,0.0,13,0,0,0,0,0,0,60.8846,37.45,86.25,0.0,146.0,0.0,597.0
722,13,26.0,0.0,0.0,247.0,0.0,12,0,1,0,0,0,0,60.5154,37.1,85.9,0.0,146.0,1.0,598.0
723,15,27.0,2.0,1.0,248.0,0.0,12,1,0,0,0,0,0,60.0962,36.6,85.55,0.0,146.0,0.0,598.0
724,14,26.0,0.0,1.0,249.0,0.0,10,1,2,0,0,0,0,59.7423,36.1,85.2,0.0,146.0,2.0,600.0
725,14,26.0,1.0,1.0,250.0,0.0,11,1,1,0,0,0,0,59.3885,35.6,84.7,1.0,147.0,2.0,602.0
726,13,25.0,0.0,1.0,251.0,0.0,11,1,1,0,0,0,0,59.0077,35.1,84.2,0.0,147.0,1.0,603.0
727,13,26.0,1.0,0.0,251.0,0.0,13,0,0,0,0,0,0,58.5885,34.6,83.7,0.0,147.0,0.0,603.0
728,13,26.0,0.0,0.0,251.0,0.0,11,0,2,0,0,0,0,58.2346,34.6,83.2,0.0,147.0,2.0,605.0
729,13,25.0,0.0,1.0,252.0,0.0,11,1,1,0,0,0,0,57.8808,34.6,82.7,1.0,148.0,2.0,607.0
730,12,25.0,0.0,0.0,252.0,0.0,13,0,0,0,0,0,0,57.4731,34.1,82.2,0.0,148.0,0.0,607.0
731,13,25.0,1.0,1.0,253.0,0.0,12,1,0,0,0,0,0,57.0654,33.6,81.7,0.0,148.0,0.0,607.0
732,12,25.0,0.0,0.0,253.0,0.0,12,0,1,0,0,0,0,56.7077,33.25,81.2,0.0,148.0,1.0,608.0
733,12,25.0,0.0,0.0,253.0,0.0,11,0,2,0,0,0,0,56.3769,32.9,81.2,0.0,148.0,2.0,610.0
734,12,25.0,0.0,0.0,253.0,0.0,12,0,1,0,0,0,0,56.0462,32.55,81.2,1.0,149.0,2.0,612.0
735,13,26.0,1.0,0.0,253.0,0.0,13,0,0,0,0,0,0,55.6385,32.2,80.7,0.0,149.0,0.0,612.0
736,13,26.0,0.0,0.0,253.0,0.0,11,0,2,0,0,0,0,55.2962,31.85,80.2,0.0,149.0,2.0,614.0
737,14,27.0,1.0,0.0,253.0,0.0,12,0,1,0,0,0,0,54.9154,31.5,79.7,0.0,149.0,1.0,615.0
738,14,26.0,0.0,1.0,254.0,0.0,12,1,0,0,0,0,0,54.5077,31.15,79.2,0.0,149.0,0.0,615.0
739,15,27.0,2.0,1.0,255.0,0.0,12,1,0,0,0,0,0,54.1115,30.8,78.7,0.0,149.0,0.0,615.0
740,14,27.0,0.0,0.0,255.0,0.0,13,0,0,0,0,0,0,53.7154,30.45,78.2,0.0,149.0,0.0,615.0
741,14,27.0,0.0,0.0,255.0,0.0,13,0,0,0,0,0,0,53.3192,30.1,77.7,0.0,149.0,0.0,615.0
742,14,26.0,0.0,1.0,256.0,0.0,10,1,2,0,0,0,0,52.9885,29.75,77.7,0.0,149.0,2.0,617.0
743,13,25.0,0.0,1.0,257.0,0.0,11,1,1,0,0,0,0,52.6308,29.4,77.2,0.0,149.0,1.0,618.0
744,12,25.0,0.0,0.0,257.0,0.0,13,0,0,0,0,0,0,52.2462,29.05,76.85,0.0,149.0,0.0,618.0
745,13,25.0,1.0,1.0,258.0,0.0,12,1,0,0,0,0,0,51.8615,28.7,76.5,0.0,149.0,0.0,618.0
746,12,25.0,0.0,0.0,258.0,0.0,13,0,0,0,0,0,0,51.4885,28.35,76.15,0.0,149.0,0.0,618.0
747,13,25.0,1.0,1.0,259.0,0.0,10,1,2,0,0,0,0,51.1462,28.35,75.8,0.0,149.0,2.0,620.0
748,12,25.0,0.0,0.0,259.0,0.0,13,0,0,0,0,0,0,50.75,28.0,75.45,0.0,149.0,0.0,620.0
749,12,25.0,0.0,0.0,259.0,0.0,13,0,0,0,0,0,0,50.3423,27.65,75.1,0.0,149.0,0.0,620.0
750,12,25.0,0.0,0.0,259.0,0.0,12,0,1,0,0,0,0,49.95,27.15,75.1,0.0,149.0,1.0,621.0
751,14,27.0,2.0,0.0,259.0,0.0,10,0,3,0,0,0,0,49.65,27.15,75.1,1.0,150.0,4.0,625.0
752,14,27.0,0.0,0.0,259.0,0.0,11,0,2,0,0,0,0,49.3231,27.15,74.75,1.0,151.0,3.0,628.0
753,14,27.0,0.0,0.0,259.0,0.0,10,0,3,0,0,0,0,48.9846,26.65,74.4,0.0,151.0,3.0,631.0
754,14,25.0,0.0,2.0,261.0,0.0,7,2,4,0,0,0,0,48.7385,26.65,74.05,2.0,153.0,6.0,637.0
755,14,27.0,2.0,0.0,261.0,0.0,13,0,0,0,0,0,0,48.3692,26.15,73.7,1.0,154.0,1.0,638.0
756,14,27.0,0.0,0.0,261.0,0.0,12,0,1,0,0,0,0,47.9885,25.65,73.35,0.0,154.0,1.0,639.0
757,14,27.0,0.0,0.0,261.0,0.0,10,0,3,0,0,0,0,47.6731,25.15,73.0,0.0,154.0,3.0,642.0
758,14,27.0,0.0,0.0,261.0,0.0,10,0,3,0,0,0,0,47.3846,24.65,72.65,1.0,155.0,4.0,646.0
759,14,27.0,0.0,0.0,261.0,0.0,12,0,1,0,0,0,0,47.0077,24.15,72.3,1.0,156.0,2.0,648.0
760,14,25.0,0.0,2.0,263.0,0.0,11,2,0,0,0,0,0,46.5654,23.65,71.95,0.0,156.0,0.0,648.0
761,12,24.0,0.0,1.0,264.0,0.0,12,1,0,0,0,0,0,46.1462,23.15,71.6,0.0,156.0,0.0,648.0
762,11,23.0,0.0,1.0,265.0,0.0,11,1,1,0,0,0,0,45.7654,22.65,71.25,0.0,156.0,1.0,649.0
763,12,25.0,2.0,0.0,265.0,0.0,8,0,5,0,0,0,0,45.5269,22.65,71.25,0.0,156.0,5.0,654.0
764,12,25.0,0.0,0.0,265.0,0.0,11,0,2,0,0,0,0,45.25,22.65,71.25,2.0,158.0,4.0,658.0
765,14,26.0,2.0,1.0,266.0,0.0,12,1,0,0,0,0,0,44.8538,22.15,70.9,0.0,158.0,0.0,658.0
766,13,26.0,0.0,0.0,266.0,0.0,11,0,2,0,0,0,0,44.55,22.15,70.55,0.0,158.0,2.0,660.0
767,13,26.0,0.0,0.0,266.0,0.0,12,0,1,0,0,0,0,44.1808,21.65,70.2,0.0,158.0,1.0,661.0
768,13,26.0,0.0,0.0,266.0,0.0,11,0,2,0,0,0,0,43.8885,21.15,69.85,1.0,159.0,3.0,664.0
769,13,25.0,0.0,1.0,267.0,0.0,12,1,0,0,0,0,0,43.4808,20.65,69.5,0.0,159.0,0.0,664.0
770,12,25.0,0.0,0.0,267.0,0.0,12,0,1,0,0,0,0,43.1115,20.3,69.15,0.0,159.0,1.0,665.0
771,13,26.0,1.0,0.0,267.0,0.0,13,0,0,0,0,0,0,42.6923,19.95,68.8,0.0,159.0,0.0,665.0
772,13,26.0,0.0,0.0,267.0,0.0,12,0,1,0,0,0,0,42.3,19.6,68.45,0.0,159.0,1.0,666.0
773,13,25.0,0.0,1.0,268.0,0.0,10,1,2,0,0,0,0,41.9615,19.25,68.45,1.0,160.0,3.0,669.0
774,12,25.0,0.0,0.0,268.0,0.0,12,0,1,0,0,0,0,41.5692,19.25,68.1,0.0,160.0,1.0,670.0
775,14,26.0,2.0,1.0,269.0,0.0,12,1,0,0,0,0,0,41.15,18.9,67.75,0.0,160.0,0.0,670.0
776,13,25.0,0.0,1.0,270.0,0.0,10,1,2,0,0,0,0,40.7962,18.9,67.4,0.0,160.0,2.0,672.0
777,12,25.0,0.0,0.0,270.0,0.0,12,0,1,0,0,0,0,40.4538,18.9,67.05,1.0,161.0,2.0,674.0
778,12,25.0,0.0,0.0,270.0,0.0,12,0,1,0,0,0,0,40.0731,18.55,66.7,0.0,161.0,1.0,675.0
779,14,27.0,2.0,0.0,270.0,0.0,12,0,1,0,0,0,0,39.7308,18.55,66.35,0.0,161.0,1.0,676.0
780,14,27.0,0.0,0.0,270.0,0.0,12,0,1,0,0,0,0,39.4154,18.55,66.0,1.0,162.0,2.0,678.0
781,14,27.0,0.0,0.0,270.0,0.0,13,0,0,0,0,0,0,38.9962,18.2,65.65,0.0,162.0,0.0,678.0
782,14,27.0,0.0,0.0,270.0,0.0,13,0,0,0,0,0,0,38.5769,17.85,65.3,0.0,162.0,0.0,678.0
783,14,26.0,0.0,1.0,271.0,0.0,12,1,0,0,0,0,0,38.1577,17.5,64.95,0.0,162.0,0.0,678.0
784,13,26.0,0.0,0.0,271.0,0.0,12,0,1,0,0,0,0,37.7885,17.15,64.6,0.0,162.0,1.0,679.0
785,14,25.0,1.0,2.0,273.0,0.0,10,2,1,0,0,0,0,37.4462,17.15,64.25,1.0,163.0,2.0,681.0
786,12,25.0,0.0,0.0,273.0,0.0,13,0,0,0,0,0,0,37.05,16.8,63.9,0.0,163.0,0.0,681.0
787,14,27.0,2.0,0.0,273.0,0.0,12,0,1,0,0,0,0,36.6692,16.8,63.55,0.0,163.0,1.0,682.0
788,14,27.0,0.0,0.0,273.0,0.0,12,0,1,0,0,0,0,36.2769,16.45,63.55,0.0,163.0,1.0,683.0
789,14,27.0,0.0,0.0,273.0,0.0,13,0,0,0,0,0,0,35.8577,16.1,63.2,0.0,163.0,0.0,683.0
790,14,26.0,0.0,1.0,274.0,0.0,12,1,0,0,0,0,0,35.4269,15.75,62.7,0.0,163.0,0.0,683.0
791,13,26.0,0.0,0.0,274.0,0.0,13,0,0,0,0,0,0,34.9962,15.4,62.2,0.0,163.0,0.0,683.0
792,13,26.0,0.0,0.0,274.0,0.0,13,0,0,0,0,0,0,34.5538,15.05,61.7,0.0,163.0,0.0,683.0
793,14,27.0,1.0,0.0,274.0,0.0,11,0,1,0,1,0,0,34.1385,14.7,61.2,0.0,163.0,1.0,684.0
794,14,27.0,0.0,0.0,274.0,0.0,11,0,0,0,2,0,0,33.6846,14.35,60.7,0.0,163.0,0.0,684.0
795,16,29.0,2.0,0.0,274.0,0.0,11,0,0,0,2,0,0,33.2423,14.0,60.2,0.0,163.0,0.0,684.0
796,16,29.0,0.0,0.0,274.0,0.0,11,0,0,0,2,0,0,32.8,13.65,59.7,0.0,163.0,0.0,684.0
797,16,29.0,0.0,0.0,274.0,0.0,11,0,0,0,2,0,0,32.3462,13.3,59.2,0.0,163.0,0.0,684.0
798,16,29.0,0.0,0.0,274.0,0.0,10,0,0,0,3,0,0,31.8923,12.95,58.7,0.0,163.0,0.0,684.0
799,17,30.0,1.0,0.0,274.0,0.0,9,0,1,0,3,0,0,31.4885,12.6,58.2,0.0,163.0,1.0,685.0
800,17,30.0,0.0,0.0,274.0,0.0,6,0,4,0,3,0,0,31.1769,12.25,57.7,0.0,163.0,4.0,689.0
801,17,29.0,0.0,1.0,275.0,0.0,8,1,1,0,3,0,0,30.8385,11.9,57.2,2.0,165.0,3.0,692.0
802,16,29.0,0.0,0.0,275.0,0.0,10,0,0,0,3,0,0,30.4077,11.55,56.7,0.0,165.0,0.0,692.0
803,17,30.0,1.0,0.0,275.0,0.0,8,0,2,0,3,0,0,30.0423,11.2,56.7,0.0,165.0,2.0,694.0
804,17,29.0,0.0,1.0,276.0,0.0,9,1,0,0,3,0,0,29.6385,10.85,56.7,1.0,166.0,1.0,695.0
805,18,30.0,1.0,0.0,276.0,0.0,9,0,1,0,3,0,0,29.2462,10.5,56.2,0.0,166.0,1.0,696.0
806,18,29.0,0.0,1.0,277.0,0.0,9,1,0,0,3,0,0,28.8154,10.15,55.7,0.0,166.0,0.0,696.0
807,18,29.0,1.0,1.0,278.0,0.0,7,1,2,0,3,0,0,28.4615,9.8,55.2,0.0,166.0,2.0,698.0
808,17,29.0,0.0,0.0,278.0,0.0,9,0,1,0,3,0,0,28.1192,9.45,54.7,1.0,167.0,2.0,700.0
809,17,28.0,0.0,1.0,279.0,0.0,8,1,1,0,3,0,0,27.7385,9.1,54.2,0.0,167.0,1.0,701.0
810,17,28.0,0.0,0.0,279.0,0.0,10,0,0,0,3,0,0,27.3423,8.75,53.7,0.0,167.0,0.0,701.0
811,19,29.0,2.0,1.0,280.0,0.0,8,1,0,0,4,0,0,26.9462,8.4,53.2,0.0,167.0,0.0,701.0
812,19,29.0,0.0,0.0,280.0,0.0,9,0,0,2,2,0,0,26.5615,8.05,52.7,0.0,167.0,0.0,701.0
813,19,29.0,0.0,0.0,280.0,0.0,9,0,0,2,2,0,0,27.6412,9.65,52.2,0.0,167.0,0.0,701.0
814,19,29.0,0.0,0.0,280.0,0.0,8,0,1,2,2,0,0,28.7362,9.3,51.7,0.0,167.0,1.0,702.0
815,20,30.0,1.0,0.0,280.0,0.0,6,0,2,2,2,1,0,29.8581,8.95,51.2,0.0,167.0,2.0,704.0
816,20,29.0,0.0,1.0,281.0,0.0,6,1,1,2,2,1,0,31.0185,8.6,50.7,1.0,168.0,2.0,706.0
817,19,29.0,0.0,0.0,281.0,0.0,8,0,0,2,2,1,0,32.1365,8.25,54.3,0.0,168.0,0.0,706.0
818,19,28.0,0.0,1.0,282.0,0.0,7,1,0,2,2,1,0,33.2546,7.9,63.44,0.0,168.0,0.0,706.0
819,19,29.0,1.0,0.0,282.0,0.0,7,0,1,2,2,1,0,34.3996,7.55,72.58,0.0,168.0,1.0,707.0
820,19,29.0,0.0,0.0,282.0,0.0,7,0,0,2,2,2,0,35.5062,7.2,81.72,0.0,168.0,0.0,707.0
821,20,30.0,1.0,0.0,282.0,0.0,7,0,0,2,2,2,0,36.6512,6.85,90.86,0.0,168.0,0.0,707.0
822,19,29.0,0.0,1.0,283.0,0.0,7,1,1,0,4,0,0,37.7038,6.5,99.65,0.0,168.0,1.0,708.0
823,19,30.0,1.0,0.0,283.0,0.0,9,0,1,0,3,0,0,37.3462,6.15,99.3,0.0,168.0,1.0,709.0
824,19,30.0,0.0,0.0,283.0,0.0,6,0,4,0,3,0,0,37.0808,5.8,98.95,0.0,168.0,4.0,713.0
825,20,30.0,1.0,1.0,284.0,0.0,8,1,1,1,2,0,0,36.7385,5.45,98.6,1.0,169.0,2.0,715.0
826,19,30.0,0.0,0.0,284.0,0.0,9,0,0,1,3,0,0,37.1081,10.45,98.25,0.0,169.0,0.0,715.0
827,20,30.0,1.0,1.0,285.0,0.0,8,1,1,1,2,0,0,37.4931,10.45,97.9,0.0,169.0,1.0,716.0
828,19,30.0,0.0,0.0,285.0,0.0,7,0,3,1,2,0,0,37.9435,10.45,97.9,0.0,169.0,3.0,719.0
829,19,30.0,0.0,0.0,285.0,0.0,8,0,3,1,1,0,0,38.4592,10.45,97.9,2.0,171.0,5.0,724.0
830,19,28.0,0.0,2.0,287.0,0.0,7,2,0,1,3,0,0,38.8288,10.1,97.55,0.0,171.0,0.0,724.0
831,18,28.0,0.0,0.0,287.0,0.0,8,0,1,1,3,0,0,39.2485,9.75,97.2,0.0,171.0,1.0,725.0
832,18,28.0,0.0,0.0,287.0,0.0,8,0,1,1,3,0,0,39.6565,9.4,96.85,0.0,171.0,1.0,726.0
833,18,27.0,0.0,1.0,288.0,0.0,8,1,0,1,3,0,0,40.0377,9.05,96.5,0.0,171.0,0.0,726.0
834,18,27.0,0.0,0.0,288.0,0.0,9,0,0,1,3,0,0,40.4304,8.7,96.15,0.0,171.0,0.0,726.0
835,21,31.0,4.0,0.0,288.0,0.0,10,0,0,1,2,0,0,40.7846,8.35,99.65,0.0,171.0,0.0,726.0
836,21,31.0,0.0,0.0,288.0,0.0,10,0,1,1,1,0,0,41.1588,9.5,99.3,0.0,171.0,1.0,727.0
837,21,30.0,0.0,1.0,289.0,0.0,9,1,0,1,2,0,0,41.5331,9.15,98.95,1.0,172.0,1.0,728.0
838,20,30.0,0.0,0.0,289.0,0.0,9,0,1,1,2,0,0,41.9188,8.8,98.6,0.0,172.0,1.0,729.0
839,20,30.0,0.0,0.0,289.0,0.0,10,0,0,2,1,0,0,42.2777,8.45,98.25,0.0,172.0,0.0,729.0
840,20,30.0,0.0,0.0,289.0,0.0,9,0,1,2,1,0,0,43.3742,8.1,97.9,0.0,172.0,1.0,730.0
841,20,30.0,0.0,0.0,289.0,0.0,10,0,0,2,1,0,0,44.4323,7.75,97.55,0.0,172.0,0.0,730.0
842,20,30.0,0.0,0.0,289.0,0.0,10,0,0,2,1,0,0,45.4788,7.4,97.2,0.0,172.0,0.0,730.0
843,21,31.0,1.0,0.0,289.0,0.0,10,0,0,2,1,0,0,46.5254,7.05,96.85,0.0,172.0,0.0,730.0
844,21,31.0,0.0,0.0,289.0,0.0,9,0,1,2,1,0,0,47.6104,6.7,96.5,0.0,172.0,1.0,731.0
845,21,31.0,1.0,1.0,290.0,0.0,9,1,1,1,1,0,0,48.6954,6.35,99.65,1.0,173.0,2.0,733.0
846,20,31.0,0.0,0.0,290.0,0.0,11,0,0,1,1,0,0,49.0215,6.0,99.3,0.0,173.0,0.0,733.0
847,21,32.0,1.0,0.0,290.0,0.0,10,0,1,1,1,0,0,49.3746,5.65,98.95,0.0,173.0,1.0,734.0
848,21,32.0,0.0,0.0,290.0,0.0,10,0,0,1,2,0,0,49.7008,5.3,98.6,0.0,173.0,0.0,734.0
849,21,32.0,1.0,1.0,291.0,0.0,10,1,0,0,2,0,0,49.9769,4.95,99.65,0.0,173.0,0.0,734.0
850,20,31.0,0.0,1.0,292.0,0.0,10,1,0,0,2,0,0,49.5692,4.6,99.3,0.0,173.0,0.0,734.0
851,21,31.0,1.0,1.0,293.0,0.0,9,1,0,0,3,0,0,49.1615,4.25,98.95,0.0,173.0,0.0,734.0
852,21,30.0,0.0,1.0,294.0,0.0,9,1,0,0,3,0,0,48.7654,3.9,98.6,0.0,173.0,0.0,734.0
853,20,30.0,0.0,0.0,294.0,0.0,10,0,0,1,2,0,0,48.3808,3.55,98.25,0.0,173.0,0.0,734.0
854,20,30.0,0.0,0.0,294.0,0.0,10,0,0,1,2,0,0,48.765,12.75,97.9,0.0,173.0,0.0,734.0
855,21,31.0,1.0,0.0,294.0,0.0,9,0,0,1,3,0,0,49.1492,12.4,97.55,0.0,173.0,0.0,734.0
856,21,31.0,0.0,0.0,294.0,0.0,9,0,0,1,3,0,0,49.5335,12.05,97.2,0.0,173.0,0.0,734.0
857,21,31.0,0.0,0.0,294.0,0.0,9,0,0,1,3,0,0,49.9177,11.7,96.85,0.0,173.0,0.0,734.0
858,21,31.0,0.0,0.0,294.0,0.0,8,0,1,1,3,0,0,50.3404,11.35,96.5,0.0,173.0,1.0,735.0
859,23,33.0,2.0,0.0,294.0,0.0,9,0,1,1,2,0,0,50.7785,11.35,96.15,1.0,174.0,2.0,737.0
860,23,33.0,0.0,0.0,294.0,0.0,9,0,0,1,3,0,0,51.1512,11.0,95.8,0.0,174.0,0.0,737.0
861,23,33.0,0.0,0.0,294.0,0.0,9,0,0,1,3,0,0,51.5238,10.65,95.45,0.0,174.0,0.0,737.0
862,23,33.0,0.0,0.0,294.0,0.0,9,0,0,1,3,0,0,51.8965,10.3,95.1,0.0,174.0,0.0,737.0
863,23,34.0,1.0,0.0,294.0,0.0,9,0,1,0,3,0,0,52.2577,9.95,99.65,0.0,174.0,1.0,738.0
864,23,33.0,0.0,1.0,295.0,0.0,9,1,0,0,3,0,0,51.8385,9.6,99.3,0.0,174.0,0.0,738.0
865,24,34.0,1.0,0.0,295.0,0.0,10,0,0,0,3,0,0,51.4192,9.25,98.95,0.0,174.0,0.0,738.0
866,24,33.0,0.0,1.0,296.0,0.0,9,1,1,0,2,0,0,51.0269,8.9,98.6,0.0,174.0,1.0,739.0
867,24,32.0,1.0,2.0,298.0,0.0,8,2,0,0,3,0,0,50.6192,8.55,98.25,0.0,174.0,0.0,739.0
868,22,32.0,0.0,0.0,298.0,0.0,9,0,1,0,3,0,0,50.2731,8.2,97.9,0.0,174.0,1.0,740.0
869,22,31.0,0.0,1.0,299.0,0.0,7,1,2,0,3,0,0,49.9538,7.85,97.55,0.0,174.0,2.0,742.0
870,21,31.0,0.0,0.0,299.0,0.0,8,0,2,0,3,0,0,49.6846,7.5,97.2,1.0,175.0,3.0,745.0
871,22,32.0,1.0,0.0,299.0,0.0,10,0,0,0,3,0,0,49.3115,7.15,96.85,0.0,175.0,0.0,745.0
872,22,32.0,0.0,0.0,299.0,0.0,9,0,1,0,3,0,0,48.9654,6.8,96.5,0.0,175.0,1.0,746.0
873,22,32.0,0.0,0.0,299.0,0.0,9,0,0,0,4,0,0,48.5808,6.45,96.15,0.0,175.0,0.0,746.0
874,22,31.0,0.0,1.0,300.0,0.0,8,1,0,0,4,0,0,48.2077,6.1,95.8,0.0,175.0,0.0,746.0
875,24,32.0,2.0,1.0,301.0,0.0,8,1,0,1,3,0,0,47.8462,5.75,95.45,0.0,175.0,0.0,746.0
876,23,32.0,0.0,0.0,301.0,0.0,9,0,0,2,2,0,0,48.2338,5.4,95.1,0.0,175.0,0.0,746.0
877,24,33.0,1.0,0.0,301.0,0.0,9,0,0,2,2,0,0,49.3646,7.55,94.75,0.0,175.0,0.0,746.0
878,24,33.0,0.0,0.0,301.0,0.0,9,0,0,2,2,0,0,50.4723,7.2,94.25,0.0,175.0,0.0,746.0
879,24,33.0,0.0,0.0,301.0,0.0,9,0,0,2,2,0,0,51.5685,6.85,93.75,0.0,175.0,0.0,746.0
880,24,32.0,0.0,1.0,302.0,0.0,8,1,0,2,2,0,0,52.6531,6.5,93.25,0.0,175.0,0.0,746.0
881,23,32.0,0.0,0.0,302.0,0.0,8,0,1,2,1,1,0,53.7762,6.5,92.9,0.0,175.0,1.0,747.0
882,23,32.0,0.0,0.0,302.0,0.0,7,0,2,2,1,1,0,54.98,6.5,92.55,1.0,176.0,3.0,750.0
883,25,34.0,2.0,0.0,302.0,0.0,8,0,1,2,1,1,0,56.1569,6.15,92.2,1.0,177.0,2.0,752.0
884,25,33.0,0.0,1.0,303.0,0.0,5,1,2,2,2,1,0,57.3338,5.8,91.7,0.0,177.0,2.0,754.0
885,25,34.0,1.0,0.0,303.0,0.0,7,0,3,1,2,0,0,58.5223,5.45,99.65,1.0,178.0,4.0,758.0
886,24,33.0,0.0,1.0,304.0,0.0,9,1,0,1,2,0,0,58.8192,5.1,99.65,0.0,178.0,0.0,758.0
887,23,33.0,0.0,0.0,304.0,0.0,9,0,1,1,2,0,0,59.1954,10.7,99.3,0.0,178.0,1.0,759.0
888,23,33.0,0.0,0.0,304.0,0.0,10,0,1,1,1,0,0,59.5985,10.7,98.95,1.0,179.0,2.0,761.0
889,23,33.0,0.0,0.0,304.0,0.0,10,0,0,1,2,0,0,59.9362,10.35,98.6,0.0,179.0,0.0,761.0
890,23,32.0,0.0,1.0,305.0,0.0,9,1,0,1,2,0,0,60.2623,10.0,98.25,0.0,179.0,0.0,761.0
891,24,33.0,2.0,1.0,306.0,0.0,9,1,0,1,2,0,0,60.6,9.65,97.9,0.0,179.0,0.0,761.0
892,23,33.0,0.0,0.0,306.0,0.0,10,0,0,1,2,0,0,60.9492,9.3,97.55,0.0,179.0,0.0,761.0
893,23,32.0,0.0,1.0,307.0,0.0,9,1,0,1,2,0,0,61.2985,8.95,97.2,0.0,179.0,0.0,761.0
894,22,32.0,0.0,0.0,307.0,0.0,10,0,0,1,2,0,0,61.6592,8.6,96.85,0.0,179.0,0.0,761.0
895,24,33.0,2.0,1.0,308.0,0.0,9,1,0,1,2,0,0,62.02,8.25,96.5,0.0,179.0,0.0,761.0
896,22,32.0,0.0,1.0,309.0,0.0,10,1,0,0,2,0,0,62.3654,7.9,99.65,0.0,179.0,0.0,761.0
897,22,31.0,0.0,1.0,310.0,0.0,9,2,0,0,2,0,0,62.0192,7.55,99.3,0.0,179.0,0.0,761.0
898,20,30.0,0.0,1.0,311.0,0.0,10,1,0,0,2,0,0,61.6577,7.2,98.95,0.0,179.0,0.0,761.0
899,20,31.0,1.0,0.0,311.0,0.0,11,0,0,0,2,0,0,61.3077,6.85,98.6,0.0,179.0,0.0,761.0
900,20,31.0,0.0,0.0,311.0,0.0,11,0,0,0,2,0,0,60.9577,6.5,98.25,0.0,179.0,0.0,761.0
901,20,31.0,0.0,0.0,311.0,0.0,11,0,0,0,2,0,0,60.6077,6.15,97.9,0.0,179.0,0.0,761.0
902,20,31.0,0.0,0.0,311.0,0.0,11,0,0,0,2,0,0,60.2577,5.8,97.55,0.0,179.0,0.0,761.0
903,20,31.0,0.0,0.0,311.0,0.0,8,0,2,0,3,0,0,59.9615,5.45,97.2,0.0,179.0,2.0,763.0
904,20,31.0,0.0,0.0,311.0,0.0,9,0,1,0,3,0,0,59.6654,5.1,96.85,1.0,180.0,2.0,765.0
905,22,33.0,2.0,0.0,311.0,0.0,10,0,0,1,2,0,0,59.3154,4.75,96.5,0.0,180.0,0.0,765.0
906,22,33.0,0.0,0.0,311.0,0.0,9,0,1,2,1,0,0,59.7404,7.05,96.15,0.0,180.0,1.0,766.0
907,24,34.0,2.0,1.0,312.0,0.0,8,1,0,2,2,0,0,60.8804,13.25,95.8,0.0,180.0,0.0,766.0
908,23,34.0,0.0,0.0,312.0,0.0,9,0,0,2,2,0,0,62.0088,12.9,95.45,0.0,180.0,0.0,766.0
909,23,34.0,0.0,0.0,312.0,0.0,9,0,0,2,2,0,0,63.1258,12.55,95.1,0.0,180.0,0.0,766.0
910,23,34.0,0.0,0.0,312.0,0.0,7,0,2,2,2,0,0,64.2965,12.2,94.75,0.0,180.0,2.0,768.0
911,23,34.0,0.0,0.0,312.0,0.0,7,0,2,2,2,0,0,65.4942,11.85,94.75,1.0,181.0,3.0,771.0
912,23,34.0,0.0,0.0,312.0,0.0,8,0,1,2,2,0,0,66.665,11.5,94.75,1.0,182.0,2.0,773.0
913,23,34.0,0.0,0.0,312.0,0.0,9,0,0,2,2,0,0,67.7819,11.15,94.4,0.0,182.0,0.0,773.0
914,23,34.0,0.0,0.0,312.0,0.0,8,0,1,2,2,0,0,68.9258,10.8,94.05,0.0,182.0,1.0,774.0
915,24,36.0,2.0,0.0,312.0,0.0,10,0,0,1,2,0,0,69.9927,10.45,99.65,0.0,182.0,0.0,774.0
916,23,36.0,0.0,0.0,312.0,0.0,11,0,0,0,2,0,0,70.2769,10.1,99.65,0.0,182.0,0.0,774.0
917,23,34.0,0.0,2.0,314.0,0.0,9,2,0,0,2,0,0,69.8462,9.75,99.3,0.0,182.0,0.0,774.0
918,22,33.0,0.0,1.0,315.0,0.0,10,1,0,0,2,0,0,69.4385,9.4,98.95,0.0,182.0,0.0,774.0
919,23,34.0,2.0,1.0,316.0,0.0,10,1,0,0,2,0,0,69.0423,9.05,98.6,0.0,182.0,0.0,774.0
920,22,34.0,0.0,0.0,316.0,0.0,11,0,0,0,2,0,0,68.6346,8.7,98.25,0.0,182.0,0.0,774.0
921,22,34.0,0.0,0.0,316.0,0.0,11,0,0,0,2,0,0,68.2269,8.35,97.9,0.0,182.0,0.0,774.0
922,22,33.0,0.0,1.0,317.0,0.0,10,1,0,1,1,0,0,67.8077,8.0,97.55,0.0,182.0,0.0,774.0
923,23,34.0,1.0,0.0,317.0,0.0,11,0,0,1,1,0,0,68.1346,9.35,97.2,0.0,182.0,0.0,774.0
924,23,33.0,0.0,1.0,318.0,0.0,10,1,0,1,1,0,0,68.4615,9.0,96.85,0.0,182.0,0.0,774.0
925,23,32.0,1.0,2.0,320.0,0.0,9,2,0,1,1,0,0,68.8,8.65,96.5,0.0,182.0,0.0,774.0
926,21,32.0,0.0,0.0,320.0,0.0,11,0,0,1,1,0,0,69.1615,8.3,96.15,0.0,182.0,0.0,774.0
927,21,32.0,0.0,0.0,320.0,0.0,10,0,1,2,0,0,0,69.5385,7.95,95.8,0.0,182.0,1.0,775.0
928,21,32.0,0.0,0.0,320.0,0.0,11,0,0,2,0,0,0,70.6235,17.155,95.45,0.0,182.0,0.0,775.0
929,21,32.0,0.0,0.0,320.0,0.0,11,0,0,2,0,0,0,71.6738,26.36,95.1,0.0,182.0,0.0,775.0
930,21,32.0,0.0,0.0,320.0,0.0,11,0,0,2,0,0,0,72.7242,35.565,94.75,0.0,182.0,0.0,775.0
931,23,33.0,2.0,1.0,321.0,0.0,10,1,0,2,0,0,0,73.7746,44.77,94.4,0.0,182.0,0.0,775.0
932,21,33.0,0.0,0.0,321.0,0.0,11,0,1,1,0,0,0,74.8365,53.975,99.65,0.0,182.0,1.0,776.0
933,22,34.0,1.0,0.0,321.0,0.0,12,0,0,1,0,0,0,75.1638,54.4,99.3,0.0,182.0,0.0,776.0
934,22,33.0,0.0,1.0,322.0,0.0,10,1,1,1,0,0,0,75.5181,54.4,98.95,0.0,182.0,1.0,777.0
935,22,33.0,1.0,1.0,323.0,0.0,10,1,1,1,0,0,0,75.9108,54.4,98.6,1.0,183.0,2.0,779.0
936,21,32.0,0.0,1.0,324.0,0.0,11,1,0,1,0,0,0,76.2612,54.05,98.25,0.0,183.0,0.0,779.0
937,19,32.0,0.0,0.0,324.0,0.0,10,0,3,0,0,0,0,76.6885,53.7,99.65,0.0,183.0,3.0,782.0
938,19,32.0,0.0,0.0,324.0,0.0,12,0,1,0,0,0,0,76.3808,53.35,99.3,1.0,184.0,2.0,784.0
939,20,33.0,1.0,0.0,324.0,0.0,13,0,0,0,0,0,0,76.0077,53.0,98.95,0.0,184.0,0.0,784.0
940,20,33.0,0.0,0.0,324.0,0.0,13,0,0,0,0,0,0,75.6231,52.65,98.6,0.0,184.0,0.0,784.0
941,20,33.0,0.0,0.0,324.0,0.0,13,0,0,0,0,0,0,75.2269,52.3,98.25,0.0,184.0,0.0,784.0
942,20,33.0,0.0,0.0,324.0,0.0,13,0,0,0,0,0,0,74.8192,51.95,97.9,0.0,184.0,0.0,784.0
943,21,32.0,1.0,2.0,326.0,0.0,11,2,0,0,0,0,0,74.3885,51.6,97.55,0.0,184.0,0.0,784.0
944,19,32.0,0.0,0.0,326.0,0.0,10,0,3,0,0,0,0,74.0731,51.25,97.2,0.0,184.0,3.0,787.0
945,20,33.0,1.0,0.0,326.0,0.0,12,0,1,0,0,0,0,73.7462,50.9,96.85,2.0,186.0,3.0,790.0
946,20,33.0,0.0,0.0,326.0,0.0,12,0,1,0,0,0,0,73.3538,50.55,96.5,0.0,186.0,1.0,791.0
947,22,35.0,2.0,0.0,326.0,0.0,11,0,2,0,0,0,0,73.0,50.2,96.15,0.0,186.0,2.0,793.0
948,22,35.0,0.0,0.0,326.0,0.0,11,0,2,0,0,0,0,72.6846,49.85,95.8,1.0,187.0,3.0,796.0
949,22,35.0,0.0,0.0,326.0,0.0,13,0,0,0,0,0,0,72.2923,49.5,95.45,1.0,188.0,1.0,797.0
950,22,35.0,0.0,0.0,326.0,0.0,11,0,2,0,0,0,0,71.9385,49.15,95.1,0.0,188.0,2.0,799.0
951,22,35.0,0.0,0.0,326.0,0.0,11,0,2,0,0,0,0,71.65,48.8,94.75,1.0,189.0,3.0,802.0
952,22,35.0,0.0,0.0,326.0,0.0,12,0,1,0,0,0,0,71.3231,48.45,94.4,1.0,190.0,2.0,804.0
953,22,35.0,0.0,0.0,326.0,0.0,11,0,2,0,0,0,0,70.9846,48.1,94.4,0.0,190.0,2.0,806.0
954,22,34.0,0.0,1.0,327.0,0.0,11,1,1,0,0,0,0,70.7115,47.75,94.4,2.0,192.0,3.0,809.0
955,24,37.0,3.0,0.0,327.0,0.0,12,0,1,0,0,0,0,70.3346,47.25,94.05,0.0,192.0,1.0,810.0
956,24,37.0,0.0,0.0,327.0,0.0,12,0,1,0,0,0,0,69.9577,46.75,93.7,1.0,193.0,2.0,812.0
957,24,37.0,0.0,0.0,327.0,0.0,13,0,0,0,0,0,0,69.5038,46.25,93.35,0.0,193.0,0.0,812.0
958,24,37.0,0.0,0.0,327.0,0.0,11,0,2,0,0,0,0,69.1154,45.75,93.0,0.0,193.0,2.0,814.0
959,24,35.0,0.0,2.0,329.0,0.0,10,2,1,0,0,0,0,68.7269,45.25,92.65,1.0,194.0,2.0,816.0
960,22,35.0,0.0,0.0,329.0,0.0,13,0,0,0,0,0,0,68.2846,44.75,92.3,0.0,194.0,0.0,816.0
961,23,35.0,1.0,1.0,330.0,0.0,11,1,1,0,0,0,0,67.8692,44.25,91.95,0.0,194.0,1.0,817.0
962,22,34.0,0.0,1.0,331.0,0.0,12,1,0,0,0,0,0,67.4269,43.75,91.6,0.0,194.0,0.0,817.0
963,22,34.0,1.0,1.0,332.0,0.0,12,1,0,0,0,0,0,66.9962,43.25,91.25,0.0,194.0,0.0,817.0
964,21,34.0,0.0,0.0,332.0,0.0,13,0,0,0,0,0,0,66.5769,42.75,90.9,0.0,194.0,0.0,817.0
965,22,34.0,1.0,1.0,333.0,0.0,12,1,0,0,0,0,0,66.1577,42.25,90.55,0.0,194.0,0.0,817.0
966,21,34.0,0.0,0.0,333.0,0.0,13,0,0,0,0,0,0,65.7269,41.75,90.2,0.0,194.0,0.0,817.0
967,22,35.0,1.0,0.0,333.0,0.0,13,0,0,0,0,0,0,65.2962,41.25,89.85,0.0,194.0,0.0,817.0
968,22,35.0,0.0,0.0,333.0,0.0,11,0,2,0,0,0,0,64.9192,40.75,89.5,0.0,194.0,2.0,819.0
969,22,34.0,0.0,1.0,334.0,0.0,11,1,1,0,0,0,0,64.5423,40.25,89.15,1.0,195.0,2.0,821.0
970,21,34.0,0.0,0.0,334.0,0.0,13,0,0,0,0,0,0,64.1231,39.9,88.8,0.0,195.0,0.0,821.0
971,22,35.0,1.0,0.0,334.0,0.0,13,0,0,0,0,0,0,63.7038,39.55,88.45,0.0,195.0,0.0,821.0
972,22,35.0,0.0,0.0,334.0,0.0,12,0,1,0,0,0,0,63.3,39.2,88.1,0.0,195.0,1.0,822.0
973,22,34.0,0.0,1.0,335.0,0.0,12,1,0,0,0,0,0,62.8577,38.85,87.75,0.0,195.0,0.0,822.0
974,21,33.0,0.0,1.0,336.0,0.0,12,1,0,0,0,0,0,62.4154,38.5,87.4,0.0,195.0,0.0,822.0
975,22,35.0,2.0,0.0,336.0,0.0,13,0,0,0,0,0,0,61.9846,38.15,87.05,0.0,195.0,0.0,822.0
976,22,34.0,0.0,1.0,337.0,0.0,12,1,0,0,0,0,0,61.5538,37.8,86.7,0.0,195.0,0.0,822.0
977,21,34.0,0.0,0.0,337.0,0.0,12,0,1,0,0,0,0,61.1731,37.45,86.35,0.0,195.0,1.0,823.0
978,21,33.0,0.0,1.0,338.0,0.0,10,1,2,0,0,0,0,60.8077,37.1,86.0,0.0,195.0,2.0,825.0
979,22,35.0,2.0,0.0,338.0,0.0,12,0,1,0,0,0,0,60.4308,36.75,85.65,1.0,196.0,2.0,827.0
980,22,34.0,0.0,1.0,339.0,0.0,10,1,2,0,0,0,0,60.0923,36.6,85.3,1.0,197.0,3.0,830.0
981,21,33.0,0.0,1.0,340.0,0.0,10,1,2,0,0,0,0,59.7654,36.1,84.95,1.0,198.0,3.0,833.0
982,20,33.0,0.0,0.0,340.0,0.0,13,0,0,0,0,0,0,59.3346,35.75,84.6,0.0,198.0,0.0,833.0
983,20,33.0,0.0,0.0,340.0,0.0,12,0,1,0,0,0,0,58.9423,35.4,84.25,0.0,198.0,1.0,834.0
984,20,33.0,0.0,0.0,340.0,0.0,10,0,3,0,0,0,0,58.6038,35.4,83.9,0.0,198.0,3.0,837.0
985,21,34.0,1.0,0.0,340.0,0.0,12,0,1,0,0,0,0,58.2654,35.35,83.55,2.0,200.0,3.0,840.0
986,21,34.0,0.0,0.0,340.0,0.0,13,0,0,0,0,0,0,57.8346,35.0,83.2,0.0,200.0,0.0,840.0
987,22,34.0,1.0,1.0,341.0,0.0,11,1,1,0,0,0,0,57.4192,34.5,82.85,0.0,200.0,1.0,841.0
988,21,32.0,0.0,2.0,343.0,0.0,8,2,3,0,0,0,0,57.1192,34.35,82.85,1.0,201.0,4.0,845.0
989,20,33.0,1.0,0.0,343.0,0.0,11,0,2,0,0,0,0,56.7769,34.0,82.5,0.0,201.0,2.0,847.0
990,20,32.0,0.0,1.0,344.0,0.0,11,1,1,0,0,0,0,56.4231,33.5,82.0,1.0,202.0,2.0,849.0
991,20,33.0,1.0,0.0,344.0,0.0,13,0,0,0,0,0,0,56.0038,33.0,81.5,0.0,202.0,0.0,849.0
992,20,33.0,0.0,0.0,344.0,0.0,13,0,0,0,0,0,0,55.5846,32.5,81.0,0.0,202.0,0.0,849.0
993,20,31.0,0.0,2.0,346.0,0.0,11,2,0,0,0,0,0,55.1654,32.0,80.5,0.0,202.0,0.0,849.0
994,18,31.0,0.0,0.0,346.0,0.0,13,0,0,0,0,0,0,54.7692,31.65,80.0,0.0,202.0,0.0,849.0
995,20,32.0,2.0,1.0,347.0,0.0,12,1,0,0,0,0,0,54.3731,31.3,79.5,0.0,202.0,0.0,849.0
996,19,32.0,0.0,0.0,347.0,0.0,13,0,0,0,0,0,0,53.9885,30.95,79.0,0.0,202.0,0.0,849.0
997,19,32.0,0.0,0.0,347.0,0.0,13,0,0,0,0,0,0,53.5923,30.6,78.5,0.0,202.0,0.0,849.0
998,19,32.0,0.0,0.0,347.0,0.0,12,0,1,0,0,0,0,53.2231,30.25,78.0,0.0,202.0,1.0,850.0
999,19,32.0,0.0,0.0,347.0,0.0,13,0,0,0,0,0,0,52.8538,29.9,77.5,1.0,203.0,1.0,851.0
1000,19,32.0,0.0,0.0,347.0,0.0,13,0,0,0,0,0,0,52.4577,29.55,77.0,0.0,203.0,0.0,851.0
1001,19,32.0,0.0,0.0,347.0,0.0,12,0,1,0,0,0,0,52.0885,29.2,76.5,0.0,203.0,1.0,852.0
1002,19,31.0,0.0,1.0,348.0,0.0,12,1,0,0,0,0,0,51.6808,28.85,76.0,0.0,203.0,0.0,852.0
1003,21,32.0,3.0,2.0,350.0,0.0,11,2,0,0,0,0,0,51.25,28.5,75.5,0.0,203.0,0.0,852.0
1004,19,32.0,0.0,0.0,350.0,0.0,13,0,0,0,0,0,0,50.8423,28.15,75.15,0.0,203.0,0.0,852.0
1005,20,32.0,1.0,1.0,351.0,0.0,12,1,0,0,0,0,0,50.4231,27.8,74.8,0.0,203.0,0.0,852.0
1006,19,32.0,0.0,0.0,351.0,0.0,13,0,0,0,0,0,0,50.0154,27.45,74.45,0.0,203.0,0.0,852.0
1007,19,32.0,0.0,0.0,351.0,0.0,13,0,0,0,0,0,0,49.5962,26.95,74.1,0.0,203.0,0.0,852.0
1008,19,32.0,0.0,0.0,351.0,0.0,13,0,0,0,0,0,0,49.1654,26.45,73.75,0.0,203.0,0.0,852.0
1009,19,30.0,0.0,2.0,353.0,0.0,11,2,0,0,0,0,0,48.7231,25.95,73.4,0.0,203.0,0.0,852.0
1010,17,29.0,0.0,1.0,354.0,0.0,11,1,1,0,0,0,0,48.3423,25.45,73.05,0.0,203.0,1.0,853.0
1011,17,30.0,1.0,0.0,354.0,0.0,11,0,2,0,0,0,0,48.0,24.95,72.7,0.0,203.0,2.0,855.0
1012,17,30.0,0.0,0.0,354.0,0.0,10,0,3,0,0,0,0,47.7115,24.45,72.2,1.0,204.0,4.0,859.0
1013,17,30.0,0.0,0.0,354.0,0.0,12,0,1,0,0,0,0,47.3577,23.95,71.7,1.0,205.0,2.0,861.0
1014,17,29.0,0.0,1.0,355.0,0.0,11,1,1,0,0,0,0,46.9654,23.45,71.2,0.0,205.0,1.0,862.0
1015,18,31.0,2.0,0.0,355.0,0.0,12,0,1,0,0,0,0,46.6231,23.1,70.7,1.0,206.0,2.0,864.0
1016,18,31.0,0.0,0.0,355.0,0.0,12,0,1,0,0,0,0,46.2423,22.6,70.2,0.0,206.0,1.0,865.0
1017,19,32.0,1.0,0.0,355.0,0.0,13,0,0,0,0,0,0,45.8346,22.1,69.7,0.0,206.0,0.0,865.0
1018,19,30.0,0.0,2.0,357.0,0.0,11,2,0,0,0,0,0,45.4269,21.6,69.2,0.0,206.0,0.0,865.0
1019,18,30.0,1.0,1.0,358.0,0.0,11,1,1,0,0,0,0,45.0577,21.25,68.7,0.0,206.0,1.0,866.0
1020,17,29.0,0.0,1.0,359.0,0.0,12,1,0,0,0,0,0,44.6615,20.75,68.2,0.0,206.0,0.0,866.0
1021,16,29.0,0.0,0.0,359.0,0.0,12,0,1,0,0,0,0,44.3038,20.25,67.85,0.0,206.0,1.0,867.0
1022,16,28.0,0.0,1.0,360.0,0.0,10,1,2,0,0,0,0,43.9885,19.75,67.85,1.0,207.0,3.0,870.0
1023,15,28.0,0.0,0.0,360.0,0.0,13,0,0,0,0,0,0,43.5808,19.25,67.5,0.0,207.0,0.0,870.0
1024,15,28.0,0.0,0.0,360.0,0.0,13,0,0,0,0,0,0,43.1731,18.75,67.15,0.0,207.0,0.0,870.0
1025,16,29.0,1.0,0.0,360.0,0.0,13,0,0,0,0,0,0,42.7538,18.25,66.8,0.0,207.0,0.0,870.0
1026,16,29.0,0.0,0.0,360.0,0.0,12,0,1,0,0,0,0,42.3615,17.75,66.45,0.0,207.0,1.0,871.0
1027,18,31.0,2.0,0.0,360.0,0.0,12,0,1,0,0,0,0,41.9962,17.25,66.1,1.0,208.0,2.0,873.0
1028,18,31.0,0.0,0.0,360.0,0.0,13,0,0,0,0,0,0,41.5654,16.75,65.75,0.0,208.0,0.0,873.0
1029,18,31.0,0.0,0.0,360.0,0.0,13,0,0,0,0,0,0,41.1346,16.25,65.4,0.0,208.0,0.0,873.0
1030,18,30.0,0.0,1.0,361.0,0.0,12,1,0,0,0,0,0,40.7038,15.75,65.05,0.0,208.0,0.0,873.0
1031,18,29.0,1.0,2.0,363.0,0.0,11,2,0,0,0,0,0,40.2731,15.25,64.7,0.0,208.0,0.0,873.0
1032,17,29.0,0.0,0.0,363.0,0.0,12,1,0,0,0,0,0,39.8923,15.25,64.35,0.0,208.0,0.0,873.0
1033,17,29.0,0.0,0.0,363.0,0.0,12,1,0,0,0,0,0,39.5115,15.25,64.0,0.0,208.0,0.0,873.0
1034,17,29.0,0.0,0.0,363.0,0.0,12,1,0,0,0,0,0,39.1308,15.25,63.65,0.0,208.0,0.0,873.0
1035,19,31.0,2.0,0.0,363.0,0.0,12,1,0,0,0,0,0,38.7385,15.25,63.3,0.0,208.0,0.0,873.0
1036,19,31.0,0.0,0.0,363.0,0.0,10,1,2,0,0,0,0,38.4115,15.25,63.3,0.0,208.0,2.0,875.0
1037,19,29.0,0.0,2.0,365.0,0.0,9,3,1,0,0,0,0,38.0846,15.25,63.3,1.0,209.0,2.0,877.0
1038,17,29.0,0.0,0.0,365.0,0.0,11,1,0,0,1,0,0,37.7154,14.9,62.95,0.0,209.0,0.0,877.0
1039,17,29.0,1.0,1.0,366.0,0.0,11,1,0,0,1,0,0,37.3192,14.55,62.6,0.0,209.0,0.0,877.0
1040,17,29.0,0.0,0.0,366.0,0.0,9,0,2,0,2,0,0,36.9885,14.2,62.25,0.0,209.0,2.0,879.0
1041,17,29.0,0.0,0.0,366.0,0.0,11,0,0,0,2,0,0,36.5923,13.85,61.9,0.0,209.0,0.0,879.0
1042,17,29.0,0.0,0.0,366.0,0.0,11,0,0,0,2,0,0,36.1962,13.5,61.55,0.0,209.0,0.0,879.0
1043,18,30.0,1.0,0.0,366.0,0.0,11,0,1,0,1,0,0,35.8269,13.5,61.2,0.0,209.0,1.0,880.0
1044,18,30.0,0.0,0.0,366.0,0.0,9,0,2,0,2,0,0,35.4962,13.15,61.2,0.0,209.0,2.0,882.0
1045,20,31.0,2.0,1.0,367.0,0.0,8,1,2,0,2,0,0,35.1923,12.8,61.2,1.0,210.0,3.0,885.0
1046,19,30.0,0.0,1.0,368.0,0.0,10,1,1,0,1,0,0,34.8615,12.75,60.85,1.0,211.0,2.0,887.0
1047,19,29.0,0.0,1.0,369.0,0.0,9,1,1,0,2,0,0,34.4923,12.4,60.5,0.0,211.0,1.0,888.0
1048,18,29.0,0.0,0.0,369.0,0.0,11,0,0,0,2,0,0,34.1462,12.05,60.15,0.0,211.0,0.0,888.0
1049,18,28.0,0.0,1.0,370.0,0.0,9,1,1,0,2,0,0,33.8269,11.7,59.8,0.0,211.0,1.0,889.0
1050,17,28.0,0.0,0.0,370.0,0.0,10,0,1,0,2,0,0,33.4692,11.35,59.45,0.0,211.0,1.0,890.0
1051,19,30.0,2.0,0.0,370.0,0.0,9,0,2,0,2,0,0,33.1385,11.0,59.1,0.0,211.0,2.0,892.0
1052,19,30.0,0.0,0.0,370.0,0.0,10,0,1,0,2,0,0,32.7962,10.65,58.75,1.0,212.0,2.0,894.0
1053,19,29.0,0.0,1.0,371.0,0.0,10,1,0,1,1,0,0,32.4,10.3,58.4,0.0,212.0,0.0,894.0
1054,18,28.0,0.0,1.0,372.0,0.0,9,1,1,1,1,0,0,32.7592,10.0,58.05,0.0,212.0,1.0,895.0
1055,18,29.0,1.0,0.0,372.0,0.0,10,0,1,1,1,0,0,33.1569,9.65,58.05,1.0,213.0,2.0,897.0
1056,18,28.0,0.0,1.0,373.0,0.0,10,1,0,1,1,0,0,33.4892,9.3,57.7,0.0,213.0,0.0,897.0
1057,17,28.0,0.0,0.0,373.0,0.0,11,0,0,1,1,0,0,33.81,8.95,57.2,0.0,213.0,0.0,897.0
1058,17,28.0,0.0,0.0,373.0,0.0,11,0,0,2,0,0,0,34.1308,8.6,56.7,0.0,213.0,0.0,897.0
1059,19,30.0,2.0,0.0,373.0,0.0,10,0,1,2,0,0,0,35.22,15.35,64.12,0.0,213.0,1.0,898.0
1060,19,30.0,0.0,0.0,373.0,0.0,9,0,2,2,0,0,0,36.3362,15.0,73.09,0.0,213.0,2.0,900.0
1061,19,30.0,0.0,0.0,373.0,0.0,9,0,1,2,1,0,0,37.4523,14.65,82.06,1.0,214.0,2.0,902.0
1062,19,30.0,0.0,0.0,373.0,0.0,10,0,0,2,1,0,0,38.5031,14.3,91.03,0.0,214.0,0.0,902.0
1063,19,31.0,1.0,0.0,373.0,0.0,11,0,0,1,1,0,0,39.5269,13.95,99.65,0.0,214.0,0.0,902.0
1064,19,31.0,0.0,0.0,373.0,0.0,10,0,0,1,2,0,0,39.8492,13.6,99.3,0.0,214.0,0.0,902.0
1065,20,32.0,1.0,0.0,373.0,0.0,10,0,0,1,2,0,0,40.1831,13.25,98.95,0.0,214.0,0.0,902.0
1066,20,32.0,0.0,0.0,373.0,0.0,10,0,0,1,2,0,0,40.5169,12.9,98.6,0.0,214.0,0.0,902.0
1067,21,33.0,1.0,0.0,373.0,0.0,9,0,1,1,2,0,0,40.8892,12.55,98.25,0.0,214.0,1.0,903.0
1068,21,32.0,0.0,1.0,374.0,0.0,10,1,1,0,1,0,0,41.2615,12.2,99.65,1.0,215.0,2.0,905.0
1069,20,32.0,0.0,0.0,374.0,0.0,10,0,1,0,2,0,0,40.9154,11.85,99.3,0.0,215.0,1.0,906.0
1070,20,32.0,0.0,0.0,374.0,0.0,11,0,1,0,1,0,0,40.5962,11.5,98.95,1.0,216.0,2.0,908.0
1071,20,32.0,0.0,0.0,374.0,0.0,11,0,0,0,2,0,0,40.1885,11.15,98.6,0.0,216.0,0.0,908.0
1072,20,32.0,0.0,0.0,374.0,0.0,10,0,0,0,3,0,0,39.7808,10.8,98.25,0.0,216.0,0.0,908.0
1073,21,33.0,1.0,0.0,374.0,0.0,10,0,0,0,3,0,0,39.3731,10.45,97.9,0.0,216.0,0.0,908.0
1074,21,33.0,0.0,0.0,374.0,0.0,10,0,0,0,3,0,0,38.9654,10.1,97.55,0.0,216.0,0.0,908.0
1075,24,36.0,3.0,0.0,374.0,0.0,10,0,0,0,3,0,0,38.5462,9.75,97.2,0.0,216.0,0.0,908.0
1076,24,36.0,0.0,0.0,374.0,0.0,7,0,3,0,3,0,0,38.2308,9.4,96.85,0.0,216.0,3.0,911.0
1077,24,36.0,0.0,0.0,374.0,0.0,9,0,1,0,3,0,0,37.8654,9.05,96.5,1.0,217.0,2.0,913.0
1078,24,35.0,0.0,1.0,375.0,0.0,9,1,0,0,3,0,0,37.4115,8.7,96.15,0.0,217.0,0.0,913.0
1079,23,33.0,0.0,2.0,377.0,0.0,7,2,1,0,3,0,0,37.0077,8.35,95.8,0.0,217.0,1.0,914.0
1080,22,33.0,0.0,0.0,377.0,0.0,9,0,1,0,3,0,0,36.6538,8.0,95.8,1.0,218.0,2.0,916.0
1081,22,33.0,0.0,0.0,377.0,0.0,10,0,0,0,3,0,0,36.2346,7.65,95.45,0.0,218.0,0.0,916.0
1082,22,32.0,0.0,1.0,378.0,0.0,8,1,2,1,1,0,0,35.8808,7.3,95.1,0.0,218.0,2.0,918.0
1083,22,33.0,1.0,0.0,378.0,0.0,9,0,1,1,2,0,0,36.2635,6.95,94.75,1.0,219.0,2.0,920.0
1084,22,33.0,0.0,0.0,378.0,0.0,9,0,0,1,3,0,0,36.5692,6.6,94.25,0.0,219.0,0.0,920.0
1085,23,34.0,1.0,0.0,378.0,0.0,7,0,2,1,3,0,0,36.9519,6.25,93.75,0.0,219.0,2.0,922.0
1086,23,34.0,0.0,0.0,378.0,0.0,8,0,1,1,3,0,0,37.3346,5.9,93.25,1.0,220.0,2.0,924.0
1087,25,35.0,2.0,1.0,379.0,0.0,8,1,0,2,2,0,0,37.6404,5.55,92.75,0.0,220.0,0.0,924.0
1088,25,35.0,0.0,0.0,379.0,0.0,7,0,2,2,2,0,0,38.7765,9.6,92.4,0.0,220.0,2.0,926.0
1089,25,33.0,0.0,2.0,381.0,0.0,6,2,1,2,2,0,0,39.9012,9.25,92.05,1.0,221.0,2.0,928.0
1090,23,33.0,0.0,0.0,381.0,0.0,9,0,0,2,2,0,0,40.9835,8.9,91.7,0.0,221.0,0.0,928.0
1091,24,34.0,1.0,0.0,381.0,0.0,9,0,0,2,2,0,0,42.0658,8.55,91.35,0.0,221.0,0.0,928.0
1092,23,34.0,0.0,0.0,381.0,0.0,8,0,2,1,2,0,0,43.175,8.2,99.65,0.0,221.0,2.0,930.0
1093,23,34.0,0.0,0.0,381.0,0.0,8,0,2,1,2,0,0,43.5862,7.85,99.3,0.0,221.0,2.0,932.0
1094,23,33.0,0.0,1.0,382.0,0.0,8,1,1,1,2,0,0,43.9858,7.5,98.95,1.0,222.0,2.0,934.0
1095,23,34.0,1.0,0.0,382.0,0.0,10,0,0,1,2,0,0,44.3315,7.15,98.6,0.0,222.0,0.0,934.0
1096,23,32.0,0.0,2.0,384.0,0.0,8,2,0,1,2,0,0,44.6658,6.8,98.25,0.0,222.0,0.0,934.0
1097,21,31.0,0.0,1.0,385.0,0.0,10,1,0,0,2,0,0,44.9962,6.45,99.65,0.0,222.0,0.0,934.0
1098,20,31.0,0.0,0.0,385.0,0.0,11,0,0,1,1,0,0,44.6115,6.1,99.3,0.0,222.0,0.0,934.0
1099,22,33.0,2.0,0.0,385.0,0.0,9,0,1,2,1,0,0,44.9773,5.75,98.95,0.0,222.0,1.0,935.0
1100,22,33.0,0.0,0.0,385.0,0.0,10,0,0,2,1,0,0,46.0796,14.15,98.6,0.0,222.0,0.0,935.0
1101,23,33.0,1.0,1.0,386.0,0.0,9,1,0,2,1,0,0,47.1704,13.8,98.25,0.0,222.0,0.0,935.0
1102,22,32.0,0.0,1.0,387.0,0.0,9,1,0,2,1,0,0,48.2727,13.45,97.9,0.0,222.0,0.0,935.0
1103,22,32.0,0.0,0.0,387.0,0.0,10,0,0,2,1,0,0,49.3865,13.1,97.55,0.0,222.0,0.0,935.0
1104,22,32.0,0.0,0.0,387.0,0.0,10,0,0,2,1,0,0,50.4888,12.75,97.2,0.0,222.0,0.0,935.0
1105,23,33.0,1.0,0.0,387.0,0.0,10,0,0,2,1,0,0,51.5796,12.4,96.85,0.0,222.0,0.0,935.0
1106,23,33.0,0.0,0.0,387.0,0.0,10,0,0,2,1,0,0,52.6588,12.05,96.5,0.0,222.0,0.0,935.0
1107,24,33.0,1.0,1.0,388.0,0.0,9,1,0,2,1,0,0,53.7265,11.7,96.15,0.0,222.0,0.0,935.0
1108,22,33.0,0.0,0.0,388.0,0.0,11,0,0,1,1,0,0,54.7673,11.35,99.65,0.0,222.0,0.0,935.0
1109,21,32.0,0.0,1.0,389.0,0.0,11,1,0,0,1,0,0,55.0846,11.0,99.65,0.0,222.0,0.0,935.0
1110,20,32.0,0.0,0.0,389.0,0.0,10,0,2,0,1,0,0,54.7423,10.65,99.65,0.0,222.0,2.0,937.0
1111,21,32.0,1.0,1.0,390.0,0.0,10,1,1,0,1,0,0,54.3885,10.3,99.65,1.0,223.0,2.0,939.0
1112,20,32.0,0.0,0.0,390.0,0.0,11,0,0,0,2,0,0,53.9923,9.95,99.3,0.0,223.0,0.0,939.0
1113,20,31.0,0.0,1.0,391.0,0.0,10,1,0,0,2,0,0,53.5962,9.6,98.95,0.0,223.0,0.0,939.0
1114,20,30.0,0.0,1.0,392.0,0.0,10,1,0,0,2,0,0,53.2115,9.25,98.6,0.0,223.0,0.0,939.0
1115,22,33.0,3.0,0.0,392.0,0.0,10,0,0,0,3,0,0,52.8385,8.9,98.25,0.0,223.0,0.0,939.0
1116,22,33.0,0.0,0.0,392.0,0.0,9,0,1,0,3,0,0,52.4923,8.55,97.9,0.0,223.0,1.0,940.0
1117,22,33.0,0.0,0.0,392.0,0.0,9,0,1,0,3,0,0,52.1577,8.2,97.55,0.0,223.0,1.0,941.0
1118,22,33.0,0.0,0.0,392.0,0.0,8,0,3,0,2,0,0,51.8923,7.85,97.2,1.0,224.0,4.0,945.0
1119,22,33.0,0.0,0.0,392.0,0.0,10,0,0,0,3,0,0,51.5077,7.5,96.85,0.0,224.0,0.0,945.0
1120,22,32.0,0.0,1.0,393.0,0.0,9,1,0,0,3,0,0,51.1115,7.15,96.5,0.0,224.0,0.0,945.0
1121,22,32.0,0.0,0.0,393.0,0.0,9,0,2,0,2,0,0,50.7923,6.8,96.15,0.0,224.0,2.0,947.0
1122,22,32.0,0.0,0.0,393.0,0.0,9,0,1,0,3,0,0,50.4615,6.45,95.8,1.0,225.0,2.0,949.0
1123,24,34.0,2.0,0.0,393.0,0.0,10,0,0,1,2,0,0,50.0654,6.1,95.45,0.0,225.0,0.0,949.0
1124,24,33.0,0.0,1.0,394.0,0.0,9,1,0,1,2,0,0,50.4185,10.65,95.1,0.0,225.0,0.0,949.0
1125,24,34.0,1.0,0.0,394.0,0.0,10,0,0,1,2,0,0,50.7831,10.3,94.75,0.0,225.0,0.0,949.0
1126,24,34.0,0.0,0.0,394.0,0.0,9,0,1,1,2,0,0,51.1631,9.95,94.4,0.0,225.0,1.0,950.0
1127,24,34.0,0.0,0.0,394.0,0.0,8,0,3,1,1,0,0,51.6354,9.95,94.05,1.0,226.0,4.0,954.0
1128,24,33.0,0.0,1.0,395.0,0.0,8,1,2,1,1,0,0,52.0808,9.95,93.7,1.0,227.0,3.0,957.0
1129,24,33.0,1.0,1.0,396.0,0.0,8,1,1,1,2,0,0,52.4723,9.6,93.35,0.0,227.0,1.0,958.0
1130,23,32.0,0.0,1.0,397.0,0.0,9,1,0,1,2,0,0,52.8369,9.25,93.0,0.0,227.0,0.0,958.0
1131,23,32.0,1.0,1.0,398.0,0.0,9,1,0,1,2,0,0,53.2131,8.9,92.65,0.0,227.0,0.0,958.0
1132,22,32.0,0.0,0.0,398.0,0.0,9,0,1,1,2,0,0,53.6277,8.55,92.3,0.0,227.0,1.0,959.0
1133,21,32.0,0.0,0.0,398.0,0.0,9,0,2,0,2,0,0,54.0308,8.2,99.65,0.0,227.0,2.0,961.0
1134,21,32.0,0.0,0.0,398.0,0.0,10,0,1,0,2,0,0,53.7115,7.85,99.3,1.0,228.0,2.0,963.0
1135,23,34.0,2.0,0.0,398.0,0.0,10,0,1,0,2,0,0,53.3538,7.5,98.95,0.0,228.0,1.0,964.0
1136,23,33.0,0.0,1.0,399.0,0.0,9,1,0,1,2,0,0,52.9577,7.15,98.6,0.0,228.0,0.0,964.0
1137,22,32.0,0.0,1.0,400.0,0.0,9,1,0,1,2,0,0,53.3142,7.95,98.25,0.0,228.0,0.0,964.0
1138,22,32.0,0.0,0.0,400.0,0.0,9,0,0,1,3,0,0,53.6823,7.6,97.9,0.0,228.0,0.0,964.0
1139,23,33.0,1.0,0.0,400.0,0.0,9,0,0,2,2,0,0,54.0388,7.25,97.55,0.0,228.0,0.0,964.0
1140,23,33.0,0.0,0.0,400.0,0.0,8,0,2,2,1,0,0,55.2012,13.7,97.2,0.0,228.0,2.0,966.0
1141,23,33.0,0.0,0.0,400.0,0.0,8,0,1,2,2,0,0,56.3635,13.7,96.85,1.0,229.0,2.0,968.0
1142,23,33.0,0.0,0.0,400.0,0.0,8,0,2,2,1,0,0,57.5142,13.35,96.5,0.0,229.0,2.0,970.0
1143,24,34.0,1.0,0.0,400.0,0.0,8,0,2,2,1,0,0,58.7035,13.0,96.15,1.0,230.0,3.0,973.0
1144,24,34.0,0.0,0.0,400.0,0.0,9,0,0,2,2,0,0,59.7888,12.65,95.8,0.0,230.0,0.0,973.0
1145,25,35.0,1.0,0.0,400.0,0.0,9,0,2,2,0,0,0,60.9665,12.65,95.45,0.0,230.0,2.0,975.0
1146,24,35.0,0.0,0.0,400.0,0.0,9,0,1,1,2,0,0,62.1173,12.3,99.65,1.0,231.0,2.0,977.0
1147,26,36.0,2.0,1.0,401.0,0.0,8,1,1,1,2,0,0,62.5269,11.95,99.3,1.0,232.0,2.0,979.0
1148,25,36.0,0.0,0.0,401.0,0.0,10,0,0,1,2,0,0,62.8827,11.6,98.95,0.0,232.0,0.0,979.0
1149,25,36.0,0.0,0.0,401.0,0.0,11,0,0,0,2,0,0,63.2,11.25,99.65,0.0,232.0,0.0,979.0
1150,25,36.0,0.0,0.0,401.0,0.0,10,0,0,0,3,0,0,62.8038,10.9,99.3,0.0,232.0,0.0,979.0
1151,25,35.0,0.0,1.0,402.0,0.0,9,1,1,0,2,0,0,62.4346,10.55,98.95,0.0,232.0,1.0,980.0
1152,25,35.0,0.0,0.0,402.0,0.0,10,0,0,0,3,0,0,62.05,10.2,98.6,0.0,232.0,0.0,980.0
1153,25,34.0,0.0,1.0,403.0,0.0,9,1,0,0,3,0,0,61.6538,9.85,98.25,0.0,232.0,0.0,980.0
1154,24,34.0,0.0,0.0,403.0,0.0,10,0,0,0,3,0,0,61.2692,9.5,97.9,0.0,232.0,0.0,980.0
1155,26,36.0,2.0,0.0,403.0,0.0,10,0,0,0,3,0,0,60.8846,9.15,97.55,0.0,232.0,0.0,980.0
1156,26,36.0,0.0,0.0,403.0,0.0,10,0,0,0,3,0,0,60.4885,8.8,97.2,0.0,232.0,0.0,980.0
1157,27,36.0,1.0,1.0,404.0,0.0,7,1,2,0,3,0,0,60.1462,8.45,96.85,0.0,232.0,2.0,982.0
1158,27,36.0,0.0,0.0,404.0,0.0,8,0,1,0,4,0,0,59.8154,8.1,96.5,1.0,233.0,2.0,984.0
1159,28,37.0,1.0,0.0,404.0,0.0,9,0,0,0,4,0,0,59.4077,7.75,96.15,0.0,233.0,0.0,984.0
1160,28,37.0,0.0,0.0,404.0,0.0,7,0,2,1,3,0,0,59.0423,7.4,95.8,0.0,233.0,2.0,986.0
1161,28,36.0,0.0,1.0,405.0,0.0,6,1,2,1,3,0,0,59.4546,8.2,95.45,1.0,234.0,3.0,989.0
1162,27,36.0,0.0,0.0,405.0,0.0,8,0,1,1,3,0,0,59.8246,7.85,95.1,0.0,234.0,1.0,990.0
1163,28,36.0,1.0,1.0,406.0,0.0,8,1,0,1,3,0,0,60.1446,7.5,94.75,0.0,234.0,0.0,990.0
1164,27,36.0,0.0,0.0,406.0,0.0,9,0,0,1,3,0,0,60.4762,7.15,94.4,0.0,234.0,0.0,990.0
1165,28,37.0,1.0,0.0,406.0,0.0,9,0,0,1,3,0,0,60.7962,6.8,94.05,0.0,234.0,0.0,990.0
1166,28,37.0,0.0,0.0,406.0,0.0,9,0,0,1,3,0,0,61.1162,6.45,93.7,0.0,234.0,0.0,990.0
1167,28,35.0,0.0,2.0,408.0,0.0,7,2,0,2,2,0,0,61.4362,6.1,93.35,0.0,234.0,0.0,990.0
1168,26,33.0,0.0,2.0,410.0,0.0,7,2,0,2,2,0,0,62.5042,5.75,93.0,0.0,234.0,0.0,990.0
1169,24,33.0,0.0,0.0,410.0,0.0,9,0,0,2,2,0,0,63.5954,5.4,92.65,0.0,234.0,0.0,990.0
1170,23,33.0,0.0,0.0,410.0,0.0,10,0,0,1,2,0,0,64.6596,5.05,99.65,0.0,234.0,0.0,990.0
1171,26,36.0,3.0,0.0,410.0,0.0,10,0,0,1,2,0,0,65.0115,4.7,99.3,0.0,234.0,0.0,990.0
1172,26,35.0,0.0,1.0,411.0,0.0,9,1,0,1,2,0,0,65.3635,4.35,98.95,0.0,234.0,0.0,990.0
1173,25,35.0,0.0,0.0,411.0,0.0,10,0,0,1,2,0,0,65.7154,4.0,98.6,0.0,234.0,0.0,990.0
1174,25,35.0,0.0,0.0,411.0,0.0,10,0,0,1,2,0,0,66.0558,3.65,98.25,0.0,234.0,0.0,990.0
1175,26,35.0,1.0,1.0,412.0,0.0,7,1,2,2,1,0,0,66.45,3.3,97.9,0.0,234.0,2.0,992.0
1176,25,35.0,0.0,0.0,412.0,0.0,10,0,0,2,1,0,0,67.5727,8.3,97.55,0.0,234.0,0.0,992.0
1177,24,35.0,0.0,0.0,412.0,0.0,10,0,1,1,1,0,0,68.6838,7.95,99.65,0.0,234.0,1.0,993.0
1178,24,35.0,0.0,0.0,412.0,0.0,10,0,2,1,0,0,0,69.1623,7.95,99.3,1.0,235.0,3.0,996.0
1179,25,35.0,1.0,1.0,413.0,0.0,8,1,2,1,1,0,0,69.6023,7.6,98.95,0.0,235.0,2.0,998.0
1180,24,35.0,0.0,0.0,413.0,0.0,10,0,1,1,1,0,0,70.0538,7.25,98.6,1.0,236.0,2.0,1000.0
1181,24,35.0,0.0,0.0,413.0,0.0,11,0,0,1,1,0,0,70.4515,6.9,98.25,0.0,236.0,0.0,1000.0
1182,24,35.0,0.0,0.0,413.0,0.0,11,0,0,1,1,0,0,70.8492,6.55,97.9,0.0,236.0,0.0,1000.0
1183,25,36.0,1.0,0.0,413.0,0.0,11,0,0,1,1,0,0,71.2354,6.2,97.55,0.0,236.0,0.0,1000.0
1184,25,36.0,0.0,0.0,413.0,0.0,11,0,0,1,1,0,0,71.61,5.85,97.2,0.0,236.0,0.0,1000.0
1185,26,38.0,2.0,0.0,413.0,0.0,12,0,0,0,1,0,0,71.9462,5.5,99.65,0.0,236.0,0.0,1000.0
1186,26,38.0,0.0,0.0,413.0,0.0,10,0,2,0,1,0,0,71.6154,5.15,99.3,0.0,236.0,2.0,1002.0
1187,27,38.0,1.0,1.0,414.0,0.0,8,1,3,1,0,0,0,71.35,4.8,98.95,1.0,237.0,4.0,1006.0
1188,26,38.0,0.0,0.0,414.0,0.0,11,0,1,1,0,0,0,71.79,14.32,98.6,1.0,238.0,2.0,1008.0
1189,26,38.0,0.0,0.0,414.0,0.0,12,0,0,1,0,0,0,72.13,23.84,98.25,0.0,238.0,0.0,1008.0
1190,26,38.0,0.0,0.0,414.0,0.0,12,0,0,1,0,0,0,72.4585,33.36,97.9,0.0,238.0,0.0,1008.0
1191,26,38.0,0.0,0.0,414.0,0.0,10,0,2,1,0,0,0,72.8408,42.88,97.55,0.0,238.0,2.0,1010.0
1192,26,38.0,0.0,0.0,414.0,0.0,11,0,1,1,0,0,0,73.1846,51.1,97.2,0.0,238.0,1.0,1011.0
1193,26,38.0,0.0,0.0,414.0,0.0,11,0,1,1,0,0,0,73.5669,50.6,96.85,1.0,239.0,2.0,1013.0
1194,26,37.0,0.0,1.0,415.0,0.0,10,1,1,1,0,0,0,73.9223,50.1,96.5,0.0,239.0,1.0,1014.0
1195,28,40.0,3.0,0.0,415.0,0.0,11,0,1,1,0,0,0,74.2892,49.6,96.15,0.0,239.0,1.0,1015.0
1196,28,39.0,0.0,1.0,416.0,0.0,10,1,1,1,0,0,0,74.6562,49.1,95.8,0.0,239.0,1.0,1016.0
1197,26,38.0,0.0,1.0,417.0,0.0,12,1,0,0,0,0,0,74.9692,48.6,99.65,0.0,239.0,0.0,1016.0
1198,25,38.0,0.0,0.0,417.0,0.0,13,0,0,0,0,0,0,74.5615,48.25,99.3,0.0,239.0,0.0,1016.0
1199,26,38.0,1.0,1.0,418.0,0.0,12,1,0,0,0,0,0,74.1538,47.9,98.95,0.0,239.0,0.0,1016.0
1200,25,38.0,0.0,0.0,418.0,0.0,12,0,1,0,0,0,0,73.7846,47.55,98.6,0.0,239.0,1.0,1017.0
1201,25,37.0,0.0,1.0,419.0,0.0,10,1,2,0,0,0,0,73.4308,47.2,98.25,0.0,239.0,2.0,1019.0
1202,24,36.0,0.0,1.0,420.0,0.0,10,1,2,0,0,0,0,73.1038,46.85,97.9,1.0,240.0,3.0,1022.0
1203,24,36.0,1.0,1.0,421.0,0.0,12,1,0,0,0,0,0,72.7346,46.5,97.55,1.0,241.0,1.0,1023.0
1204,23,36.0,0.0,0.0,421.0,0.0,11,0,2,0,0,0,0,72.4038,46.15,97.2,0.0,241.0,2.0,1025.0
1205,24,37.0,1.0,0.0,421.0,0.0,11,0,2,0,0,0,0,72.0731,45.8,96.85,0.0,241.0,2.0,1027.0
1206,24,37.0,0.0,0.0,421.0,0.0,11,0,2,0,0,0,0,71.7577,45.45,96.5,1.0,242.0,3.0,1030.0
1207,25,37.0,1.0,1.0,422.0,0.0,12,1,0,0,0,0,0,71.3615,45.1,96.15,0.0,242.0,0.0,1030.0
1208,24,36.0,0.0,1.0,423.0,0.0,10,1,2,0,0,0,0,71.0192,44.75,95.8,0.0,242.0,2.0,1032.0
1209,23,36.0,0.0,0.0,423.0,0.0,12,0,1,0,0,0,0,70.6769,44.25,95.45,1.0,243.0,2.0,1034.0
1210,23,36.0,0.0,0.0,423.0,0.0,12,0,1,0,0,0,0,70.3077,43.75,95.1,0.0,243.0,1.0,1035.0
1211,24,37.0,1.0,0.0,423.0,0.0,13,0,0,0,0,0,0,69.9,43.25,94.75,0.0,243.0,0.0,1035.0
1212,24,37.0,0.0,0.0,423.0,0.0,13,0,0,0,0,0,0,69.4923,42.75,94.4,0.0,243.0,0.0,1035.0
1213,25,38.0,1.0,0.0,423.0,0.0,13,0,0,0,0,0,0,69.0846,42.25,94.05,0.0,243.0,0.0,1035.0
1214,25,37.0,0.0,1.0,424.0,0.0,12,1,0,0,0,0,0,68.6769,41.75,93.7,0.0,243.0,0.0,1035.0
1215,25,37.0,1.0,1.0,425.0,0.0,12,1,0,0,0,0,0,68.2808,41.25,93.35,0.0,243.0,0.0,1035.0
1216,24,37.0,0.0,0.0,425.0,0.0,10,0,3,0,0,0,0,67.9885,40.75,93.0,0.0,243.0,3.0,1038.0
1217,24,37.0,0.0,0.0,425.0,0.0,12,0,1,0,0,0,0,67.6577,40.25,92.65,1.0,244.0,2.0,1040.0
1218,24,37.0,0.0,0.0,425.0,0.0,13,0,0,0,0,0,0,67.2385,39.75,92.3,0.0,244.0,0.0,1040.0
1219,26,38.0,2.0,1.0,426.0,0.0,12,1,0,0,0,0,0,66.8077,39.25,91.95,0.0,244.0,0.0,1040.0
1220,25,38.0,0.0,0.0,426.0,0.0,11,0,2,0,0,0,0,66.4538,39.25,91.6,0.0,244.0,2.0,1042.0
1221,25,37.0,0.0,1.0,427.0,0.0,10,1,2,0,0,0,0,66.1154,39.25,91.25,1.0,245.0,3.0,1045.0
1222,24,36.0,0.0,1.0,428.0,0.0,10,1,2,0,0,0,0,65.7769,38.75,90.9,1.0,246.0,3.0,1048.0
1223,23,36.0,0.0,0.0,428.0,0.0,10,0,3,0,0,0,0,65.4615,38.25,90.55,0.0,246.0,3.0,1051.0
1224,23,36.0,0.0,0.0,428.0,0.0,10,0,3,0,0,0,0,65.1846,38.25,90.2,1.0,247.0,4.0,1055.0
1225,24,36.0,1.0,1.0,429.0,0.0,9,1,3,0,0,0,0,64.9077,38.25,89.85,1.0,248.0,4.0,1059.0
1226,23,36.0,0.0,0.0,429.0,0.0,9,0,4,0,0,0,0,64.6577,37.75,89.85,1.0,249.0,5.0,1064.0
1227,25,38.0,2.0,0.0,429.0,0.0,11,0,2,0,0,0,0,64.3808,37.75,89.85,2.0,251.0,4.0,1068.0
1228,25,38.0,0.0,0.0,429.0,0.0,13,0,0,0,0,0,0,63.9731,37.25,89.5,0.0,251.0,0.0,1068.0
1229,25,38.0,0.0,0.0,429.0,0.0,12,0,1,0,0,0,0,63.5923,36.75,89.15,0.0,251.0,1.0,1069.0
1230,25,38.0,0.0,0.0,429.0,0.0,11,0,2,0,0,0,0,63.2385,36.25,89.15,0.0,251.0,2.0,1071.0
1231,26,39.0,1.0,0.0,429.0,0.0,13,0,0,0,0,0,0,62.8192,35.75,88.8,0.0,251.0,0.0,1071.0
1232,26,39.0,0.0,0.0,429.0,0.0,13,0,0,0,0,0,0,62.4,35.25,88.45,0.0,251.0,0.0,1071.0
1233,26,38.0,0.0,1.0,430.0,0.0,11,1,1,0,0,0,0,62.0192,34.75,88.1,0.0,251.0,1.0,1072.0
1234,25,37.0,0.0,1.0,431.0,0.0,12,1,0,0,0,0,0,61.6,34.25,87.75,0.0,251.0,0.0,1072.0
1235,26,39.0,2.0,0.0,431.0,0.0,10,0,3,0,0,0,0,61.2731,33.75,87.4,0.0,251.0,3.0,1075.0
1236,26,39.0,0.0,0.0,431.0,0.0,12,0,1,0,0,0,0,60.9192,33.25,87.05,1.0,252.0,2.0,1077.0
1237,26,39.0,0.0,0.0,431.0,0.0,12,0,1,0,0,0,0,60.5269,32.75,86.7,0.0,252.0,1.0,1078.0
1238,26,38.0,0.0,1.0,432.0,0.0,11,1,1,0,0,0,0,60.1615,32.25,86.35,1.0,253.0,2.0,1080.0
1239,25,38.0,0.0,0.0,432.0,0.0,12,0,1,0,0,0,0,59.7808,31.9,86.0,0.0,253.0,1.0,1081.0
1240,25,38.0,0.0,0.0,432.0,0.0,10,0,3,0,0,0,0,59.5038,31.55,85.65,1.0,254.0,4.0,1085.0
1241,26,38.0,1.0,1.0,433.0,0.0,11,1,1,0,0,0,0,59.1,31.2,85.3,0.0,254.0,1.0,1086.0
1242,25,37.0,0.0,1.0,434.0,0.0,12,1,0,0,0,0,0,58.6808,30.85,84.95,0.0,254.0,0.0,1086.0
1243,26,38.0,2.0,1.0,435.0,0.0,12,1,0,0,0,0,0,58.2731,30.5,84.6,0.0,254.0,0.0,1086.0
1244,25,38.0,0.0,0.0,435.0,0.0,11,0,2,0,0,0,0,57.9077,30.5,84.1,0.0,254.0,2.0,1088.0
1245,26,39.0,1.0,0.0,435.0,0.0,12,0,1,0,0,0,0,57.5423,30.5,83.6,1.0,255.0,2.0,1090.0
1246,26,39.0,0.0,0.0,435.0,0.0,12,0,1,0,0,0,0,57.1615,30.15,83.6,0.0,255.0,1.0,1091.0
1247,26,39.0,0.0,0.0,435.0,0.0,12,0,1,0,0,0,0,56.7692,29.8,83.1,0.0,255.0,1.0,1092.0
1248,26,39.0,0.0,0.0,435.0,0.0,12,0,1,0,0,0,0,56.3654,29.45,82.6,0.0,255.0,1.0,1093.0
1249,26,39.0,0.0,0.0,435.0,0.0,13,0,0,0,0,0,0,55.9346,29.1,82.1,0.0,255.0,0.0,1093.0
1250,26,38.0,0.0,1.0,436.0,0.0,12,1,0,0,0,0,0,55.5038,28.75,81.6,0.0,255.0,0.0,1093.0
1251,26,39.0,1.0,0.0,436.0,0.0,13,0,0,0,0,0,0,55.0615,28.4,81.1,0.0,255.0,0.0,1093.0
1252,26,39.0,0.0,0.0,436.0,0.0,12,0,1,0,0,0,0,54.6577,28.05,80.6,0.0,255.0,1.0,1094.0
1253,26,37.0,0.0,2.0,438.0,0.0,11,2,0,0,0,0,0,54.2538,27.7,80.1,1.0,256.0,1.0,1095.0
1254,24,37.0,0.0,0.0,438.0,0.0,12,0,1,0,0,0,0,53.8731,27.35,79.6,0.0,256.0,1.0,1096.0
1255,27,40.0,3.0,0.0,438.0,0.0,13,0,0,0,0,0,0,53.4538,27.0,79.1,0.0,256.0,0.0,1096.0
1256,27,39.0,0.0,1.0,439.0,0.0,12,1,0,0,0,0,0,53.0346,26.65,78.6,0.0,256.0,0.0,1096.0
1257,26,37.0,0.0,2.0,441.0,0.0,11,2,0,0,0,0,0,52.6269,26.3,78.1,0.0,256.0,0.0,1096.0
1258,24,37.0,0.0,0.0,441.0,0.0,13,0,0,0,0,0,0,52.2423,25.95,77.6,0.0,256.0,0.0,1096.0
1259,25,38.0,1.0,0.0,441.0,0.0,13,0,0,0,0,0,0,51.8577,25.6,77.1,0.0,256.0,0.0,1096.0
1260,25,38.0,0.0,0.0,441.0,0.0,12,0,1,0,0,0,0,51.4885,25.25,76.6,0.0,256.0,1.0,1097.0
1261,25,38.0,0.0,0.0,441.0,0.0,12,0,1,0,0,0,0,51.1462,25.25,76.1,1.0,257.0,2.0,1099.0
1262,25,38.0,0.0,0.0,441.0,0.0,13,0,0,0,0,0,0,50.75,24.9,75.6,0.0,257.0,0.0,1099.0
1263,25,38.0,0.0,0.0,441.0,0.0,12,0,1,0,0,0,0,50.3692,24.9,75.1,0.0,257.0,1.0,1100.0
1264,25,37.0,0.0,1.0,442.0,0.0,12,1,0,0,0,0,0,49.95,24.55,74.6,0.0,257.0,0.0,1100.0
1265,25,38.0,1.0,0.0,442.0,0.0,13,0,0,0,0,0,0,49.5308,24.2,74.1,0.0,257.0,0.0,1100.0
1266,25,37.0,0.0,1.0,443.0,0.0,12,1,0,0,0,0,0,49.1,23.85,73.6,0.0,257.0,0.0,1100.0
1267,26,37.0,2.0,2.0,445.0,0.0,11,2,0,0,0,0,0,48.6577,23.5,73.1,0.0,257.0,0.0,1100.0
1268,24,37.0,0.0,0.0,445.0,0.0,12,0,1,0,0,0,0,48.2769,23.15,72.6,0.0,257.0,1.0,1101.0
1269,25,37.0,1.0,1.0,446.0,0.0,11,1,1,0,0,0,0,47.9231,22.8,72.1,1.0,258.0,2.0,1103.0
1270,24,37.0,0.0,0.0,446.0,0.0,13,0,0,0,0,0,0,47.5038,22.3,71.6,0.0,258.0,0.0,1103.0
1271,24,37.0,0.0,0.0,446.0,0.0,11,0,2,0,0,0,0,47.1385,21.8,71.2,0.0,258.0,2.0,1105.0
1272,24,37.0,0.0,0.0,446.0,0.0,11,0,2,0,0,0,0,46.7769,21.3,70.7,1.0,259.0,3.0,1108.0
1273,24,37.0,0.0,0.0,446.0,0.0,13,0,0,0,0,0,0,46.3615,20.8,70.2,1.0,260.0,1.0,1109.0
1274,24,37.0,0.0,0.0,446.0,0.0,13,0,0,0,0,0,0,45.9346,20.3,69.7,0.0,260.0,0.0,1109.0
1275,26,39.0,2.0,0.0,446.0,0.0,13,0,0,0,0,0,0,45.4808,19.8,69.2,0.0,260.0,0.0,1109.0
1276,26,39.0,0.0,0.0,446.0,0.0,12,0,1,0,0,0,0,45.0538,19.3,68.7,0.0,260.0,1.0,1110.0
1277,26,38.0,0.0,1.0,447.0,0.0,12,1,0,0,0,0,0,44.5769,18.8,68.2,0.0,260.0,0.0,1110.0
1278,25,36.0,0.0,2.0,449.0,0.0,9,2,2,0,0,0,0,44.1885,18.8,67.7,0.0,260.0,2.0,1112.0
1279,24,36.0,1.0,1.0,450.0,0.0,11,1,1,0,0,0,0,43.8231,18.8,67.2,1.0,261.0,2.0,1114.0
1280,23,36.0,0.0,0.0,450.0,0.0,13,0,0,0,0,0,0,43.3923,18.3,66.7,0.0,261.0,0.0,1114.0
1281,23,35.0,0.0,1.0,451.0,0.0,11,1,1,0,0,0,0,43.0,18.3,66.2,0.0,261.0,1.0,1115.0
1282,22,35.0,0.0,0.0,451.0,0.0,11,0,2,0,0,0,0,42.6462,17.8,65.75,0.0,261.0,2.0,1117.0
1283,24,37.0,2.0,0.0,451.0,0.0,10,0,3,0,0,0,0,42.3577,17.8,65.4,1.0,262.0,4.0,1121.0
1284,24,37.0,0.0,0.0,451.0,0.0,12,0,1,0,0,0,0,42.0038,17.8,65.05,1.0,263.0,2.0,1123.0
1285,25,37.0,1.0,1.0,452.0,0.0,10,1,2,0,0,0,0,41.6615,17.8,64.7,0.0,263.0,2.0,1125.0
1286,24,37.0,0.0,0.0,452.0,0.0,11,0,2,0,0,0,0,41.3577,17.75,64.35,1.0,264.0,3.0,1128.0
1287,24,37.0,0.0,0.0,452.0,0.0,12,0,1,0,0,0,0,41.0154,17.25,64.0,1.0,265.0,2.0,1130.0
1288,24,37.0,0.0,0.0,452.0,0.0,12,0,1,0,0,0,0,40.6346,16.75,63.65,0.0,265.0,1.0,1131.0
1289,24,37.0,0.0,0.0,452.0,0.0,10,0,3,0,0,0,0,40.3192,16.25,63.3,0.0,265.0,3.0,1134.0
1290,24,36.0,0.0,1.0,453.0,0.0,11,1,1,0,0,0,0,39.9769,15.75,62.95,1.0,266.0,2.0,1136.0
1291,25,38.0,2.0,0.0,453.0,0.0,11,0,2,0,0,0,0,39.6462,15.4,62.6,0.0,266.0,2.0,1138.0
1292,25,38.0,0.0,0.0,453.0,0.0,13,0,0,0,0,0,0,39.2385,15.05,62.25,0.0,266.0,0.0,1138.0
1293,25,38.0,0.0,0.0,453.0,0.0,11,0,0,0,2,0,0,38.8308,14.7,61.9,0.0,266.0,0.0,1138.0
1294,25,37.0,0.0,1.0,454.0,0.0,8,1,2,0,2,0,0,38.4885,14.35,61.9,0.0,266.0,2.0,1140.0
1295,26,38.0,1.0,0.0,454.0,0.0,8,0,3,0,2,0,0,38.2115,14.0,61.9,1.0,267.0,4.0,1144.0
1296,26,38.0,0.0,0.0,454.0,0.0,11,0,0,0,2,0,0,37.8038,13.65,61.55,0.0,267.0,0.0,1144.0
1297,27,39.0,1.0,0.0,454.0,0.0,11,0,0,0,2,0,0,37.3846,13.3,61.2,0.0,267.0,0.0,1144.0
1298,27,39.0,0.0,0.0,454.0,0.0,11,0,0,0,2,0,0,36.9538,12.95,60.85,0.0,267.0,0.0,1144.0
1299,28,39.0,1.0,1.0,455.0,0.0,10,1,0,0,2,0,0,36.5115,12.6,60.35,0.0,267.0,0.0,1144.0
1300,27,39.0,0.0,0.0,455.0,0.0,11,0,0,0,2,0,0,36.0808,12.25,59.85,0.0,267.0,0.0,1144.0
1301,27,39.0,0.0,0.0,455.0,0.0,11,0,0,0,2,0,0,35.65,11.9,59.35,0.0,267.0,0.0,1144.0
1302,27,39.0,0.0,0.0,455.0,0.0,10,0,0,0,3,0,0,35.2192,11.55,58.85,0.0,267.0,0.0,1144.0
1303,28,39.0,1.0,1.0,456.0,0.0,9,1,0,0,3,0,0,34.7885,11.2,58.35,0.0,267.0,0.0,1144.0
1304,28,38.0,0.0,1.0,457.0,0.0,9,1,0,0,3,0,0,34.3462,10.85,57.85,0.0,267.0,0.0,1144.0
1305,28,38.0,1.0,1.0,458.0,0.0,9,1,0,0,3,0,0,33.9038,10.5,57.35,0.0,267.0,0.0,1144.0
1306,28,38.0,0.0,0.0,458.0,0.0,9,0,1,0,3,0,0,33.5,10.15,56.85,0.0,267.0,1.0,1145.0
1307,29,38.0,1.0,1.0,459.0,0.0,8,1,1,0,3,0,0,33.0962,9.8,56.35,0.0,267.0,1.0,1146.0
1308,29,36.0,0.0,2.0,461.0,0.0,7,3,1,0,2,0,0,32.7577,9.45,55.85,1.0,268.0,2.0,1148.0
1309,26,36.0,0.0,0.0,461.0,0.0,9,0,0,0,4,0,0,32.35,9.1,55.35,0.0,268.0,0.0,1148.0
1310,26,36.0,0.0,0.0,461.0,0.0,9,0,0,1,3,0,0,31.9423,8.75,55.0,0.0,268.0,0.0,1148.0
1311,27,35.0,1.0,2.0,463.0,0.0,7,2,0,1,3,0,0,32.2627,8.4,54.65,0.0,268.0,0.0,1148.0
1312,26,35.0,0.0,0.0,463.0,0.0,9,0,0,1,3,0,0,32.6062,8.05,54.3,0.0,268.0,0.0,1148.0
1313,26,35.0,0.0,0.0,463.0,0.0,9,0,0,1,3,0,0,32.9496,7.7,53.95,0.0,268.0,0.0,1148.0
1314,26,35.0,0.0,0.0,463.0,0.0,9,0,0,1,3,0,0,33.2815,7.35,53.6,0.0,268.0,0.0,1148.0
1315,29,38.0,3.0,0.0,463.0,0.0,9,0,0,1,3,0,0,33.6019,7.0,54.425,0.0,268.0,0.0,1148.0
1316,29,36.0,0.0,2.0,465.0,0.0,7,2,0,1,3,0,0,33.9223,6.65,63.54,0.0,268.0,0.0,1148.0
1317,27,36.0,0.0,0.0,465.0,0.0,9,0,0,1,3,0,0,34.2658,6.3,72.655,0.0,268.0,0.0,1148.0
1318,27,36.0,0.0,0.0,465.0,0.0,8,0,1,1,3,0,0,34.6362,5.95,81.77,0.0,268.0,1.0,1149.0
1319,27,36.0,0.0,0.0,465.0,0.0,8,0,1,1,3,0,0,35.0335,5.6,90.885,1.0,269.0,2.0,1151.0
1320,26,36.0,0.0,0.0,465.0,0.0,10,0,0,0,3,0,0,35.35,5.25,99.65,0.0,269.0,0.0,1151.0
1321,26,36.0,0.0,0.0,465.0,0.0,10,0,0,0,3,0,0,34.9654,4.9,99.3,0.0,269.0,0.0,1151.0
1322,26,36.0,0.0,0.0,465.0,0.0,10,0,0,0,3,0,0,34.5692,4.55,98.95,0.0,269.0,0.0,1151.0
1323,27,37.0,1.0,0.0,465.0,0.0,9,0,2,2,0,0,0,34.2269,4.55,98.95,0.0,269.0,2.0,1153.0
1324,27,36.0,0.0,1.0,466.0,0.0,9,1,1,2,0,0,0,35.3023,4.55,98.95,1.0,270.0,2.0,1155.0
1325,28,38.0,2.0,0.0,466.0,0.0,10,0,0,2,1,0,0,36.3354,4.2,98.6,0.0,270.0,0.0,1155.0
1326,28,38.0,0.0,0.0,466.0,0.0,10,0,0,2,1,0,0,37.3685,3.85,98.25,0.0,270.0,0.0,1155.0
1327,29,39.0,1.0,0.0,466.0,0.0,10,0,0,3,0,0,0,38.4015,3.5,97.9,0.0,270.0,0.0,1155.0
1328,29,39.0,0.0,0.0,466.0,0.0,10,0,0,3,0,0,0,40.2038,13.15,97.55,0.0,270.0,0.0,1155.0
1329,29,38.0,0.0,1.0,467.0,0.0,8,1,1,3,0,0,0,42.0446,16.25,97.2,0.0,270.0,1.0,1156.0
1330,28,37.0,0.0,1.0,468.0,0.0,9,1,0,3,0,0,0,43.8469,15.75,96.85,0.0,270.0,0.0,1156.0
1331,29,38.0,1.0,0.0,468.0,0.0,9,1,0,3,0,0,0,45.6762,15.75,96.5,0.0,270.0,0.0,1156.0
1332,29,38.0,0.0,0.0,468.0,0.0,9,1,0,3,0,0,0,47.5054,15.75,96.15,0.0,270.0,0.0,1156.0
1333,26,38.0,0.0,0.0,468.0,0.0,11,0,1,1,0,0,0,49.2692,15.4,99.65,0.0,270.0,1.0,1157.0
1334,26,38.0,0.0,0.0,468.0,0.0,10,0,2,1,0,0,0,49.7077,15.05,99.3,0.0,270.0,2.0,1159.0
1335,27,39.0,1.0,0.0,468.0,0.0,9,0,1,1,2,0,0,50.1346,14.65,98.95,1.0,271.0,2.0,1161.0
1336,27,39.0,0.0,0.0,468.0,0.0,10,0,0,1,2,0,0,50.5077,14.3,98.6,0.0,271.0,0.0,1161.0
1337,27,38.0,0.0,1.0,469.0,0.0,9,1,1,0,2,0,0,50.8923,13.95,99.65,0.0,271.0,1.0,1162.0
1338,26,38.0,0.0,0.0,469.0,0.0,10,0,1,0,2,0,0,50.5731,13.6,99.3,1.0,272.0,2.0,1164.0
1339,29,41.0,3.0,0.0,469.0,0.0,11,0,0,0,2,0,0,50.1885,13.25,98.95,0.0,272.0,0.0,1164.0
1340,29,41.0,0.0,0.0,469.0,0.0,10,0,1,0,2,0,0,49.8308,12.9,98.6,0.0,272.0,1.0,1165.0
1341,29,40.0,0.0,1.0,470.0,0.0,10,1,0,0,2,0,0,49.4462,12.55,98.25,0.0,272.0,0.0,1165.0
1342,28,40.0,0.0,0.0,470.0,0.0,11,0,0,0,2,0,0,49.0615,12.2,97.9,0.0,272.0,0.0,1165.0
1343,28,40.0,0.0,0.0,470.0,0.0,11,0,0,0,2,0,0,48.6654,11.85,97.55,0.0,272.0,0.0,1165.0
1344,28,39.0,0.0,1.0,471.0,0.0,9,1,2,0,1,0,0,48.3115,11.5,97.2,0.0,272.0,2.0,1167.0
1345,28,39.0,1.0,1.0,472.0,0.0,10,1,1,0,1,0,0,47.9692,11.15,96.85,1.0,273.0,2.0,1169.0
1346,27,39.0,0.0,0.0,472.0,0.0,11,0,0,0,2,0,0,47.5731,10.8,96.5,0.0,273.0,0.0,1169.0
1347,28,40.0,1.0,0.0,472.0,0.0,11,0,0,0,2,0,0,47.1769,10.45,96.15,0.0,273.0,0.0,1169.0
1348,28,40.0,0.0,0.0,472.0,0.0,11,0,0,0,2,0,0,46.7808,10.1,95.8,0.0,273.0,0.0,1169.0
1349,28,40.0,0.0,0.0,472.0,0.0,11,0,0,0,2,0,0,46.3846,9.75,95.45,0.0,273.0,0.0,1169.0
1350,28,38.0,0.0,2.0,474.0,0.0,9,2,0,0,2,0,0,45.9885,9.4,95.1,0.0,273.0,0.0,1169.0
1351,28,39.0,1.0,0.0,474.0,0.0,10,0,1,0,2,0,0,45.6192,9.05,94.75,0.0,273.0,1.0,1170.0
1352,28,39.0,0.0,0.0,474.0,0.0,11,0,1,0,1,0,0,45.25,9.05,94.4,0.0,273.0,1.0,1171.0
1353,29,40.0,1.0,0.0,474.0,0.0,9,0,2,0,2,0,0,44.9346,9.05,94.05,1.0,274.0,3.0,1174.0
1354,29,40.0,0.0,0.0,474.0,0.0,11,0,0,0,2,0,0,44.5385,8.7,93.7,0.0,274.0,0.0,1174.0
1355,31,42.0,2.0,0.0,474.0,0.0,9,0,1,0,3,0,0,44.1808,8.35,93.35,0.0,274.0,1.0,1175.0
1356,31,41.0,0.0,1.0,475.0,0.0,9,1,0,0,3,0,0,43.7846,8.0,93.0,0.0,274.0,0.0,1175.0
1357,30,41.0,0.0,0.0,475.0,0.0,10,0,0,0,3,0,0,43.3885,7.65,92.65,0.0,274.0,0.0,1175.0
1358,30,41.0,0.0,0.0,475.0,0.0,10,0,0,0,3,0,0,42.9923,7.3,92.3,0.0,274.0,0.0,1175.0
1359,30,40.0,0.0,1.0,476.0,0.0,8,1,1,1,2,0,0,42.6231,6.95,91.95,0.0,274.0,1.0,1176.0
1360,30,39.0,0.0,1.0,477.0,0.0,8,2,0,1,2,0,0,43.0077,6.6,91.6,0.0,274.0,0.0,1176.0
1361,29,39.0,0.0,0.0,477.0,0.0,10,0,0,1,2,0,0,43.3538,6.25,91.25,0.0,274.0,0.0,1176.0
1362,29,39.0,0.0,0.0,477.0,0.0,10,0,0,1,2,0,0,43.6885,5.9,90.9,0.0,274.0,0.0,1176.0
1363,31,39.0,2.0,2.0,479.0,0.0,8,2,0,1,2,0,0,44.0231,5.55,90.55,0.0,274.0,0.0,1176.0
1364,29,38.0,0.0,1.0,480.0,0.0,9,1,0,1,2,0,0,44.3692,5.2,90.2,0.0,274.0,0.0,1176.0
1365,29,39.0,1.0,0.0,480.0,0.0,10,0,0,1,2,0,0,44.7269,4.85,89.85,0.0,274.0,0.0,1176.0
1366,29,39.0,0.0,0.0,480.0,0.0,10,0,0,1,2,0,0,45.0731,4.5,89.5,0.0,274.0,0.0,1176.0
1367,30,39.0,1.0,1.0,481.0,0.0,9,1,1,1,1,0,0,45.4462,4.5,89.15,0.0,274.0,1.0,1177.0
1368,29,39.0,0.0,0.0,481.0,0.0,9,0,0,1,3,0,0,45.8192,4.5,90.7,1.0,275.0,1.0,1178.0
1369,29,39.0,0.0,0.0,481.0,0.0,9,0,1,0,3,0,0,46.1769,4.15,99.65,0.0,275.0,1.0,1179.0
1370,29,39.0,0.0,0.0,481.0,0.0,9,0,1,0,3,0,0,45.7962,3.8,99.3,0.0,275.0,1.0,1180.0
1371,30,40.0,1.0,0.0,481.0,0.0,10,0,0,1,2,0,0,45.3769,3.45,98.95,0.0,275.0,0.0,1180.0
1372,30,39.0,0.0,1.0,482.0,0.0,9,1,0,1,2,0,0,45.6835,3.1,98.6,0.0,275.0,0.0,1180.0
1373,29,38.0,0.0,1.0,483.0,0.0,9,1,0,1,2,0,0,46.0015,2.75,98.25,0.0,275.0,0.0,1180.0
1374,28,38.0,0.0,0.0,483.0,0.0,10,0,0,2,1,0,0,46.3196,2.4,97.9,0.0,275.0,0.0,1180.0
1375,30,40.0,2.0,0.0,483.0,0.0,10,0,0,2,1,0,0,47.4154,12.16,97.55,0.0,275.0,0.0,1180.0
1376,30,39.0,0.0,1.0,484.0,0.0,9,1,0,2,1,0,0,48.5112,12.1,97.2,0.0,275.0,0.0,1180.0
1377,29,39.0,0.0,0.0,484.0,0.0,9,0,0,2,2,0,0,49.6185,11.75,96.85,0.0,275.0,0.0,1180.0
1378,29,39.0,0.0,0.0,484.0,0.0,9,0,0,2,2,0,0,50.7258,11.4,96.5,0.0,275.0,0.0,1180.0
1379,30,38.0,1.0,2.0,486.0,0.0,6,2,1,2,2,0,0,51.86,11.05,96.15,0.0,275.0,1.0,1181.0
1380,29,38.0,0.0,0.0,486.0,0.0,8,0,1,2,2,0,0,53.0558,10.7,95.8,1.0,276.0,2.0,1183.0
1381,29,39.0,1.0,0.0,486.0,0.0,10,0,0,1,2,0,0,54.1592,10.35,99.65,0.0,276.0,0.0,1183.0
1382,29,38.0,0.0,1.0,487.0,0.0,8,1,1,1,2,0,0,54.6023,10.0,99.3,0.0,276.0,1.0,1184.0
1383,28,38.0,0.0,0.0,487.0,0.0,10,0,0,1,2,0,0,55.0185,9.65,98.95,0.0,276.0,0.0,1184.0
1384,27,38.0,0.0,0.0,487.0,0.0,11,0,0,0,2,0,0,55.4077,9.3,99.65,0.0,276.0,0.0,1184.0
1385,28,39.0,1.0,0.0,487.0,0.0,11,0,0,0,2,0,0,55.0462,8.95,99.3,0.0,276.0,0.0,1184.0
1386,28,39.0,0.0,0.0,487.0,0.0,11,0,0,0,2,0,0,54.6731,8.6,98.95,0.0,276.0,0.0,1184.0
1387,30,41.0,2.0,0.0,487.0,0.0,11,0,0,0,2,0,0,54.2885,8.25,98.6,0.0,276.0,0.0,1184.0
1388,30,41.0,0.0,0.0,487.0,0.0,11,0,0,0,2,0,0,53.9038,7.9,98.25,0.0,276.0,0.0,1184.0
1389,30,41.0,0.0,0.0,487.0,0.0,11,0,0,0,2,0,0,53.5192,7.55,97.9,0.0,276.0,0.0,1184.0
1390,30,41.0,0.0,0.0,487.0,0.0,10,0,0,0,3,0,0,53.1346,7.2,97.55,0.0,276.0,0.0,1184.0
1391,30,40.0,0.0,1.0,488.0,0.0,8,1,1,1,2,0,0,52.7769,6.85,97.2,0.0,276.0,1.0,1185.0
1392,29,39.0,0.0,1.0,489.0,0.0,9,1,0,1,2,0,0,53.1358,9.4,96.85,0.0,276.0,0.0,1185.0
1393,28,39.0,0.0,0.0,489.0,0.0,9,0,1,1,2,0,0,53.5215,9.05,96.5,0.0,276.0,1.0,1186.0
1394,28,39.0,0.0,0.0,489.0,0.0,10,0,0,1,2,0,0,53.8804,8.7,96.15,0.0,276.0,0.0,1186.0
1395,31,42.0,3.0,0.0,489.0,0.0,8,0,1,1,3,0,0,54.2431,8.35,95.8,0.0,276.0,1.0,1187.0
1396,31,42.0,0.0,0.0,489.0,0.0,8,0,1,1,3,0,0,54.6173,8.0,95.45,0.0,276.0,1.0,1188.0
1397,31,40.0,0.0,2.0,491.0,0.0,6,2,1,1,3,0,0,55.0185,7.65,95.1,1.0,277.0,2.0,1190.0
1398,30,40.0,0.0,0.0,491.0,0.0,9,0,0,1,3,0,0,55.3658,7.3,94.75,0.0,277.0,0.0,1190.0
1399,31,40.0,1.0,1.0,492.0,0.0,6,1,2,1,3,0,0,55.7669,6.95,94.4,0.0,277.0,2.0,1192.0
1400,30,40.0,0.0,0.0,492.0,0.0,8,0,1,2,2,0,0,56.1681,6.6,94.05,1.0,278.0,2.0,1194.0
1401,29,40.0,0.0,0.0,492.0,0.0,10,0,1,1,1,0,0,57.2377,11.1,99.65,0.0,278.0,1.0,1195.0
1402,29,40.0,0.0,0.0,492.0,0.0,10,0,0,1,2,0,0,57.5638,10.75,99.3,0.0,278.0,0.0,1195.0
1403,30,40.0,1.0,1.0,493.0,0.0,7,1,3,1,1,0,0,57.9823,10.4,98.95,0.0,278.0,3.0,1198.0
1404,30,39.0,0.0,1.0,494.0,0.0,9,1,1,1,1,0,0,58.3738,10.05,98.6,1.0,279.0,2.0,1200.0
1405,30,40.0,1.0,0.0,494.0,0.0,10,0,0,1,2,0,0,58.7231,9.7,98.25,0.0,279.0,0.0,1200.0
1406,30,38.0,0.0,2.0,496.0,0.0,8,2,0,1,2,0,0,59.0723,9.35,97.9,0.0,279.0,0.0,1200.0
1407,28,38.0,0.0,0.0,496.0,0.0,9,0,1,1,2,0,0,59.4715,9.0,97.55,0.0,279.0,1.0,1201.0
1408,28,37.0,0.0,1.0,497.0,0.0,6,1,3,1,2,0,0,59.9246,8.65,97.2,0.0,279.0,3.0,1204.0
1409,28,37.0,1.0,1.0,498.0,0.0,7,1,2,1,2,0,0,60.4162,8.3,96.85,2.0,281.0,4.0,1208.0
1410,26,37.0,0.0,0.0,498.0,0.0,11,0,0,0,2,0,0,60.7731,7.95,99.65,0.0,281.0,0.0,1208.0
1411,28,39.0,2.0,0.0,498.0,0.0,11,0,0,0,2,0,0,60.4115,7.6,99.3,0.0,281.0,0.0,1208.0
1412,28,39.0,0.0,0.0,498.0,0.0,11,0,0,0,2,0,0,60.05,7.25,98.95,0.0,281.0,0.0,1208.0
1413,28,39.0,0.0,0.0,498.0,0.0,10,0,0,0,3,0,0,59.6885,6.9,98.6,0.0,281.0,0.0,1208.0
1414,28,39.0,0.0,0.0,498.0,0.0,9,0,1,0,3,0,0,59.3538,6.55,98.25,0.0,281.0,1.0,1209.0
1415,29,40.0,1.0,0.0,498.0,0.0,10,0,0,0,3,0,0,58.9808,6.2,97.9,0.0,281.0,0.0,1209.0
1416,29,39.0,0.0,1.0,499.0,0.0,8,1,1,0,3,0,0,58.6346,5.85,97.55,0.0,281.0,1.0,1210.0
1417,28,39.0,0.0,0.0,499.0,0.0,9,0,1,0,3,0,0,58.3,5.5,97.2,0.0,281.0,1.0,1211.0
1418,28,39.0,0.0,0.0,499.0,0.0,6,0,4,1,2,0,0,58.0577,5.15,96.85,0.0,281.0,4.0,1215.0
1419,29,40.0,1.0,0.0,499.0,0.0,7,0,3,1,2,0,0,58.5873,7.6,96.5,2.0,283.0,5.0,1220.0
1420,29,40.0,0.0,0.0,499.0,0.0,10,0,0,1,2,0,0,58.9977,7.25,96.15,1.0,284.0,1.0,1221.0
1421,29,40.0,0.0,0.0,499.0,0.0,10,0,1,1,1,0,0,59.4081,6.9,95.8,0.0,284.0,1.0,1222.0
1422,29,40.0,0.0,0.0,499.0,0.0,9,0,0,1,3,0,0,59.78,6.55,95.45,0.0,284.0,0.0,1222.0
1423,31,42.0,2.0,0.0,499.0,0.0,9,0,0,1,3,0,0,60.1519,6.2,95.1,0.0,284.0,0.0,1222.0
1424,31,41.0,0.0,1.0,500.0,0.0,8,1,0,2,2,0,0,60.5123,5.85,94.75,0.0,284.0,0.0,1222.0
1425,31,42.0,1.0,0.0,500.0,0.0,7,0,2,2,2,0,0,61.6892,11.1,94.4,0.0,284.0,2.0,1224.0
1426,31,42.0,0.0,0.0,500.0,0.0,8,0,1,2,2,0,0,62.8777,10.75,94.05,1.0,285.0,2.0,1226.0
1427,32,43.0,1.0,0.0,500.0,0.0,9,0,0,2,2,0,0,64.0008,10.4,93.7,0.0,285.0,0.0,1226.0
1428,31,43.0,0.0,0.0,500.0,0.0,10,0,0,1,2,0,0,65.0854,10.05,99.65,0.0,285.0,0.0,1226.0
1429,31,43.0,0.0,0.0,500.0,0.0,8,0,2,1,2,0,0,65.5058,9.7,99.3,0.0,285.0,2.0,1228.0
1430,31,43.0,0.0,0.0,500.0,0.0,9,0,1,1,2,0,0,65.9146,9.35,98.95,1.0,286.0,2.0,1230.0
1431,31,42.0,0.0,1.0,501.0,0.0,9,1,0,1,2,0,0,66.2581,9.0,98.6,0.0,286.0,0.0,1230.0
1432,31,41.0,0.0,1.0,502.0,0.0,7,1,2,1,2,0,0,66.6785,8.65,98.25,0.0,286.0,2.0,1232.0
1433,31,41.0,0.0,0.0,502.0,0.0,10,0,0,1,2,0,0,67.0719,8.3,97.9,1.0,287.0,1.0,1233.0
1434,30,41.0,0.0,0.0,502.0,0.0,11,0,0,0,2,0,0,67.4,7.95,99.65,0.0,287.0,0.0,1233.0
1435,33,44.0,3.0,0.0,502.0,0.0,11,0,0,0,2,0,0,67.0038,7.6,99.3,0.0,287.0,0.0,1233.0
1436,33,44.0,0.0,0.0,502.0,0.0,11,0,0,0,2,0,0,66.5962,7.25,98.95,0.0,287.0,0.0,1233.0
1437,34,45.0,1.0,0.0,502.0,0.0,11,0,0,1,1,0,0,66.1885,6.9,98.6,0.0,287.0,0.0,1233.0
1438,34,45.0,0.0,0.0,502.0,0.0,11,0,0,2,0,0,0,66.5238,9.3,98.25,0.0,287.0,0.0,1233.0
1439,34,45.0,0.0,0.0,502.0,0.0,11,0,0,2,0,0,0,67.5723,18.37,97.9,0.0,287.0,0.0,1233.0
1440,34,45.0,0.0,0.0,502.0,0.0,10,0,1,2,0,0,0,68.6592,27.44,97.55,0.0,287.0,1.0,1234.0
1441,34,43.0,0.0,2.0,504.0,0.0,9,2,0,2,0,0,0,69.7077,36.51,97.2,0.0,287.0,0.0,1234.0
1442,32,42.0,0.0,1.0,505.0,0.0,10,1,0,2,0,0,0,70.7792,45.58,96.85,0.0,287.0,0.0,1234.0
1443,32,43.0,1.0,0.0,505.0,0.0,10,0,1,2,0,0,0,71.8777,52.5,96.5,0.0,287.0,1.0,1235.0
1444,32,42.0,0.0,1.0,506.0,0.0,8,1,2,2,0,0,0,73.0031,52.0,96.15,0.0,287.0,2.0,1237.0
1445,32,43.0,1.0,0.0,506.0,0.0,10,0,1,2,0,0,0,74.1285,51.5,95.8,1.0,288.0,2.0,1239.0
1446,32,43.0,0.0,0.0,506.0,0.0,11,0,0,2,0,0,0,75.1885,51.0,95.45,0.0,288.0,0.0,1239.0
1447,32,43.0,1.0,1.0,507.0,0.0,11,1,0,1,0,0,0,76.2215,50.5,99.65,0.0,288.0,0.0,1239.0
1448,30,42.0,0.0,1.0,508.0,0.0,12,1,0,0,0,0,0,76.5115,50.0,99.65,0.0,288.0,0.0,1239.0
1449,29,40.0,0.0,2.0,510.0,0.0,11,2,0,0,0,0,0,76.1154,49.5,99.3,0.0,288.0,0.0,1239.0
1450,27,40.0,0.0,0.0,510.0,0.0,12,0,1,0,0,0,0,75.7692,49.15,98.95,0.0,288.0,1.0,1240.0
1451,29,42.0,2.0,0.0,510.0,0.0,13,0,0,0,0,0,0,75.3962,48.8,98.6,0.0,288.0,0.0,1240.0
1452,29,42.0,0.0,0.0,510.0,0.0,13,0,0,0,0,0,0,75.0231,48.45,98.25,0.0,288.0,0.0,1240.0
1453,29,42.0,0.0,0.0,510.0,0.0,12,0,1,0,0,0,0,74.6769,48.45,97.9,0.0,288.0,1.0,1241.0
1454,29,42.0,0.0,0.0,510.0,0.0,13,0,0,0,0,0,0,74.3038,48.1,97.55,0.0,288.0,0.0,1241.0
1455,30,43.0,1.0,0.0,510.0,0.0,13,0,0,0,0,0,0,73.9308,47.75,97.2,0.0,288.0,0.0,1241.0
1456,30,43.0,0.0,0.0,510.0,0.0,12,0,1,0,0,0,0,73.5731,47.4,96.85,0.0,288.0,1.0,1242.0
1457,30,43.0,0.0,0.0,510.0,0.0,12,0,1,0,0,0,0,73.2154,47.05,96.5,0.0,288.0,1.0,1243.0
1458,30,42.0,0.0,1.0,511.0,0.0,12,1,0,0,0,0,0,72.8192,46.7,96.15,0.0,288.0,0.0,1243.0
1459,31,44.0,2.0,0.0,511.0,0.0,13,0,0,0,0,0,0,72.4231,46.2,95.8,0.0,288.0,0.0,1243.0
1460,31,44.0,0.0,0.0,511.0,0.0,13,0,0,0,0,0,0,72.0269,45.7,95.45,0.0,288.0,0.0,1243.0
1461,31,43.0,0.0,1.0,512.0,0.0,12,1,0,0,0,0,0,71.6308,45.2,95.1,0.0,288.0,0.0,1243.0
1462,30,43.0,0.0,0.0,512.0,0.0,10,0,3,0,0,0,0,71.3385,44.7,94.75,0.0,288.0,3.0,1246.0
1463,30,42.0,0.0,1.0,513.0,0.0,10,1,2,0,0,0,0,71.0731,44.2,94.4,2.0,290.0,4.0,1250.0
1464,29,42.0,0.0,0.0,513.0,0.0,11,0,2,0,0,0,0,70.7423,43.85,94.05,0.0,290.0,2.0,1252.0
1465,31,44.0,2.0,0.0,513.0,0.0,12,0,1,0,0,0,0,70.3846,43.5,93.7,0.0,290.0,1.0,1253.0
1466,31,44.0,0.0,0.0,513.0,0.0,12,0,1,0,0,0,0,70.0154,43.15,93.7,0.0,290.0,1.0,1254.0
1467,32,45.0,1.0,0.0,513.0,0.0,12,0,1,0,0,0,0,69.65,42.65,93.7,1.0,291.0,2.0,1256.0
1468,32,44.0,0.0,1.0,514.0,0.0,10,1,2,0,0,0,0,69.2962,42.15,93.35,0.0,291.0,2.0,1258.0
1469,31,43.0,0.0,1.0,515.0,0.0,8,1,4,0,0,0,0,69.0462,41.65,93.0,1.0,292.0,5.0,1263.0
1470,30,43.0,0.0,0.0,515.0,0.0,12,0,1,0,0,0,0,68.7038,41.15,92.65,1.0,293.0,2.0,1265.0
1471,31,44.0,1.0,0.0,515.0,0.0,13,0,0,0,0,0,0,68.2962,40.65,92.3,0.0,293.0,0.0,1265.0
1472,31,43.0,0.0,1.0,516.0,0.0,12,1,0,0,0,0,0,67.8769,40.15,91.95,0.0,293.0,0.0,1265.0
1473,30,43.0,0.0,0.0,516.0,0.0,13,0,0,0,0,0,0,67.4577,39.65,91.45,0.0,293.0,0.0,1265.0
1474,30,43.0,0.0,0.0,516.0,0.0,12,0,1,0,0,0,0,67.0769,39.15,91.45,0.0,293.0,1.0,1266.0
1475,32,45.0,2.0,0.0,516.0,0.0,12,0,1,0,0,0,0,66.7115,38.65,91.45,1.0,294.0,2.0,1268.0
1476,32,45.0,0.0,0.0,516.0,0.0,13,0,0,0,0,0,0,66.2808,38.15,90.95,0.0,294.0,0.0,1268.0
1477,32,44.0,0.0,1.0,517.0,0.0,11,1,1,0,0,0,0,65.8769,37.65,90.45,0.0,294.0,1.0,1269.0
1478,31,43.0,0.0,1.0,518.0,0.0,12,1,0,0,0,0,0,65.4577,37.15,89.95,0.0,294.0,0.0,1269.0
1479,31,44.0,1.0,0.0,518.0,0.0,13,0,0,0,0,0,0,65.05,36.8,89.45,0.0,294.0,0.0,1269.0
1480,31,44.0,0.0,0.0,518.0,0.0,12,0,1,0,0,0,0,64.6577,36.8,88.95,0.0,294.0,1.0,1270.0
1481,31,44.0,0.0,0.0,518.0,0.0,9,0,4,0,0,0,0,64.3577,36.8,88.95,0.0,294.0,4.0,1274.0
1482,31,43.0,0.0,1.0,519.0,0.0,8,1,4,0,0,0,0,64.1115,36.8,88.95,2.0,296.0,6.0,1280.0
1483,32,44.0,2.0,1.0,520.0,0.0,11,1,1,0,0,0,0,63.7462,36.45,88.95,1.0,297.0,2.0,1282.0
1484,31,43.0,0.0,1.0,521.0,0.0,12,1,0,0,0,0,0,63.3269,36.1,88.45,0.0,297.0,0.0,1282.0
1485,31,44.0,1.0,0.0,521.0,0.0,13,0,0,0,0,0,0,62.9077,35.75,88.1,0.0,297.0,0.0,1282.0
1486,31,44.0,0.0,0.0,521.0,0.0,13,0,0,0,0,0,0,62.4885,35.4,87.75,0.0,297.0,0.0,1282.0
1487,31,42.0,0.0,2.0,523.0,0.0,11,2,0,0,0,0,0,62.0577,35.05,87.4,0.0,297.0,0.0,1282.0
1488,29,40.0,0.0,2.0,525.0,0.0,11,2,0,0,0,0,0,61.65,34.7,87.05,0.0,297.0,0.0,1282.0
1489,27,40.0,0.0,0.0,525.0,0.0,11,0,2,0,0,0,0,61.3077,34.7,87.05,0.0,297.0,2.0,1284.0
1490,27,40.0,0.0,0.0,525.0,0.0,10,0,3,0,0,0,0,60.9923,34.35,87.05,0.0,297.0,3.0,1287.0
1491,28,40.0,1.0,1.0,526.0,0.0,11,1,1,0,0,0,0,60.65,34.0,87.05,1.0,298.0,2.0,1289.0
1492,27,40.0,0.0,0.0,526.0,0.0,13,0,0,0,0,0,0,60.2654,33.65,86.7,0.0,298.0,0.0,1289.0
1493,28,40.0,1.0,1.0,527.0,0.0,11,1,1,0,0,0,0,59.8962,33.3,86.7,0.0,298.0,1.0,1290.0
1494,27,40.0,0.0,0.0,527.0,0.0,12,0,1,0,0,0,0,59.55,32.95,86.35,0.0,298.0,1.0,1291.0
1495,29,42.0,2.0,0.0,527.0,0.0,11,0,2,0,0,0,0,59.2308,32.6,86.0,0.0,298.0,2.0,1293.0
1496,29,42.0,0.0,0.0,527.0,0.0,11,0,2,0,0,0,0,58.9385,32.25,85.65,1.0,299.0,3.0,1296.0
1497,29,41.0,0.0,1.0,528.0,0.0,12,1,0,0,0,0,0,58.5192,31.75,85.3,0.0,299.0,0.0,1296.0
1498,28,41.0,0.0,0.0,528.0,0.0,13,0,0,0,0,0,0,58.1,31.25,84.95,0.0,299.0,0.0,1296.0
1499,29,41.0,1.0,1.0,529.0,0.0,12,1,0,0,0,0,0,57.6808,30.75,84.6,0.0,299.0,0.0,1296.0
1500,28,40.0,0.0,1.0,530.0,0.0,12,1,0,0,0,0,0,57.2731,30.4,84.25,0.0,299.0,0.0,1296.0
1501,27,40.0,0.0,0.0,530.0,0.0,13,0,0,0,0,0,0,56.8769,30.05,83.9,0.0,299.0,0.0,1296.0
1502,27,40.0,0.0,0.0,530.0,0.0,13,0,0,0,0,0,0,56.4692,29.7,83.55,0.0,299.0,0.0,1296.0
1503,27,40.0,0.0,0.0,530.0,0.0,13,0,0,0,0,0,0,56.0615,29.35,83.2,0.0,299.0,0.0,1296.0
1504,27,38.0,0.0,2.0,532.0,0.0,11,2,0,0,0,0,0,55.6538,29.0,82.85,0.0,299.0,0.0,1296.0
1505,26,39.0,1.0,0.0,532.0,0.0,13,0,0,0,0,0,0,55.2692,28.65,82.5,0.0,299.0,0.0,1296.0
1506,26,39.0,0.0,0.0,532.0,0.0,12,0,1,0,0,0,0,54.9115,28.3,82.15,0.0,299.0,1.0,1297.0
1507,29,42.0,3.0,0.0,532.0,0.0,13,0,0,0,0,0,0,54.5269,27.95,81.8,0.0,299.0,0.0,1297.0
1508,29,41.0,0.0,1.0,533.0,0.0,12,1,0,0,0,0,0,54.1308,27.6,81.45,0.0,299.0,0.0,1297.0
1509,28,41.0,0.0,0.0,533.0,0.0,13,0,0,0,0,0,0,53.7462,27.25,81.1,0.0,299.0,0.0,1297.0
1510,28,39.0,0.0,2.0,535.0,0.0,11,2,0,0,0,0,0,53.3269,26.9,80.6,0.0,299.0,0.0,1297.0
1511,26,39.0,0.0,0.0,535.0,0.0,12,0,1,0,0,0,0,52.9577,26.55,80.1,0.0,299.0,1.0,1298.0
1512,26,39.0,0.0,0.0,535.0,0.0,13,0,0,0,0,0,0,52.5615,26.2,79.6,0.0,299.0,0.0,1298.0
1513,26,39.0,0.0,0.0,535.0,0.0,13,0,0,0,0,0,0,52.1423,25.85,79.1,0.0,299.0,0.0,1298.0
1514,26,39.0,0.0,0.0,535.0,0.0,13,0,0,0,0,0,0,51.7231,25.5,78.6,0.0,299.0,0.0,1298.0
1515,28,41.0,2.0,0.0,535.0,0.0,13,0,0,0,0,0,0,51.3038,25.15,78.1,0.0,299.0,0.0,1298.0
1516,28,41.0,0.0,0.0,535.0,0.0,13,0,0,0,0,0,0,50.8731,24.8,77.6,0.0,299.0,0.0,1298.0
1517,28,41.0,0.0,0.0,535.0,0.0,12,0,1,0,0,0,0,50.4692,24.45,77.1,0.0,299.0,1.0,1299.0
1518,28,40.0,0.0,1.0,536.0,0.0,12,1,0,0,0,0,0,50.0269,24.1,76.6,0.0,299.0,0.0,1299.0
1519,28,40.0,1.0,1.0,537.0,0.0,11,1,1,0,0,0,0,49.6231,23.75,76.1,0.0,299.0,1.0,1300.0
1520,27,40.0,0.0,0.0,537.0,0.0,12,0,1,0,0,0,0,49.2692,23.4,75.6,1.0,300.0,2.0,1302.0
1521,28,41.0,1.0,0.0,537.0,0.0,12,0,1,0,0,0,0,48.8769,23.05,75.1,0.0,300.0,1.0,1303.0
1522,28,41.0,0.0,0.0,537.0,0.0,10,0,3,0,0,0,0,48.5731,22.7,74.6,0.0,300.0,3.0,1306.0
1523,29,41.0,1.0,1.0,538.0,0.0,11,1,1,0,0,0,0,48.2192,22.35,74.1,1.0,301.0,2.0,1308.0
1524,28,41.0,0.0,0.0,538.0,0.0,13,0,0,0,0,0,0,47.8,21.85,73.6,0.0,301.0,0.0,1308.0
1525,29,42.0,1.0,0.0,538.0,0.0,13,0,0,0,0,0,0,47.3808,21.35,73.1,0.0,301.0,0.0,1308.0
1526,29,41.0,0.0,1.0,539.0,0.0,12,1,0,0,0,0,0,46.9385,20.85,72.6,0.0,301.0,0.0,1308.0
1527,28,39.0,0.0,2.0,541.0,0.0,10,2,1,0,0,0,0,46.5346,20.35,72.1,0.0,301.0,1.0,1309.0
1528,26,39.0,0.0,0.0,541.0,0.0,12,0,1,0,0,0,0,46.1538,19.85,71.75,0.0,301.0,1.0,1310.0
1529,26,39.0,0.0,0.0,541.0,0.0,13,0,0,0,0,0,0,45.7346,19.35,71.4,0.0,301.0,0.0,1310.0
1530,26,38.0,0.0,1.0,542.0,0.0,12,1,0,0,0,0,0,45.3038,18.85,71.05,0.0,301.0,0.0,1310.0
1531,27,40.0,2.0,0.0,542.0,0.0,13,0,0,0,0,0,0,44.8846,18.35,70.7,0.0,301.0,0.0,1310.0
1532,27,39.0,0.0,1.0,543.0,0.0,12,1,0,0,0,0,0,44.4538,17.85,70.35,0.0,301.0,0.0,1310.0
1533,26,38.0,0.0,1.0,544.0,0.0,11,1,1,0,0,0,0,44.0731,17.85,70.0,0.0,301.0,1.0,1311.0
1534,25,37.0,0.0,1.0,545.0,0.0,12,1,0,0,0,0,0,43.6654,17.35,69.65,0.0,301.0,0.0,1311.0
1535,26,38.0,2.0,1.0,546.0,0.0,12,1,0,0,0,0,0,43.2692,16.85,69.3,0.0,301.0,0.0,1311.0
1536,25,38.0,0.0,0.0,546.0,0.0,12,0,1,0,0,0,0,42.9115,16.35,68.95,0.0,301.0,1.0,1312.0
1537,25,38.0,0.0,0.0,546.0,0.0,13,0,0,0,0,0,0,42.5269,15.85,68.6,0.0,301.0,0.0,1312.0
1538,25,37.0,0.0,1.0,547.0,0.0,11,1,1,0,0,0,0,42.1462,15.35,68.1,0.0,301.0,1.0,1313.0
1539,25,37.0,1.0,1.0,548.0,0.0,9,1,1,0,2,0,0,41.7654,14.85,67.6,0.0,301.0,1.0,1314.0
1540,25,36.0,0.0,1.0,549.0,0.0,8,1,2,0,2,0,0,41.4346,14.5,67.1,0.0,301.0,2.0,1316.0
1541,25,36.0,0.0,0.0,549.0,0.0,10,0,1,0,2,0,0,41.1154,14.15,66.6,1.0,302.0,2.0,1318.0
1542,25,35.0,0.0,1.0,550.0,0.0,10,1,0,0,2,0,0,40.7423,13.8,66.1,0.0,302.0,0.0,1318.0
1543,25,36.0,1.0,0.0,550.0,0.0,10,0,1,0,2,0,0,40.4077,13.45,66.1,0.0,302.0,1.0,1319.0
1544,25,36.0,0.0,0.0,550.0,0.0,11,0,0,0,2,0,0,40.0231,13.1,65.75,0.0,302.0,0.0,1319.0
1545,26,37.0,1.0,0.0,550.0,0.0,11,0,0,0,2,0,0,39.6385,12.75,65.4,0.0,302.0,0.0,1319.0
1546,26,37.0,0.0,0.0,550.0,0.0,11,0,0,0,2,0,0,39.2538,12.4,65.05,0.0,302.0,0.0,1319.0
1547,27,38.0,1.0,0.0,550.0,0.0,11,0,0,0,2,0,0,38.8692,12.05,64.7,0.0,302.0,0.0,1319.0
1548,27,37.0,0.0,1.0,551.0,0.0,10,1,0,0,2,0,0,38.4731,11.7,64.35,0.0,302.0,0.0,1319.0
1549,27,38.0,1.0,0.0,551.0,0.0,10,0,1,0,2,0,0,38.1154,11.35,64.0,0.0,302.0,1.0,1320.0
1550,27,38.0,0.0,0.0,551.0,0.0,11,0,0,0,2,0,0,37.7308,11.0,63.65,0.0,302.0,0.0,1320.0
1551,27,38.0,0.0,0.0,551.0,0.0,11,0,0,0,2,0,0,37.3346,10.65,63.3,0.0,302.0,0.0,1320.0
1552,27,37.0,0.0,1.0,552.0,0.0,10,1,0,0,2,0,0,36.9154,10.3,62.95,0.0,302.0,0.0,1320.0
1553,26,36.0,0.0,1.0,553.0,0.0,10,1,0,0,2,0,0,36.5077,9.95,62.6,0.0,302.0,0.0,1320.0
1554,25,35.0,0.0,1.0,554.0,0.0,10,1,0,0,2,0,0,36.1115,9.6,62.25,0.0,302.0,0.0,1320.0
1555,27,38.0,3.0,0.0,554.0,0.0,10,0,1,0,2,0,0,35.7308,9.25,61.9,0.0,302.0,1.0,1321.0
1556,27,37.0,0.0,1.0,555.0,0.0,10,1,0,0,2,0,0,35.3231,8.9,61.55,0.0,302.0,0.0,1321.0
1557,26,37.0,0.0,0.0,555.0,0.0,9,0,2,0,2,0,0,35.0038,8.55,61.2,0.0,302.0,2.0,1323.0
1558,26,37.0,0.0,0.0,555.0,0.0,10,0,1,1,1,0,0,34.6846,8.2,60.85,1.0,303.0,2.0,1325.0
1559,26,37.0,0.0,0.0,555.0,0.0,9,0,1,1,2,0,0,35.0485,14.9,60.35,0.0,303.0,1.0,1326.0
1560,26,37.0,0.0,0.0,555.0,0.0,9,0,1,1,2,0,0,35.4238,14.55,59.85,0.0,303.0,1.0,1327.0
1561,26,37.0,0.0,0.0,555.0,0.0,7,0,2,1,3,0,0,35.8262,14.2,59.35,0.0,303.0,2.0,1329.0
1562,26,37.0,0.0,0.0,555.0,0.0,7,0,2,1,3,0,0,36.2669,13.85,59.35,1.0,304.0,3.0,1332.0
1563,28,39.0,2.0,0.0,555.0,0.0,7,0,2,1,3,0,0,36.6462,13.5,58.85,0.0,304.0,2.0,1334.0
1564,28,39.0,0.0,0.0,555.0,0.0,7,0,2,1,3,0,0,37.0638,13.15,63.28,1.0,305.0,3.0,1337.0
1565,29,39.0,1.0,1.0,556.0,0.0,8,1,0,1,3,0,0,37.3777,12.8,72.46,0.0,305.0,0.0,1337.0
1566,28,38.0,0.0,1.0,557.0,0.0,8,1,0,2,2,0,0,37.7031,12.45,81.64,0.0,305.0,0.0,1337.0
1567,28,39.0,1.0,0.0,557.0,0.0,9,0,0,2,2,0,0,38.7219,12.1,90.82,0.0,305.0,0.0,1337.0
1568,28,39.0,0.0,0.0,557.0,0.0,10,0,0,1,2,0,0,39.7138,11.75,99.65,0.0,305.0,0.0,1337.0
1569,28,38.0,0.0,1.0,558.0,0.0,9,1,0,1,2,0,0,39.9881,11.4,99.3,0.0,305.0,0.0,1337.0
1570,28,38.0,0.0,0.0,558.0,0.0,10,0,0,1,2,0,0,40.2623,11.05,98.95,0.0,305.0,0.0,1337.0
1571,29,38.0,1.0,1.0,559.0,0.0,9,1,0,1,2,0,0,40.5365,10.7,98.6,0.0,305.0,0.0,1337.0
1572,28,38.0,0.0,0.0,559.0,0.0,10,0,0,2,1,0,0,40.8223,10.35,98.25,0.0,305.0,0.0,1337.0
1573,28,38.0,0.0,0.0,559.0,0.0,10,0,0,2,1,0,0,41.82,10.0,97.9,0.0,305.0,0.0,1337.0
1574,28,38.0,0.0,0.0,559.0,0.0,10,0,0,2,1,0,0,42.8177,9.65,97.55,0.0,305.0,0.0,1337.0
1575,29,39.0,1.0,0.0,559.0,0.0,8,0,2,2,1,0,0,43.8692,9.3,97.2,0.0,305.0,2.0,1339.0
1576,28,37.0,0.0,2.0,561.0,0.0,7,2,2,2,0,0,0,44.9323,8.95,99.65,1.0,306.0,3.0,1342.0
1577,27,37.0,1.0,1.0,562.0,0.0,10,1,0,2,0,0,0,45.9985,18.055,99.3,0.0,306.0,0.0,1342.0
1578,26,37.0,0.0,0.0,562.0,0.0,9,0,2,2,0,0,0,47.13,23.8,98.95,0.0,306.0,2.0,1344.0
1579,28,39.0,2.0,0.0,562.0,0.0,10,0,1,2,0,0,0,48.2615,23.8,98.6,1.0,307.0,2.0,1346.0
1580,28,39.0,0.0,0.0,562.0,0.0,11,0,0,2,0,0,0,49.3392,23.45,98.25,0.0,307.0,0.0,1346.0
1581,28,39.0,0.0,0.0,562.0,0.0,11,0,0,2,0,0,0,50.4054,23.1,97.9,0.0,307.0,0.0,1346.0
1582,27,39.0,0.0,0.0,562.0,0.0,12,0,0,1,0,0,0,51.4446,22.75,99.65,0.0,307.0,0.0,1346.0
1583,27,39.0,0.0,0.0,562.0,0.0,11,0,1,1,0,0,0,51.8142,22.25,99.3,0.0,307.0,1.0,1347.0
1584,27,39.0,0.0,0.0,562.0,0.0,11,0,1,1,0,0,0,52.2108,21.95,98.95,1.0,308.0,2.0,1349.0
1585,28,40.0,1.0,0.0,562.0,0.0,12,0,0,1,0,0,0,52.5419,21.45,98.6,0.0,308.0,0.0,1349.0
1586,27,40.0,0.0,0.0,562.0,0.0,12,0,1,0,0,0,0,52.8846,20.95,99.65,0.0,308.0,1.0,1350.0
1587,28,41.0,1.0,0.0,562.0,0.0,13,0,0,0,0,0,0,52.4769,20.45,99.3,0.0,308.0,0.0,1350.0
1588,28,40.0,0.0,1.0,563.0,0.0,12,1,0,0,0,0,0,52.0577,19.95,98.95,0.0,308.0,0.0,1350.0
1589,27,40.0,0.0,0.0,563.0,0.0,13,0,0,0,0,0,0,51.65,19.45,98.6,0.0,308.0,0.0,1350.0
1590,27,39.0,0.0,1.0,564.0,0.0,10,1,2,0,0,0,0,51.3077,18.95,98.25,0.0,308.0,2.0,1352.0
1591,28,40.0,2.0,1.0,565.0,0.0,10,1,2,0,0,0,0,51.0154,18.6,97.9,1.0,309.0,3.0,1355.0
1592,27,39.0,0.0,1.0,566.0,0.0,12,1,0,0,0,0,0,50.6577,18.25,97.55,1.0,310.0,1.0,1356.0
1593,26,39.0,0.0,0.0,566.0,0.0,11,0,2,0,0,0,0,50.3269,17.9,97.2,0.0,310.0,2.0,1358.0
1594,26,39.0,0.0,0.0,566.0,0.0,13,0,0,0,0,0,0,49.9846,17.55,96.85,1.0,311.0,1.0,1359.0
1595,28,40.0,2.0,1.0,567.0,0.0,12,1,0,0,0,0,0,49.5654,17.05,96.5,0.0,311.0,0.0,1359.0
1596,27,40.0,0.0,0.0,567.0,0.0,12,0,1,0,0,0,0,49.1962,16.55,96.15,0.0,311.0,1.0,1360.0
1597,27,39.0,0.0,1.0,568.0,0.0,12,1,0,0,0,0,0,48.7885,16.05,95.8,0.0,311.0,0.0,1360.0
1598,27,39.0,0.0,0.0,568.0,0.0,12,1,0,0,0,0,0,48.4192,16.05,95.45,0.0,311.0,0.0,1360.0
1599,27,39.0,0.0,0.0,568.0,0.0,12,1,0,0,0,0,0,48.0385,16.05,95.1,0.0,311.0,0.0,1360.0
1600,27,39.0,0.0,0.0,568.0,0.0,12,1,0,0,0,0,0,47.6462,15.8,94.75,0.0,311.0,0.0,1360.0
1601,27,39.0,0.0,0.0,568.0,0.0,12,1,0,0,0,0,0,47.2538,15.3,94.4,0.0,311.0,0.0,1360.0
1602,27,39.0,0.0,0.0,568.0,0.0,9,1,2,0,1,0,0,46.9385,14.8,94.05,0.0,311.0,2.0,1362.0
1603,29,41.0,2.0,0.0,568.0,0.0,10,0,1,0,2,0,0,46.6077,14.45,93.7,1.0,312.0,2.0,1364.0
1604,29,41.0,0.0,0.0,568.0,0.0,11,0,0,0,2,0,0,46.2115,14.1,93.35,0.0,312.0,0.0,1364.0
1605,31,42.0,2.0,1.0,569.0,0.0,9,1,1,0,2,0,0,45.8538,13.75,93.0,0.0,312.0,1.0,1365.0
1606,30,42.0,0.0,0.0,569.0,0.0,10,0,0,0,3,0,0,45.4692,13.4,92.65,0.0,312.0,0.0,1365.0
1607,30,41.0,0.0,1.0,570.0,0.0,9,1,0,0,3,0,0,45.0846,13.05,92.3,0.0,312.0,0.0,1365.0
1608,30,41.0,0.0,0.0,570.0,0.0,9,0,1,0,3,0,0,44.7269,12.7,91.95,0.0,312.0,1.0,1366.0
1609,30,41.0,0.0,0.0,570.0,0.0,10,0,0,0,3,0,0,44.3308,12.35,91.6,0.0,312.0,0.0,1366.0
1610,30,41.0,0.0,0.0,570.0,0.0,10,0,0,0,3,0,0,43.9346,12.0,91.25,0.0,312.0,0.0,1366.0
1611,31,42.0,1.0,0.0,570.0,0.0,10,0,0,0,3,0,0,43.5154,11.65,90.9,0.0,312.0,0.0,1366.0
1612,31,42.0,0.0,0.0,570.0,0.0,9,0,1,0,3,0,0,43.1115,11.3,90.9,0.0,312.0,1.0,1367.0
1613,31,40.0,0.0,2.0,572.0,0.0,8,2,0,0,3,0,0,42.6808,10.95,90.55,0.0,312.0,0.0,1367.0
1614,29,39.0,0.0,1.0,573.0,0.0,9,1,0,0,3,0,0,42.2731,10.6,90.2,0.0,312.0,0.0,1367.0
1615,30,41.0,2.0,0.0,573.0,0.0,10,0,0,0,3,0,0,41.8654,10.25,89.85,0.0,312.0,0.0,1367.0
1616,30,40.0,0.0,1.0,574.0,0.0,9,1,0,0,3,0,0,41.4577,9.9,89.5,0.0,312.0,0.0,1367.0
1617,30,40.0,0.0,0.0,574.0,0.0,9,1,0,1,2,0,0,41.0885,9.55,89.15,0.0,312.0,0.0,1367.0
1618,30,40.0,0.0,0.0,574.0,0.0,8,1,2,1,1,0,0,41.5073,9.8,88.8,0.0,312.0,2.0,1369.0
1619,31,42.0,2.0,0.0,574.0,0.0,10,0,1,1,1,0,0,41.8992,9.8,88.45,1.0,313.0,2.0,1371.0
1620,31,42.0,0.0,0.0,574.0,0.0,10,0,1,1,1,0,0,42.2412,9.45,87.95,0.0,313.0,1.0,1372.0
1621,31,42.0,0.0,0.0,574.0,0.0,10,0,0,1,2,0,0,42.56,9.1,87.45,1.0,314.0,1.0,1373.0
1622,31,42.0,0.0,0.0,574.0,0.0,8,0,1,1,3,0,0,42.8904,8.75,86.95,0.0,314.0,1.0,1374.0
1623,31,41.0,0.0,1.0,575.0,0.0,8,1,0,1,3,0,0,43.1823,8.4,86.45,0.0,314.0,0.0,1374.0
1624,31,40.0,0.0,1.0,576.0,0.0,8,1,0,1,3,0,0,43.4858,8.05,85.95,0.0,314.0,0.0,1374.0
1625,31,40.0,1.0,1.0,577.0,0.0,8,1,0,2,2,0,0,43.8008,7.7,85.45,0.0,314.0,0.0,1374.0
1626,30,40.0,0.0,0.0,577.0,0.0,9,0,0,2,2,0,0,44.845,7.35,90.955,0.0,314.0,0.0,1374.0
1627,31,40.0,2.0,2.0,579.0,0.0,8,2,0,1,2,0,0,45.8508,7.0,99.65,0.0,314.0,0.0,1374.0
1628,30,40.0,0.0,0.0,579.0,0.0,10,0,0,1,2,0,0,46.1838,6.65,99.3,0.0,314.0,0.0,1374.0
1629,30,39.0,0.0,1.0,580.0,0.0,9,1,0,1,2,0,0,46.5169,6.3,98.95,0.0,314.0,0.0,1374.0
1630,29,39.0,0.0,0.0,580.0,0.0,10,0,0,1,2,0,0,46.8615,5.95,98.6,0.0,314.0,0.0,1374.0
1631,29,39.0,0.0,0.0,580.0,0.0,8,0,1,1,3,0,0,47.2446,5.6,98.25,0.0,314.0,1.0,1375.0
1632,29,38.0,0.0,1.0,581.0,0.0,8,1,0,1,3,0,0,47.5892,5.25,97.9,0.0,314.0,0.0,1375.0
1633,29,39.0,1.0,0.0,581.0,0.0,8,0,1,2,2,0,0,47.9723,4.9,97.55,0.0,314.0,1.0,1376.0
1634,29,39.0,0.0,0.0,581.0,0.0,9,0,0,2,2,0,0,49.0869,10.55,97.2,0.0,314.0,0.0,1376.0
1635,31,41.0,2.0,0.0,581.0,0.0,10,0,0,1,2,0,0,50.1746,10.2,99.65,0.0,314.0,0.0,1376.0
1636,31,41.0,0.0,0.0,581.0,0.0,10,0,0,1,2,0,0,50.56,9.85,99.3,0.0,314.0,0.0,1376.0
1637,31,41.0,0.0,0.0,581.0,0.0,10,0,0,1,2,0,0,50.9454,9.5,98.95,0.0,314.0,0.0,1376.0
1638,31,41.0,0.0,0.0,581.0,0.0,10,0,0,1,2,0,0,51.3192,9.15,98.6,0.0,314.0,0.0,1376.0
1639,32,42.0,1.0,0.0,581.0,0.0,10,0,0,1,2,0,0,51.67,8.8,98.25,0.0,314.0,0.0,1376.0
1640,32,41.0,0.0,1.0,582.0,0.0,9,1,0,1,2,0,0,52.0208,8.45,97.9,0.0,314.0,0.0,1376.0
1641,31,39.0,0.0,2.0,584.0,0.0,8,2,0,1,2,0,0,52.36,8.1,97.55,0.0,314.0,0.0,1376.0
1642,29,39.0,0.0,0.0,584.0,0.0,10,0,0,1,2,0,0,52.7223,7.75,97.2,0.0,314.0,0.0,1376.0
1643,29,40.0,1.0,0.0,584.0,0.0,11,0,0,0,2,0,0,53.0577,7.4,99.65,0.0,314.0,0.0,1376.0
1644,29,40.0,0.0,0.0,584.0,0.0,11,0,0,1,1,0,0,52.6615,7.05,99.3,0.0,314.0,0.0,1376.0
1645,30,41.0,1.0,0.0,584.0,0.0,10,0,0,1,2,0,0,52.97,6.7,98.95,0.0,314.0,0.0,1376.0
1646,30,41.0,0.0,0.0,584.0,0.0,10,0,0,1,2,0,0,53.29,6.35,98.6,0.0,314.0,0.0,1376.0
1647,31,41.0,1.0,1.0,585.0,0.0,9,1,0,1,2,0,0,53.61,6.0,98.25,0.0,314.0,0.0,1376.0
1648,30,41.0,0.0,0.0,585.0,0.0,10,0,0,2,1,0,0,53.9415,5.65,97.9,0.0,314.0,0.0,1376.0
1649,30,41.0,0.0,0.0,585.0,0.0,9,0,1,2,1,0,0,55.0527,13.3,97.55,0.0,314.0,1.0,1377.0
1650,30,40.0,0.0,1.0,586.0,0.0,8,1,1,2,1,0,0,56.1908,13.3,97.2,1.0,315.0,2.0,1379.0
1651,31,42.0,2.0,0.0,586.0,0.0,9,0,0,2,2,0,0,57.2865,12.95,96.85,0.0,315.0,0.0,1379.0
1652,31,42.0,0.0,0.0,586.0,0.0,9,0,1,2,1,0,0,58.3977,12.95,96.5,0.0,315.0,1.0,1380.0
1653,31,41.0,0.0,1.0,587.0,0.0,8,1,0,2,2,0,0,59.4819,12.6,96.15,0.0,315.0,0.0,1380.0
1654,30,40.0,0.0,1.0,588.0,0.0,9,1,0,1,2,0,0,60.5508,12.25,99.65,0.0,315.0,0.0,1380.0
1655,30,41.0,1.0,0.0,588.0,0.0,9,0,2,1,1,0,0,60.9958,11.9,99.3,0.0,315.0,2.0,1382.0
1656,30,41.0,0.0,0.0,588.0,0.0,10,0,1,1,1,0,0,61.4177,11.55,98.95,1.0,316.0,2.0,1384.0
1657,30,41.0,0.0,0.0,588.0,0.0,8,0,1,1,3,0,0,61.8127,11.2,98.6,0.0,316.0,1.0,1385.0
1658,30,41.0,0.0,0.0,588.0,0.0,10,0,0,0,3,0,0,62.1538,10.85,99.65,0.0,316.0,0.0,1385.0
1659,31,42.0,1.0,0.0,588.0,0.0,10,0,0,0,3,0,0,61.7692,10.5,99.3,0.0,316.0,0.0,1385.0
1660,31,42.0,0.0,0.0,588.0,0.0,10,0,0,0,3,0,0,61.3846,10.15,98.95,0.0,316.0,0.0,1385.0
1661,32,43.0,1.0,0.0,588.0,0.0,10,0,0,0,3,0,0,60.9885,9.8,98.6,0.0,316.0,0.0,1385.0
1662,32,42.0,0.0,1.0,589.0,0.0,9,1,0,0,3,0,0,60.5808,9.45,98.25,0.0,316.0,0.0,1385.0
1663,32,43.0,1.0,0.0,589.0,0.0,9,0,1,0,3,0,0,60.2231,9.1,97.9,0.0,316.0,1.0,1386.0
1664,32,42.0,0.0,1.0,590.0,0.0,9,1,0,0,3,0,0,59.8269,8.75,97.55,0.0,316.0,0.0,1386.0
1665,32,42.0,1.0,1.0,591.0,0.0,8,1,1,0,3,0,0,59.4692,8.4,97.2,0.0,316.0,1.0,1387.0
1666,31,42.0,0.0,0.0,591.0,0.0,10,0,0,0,3,0,0,59.0962,8.05,96.85,0.0,316.0,0.0,1387.0
1667,32,42.0,1.0,1.0,592.0,0.0,9,1,0,0,3,0,0,58.7231,7.7,96.5,0.0,316.0,0.0,1387.0
1668,32,42.0,0.0,0.0,592.0,0.0,10,0,0,0,3,0,0,58.3615,7.35,96.15,0.0,316.0,0.0,1387.0
1669,32,42.0,0.0,0.0,592.0,0.0,9,0,1,0,3,0,0,58.0269,7.0,95.8,0.0,316.0,1.0,1388.0
1670,32,42.0,0.0,0.0,592.0,0.0,8,0,2,1,2,0,0,57.7077,6.65,95.45,0.0,316.0,2.0,1390.0
1671,32,42.0,0.0,0.0,592.0,0.0,8,0,2,2,1,0,0,58.1058,6.3,95.1,1.0,317.0,3.0,1393.0
1672,32,42.0,0.0,0.0,592.0,0.0,10,0,0,2,1,0,0,59.1823,5.95,94.75,1.0,318.0,1.0,1394.0
1673,32,42.0,0.0,0.0,592.0,0.0,10,0,0,2,1,0,0,60.2204,5.6,94.4,0.0,318.0,0.0,1394.0
1674,32,42.0,0.0,0.0,592.0,0.0,8,0,2,2,1,0,0,61.3123,5.25,94.05,0.0,318.0,2.0,1396.0
1675,36,46.0,4.0,0.0,592.0,0.0,9,0,0,2,2,0,0,62.3388,4.9,93.7,0.0,318.0,0.0,1396.0
1676,36,45.0,0.0,1.0,593.0,0.0,8,1,0,2,2,0,0,63.3423,4.55,93.2,0.0,318.0,0.0,1396.0
1677,35,45.0,0.0,0.0,593.0,0.0,9,0,0,2,2,0,0,64.3458,4.2,92.85,0.0,318.0,0.0,1396.0
1678,35,45.0,0.0,0.0,593.0,0.0,9,0,0,3,1,0,0,65.3492,3.85,92.5,0.0,318.0,0.0,1396.0
1679,35,44.0,0.0,1.0,594.0,0.0,8,1,0,3,1,0,0,67.1192,13.465,92.15,0.0,318.0,0.0,1396.0
1680,34,44.0,0.0,0.0,594.0,0.0,8,0,2,2,1,0,0,68.9392,13.15,99.65,0.0,318.0,2.0,1398.0
1681,33,43.0,0.0,1.0,595.0,0.0,10,1,0,1,1,0,0,70.015,12.8,99.65,0.0,318.0,0.0,1398.0
1682,32,42.0,0.0,1.0,596.0,0.0,8,1,2,1,1,0,0,70.4508,12.45,99.3,0.0,318.0,2.0,1400.0
1683,32,43.0,1.0,0.0,596.0,0.0,10,0,1,1,1,0,0,70.8981,12.1,98.95,1.0,319.0,2.0,1402.0
1684,32,43.0,0.0,0.0,596.0,0.0,11,0,0,1,1,0,0,71.2915,11.75,98.6,0.0,319.0,0.0,1402.0
1685,33,44.0,1.0,0.0,596.0,0.0,10,0,1,1,1,0,0,71.7004,11.4,98.25,0.0,319.0,1.0,1403.0
1686,33,44.0,0.0,0.0,596.0,0.0,11,0,0,1,1,0,0,72.0823,11.05,97.9,0.0,319.0,0.0,1403.0
1687,34,45.0,1.0,0.0,596.0,0.0,11,0,0,1,1,0,0,72.4527,10.7,97.55,0.0,319.0,0.0,1403.0
1688,33,45.0,0.0,0.0,596.0,0.0,12,0,0,0,1,0,0,72.7962,10.35,99.65,0.0,319.0,0.0,1403.0
1689,34,45.0,1.0,1.0,597.0,0.0,11,1,0,0,1,0,0,72.4,10.0,99.3,0.0,319.0,0.0,1403.0
1690,33,45.0,0.0,0.0,597.0,0.0,11,0,1,0,1,0,0,72.0538,9.65,98.95,0.0,319.0,1.0,1404.0
1691,34,44.0,1.0,2.0,599.0,0.0,10,2,0,0,1,0,0,71.6692,9.3,98.6,0.0,319.0,0.0,1404.0
1692,32,44.0,0.0,0.0,599.0,0.0,11,0,2,0,0,0,0,71.3615,9.3,98.25,0.0,319.0,2.0,1406.0
1693,32,44.0,0.0,0.0,599.0,0.0,12,0,1,0,0,0,0,71.0538,9.3,97.9,1.0,320.0,2.0,1408.0
1694,32,44.0,0.0,0.0,599.0,0.0,11,0,1,0,1,0,0,70.7077,8.95,97.55,0.0,320.0,1.0,1409.0
1695,33,45.0,1.0,0.0,599.0,0.0,9,0,3,0,1,0,0,70.4308,8.6,97.2,1.0,321.0,4.0,1413.0
1696,33,45.0,0.0,0.0,599.0,0.0,11,0,1,0,1,0,0,70.1,8.25,96.85,1.0,322.0,2.0,1415.0
1697,33,45.0,0.0,0.0,599.0,0.0,12,0,0,0,1,0,0,69.7154,7.9,96.5,0.0,322.0,0.0,1415.0
1698,33,45.0,0.0,0.0,599.0,0.0,11,0,1,0,1,0,0,69.3462,7.55,96.15,0.0,322.0,1.0,1416.0
1699,35,47.0,2.0,0.0,599.0,0.0,9,0,3,0,1,0,0,69.0423,7.2,95.8,0.0,322.0,3.0,1419.0
1700,35,47.0,0.0,0.0,599.0,0.0,10,0,2,0,1,0,0,68.75,6.85,95.45,1.0,323.0,3.0,1422.0
1701,35,47.0,0.0,0.0,599.0,0.0,12,0,0,1,0,0,0,68.3423,6.5,95.1,0.0,323.0,0.0,1422.0
1702,35,47.0,0.0,0.0,599.0,0.0,10,0,2,1,0,0,0,68.7462,15.85,94.75,0.0,323.0,2.0,1424.0
1703,36,46.0,1.0,2.0,601.0,0.0,5,2,5,1,0,0,0,69.2692,25.2,94.75,1.0,324.0,6.0,1430.0
1704,34,46.0,0.0,0.0,601.0,0.0,10,0,2,1,0,0,0,69.75,34.55,94.75,2.0,326.0,4.0,1434.0
1705,35,47.0,1.0,0.0,601.0,0.0,12,0,0,1,0,0,0,70.1,43.9,94.4,0.0,326.0,0.0,1434.0
1706,35,47.0,0.0,0.0,601.0,0.0,8,0,4,1,0,0,0,70.5808,45.75,94.05,0.0,326.0,4.0,1438.0
1707,36,47.0,1.0,1.0,602.0,0.0,11,1,0,1,0,0,0,70.9462,45.4,93.7,1.0,327.0,1.0,1439.0
1708,35,47.0,0.0,0.0,602.0,0.0,12,0,0,1,0,0,0,71.2846,45.05,93.35,0.0,327.0,0.0,1439.0
1709,35,47.0,0.0,0.0,602.0,0.0,10,0,2,1,0,0,0,71.6885,45.05,93.0,0.0,327.0,2.0,1441.0
1710,35,45.0,0.0,2.0,604.0,0.0,9,2,1,1,0,0,0,72.0808,45.05,92.65,1.0,328.0,2.0,1443.0
1711,33,46.0,1.0,0.0,604.0,0.0,13,0,0,0,0,0,0,72.3923,44.7,99.65,0.0,328.0,0.0,1443.0
1712,33,45.0,0.0,1.0,605.0,0.0,10,1,2,0,0,0,0,72.0269,44.7,99.3,0.0,328.0,2.0,1445.0
1713,32,44.0,0.0,1.0,606.0,0.0,12,1,0,0,0,0,0,71.6462,44.35,98.95,1.0,329.0,1.0,1446.0
1714,31,44.0,0.0,0.0,606.0,0.0,12,0,1,0,0,0,0,71.2769,44.0,98.6,0.0,329.0,1.0,1447.0
1715,33,45.0,2.0,1.0,607.0,0.0,12,1,0,0,0,0,0,70.8692,43.5,98.25,0.0,329.0,0.0,1447.0
1716,32,45.0,0.0,0.0,607.0,0.0,12,0,1,0,0,0,0,70.5115,43.0,97.9,0.0,329.0,1.0,1448.0
1717,33,46.0,1.0,0.0,607.0,0.0,11,0,2,0,0,0,0,70.1692,42.5,97.55,0.0,329.0,2.0,1450.0
1718,33,45.0,0.0,1.0,608.0,0.0,12,1,0,0,0,0,0,69.7615,42.0,97.2,0.0,329.0,0.0,1450.0
1719,32,45.0,0.0,0.0,608.0,0.0,13,0,0,0,0,0,0,69.3654,41.5,96.85,0.0,329.0,0.0,1450.0
1720,32,45.0,0.0,0.0,608.0,0.0,13,0,0,0,0,0,0,68.9692,41.0,96.5,0.0,329.0,0.0,1450.0
1721,32,44.0,0.0,1.0,609.0,0.0,12,1,0,0,0,0,0,68.55,40.5,96.15,0.0,329.0,0.0,1450.0
1722,31,44.0,0.0,0.0,609.0,0.0,13,0,0,0,0,0,0,68.1308,40.15,95.8,0.0,329.0,0.0,1450.0
1723,33,45.0,2.0,1.0,610.0,0.0,12,1,0,0,0,0,0,67.7115,39.8,95.45,0.0,329.0,0.0,1450.0
1724,32,45.0,0.0,0.0,610.0,0.0,13,0,0,0,0,0,0,67.2923,39.45,94.95,0.0,329.0,0.0,1450.0
1725,33,46.0,1.0,0.0,610.0,0.0,13,0,0,0,0,0,0,66.8615,39.1,94.45,0.0,329.0,0.0,1450.0
1726,33,46.0,0.0,0.0,610.0,0.0,11,0,2,0,0,0,0,66.4962,38.75,94.45,0.0,329.0,2.0,1452.0
1727,33,44.0,0.0,2.0,612.0,0.0,10,2,1,0,0,0,0,66.1038,38.4,94.45,0.0,329.0,1.0,1453.0
1728,31,44.0,0.0,0.0,612.0,0.0,13,0,0,0,0,0,0,65.6962,38.05,93.95,0.0,329.0,0.0,1453.0
1729,31,43.0,0.0,1.0,613.0,0.0,11,1,1,0,0,0,0,65.3154,37.7,93.45,0.0,329.0,1.0,1454.0
1730,30,43.0,0.0,0.0,613.0,0.0,13,0,0,0,0,0,0,64.9192,37.35,92.95,0.0,329.0,0.0,1454.0
1731,32,45.0,2.0,0.0,613.0,0.0,12,0,1,0,0,0,0,64.5385,37.0,92.45,0.0,329.0,1.0,1455.0
1732,32,45.0,0.0,0.0,613.0,0.0,10,0,3,0,0,0,0,64.2346,36.65,91.95,0.0,329.0,3.0,1458.0
1733,32,44.0,0.0,1.0,614.0,0.0,11,1,1,0,0,0,0,63.9308,36.3,91.45,2.0,331.0,3.0,1461.0
1734,31,44.0,0.0,0.0,614.0,0.0,12,0,1,0,0,0,0,63.5615,35.95,90.95,0.0,331.0,1.0,1462.0
1735,33,46.0,2.0,0.0,614.0,0.0,13,0,0,0,0,0,0,63.1654,35.6,90.45,0.0,331.0,0.0,1462.0
1736,33,45.0,0.0,1.0,615.0,0.0,9,1,3,0,0,0,0,62.85,35.25,89.95,0.0,331.0,3.0,1465.0
1737,32,45.0,0.0,0.0,615.0,0.0,11,0,2,0,0,0,0,62.5192,34.9,89.45,0.0,331.0,2.0,1467.0
1738,32,45.0,0.0,0.0,615.0,0.0,11,0,2,0,0,0,0,62.2269,34.55,88.95,1.0,332.0,3.0,1470.0
1739,33,46.0,1.0,0.0,615.0,0.0,13,0,0,0,0,0,0,61.8308,34.2,88.45,0.0,332.0,0.0,1470.0
1740,33,45.0,0.0,1.0,616.0,0.0,12,1,0,0,0,0,0,61.4346,33.85,87.95,0.0,332.0,0.0,1470.0
1741,32,45.0,0.0,0.0,616.0,0.0,13,0,0,0,0,0,0,61.0385,33.5,87.6,0.0,332.0,0.0,1470.0
1742,32,45.0,0.0,0.0,616.0,0.0,13,0,0,0,0,0,0,60.6423,33.15,87.25,0.0,332.0,0.0,1470.0
1743,32,44.0,0.0,1.0,617.0,0.0,8,1,4,0,0,0,0,60.3654,33.15,86.9,0.0,332.0,4.0,1474.0
1744,31,44.0,0.0,0.0,617.0,0.0,11,0,2,0,0,0,0,60.0885,33.15,86.55,2.0,334.0,4.0,1478.0
1745,33,46.0,2.0,0.0,617.0,0.0,13,0,0,0,0,0,0,59.6462,32.8,86.2,0.0,334.0,0.0,1478.0
1746,33,46.0,0.0,0.0,617.0,0.0,12,0,1,0,0,0,0,59.2692,32.8,85.85,0.0,334.0,1.0,1479.0
1747,35,47.0,2.0,1.0,618.0,0.0,12,1,0,0,0,0,0,58.8269,32.45,85.5,0.0,334.0,0.0,1479.0
1748,34,47.0,0.0,0.0,618.0,0.0,12,0,1,0,0,0,0,58.4231,32.1,85.15,0.0,334.0,1.0,1480.0
1749,34,46.0,0.0,1.0,619.0,0.0,12,1,0,0,0,0,0,57.9923,31.75,84.8,0.0,334.0,0.0,1480.0
1750,33,46.0,0.0,0.0,619.0,0.0,12,0,1,0,0,0,0,57.5885,31.4,84.45,0.0,334.0,1.0,1481.0
1751,33,44.0,0.0,2.0,621.0,0.0,11,2,0,0,0,0,0,57.1577,31.05,84.1,0.0,334.0,0.0,1481.0
1752,31,43.0,0.0,1.0,622.0,0.0,12,1,0,0,0,0,0,56.7385,30.7,83.75,0.0,334.0,0.0,1481.0
1753,30,43.0,0.0,0.0,622.0,0.0,11,0,2,0,0,0,0,56.3846,30.7,83.4,0.0,334.0,2.0,1483.0
1754,30,40.0,0.0,3.0,625.0,0.0,9,3,1,0,0,0,0,56.0308,30.7,83.05,1.0,335.0,2.0,1485.0
1755,29,42.0,2.0,0.0,625.0,0.0,13,0,0,0,0,0,0,55.6462,30.2,82.7,0.0,335.0,0.0,1485.0
1756,29,42.0,0.0,0.0,625.0,0.0,13,0,0,0,0,0,0,55.25,29.7,82.35,0.0,335.0,0.0,1485.0
1757,29,42.0,0.0,0.0,625.0,0.0,13,0,0,0,0,0,0,54.8538,29.2,82.0,0.0,335.0,0.0,1485.0
1758,29,42.0,0.0,0.0,625.0,0.0,13,0,0,0,0,0,0,54.4577,28.7,81.65,0.0,335.0,0.0,1485.0
1759,31,44.0,2.0,0.0,625.0,0.0,13,0,0,0,0,0,0,54.0385,28.2,81.3,0.0,335.0,0.0,1485.0
1760,31,44.0,0.0,0.0,625.0,0.0,12,0,1,0,0,0,0,53.6346,27.7,81.3,0.0,335.0,1.0,1486.0
1761,31,44.0,0.0,0.0,625.0,0.0,11,0,2,0,0,0,0,53.2692,27.7,81.3,0.0,335.0,2.0,1488.0
1762,31,44.0,0.0,0.0,625.0,0.0,11,0,2,0,0,0,0,52.9423,27.6,81.3,1.0,336.0,3.0,1491.0
1763,32,45.0,1.0,0.0,625.0,0.0,10,0,3,0,0,0,0,52.6423,27.1,80.95,1.0,337.0,4.0,1495.0
1764,32,44.0,0.0,1.0,626.0,0.0,12,1,0,0,0,0,0,52.2115,26.6,80.6,0.0,337.0,0.0,1495.0
1765,32,44.0,1.0,1.0,627.0,0.0,9,1,3,0,0,0,0,51.8846,26.2,80.6,0.0,337.0,3.0,1498.0
1766,31,44.0,0.0,0.0,627.0,0.0,12,0,1,0,0,0,0,51.5577,25.7,80.6,2.0,339.0,3.0,1501.0
1767,31,43.0,0.0,1.0,628.0,0.0,12,1,0,0,0,0,0,51.1385,25.2,80.1,0.0,339.0,0.0,1501.0
1768,30,43.0,0.0,0.0,628.0,0.0,13,0,0,0,0,0,0,50.7192,24.7,79.6,0.0,339.0,0.0,1501.0
1769,30,43.0,0.0,0.0,628.0,0.0,12,0,1,0,0,0,0,50.3269,24.2,79.1,0.0,339.0,1.0,1502.0
1770,30,43.0,0.0,0.0,628.0,0.0,11,0,2,0,0,0,0,50.0,23.7,78.6,1.0,340.0,3.0,1505.0
1771,32,45.0,2.0,0.0,628.0,0.0,12,0,1,0,0,0,0,49.6077,23.2,78.1,0.0,340.0,1.0,1506.0
1772,32,44.0,0.0,1.0,629.0,0.0,10,1,2,0,0,0,0,49.2808,23.1,77.6,1.0,341.0,3.0,1509.0
1773,32,45.0,1.0,0.0,629.0,0.0,13,0,0,0,0,0,0,48.8731,22.6,77.1,0.0,341.0,0.0,1509.0
1774,32,43.0,0.0,2.0,631.0,0.0,9,2,2,0,0,0,0,48.5192,22.1,76.6,0.0,341.0,2.0,1511.0
1775,31,44.0,1.0,0.0,631.0,0.0,10,0,3,0,0,0,0,48.2538,21.7,76.1,1.0,342.0,4.0,1515.0
1776,31,44.0,0.0,0.0,631.0,0.0,11,0,2,0,0,0,0,47.95,21.2,75.6,1.0,343.0,3.0,1518.0
1777,31,44.0,0.0,0.0,631.0,0.0,12,0,1,0,0,0,0,47.5692,20.7,75.1,0.0,343.0,1.0,1519.0
1778,31,44.0,0.0,0.0,631.0,0.0,11,0,2,0,0,0,0,47.2654,20.7,74.6,0.0,343.0,2.0,1521.0
1779,32,44.0,1.0,1.0,632.0,0.0,12,1,0,0,0,0,0,46.95,20.35,74.1,2.0,345.0,2.0,1523.0
1780,31,44.0,0.0,0.0,632.0,0.0,13,0,0,0,0,0,0,46.5808,20.0,73.6,0.0,345.0,0.0,1523.0
1781,31,44.0,0.0,0.0,632.0,0.0,13,0,0,0,0,0,0,46.2,19.65,73.1,0.0,345.0,0.0,1523.0
1782,31,44.0,0.0,0.0,632.0,0.0,13,0,0,0,0,0,0,45.8192,19.2,72.6,0.0,345.0,0.0,1523.0
1783,32,45.0,1.0,0.0,632.0,0.0,13,0,0,0,0,0,0,45.3769,18.7,72.1,0.0,345.0,0.0,1523.0
1784,32,45.0,0.0,0.0,632.0,0.0,12,0,1,0,0,0,0,44.9615,18.2,71.6,0.0,345.0,1.0,1524.0
1785,33,46.0,1.0,0.0,632.0,0.0,12,0,1,0,0,0,0,44.5846,17.7,71.1,1.0,346.0,2.0,1526.0
1786,33,45.0,0.0,1.0,633.0,0.0,12,1,0,0,0,0,0,44.1423,17.2,70.6,0.0,346.0,0.0,1526.0
1787,34,47.0,2.0,0.0,633.0,0.0,10,0,3,0,0,0,0,43.8038,17.2,70.25,0.0,346.0,3.0,1529.0
1788,34,47.0,0.0,0.0,633.0,0.0,11,0,2,0,0,0,0,43.5038,17.2,69.9,2.0,348.0,4.0,1533.0
1789,34,46.0,0.0,1.0,634.0,0.0,11,1,1,0,0,0,0,43.1,16.7,69.55,0.0,348.0,1.0,1534.0
1790,33,46.0,0.0,0.0,634.0,0.0,11,0,2,0,0,0,0,42.7462,16.2,69.2,0.0,348.0,2.0,1536.0
1791,33,45.0,0.0,1.0,635.0,0.0,11,1,1,0,0,0,0,42.3923,15.7,68.85,1.0,349.0,2.0,1538.0
1792,32,45.0,0.0,0.0,635.0,0.0,13,0,0,0,0,0,0,41.9615,15.2,68.5,0.0,349.0,0.0,1538.0
1793,32,45.0,0.0,0.0,635.0,0.0,12,0,0,0,1,0,0,41.5192,14.7,68.0,0.0,349.0,0.0,1538.0
1794,32,45.0,0.0,0.0,635.0,0.0,9,0,2,0,2,0,0,41.1538,14.35,67.5,0.0,349.0,2.0,1540.0
1795,35,47.0,3.0,1.0,636.0,0.0,9,1,1,0,2,0,0,40.8,14.0,67.0,1.0,350.0,2.0,1542.0
1796,34,47.0,0.0,0.0,636.0,0.0,10,0,1,0,2,0,0,40.4192,13.65,66.65,0.0,350.0,1.0,1543.0
1797,34,46.0,0.0,1.0,637.0,0.0,10,1,1,0,1,0,0,40.0385,13.6,66.3,0.0,350.0,1.0,1544.0
1798,34,46.0,0.0,0.0,637.0,0.0,11,0,0,0,2,0,0,39.6423,13.25,65.95,0.0,350.0,0.0,1544.0
1799,34,45.0,0.0,1.0,638.0,0.0,10,1,0,0,2,0,0,39.2346,12.9,65.6,0.0,350.0,0.0,1544.0
1800,33,44.0,0.0,1.0,639.0,0.0,10,1,0,0,2,0,0,38.8385,12.55,65.25,0.0,350.0,0.0,1544.0
1801,33,45.0,1.0,0.0,639.0,0.0,11,0,0,0,2,0,0,38.4538,12.2,64.9,0.0,350.0,0.0,1544.0
1802,33,44.0,0.0,1.0,640.0,0.0,10,1,0,0,2,0,0,38.0692,11.85,64.55,0.0,350.0,0.0,1544.0
1803,34,45.0,1.0,0.0,640.0,0.0,9,0,3,0,1,0,0,37.7769,11.55,64.2,0.0,350.0,3.0,1547.0
1804,34,45.0,0.0,0.0,640.0,0.0,11,0,1,0,1,0,0,37.4462,11.2,63.85,1.0,351.0,2.0,1549.0
1805,35,46.0,1.0,0.0,640.0,0.0,10,0,0,0,3,0,0,37.0615,10.85,63.5,0.0,351.0,0.0,1549.0
1806,35,45.0,0.0,1.0,641.0,0.0,8,1,1,0,3,0,0,36.7038,10.5,63.15,0.0,351.0,1.0,1550.0
1807,35,46.0,1.0,0.0,641.0,0.0,10,0,0,0,3,0,0,36.3192,10.15,62.8,0.0,351.0,0.0,1550.0
1808,35,46.0,0.0,0.0,641.0,0.0,10,0,0,0,3,0,0,35.9231,9.8,62.45,0.0,351.0,0.0,1550.0
1809,35,45.0,0.0,1.0,642.0,0.0,8,1,1,0,3,0,0,35.5423,9.45,62.1,0.0,351.0,1.0,1551.0
1810,35,45.0,0.0,0.0,642.0,0.0,9,0,1,0,3,0,0,35.1731,9.1,61.75,0.0,351.0,1.0,1552.0
1811,36,45.0,1.0,1.0,643.0,0.0,9,1,0,0,3,0,0,34.7769,8.75,61.4,0.0,351.0,0.0,1552.0
1812,35,45.0,0.0,0.0,643.0,0.0,9,0,0,1,3,0,0,34.3923,8.4,61.05,0.0,351.0,0.0,1552.0
1813,35,45.0,0.0,0.0,643.0,0.0,9,0,0,1,3,0,0,34.7277,8.7,60.55,0.0,351.0,0.0,1552.0
1814,35,45.0,0.0,0.0,643.0,0.0,8,0,1,1,3,0,0,35.09,8.35,60.05,0.0,351.0,1.0,1553.0
1815,37,47.0,2.0,0.0,643.0,0.0,8,0,1,1,3,0,0,35.4908,8.0,59.55,1.0,352.0,2.0,1555.0
1816,37,47.0,0.0,0.0,643.0,0.0,8,0,2,1,2,0,0,35.88,7.65,59.05,0.0,352.0,2.0,1557.0
1817,37,47.0,0.0,0.0,643.0,0.0,9,0,1,1,2,0,0,36.2577,7.3,58.55,1.0,353.0,2.0,1559.0
1818,37,46.0,0.0,1.0,644.0,0.0,8,1,0,1,3,0,0,36.57,6.95,63.36,0.0,353.0,0.0,1559.0
1819,38,48.0,2.0,0.0,644.0,0.0,8,0,2,2,1,0,0,36.9477,6.6,72.52,0.0,353.0,2.0,1561.0
1820,38,47.0,0.0,1.0,645.0,0.0,8,1,1,3,0,0,0,38.0177,6.25,81.68,0.0,353.0,1.0,1562.0
1821,37,46.0,0.0,1.0,646.0,0.0,8,1,0,3,1,0,0,39.7973,12.95,90.84,0.0,353.0,0.0,1562.0
1822,36,45.0,0.0,1.0,647.0,0.0,8,1,2,2,0,0,0,41.6038,12.95,99.65,0.0,353.0,2.0,1564.0
1823,35,45.0,0.0,0.0,647.0,0.0,10,0,1,2,0,0,0,42.7173,12.95,99.3,1.0,354.0,2.0,1566.0
1824,35,44.0,0.0,1.0,648.0,0.0,9,1,0,2,1,0,0,43.7769,12.6,98.95,0.0,354.0,0.0,1566.0
1825,35,45.0,1.0,0.0,648.0,0.0,10,0,0,2,1,0,0,44.8365,12.25,98.6,0.0,354.0,0.0,1566.0
1826,35,44.0,0.0,1.0,649.0,0.0,9,1,0,2,1,0,0,45.8962,11.9,98.25,0.0,354.0,0.0,1566.0
1827,35,45.0,1.0,0.0,649.0,0.0,10,0,0,2,1,0,0,46.9673,11.55,97.9,0.0,354.0,0.0,1566.0
1828,35,45.0,0.0,0.0,649.0,0.0,9,0,1,2,1,0,0,48.0654,11.2,97.55,0.0,354.0,1.0,1567.0
1829,35,46.0,1.0,0.0,649.0,0.0,10,0,1,1,1,0,0,49.1481,10.85,99.65,0.0,354.0,1.0,1568.0
1830,34,46.0,0.0,0.0,649.0,0.0,11,0,1,0,1,0,0,49.5,10.5,100.0,0.0,354.0,1.0,1569.0
1831,35,47.0,1.0,0.0,649.0,0.0,10,0,2,0,1,0,0,49.1692,10.15,99.65,0.0,354.0,2.0,1571.0
1832,35,47.0,0.0,0.0,649.0,0.0,10,0,2,0,1,0,0,48.8654,9.8,99.3,1.0,355.0,3.0,1574.0
1833,35,46.0,0.0,1.0,650.0,0.0,11,1,0,0,1,0,0,48.5077,9.45,98.95,1.0,356.0,1.0,1575.0
1834,34,46.0,0.0,0.0,650.0,0.0,10,0,2,0,1,0,0,48.1769,9.1,98.6,0.0,356.0,2.0,1577.0
1835,36,46.0,2.0,2.0,652.0,0.0,8,2,2,0,1,0,0,47.8577,8.75,98.25,0.0,356.0,2.0,1579.0
1836,34,46.0,0.0,0.0,652.0,0.0,12,0,0,0,1,0,0,47.5231,8.4,97.9,1.0,357.0,1.0,1580.0
1837,34,46.0,0.0,0.0,652.0,0.0,10,0,2,0,1,0,0,47.2154,8.05,97.55,0.0,357.0,2.0,1582.0
1838,34,46.0,0.0,0.0,652.0,0.0,12,0,0,0,1,0,0,46.8538,7.7,97.2,0.0,357.0,0.0,1582.0
1839,34,46.0,0.0,0.0,652.0,0.0,11,0,1,0,1,0,0,46.5192,7.35,96.85,0.0,357.0,1.0,1583.0
1840,34,46.0,0.0,0.0,652.0,0.0,10,0,2,0,1,0,0,46.2115,7.0,96.5,0.0,357.0,2.0,1585.0
1841,34,46.0,0.0,0.0,652.0,0.0,10,0,2,0,1,0,0,45.8923,6.65,96.15,0.0,357.0,2.0,1587.0
1842,34,46.0,0.0,0.0,652.0,0.0,11,0,1,1,0,0,0,45.5731,6.3,95.8,1.0,358.0,2.0,1589.0
1843,37,49.0,3.0,0.0,652.0,0.0,11,0,1,1,0,0,0,45.9631,15.67,95.45,0.0,358.0,1.0,1590.0
1844,37,49.0,0.0,0.0,652.0,0.0,11,0,1,1,0,0,0,46.3685,16.95,95.1,1.0,359.0,2.0,1592.0
1845,38,50.0,1.0,0.0,652.0,0.0,12,0,0,1,0,0,0,46.6969,16.45,94.75,0.0,359.0,0.0,1592.0
1846,38,49.0,0.0,1.0,653.0,0.0,11,1,0,1,0,0,0,47.0138,15.95,94.4,0.0,359.0,0.0,1592.0
1847,37,49.0,0.0,0.0,653.0,0.0,12,0,0,1,0,0,0,47.3423,15.45,94.05,0.0,359.0,0.0,1592.0
1848,37,48.0,0.0,1.0,654.0,0.0,10,1,1,1,0,0,0,47.7092,15.45,93.7,0.0,359.0,1.0,1593.0
1849,36,48.0,0.0,0.0,654.0,0.0,9,0,3,1,0,0,0,48.1415,15.2,93.35,0.0,359.0,3.0,1596.0
1850,36,48.0,0.0,0.0,654.0,0.0,10,0,1,1,1,0,0,48.5238,14.7,92.85,1.0,360.0,2.0,1598.0
1851,37,49.0,1.0,0.0,654.0,0.0,10,0,0,1,2,0,0,48.8408,14.35,92.35,0.0,360.0,0.0,1598.0
1852,37,48.0,0.0,1.0,655.0,0.0,10,1,0,0,2,0,0,49.1423,14.0,99.65,0.0,360.0,0.0,1598.0
1853,36,48.0,0.0,0.0,655.0,0.0,10,0,1,0,2,0,0,48.7615,13.65,99.3,0.0,360.0,1.0,1599.0
1854,36,48.0,0.0,0.0,655.0,0.0,9,0,2,0,2,0,0,48.4077,13.3,98.95,0.0,360.0,2.0,1601.0
1855,38,49.0,2.0,1.0,656.0,0.0,9,1,1,0,2,0,0,48.0538,12.95,98.6,1.0,361.0,2.0,1603.0
1856,37,49.0,0.0,0.0,656.0,0.0,11,0,0,0,2,0,0,47.6346,12.6,98.25,0.0,361.0,0.0,1603.0
1857,38,49.0,1.0,1.0,657.0,0.0,10,1,0,0,2,0,0,47.2038,12.25,97.9,0.0,361.0,0.0,1603.0
1858,37,48.0,0.0,1.0,658.0,0.0,10,1,0,0,2,0,0,46.7846,11.9,97.55,0.0,361.0,0.0,1603.0
1859,37,49.0,1.0,0.0,658.0,0.0,11,0,0,0,2,0,0,46.3654,11.55,97.2,0.0,361.0,0.0,1603.0
1860,37,48.0,0.0,1.0,659.0,0.0,10,1,0,0,2,0,0,45.9462,11.2,96.85,0.0,361.0,0.0,1603.0
1861,37,48.0,0.0,0.0,659.0,0.0,11,0,0,0,2,0,0,45.5385,10.85,96.5,0.0,361.0,0.0,1603.0
1862,37,47.0,0.0,1.0,660.0,0.0,9,1,2,0,1,0,0,45.1962,10.5,96.15,0.0,361.0,2.0,1605.0
1863,36,47.0,0.0,0.0,660.0,0.0,11,0,1,0,1,0,0,44.8654,10.15,95.8,1.0,362.0,2.0,1607.0
1864,36,47.0,0.0,0.0,660.0,0.0,11,0,0,0,2,0,0,44.4692,9.8,95.45,0.0,362.0,0.0,1607.0
1865,37,47.0,1.0,1.0,661.0,0.0,9,1,2,0,1,0,0,44.1385,9.45,95.1,0.0,362.0,2.0,1609.0
1866,37,47.0,0.0,0.0,661.0,0.0,10,1,0,0,2,0,0,43.7808,9.1,94.75,0.0,362.0,0.0,1609.0
1867,38,49.0,2.0,0.0,661.0,0.0,11,0,0,0,2,0,0,43.3962,8.75,94.4,0.0,362.0,0.0,1609.0
1868,38,49.0,0.0,0.0,661.0,0.0,11,0,0,0,2,0,0,43.0115,8.4,94.05,0.0,362.0,0.0,1609.0
1869,38,49.0,0.0,0.0,661.0,0.0,11,0,0,0,2,0,0,42.6269,8.05,93.7,0.0,362.0,0.0,1609.0
1870,38,48.0,0.0,1.0,662.0,0.0,10,1,0,0,2,0,0,42.2423,7.7,93.35,0.0,362.0,0.0,1609.0
1871,38,49.0,1.0,0.0,662.0,0.0,10,0,0,0,3,0,0,41.8462,7.35,93.0,0.0,362.0,0.0,1609.0
1872,38,48.0,0.0,1.0,663.0,0.0,9,1,0,0,3,0,0,41.4269,7.0,92.65,0.0,362.0,0.0,1609.0
1873,38,48.0,0.0,0.0,663.0,0.0,10,0,0,0,3,0,0,41.0192,6.65,92.3,0.0,362.0,0.0,1609.0
1874,38,47.0,0.0,1.0,664.0,0.0,9,1,0,0,3,0,0,40.6115,6.3,91.95,0.0,362.0,0.0,1609.0
1875,39,49.0,2.0,0.0,664.0,0.0,6,0,4,0,3,0,0,40.3115,5.95,91.45,0.0,362.0,4.0,1613.0
1876,39,48.0,0.0,1.0,665.0,0.0,7,1,2,0,3,0,0,40.0115,5.6,90.95,2.0,364.0,4.0,1617.0
1877,38,47.0,0.0,1.0,666.0,0.0,7,1,1,1,3,0,0,39.6538,5.25,90.95,0.0,364.0,1.0,1618.0
1878,38,45.0,0.0,2.0,668.0,0.0,7,2,0,1,3,0,0,40.0123,4.9,90.45,0.0,364.0,0.0,1618.0
1879,38,46.0,1.0,0.0,668.0,0.0,7,1,1,1,3,0,0,40.4592,4.55,90.1,0.0,364.0,1.0,1619.0
1880,38,46.0,0.0,0.0,668.0,0.0,8,1,0,1,3,0,0,40.8677,4.2,89.75,0.0,364.0,0.0,1619.0
1881,38,46.0,0.0,0.0,668.0,0.0,8,1,0,1,3,0,0,41.2762,3.85,89.4,0.0,364.0,0.0,1619.0
1882,38,46.0,0.0,0.0,668.0,0.0,8,1,0,2,2,0,0,41.6615,3.5,89.05,0.0,364.0,0.0,1619.0
1883,39,47.0,1.0,0.0,668.0,0.0,8,1,0,2,2,0,0,42.8162,10.45,88.7,0.0,364.0,0.0,1619.0
1884,39,47.0,0.0,0.0,668.0,0.0,8,1,0,2,2,0,0,43.9592,10.1,88.35,0.0,364.0,0.0,1619.0
1885,40,49.0,2.0,0.0,668.0,0.0,9,0,0,2,2,0,0,45.0754,9.75,88.0,0.0,364.0,0.0,1619.0
1886,40,47.0,0.0,2.0,670.0,0.0,7,2,0,2,2,0,0,46.1915,9.4,90.69,0.0,364.0,0.0,1619.0
1887,37,47.0,0.0,0.0,670.0,0.0,10,0,0,1,2,0,0,47.2923,9.05,99.65,0.0,364.0,0.0,1619.0
1888,37,47.0,0.0,0.0,670.0,0.0,8,0,1,1,3,0,0,47.7154,8.7,99.3,0.0,364.0,1.0,1620.0
1889,37,46.0,0.0,1.0,671.0,0.0,8,1,0,2,2,0,0,48.1,8.35,98.95,0.0,364.0,0.0,1620.0
1890,37,46.0,0.0,0.0,671.0,0.0,9,0,0,2,2,0,0,49.2112,8.0,98.6,0.0,364.0,0.0,1620.0
1891,39,48.0,2.0,0.0,671.0,0.0,9,0,0,2,2,0,0,50.3108,7.65,98.25,0.0,364.0,0.0,1620.0
1892,38,48.0,0.0,0.0,671.0,0.0,10,0,0,1,2,0,0,51.3835,7.3,99.65,0.0,364.0,0.0,1620.0
1893,38,48.0,0.0,0.0,671.0,0.0,9,0,2,1,1,0,0,51.7677,6.95,99.3,0.0,364.0,2.0,1622.0
1894,38,48.0,0.0,0.0,671.0,0.0,9,0,1,1,2,0,0,52.1635,6.6,98.95,1.0,365.0,2.0,1624.0
1895,39,48.0,1.0,1.0,672.0,0.0,9,1,0,2,1,0,0,52.4938,6.25,98.6,0.0,365.0,0.0,1624.0
1896,38,48.0,0.0,0.0,672.0,0.0,10,0,0,2,1,0,0,53.5723,12.25,98.25,0.0,365.0,0.0,1624.0
1897,38,48.0,0.0,0.0,672.0,0.0,10,0,0,2,1,0,0,54.6508,11.9,97.9,0.0,365.0,0.0,1624.0
1898,38,46.0,0.0,2.0,674.0,0.0,8,2,0,2,1,0,0,55.7292,11.55,97.55,0.0,365.0,0.0,1624.0
1899,37,48.0,2.0,0.0,674.0,0.0,11,0,0,1,1,0,0,56.8038,11.2,99.65,0.0,365.0,0.0,1624.0
1900,37,48.0,0.0,0.0,674.0,0.0,11,0,0,1,1,0,0,57.1904,10.85,99.3,0.0,365.0,0.0,1624.0
1901,37,48.0,0.0,0.0,674.0,0.0,10,0,1,1,1,0,0,57.6038,10.5,98.95,0.0,365.0,1.0,1625.0
1902,37,48.0,0.0,0.0,674.0,0.0,11,0,0,1,1,0,0,57.9673,10.15,98.6,0.0,365.0,0.0,1625.0
1903,38,49.0,1.0,0.0,674.0,0.0,11,0,0,1,1,0,0,58.3308,9.8,98.25,0.0,365.0,0.0,1625.0
1904,38,49.0,0.0,0.0,674.0,0.0,11,0,0,1,1,0,0,58.6712,9.45,97.9,0.0,365.0,0.0,1625.0
1905,38,50.0,1.0,0.0,674.0,0.0,12,0,0,0,1,0,0,58.9846,9.1,99.65,0.0,365.0,0.0,1625.0
1906,38,49.0,0.0,1.0,675.0,0.0,10,1,1,0,1,0,0,58.6038,8.75,99.3,0.0,365.0,1.0,1626.0
1907,38,50.0,1.0,0.0,675.0,0.0,10,0,2,0,1,0,0,58.2731,8.4,98.95,0.0,365.0,2.0,1628.0
1908,38,50.0,0.0,0.0,675.0,0.0,10,0,2,0,1,0,0,57.9692,8.05,98.6,1.0,366.0,3.0,1631.0
1909,38,49.0,0.0,1.0,676.0,0.0,9,1,2,0,1,0,0,57.6538,7.7,98.25,1.0,367.0,3.0,1634.0
1910,37,49.0,0.0,0.0,676.0,0.0,10,0,2,0,1,0,0,57.3346,7.35,97.9,0.0,367.0,2.0,1636.0
1911,37,49.0,0.0,0.0,676.0,0.0,11,0,1,0,1,0,0,57.0154,7.0,97.55,1.0,368.0,2.0,1638.0
1912,37,49.0,0.0,0.0,676.0,0.0,12,0,0,0,1,0,0,56.6308,6.65,97.2,0.0,368.0,0.0,1638.0
1913,38,50.0,1.0,0.0,676.0,0.0,11,0,1,0,1,0,0,56.2846,6.3,96.85,0.0,368.0,1.0,1639.0
1914,38,50.0,0.0,0.0,676.0,0.0,12,0,0,0,1,0,0,55.8885,5.95,96.5,0.0,368.0,0.0,1639.0
1915,41,53.0,3.0,0.0,676.0,0.0,12,0,0,0,1,0,0,55.4808,5.6,96.15,0.0,368.0,0.0,1639.0
1916,41,52.0,0.0,1.0,677.0,0.0,8,1,2,0,2,0,0,55.1385,5.25,95.8,0.0,368.0,2.0,1641.0
1917,40,52.0,0.0,0.0,677.0,0.0,10,0,1,0,2,0,0,54.8077,4.9,95.45,1.0,369.0,2.0,1643.0
1918,40,52.0,0.0,0.0,677.0,0.0,10,0,1,0,2,0,0,54.4269,4.55,95.1,0.0,369.0,1.0,1644.0
1919,40,51.0,0.0,1.0,678.0,0.0,8,1,1,0,3,0,0,54.0462,4.2,94.75,0.0,369.0,1.0,1645.0
1920,39,51.0,0.0,0.0,678.0,0.0,10,0,0,0,3,0,0,53.65,3.85,94.4,0.0,369.0,0.0,1645.0
1921,39,51.0,0.0,0.0,678.0,0.0,9,0,1,0,3,0,0,53.2692,3.5,94.05,0.0,369.0,1.0,1646.0
1922,39,51.0,0.0,0.0,678.0,0.0,8,0,1,0,4,0,0,52.9269,3.15,93.7,1.0,370.0,2.0,1648.0
1923,40,51.0,1.0,1.0,679.0,0.0,6,1,2,1,3,0,0,52.5962,2.8,93.35,0.0,370.0,2.0,1650.0
1924,40,51.0,0.0,0.0,679.0,0.0,8,0,1,1,3,0,0,53.04,11.95,93.0,1.0,371.0,2.0,1652.0
1925,41,52.0,1.0,0.0,679.0,0.0,8,0,1,1,3,0,0,53.4338,11.6,92.5,0.0,371.0,1.0,1653.0
1926,41,51.0,0.0,1.0,680.0,0.0,8,1,0,1,3,0,0,53.8008,11.25,92.0,0.0,371.0,0.0,1653.0
1927,42,53.0,2.0,0.0,680.0,0.0,9,0,2,1,1,0,0,54.2331,11.25,91.5,0.0,371.0,2.0,1655.0
1928,42,52.0,0.0,1.0,681.0,0.0,8,1,0,1,3,0,0,54.6,10.9,91.0,0.0,371.0,0.0,1655.0
1929,42,52.0,0.0,0.0,681.0,0.0,8,1,0,1,3,0,0,55.0054,10.55,90.5,0.0,371.0,0.0,1655.0
1930,42,50.0,0.0,2.0,683.0,0.0,6,3,0,1,3,0,0,55.4108,10.2,90.0,0.0,371.0,0.0,1655.0
1931,40,51.0,1.0,0.0,683.0,0.0,9,0,0,1,3,0,0,55.8008,9.85,89.65,0.0,371.0,0.0,1655.0
1932,40,51.0,0.0,0.0,683.0,0.0,8,0,1,1,3,0,0,56.2292,9.5,90.28,0.0,371.0,1.0,1656.0
1933,40,51.0,0.0,0.0,683.0,0.0,9,0,1,0,3,0,0,56.6462,9.15,99.65,1.0,372.0,2.0,1658.0
1934,40,49.0,0.0,2.0,685.0,0.0,7,2,0,0,4,0,0,56.25,8.8,99.3,0.0,372.0,0.0,1658.0
1935,40,50.0,1.0,0.0,685.0,0.0,9,0,0,0,4,0,0,55.8654,8.45,98.95,0.0,372.0,0.0,1658.0
1936,40,50.0,0.0,0.0,685.0,0.0,9,0,0,0,4,0,0,55.4808,8.1,98.6,0.0,372.0,0.0,1658.0
1937,40,49.0,0.0,1.0,686.0,0.0,8,1,1,0,3,0,0,55.1231,7.75,98.25,0.0,372.0,1.0,1659.0
1938,40,49.0,0.0,0.0,686.0,0.0,9,0,0,0,4,0,0,54.75,7.4,97.9,0.0,372.0,0.0,1659.0
1939,42,51.0,2.0,0.0,686.0,0.0,9,0,0,0,4,0,0,54.3769,7.05,97.55,0.0,372.0,0.0,1659.0
1940,42,51.0,0.0,0.0,686.0,0.0,9,0,0,0,4,0,0,54.0038,6.7,97.2,0.0,372.0,0.0,1659.0
1941,43,51.0,1.0,1.0,687.0,0.0,8,1,0,1,3,0,0,53.5962,6.35,96.85,0.0,372.0,0.0,1659.0
1942,42,51.0,0.0,0.0,687.0,0.0,9,0,0,1,3,0,0,53.9404,6.0,96.5,0.0,372.0,0.0,1659.0
1943,42,50.0,0.0,1.0,688.0,0.0,8,1,0,2,2,0,0,54.2846,5.65,96.15,0.0,372.0,0.0,1659.0
1944,41,50.0,0.0,0.0,688.0,0.0,9,0,0,3,1,0,0,55.3815,7.25,95.8,0.0,372.0,0.0,1659.0
1945,42,51.0,1.0,0.0,688.0,0.0,8,0,1,3,1,0,0,57.2458,11.45,95.45,0.0,372.0,1.0,1660.0
1946,42,51.0,0.0,0.0,688.0,0.0,9,0,0,3,1,0,0,59.0831,11.1,95.1,0.0,372.0,0.0,1660.0
1947,43,52.0,1.0,0.0,688.0,0.0,8,0,1,3,1,0,0,60.9588,10.75,94.75,0.0,372.0,1.0,1661.0
1948,43,52.0,0.0,0.0,688.0,0.0,6,0,3,3,1,0,0,62.8885,10.4,94.75,0.0,372.0,3.0,1664.0
1949,43,52.0,0.0,0.0,688.0,0.0,4,0,5,3,1,0,0,64.9604,10.05,94.75,2.0,374.0,7.0,1671.0
1950,43,52.0,0.0,0.0,688.0,0.0,7,0,2,3,1,0,0,66.9015,9.7,94.4,1.0,375.0,3.0,1674.0
1951,43,53.0,1.0,0.0,688.0,0.0,8,0,2,2,1,0,0,68.7773,9.35,99.65,1.0,376.0,2.0,1676.0
1952,43,53.0,0.0,0.0,688.0,0.0,10,0,0,2,1,0,0,69.8742,9.0,99.3,0.0,376.0,0.0,1676.0
1953,42,52.0,0.0,1.0,689.0,0.0,9,1,1,1,1,0,0,70.9827,8.65,99.65,0.0,376.0,1.0,1677.0
1954,40,51.0,0.0,1.0,690.0,0.0,10,1,1,0,1,0,0,71.3385,8.3,99.65,0.0,376.0,1.0,1678.0
1955,42,53.0,3.0,1.0,691.0,0.0,9,1,2,0,1,0,0,71.0077,7.95,99.65,0.0,376.0,2.0,1680.0
1956,41,53.0,0.0,0.0,691.0,0.0,11,0,2,0,0,0,0,70.7154,7.95,99.65,1.0,377.0,3.0,1683.0
1957,41,52.0,0.0,1.0,692.0,0.0,11,1,1,0,0,0,0,70.3577,7.95,99.3,1.0,378.0,1.0,1684.0
1958,40,51.0,0.0,1.0,693.0,0.0,11,1,0,0,1,0,0,69.9846,7.6,98.95,0.0,378.0,0.0,1684.0
1959,39,50.0,0.0,1.0,694.0,0.0,11,1,0,1,0,0,0,69.6115,7.25,98.6,0.0,378.0,0.0,1684.0
1960,38,50.0,0.0,0.0,694.0,0.0,9,0,3,1,0,0,0,70.0712,16.525,98.6,0.0,378.0,3.0,1687.0
1961,38,49.0,0.0,1.0,695.0,0.0,8,1,3,1,0,0,0,70.5192,25.8,98.6,0.0,378.0,3.0,1690.0
1962,37,49.0,0.0,0.0,695.0,0.0,10,0,2,1,0,0,0,70.9404,35.075,98.6,0.0,378.0,2.0,1692.0
1963,39,51.0,2.0,0.0,695.0,0.0,11,0,1,1,0,0,0,71.3385,42.8,98.6,1.0,379.0,2.0,1694.0
1964,39,51.0,0.0,0.0,695.0,0.0,12,0,0,1,0,0,0,71.6596,42.3,98.25,0.0,379.0,0.0,1694.0
1965,40,51.0,1.0,1.0,696.0,0.0,10,1,1,1,0,0,0,72.0077,41.8,97.9,0.0,379.0,1.0,1695.0
1966,39,51.0,0.0,0.0,696.0,0.0,10,0,2,1,0,0,0,72.3942,41.3,97.9,0.0,379.0,2.0,1697.0
1967,39,51.0,0.0,0.0,696.0,0.0,11,0,1,1,0,0,0,72.7808,40.8,97.9,1.0,380.0,2.0,1699.0
1968,39,51.0,0.0,0.0,696.0,0.0,12,0,0,1,0,0,0,73.1135,40.3,97.55,0.0,380.0,0.0,1699.0
1969,39,51.0,1.0,1.0,697.0,0.0,11,1,1,0,0,0,0,73.4462,39.8,99.65,0.0,380.0,1.0,1700.0
1970,38,51.0,0.0,0.0,697.0,0.0,13,0,0,0,0,0,0,73.0385,39.3,99.3,0.0,380.0,0.0,1700.0
1971,39,51.0,1.0,1.0,698.0,0.0,12,1,0,0,0,0,0,72.6308,38.8,98.95,0.0,380.0,0.0,1700.0
1972,38,50.0,0.0,1.0,699.0,0.0,11,1,1,0,0,0,0,72.25,38.3,98.6,0.0,380.0,1.0,1701.0
1973,37,50.0,0.0,0.0,699.0,0.0,12,0,1,0,0,0,0,71.8808,37.8,98.25,0.0,380.0,1.0,1702.0
1974,37,50.0,0.0,0.0,699.0,0.0,12,0,1,0,0,0,0,71.5385,37.3,97.9,1.0,381.0,2.0,1704.0
1975,39,52.0,2.0,0.0,699.0,0.0,13,0,0,0,0,0,0,71.1423,36.8,97.55,0.0,381.0,0.0,1704.0
1976,39,52.0,0.0,0.0,699.0,0.0,13,0,0,0,0,0,0,70.7462,36.3,97.2,0.0,381.0,0.0,1704.0
1977,39,51.0,0.0,1.0,700.0,0.0,12,1,0,0,0,0,0,70.35,35.8,96.85,0.0,381.0,0.0,1704.0
1978,38,50.0,0.0,1.0,701.0,0.0,12,1,0,0,0,0,0,69.9654,35.45,96.5,0.0,381.0,0.0,1704.0
1979,38,51.0,1.0,0.0,701.0,0.0,13,0,0,0,0,0,0,69.5923,35.1,96.15,0.0,381.0,0.0,1704.0
1980,38,51.0,0.0,0.0,701.0,0.0,12,0,1,0,0,0,0,69.2346,35.1,95.8,0.0,381.0,1.0,1705.0
1981,38,51.0,0.0,0.0,701.0,0.0,10,0,3,0,0,0,0,68.9308,35.1,95.45,0.0,381.0,3.0,1708.0
1982,38,50.0,0.0,1.0,702.0,0.0,11,1,1,0,0,0,0,68.6,35.1,95.1,1.0,382.0,2.0,1710.0
1983,38,51.0,1.0,0.0,702.0,0.0,12,0,1,0,0,0,0,68.2423,34.75,94.6,0.0,382.0,1.0,1711.0
1984,38,51.0,0.0,0.0,702.0,0.0,11,0,2,0,0,0,0,67.95,34.4,94.1,1.0,383.0,3.0,1714.0
1985,39,51.0,1.0,1.0,703.0,0.0,12,1,0,0,0,0,0,67.5423,34.05,93.6,0.0,383.0,0.0,1714.0
1986,38,50.0,0.0,1.0,704.0,0.0,10,1,2,0,0,0,0,67.2231,33.7,93.25,0.0,383.0,2.0,1716.0
1987,39,52.0,2.0,0.0,704.0,0.0,12,0,1,0,0,0,0,66.9038,33.35,92.9,1.0,384.0,2.0,1718.0
1988,39,52.0,0.0,0.0,704.0,0.0,13,0,0,0,0,0,0,66.5192,33.0,92.55,0.0,384.0,0.0,1718.0
1989,39,52.0,0.0,0.0,704.0,0.0,12,0,1,0,0,0,0,66.15,32.65,92.2,0.0,384.0,1.0,1719.0
1990,39,52.0,0.0,0.0,704.0,0.0,11,0,2,0,0,0,0,65.8077,32.3,91.85,0.0,384.0,2.0,1721.0
1991,39,52.0,0.0,0.0,704.0,0.0,12,0,1,0,0,0,0,65.4538,31.95,91.5,1.0,385.0,2.0,1723.0
1992,39,52.0,0.0,0.0,704.0,0.0,13,0,0,0,0,0,0,65.0346,31.6,91.15,0.0,385.0,0.0,1723.0
1993,39,52.0,0.0,0.0,704.0,0.0,12,0,1,0,0,0,0,64.6423,31.25,90.8,0.0,385.0,1.0,1724.0
1994,39,52.0,0.0,0.0,704.0,0.0,13,0,0,0,0,0,0,64.2115,30.9,90.45,0.0,385.0,0.0,1724.0
1995,41,54.0,2.0,0.0,704.0,0.0,13,0,0,0,0,0,0,63.7692,30.4,90.1,0.0,385.0,0.0,1724.0
1996,41,52.0,0.0,2.0,706.0,0.0,11,2,0,0,0,0,0,63.3269,29.9,89.75,0.0,385.0,0.0,1724.0
1997,40,53.0,1.0,0.0,706.0,0.0,13,0,0,0,0,0,0,62.8962,29.4,89.4,0.0,385.0,0.0,1724.0
1998,40,51.0,0.0,2.0,708.0,0.0,11,2,0,0,0,0,0,62.4654,28.9,89.05,0.0,385.0,0.0,1724.0
1999,39,52.0,1.0,0.0,708.0,0.0,13,0,0,0,0,0,0,62.0346,28.4,88.7,0.0,385.0,0.0,1724.0
2000,39,51.0,0.0,1.0,709.0,0.0,12,1,0,0,0,0,0,61.6038,27.9,88.35,0.0,385.0,0.0,1724.0
2001,38,50.0,0.0,1.0,710.0,0.0,12,1,0,0,0,0,0,61.1846,27.4,88.0,0.0,385.0,0.0,1724.0
2002,37,50.0,0.0,0.0,710.0,0.0,13,0,0,0,0,0,0,60.7769,27.05,87.65,0.0,385.0,0.0,1724.0
2003,38,50.0,1.0,1.0,711.0,0.0,10,1,2,0,0,0,0,60.4231,26.7,87.3,0.0,385.0,2.0,1726.0
2004,37,50.0,0.0,0.0,711.0,0.0,12,0,1,0,0,0,0,60.0692,26.35,86.95,1.0,386.0,2.0,1728.0
2005,38,50.0,1.0,1.0,712.0,0.0,10,1,2,0,0,0,0,59.7154,26.35,86.6,0.0,386.0,2.0,1730.0
2006,37,50.0,0.0,0.0,712.0,0.0,12,0,1,0,0,0,0,59.3731,26.35,86.25,1.0,387.0,2.0,1732.0
2007,37,50.0,0.0,0.0,712.0,0.0,13,0,0,0,0,0,0,58.9769,26.0,85.9,0.0,387.0,0.0,1732.0
2008,37,50.0,0.0,0.0,712.0,0.0,12,0,1,0,0,0,0,58.5962,25.65,85.55,0.0,387.0,1.0,1733.0
2009,37,50.0,0.0,0.0,712.0,0.0,11,0,2,0,0,0,0,58.2423,25.3,85.2,0.0,387.0,2.0,1735.0
2010,37,49.0,0.0,1.0,713.0,0.0,10,1,2,0,0,0,0,57.9154,24.95,84.85,1.0,388.0,3.0,1738.0
2011,39,52.0,3.0,0.0,713.0,0.0,13,0,0,0,0,0,0,57.5231,24.6,84.35,1.0,389.0,1.0,1739.0
2012,39,51.0,0.0,1.0,714.0,0.0,12,1,0,0,0,0,0,57.0923,24.25,83.85,0.0,389.0,0.0,1739.0
2013,38,51.0,0.0,0.0,714.0,0.0,13,0,0,0,0,0,0,56.6731,23.9,83.35,0.0,389.0,0.0,1739.0
2014,38,50.0,0.0,1.0,715.0,0.0,10,1,2,0,0,0,0,56.3308,23.55,82.85,0.0,389.0,2.0,1741.0
2015,38,50.0,1.0,1.0,716.0,0.0,12,1,0,0,0,0,0,55.9231,23.2,82.35,0.0,389.0,0.0,1741.0
2016,37,49.0,0.0,1.0,717.0,0.0,12,1,0,0,0,0,0,55.5154,22.85,81.85,0.0,389.0,0.0,1741.0
2017,36,49.0,0.0,0.0,717.0,0.0,9,0,4,0,0,0,0,55.2269,22.5,81.35,0.0,389.0,4.0,1745.0
2018,36,47.0,0.0,2.0,719.0,0.0,8,2,3,0,0,0,0,54.9654,22.15,80.85,2.0,391.0,5.0,1750.0
2019,35,48.0,1.0,0.0,719.0,0.0,12,0,1,0,0,0,0,54.6462,21.8,80.5,1.0,392.0,2.0,1752.0
2020,35,48.0,0.0,0.0,719.0,0.0,11,0,2,0,0,0,0,54.3538,21.45,80.15,0.0,392.0,2.0,1754.0
2021,35,47.0,0.0,1.0,720.0,0.0,9,1,3,0,0,0,0,54.1538,21.1,79.8,1.0,393.0,4.0,1758.0
2022,34,47.0,0.0,0.0,720.0,0.0,11,0,2,0,0,0,0,53.9115,20.75,79.45,1.0,394.0,3.0,1761.0
2023,35,48.0,1.0,0.0,720.0,0.0,11,0,2,0,0,0,0,53.6038,20.4,79.1,0.0,394.0,2.0,1763.0
2024,35,48.0,0.0,0.0,720.0,0.0,13,0,0,0,0,0,0,53.2423,20.05,78.75,0.0,394.0,0.0,1763.0
2025,37,50.0,2.0,0.0,720.0,0.0,11,0,2,0,0,0,0,52.9462,19.7,78.4,0.0,394.0,2.0,1765.0
2026,37,50.0,0.0,0.0,720.0,0.0,13,0,0,0,0,0,0,52.5731,19.35,78.05,0.0,394.0,0.0,1765.0
2027,38,51.0,1.0,0.0,720.0,0.0,12,0,1,0,0,0,0,52.2269,19.0,77.7,0.0,394.0,1.0,1766.0
2028,38,51.0,0.0,0.0,720.0,0.0,12,0,1,0,0,0,0,51.8692,18.5,77.7,0.0,394.0,1.0,1767.0
2029,38,51.0,0.0,0.0,720.0,0.0,12,0,1,0,0,0,0,51.5115,18.0,77.35,0.0,394.0,1.0,1768.0
2030,38,51.0,0.0,0.0,720.0,0.0,11,0,2,0,0,0,0,51.2077,17.5,77.0,1.0,395.0,3.0,1771.0
2031,38,51.0,0.0,0.0,720.0,0.0,12,0,1,0,0,0,0,50.8769,17.0,77.0,1.0,396.0,2.0,1773.0
2032,38,51.0,0.0,0.0,720.0,0.0,11,0,2,0,0,0,0,50.5731,16.5,77.0,1.0,397.0,3.0,1776.0
2033,38,51.0,0.0,0.0,720.0,0.0,12,0,1,0,0,0,0,50.1923,16.0,76.5,0.0,397.0,1.0,1777.0
2034,38,51.0,0.0,0.0,720.0,0.0,11,0,2,0,0,0,0,49.8269,15.5,76.0,0.0,397.0,2.0,1779.0
2035,41,53.0,3.0,1.0,721.0,0.0,11,1,1,0,0,0,0,49.4615,15.0,75.5,1.0,398.0,2.0,1781.0
2036,40,53.0,0.0,0.0,721.0,0.0,12,0,0,0,1,0,0,49.0423,14.5,75.0,0.0,398.0,0.0,1781.0
2037,40,53.0,0.0,0.0,721.0,0.0,12,0,0,0,1,0,0,48.6231,14.15,74.5,0.0,398.0,0.0,1781.0
2038,40,52.0,0.0,1.0,722.0,0.0,11,1,1,0,0,0,0,48.2308,14.15,74.0,0.0,398.0,1.0,1782.0
2039,40,52.0,1.0,1.0,723.0,0.0,11,1,0,0,1,0,0,47.8,13.8,73.5,0.0,398.0,0.0,1782.0
2040,39,51.0,0.0,1.0,724.0,0.0,9,1,2,0,1,0,0,47.4346,13.45,73.5,0.0,398.0,2.0,1784.0
2041,38,50.0,0.0,1.0,725.0,0.0,10,1,1,0,1,0,0,47.1077,13.1,73.5,2.0,400.0,3.0,1787.0
2042,37,50.0,0.0,0.0,725.0,0.0,12,0,0,0,1,0,0,46.6885,12.75,73.0,0.0,400.0,0.0,1787.0
2043,38,51.0,1.0,0.0,725.0,0.0,12,0,0,0,1,0,0,46.2692,12.4,72.5,0.0,400.0,0.0,1787.0
2044,38,51.0,0.0,0.0,725.0,0.0,11,0,1,0,1,0,0,45.8885,12.05,72.0,0.0,400.0,1.0,1788.0
2045,39,52.0,1.0,0.0,725.0,0.0,8,0,5,0,0,0,0,45.6385,12.05,71.5,0.0,400.0,5.0,1793.0
2046,39,52.0,0.0,0.0,725.0,0.0,10,0,3,0,0,0,0,45.4154,12.05,71.0,3.0,403.0,6.0,1799.0
2047,40,53.0,1.0,0.0,725.0,0.0,10,0,2,0,1,0,0,45.05,11.7,70.5,0.0,403.0,2.0,1801.0
2048,40,53.0,0.0,0.0,725.0,0.0,11,0,1,0,1,0,0,44.6731,11.35,70.0,1.0,404.0,2.0,1803.0
2049,40,53.0,0.0,0.0,725.0,0.0,11,0,1,0,1,0,0,44.2808,11.0,69.5,0.0,404.0,1.0,1804.0
2050,40,53.0,0.0,0.0,725.0,0.0,12,0,0,0,1,0,0,43.85,10.65,69.0,0.0,404.0,0.0,1804.0
2051,41,54.0,1.0,0.0,725.0,0.0,11,0,0,0,2,0,0,43.4192,10.3,68.5,0.0,404.0,0.0,1804.0
2052,41,54.0,0.0,0.0,725.0,0.0,11,0,0,0,2,0,0,43.0,9.95,68.0,0.0,404.0,0.0,1804.0
2053,42,55.0,1.0,0.0,725.0,0.0,9,0,2,0,2,0,0,42.6462,9.6,68.0,0.0,404.0,2.0,1806.0
2054,42,55.0,0.0,0.0,725.0,0.0,9,0,2,0,2,0,0,42.3577,9.25,68.0,2.0,406.0,4.0,1810.0
2055,43,56.0,1.0,0.0,725.0,0.0,9,0,2,0,2,0,0,41.9808,8.9,67.5,0.0,406.0,2.0,1812.0
2056,43,55.0,0.0,1.0,726.0,0.0,8,1,2,0,2,0,0,41.6423,8.55,67.0,1.0,407.0,3.0,1815.0
2057,42,54.0,0.0,1.0,727.0,0.0,10,1,0,0,2,0,0,41.2,8.2,66.5,0.0,407.0,0.0,1815.0
2058,42,54.0,0.0,0.0,727.0,0.0,10,1,0,1,1,0,0,40.7962,7.85,66.0,0.0,407.0,0.0,1815.0
2059,44,55.0,2.0,1.0,728.0,0.0,9,2,0,1,1,0,0,41.1281,11.85,65.5,0.0,407.0,0.0,1815.0
2060,43,54.0,0.0,1.0,729.0,0.0,9,2,0,1,1,0,0,41.4715,11.5,65.0,0.0,407.0,0.0,1815.0
2061,42,54.0,0.0,0.0,729.0,0.0,9,1,1,1,1,0,0,41.8535,11.15,64.5,0.0,407.0,1.0,1816.0
2062,42,53.0,0.0,1.0,730.0,0.0,8,2,1,1,1,0,0,42.2738,10.8,64.5,1.0,408.0,2.0,1818.0
2063,40,53.0,0.0,0.0,730.0,0.0,11,0,0,1,1,0,0,42.6019,10.45,64.0,0.0,408.0,0.0,1818.0
2064,40,52.0,0.0,1.0,731.0,0.0,8,1,1,1,2,0,0,42.9685,10.1,64.0,0.0,408.0,1.0,1819.0
2065,41,52.0,1.0,1.0,732.0,0.0,9,1,0,1,2,0,0,43.3081,9.75,72.355,0.0,408.0,0.0,1819.0
2066,40,52.0,0.0,0.0,732.0,0.0,10,0,0,1,2,0,0,43.6592,9.4,81.57,0.0,408.0,0.0,1819.0
2067,42,54.0,2.0,0.0,732.0,0.0,10,0,0,1,2,0,0,44.0104,9.05,90.785,0.0,408.0,0.0,1819.0
2068,42,54.0,0.0,0.0,732.0,0.0,8,0,3,0,2,0,0,44.4154,8.7,99.65,0.0,408.0,3.0,1822.0
2069,42,53.0,0.0,1.0,733.0,0.0,9,1,1,0,2,0,0,44.0731,8.35,99.3,1.0,409.0,2.0,1824.0
2070,41,53.0,0.0,0.0,733.0,0.0,11,0,0,0,2,0,0,43.6885,8.0,98.95,0.0,409.0,0.0,1824.0
2071,42,54.0,1.0,0.0,733.0,0.0,9,0,2,0,2,0,0,43.3462,7.65,98.6,0.0,409.0,2.0,1826.0
2072,42,54.0,0.0,0.0,733.0,0.0,11,0,0,0,2,0,0,42.95,7.3,98.25,0.0,409.0,0.0,1826.0
2073,42,54.0,0.0,0.0,733.0,0.0,11,0,0,0,2,0,0,42.5538,6.95,97.9,0.0,409.0,0.0,1826.0
2074,42,54.0,0.0,0.0,733.0,0.0,11,0,0,0,2,0,0,42.1577,6.6,97.55,0.0,409.0,0.0,1826.0
2075,44,56.0,2.0,0.0,733.0,0.0,9,0,2,0,2,0,0,41.8154,6.25,97.2,0.0,409.0,2.0,1828.0
2076,44,55.0,0.0,1.0,734.0,0.0,8,1,2,0,2,0,0,41.5,5.9,96.85,1.0,410.0,3.0,1831.0
2077,43,54.0,0.0,1.0,735.0,0.0,8,1,2,0,2,0,0,41.1346,5.55,96.5,0.0,410.0,2.0,1833.0
2078,42,54.0,0.0,0.0,735.0,0.0,10,0,1,0,2,0,0,40.7808,5.2,96.15,1.0,411.0,2.0,1835.0
2079,42,52.0,0.0,2.0,737.0,0.0,9,2,0,1,1,0,0,40.3731,4.85,95.8,0.0,411.0,0.0,1835.0
2080,41,52.0,0.0,0.0,737.0,0.0,11,0,0,2,0,0,0,40.7112,4.5,95.45,0.0,411.0,0.0,1835.0
2081,42,53.0,1.0,0.0,737.0,0.0,10,0,1,2,0,0,0,41.8377,14.05,95.1,0.0,411.0,1.0,1836.0
2082,42,53.0,0.0,0.0,737.0,0.0,11,0,0,2,0,0,0,42.9258,15.4,94.75,0.0,411.0,0.0,1836.0
2083,44,54.0,2.0,1.0,738.0,0.0,9,1,0,2,1,0,0,44.0138,14.9,94.4,0.0,411.0,0.0,1836.0
2084,43,54.0,0.0,0.0,738.0,0.0,10,0,0,2,1,0,0,45.1135,14.55,94.05,0.0,411.0,0.0,1836.0
2085,44,54.0,1.0,1.0,739.0,0.0,9,1,0,2,1,0,0,46.2131,14.2,93.7,0.0,411.0,0.0,1836.0
2086,43,54.0,0.0,0.0,739.0,0.0,10,0,0,2,1,0,0,47.3242,13.85,93.35,0.0,411.0,0.0,1836.0
2087,43,53.0,0.0,1.0,740.0,0.0,9,1,0,2,1,0,0,48.4008,13.5,92.85,0.0,411.0,0.0,1836.0
2088,43,53.0,0.0,0.0,740.0,0.0,6,0,4,2,1,0,0,49.6081,13.15,92.85,0.0,411.0,4.0,1840.0
2089,42,52.0,0.0,1.0,741.0,0.0,8,1,2,1,1,0,0,50.7615,12.8,99.65,1.0,412.0,3.0,1843.0
2090,40,52.0,0.0,0.0,741.0,0.0,11,0,1,0,1,0,0,51.1654,12.45,99.65,1.0,413.0,2.0,1845.0
2091,41,52.0,1.0,1.0,742.0,0.0,11,1,0,0,1,0,0,50.7692,12.1,99.3,0.0,413.0,0.0,1845.0
2092,40,52.0,0.0,0.0,742.0,0.0,12,0,0,0,1,0,0,50.3846,11.75,98.95,0.0,413.0,0.0,1845.0
2093,40,51.0,0.0,1.0,743.0,0.0,11,1,0,0,1,0,0,49.9769,11.4,98.6,0.0,413.0,0.0,1845.0
2094,39,51.0,0.0,0.0,743.0,0.0,12,0,0,0,1,0,0,49.5808,11.05,98.25,0.0,413.0,0.0,1845.0
2095,42,54.0,3.0,0.0,743.0,0.0,11,0,1,0,1,0,0,49.2115,10.7,97.9,0.0,413.0,1.0,1846.0
2096,42,54.0,0.0,0.0,743.0,0.0,11,0,1,0,1,0,0,48.8692,10.35,97.55,1.0,414.0,2.0,1848.0
2097,42,54.0,0.0,0.0,743.0,0.0,12,0,0,0,1,0,0,48.4615,10.0,97.2,0.0,414.0,0.0,1848.0
2098,42,54.0,0.0,0.0,743.0,0.0,11,0,1,0,1,0,0,48.0808,9.65,96.85,0.0,414.0,1.0,1849.0
2099,43,55.0,1.0,0.0,743.0,0.0,10,0,2,0,1,0,0,47.7385,9.3,96.5,0.0,414.0,2.0,1851.0
2100,43,55.0,0.0,0.0,743.0,0.0,11,0,1,0,1,0,0,47.3962,8.95,96.15,1.0,415.0,2.0,1853.0
2101,43,55.0,0.0,0.0,743.0,0.0,11,0,1,0,1,0,0,47.0038,8.6,95.8,0.0,415.0,1.0,1854.0
2102,43,55.0,0.0,0.0,743.0,0.0,10,0,2,1,0,0,0,46.6385,8.25,95.45,0.0,415.0,2.0,1856.0
2103,43,55.0,0.0,0.0,743.0,0.0,12,0,0,1,0,0,0,46.9519,17.425,95.1,0.0,415.0,0.0,1856.0
2104,43,55.0,0.0,0.0,743.0,0.0,10,0,2,1,0,0,0,47.3423,18.4,94.75,0.0,415.0,2.0,1858.0
2105,44,56.0,1.0,0.0,743.0,0.0,11,0,1,1,0,0,0,47.7327,17.9,94.4,1.0,416.0,2.0,1860.0
2106,44,55.0,0.0,1.0,744.0,0.0,11,1,0,1,0,0,0,48.0462,17.4,94.05,0.0,416.0,0.0,1860.0
2107,45,56.0,2.0,1.0,745.0,0.0,11,1,0,1,0,0,0,48.3712,16.9,93.7,0.0,416.0,0.0,1860.0
2108,44,56.0,0.0,0.0,745.0,0.0,11,0,1,1,0,0,0,48.7231,16.4,93.7,0.0,416.0,1.0,1861.0
2109,45,57.0,1.0,0.0,745.0,0.0,11,0,1,1,0,0,0,49.075,15.9,93.35,0.0,416.0,1.0,1862.0
2110,45,56.0,0.0,1.0,746.0,0.0,10,1,1,1,0,0,0,49.4654,15.9,93.0,1.0,417.0,2.0,1864.0
2111,44,56.0,0.0,0.0,746.0,0.0,10,0,2,1,0,0,0,49.8673,15.4,92.65,0.0,417.0,2.0,1866.0
2112,43,56.0,0.0,0.0,746.0,0.0,10,0,2,0,1,0,0,50.2692,14.9,99.65,1.0,418.0,3.0,1869.0
2113,43,56.0,0.0,0.0,746.0,0.0,12,0,0,0,1,0,0,49.9,14.55,99.3,1.0,419.0,1.0,1870.0
2114,43,56.0,0.0,0.0,746.0,0.0,12,0,0,0,1,0,0,49.5038,14.2,98.95,0.0,419.0,0.0,1870.0
2115,45,57.0,2.0,1.0,747.0,0.0,11,1,0,0,1,0,0,49.0962,13.85,98.6,0.0,419.0,0.0,1870.0
2116,45,57.0,0.0,0.0,747.0,0.0,11,0,1,0,1,0,0,48.7269,13.5,98.25,0.0,419.0,1.0,1871.0
2117,45,56.0,0.0,1.0,748.0,0.0,11,1,0,0,1,0,0,48.3308,13.15,97.9,0.0,419.0,0.0,1871.0
2118,44,56.0,0.0,0.0,748.0,0.0,12,0,0,0,1,0,0,47.9346,12.8,97.55,0.0,419.0,0.0,1871.0
2119,45,57.0,1.0,0.0,748.0,0.0,10,0,1,0,2,0,0,47.5538,12.45,97.2,0.0,419.0,1.0,1872.0
2120,45,57.0,0.0,0.0,748.0,0.0,11,0,0,0,2,0,0,47.1462,12.1,96.85,0.0,419.0,0.0,1872.0
2121,45,56.0,0.0,1.0,749.0,0.0,8,1,2,0,2,0,0,46.8038,11.75,96.5,0.0,419.0,2.0,1874.0
2122,44,56.0,0.0,0.0,749.0,0.0,10,0,1,0,2,0,0,46.45,11.4,96.15,1.0,420.0,2.0,1876.0
2123,46,58.0,2.0,0.0,749.0,0.0,9,0,2,0,2,0,0,46.0962,11.05,95.8,0.0,420.0,2.0,1878.0
2124,46,57.0,0.0,1.0,750.0,0.0,8,1,1,0,3,0,0,45.7423,10.7,95.45,1.0,421.0,2.0,1880.0
2125,46,57.0,1.0,1.0,751.0,0.0,9,1,0,0,3,0,0,45.3231,10.35,95.1,0.0,421.0,0.0,1880.0
2126,46,57.0,0.0,0.0,751.0,0.0,10,0,0,0,3,0,0,44.9538,10.0,94.75,0.0,421.0,0.0,1880.0
2127,46,57.0,0.0,0.0,751.0,0.0,10,0,0,0,3,0,0,44.5231,9.65,94.4,0.0,421.0,0.0,1880.0
2128,46,57.0,0.0,0.0,751.0,0.0,10,0,0,0,3,0,0,44.0808,9.3,94.05,0.0,421.0,0.0,1880.0
2129,46,57.0,0.0,0.0,751.0,0.0,10,0,0,0,3,0,0,43.6385,8.95,93.7,0.0,421.0,0.0,1880.0
2130,46,55.0,0.0,2.0,753.0,0.0,7,2,1,0,3,0,0,43.2346,8.6,93.35,0.0,421.0,1.0,1881.0
2131,47,56.0,2.0,1.0,754.0,0.0,8,1,0,0,4,0,0,42.8154,8.25,93.0,0.0,421.0,0.0,1881.0
2132,47,56.0,0.0,0.0,754.0,0.0,9,0,0,0,4,0,0,42.4077,7.9,92.65,0.0,421.0,0.0,1881.0
2133,47,56.0,0.0,0.0,754.0,0.0,9,0,0,0,4,0,0,42.0,7.55,92.3,0.0,421.0,0.0,1881.0
2134,47,55.0,0.0,1.0,755.0,0.0,8,1,0,1,3,0,0,41.5923,7.2,91.95,0.0,421.0,0.0,1881.0
2135,47,56.0,1.0,0.0,755.0,0.0,9,0,0,1,3,0,0,41.9181,6.85,91.6,0.0,421.0,0.0,1881.0
2136,47,55.0,0.0,1.0,756.0,0.0,7,1,1,1,3,0,0,42.2708,6.5,91.25,0.0,421.0,1.0,1882.0
2137,47,55.0,1.0,1.0,757.0,0.0,8,1,0,1,3,0,0,42.6081,6.15,90.9,0.0,421.0,0.0,1882.0
2138,46,55.0,0.0,0.0,757.0,0.0,9,0,1,2,1,0,0,42.9723,5.8,90.55,0.0,421.0,1.0,1883.0
2139,47,55.0,1.0,1.0,758.0,0.0,8,1,0,2,2,0,0,44.0381,10.05,90.05,0.0,421.0,0.0,1883.0
2140,46,54.0,0.0,1.0,759.0,0.0,8,1,0,2,2,0,0,45.1154,9.7,89.55,0.0,421.0,0.0,1883.0
2141,45,54.0,0.0,0.0,759.0,0.0,9,0,0,2,2,0,0,46.1927,9.35,89.05,0.0,421.0,0.0,1883.0
2142,45,54.0,0.0,0.0,759.0,0.0,9,0,1,3,0,0,0,47.2854,9.35,88.55,0.0,421.0,1.0,1884.0
2143,46,54.0,1.0,1.0,760.0,0.0,8,1,0,3,1,0,0,49.0919,9.35,90.965,1.0,422.0,1.0,1885.0
2144,44,53.0,0.0,1.0,761.0,0.0,9,1,0,2,1,0,0,50.8562,9.0,99.65,0.0,422.0,0.0,1885.0
2145,44,54.0,1.0,0.0,761.0,0.0,10,0,0,2,1,0,0,51.9369,8.65,99.3,0.0,422.0,0.0,1885.0
2146,44,54.0,0.0,0.0,761.0,0.0,7,0,4,2,0,0,0,53.1369,8.65,98.95,0.0,422.0,4.0,1889.0
2147,45,54.0,1.0,1.0,762.0,0.0,8,1,1,2,1,0,0,54.2831,8.3,98.6,1.0,423.0,2.0,1891.0
2148,43,54.0,0.0,0.0,762.0,0.0,11,0,0,1,1,0,0,55.3485,7.95,99.65,0.0,423.0,0.0,1891.0
2149,43,54.0,0.0,0.0,762.0,0.0,11,0,0,1,1,0,0,55.6892,7.6,99.3,0.0,423.0,0.0,1891.0
2150,43,53.0,0.0,1.0,763.0,0.0,10,1,0,2,0,0,0,56.03,7.25,98.95,0.0,423.0,0.0,1891.0
2151,43,54.0,1.0,0.0,763.0,0.0,11,0,0,2,0,0,0,57.0996,16.525,98.6,0.0,423.0,0.0,1891.0
2152,42,54.0,0.0,0.0,763.0,0.0,11,0,1,1,0,0,0,58.1692,18.15,99.65,0.0,423.0,1.0,1892.0
2153,42,53.0,0.0,1.0,764.0,0.0,10,1,1,1,0,0,0,58.5404,17.8,99.3,0.0,423.0,1.0,1893.0
2154,41,52.0,0.0,1.0,765.0,0.0,11,1,0,1,0,0,0,58.8846,17.45,98.95,0.0,423.0,0.0,1893.0
2155,43,55.0,3.0,0.0,765.0,0.0,11,0,1,1,0,0,0,59.2673,17.1,98.6,0.0,423.0,1.0,1894.0
2156,43,55.0,0.0,0.0,765.0,0.0,9,0,3,1,0,0,0,59.7154,16.75,98.25,0.0,423.0,3.0,1897.0
2157,43,55.0,0.0,0.0,765.0,0.0,10,0,2,1,0,0,0,60.125,16.4,97.9,0.0,423.0,2.0,1899.0
2158,43,55.0,0.0,0.0,765.0,0.0,11,0,1,1,0,0,0,60.5346,16.05,97.55,1.0,424.0,2.0,1901.0
2159,43,54.0,0.0,1.0,766.0,0.0,11,1,0,1,0,0,0,60.8904,15.7,97.2,0.0,424.0,0.0,1901.0
2160,41,54.0,0.0,0.0,766.0,0.0,13,0,0,0,0,0,0,61.2192,15.35,99.65,0.0,424.0,0.0,1901.0
2161,41,54.0,0.0,0.0,766.0,0.0,12,0,0,0,1,0,0,60.8115,14.85,99.3,0.0,424.0,0.0,1901.0
2162,41,52.0,0.0,2.0,768.0,0.0,10,2,0,0,1,0,0,60.4154,14.5,98.95,0.0,424.0,0.0,1901.0
2163,41,53.0,1.0,0.0,768.0,0.0,11,0,1,0,1,0,0,60.0808,14.15,98.6,0.0,424.0,1.0,1902.0
2164,41,53.0,0.0,0.0,768.0,0.0,10,0,2,0,1,0,0,59.7731,13.8,98.25,0.0,424.0,2.0,1904.0
2165,43,55.0,2.0,0.0,768.0,0.0,11,0,1,0,1,0,0,59.4654,13.45,97.9,1.0,425.0,2.0,1906.0
2166,43,55.0,0.0,0.0,768.0,0.0,11,0,1,0,1,0,0,59.0962,13.1,97.55,0.0,425.0,1.0,1907.0
2167,44,56.0,1.0,0.0,768.0,0.0,12,0,0,0,1,0,0,58.7,12.75,97.2,0.0,425.0,0.0,1907.0
2168,44,56.0,0.0,0.0,768.0,0.0,11,0,1,0,1,0,0,58.3192,12.4,96.85,0.0,425.0,1.0,1908.0
2169,44,56.0,0.0,0.0,768.0,0.0,11,0,1,0,1,0,0,57.9385,12.05,96.5,0.0,425.0,1.0,1909.0
2170,44,55.0,0.0,1.0,769.0,0.0,11,1,0,0,1,0,0,57.5077,11.7,96.15,0.0,425.0,0.0,1909.0
2171,44,56.0,1.0,0.0,769.0,0.0,12,0,0,0,1,0,0,57.0885,11.35,95.8,0.0,425.0,0.0,1909.0
2172,44,55.0,0.0,1.0,770.0,0.0,11,1,0,0,1,0,0,56.6692,11.0,95.45,0.0,425.0,0.0,1909.0
2173,43,54.0,0.0,1.0,771.0,0.0,11,1,0,0,1,0,0,56.2615,10.65,95.1,0.0,425.0,0.0,1909.0
2174,42,54.0,0.0,0.0,771.0,0.0,12,0,0,0,1,0,0,55.8654,10.3,94.75,0.0,425.0,0.0,1909.0
2175,43,54.0,1.0,1.0,772.0,0.0,7,1,3,0,2,0,0,55.55,9.95,94.4,0.0,425.0,3.0,1912.0
2176,43,54.0,0.0,0.0,772.0,0.0,7,0,4,0,2,0,0,55.3115,9.6,94.4,1.0,426.0,5.0,1917.0
2177,43,54.0,0.0,0.0,772.0,0.0,10,0,1,1,1,0,0,55.0077,9.25,94.4,2.0,428.0,3.0,1920.0
2178,43,54.0,0.0,0.0,772.0,0.0,10,0,1,1,1,0,0,55.4135,13.55,94.05,0.0,428.0,1.0,1921.0
2179,46,57.0,3.0,0.0,772.0,0.0,10,0,1,1,1,0,0,55.8577,13.2,93.7,1.0,429.0,2.0,1923.0
2180,46,57.0,0.0,0.0,772.0,0.0,11,0,0,1,1,0,0,56.1981,12.85,93.35,0.0,429.0,0.0,1923.0
2181,46,57.0,0.0,0.0,772.0,0.0,11,0,0,1,1,0,0,56.5385,12.5,93.0,0.0,429.0,0.0,1923.0
2182,46,57.0,0.0,0.0,772.0,0.0,9,0,2,1,1,0,0,56.9558,12.15,92.65,0.0,429.0,2.0,1925.0
2183,46,56.0,0.0,1.0,773.0,0.0,9,1,1,1,1,0,0,57.3615,11.8,92.3,1.0,430.0,2.0,1927.0
2184,45,56.0,0.0,0.0,773.0,0.0,10,0,1,1,1,0,0,57.7288,11.45,91.95,0.0,430.0,1.0,1928.0
2185,46,57.0,1.0,0.0,773.0,0.0,11,0,0,1,1,0,0,58.0577,11.1,91.6,0.0,430.0,0.0,1928.0
2186,46,57.0,0.0,0.0,773.0,0.0,11,0,0,1,1,0,0,58.3865,10.75,91.25,0.0,430.0,0.0,1928.0
2187,46,57.0,1.0,1.0,774.0,0.0,11,1,0,0,1,0,0,58.6885,10.4,99.65,0.0,430.0,0.0,1928.0
2188,45,57.0,0.0,0.0,774.0,0.0,9,0,2,0,2,0,0,58.3692,10.05,99.3,0.0,430.0,2.0,1930.0
2189,45,57.0,0.0,0.0,774.0,0.0,10,0,1,0,2,0,0,58.05,9.7,98.95,1.0,431.0,2.0,1932.0
2190,45,57.0,0.0,0.0,774.0,0.0,11,0,0,0,2,0,0,57.6538,9.35,98.6,0.0,431.0,0.0,1932.0
2191,46,58.0,1.0,0.0,774.0,0.0,10,0,0,0,3,0,0,57.2346,9.0,98.25,0.0,431.0,0.0,1932.0
2192,46,58.0,0.0,0.0,774.0,0.0,10,0,0,1,2,0,0,56.8154,8.65,97.9,0.0,431.0,0.0,1932.0
2193,47,59.0,1.0,0.0,774.0,0.0,9,0,1,1,2,0,0,57.1642,12.8,97.55,0.0,431.0,1.0,1933.0
2194,47,59.0,0.0,0.0,774.0,0.0,9,0,1,1,2,0,0,57.5515,12.45,97.2,1.0,432.0,2.0,1935.0
2195,49,59.0,2.0,2.0,776.0,0.0,8,2,1,1,1,0,0,57.8773,12.45,96.85,0.0,432.0,1.0,1936.0
2196,47,59.0,0.0,0.0,776.0,0.0,9,0,1,1,2,0,0,58.2146,12.1,96.5,0.0,432.0,1.0,1937.0
2197,47,58.0,0.0,1.0,777.0,0.0,9,1,0,1,2,0,0,58.5135,11.75,96.15,0.0,432.0,0.0,1937.0
2198,47,58.0,0.0,0.0,777.0,0.0,9,0,1,1,2,0,0,58.8508,11.4,95.8,0.0,432.0,1.0,1938.0
2199,47,58.0,0.0,0.0,777.0,0.0,8,0,1,1,3,0,0,59.1996,11.05,95.45,0.0,432.0,1.0,1939.0
2200,47,58.0,0.0,0.0,777.0,0.0,9,0,0,1,3,0,0,59.5215,10.7,95.1,0.0,432.0,0.0,1939.0
2201,47,58.0,0.0,0.0,777.0,0.0,8,0,1,1,3,0,0,59.8819,10.35,94.75,0.0,432.0,1.0,1940.0
2202,47,57.0,0.0,1.0,778.0,0.0,9,1,0,0,3,0,0,60.1769,10.0,99.65,0.0,432.0,0.0,1940.0
2203,48,58.0,2.0,1.0,779.0,0.0,9,1,0,0,3,0,0,59.7692,9.65,99.3,0.0,432.0,0.0,1940.0
2204,47,58.0,0.0,0.0,779.0,0.0,10,0,0,0,3,0,0,59.3731,9.3,98.95,0.0,432.0,0.0,1940.0
2205,48,58.0,1.0,1.0,780.0,0.0,9,1,0,0,3,0,0,58.9769,8.95,98.6,0.0,432.0,0.0,1940.0
2206,47,57.0,0.0,1.0,781.0,0.0,9,1,0,1,2,0,0,58.5923,8.6,98.25,0.0,432.0,0.0,1940.0
2207,47,58.0,1.0,0.0,781.0,0.0,10,0,0,1,2,0,0,58.9415,8.25,97.9,0.0,432.0,0.0,1940.0
2208,47,58.0,0.0,0.0,781.0,0.0,9,0,1,1,2,0,0,59.3177,7.9,97.55,0.0,432.0,1.0,1941.0
2209,47,58.0,0.0,0.0,781.0,0.0,10,0,0,2,1,0,0,59.6669,7.55,97.2,0.0,432.0,0.0,1941.0
2210,47,58.0,0.0,0.0,781.0,0.0,10,0,0,2,1,0,0,60.7542,10.9,96.85,0.0,432.0,0.0,1941.0
2211,48,58.0,1.0,1.0,782.0,0.0,9,1,0,2,1,0,0,61.83,10.55,96.5,0.0,432.0,0.0,1941.0
2212,47,58.0,0.0,0.0,782.0,0.0,10,0,0,2,1,0,0,62.9173,10.2,96.15,0.0,432.0,0.0,1941.0
2213,47,57.0,0.0,1.0,783.0,0.0,9,1,0,2,1,0,0,63.9931,9.85,95.8,0.0,432.0,0.0,1941.0
2214,47,57.0,0.0,0.0,783.0,0.0,10,0,0,2,1,0,0,65.0804,9.5,95.45,0.0,432.0,0.0,1941.0
2215,49,59.0,2.0,0.0,783.0,0.0,10,0,0,2,1,0,0,66.1677,9.15,95.1,0.0,432.0,0.0,1941.0
2216,48,59.0,0.0,0.0,783.0,0.0,11,0,0,1,1,0,0,67.1935,8.8,99.65,0.0,432.0,0.0,1941.0
2217,48,59.0,0.0,0.0,783.0,0.0,11,0,0,1,1,0,0,67.5238,8.45,99.3,0.0,432.0,0.0,1941.0
2218,48,56.0,0.0,3.0,786.0,0.0,8,3,0,1,1,0,0,67.8427,8.1,98.95,0.0,432.0,0.0,1941.0
2219,45,57.0,1.0,0.0,786.0,0.0,12,0,0,1,0,0,0,68.1692,7.75,99.65,0.0,432.0,0.0,1941.0
2220,45,57.0,0.0,0.0,786.0,0.0,11,0,1,1,0,0,0,68.5481,16.975,99.3,0.0,432.0,1.0,1942.0
2221,46,58.0,1.0,0.0,786.0,0.0,12,0,0,1,0,0,0,68.8769,26.2,98.95,0.0,432.0,0.0,1942.0
2222,46,58.0,0.0,0.0,786.0,0.0,9,0,3,1,0,0,0,69.3212,35.425,98.6,0.0,432.0,3.0,1945.0
2223,46,58.0,0.0,0.0,786.0,0.0,9,0,3,1,0,0,0,69.8308,40.9,98.25,2.0,434.0,5.0,1950.0
2224,46,58.0,0.0,0.0,786.0,0.0,12,0,0,1,0,0,0,70.1865,40.4,97.9,1.0,435.0,1.0,1951.0
2225,47,59.0,1.0,0.0,786.0,0.0,12,0,0,1,0,0,0,70.5154,39.9,97.55,0.0,435.0,0.0,1951.0
2226,47,59.0,0.0,0.0,786.0,0.0,9,0,3,1,0,0,0,70.9481,39.9,97.2,0.0,435.0,3.0,1954.0
2227,49,61.0,2.0,0.0,786.0,0.0,11,0,1,1,0,0,0,71.3423,39.4,96.85,1.0,436.0,2.0,1956.0
2228,49,60.0,0.0,1.0,787.0,0.0,10,1,1,1,0,0,0,71.7096,38.9,96.5,0.0,436.0,1.0,1957.0
2229,47,57.0,0.0,3.0,790.0,0.0,10,3,0,0,0,0,0,72.0231,38.55,99.65,0.0,436.0,0.0,1957.0
2230,44,57.0,0.0,0.0,790.0,0.0,13,0,0,0,0,0,0,71.65,38.2,99.3,0.0,436.0,0.0,1957.0
2231,44,56.0,0.0,1.0,791.0,0.0,12,1,0,0,0,0,0,71.2769,37.85,98.95,0.0,436.0,0.0,1957.0
2232,43,56.0,0.0,0.0,791.0,0.0,13,0,0,0,0,0,0,70.9154,37.5,98.6,0.0,436.0,0.0,1957.0
2233,43,56.0,0.0,0.0,791.0,0.0,13,0,0,0,0,0,0,70.5423,37.15,98.25,0.0,436.0,0.0,1957.0
2234,43,56.0,0.0,0.0,791.0,0.0,13,0,0,0,0,0,0,70.1692,36.8,97.9,0.0,436.0,0.0,1957.0
2235,46,59.0,3.0,0.0,791.0,0.0,13,0,0,0,0,0,0,69.7962,36.45,97.55,0.0,436.0,0.0,1957.0
2236,46,59.0,0.0,0.0,791.0,0.0,13,0,0,0,0,0,0,69.4231,36.1,97.2,0.0,436.0,0.0,1957.0
2237,46,58.0,0.0,1.0,792.0,0.0,10,1,2,0,0,0,0,69.0808,35.75,96.85,0.0,436.0,2.0,1959.0
2238,45,58.0,0.0,0.0,792.0,0.0,13,0,0,0,0,0,0,68.6962,35.4,96.5,0.0,436.0,0.0,1959.0
2239,46,59.0,1.0,0.0,792.0,0.0,13,0,0,0,0,0,0,68.3,34.9,96.15,0.0,436.0,0.0,1959.0
2240,46,59.0,0.0,0.0,792.0,0.0,13,0,0,0,0,0,0,67.9038,34.4,95.8,0.0,436.0,0.0,1959.0
2241,46,59.0,0.0,0.0,792.0,0.0,13,0,0,0,0,0,0,67.5077,33.9,95.45,0.0,436.0,0.0,1959.0
2242,46,59.0,0.0,0.0,792.0,0.0,13,0,0,0,0,0,0,67.1115,33.4,95.1,0.0,436.0,0.0,1959.0
2243,47,60.0,1.0,0.0,792.0,0.0,11,0,2,0,0,0,0,66.7808,32.9,94.75,0.0,436.0,2.0,1961.0
2244,47,59.0,0.0,1.0,793.0,0.0,10,1,2,0,0,0,0,66.4538,32.4,94.25,1.0,437.0,3.0,1964.0
2245,47,60.0,1.0,0.0,793.0,0.0,13,0,0,0,0,0,0,66.0115,32.05,93.75,0.0,437.0,0.0,1964.0
2246,47,59.0,0.0,1.0,794.0,0.0,12,1,0,0,0,0,0,65.6077,31.7,93.25,0.0,437.0,0.0,1964.0
2247,46,58.0,0.0,1.0,795.0,0.0,11,1,1,0,0,0,0,65.1923,31.35,92.9,0.0,437.0,1.0,1965.0
2248,45,58.0,0.0,0.0,795.0,0.0,13,0,0,0,0,0,0,64.7615,31.0,92.55,0.0,437.0,0.0,1965.0
2249,46,59.0,1.0,0.0,795.0,0.0,12,0,1,0,0,0,0,64.3692,30.65,92.2,0.0,437.0,1.0,1966.0
2250,46,59.0,0.0,0.0,795.0,0.0,11,0,2,0,0,0,0,63.9923,30.3,91.85,0.0,437.0,2.0,1968.0
2251,48,61.0,2.0,0.0,795.0,0.0,12,0,1,0,0,0,0,63.6038,29.8,91.5,1.0,438.0,2.0,1970.0
2252,48,60.0,0.0,1.0,796.0,0.0,12,1,0,0,0,0,0,63.15,29.3,91.15,0.0,438.0,0.0,1970.0
2253,47,60.0,0.0,0.0,796.0,0.0,13,0,0,0,0,0,0,62.7346,28.8,90.8,0.0,438.0,0.0,1970.0
2254,47,60.0,0.0,0.0,796.0,0.0,13,0,0,0,0,0,0,62.2808,28.3,90.45,0.0,438.0,0.0,1970.0
2255,48,60.0,1.0,1.0,797.0,0.0,12,1,0,0,0,0,0,61.8269,27.8,90.1,0.0,438.0,0.0,1970.0
2256,47,59.0,0.0,1.0,798.0,0.0,12,1,0,0,0,0,0,61.3731,27.3,89.75,0.0,438.0,0.0,1970.0
2257,46,58.0,0.0,1.0,799.0,0.0,12,1,0,0,0,0,0,60.9308,26.8,89.4,0.0,438.0,0.0,1970.0
2258,45,57.0,0.0,1.0,800.0,0.0,12,1,0,0,0,0,0,60.4885,26.45,89.05,0.0,438.0,0.0,1970.0
2259,45,57.0,1.0,1.0,801.0,0.0,12,1,0,0,0,0,0,60.0577,26.1,88.7,0.0,438.0,0.0,1970.0
2260,44,56.0,0.0,1.0,802.0,0.0,11,1,1,0,0,0,0,59.6769,25.75,88.35,0.0,438.0,1.0,1971.0
2261,43,56.0,0.0,0.0,802.0,0.0,11,0,2,0,0,0,0,59.3231,25.4,88.0,0.0,438.0,2.0,1973.0
2262,43,56.0,0.0,0.0,802.0,0.0,12,0,1,0,0,0,0,58.9692,25.05,87.65,1.0,439.0,2.0,1975.0
2263,45,57.0,2.0,1.0,803.0,0.0,12,1,0,0,0,0,0,58.55,24.7,87.3,0.0,439.0,0.0,1975.0
2264,44,56.0,0.0,1.0,804.0,0.0,12,1,0,0,0,0,0,58.1423,24.35,86.95,0.0,439.0,0.0,1975.0
2265,44,56.0,1.0,1.0,805.0,0.0,12,1,0,0,0,0,0,57.7462,24.0,86.6,0.0,439.0,0.0,1975.0
2266,43,56.0,0.0,0.0,805.0,0.0,12,0,1,0,0,0,0,57.3885,23.65,86.25,0.0,439.0,1.0,1976.0
2267,44,57.0,1.0,0.0,805.0,0.0,13,0,0,0,0,0,0,56.9808,23.3,85.9,0.0,439.0,0.0,1976.0
2268,44,56.0,0.0,1.0,806.0,0.0,11,1,1,0,0,0,0,56.5885,22.95,85.4,0.0,439.0,1.0,1977.0
2269,43,54.0,0.0,2.0,808.0,0.0,11,2,0,0,0,0,0,56.1692,22.6,84.9,0.0,439.0,0.0,1977.0
2270,41,54.0,0.0,0.0,808.0,0.0,13,0,0,0,0,0,0,55.7731,22.25,84.4,0.0,439.0,0.0,1977.0
2271,41,54.0,0.0,0.0,808.0,0.0,13,0,0,0,0,0,0,55.3769,21.9,83.9,0.0,439.0,0.0,1977.0
2272,41,54.0,0.0,0.0,808.0,0.0,13,0,0,0,0,0,0,54.9808,21.55,83.4,0.0,439.0,0.0,1977.0
2273,41,54.0,0.0,0.0,808.0,0.0,13,0,0,0,0,0,0,54.5731,21.2,82.9,0.0,439.0,0.0,1977.0
2274,41,53.0,0.0,1.0,809.0,0.0,11,1,1,0,0,0,0,54.1923,20.85,82.4,0.0,439.0,1.0,1978.0
2275,43,56.0,3.0,0.0,809.0,0.0,12,0,1,0,0,0,0,53.8615,20.5,81.9,1.0,440.0,2.0,1980.0
2276,43,56.0,0.0,0.0,809.0,0.0,11,0,2,0,0,0,0,53.5192,20.5,81.4,0.0,440.0,2.0,1982.0
2277,44,57.0,1.0,0.0,809.0,0.0,12,0,1,0,0,0,0,53.1769,20.15,81.4,1.0,441.0,2.0,1984.0
2278,44,57.0,0.0,0.0,809.0,0.0,13,0,0,0,0,0,0,52.7577,19.8,80.9,0.0,441.0,0.0,1984.0
2279,44,57.0,0.0,0.0,809.0,0.0,12,0,1,0,0,0,0,52.3769,19.45,80.4,0.0,441.0,1.0,1985.0
2280,44,57.0,0.0,0.0,809.0,0.0,12,0,1,0,0,0,0,51.9731,19.45,79.9,0.0,441.0,1.0,1986.0
2281,44,57.0,0.0,0.0,809.0,0.0,13,0,0,0,0,0,0,51.5423,19.1,79.4,0.0,441.0,0.0,1986.0
2282,44,56.0,0.0,1.0,810.0,0.0,12,1,0,0,0,0,0,51.1115,18.75,78.9,0.0,441.0,0.0,1986.0
2283,44,57.0,1.0,0.0,810.0,0.0,11,0,2,0,0,0,0,50.7577,18.4,78.4,0.0,441.0,2.0,1988.0
2284,44,55.0,0.0,2.0,812.0,0.0,9,2,2,0,0,0,0,50.4308,18.05,77.9,1.0,442.0,3.0,1991.0
2285,43,56.0,1.0,0.0,812.0,0.0,11,0,2,0,0,0,0,50.1269,17.7,77.9,1.0,443.0,3.0,1994.0
2286,43,56.0,0.0,0.0,812.0,0.0,12,0,1,0,0,0,0,49.7731,17.2,77.9,1.0,444.0,2.0,1996.0
2287,44,57.0,1.0,0.0,812.0,0.0,12,0,1,0,0,0,0,49.3692,16.7,77.55,0.0,444.0,1.0,1997.0
2288,44,57.0,0.0,0.0,812.0,0.0,12,0,1,0,0,0,0,48.9654,16.2,77.2,0.0,444.0,1.0,1998.0
2289,44,56.0,0.0,1.0,813.0,0.0,9,1,2,0,1,0,0,48.6269,15.7,76.85,1.0,445.0,3.0,2001.0
2290,43,55.0,0.0,1.0,814.0,0.0,11,1,0,0,1,0,0,48.1962,15.35,76.5,0.0,445.0,0.0,2001.0
2291,44,56.0,2.0,1.0,815.0,0.0,9,1,2,0,1,0,0,47.8808,15.0,76.15,0.0,445.0,2.0,2003.0
2292,44,56.0,0.0,0.0,815.0,0.0,12,0,0,0,1,0,0,47.5,14.65,75.8,1.0,446.0,1.0,2004.0
2293,44,56.0,0.0,0.0,815.0,0.0,12,0,0,0,1,0,0,47.0923,14.3,75.45,0.0,446.0,0.0,2004.0
2294,44,56.0,0.0,0.0,815.0,0.0,10,0,2,0,1,0,0,46.7385,13.95,75.1,0.0,446.0,2.0,2006.0
2295,45,55.0,1.0,2.0,817.0,0.0,9,2,1,0,1,0,0,46.3846,13.6,74.75,1.0,447.0,2.0,2008.0
2296,43,55.0,0.0,0.0,817.0,0.0,12,0,0,0,1,0,0,46.0,13.25,74.4,0.0,447.0,0.0,2008.0
2297,43,55.0,0.0,0.0,817.0,0.0,12,0,0,0,1,0,0,45.6038,12.9,74.05,0.0,447.0,0.0,2008.0
2298,43,55.0,0.0,0.0,817.0,0.0,12,0,0,0,1,0,0,45.1846,12.55,73.7,0.0,447.0,0.0,2008.0
2299,45,56.0,2.0,1.0,818.0,0.0,11,1,0,0,1,0,0,44.7654,12.2,73.35,0.0,447.0,0.0,2008.0
2300,45,55.0,0.0,1.0,819.0,0.0,10,2,0,0,1,0,0,44.3846,11.85,73.0,0.0,447.0,0.0,2008.0
2301,43,55.0,0.0,0.0,819.0,0.0,12,0,0,0,1,0,0,43.9769,11.5,72.65,0.0,447.0,0.0,2008.0
2302,43,54.0,0.0,1.0,820.0,0.0,11,1,0,0,1,0,0,43.5692,11.15,72.3,0.0,447.0,0.0,2008.0
2303,42,53.0,0.0,1.0,821.0,0.0,11,1,0,0,1,0,0,43.1615,10.8,71.95,0.0,447.0,0.0,2008.0
2304,41,53.0,0.0,0.0,821.0,0.0,11,0,1,0,1,0,0,42.7808,10.45,71.6,0.0,447.0,1.0,2009.0
2305,43,55.0,2.0,0.0,821.0,0.0,10,0,2,0,1,0,0,42.4538,10.1,71.25,1.0,448.0,3.0,2012.0
2306,43,55.0,0.0,0.0,821.0,0.0,12,0,0,0,1,0,0,42.0462,9.75,70.9,0.0,448.0,0.0,2012.0
2307,44,56.0,1.0,0.0,821.0,0.0,12,0,0,0,1,0,0,41.6385,9.4,70.55,0.0,448.0,0.0,2012.0
2308,44,55.0,0.0,1.0,822.0,0.0,10,1,1,0,1,0,0,41.2692,9.05,70.2,0.0,448.0,1.0,2013.0
2309,43,55.0,0.0,0.0,822.0,0.0,11,0,1,0,1,0,0,40.9385,8.7,69.85,1.0,449.0,2.0,2015.0
2310,43,54.0,0.0,1.0,823.0,0.0,11,1,0,0,1,0,0,40.5423,8.35,69.5,0.0,449.0,0.0,2015.0
2311,43,54.0,1.0,1.0,824.0,0.0,10,1,1,0,1,0,0,40.1731,8.0,69.15,0.0,449.0,1.0,2016.0
2312,42,54.0,0.0,0.0,824.0,0.0,11,0,1,0,1,0,0,39.8192,7.65,68.65,1.0,450.0,2.0,2018.0
2313,42,54.0,0.0,0.0,824.0,0.0,12,0,0,1,0,0,0,39.4,7.3,68.15,0.0,450.0,0.0,2018.0
2314,42,54.0,0.0,0.0,824.0,0.0,11,0,0,1,1,0,0,39.7092,14.75,67.65,0.0,450.0,0.0,2018.0
2315,44,55.0,2.0,1.0,825.0,0.0,9,1,1,1,1,0,0,40.0569,14.4,67.15,0.0,450.0,1.0,2019.0
2316,43,55.0,0.0,0.0,825.0,0.0,10,0,1,1,1,0,0,40.4162,14.05,66.65,0.0,450.0,1.0,2020.0
2317,43,55.0,0.0,0.0,825.0,0.0,11,0,0,1,1,0,0,40.7369,13.7,66.15,0.0,450.0,0.0,2020.0
2318,43,55.0,0.0,0.0,825.0,0.0,10,0,0,1,2,0,0,41.0577,13.35,65.65,0.0,450.0,0.0,2020.0
2319,44,54.0,1.0,2.0,827.0,0.0,7,2,1,1,2,0,0,41.4169,13.0,65.15,0.0,450.0,1.0,2021.0
2320,43,54.0,0.0,0.0,827.0,0.0,6,0,4,1,2,0,0,41.8915,12.65,72.19,0.0,450.0,4.0,2025.0
2321,43,54.0,0.0,0.0,827.0,0.0,6,0,4,1,2,0,0,42.3546,12.3,81.46,0.0,450.0,4.0,2029.0
2322,43,54.0,0.0,0.0,827.0,0.0,6,0,4,1,2,0,0,42.8562,11.95,90.73,1.0,451.0,5.0,2034.0
2323,44,56.0,2.0,0.0,827.0,0.0,10,0,1,0,2,0,0,43.2385,11.6,99.65,1.0,452.0,2.0,2036.0
2324,44,56.0,0.0,0.0,827.0,0.0,9,0,2,0,2,0,0,42.9346,11.25,99.3,0.0,452.0,2.0,2038.0
2325,45,57.0,1.0,0.0,827.0,0.0,10,0,1,0,2,0,0,42.6308,10.9,98.95,1.0,453.0,2.0,2040.0
2326,45,57.0,0.0,0.0,827.0,0.0,11,0,0,0,2,0,0,42.2615,10.55,98.6,0.0,453.0,0.0,2040.0
2327,45,57.0,0.0,0.0,827.0,0.0,11,0,0,0,2,0,0,41.8423,10.2,98.25,0.0,453.0,0.0,2040.0
2328,45,56.0,0.0,1.0,828.0,0.0,10,1,0,0,2,0,0,41.4231,9.85,97.9,0.0,453.0,0.0,2040.0
2329,44,56.0,0.0,0.0,828.0,0.0,10,0,1,0,2,0,0,41.0423,9.5,97.55,0.0,453.0,1.0,2041.0
2330,44,56.0,0.0,0.0,828.0,0.0,9,0,2,0,2,0,0,40.7,9.15,97.2,0.0,453.0,2.0,2043.0
2331,45,56.0,1.0,1.0,829.0,0.0,9,1,1,0,2,0,0,40.3577,8.8,96.85,1.0,454.0,2.0,2045.0
2332,45,56.0,0.0,0.0,829.0,0.0,11,0,0,0,2,0,0,39.9615,8.45,96.5,0.0,454.0,0.0,2045.0
2333,46,57.0,1.0,0.0,829.0,0.0,11,0,0,0,2,0,0,39.5654,8.1,96.15,0.0,454.0,0.0,2045.0
2334,46,57.0,0.0,0.0,829.0,0.0,9,0,2,0,2,0,0,39.2115,7.75,95.65,0.0,454.0,2.0,2047.0
2335,48,58.0,2.0,1.0,830.0,0.0,8,1,1,0,3,0,0,38.8462,7.4,95.15,1.0,455.0,2.0,2049.0
2336,47,58.0,0.0,0.0,830.0,0.0,8,0,2,0,3,0,0,38.5154,7.05,95.15,0.0,455.0,2.0,2051.0
2337,47,58.0,0.0,0.0,830.0,0.0,9,0,1,0,3,0,0,38.1731,6.7,95.15,1.0,456.0,2.0,2053.0
2338,47,58.0,0.0,0.0,830.0,0.0,10,0,1,0,2,0,0,37.7808,6.35,94.65,0.0,456.0,1.0,2054.0
2339,48,58.0,1.0,1.0,831.0,0.0,9,1,0,0,3,0,0,37.3615,6.0,94.15,0.0,456.0,0.0,2054.0
2340,48,57.0,0.0,1.0,832.0,0.0,9,1,0,0,3,0,0,36.9538,5.65,93.65,0.0,456.0,0.0,2054.0
2341,47,57.0,0.0,0.0,832.0,0.0,10,0,0,1,2,0,0,36.5462,5.3,93.15,0.0,456.0,0.0,2054.0
2342,47,57.0,0.0,0.0,832.0,0.0,10,0,0,2,1,0,0,36.8619,4.95,92.65,0.0,456.0,0.0,2054.0
2343,47,55.0,0.0,2.0,834.0,0.0,8,2,0,2,1,0,0,37.9358,12.05,92.15,0.0,456.0,0.0,2054.0
2344,45,54.0,0.0,1.0,835.0,0.0,9,1,0,2,1,0,0,39.0327,11.7,91.65,0.0,456.0,0.0,2054.0
2345,45,54.0,1.0,1.0,836.0,0.0,9,1,0,2,1,0,0,40.1296,11.35,91.15,0.0,456.0,0.0,2054.0
2346,44,54.0,0.0,0.0,836.0,0.0,10,0,0,2,1,0,0,41.2381,11.0,90.65,0.0,456.0,0.0,2054.0
2347,47,57.0,3.0,0.0,836.0,0.0,8,0,2,2,1,0,0,42.4119,10.65,90.15,0.0,456.0,2.0,2056.0
2348,47,57.0,0.0,0.0,836.0,0.0,9,0,1,2,1,0,0,43.5742,10.3,89.65,1.0,457.0,2.0,2058.0
2349,47,57.0,0.0,0.0,836.0,0.0,10,0,0,2,1,0,0,44.6596,9.95,89.15,0.0,457.0,0.0,2058.0
2350,47,56.0,0.0,1.0,837.0,0.0,9,1,0,2,1,0,0,45.745,9.6,90.645,0.0,457.0,0.0,2058.0
2351,45,55.0,0.0,1.0,838.0,0.0,10,1,0,1,1,0,0,46.815,9.25,99.65,0.0,457.0,0.0,2058.0
2352,43,55.0,0.0,0.0,838.0,0.0,12,0,0,0,1,0,0,47.15,8.9,99.65,0.0,457.0,0.0,2058.0
2353,43,55.0,0.0,0.0,838.0,0.0,12,0,0,0,1,0,0,46.7538,8.55,99.3,0.0,457.0,0.0,2058.0
2354,43,55.0,0.0,0.0,838.0,0.0,11,0,1,0,1,0,0,46.3846,8.2,98.95,0.0,457.0,1.0,2059.0
2355,45,56.0,2.0,1.0,839.0,0.0,11,1,0,0,1,0,0,45.9885,7.85,98.6,0.0,457.0,0.0,2059.0
2356,44,55.0,0.0,1.0,840.0,0.0,11,1,0,1,0,0,0,45.6038,7.5,98.25,0.0,457.0,0.0,2059.0
2357,43,55.0,0.0,0.0,840.0,0.0,12,0,0,1,0,0,0,45.9692,15.8,97.9,0.0,457.0,0.0,2059.0
2358,43,55.0,0.0,0.0,840.0,0.0,12,0,0,1,0,0,0,46.3231,15.45,97.55,0.0,457.0,0.0,2059.0
2359,44,56.0,1.0,0.0,840.0,0.0,12,0,0,1,0,0,0,46.6769,15.1,97.2,0.0,457.0,0.0,2059.0
2360,44,55.0,0.0,1.0,841.0,0.0,10,1,0,1,1,0,0,47.0192,14.75,96.85,0.0,457.0,0.0,2059.0
2361,44,56.0,1.0,0.0,841.0,0.0,11,0,0,1,1,0,0,47.3731,14.4,96.5,0.0,457.0,0.0,2059.0
2362,44,56.0,0.0,0.0,841.0,0.0,11,0,0,1,1,0,0,47.7269,14.05,96.15,0.0,457.0,0.0,2059.0
2363,45,56.0,1.0,1.0,842.0,0.0,10,1,0,1,1,0,0,48.0808,13.7,95.8,0.0,457.0,0.0,2059.0
2364,44,56.0,0.0,0.0,842.0,0.0,10,0,1,1,1,0,0,48.4731,13.35,95.45,0.0,457.0,1.0,2060.0
2365,45,57.0,1.0,0.0,842.0,0.0,9,0,1,1,2,0,0,48.8654,13.0,95.1,0.0,457.0,1.0,2061.0
2366,45,57.0,0.0,0.0,842.0,0.0,11,0,0,0,2,0,0,49.1923,12.65,99.65,0.0,457.0,0.0,2061.0
2367,45,56.0,0.0,1.0,843.0,0.0,10,1,0,0,2,0,0,48.7962,12.3,99.3,0.0,457.0,0.0,2061.0
2368,44,56.0,0.0,0.0,843.0,0.0,11,0,0,0,2,0,0,48.4115,11.95,98.95,0.0,457.0,0.0,2061.0
2369,44,56.0,0.0,0.0,843.0,0.0,11,0,0,0,2,0,0,48.0154,11.6,98.6,0.0,457.0,0.0,2061.0
2370,44,55.0,0.0,1.0,844.0,0.0,9,1,2,0,1,0,0,47.6731,11.25,98.25,0.0,457.0,2.0,2063.0
2371,45,57.0,2.0,0.0,844.0,0.0,9,0,2,0,2,0,0,47.3577,10.9,97.9,1.0,458.0,3.0,2066.0
2372,45,57.0,0.0,0.0,844.0,0.0,9,0,2,0,2,0,0,47.0423,10.55,97.55,1.0,459.0,3.0,2069.0
2373,45,57.0,0.0,0.0,844.0,0.0,10,0,0,0,3,0,0,46.6462,10.2,97.2,0.0,459.0,0.0,2069.0
2374,45,57.0,0.0,0.0,844.0,0.0,10,0,0,0,3,0,0,46.25,9.85,96.85,0.0,459.0,0.0,2069.0
2375,47,58.0,2.0,1.0,845.0,0.0,9,1,0,0,3,0,0,45.8538,9.5,96.5,0.0,459.0,0.0,2069.0
2376,46,57.0,0.0,1.0,846.0,0.0,9,1,0,0,3,0,0,45.4577,9.15,96.15,0.0,459.0,0.0,2069.0
2377,45,57.0,0.0,0.0,846.0,0.0,9,0,1,0,3,0,0,45.1,8.8,95.8,0.0,459.0,1.0,2070.0
2378,45,56.0,0.0,1.0,847.0,0.0,8,1,1,0,3,0,0,44.7692,8.45,95.45,1.0,460.0,2.0,2072.0
2379,46,57.0,1.0,0.0,847.0,0.0,8,0,2,0,3,0,0,44.45,8.1,95.45,0.0,460.0,2.0,2074.0
2380,46,57.0,0.0,0.0,847.0,0.0,9,0,1,0,3,0,0,44.1192,7.75,95.45,1.0,461.0,2.0,2076.0
2381,46,57.0,0.0,0.0,847.0,0.0,8,0,2,0,3,0,0,43.8,7.4,95.1,0.0,461.0,2.0,2078.0
2382,46,57.0,0.0,0.0,847.0,0.0,8,0,2,0,3,0,0,43.4962,7.05,94.75,1.0,462.0,3.0,2081.0
2383,47,58.0,1.0,0.0,847.0,0.0,10,0,0,0,3,0,0,43.1,6.7,94.4,0.0,462.0,0.0,2081.0
2384,47,57.0,0.0,1.0,848.0,0.0,9,1,0,0,3,0,0,42.6808,6.35,94.05,0.0,462.0,0.0,2081.0
2385,47,58.0,1.0,0.0,848.0,0.0,10,0,0,0,3,0,0,42.2731,6.0,93.7,0.0,462.0,0.0,2081.0
2386,47,57.0,0.0,1.0,849.0,0.0,9,1,0,1,2,0,0,41.8538,5.65,93.35,0.0,462.0,0.0,2081.0
2387,47,56.0,1.0,2.0,851.0,0.0,8,2,0,1,2,0,0,42.1873,8.25,93.0,0.0,462.0,0.0,2081.0
2388,47,56.0,0.0,0.0,851.0,0.0,9,0,0,1,3,0,0,42.5438,7.9,92.65,0.0,462.0,0.0,2081.0
2389,48,57.0,1.0,0.0,851.0,0.0,9,0,0,1,3,0,0,42.9004,7.55,92.3,0.0,462.0,0.0,2081.0
2390,48,57.0,0.0,0.0,851.0,0.0,9,0,0,2,2,0,0,43.2569,7.2,91.95,0.0,462.0,0.0,2081.0
2391,48,57.0,0.0,0.0,851.0,0.0,9,0,0,2,2,0,0,44.3346,6.85,91.45,0.0,462.0,0.0,2081.0
2392,48,56.0,0.0,1.0,852.0,0.0,8,1,0,3,1,0,0,45.4123,6.5,90.95,0.0,462.0,0.0,2081.0
2393,47,55.0,0.0,1.0,853.0,0.0,8,1,0,3,1,0,0,47.2477,12.85,90.45,0.0,462.0,0.0,2081.0
2394,46,54.0,0.0,1.0,854.0,0.0,8,1,0,3,1,0,0,49.0946,12.5,89.95,0.0,462.0,0.0,2081.0
2395,48,55.0,3.0,2.0,856.0,0.0,7,2,0,3,1,0,0,50.9531,12.15,90.565,0.0,462.0,0.0,2081.0
2396,45,55.0,0.0,0.0,856.0,0.0,10,0,0,2,1,0,0,52.8077,11.8,99.65,0.0,462.0,0.0,2081.0
2397,45,55.0,0.0,0.0,856.0,0.0,10,0,0,2,1,0,0,53.925,11.45,99.3,0.0,462.0,0.0,2081.0
2398,45,55.0,0.0,0.0,856.0,0.0,8,0,2,2,1,0,0,55.0962,11.1,98.95,0.0,462.0,2.0,2083.0
2399,45,55.0,0.0,0.0,856.0,0.0,9,0,1,2,1,0,0,56.2442,10.75,98.6,1.0,463.0,2.0,2085.0
2400,44,55.0,0.0,0.0,856.0,0.0,11,0,0,2,0,0,0,57.3115,10.4,99.65,0.0,463.0,0.0,2085.0
2401,44,54.0,0.0,1.0,857.0,0.0,9,1,1,2,0,0,0,58.4162,16.4,99.3,0.0,463.0,1.0,2086.0
2402,42,54.0,0.0,0.0,857.0,0.0,12,0,0,1,0,0,0,59.4669,16.05,99.65,0.0,463.0,0.0,2086.0
2403,44,56.0,2.0,0.0,857.0,0.0,12,0,0,1,0,0,0,59.7869,15.7,99.3,0.0,463.0,0.0,2086.0
2404,44,56.0,0.0,0.0,857.0,0.0,12,0,0,1,0,0,0,60.1069,15.35,98.95,0.0,463.0,0.0,2086.0
2405,45,57.0,1.0,0.0,857.0,0.0,11,0,1,1,0,0,0,60.4654,15.0,98.6,0.0,463.0,1.0,2087.0
2406,45,57.0,0.0,0.0,857.0,0.0,11,0,0,1,1,0,0,60.7738,14.65,98.25,0.0,463.0,0.0,2087.0
2407,46,58.0,1.0,0.0,857.0,0.0,11,0,0,1,1,0,0,61.0823,14.3,97.9,0.0,463.0,0.0,2087.0
2408,46,58.0,0.0,0.0,857.0,0.0,10,0,1,1,1,0,0,61.4177,13.95,97.55,0.0,463.0,1.0,2088.0
2409,46,58.0,0.0,0.0,857.0,0.0,8,0,3,1,1,0,0,61.83,13.6,97.2,0.0,463.0,3.0,2091.0
2410,45,57.0,0.0,1.0,858.0,0.0,9,1,2,0,1,0,0,62.2038,13.25,99.65,1.0,464.0,3.0,2094.0
2411,45,57.0,1.0,1.0,859.0,0.0,11,1,0,0,1,0,0,61.8346,12.9,99.3,1.0,465.0,1.0,2095.0
2412,44,57.0,0.0,0.0,859.0,0.0,12,0,0,0,1,0,0,61.45,12.55,98.95,0.0,465.0,0.0,2095.0
2413,44,56.0,0.0,1.0,860.0,0.0,11,1,0,0,1,0,0,61.0538,12.2,98.6,0.0,465.0,0.0,2095.0
2414,44,56.0,0.0,0.0,860.0,0.0,11,0,1,0,1,0,0,60.6962,11.85,98.25,0.0,465.0,1.0,2096.0
2415,45,57.0,1.0,0.0,860.0,0.0,11,0,1,0,1,0,0,60.35,11.5,97.9,0.0,465.0,1.0,2097.0
2416,45,56.0,0.0,1.0,861.0,0.0,9,1,2,0,1,0,0,60.0308,11.15,97.55,0.0,465.0,2.0,2099.0
2417,45,57.0,1.0,0.0,861.0,0.0,11,0,1,0,1,0,0,59.7231,10.8,97.2,1.0,466.0,2.0,2101.0
2418,45,57.0,0.0,0.0,861.0,0.0,12,0,0,0,1,0,0,59.3385,10.45,96.85,0.0,466.0,0.0,2101.0
2419,47,59.0,2.0,0.0,861.0,0.0,11,0,1,0,1,0,0,59.0077,10.1,96.5,0.0,466.0,1.0,2102.0
2420,47,59.0,0.0,0.0,861.0,0.0,12,0,0,0,1,0,0,58.6769,9.75,96.15,1.0,467.0,1.0,2103.0
2421,47,58.0,0.0,1.0,862.0,0.0,11,1,0,0,1,0,0,58.2808,9.4,95.8,0.0,467.0,0.0,2103.0
2422,46,58.0,0.0,0.0,862.0,0.0,11,0,1,0,1,0,0,57.9115,9.05,95.8,0.0,467.0,1.0,2104.0
2423,46,56.0,0.0,2.0,864.0,0.0,10,2,0,0,1,0,0,57.5154,8.7,95.45,0.0,467.0,0.0,2104.0
2424,44,55.0,0.0,1.0,865.0,0.0,11,1,0,0,1,0,0,57.1308,8.35,94.95,0.0,467.0,0.0,2104.0
2425,44,56.0,1.0,0.0,865.0,0.0,10,0,2,1,0,0,0,56.8115,8.0,94.45,0.0,467.0,2.0,2106.0
2426,44,56.0,0.0,0.0,865.0,0.0,10,0,2,1,0,0,0,57.2808,17.2,94.45,2.0,469.0,4.0,2110.0
2427,45,56.0,1.0,1.0,866.0,0.0,11,1,0,1,0,0,0,57.6308,17.3,93.95,0.0,469.0,0.0,2110.0
2428,44,55.0,0.0,1.0,867.0,0.0,11,1,0,1,0,0,0,57.9808,16.95,93.6,0.0,469.0,0.0,2110.0
2429,43,55.0,0.0,0.0,867.0,0.0,12,0,0,1,0,0,0,58.3423,16.6,93.25,0.0,469.0,0.0,2110.0
2430,43,55.0,0.0,0.0,867.0,0.0,11,0,1,1,0,0,0,58.7423,16.25,92.9,0.0,469.0,1.0,2111.0
2431,45,57.0,2.0,0.0,867.0,0.0,11,0,1,1,0,0,0,59.1577,15.9,92.55,1.0,470.0,2.0,2113.0
2432,45,57.0,0.0,0.0,867.0,0.0,12,0,0,1,0,0,0,59.4962,15.55,92.2,0.0,470.0,0.0,2113.0
2433,45,57.0,0.0,0.0,867.0,0.0,12,0,0,1,0,0,0,59.8231,15.2,91.85,0.0,470.0,0.0,2113.0
2434,45,57.0,0.0,0.0,867.0,0.0,11,0,0,1,1,0,0,60.15,14.85,91.5,0.0,470.0,0.0,2113.0
2435,47,59.0,2.0,0.0,867.0,0.0,11,0,1,0,1,0,0,60.4654,14.5,99.65,0.0,470.0,1.0,2114.0
2436,47,58.0,0.0,1.0,868.0,0.0,10,1,1,0,1,0,0,60.0731,14.15,99.3,0.0,470.0,1.0,2115.0
2437,47,57.0,0.0,1.0,869.0,0.0,10,1,0,0,2,0,0,59.6538,13.8,98.95,0.0,470.0,0.0,2115.0
2438,46,57.0,0.0,0.0,869.0,0.0,11,0,0,0,2,0,0,59.2462,13.45,98.6,0.0,470.0,0.0,2115.0
2439,46,57.0,0.0,0.0,869.0,0.0,11,0,0,0,2,0,0,58.8385,13.1,98.25,0.0,470.0,0.0,2115.0
2440,46,57.0,0.0,0.0,869.0,0.0,11,0,0,0,2,0,0,58.4192,12.75,97.9,0.0,470.0,0.0,2115.0
2441,46,56.0,0.0,1.0,870.0,0.0,10,1,0,0,2,0,0,58.0,12.4,97.55,0.0,470.0,0.0,2115.0
2442,45,56.0,0.0,0.0,870.0,0.0,11,0,0,0,2,0,0,57.5808,12.05,97.2,0.0,470.0,0.0,2115.0
2443,47,58.0,2.0,0.0,870.0,0.0,11,0,0,0,2,0,0,57.15,11.7,96.85,0.0,470.0,0.0,2115.0
2444,47,58.0,0.0,0.0,870.0,0.0,10,0,0,0,3,0,0,56.7192,11.35,96.5,0.0,470.0,0.0,2115.0
2445,49,59.0,2.0,1.0,871.0,0.0,9,1,0,0,3,0,0,56.3,11.0,96.15,0.0,470.0,0.0,2115.0
2446,48,59.0,0.0,0.0,871.0,0.0,10,0,0,0,3,0,0,55.8808,10.65,95.8,0.0,470.0,0.0,2115.0
2447,48,56.0,0.0,3.0,874.0,0.0,7,3,0,0,3,0,0,55.4615,10.3,95.45,0.0,470.0,0.0,2115.0
2448,45,55.0,0.0,1.0,875.0,0.0,8,1,1,0,3,0,0,55.1038,9.95,95.1,0.0,470.0,1.0,2116.0
2449,45,55.0,0.0,0.0,875.0,0.0,10,0,0,0,3,0,0,54.7077,9.6,94.75,0.0,470.0,0.0,2116.0
2450,45,55.0,0.0,0.0,875.0,0.0,10,0,0,0,3,0,0,54.3,9.25,94.4,0.0,470.0,0.0,2116.0
2451,46,55.0,1.0,1.0,876.0,0.0,8,1,0,0,4,0,0,53.8923,8.9,94.05,0.0,470.0,0.0,2116.0
2452,46,55.0,0.0,0.0,876.0,0.0,9,0,0,0,4,0,0,53.5077,8.55,93.7,0.0,470.0,0.0,2116.0
2453,46,54.0,0.0,1.0,877.0,0.0,6,1,2,0,4,0,0,53.1654,8.2,93.35,0.0,470.0,2.0,2118.0
2454,45,54.0,0.0,0.0,877.0,0.0,8,0,1,1,3,0,0,52.8231,7.85,92.85,1.0,471.0,2.0,2120.0
2455,47,56.0,2.0,0.0,877.0,0.0,9,0,0,1,3,0,0,53.1627,7.95,92.35,0.0,471.0,0.0,2120.0
2456,47,56.0,0.0,0.0,877.0,0.0,8,0,1,1,3,0,0,53.5562,7.6,91.85,0.0,471.0,1.0,2121.0
2457,47,55.0,0.0,1.0,878.0,0.0,6,1,2,1,3,0,0,53.9765,7.25,91.35,0.0,471.0,2.0,2123.0
2458,46,55.0,0.0,0.0,878.0,0.0,9,0,0,1,3,0,0,54.3546,6.9,90.85,1.0,472.0,1.0,2124.0
2459,48,57.0,2.0,0.0,878.0,0.0,9,0,0,2,2,0,0,54.6942,6.55,90.35,0.0,472.0,0.0,2124.0
2460,48,57.0,0.0,0.0,878.0,0.0,8,0,1,2,2,0,0,55.8181,8.9,89.85,0.0,472.0,1.0,2125.0
2461,48,57.0,0.0,0.0,878.0,0.0,8,0,1,3,1,0,0,56.9688,8.55,89.35,1.0,473.0,2.0,2127.0
2462,48,57.0,0.0,0.0,878.0,0.0,6,0,3,3,1,0,0,58.8885,10.95,89.35,0.0,473.0,3.0,2130.0
2463,48,56.0,0.0,1.0,879.0,0.0,5,1,3,3,1,0,0,60.835,10.6,90.785,1.0,474.0,4.0,2134.0
2464,46,56.0,0.0,0.0,879.0,0.0,9,0,1,2,1,0,0,62.6623,10.25,99.65,0.0,474.0,1.0,2135.0
2465,47,56.0,1.0,1.0,880.0,0.0,7,1,2,2,1,0,0,63.8077,9.9,99.3,0.0,474.0,2.0,2137.0
2466,46,55.0,0.0,1.0,881.0,0.0,8,1,1,2,1,0,0,64.9646,9.55,98.95,1.0,475.0,2.0,2139.0
2467,47,57.0,2.0,0.0,881.0,0.0,10,0,0,2,1,0,0,66.0446,9.2,98.6,0.0,475.0,0.0,2139.0
2468,47,57.0,0.0,0.0,881.0,0.0,9,0,1,2,1,0,0,67.19,8.85,98.25,0.0,475.0,1.0,2140.0
2469,46,57.0,0.0,0.0,881.0,0.0,9,0,2,1,1,0,0,68.3623,8.5,99.65,1.0,476.0,3.0,2143.0
2470,46,57.0,0.0,0.0,881.0,0.0,11,0,0,1,1,0,0,68.6965,8.15,99.3,0.0,476.0,0.0,2143.0
2471,45,57.0,0.0,0.0,881.0,0.0,12,0,0,0,1,0,0,69.0038,7.8,99.65,0.0,476.0,0.0,2143.0
2472,45,56.0,0.0,1.0,882.0,0.0,11,1,0,0,1,0,0,68.5962,7.45,99.3,0.0,476.0,0.0,2143.0
2473,45,57.0,1.0,0.0,882.0,0.0,12,0,0,0,1,0,0,68.1885,7.1,98.95,0.0,476.0,0.0,2143.0
2474,45,57.0,0.0,0.0,882.0,0.0,12,0,0,0,1,0,0,67.7808,6.75,98.6,0.0,476.0,0.0,2143.0
2475,47,58.0,2.0,1.0,883.0,0.0,10,1,1,1,0,0,0,67.4,6.4,98.25,0.0,476.0,1.0,2144.0
2476,46,58.0,0.0,0.0,883.0,0.0,10,0,2,1,0,0,0,67.8046,15.76,97.9,0.0,476.0,2.0,2146.0
2477,46,58.0,0.0,0.0,883.0,0.0,11,0,1,1,0,0,0,68.1708,25.12,97.55,0.0,476.0,1.0,2147.0
2478,46,58.0,0.0,0.0,883.0,0.0,10,0,2,1,0,0,0,68.5523,34.48,97.2,0.0,476.0,2.0,2149.0
2479,47,58.0,1.0,1.0,884.0,0.0,10,1,1,1,0,0,0,68.9338,40.95,96.85,1.0,477.0,2.0,2151.0
2480,46,57.0,0.0,1.0,885.0,0.0,11,1,0,1,0,0,0,69.2615,40.45,96.5,0.0,477.0,0.0,2151.0
2481,45,57.0,0.0,0.0,885.0,0.0,12,0,0,1,0,0,0,69.6008,39.95,96.15,0.0,477.0,0.0,2151.0
2482,45,56.0,0.0,1.0,886.0,0.0,8,1,3,1,0,0,0,70.0208,39.45,96.15,0.0,477.0,3.0,2154.0
2483,45,56.0,1.0,1.0,887.0,0.0,10,1,1,1,0,0,0,70.4254,38.95,95.8,1.0,478.0,2.0,2156.0
2484,44,54.0,0.0,2.0,889.0,0.0,10,2,0,1,0,0,0,70.7877,38.45,95.45,0.0,478.0,0.0,2156.0
2485,42,55.0,1.0,0.0,889.0,0.0,13,0,0,0,0,0,0,71.1462,38.1,99.65,0.0,478.0,0.0,2156.0
2486,42,55.0,0.0,0.0,889.0,0.0,12,0,1,0,0,0,0,70.8231,37.75,99.3,0.0,478.0,1.0,2157.0
2487,43,56.0,1.0,0.0,889.0,0.0,12,0,1,0,0,0,0,70.4885,37.4,98.95,0.0,478.0,1.0,2158.0
2488,43,56.0,0.0,0.0,889.0,0.0,12,0,1,0,0,0,0,70.1538,37.05,98.6,0.0,478.0,1.0,2159.0
2489,43,56.0,0.0,0.0,889.0,0.0,13,0,0,0,0,0,0,69.7923,36.7,98.25,0.0,478.0,0.0,2159.0
2490,43,56.0,0.0,0.0,889.0,0.0,13,0,0,0,0,0,0,69.4077,36.35,97.9,0.0,478.0,0.0,2159.0
2491,45,58.0,2.0,0.0,889.0,0.0,13,0,0,0,0,0,0,69.0,36.0,97.55,0.0,478.0,0.0,2159.0
2492,45,58.0,0.0,0.0,889.0,0.0,13,0,0,0,0,0,0,68.5923,35.65,97.2,0.0,478.0,0.0,2159.0
2493,45,58.0,0.0,0.0,889.0,0.0,12,0,1,0,0,0,0,68.2115,35.65,96.85,0.0,478.0,1.0,2160.0
2494,45,58.0,0.0,0.0,889.0,0.0,10,0,3,0,0,0,0,67.9231,35.65,96.5,1.0,479.0,4.0,2164.0
2495,46,59.0,1.0,0.0,889.0,0.0,11,0,2,0,0,0,0,67.6115,35.15,96.15,2.0,481.0,4.0,2168.0
2496,46,59.0,0.0,0.0,889.0,0.0,13,0,0,0,0,0,0,67.1577,34.65,95.8,0.0,481.0,0.0,2168.0
2497,46,59.0,0.0,0.0,889.0,0.0,11,0,2,0,0,0,0,66.7692,34.15,95.45,0.0,481.0,2.0,2170.0
2498,46,58.0,0.0,1.0,890.0,0.0,12,1,0,0,0,0,0,66.3423,33.65,95.1,1.0,482.0,1.0,2171.0
2499,46,58.0,1.0,1.0,891.0,0.0,12,1,0,0,0,0,0,65.8885,33.15,94.75,0.0,482.0,0.0,2171.0
2500,45,58.0,0.0,0.0,891.0,0.0,12,0,1,0,0,0,0,65.4846,32.65,94.4,0.0,482.0,1.0,2172.0
2501,46,58.0,1.0,1.0,892.0,0.0,11,1,1,0,0,0,0,65.1077,32.15,94.4,1.0,483.0,2.0,2174.0
2502,45,57.0,0.0,1.0,893.0,0.0,12,1,0,0,0,0,0,64.6769,31.8,94.05,0.0,483.0,0.0,2174.0
2503,45,57.0,1.0,1.0,894.0,0.0,10,1,2,0,0,0,0,64.3115,31.45,93.7,0.0,483.0,2.0,2176.0
2504,44,57.0,0.0,0.0,894.0,0.0,11,0,2,0,0,0,0,63.9731,31.1,93.2,1.0,484.0,3.0,2179.0
2505,45,58.0,1.0,0.0,894.0,0.0,13,0,0,0,0,0,0,63.5423,30.75,92.7,0.0,484.0,0.0,2179.0
2506,45,58.0,0.0,0.0,894.0,0.0,11,0,2,0,0,0,0,63.1654,30.4,92.2,0.0,484.0,2.0,2181.0
2507,46,59.0,1.0,0.0,894.0,0.0,10,0,3,0,0,0,0,62.8269,30.05,91.7,0.0,484.0,3.0,2184.0
2508,46,58.0,0.0,1.0,895.0,0.0,11,1,1,0,0,0,0,62.4385,29.7,91.2,1.0,485.0,2.0,2186.0
2509,45,58.0,0.0,0.0,895.0,0.0,12,0,1,0,0,0,0,62.0731,29.35,90.7,1.0,486.0,2.0,2188.0
2510,45,58.0,0.0,0.0,895.0,0.0,10,0,3,0,0,0,0,61.7846,29.0,90.7,1.0,487.0,4.0,2192.0
2511,45,57.0,0.0,1.0,896.0,0.0,11,1,1,0,0,0,0,61.4308,28.65,90.7,1.0,488.0,2.0,2194.0
2512,44,57.0,0.0,0.0,896.0,0.0,12,0,1,0,0,0,0,61.0385,28.3,90.2,0.0,488.0,1.0,2195.0
2513,44,57.0,0.0,0.0,896.0,0.0,12,0,1,0,0,0,0,60.6462,27.8,90.2,0.0,488.0,1.0,2196.0
2514,44,57.0,0.0,0.0,896.0,0.0,12,0,1,0,0,0,0,60.2308,27.3,89.7,0.0,488.0,1.0,2197.0
2515,48,60.0,4.0,1.0,897.0,0.0,10,1,2,0,0,0,0,59.8538,26.8,89.7,0.0,488.0,2.0,2199.0
2516,47,59.0,0.0,1.0,898.0,0.0,11,1,1,0,0,0,0,59.4885,26.45,89.7,1.0,489.0,2.0,2201.0
2517,46,58.0,0.0,1.0,899.0,0.0,11,1,1,0,0,0,0,59.1077,26.1,89.2,0.0,489.0,1.0,2202.0
2518,45,58.0,0.0,0.0,899.0,0.0,12,0,1,0,0,0,0,58.7538,25.75,88.7,1.0,490.0,2.0,2204.0
2519,45,58.0,0.0,0.0,899.0,0.0,13,0,0,0,0,0,0,58.3231,25.25,88.2,0.0,490.0,0.0,2204.0
2520,45,57.0,0.0,1.0,900.0,0.0,11,1,1,0,0,0,0,57.9192,24.75,88.2,0.0,490.0,1.0,2205.0
2521,44,56.0,0.0,1.0,901.0,0.0,10,1,2,0,0,0,0,57.5423,24.25,88.2,0.0,490.0,2.0,2207.0
2522,43,56.0,0.0,0.0,901.0,0.0,12,0,1,0,0,0,0,57.1769,23.9,88.2,1.0,491.0,2.0,2209.0
2523,44,57.0,1.0,0.0,901.0,0.0,10,0,3,0,0,0,0,56.8385,23.9,87.7,0.0,491.0,3.0,2212.0
2524,44,56.0,0.0,1.0,902.0,0.0,11,1,1,0,0,0,0,56.45,23.9,87.2,1.0,492.0,2.0,2214.0
2525,44,56.0,1.0,1.0,903.0,0.0,11,1,1,0,0,0,0,56.0462,23.55,86.7,0.0,492.0,1.0,2215.0
2526,43,56.0,0.0,0.0,903.0,0.0,12,0,1,0,0,0,0,55.6654,23.2,86.2,0.0,492.0,1.0,2216.0
2527,44,55.0,1.0,2.0,905.0,0.0,11,2,0,0,0,0,0,55.2346,22.85,85.7,0.0,492.0,0.0,2216.0
2528,42,55.0,0.0,0.0,905.0,0.0,13,0,0,0,0,0,0,54.8269,22.5,85.2,0.0,492.0,0.0,2216.0
2529,43,56.0,1.0,0.0,905.0,0.0,12,0,1,0,0,0,0,54.4577,22.15,84.7,0.0,492.0,1.0,2217.0
2530,43,55.0,0.0,1.0,906.0,0.0,12,1,0,0,0,0,0,54.0385,21.8,84.2,0.0,492.0,0.0,2217.0
2531,43,56.0,1.0,0.0,906.0,0.0,12,0,1,0,0,0,0,53.6692,21.45,83.7,0.0,492.0,1.0,2218.0
2532,43,56.0,0.0,0.0,906.0,0.0,12,0,1,0,0,0,0,53.3269,21.1,83.2,1.0,493.0,2.0,2220.0
2533,43,56.0,0.0,0.0,906.0,0.0,13,0,0,0,0,0,0,52.9077,20.75,82.7,0.0,493.0,0.0,2220.0
2534,43,56.0,0.0,0.0,906.0,0.0,12,0,1,0,0,0,0,52.5154,20.4,82.2,0.0,493.0,1.0,2221.0
2535,44,56.0,1.0,1.0,907.0,0.0,11,1,1,0,0,0,0,52.1115,20.05,81.7,0.0,493.0,1.0,2222.0
2536,43,55.0,0.0,1.0,908.0,0.0,11,1,1,0,0,0,0,51.7462,19.7,81.2,1.0,494.0,2.0,2224.0
2537,42,54.0,0.0,1.0,909.0,0.0,12,1,0,0,0,0,0,51.3385,19.35,80.7,0.0,494.0,0.0,2224.0
2538,41,54.0,0.0,0.0,909.0,0.0,11,0,2,0,0,0,0,51.0077,19.0,80.35,0.0,494.0,2.0,2226.0
2539,43,56.0,2.0,0.0,909.0,0.0,13,0,0,0,0,0,0,50.6115,18.65,80.0,0.0,494.0,0.0,2226.0
2540,43,55.0,0.0,1.0,910.0,0.0,12,1,0,0,0,0,0,50.2154,18.3,79.65,0.0,494.0,0.0,2226.0
2541,42,54.0,0.0,1.0,911.0,0.0,10,1,2,0,0,0,0,49.8846,18.3,79.3,0.0,494.0,2.0,2228.0
2542,41,53.0,0.0,1.0,912.0,0.0,11,1,1,0,0,0,0,49.5269,17.95,78.95,0.0,494.0,1.0,2229.0
2543,41,54.0,1.0,0.0,912.0,0.0,9,0,4,0,0,0,0,49.3,17.95,78.95,1.0,495.0,5.0,2234.0
2544,41,54.0,0.0,0.0,912.0,0.0,12,0,1,0,0,0,0,48.9808,17.6,78.95,1.0,496.0,2.0,2236.0
2545,42,55.0,1.0,0.0,912.0,0.0,13,0,0,0,0,0,0,48.5846,17.1,78.6,0.0,496.0,0.0,2236.0
2546,42,55.0,0.0,0.0,912.0,0.0,13,0,0,0,0,0,0,48.1769,16.6,78.25,0.0,496.0,0.0,2236.0
2547,43,56.0,1.0,0.0,912.0,0.0,13,0,0,0,0,0,0,47.7692,16.1,77.9,0.0,496.0,0.0,2236.0
2548,43,55.0,0.0,1.0,913.0,0.0,12,1,0,0,0,0,0,47.35,15.6,77.55,0.0,496.0,0.0,2236.0
2549,42,53.0,0.0,2.0,915.0,0.0,11,2,0,0,0,0,0,46.9423,15.1,77.2,0.0,496.0,0.0,2236.0
2550,40,53.0,0.0,0.0,915.0,0.0,12,0,0,0,1,0,0,46.5346,14.6,76.85,0.0,496.0,0.0,2236.0
2551,41,54.0,1.0,0.0,915.0,0.0,10,0,2,0,1,0,0,46.2038,14.25,76.5,0.0,496.0,2.0,2238.0
2552,41,54.0,0.0,0.0,915.0,0.0,11,0,1,0,1,0,0,45.8731,13.9,76.15,1.0,497.0,2.0,2240.0
2553,41,54.0,0.0,0.0,915.0,0.0,11,0,1,0,1,0,0,45.5038,13.55,75.8,0.0,497.0,1.0,2241.0
2554,41,53.0,0.0,1.0,916.0,0.0,9,1,2,0,1,0,0,45.1615,13.2,75.45,0.0,497.0,2.0,2243.0
2555,42,55.0,2.0,0.0,916.0,0.0,11,0,1,0,1,0,0,44.8308,12.85,75.1,1.0,498.0,2.0,2245.0
2556,42,54.0,0.0,1.0,917.0,0.0,11,1,0,0,1,0,0,44.4346,12.5,74.75,0.0,498.0,0.0,2245.0
2557,42,55.0,1.0,0.0,917.0,0.0,11,0,1,0,1,0,0,44.0808,12.15,74.4,0.0,498.0,1.0,2246.0
2558,42,55.0,0.0,0.0,917.0,0.0,12,0,0,0,1,0,0,43.7269,11.8,74.05,1.0,499.0,1.0,2247.0
2559,42,54.0,0.0,1.0,918.0,0.0,11,1,0,0,1,0,0,43.3077,11.45,73.7,0.0,499.0,0.0,2247.0
2560,41,53.0,0.0,1.0,919.0,0.0,10,1,1,0,1,0,0,42.9269,11.1,73.35,0.0,499.0,1.0,2248.0
2561,41,53.0,0.0,0.0,919.0,0.0,12,0,0,0,1,0,0,42.5308,10.75,73.0,0.0,499.0,0.0,2248.0
2562,41,53.0,0.0,0.0,919.0,0.0,10,0,2,0,1,0,0,42.2,10.4,72.65,0.0,499.0,2.0,2250.0
2563,43,55.0,2.0,0.0,919.0,0.0,11,0,1,0,1,0,0,41.8423,10.05,72.3,0.0,499.0,1.0,2251.0
2564,43,55.0,0.0,0.0,919.0,0.0,11,0,1,0,1,0,0,41.5,9.7,71.8,1.0,500.0,2.0,2253.0
2565,44,56.0,1.0,0.0,919.0,0.0,12,0,0,0,1,0,0,41.0808,9.35,71.3,0.0,500.0,0.0,2253.0
2566,44,55.0,0.0,1.0,920.0,0.0,8,1,3,0,1,0,0,40.7423,9.0,70.8,0.0,500.0,3.0,2256.0
2567,43,55.0,0.0,0.0,920.0,0.0,12,0,0,0,1,0,0,40.3385,8.65,70.3,1.0,501.0,1.0,2257.0
2568,43,55.0,0.0,0.0,920.0,0.0,12,0,0,0,1,0,0,39.9077,8.3,69.8,0.0,501.0,0.0,2257.0
2569,43,55.0,0.0,0.0,920.0,0.0,11,0,0,0,2,0,0,39.4769,7.95,69.3,0.0,501.0,0.0,2257.0
2570,43,55.0,0.0,0.0,920.0,0.0,11,0,0,0,2,0,0,39.0577,7.6,68.8,0.0,501.0,0.0,2257.0
2571,45,57.0,2.0,0.0,920.0,0.0,11,0,0,0,2,0,0,38.6269,7.25,68.3,0.0,501.0,0.0,2257.0
2572,45,57.0,0.0,0.0,920.0,0.0,10,0,1,0,2,0,0,38.2231,6.9,67.8,0.0,501.0,1.0,2258.0
2573,45,56.0,0.0,1.0,921.0,0.0,7,1,3,0,2,0,0,37.8846,6.55,67.3,0.0,501.0,3.0,2261.0
2574,44,54.0,0.0,2.0,923.0,0.0,8,2,1,0,2,0,0,37.5077,6.2,66.8,1.0,502.0,2.0,2263.0
2575,45,56.0,2.0,0.0,923.0,0.0,11,0,0,0,2,0,0,37.0885,5.85,66.3,0.0,502.0,0.0,2263.0
2576,45,56.0,0.0,0.0,923.0,0.0,9,0,2,0,2,0,0,36.75,5.5,65.8,0.0,502.0,2.0,2265.0
2577,45,55.0,0.0,1.0,924.0,0.0,7,1,3,0,2,0,0,36.4769,5.15,65.8,1.0,503.0,4.0,2269.0
2578,44,54.0,0.0,1.0,925.0,0.0,9,1,1,0,2,0,0,36.1885,4.8,65.8,2.0,505.0,3.0,2272.0
2579,44,54.0,1.0,1.0,926.0,0.0,10,1,0,0,2,0,0,35.7962,4.45,65.3,0.0,505.0,0.0,2272.0
2580,43,54.0,0.0,0.0,926.0,0.0,11,0,0,0,2,0,0,35.4038,4.1,64.8,0.0,505.0,0.0,2272.0
2581,43,54.0,0.0,0.0,926.0,0.0,9,0,1,0,3,0,0,35.05,3.75,64.3,0.0,505.0,1.0,2273.0
2582,43,52.0,0.0,2.0,928.0,0.0,8,2,0,0,3,0,0,34.6308,3.4,63.8,0.0,505.0,0.0,2273.0
2583,42,51.0,0.0,1.0,929.0,0.0,9,1,0,1,2,0,0,34.2346,3.05,63.3,0.0,505.0,0.0,2273.0
2584,41,51.0,0.0,0.0,929.0,0.0,10,0,0,1,2,0,0,34.6227,9.4,62.8,0.0,505.0,0.0,2273.0
2585,43,53.0,2.0,0.0,929.0,0.0,9,0,0,2,2,0,0,34.9992,9.05,62.3,0.0,505.0,0.0,2273.0
2586,43,53.0,0.0,0.0,929.0,0.0,9,0,0,2,2,0,0,36.1023,13.15,61.8,0.0,505.0,0.0,2273.0
2587,45,55.0,2.0,0.0,929.0,0.0,9,0,0,2,2,0,0,37.2054,12.8,61.3,0.0,505.0,0.0,2273.0
2588,45,55.0,0.0,0.0,929.0,0.0,9,0,0,2,2,0,0,38.3085,12.45,60.8,0.0,505.0,0.0,2273.0
2589,45,55.0,0.0,0.0,929.0,0.0,7,0,2,2,2,0,0,39.4654,12.1,61.22,0.0,505.0,2.0,2275.0
2590,45,55.0,0.0,0.0,929.0,0.0,8,0,1,2,2,0,0,40.6223,11.75,70.915,1.0,506.0,2.0,2277.0
2591,45,55.0,0.0,0.0,929.0,0.0,8,0,1,2,2,0,0,41.7523,11.4,80.61,0.0,506.0,1.0,2278.0
2592,45,54.0,0.0,1.0,930.0,0.0,7,1,1,2,2,0,0,42.9092,11.05,90.305,1.0,507.0,2.0,2280.0
2593,43,54.0,0.0,0.0,930.0,0.0,10,0,0,1,2,0,0,43.9854,10.7,99.65,0.0,507.0,0.0,2280.0
2594,43,54.0,0.0,0.0,930.0,0.0,9,0,1,1,2,0,0,44.3542,10.35,99.3,0.0,507.0,1.0,2281.0
2595,45,53.0,2.0,3.0,933.0,0.0,8,3,0,0,2,0,0,44.6577,10.0,99.65,0.0,507.0,0.0,2281.0
2596,42,53.0,0.0,0.0,933.0,0.0,11,0,0,0,2,0,0,44.2962,9.65,99.3,0.0,507.0,0.0,2281.0
2597,42,53.0,0.0,0.0,933.0,0.0,11,0,0,0,2,0,0,43.9346,9.3,98.95,0.0,507.0,0.0,2281.0
2598,42,52.0,0.0,1.0,934.0,0.0,8,1,2,1,1,0,0,43.6154,8.95,98.6,0.0,507.0,2.0,2283.0
2599,43,54.0,2.0,0.0,934.0,0.0,10,0,1,1,1,0,0,44.0235,10.0,98.25,1.0,508.0,2.0,2285.0
2600,43,54.0,0.0,0.0,934.0,0.0,11,0,0,1,1,0,0,44.3777,9.65,97.9,0.0,508.0,0.0,2285.0
2601,43,54.0,0.0,0.0,934.0,0.0,10,0,1,1,1,0,0,44.7358,9.3,97.55,0.0,508.0,1.0,2286.0
2602,43,54.0,0.0,0.0,934.0,0.0,10,0,1,1,1,0,0,45.1054,8.95,97.2,0.0,508.0,1.0,2287.0
2603,44,55.0,1.0,0.0,934.0,0.0,11,0,0,1,1,0,0,45.4365,8.6,96.85,0.0,508.0,0.0,2287.0
2604,44,55.0,0.0,0.0,934.0,0.0,11,0,0,1,1,0,0,45.7562,8.25,96.5,0.0,508.0,0.0,2287.0
2605,45,56.0,1.0,0.0,934.0,0.0,11,0,0,1,1,0,0,46.0527,7.9,96.15,0.0,508.0,0.0,2287.0
2606,45,55.0,0.0,1.0,935.0,0.0,8,1,2,1,1,0,0,46.4031,7.55,95.8,0.0,508.0,2.0,2289.0
2607,44,53.0,0.0,2.0,937.0,0.0,7,2,2,2,0,0,0,46.7804,7.2,95.45,1.0,509.0,3.0,2292.0
2608,41,53.0,0.0,0.0,937.0,0.0,11,0,1,1,0,0,0,47.8677,16.48,99.65,1.0,510.0,2.0,2294.0
2609,41,52.0,0.0,1.0,938.0,0.0,10,1,1,1,0,0,0,48.2162,17.95,99.3,0.0,510.0,1.0,2295.0
2610,40,52.0,0.0,0.0,938.0,0.0,12,0,0,1,0,0,0,48.5492,17.45,98.95,0.0,510.0,0.0,2295.0
2611,42,54.0,2.0,0.0,938.0,0.0,12,0,0,1,0,0,0,48.8708,16.95,98.6,0.0,510.0,0.0,2295.0
2612,42,52.0,0.0,2.0,940.0,0.0,10,2,0,1,0,0,0,49.1923,16.45,98.25,0.0,510.0,0.0,2295.0
2613,41,53.0,1.0,0.0,940.0,0.0,12,0,0,1,0,0,0,49.5369,15.95,97.9,0.0,510.0,0.0,2295.0
2614,41,53.0,0.0,0.0,940.0,0.0,12,0,0,1,0,0,0,49.8815,15.45,97.55,0.0,510.0,0.0,2295.0
2615,42,53.0,1.0,1.0,941.0,0.0,10,1,0,1,1,0,0,50.2262,14.95,97.2,0.0,510.0,0.0,2295.0
2616,41,53.0,0.0,0.0,941.0,0.0,11,0,0,1,1,0,0,50.5938,14.6,96.85,0.0,510.0,0.0,2295.0
2617,41,53.0,0.0,0.0,941.0,0.0,12,0,0,0,1,0,0,50.9346,14.25,99.65,0.0,510.0,0.0,2295.0
2618,41,53.0,0.0,0.0,941.0,0.0,11,0,1,0,1,0,0,50.6,13.9,99.3,0.0,510.0,1.0,2296.0
2619,42,54.0,1.0,0.0,941.0,0.0,12,0,0,0,1,0,0,50.2269,13.55,98.95,0.0,510.0,0.0,2296.0
2620,42,53.0,0.0,1.0,942.0,0.0,11,1,0,0,1,0,0,49.8538,13.2,98.6,0.0,510.0,0.0,2296.0
2621,42,53.0,0.0,0.0,942.0,0.0,11,1,0,0,1,0,0,49.5077,12.85,98.25,0.0,510.0,0.0,2296.0
2622,42,53.0,0.0,0.0,942.0,0.0,11,1,0,0,1,0,0,49.1615,12.5,97.9,0.0,510.0,0.0,2296.0
2623,43,54.0,1.0,0.0,942.0,0.0,11,1,0,0,1,0,0,48.8154,12.15,97.55,0.0,510.0,0.0,2296.0
2624,43,54.0,0.0,0.0,942.0,0.0,9,1,2,0,1,0,0,48.5346,11.8,97.2,0.0,510.0,2.0,2298.0
2625,44,55.0,1.0,0.0,942.0,0.0,10,1,1,0,1,0,0,48.2538,11.45,96.85,1.0,511.0,2.0,2300.0
2626,44,55.0,0.0,0.0,942.0,0.0,11,1,0,0,1,0,0,47.8962,11.1,96.5,0.0,511.0,0.0,2300.0
2627,45,57.0,2.0,0.0,942.0,0.0,10,0,1,0,2,0,0,47.5385,10.75,96.15,0.0,511.0,1.0,2301.0
2628,45,57.0,0.0,0.0,942.0,0.0,11,0,0,0,2,0,0,47.1538,10.4,95.8,0.0,511.0,0.0,2301.0
2629,45,57.0,0.0,0.0,942.0,0.0,10,0,0,0,3,0,0,46.7692,10.05,95.45,0.0,511.0,0.0,2301.0
2630,45,57.0,0.0,0.0,942.0,0.0,9,0,2,0,2,0,0,46.45,9.7,95.1,0.0,511.0,2.0,2303.0
2631,45,57.0,0.0,0.0,942.0,0.0,9,0,1,0,3,0,0,46.1192,9.35,94.75,1.0,512.0,2.0,2305.0
2632,45,57.0,0.0,0.0,942.0,0.0,10,0,0,0,3,0,0,45.7115,9.0,94.4,0.0,512.0,0.0,2305.0
2633,45,55.0,0.0,2.0,944.0,0.0,8,2,0,0,3,0,0,45.3038,8.65,94.05,0.0,512.0,0.0,2305.0
2634,45,55.0,0.0,0.0,944.0,0.0,10,0,0,0,3,0,0,44.9077,8.3,93.7,0.0,512.0,0.0,2305.0
2635,48,58.0,3.0,0.0,944.0,0.0,10,0,0,0,3,0,0,44.5115,7.95,93.35,0.0,512.0,0.0,2305.0
2636,48,58.0,0.0,0.0,944.0,0.0,9,0,0,0,4,0,0,44.1154,7.6,93.0,0.0,512.0,0.0,2305.0
2637,48,58.0,0.0,0.0,944.0,0.0,9,0,0,0,4,0,0,43.7077,7.25,92.65,0.0,512.0,0.0,2305.0
2638,48,57.0,0.0,1.0,945.0,0.0,8,1,0,0,4,0,0,43.2885,6.9,92.3,0.0,512.0,0.0,2305.0
2639,47,55.0,0.0,2.0,947.0,0.0,7,2,0,0,4,0,0,42.8808,6.55,91.95,0.0,512.0,0.0,2305.0
2640,45,54.0,0.0,1.0,948.0,0.0,8,1,0,1,3,0,0,42.4962,6.2,91.6,0.0,512.0,0.0,2305.0
2641,45,55.0,1.0,0.0,948.0,0.0,8,0,2,1,2,0,0,42.9254,10.65,91.25,0.0,512.0,2.0,2307.0
2642,45,55.0,0.0,0.0,948.0,0.0,8,0,2,1,2,0,0,43.3815,10.3,90.9,1.0,513.0,3.0,2310.0
2643,46,56.0,1.0,0.0,948.0,0.0,9,0,0,1,3,0,0,43.7838,9.95,90.55,1.0,514.0,1.0,2311.0
2644,46,56.0,0.0,0.0,948.0,0.0,9,0,0,1,3,0,0,44.1362,9.6,90.05,0.0,514.0,0.0,2311.0
2645,47,57.0,1.0,0.0,948.0,0.0,9,0,0,1,3,0,0,44.4885,9.25,89.55,0.0,514.0,0.0,2311.0
2646,47,57.0,0.0,0.0,948.0,0.0,9,0,0,1,3,0,0,44.8292,8.9,89.05,0.0,514.0,0.0,2311.0
2647,48,58.0,1.0,0.0,948.0,0.0,9,0,1,1,2,0,0,45.1969,8.9,88.55,0.0,514.0,1.0,2312.0
2648,48,58.0,0.0,0.0,948.0,0.0,9,0,0,1,3,0,0,45.5646,8.9,88.05,1.0,515.0,1.0,2313.0
2649,48,57.0,0.0,1.0,949.0,0.0,7,1,1,2,2,0,0,45.9438,8.55,90.62,0.0,515.0,1.0,2314.0
2650,46,56.0,0.0,1.0,950.0,0.0,6,1,3,1,2,0,0,47.0681,8.2,100.0,0.0,515.0,3.0,2317.0
2651,46,57.0,1.0,0.0,950.0,0.0,9,0,1,1,2,0,0,47.4554,7.85,99.65,1.0,516.0,2.0,2319.0
2652,46,57.0,0.0,0.0,950.0,0.0,10,0,0,2,1,0,0,47.7773,7.5,99.3,0.0,516.0,0.0,2319.0
2653,46,57.0,0.0,0.0,950.0,0.0,9,0,1,2,1,0,0,48.8646,7.2,98.95,0.0,516.0,1.0,2320.0
2654,46,56.0,0.0,1.0,951.0,0.0,9,1,0,2,1,0,0,49.925,6.85,98.6,0.0,516.0,0.0,2320.0
2655,47,58.0,2.0,0.0,951.0,0.0,10,0,0,2,1,0,0,50.9738,6.5,98.25,0.0,516.0,0.0,2320.0
2656,47,58.0,0.0,0.0,951.0,0.0,10,0,0,2,1,0,0,52.0227,6.15,97.9,0.0,516.0,0.0,2320.0
2657,47,57.0,0.0,1.0,952.0,0.0,9,1,0,2,1,0,0,53.0715,5.8,97.55,0.0,516.0,0.0,2320.0
2658,46,57.0,0.0,0.0,952.0,0.0,10,0,0,2,1,0,0,54.1319,5.45,97.2,0.0,516.0,0.0,2320.0
2659,48,58.0,2.0,1.0,953.0,0.0,6,1,3,1,2,0,0,55.2692,5.1,99.65,0.0,516.0,3.0,2323.0
2660,48,58.0,0.0,0.0,953.0,0.0,8,0,2,1,2,0,0,55.7538,4.75,99.3,2.0,518.0,4.0,2327.0
2661,48,58.0,0.0,0.0,953.0,0.0,10,0,0,2,1,0,0,56.1077,4.4,98.95,0.0,518.0,0.0,2327.0
2662,47,57.0,0.0,1.0,954.0,0.0,9,1,1,1,1,0,0,57.2238,13.75,99.65,0.0,518.0,1.0,2328.0
2663,46,57.0,0.0,0.0,954.0,0.0,11,0,0,1,1,0,0,57.6131,13.4,99.3,0.0,518.0,0.0,2328.0
2664,46,57.0,0.0,0.0,954.0,0.0,11,0,0,1,1,0,0,58.0023,13.05,98.95,0.0,518.0,0.0,2328.0
2665,47,58.0,1.0,0.0,954.0,0.0,11,0,0,1,1,0,0,58.3915,12.7,98.6,0.0,518.0,0.0,2328.0
2666,47,57.0,0.0,1.0,955.0,0.0,10,1,0,1,1,0,0,58.7808,12.35,98.25,0.0,518.0,0.0,2328.0
2667,47,57.0,1.0,1.0,956.0,0.0,10,1,0,1,1,0,0,59.1815,12.0,97.9,0.0,518.0,0.0,2328.0
2668,46,57.0,0.0,0.0,956.0,0.0,11,0,0,1,1,0,0,59.5938,11.65,97.55,0.0,518.0,0.0,2328.0
2669,47,58.0,1.0,0.0,956.0,0.0,11,0,0,1,1,0,0,59.9831,11.3,97.2,0.0,518.0,0.0,2328.0
2670,47,58.0,0.0,0.0,956.0,0.0,9,0,2,1,1,0,0,60.4262,10.95,96.85,0.0,518.0,2.0,2330.0
2671,47,58.0,1.0,1.0,957.0,0.0,8,1,3,0,1,0,0,60.8962,10.6,99.65,1.0,519.0,4.0,2334.0
2672,46,58.0,0.0,0.0,957.0,0.0,11,0,2,0,0,0,0,60.6154,10.6,99.3,1.0,520.0,3.0,2337.0
2673,46,58.0,0.0,0.0,957.0,0.0,11,0,1,0,1,0,0,60.3077,10.25,98.95,1.0,521.0,2.0,2339.0
2674,46,57.0,0.0,1.0,958.0,0.0,10,1,1,0,1,0,0,59.9731,9.9,98.6,0.0,521.0,1.0,2340.0
2675,47,59.0,2.0,0.0,958.0,0.0,12,0,0,0,1,0,0,59.6115,9.55,98.25,0.0,521.0,0.0,2340.0
2676,47,59.0,0.0,0.0,958.0,0.0,12,0,0,0,1,0,0,59.25,9.2,97.9,0.0,521.0,0.0,2340.0
2677,47,59.0,0.0,0.0,958.0,0.0,12,0,0,0,1,0,0,58.8769,8.85,97.55,0.0,521.0,0.0,2340.0
2678,47,59.0,0.0,0.0,958.0,0.0,11,0,1,0,1,0,0,58.5192,8.5,97.2,0.0,521.0,1.0,2341.0
2679,47,59.0,0.0,0.0,958.0,0.0,11,0,1,0,1,0,0,58.1885,8.15,96.85,1.0,522.0,2.0,2343.0
2680,47,59.0,0.0,0.0,958.0,0.0,12,0,0,0,1,0,0,57.7808,7.8,96.5,0.0,522.0,0.0,2343.0
2681,47,58.0,0.0,1.0,959.0,0.0,10,1,1,0,1,0,0,57.4385,7.45,96.15,0.0,522.0,1.0,2344.0
2682,46,58.0,0.0,0.0,959.0,0.0,12,0,0,0,1,0,0,57.0808,7.1,95.8,1.0,523.0,1.0,2345.0
2683,49,61.0,3.0,0.0,959.0,0.0,12,0,0,0,1,0,0,56.6846,6.75,95.45,0.0,523.0,0.0,2345.0
2684,49,60.0,0.0,1.0,960.0,0.0,11,1,0,0,1,0,0,56.2885,6.4,95.1,0.0,523.0,0.0,2345.0
2685,49,61.0,1.0,0.0,960.0,0.0,12,0,0,0,1,0,0,55.8808,6.05,94.6,0.0,523.0,0.0,2345.0
2686,49,61.0,0.0,0.0,960.0,0.0,12,0,0,0,1,0,0,55.4731,5.7,94.1,0.0,523.0,0.0,2345.0
2687,49,60.0,0.0,1.0,961.0,0.0,11,1,0,0,1,0,0,55.0538,5.35,93.6,0.0,523.0,0.0,2345.0
2688,48,60.0,0.0,0.0,961.0,0.0,12,0,0,0,1,0,0,54.6462,5.0,93.25,0.0,523.0,0.0,2345.0
2689,48,60.0,0.0,0.0,961.0,0.0,11,0,1,1,0,0,0,54.2769,4.65,92.9,0.0,523.0,1.0,2346.0
2690,48,60.0,0.0,0.0,961.0,0.0,10,0,2,1,0,0,0,54.7104,14.185,92.55,1.0,524.0,3.0,2349.0
2691,49,60.0,1.0,1.0,962.0,0.0,10,1,1,1,0,0,0,55.09,15.45,92.2,0.0,524.0,1.0,2350.0
2692,48,60.0,0.0,0.0,962.0,0.0,10,0,1,1,1,0,0,55.4581,14.95,91.85,0.0,524.0,1.0,2351.0
2693,48,60.0,0.0,0.0,962.0,0.0,11,0,0,1,1,0,0,55.8108,14.6,91.5,0.0,524.0,0.0,2351.0
2694,48,60.0,0.0,0.0,962.0,0.0,11,0,0,1,1,0,0,56.1635,14.25,91.15,0.0,524.0,0.0,2351.0
2695,50,62.0,2.0,0.0,962.0,0.0,11,0,0,1,1,0,0,56.5046,13.9,90.8,0.0,524.0,0.0,2351.0
2696,50,62.0,0.0,0.0,962.0,0.0,10,0,1,1,1,0,0,56.8612,13.9,90.45,0.0,524.0,1.0,2352.0
2697,51,63.0,1.0,0.0,962.0,0.0,9,0,1,1,2,0,0,57.2292,13.55,89.95,0.0,524.0,1.0,2353.0
2698,51,62.0,0.0,1.0,963.0,0.0,8,1,1,1,2,0,0,57.5973,13.2,90.465,0.0,524.0,1.0,2354.0
2699,51,62.0,1.0,1.0,964.0,0.0,10,1,0,0,2,0,0,57.9,12.85,99.65,0.0,524.0,0.0,2354.0
2700,50,61.0,0.0,1.0,965.0,0.0,9,1,0,0,3,0,0,57.4692,12.5,99.3,0.0,524.0,0.0,2354.0
2701,50,59.0,0.0,2.0,967.0,0.0,7,3,0,0,3,0,0,57.0885,12.15,98.95,0.0,524.0,0.0,2354.0
2702,49,59.0,0.0,0.0,967.0,0.0,9,0,1,0,3,0,0,56.7308,11.8,98.6,0.0,524.0,1.0,2355.0
2703,49,58.0,0.0,1.0,968.0,0.0,9,1,0,0,3,0,0,56.3462,11.45,98.25,0.0,524.0,0.0,2355.0
2704,48,58.0,0.0,0.0,968.0,0.0,8,0,1,0,4,0,0,56.0,11.1,97.9,0.0,524.0,1.0,2356.0
2705,49,59.0,1.0,0.0,968.0,0.0,9,0,0,0,4,0,0,55.6269,10.75,97.55,0.0,524.0,0.0,2356.0
2706,49,59.0,0.0,0.0,968.0,0.0,9,0,0,0,4,0,0,55.2423,10.4,97.2,0.0,524.0,0.0,2356.0
2707,51,61.0,2.0,0.0,968.0,0.0,9,0,0,0,4,0,0,54.8462,10.05,96.85,0.0,524.0,0.0,2356.0
2708,51,60.0,0.0,1.0,969.0,0.0,8,1,0,1,3,0,0,54.45,9.7,96.5,0.0,524.0,0.0,2356.0
2709,50,60.0,0.0,0.0,969.0,0.0,9,0,0,1,3,0,0,54.7869,10.4,96.15,0.0,524.0,0.0,2356.0
2710,50,59.0,0.0,1.0,970.0,0.0,8,1,0,1,3,0,0,55.1238,10.05,95.8,0.0,524.0,0.0,2356.0
2711,50,60.0,1.0,0.0,970.0,0.0,8,0,1,1,3,0,0,55.4992,9.7,95.45,0.0,524.0,1.0,2357.0
2712,50,60.0,0.0,0.0,970.0,0.0,9,0,0,1,3,0,0,55.8477,9.35,95.1,0.0,524.0,0.0,2357.0
2713,50,59.0,0.0,1.0,971.0,0.0,6,1,4,1,1,0,0,56.2923,9.35,94.6,0.0,524.0,4.0,2361.0
2714,50,59.0,0.0,0.0,971.0,0.0,9,0,2,1,1,0,0,56.7485,9.35,94.25,2.0,526.0,4.0,2365.0
2715,52,61.0,2.0,0.0,971.0,0.0,9,0,0,1,3,0,0,57.0969,9.0,93.9,0.0,526.0,0.0,2365.0
2716,52,61.0,0.0,0.0,971.0,0.0,9,0,0,1,3,0,0,57.4338,8.65,93.55,0.0,526.0,0.0,2365.0
2717,52,60.0,0.0,1.0,972.0,0.0,8,1,0,1,3,0,0,57.7708,8.3,93.2,0.0,526.0,0.0,2365.0
2718,50,60.0,0.0,0.0,972.0,0.0,9,0,1,0,3,0,0,58.1192,7.95,99.65,0.0,526.0,1.0,2366.0
2719,51,61.0,1.0,0.0,972.0,0.0,10,0,0,0,3,0,0,57.7346,7.6,99.3,0.0,526.0,0.0,2366.0
2720,51,61.0,0.0,0.0,972.0,0.0,10,0,0,0,3,0,0,57.35,7.25,98.95,0.0,526.0,0.0,2366.0
2721,51,61.0,0.0,0.0,972.0,0.0,9,0,1,0,3,0,0,57.0038,6.9,98.6,0.0,526.0,1.0,2367.0
2722,51,61.0,0.0,0.0,972.0,0.0,10,0,0,0,3,0,0,56.6077,6.55,98.25,0.0,526.0,0.0,2367.0
2723,52,62.0,1.0,0.0,972.0,0.0,10,0,0,1,2,0,0,56.2115,6.2,97.9,0.0,526.0,0.0,2367.0
2724,52,62.0,0.0,0.0,972.0,0.0,10,0,0,1,2,0,0,56.5362,5.85,97.55,0.0,526.0,0.0,2367.0
2725,54,64.0,2.0,0.0,972.0,0.0,8,0,2,2,1,0,0,56.9262,5.5,97.2,0.0,526.0,2.0,2369.0
2726,54,64.0,0.0,0.0,972.0,0.0,9,0,1,2,1,0,0,58.07,6.35,96.85,1.0,527.0,2.0,2371.0
2727,54,64.0,0.0,0.0,972.0,0.0,10,0,0,2,1,0,0,59.1485,6.0,96.5,0.0,527.0,0.0,2371.0
2728,54,64.0,0.0,0.0,972.0,0.0,10,0,0,2,1,0,0,60.2154,5.65,96.15,0.0,527.0,0.0,2371.0
2729,54,63.0,0.0,1.0,973.0,0.0,9,1,0,2,1,0,0,61.2708,5.3,95.8,0.0,527.0,0.0,2371.0
2730,53,62.0,0.0,1.0,974.0,0.0,9,1,0,2,1,0,0,62.3377,4.95,95.45,0.0,527.0,0.0,2371.0
2731,54,64.0,2.0,0.0,974.0,0.0,10,0,0,2,1,0,0,63.4162,4.6,95.1,0.0,527.0,0.0,2371.0
2732,54,63.0,0.0,1.0,975.0,0.0,9,1,0,2,1,0,0,64.4946,4.25,94.75,0.0,527.0,0.0,2371.0
2733,52,63.0,0.0,0.0,975.0,0.0,11,0,0,1,1,0,0,65.5577,3.9,99.65,0.0,527.0,0.0,2371.0
2734,52,63.0,0.0,0.0,975.0,0.0,11,0,0,1,1,0,0,65.8923,3.55,99.3,0.0,527.0,0.0,2371.0
2735,52,63.0,1.0,1.0,976.0,0.0,10,1,1,1,0,0,0,66.2269,3.2,99.65,0.0,527.0,1.0,2372.0
2736,51,62.0,0.0,1.0,977.0,0.0,9,1,2,1,0,0,0,66.6562,12.88,99.3,0.0,527.0,2.0,2374.0
2737,50,60.0,0.0,2.0,979.0,0.0,9,2,1,1,0,0,0,67.0969,22.56,98.95,1.0,528.0,2.0,2376.0
2738,48,60.0,0.0,0.0,979.0,0.0,11,0,1,1,0,0,0,67.4992,32.24,98.6,0.0,528.0,1.0,2377.0
2739,50,61.0,2.0,1.0,980.0,0.0,9,1,2,1,0,0,0,67.9285,41.92,98.25,0.0,528.0,2.0,2379.0
2740,49,61.0,0.0,0.0,980.0,0.0,10,0,2,1,0,0,0,68.3962,43.8,97.9,1.0,529.0,3.0,2382.0
2741,49,61.0,0.0,0.0,980.0,0.0,9,0,3,1,0,0,0,68.8754,43.3,97.55,0.0,529.0,3.0,2385.0
2742,49,60.0,0.0,1.0,981.0,0.0,8,1,3,1,0,0,0,69.3815,42.8,97.2,1.0,530.0,4.0,2389.0
2743,49,61.0,1.0,0.0,981.0,0.0,11,0,1,1,0,0,0,69.8338,42.3,96.85,1.0,531.0,2.0,2391.0
2744,49,60.0,0.0,1.0,982.0,0.0,9,1,2,1,0,0,0,70.3015,41.8,96.5,0.0,531.0,2.0,2393.0
2745,48,61.0,1.0,0.0,982.0,0.0,13,0,0,0,0,0,0,70.6731,41.45,99.65,0.0,531.0,0.0,2393.0
2746,48,61.0,0.0,0.0,982.0,0.0,13,0,0,0,0,0,0,70.3,41.1,99.3,0.0,531.0,0.0,2393.0
2747,49,62.0,1.0,0.0,982.0,0.0,13,0,0,0,0,0,0,69.9269,40.75,98.95,0.0,531.0,0.0,2393.0
2748,49,62.0,0.0,0.0,982.0,0.0,13,0,0,0,0,0,0,69.5538,40.4,98.6,0.0,531.0,0.0,2393.0
2749,49,61.0,0.0,1.0,983.0,0.0,12,1,0,0,0,0,0,69.1692,40.05,98.25,0.0,531.0,0.0,2393.0
2750,48,61.0,0.0,0.0,983.0,0.0,13,0,0,0,0,0,0,68.7962,39.7,97.9,0.0,531.0,0.0,2393.0
2751,48,61.0,0.0,0.0,983.0,0.0,12,0,1,0,0,0,0,68.4385,39.35,97.55,0.0,531.0,1.0,2394.0
2752,48,61.0,0.0,0.0,983.0,0.0,10,0,3,0,0,0,0,68.1577,39.0,97.2,0.0,531.0,3.0,2397.0
2753,49,62.0,1.0,0.0,983.0,0.0,12,0,1,0,0,0,0,67.8385,38.6,96.85,1.0,532.0,2.0,2399.0
2754,49,62.0,0.0,0.0,983.0,0.0,11,0,2,0,0,0,0,67.4962,38.1,96.5,0.0,532.0,2.0,2401.0
2755,52,65.0,3.0,0.0,983.0,0.0,11,0,2,0,0,0,0,67.1692,37.6,96.15,1.0,533.0,3.0,2404.0
2756,52,65.0,0.0,0.0,983.0,0.0,13,0,0,0,0,0,0,66.7385,37.1,95.8,0.0,533.0,0.0,2404.0
2757,52,65.0,0.0,0.0,983.0,0.0,12,0,1,0,0,0,0,66.3346,36.6,95.45,0.0,533.0,1.0,2405.0
2758,52,65.0,0.0,0.0,983.0,0.0,12,0,1,0,0,0,0,65.9423,36.1,95.1,0.0,533.0,1.0,2406.0
2759,52,65.0,0.0,0.0,983.0,0.0,13,0,0,0,0,0,0,65.5115,35.6,94.75,0.0,533.0,0.0,2406.0
2760,52,63.0,0.0,2.0,985.0,0.0,8,2,3,0,0,0,0,65.1731,35.1,94.4,0.0,533.0,3.0,2409.0
2761,50,63.0,0.0,0.0,985.0,0.0,10,0,3,0,0,0,0,64.9115,34.6,94.4,2.0,535.0,5.0,2414.0
2762,50,63.0,0.0,0.0,985.0,0.0,12,0,1,0,0,0,0,64.5462,34.1,94.4,1.0,536.0,2.0,2416.0
2763,51,64.0,1.0,0.0,985.0,0.0,12,0,1,0,0,0,0,64.1538,33.6,94.05,0.0,536.0,1.0,2417.0
2764,51,64.0,0.0,0.0,985.0,0.0,12,0,1,0,0,0,0,63.7615,33.1,93.7,0.0,536.0,1.0,2418.0
2765,52,65.0,1.0,0.0,985.0,0.0,13,0,0,0,0,0,0,63.3308,32.6,93.35,0.0,536.0,0.0,2418.0
2766,52,65.0,0.0,0.0,985.0,0.0,13,0,0,0,0,0,0,62.8885,32.1,93.0,0.0,536.0,0.0,2418.0
2767,54,67.0,2.0,0.0,985.0,0.0,11,0,2,0,0,0,0,62.5115,32.1,92.65,0.0,536.0,2.0,2420.0
2768,54,66.0,0.0,1.0,986.0,0.0,12,1,0,0,0,0,0,62.0577,31.6,92.3,0.0,536.0,0.0,2420.0
2769,53,63.0,0.0,3.0,989.0,0.0,10,3,0,0,0,0,0,61.5923,31.1,91.95,0.0,536.0,0.0,2420.0
2770,50,63.0,0.0,0.0,989.0,0.0,11,0,2,0,0,0,0,61.2385,31.1,91.6,0.0,536.0,2.0,2422.0
2771,51,64.0,1.0,0.0,989.0,0.0,12,0,1,0,0,0,0,60.8846,31.1,91.25,1.0,537.0,2.0,2424.0
2772,51,64.0,0.0,0.0,989.0,0.0,13,0,0,0,0,0,0,60.4423,30.6,90.9,0.0,537.0,0.0,2424.0
2773,51,63.0,0.0,1.0,990.0,0.0,11,1,1,0,0,0,0,60.0269,30.1,90.55,0.0,537.0,1.0,2425.0
2774,50,61.0,0.0,2.0,992.0,0.0,11,2,0,0,0,0,0,59.5962,29.75,90.2,0.0,537.0,0.0,2425.0
2775,49,62.0,1.0,0.0,992.0,0.0,13,0,0,0,0,0,0,59.1885,29.4,89.85,0.0,537.0,0.0,2425.0
2776,49,62.0,0.0,0.0,992.0,0.0,12,0,1,0,0,0,0,58.8192,29.05,89.5,0.0,537.0,1.0,2426.0
2777,49,62.0,0.0,0.0,992.0,0.0,11,0,2,0,0,0,0,58.5038,28.7,89.15,1.0,538.0,3.0,2429.0
2778,49,61.0,0.0,1.0,993.0,0.0,11,1,1,0,0,0,0,58.1385,28.35,88.65,1.0,539.0,2.0,2431.0
2779,50,63.0,2.0,0.0,993.0,0.0,12,0,1,0,0,0,0,57.7346,28.0,88.15,0.0,539.0,1.0,2432.0
2780,50,63.0,0.0,0.0,993.0,0.0,13,0,0,0,0,0,0,57.3038,27.65,87.65,0.0,539.0,0.0,2432.0
2781,51,64.0,1.0,0.0,993.0,0.0,12,0,1,0,0,0,0,56.9,27.3,87.15,0.0,539.0,1.0,2433.0
2782,51,63.0,0.0,1.0,994.0,0.0,11,1,1,0,0,0,0,56.5077,26.95,86.65,0.0,539.0,1.0,2434.0
2783,50,62.0,0.0,1.0,995.0,0.0,11,1,1,0,0,0,0,56.1269,26.6,86.15,0.0,539.0,1.0,2435.0
2784,49,61.0,0.0,1.0,996.0,0.0,12,1,0,0,0,0,0,55.7192,26.25,85.8,0.0,539.0,0.0,2435.0
2785,49,61.0,1.0,1.0,997.0,0.0,11,1,1,0,0,0,0,55.35,25.9,85.45,0.0,539.0,1.0,2436.0
2786,48,61.0,0.0,0.0,997.0,0.0,12,0,1,0,0,0,0,54.9692,25.55,85.1,0.0,539.0,1.0,2437.0
2787,49,62.0,1.0,0.0,997.0,0.0,10,0,3,0,0,0,0,54.6923,25.2,85.1,1.0,540.0,4.0,2441.0
2788,49,61.0,0.0,1.0,998.0,0.0,11,1,1,0,0,0,0,54.35,24.85,85.1,1.0,541.0,2.0,2443.0
2789,48,61.0,0.0,0.0,998.0,0.0,12,0,1,0,0,0,0,53.9808,24.5,84.75,0.0,541.0,1.0,2444.0
2790,48,61.0,0.0,0.0,998.0,0.0,12,0,1,0,0,0,0,53.5885,24.15,84.4,0.0,541.0,1.0,2445.0
2791,49,61.0,1.0,1.0,999.0,0.0,11,1,1,0,0,0,0,53.2346,23.8,84.05,1.0,542.0,2.0,2447.0
2792,48,61.0,0.0,0.0,999.0,0.0,13,0,0,0,0,0,0,52.8038,23.3,83.7,0.0,542.0,0.0,2447.0
2793,48,61.0,0.0,0.0,999.0,0.0,12,0,1,0,0,0,0,52.4,22.8,83.35,0.0,542.0,1.0,2448.0
2794,48,61.0,0.0,0.0,999.0,0.0,11,0,2,0,0,0,0,52.0231,22.3,83.35,0.0,542.0,2.0,2450.0
2795,51,61.0,3.0,3.0,1002.0,0.0,10,3,0,0,0,0,0,51.5808,21.8,83.0,0.0,542.0,0.0,2450.0
2796,48,60.0,0.0,1.0,1003.0,0.0,12,1,0,0,0,0,0,51.1731,21.3,82.65,0.0,542.0,0.0,2450.0
2797,47,59.0,0.0,1.0,1004.0,0.0,12,1,0,0,0,0,0,50.7769,20.8,82.3,0.0,542.0,0.0,2450.0
2798,46,59.0,0.0,0.0,1004.0,0.0,10,0,3,0,0,0,0,50.4962,20.8,81.95,0.0,542.0,3.0,2453.0
2799,46,59.0,0.0,0.0,1004.0,0.0,11,0,2,0,0,0,0,50.2308,20.8,81.6,2.0,544.0,4.0,2457.0
2800,46,59.0,0.0,0.0,1004.0,0.0,13,0,0,0,0,0,0,49.8346,20.3,81.25,0.0,544.0,0.0,2457.0
2801,46,59.0,0.0,0.0,1004.0,0.0,13,0,0,0,0,0,0,49.4769,19.8,80.9,0.0,544.0,0.0,2457.0
2802,46,57.0,0.0,2.0,1006.0,0.0,11,2,0,0,0,0,0,49.0462,19.3,80.55,0.0,544.0,0.0,2457.0
2803,46,59.0,2.0,0.0,1006.0,0.0,13,0,0,0,0,0,0,48.6385,18.95,80.2,0.0,544.0,0.0,2457.0
2804,46,58.0,0.0,1.0,1007.0,0.0,12,1,0,0,0,0,0,48.2308,18.6,79.85,0.0,544.0,0.0,2457.0
2805,46,59.0,1.0,0.0,1007.0,0.0,13,0,0,0,0,0,0,47.8115,18.25,79.5,0.0,544.0,0.0,2457.0
2806,46,59.0,0.0,0.0,1007.0,0.0,11,0,2,0,0,0,0,47.4692,17.9,79.15,0.0,544.0,2.0,2459.0
2807,46,59.0,0.0,0.0,1007.0,0.0,12,0,1,0,0,0,0,47.1538,17.9,78.8,2.0,546.0,3.0,2462.0
2808,46,59.0,0.0,0.0,1007.0,0.0,12,0,1,0,0,0,0,46.7615,17.55,78.45,0.0,546.0,1.0,2463.0
2809,47,60.0,1.0,0.0,1007.0,0.0,12,0,1,0,0,0,0,46.3577,17.55,78.1,0.0,546.0,1.0,2464.0
2810,47,60.0,0.0,0.0,1007.0,0.0,13,0,0,0,0,0,0,45.9154,17.2,77.75,0.0,546.0,0.0,2464.0
2811,48,61.0,1.0,0.0,1007.0,0.0,12,0,1,0,0,0,0,45.5115,16.85,77.4,0.0,546.0,1.0,2465.0
2812,48,60.0,0.0,1.0,1008.0,0.0,10,1,2,0,0,0,0,45.1462,16.5,77.05,0.0,546.0,2.0,2467.0
2813,47,60.0,0.0,0.0,1008.0,0.0,11,0,2,0,0,0,0,44.8192,16.15,76.7,1.0,547.0,3.0,2470.0
2814,47,60.0,0.0,0.0,1008.0,0.0,13,0,0,0,0,0,0,44.3654,15.8,76.2,0.0,547.0,0.0,2470.0
2815,49,62.0,2.0,0.0,1008.0,0.0,13,0,0,0,0,0,0,43.9115,15.45,75.7,0.0,547.0,0.0,2470.0
2816,49,62.0,0.0,0.0,1008.0,0.0,13,0,0,0,0,0,0,43.4577,15.1,75.2,0.0,547.0,0.0,2470.0
2817,49,62.0,0.0,0.0,1008.0,0.0,12,0,1,0,0,0,0,43.0308,15.1,74.7,0.0,547.0,1.0,2471.0
2818,49,62.0,0.0,0.0,1008.0,0.0,11,0,2,0,0,0,0,42.6308,15.1,74.2,0.0,547.0,2.0,2473.0
2819,50,59.0,1.0,4.0,1012.0,0.0,7,4,1,0,1,0,0,42.2308,14.9,73.7,1.0,548.0,2.0,2475.0
2820,48,58.0,0.0,1.0,1013.0,0.0,9,2,0,0,2,0,0,41.8615,14.55,73.35,0.0,548.0,0.0,2475.0
2821,48,58.0,0.0,0.0,1013.0,0.0,8,1,2,0,2,0,0,41.5577,14.2,73.35,0.0,548.0,2.0,2477.0
2822,48,58.0,0.0,0.0,1013.0,0.0,9,1,1,0,2,0,0,41.2538,13.85,73.35,1.0,549.0,2.0,2479.0
2823,48,59.0,1.0,0.0,1013.0,0.0,11,0,0,0,2,0,0,40.8692,13.5,73.0,0.0,549.0,0.0,2479.0
2824,48,58.0,0.0,1.0,1014.0,0.0,10,1,0,0,2,0,0,40.4731,13.15,72.5,0.0,549.0,0.0,2479.0
2825,48,59.0,1.0,0.0,1014.0,0.0,11,0,0,0,2,0,0,40.0769,12.8,72.0,0.0,549.0,0.0,2479.0
2826,48,59.0,0.0,0.0,1014.0,0.0,8,0,3,0,2,0,0,39.7615,12.45,71.5,0.0,549.0,3.0,2482.0
2827,50,60.0,2.0,1.0,1015.0,0.0,7,1,3,0,2,0,0,39.4731,12.1,71.0,1.0,550.0,4.0,2486.0
2828,49,60.0,0.0,0.0,1015.0,0.0,8,0,3,0,2,0,0,39.1731,11.75,70.5,1.0,551.0,4.0,2490.0
2829,49,60.0,0.0,0.0,1015.0,0.0,10,0,1,0,2,0,0,38.7923,11.4,70.0,0.0,551.0,1.0,2491.0
2830,49,59.0,0.0,1.0,1016.0,0.0,9,1,1,0,2,0,0,38.4231,11.05,69.5,0.0,551.0,1.0,2492.0
2831,49,59.0,0.0,0.0,1016.0,0.0,9,1,1,0,2,0,0,38.0923,10.7,69.0,0.0,551.0,1.0,2493.0
2832,49,59.0,0.0,0.0,1016.0,0.0,10,1,0,0,2,0,0,37.7231,10.35,68.5,0.0,551.0,0.0,2493.0
2833,49,59.0,0.0,0.0,1016.0,0.0,10,1,0,0,2,0,0,37.3423,10.0,68.0,0.0,551.0,0.0,2493.0
2834,49,59.0,0.0,0.0,1016.0,0.0,8,1,1,0,3,0,0,36.9885,9.65,68.0,0.0,551.0,1.0,2494.0
2835,50,60.0,2.0,1.0,1017.0,0.0,9,1,1,0,2,0,0,36.6346,9.5,68.0,1.0,552.0,2.0,2496.0
2836,50,60.0,0.0,0.0,1017.0,0.0,10,0,0,1,2,0,0,36.2154,9.15,67.5,0.0,552.0,0.0,2496.0
2837,51,60.0,1.0,1.0,1018.0,0.0,9,1,0,1,2,0,0,36.5219,8.95,67.0,0.0,552.0,0.0,2496.0
2838,50,59.0,0.0,1.0,1019.0,0.0,9,1,0,1,2,0,0,36.84,8.6,66.5,0.0,552.0,0.0,2496.0
2839,50,60.0,1.0,0.0,1019.0,0.0,10,0,0,1,2,0,0,37.1696,8.25,66.0,0.0,552.0,0.0,2496.0
2840,50,60.0,0.0,0.0,1019.0,0.0,9,0,1,1,2,0,0,37.5262,7.9,65.5,0.0,552.0,1.0,2497.0
2841,50,60.0,0.0,0.0,1019.0,0.0,10,0,0,1,2,0,0,37.8327,7.55,65.0,0.0,552.0,0.0,2497.0
2842,50,59.0,0.0,1.0,1020.0,0.0,9,1,0,1,2,0,0,38.1392,7.2,64.5,0.0,552.0,0.0,2497.0
2843,50,58.0,1.0,2.0,1022.0,0.0,7,2,1,1,2,0,0,38.4727,6.85,72.745,0.0,552.0,1.0,2498.0
2844,48,57.0,0.0,1.0,1023.0,0.0,8,1,0,1,3,0,0,38.8023,6.5,81.83,0.0,552.0,0.0,2498.0
2845,49,58.0,1.0,0.0,1023.0,0.0,9,0,0,1,3,0,0,39.1435,6.15,90.915,0.0,552.0,0.0,2498.0
2846,48,57.0,0.0,1.0,1024.0,0.0,8,1,1,1,2,0,0,39.4846,5.8,100.0,0.0,552.0,1.0,2499.0
2847,47,57.0,0.0,0.0,1024.0,0.0,10,0,0,1,2,0,0,39.89,10.2,100.0,1.0,553.0,1.0,2500.0
2848,47,55.0,0.0,2.0,1026.0,0.0,8,2,0,1,2,0,0,40.2685,9.85,99.65,0.0,553.0,0.0,2500.0
2849,45,55.0,0.0,0.0,1026.0,0.0,10,0,0,1,2,0,0,40.67,9.5,99.3,0.0,553.0,0.0,2500.0
2850,45,55.0,0.0,0.0,1026.0,0.0,10,0,0,1,2,0,0,41.0715,9.15,98.95,0.0,553.0,0.0,2500.0
2851,48,58.0,3.0,0.0,1026.0,0.0,10,0,0,1,2,0,0,41.4615,8.8,98.6,0.0,553.0,0.0,2500.0
2852,48,58.0,0.0,0.0,1026.0,0.0,10,0,0,1,2,0,0,41.8515,8.45,98.25,0.0,553.0,0.0,2500.0
2853,48,58.0,0.0,0.0,1026.0,0.0,10,0,0,1,2,0,0,42.2415,8.1,97.9,0.0,553.0,0.0,2500.0
2854,48,58.0,0.0,0.0,1026.0,0.0,10,0,0,1,2,0,0,42.6315,7.75,97.55,0.0,553.0,0.0,2500.0
2855,49,59.0,1.0,0.0,1026.0,0.0,10,0,1,1,1,0,0,43.0369,7.75,97.2,0.0,553.0,1.0,2501.0
2856,48,59.0,0.0,0.0,1026.0,0.0,11,0,0,0,2,0,0,43.3885,7.4,99.65,0.0,553.0,0.0,2501.0
2857,48,58.0,0.0,1.0,1027.0,0.0,10,1,0,1,1,0,0,43.0154,7.05,99.3,0.0,553.0,0.0,2501.0
2858,47,58.0,0.0,0.0,1027.0,0.0,10,0,1,1,1,0,0,43.4227,10.0,98.95,0.0,553.0,1.0,2502.0
2859,48,59.0,1.0,0.0,1027.0,0.0,10,0,1,1,1,0,0,43.83,9.65,98.6,0.0,553.0,1.0,2503.0
2860,48,59.0,0.0,0.0,1027.0,0.0,8,0,3,1,1,0,0,44.3065,9.3,98.25,1.0,554.0,4.0,2507.0
2861,48,59.0,0.0,0.0,1027.0,0.0,8,0,2,1,2,0,0,44.7446,8.95,97.9,1.0,555.0,3.0,2510.0
2862,48,59.0,0.0,0.0,1027.0,0.0,10,0,0,1,2,0,0,45.0788,8.6,97.55,0.0,555.0,0.0,2510.0
2863,49,60.0,1.0,0.0,1027.0,0.0,10,0,0,1,2,0,0,45.4015,8.25,97.2,0.0,555.0,0.0,2510.0
2864,49,60.0,0.0,0.0,1027.0,0.0,9,0,1,1,2,0,0,45.7627,7.9,96.85,0.0,555.0,1.0,2511.0
2865,51,62.0,2.0,0.0,1027.0,0.0,9,0,1,1,2,0,0,46.1508,7.55,96.5,1.0,556.0,2.0,2513.0
2866,51,62.0,0.0,0.0,1027.0,0.0,10,0,0,2,1,0,0,46.4735,7.2,96.15,0.0,556.0,0.0,2513.0
2867,51,62.0,1.0,1.0,1028.0,0.0,8,1,2,1,1,0,0,47.5754,12.65,99.65,0.0,556.0,2.0,2515.0
2868,51,61.0,0.0,1.0,1029.0,0.0,10,1,0,1,1,0,0,47.9085,12.3,99.3,0.0,556.0,0.0,2515.0
2869,50,61.0,0.0,0.0,1029.0,0.0,11,0,0,1,1,0,0,48.23,11.95,98.95,0.0,556.0,0.0,2515.0
2870,50,61.0,0.0,0.0,1029.0,0.0,10,0,1,1,1,0,0,48.5785,11.6,98.6,0.0,556.0,1.0,2516.0
2871,50,60.0,0.0,1.0,1030.0,0.0,8,1,2,1,1,0,0,49.0038,11.25,98.25,1.0,557.0,3.0,2519.0
2872,49,59.0,0.0,1.0,1031.0,0.0,9,1,1,1,1,0,0,49.3754,10.9,97.9,0.0,557.0,1.0,2520.0
2873,48,59.0,0.0,0.0,1031.0,0.0,9,0,2,1,1,0,0,49.7854,10.55,97.55,0.0,557.0,2.0,2522.0
2874,48,58.0,0.0,1.0,1032.0,0.0,7,1,3,1,1,0,0,50.2608,10.2,97.2,1.0,558.0,4.0,2526.0
2875,50,60.0,3.0,1.0,1033.0,0.0,10,1,0,2,0,0,0,50.6169,9.85,96.85,0.0,558.0,0.0,2526.0
2876,48,60.0,0.0,0.0,1033.0,0.0,11,0,1,1,0,0,0,51.705,16.15,99.65,0.0,558.0,1.0,2527.0
2877,48,60.0,0.0,0.0,1033.0,0.0,11,0,1,1,0,0,0,52.0908,15.8,99.3,0.0,558.0,1.0,2528.0
2878,48,60.0,0.0,0.0,1033.0,0.0,11,0,1,1,0,0,0,52.4765,15.45,98.95,0.0,558.0,1.0,2529.0
2879,49,61.0,1.0,0.0,1033.0,0.0,12,0,0,1,0,0,0,52.8123,15.1,98.6,0.0,558.0,0.0,2529.0
2880,49,61.0,0.0,0.0,1033.0,0.0,11,0,0,1,1,0,0,53.1481,14.75,98.25,0.0,558.0,0.0,2529.0
2881,49,61.0,0.0,0.0,1033.0,0.0,10,0,0,1,2,0,0,53.4723,14.4,97.9,0.0,558.0,0.0,2529.0
2882,49,60.0,0.0,1.0,1034.0,0.0,9,1,0,1,2,0,0,53.8081,14.05,97.55,0.0,558.0,0.0,2529.0
2883,49,60.0,1.0,1.0,1035.0,0.0,7,1,2,1,2,0,0,54.1977,13.7,97.2,0.0,558.0,2.0,2531.0
2884,49,60.0,0.0,0.0,1035.0,0.0,8,0,2,1,2,0,0,54.6373,13.35,96.85,1.0,559.0,3.0,2534.0
2885,49,61.0,1.0,0.0,1035.0,0.0,11,0,0,0,2,0,0,54.9577,13.0,99.65,0.0,559.0,0.0,2534.0
2886,49,61.0,0.0,0.0,1035.0,0.0,11,0,1,0,1,0,0,54.6269,12.65,99.3,0.0,559.0,1.0,2535.0
2887,50,62.0,1.0,0.0,1035.0,0.0,11,0,0,0,2,0,0,54.2423,12.3,98.95,0.0,559.0,0.0,2535.0
2888,50,61.0,0.0,1.0,1036.0,0.0,10,1,0,0,2,0,0,53.8462,11.95,98.6,0.0,559.0,0.0,2535.0
2889,49,60.0,0.0,1.0,1037.0,0.0,10,1,0,0,2,0,0,53.45,11.6,98.25,0.0,559.0,0.0,2535.0
2890,49,60.0,0.0,0.0,1037.0,0.0,11,0,0,0,2,0,0,53.0654,11.25,97.9,0.0,559.0,0.0,2535.0
2891,50,61.0,1.0,0.0,1037.0,0.0,10,0,1,0,2,0,0,52.7077,10.9,97.55,0.0,559.0,1.0,2536.0
2892,50,61.0,0.0,0.0,1037.0,0.0,11,0,1,0,1,0,0,52.3769,10.9,97.2,1.0,560.0,2.0,2538.0
2893,51,61.0,1.0,1.0,1038.0,0.0,9,1,1,0,2,0,0,52.0077,10.55,97.2,0.0,560.0,1.0,2539.0
2894,50,61.0,0.0,0.0,1038.0,0.0,9,0,3,0,1,0,0,51.7154,10.4,96.85,0.0,560.0,3.0,2542.0
2895,51,62.0,1.0,0.0,1038.0,0.0,9,0,2,0,2,0,0,51.4231,10.05,96.5,1.0,561.0,3.0,2545.0
2896,51,62.0,0.0,0.0,1038.0,0.0,11,0,0,0,2,0,0,51.0385,9.7,96.15,0.0,561.0,0.0,2545.0
2897,51,62.0,0.0,0.0,1038.0,0.0,10,0,1,0,2,0,0,50.6808,9.35,95.8,0.0,561.0,1.0,2546.0
2898,51,61.0,0.0,1.0,1039.0,0.0,8,1,2,0,2,0,0,50.35,9.0,95.45,0.0,561.0,2.0,2548.0
2899,52,63.0,2.0,0.0,1039.0,0.0,10,0,1,0,2,0,0,50.0192,8.65,95.1,1.0,562.0,2.0,2550.0
2900,52,63.0,0.0,0.0,1039.0,0.0,9,0,2,0,2,0,0,49.6885,8.3,94.75,0.0,562.0,2.0,2552.0
2901,52,63.0,0.0,0.0,1039.0,0.0,11,0,0,0,2,0,0,49.2923,7.95,94.4,0.0,562.0,0.0,2552.0
2902,52,63.0,0.0,0.0,1039.0,0.0,10,0,1,1,1,0,0,48.9115,7.6,94.05,0.0,562.0,1.0,2553.0
2903,52,63.0,0.0,0.0,1039.0,0.0,10,0,1,1,1,0,0,49.2685,7.4,93.7,0.0,562.0,1.0,2554.0
2904,52,62.0,0.0,1.0,1040.0,0.0,8,1,2,1,1,0,0,49.6792,7.05,93.7,1.0,563.0,3.0,2557.0
2905,52,63.0,1.0,0.0,1040.0,0.0,11,0,0,1,1,0,0,49.9977,6.7,93.35,0.0,563.0,0.0,2557.0
2906,52,62.0,0.0,1.0,1041.0,0.0,9,1,1,1,1,0,0,50.3815,6.35,93.35,0.0,563.0,1.0,2558.0
2907,53,64.0,2.0,0.0,1041.0,0.0,11,0,0,1,1,0,0,50.7385,6.0,93.35,1.0,564.0,1.0,2559.0
2908,53,63.0,0.0,1.0,1042.0,0.0,10,1,0,2,0,0,0,51.0569,5.65,93.0,0.0,564.0,0.0,2559.0
2909,52,62.0,0.0,1.0,1043.0,0.0,10,1,0,2,0,0,0,52.1396,15.085,92.65,0.0,564.0,0.0,2559.0
2910,51,61.0,0.0,1.0,1044.0,0.0,9,1,1,2,0,0,0,53.2492,15.8,92.3,0.0,564.0,1.0,2560.0
2911,51,62.0,1.0,0.0,1044.0,0.0,11,0,0,2,0,0,0,54.3435,15.3,91.95,0.0,564.0,0.0,2560.0
2912,50,61.0,0.0,1.0,1045.0,0.0,10,1,1,1,0,0,0,55.4146,14.8,99.65,0.0,564.0,1.0,2561.0
2913,50,61.0,0.0,0.0,1045.0,0.0,9,0,2,1,1,0,0,55.8519,14.45,99.3,1.0,565.0,3.0,2564.0
2914,50,61.0,0.0,0.0,1045.0,0.0,10,0,1,1,1,0,0,56.2238,14.1,98.95,0.0,565.0,1.0,2565.0
2915,52,62.0,2.0,1.0,1046.0,0.0,10,1,0,1,1,0,0,56.5573,13.75,98.6,0.0,565.0,0.0,2565.0
2916,51,62.0,0.0,0.0,1046.0,0.0,11,0,1,1,0,0,0,56.9292,13.75,98.25,0.0,565.0,1.0,2566.0
2917,51,61.0,0.0,1.0,1047.0,0.0,10,1,0,1,1,0,0,57.2742,13.4,97.9,0.0,565.0,0.0,2566.0
2918,49,61.0,0.0,0.0,1047.0,0.0,10,0,2,0,1,0,0,57.6692,13.05,99.65,0.0,565.0,2.0,2568.0
2919,49,61.0,0.0,0.0,1047.0,0.0,11,0,1,0,1,0,0,57.3269,12.7,99.3,1.0,566.0,2.0,2570.0
2920,49,61.0,0.0,0.0,1047.0,0.0,12,0,0,0,1,0,0,56.9192,12.35,98.95,0.0,566.0,0.0,2570.0
2921,50,62.0,1.0,0.0,1047.0,0.0,10,0,2,0,1,0,0,56.5769,12.0,98.6,0.0,566.0,2.0,2572.0
2922,50,62.0,0.0,0.0,1047.0,0.0,11,0,1,0,1,0,0,56.2346,11.65,98.25,1.0,567.0,2.0,2574.0
2923,52,62.0,2.0,2.0,1049.0,0.0,10,2,0,0,1,0,0,55.8269,11.3,97.9,0.0,567.0,0.0,2574.0
2924,50,62.0,0.0,0.0,1049.0,0.0,11,0,1,0,1,0,0,55.4692,10.95,97.55,0.0,567.0,1.0,2575.0
2925,51,63.0,1.0,0.0,1049.0,0.0,12,0,0,0,1,0,0,55.0731,10.6,97.2,0.0,567.0,0.0,2575.0
2926,51,62.0,0.0,1.0,1050.0,0.0,11,1,0,0,1,0,0,54.6769,10.25,96.85,0.0,567.0,0.0,2575.0
2927,50,61.0,0.0,1.0,1051.0,0.0,9,1,2,1,0,0,0,54.3692,9.9,96.5,0.0,567.0,2.0,2577.0
2928,49,61.0,0.0,0.0,1051.0,0.0,11,0,1,1,0,0,0,54.7815,15.9,96.15,1.0,568.0,2.0,2579.0
2929,49,61.0,0.0,0.0,1051.0,0.0,12,0,0,1,0,0,0,55.1054,15.55,95.8,0.0,568.0,0.0,2579.0
2930,49,61.0,0.0,0.0,1051.0,0.0,12,0,0,1,0,0,0,55.4177,15.2,95.45,0.0,568.0,0.0,2579.0
2931,50,62.0,1.0,0.0,1051.0,0.0,11,0,0,1,1,0,0,55.7185,14.85,95.1,0.0,568.0,0.0,2579.0
2932,50,61.0,0.0,1.0,1052.0,0.0,10,1,0,1,1,0,0,56.0192,14.5,94.75,0.0,568.0,0.0,2579.0
2933,50,61.0,0.0,0.0,1052.0,0.0,10,0,1,1,1,0,0,56.3469,14.15,94.4,0.0,568.0,1.0,2580.0
2934,50,60.0,0.0,1.0,1053.0,0.0,9,1,1,1,1,0,0,56.6746,13.8,94.05,0.0,568.0,1.0,2581.0
2935,52,63.0,3.0,0.0,1053.0,0.0,10,0,1,1,1,0,0,57.0254,13.45,93.7,0.0,568.0,1.0,2582.0
2936,52,62.0,0.0,1.0,1054.0,0.0,9,1,1,1,1,0,0,57.3915,13.1,93.35,1.0,569.0,2.0,2584.0
2937,50,62.0,0.0,0.0,1054.0,0.0,11,0,0,0,2,0,0,57.6769,12.75,99.65,0.0,569.0,0.0,2584.0
2938,50,62.0,0.0,0.0,1054.0,0.0,10,0,1,0,2,0,0,57.3077,12.4,99.3,0.0,569.0,1.0,2585.0
2939,51,63.0,1.0,0.0,1054.0,0.0,11,0,0,0,2,0,0,56.9115,12.05,98.95,0.0,569.0,0.0,2585.0
2940,51,63.0,0.0,0.0,1054.0,0.0,11,0,0,0,2,0,0,56.5038,11.7,98.6,0.0,569.0,0.0,2585.0
2941,51,63.0,0.0,0.0,1054.0,0.0,11,0,0,0,2,0,0,56.0962,11.35,98.25,0.0,569.0,0.0,2585.0
2942,51,62.0,0.0,1.0,1055.0,0.0,10,1,0,0,2,0,0,55.6885,11.0,97.9,0.0,569.0,0.0,2585.0
2943,51,62.0,0.0,0.0,1055.0,0.0,11,0,0,0,2,0,0,55.2808,10.65,97.55,0.0,569.0,0.0,2585.0
2944,51,62.0,0.0,0.0,1055.0,0.0,11,0,0,0,2,0,0,54.8731,10.3,97.2,0.0,569.0,0.0,2585.0
2945,52,63.0,1.0,0.0,1055.0,0.0,11,0,0,0,2,0,0,54.4538,9.95,96.85,0.0,569.0,0.0,2585.0
2946,52,63.0,0.0,0.0,1055.0,0.0,10,0,1,0,2,0,0,54.0615,9.6,96.5,0.0,569.0,1.0,2586.0
2947,54,65.0,2.0,0.0,1055.0,0.0,10,0,1,0,2,0,0,53.6692,9.25,96.15,0.0,569.0,1.0,2587.0
2948,54,65.0,0.0,0.0,1055.0,0.0,8,0,3,0,2,0,0,53.3308,8.9,95.65,0.0,569.0,3.0,2590.0
2949,55,64.0,1.0,2.0,1057.0,0.0,7,2,2,0,2,0,0,52.9923,8.55,95.15,1.0,570.0,3.0,2593.0
2950,53,64.0,0.0,0.0,1057.0,0.0,10,0,2,0,1,0,0,52.6385,8.2,94.65,1.0,571.0,2.0,2595.0
2951,53,64.0,0.0,0.0,1057.0,0.0,11,0,0,0,2,0,0,52.2192,7.85,94.15,0.0,571.0,0.0,2595.0
2952,53,63.0,0.0,1.0,1058.0,0.0,10,1,0,0,2,0,0,51.8,7.5,93.65,0.0,571.0,0.0,2595.0
2953,52,63.0,0.0,0.0,1058.0,0.0,11,0,0,0,2,0,0,51.3923,7.15,93.15,0.0,571.0,0.0,2595.0
2954,52,63.0,0.0,0.0,1058.0,0.0,9,0,3,0,1,0,0,51.0885,6.8,93.15,0.0,571.0,3.0,2598.0
2955,54,65.0,2.0,0.0,1058.0,0.0,10,0,2,1,0,0,0,50.7846,6.45,93.15,1.0,572.0,3.0,2601.0
2956,54,65.0,0.0,0.0,1058.0,0.0,10,0,0,1,2,0,0,51.1119,9.3,92.65,0.0,572.0,0.0,2601.0
2957,54,65.0,0.0,0.0,1058.0,0.0,10,0,1,1,1,0,0,51.4662,8.95,92.15,0.0,572.0,1.0,2602.0
2958,54,63.0,0.0,2.0,1060.0,0.0,8,2,0,1,2,0,0,51.7935,8.6,91.65,0.0,572.0,0.0,2602.0
2959,54,64.0,1.0,0.0,1060.0,0.0,9,0,0,1,3,0,0,52.1323,8.25,91.15,0.0,572.0,0.0,2602.0
2960,54,64.0,0.0,0.0,1060.0,0.0,9,0,0,1,3,0,0,52.4712,7.9,90.65,0.0,572.0,0.0,2602.0
2961,54,63.0,0.0,1.0,1061.0,0.0,8,1,0,1,3,0,0,52.81,7.55,90.15,0.0,572.0,0.0,2602.0
2962,54,63.0,0.0,0.0,1061.0,0.0,9,0,0,1,3,0,0,53.1373,7.2,89.65,0.0,572.0,0.0,2602.0
2963,56,64.0,2.0,1.0,1062.0,0.0,8,1,0,1,3,0,0,53.4646,6.85,89.15,0.0,572.0,0.0,2602.0
2964,55,63.0,0.0,1.0,1063.0,0.0,8,1,0,1,3,0,0,53.8035,6.5,90.645,0.0,572.0,0.0,2602.0
2965,54,64.0,1.0,0.0,1063.0,0.0,10,0,0,0,3,0,0,54.1269,6.15,99.65,0.0,572.0,0.0,2602.0
2966,54,62.0,0.0,2.0,1065.0,0.0,8,2,0,0,3,0,0,53.7308,5.8,99.3,0.0,572.0,0.0,2602.0
2967,52,61.0,0.0,1.0,1066.0,0.0,9,1,0,0,3,0,0,53.3577,5.45,98.95,0.0,572.0,0.0,2602.0
2968,51,61.0,0.0,0.0,1066.0,0.0,9,0,1,0,3,0,0,53.0115,5.1,98.6,0.0,572.0,1.0,2603.0
2969,51,60.0,0.0,1.0,1067.0,0.0,7,1,2,0,3,0,0,52.7038,4.75,98.25,0.0,572.0,2.0,2605.0
2970,50,60.0,0.0,0.0,1067.0,0.0,9,0,1,0,3,0,0,52.4077,4.4,97.9,1.0,573.0,2.0,2607.0
2971,52,62.0,2.0,0.0,1067.0,0.0,10,0,0,1,2,0,0,52.0462,4.05,97.55,0.0,573.0,0.0,2607.0
2972,52,62.0,0.0,0.0,1067.0,0.0,10,0,0,2,1,0,0,52.3981,3.7,97.2,0.0,573.0,0.0,2607.0
2973,52,62.0,0.0,0.0,1067.0,0.0,9,0,1,3,0,0,0,53.5446,9.15,96.85,0.0,573.0,1.0,2608.0
2974,52,62.0,0.0,0.0,1067.0,0.0,10,0,0,3,0,0,0,55.39,15.35,96.5,0.0,573.0,0.0,2608.0
2975,53,63.0,1.0,0.0,1067.0,0.0,10,0,0,3,0,0,0,57.2354,15.0,96.15,0.0,573.0,0.0,2608.0
2976,53,62.0,0.0,1.0,1068.0,0.0,5,1,3,3,1,0,0,59.1615,14.65,95.8,0.0,573.0,3.0,2611.0
2977,53,63.0,1.0,0.0,1068.0,0.0,6,0,3,3,1,0,0,61.1146,14.3,95.45,1.0,574.0,4.0,2615.0
2978,53,63.0,0.0,0.0,1068.0,0.0,9,0,1,3,0,0,0,63.0023,14.3,95.1,1.0,575.0,2.0,2617.0
2979,54,64.0,1.0,0.0,1068.0,0.0,9,0,0,3,1,0,0,64.8246,13.95,94.75,0.0,575.0,0.0,2617.0
2980,54,64.0,0.0,0.0,1068.0,0.0,9,0,0,3,1,0,0,66.6469,13.6,94.4,0.0,575.0,0.0,2617.0
2981,54,64.0,0.0,0.0,1068.0,0.0,10,0,0,2,1,0,0,68.4423,13.25,99.65,0.0,575.0,0.0,2617.0
2982,53,64.0,0.0,0.0,1068.0,0.0,11,0,0,1,1,0,0,69.5127,12.9,99.65,0.0,575.0,0.0,2617.0
2983,53,65.0,1.0,0.0,1068.0,0.0,11,0,1,0,1,0,0,69.8308,12.55,100.0,0.0,575.0,1.0,2618.0
2984,53,63.0,0.0,2.0,1070.0,0.0,10,2,0,0,1,0,0,69.4231,12.2,99.65,0.0,575.0,0.0,2618.0
2985,52,63.0,1.0,1.0,1071.0,0.0,11,1,0,0,1,0,0,69.0269,11.85,99.3,0.0,575.0,0.0,2618.0
2986,51,63.0,0.0,0.0,1071.0,0.0,12,0,0,0,1,0,0,68.6308,11.5,98.95,0.0,575.0,0.0,2618.0
2987,52,64.0,1.0,0.0,1071.0,0.0,12,0,0,0,1,0,0,68.2346,11.15,98.6,0.0,575.0,0.0,2618.0
2988,52,64.0,0.0,0.0,1071.0,0.0,10,0,2,0,1,0,0,67.8923,10.8,98.25,0.0,575.0,2.0,2620.0
2989,52,64.0,0.0,0.0,1071.0,0.0,11,0,1,0,1,0,0,67.5385,10.45,97.9,1.0,576.0,2.0,2622.0
2990,52,63.0,0.0,1.0,1072.0,0.0,11,1,0,0,1,0,0,67.1308,10.1,97.55,0.0,576.0,0.0,2622.0
2991,52,64.0,1.0,0.0,1072.0,0.0,12,0,0,0,1,0,0,66.75,9.75,97.2,0.0,576.0,0.0,2622.0
2992,52,64.0,0.0,0.0,1072.0,0.0,12,0,0,0,1,0,0,66.3423,9.4,96.85,0.0,576.0,0.0,2622.0
2993,52,62.0,0.0,2.0,1074.0,0.0,8,2,2,1,0,0,0,65.9885,9.05,96.5,0.0,576.0,2.0,2624.0
2994,50,61.0,0.0,1.0,1075.0,0.0,10,1,1,1,0,0,0,66.3842,18.145,96.15,1.0,577.0,2.0,2626.0
2995,52,64.0,3.0,0.0,1075.0,0.0,12,0,0,1,0,0,0,66.7146,27.24,95.65,0.0,577.0,0.0,2626.0
2996,52,64.0,0.0,0.0,1075.0,0.0,12,0,0,1,0,0,0,67.045,36.335,95.15,0.0,577.0,0.0,2626.0
2997,52,63.0,0.0,1.0,1076.0,0.0,11,1,0,1,0,0,0,67.3754,45.43,94.65,0.0,577.0,0.0,2626.0
2998,51,63.0,0.0,0.0,1076.0,0.0,11,0,1,1,0,0,0,67.7558,45.1,94.65,0.0,577.0,1.0,2627.0
2999,51,62.0,0.0,1.0,1077.0,0.0,10,1,1,1,0,0,0,68.1631,44.75,94.65,1.0,578.0,2.0,2629.0
3000,50,62.0,0.0,0.0,1077.0,0.0,11,0,1,1,0,0,0,68.5435,44.4,94.15,0.0,578.0,1.0,2630.0
3001,50,62.0,0.0,0.0,1077.0,0.0,12,0,0,1,0,0,0,68.9238,44.05,93.65,1.0,579.0,1.0,2631.0
3002,50,62.0,0.0,0.0,1077.0,0.0,12,0,0,1,0,0,0,69.2658,43.7,93.15,0.0,579.0,0.0,2631.0
3003,50,63.0,1.0,0.0,1077.0,0.0,12,0,1,0,0,0,0,69.6192,43.35,99.65,0.0,579.0,1.0,2632.0
3004,50,63.0,0.0,0.0,1077.0,0.0,12,0,1,0,0,0,0,69.25,43.0,99.3,0.0,579.0,1.0,2633.0
3005,52,65.0,2.0,0.0,1077.0,0.0,13,0,0,0,0,0,0,68.8423,42.65,98.95,0.0,579.0,0.0,2633.0
3006,52,65.0,0.0,0.0,1077.0,0.0,13,0,0,0,0,0,0,68.4115,42.3,98.6,0.0,579.0,0.0,2633.0
3007,53,65.0,1.0,1.0,1078.0,0.0,9,1,3,0,0,0,0,68.0731,42.3,98.25,0.0,579.0,3.0,2636.0
3008,52,65.0,0.0,0.0,1078.0,0.0,12,0,1,0,0,0,0,67.7346,42.3,97.9,2.0,581.0,3.0,2639.0
3009,52,65.0,0.0,0.0,1078.0,0.0,12,0,1,0,0,0,0,67.3423,41.95,97.55,0.0,581.0,1.0,2640.0
3010,52,62.0,0.0,3.0,1081.0,0.0,10,3,0,0,0,0,0,66.8885,41.6,97.2,0.0,581.0,0.0,2640.0
3011,50,63.0,1.0,0.0,1081.0,0.0,12,0,1,0,0,0,0,66.5077,41.25,96.85,0.0,581.0,1.0,2641.0
3012,50,63.0,0.0,0.0,1081.0,0.0,13,0,0,0,0,0,0,66.0769,40.9,96.5,0.0,581.0,0.0,2641.0
3013,50,62.0,0.0,1.0,1082.0,0.0,9,1,3,0,0,0,0,65.7385,40.55,96.15,0.0,581.0,3.0,2644.0
3014,49,61.0,0.0,1.0,1083.0,0.0,9,1,3,0,0,0,0,65.4769,40.2,96.15,2.0,583.0,5.0,2649.0
3015,49,62.0,1.0,0.0,1083.0,0.0,12,0,1,0,0,0,0,65.1346,39.85,96.15,1.0,584.0,2.0,2651.0
3016,49,61.0,0.0,1.0,1084.0,0.0,12,1,0,0,0,0,0,64.7269,39.5,95.8,0.0,584.0,0.0,2651.0
3017,48,61.0,0.0,0.0,1084.0,0.0,13,0,0,0,0,0,0,64.3308,39.15,95.45,0.0,584.0,0.0,2651.0
3018,48,60.0,0.0,1.0,1085.0,0.0,12,1,0,0,0,0,0,63.9346,38.8,95.1,0.0,584.0,0.0,2651.0
3019,50,63.0,3.0,0.0,1085.0,0.0,13,0,0,0,0,0,0,63.5385,38.45,94.75,0.0,584.0,0.0,2651.0
3020,50,63.0,0.0,0.0,1085.0,0.0,11,0,2,0,0,0,0,63.1846,38.1,94.4,0.0,584.0,2.0,2653.0
3021,50,63.0,0.0,0.0,1085.0,0.0,12,0,1,0,0,0,0,62.8308,37.75,94.05,1.0,585.0,2.0,2655.0
3022,50,63.0,0.0,0.0,1085.0,0.0,13,0,0,0,0,0,0,62.45,37.4,93.7,1.0,586.0,1.0,2656.0
3023,50,63.0,0.0,0.0,1085.0,0.0,13,0,0,0,0,0,0,62.0423,37.05,93.35,0.0,586.0,0.0,2656.0
3024,50,63.0,0.0,0.0,1085.0,0.0,12,0,1,0,0,0,0,61.6615,36.7,93.0,0.0,586.0,1.0,2657.0
3025,51,63.0,1.0,1.0,1086.0,0.0,11,1,1,0,0,0,0,61.2577,36.35,92.65,0.0,586.0,1.0,2658.0
3026,50,61.0,0.0,2.0,1088.0,0.0,11,2,0,0,0,0,0,60.8269,35.85,92.3,0.0,586.0,0.0,2658.0
3027,49,62.0,1.0,0.0,1088.0,0.0,13,0,0,0,0,0,0,60.4077,35.35,91.95,0.0,586.0,0.0,2658.0
3028,49,62.0,0.0,0.0,1088.0,0.0,13,0,0,0,0,0,0,59.9885,34.85,91.6,0.0,586.0,0.0,2658.0
3029,49,62.0,0.0,0.0,1088.0,0.0,13,0,0,0,0,0,0,59.5692,34.35,91.25,0.0,586.0,0.0,2658.0
3030,49,60.0,0.0,2.0,1090.0,0.0,10,2,1,0,0,0,0,59.1885,33.85,90.9,0.0,586.0,1.0,2659.0
3031,48,61.0,1.0,0.0,1090.0,0.0,10,0,3,0,0,0,0,58.9346,33.5,90.55,1.0,587.0,4.0,2663.0
3032,48,61.0,0.0,0.0,1090.0,0.0,11,0,2,0,0,0,0,58.6423,33.15,90.2,1.0,588.0,3.0,2666.0
3033,49,62.0,1.0,0.0,1090.0,0.0,11,0,2,0,0,0,0,58.3269,32.8,90.2,0.0,588.0,2.0,2668.0
3034,49,62.0,0.0,0.0,1090.0,0.0,13,0,0,0,0,0,0,58.0115,32.45,90.2,2.0,590.0,2.0,2670.0
3035,51,64.0,2.0,0.0,1090.0,0.0,13,0,0,0,0,0,0,57.5923,32.1,89.85,0.0,590.0,0.0,2670.0
3036,51,64.0,0.0,0.0,1090.0,0.0,12,0,1,0,0,0,0,57.1885,31.6,89.5,0.0,590.0,1.0,2671.0
3037,51,62.0,0.0,2.0,1092.0,0.0,11,2,0,0,0,0,0,56.7462,31.1,89.15,0.0,590.0,0.0,2671.0
3038,49,61.0,0.0,1.0,1093.0,0.0,12,1,0,0,0,0,0,56.3269,30.6,88.8,0.0,590.0,0.0,2671.0
3039,48,61.0,0.0,0.0,1093.0,0.0,13,0,0,0,0,0,0,55.8962,30.1,88.3,0.0,590.0,0.0,2671.0
3040,48,61.0,0.0,0.0,1093.0,0.0,12,0,1,0,0,0,0,55.5038,29.6,87.8,0.0,590.0,1.0,2672.0
3041,48,61.0,0.0,0.0,1093.0,0.0,10,0,3,0,0,0,0,55.2154,29.1,87.8,1.0,591.0,4.0,2676.0
3042,48,61.0,0.0,0.0,1093.0,0.0,10,0,3,0,0,0,0,54.9038,28.6,87.8,1.0,592.0,4.0,2680.0
3043,50,63.0,2.0,0.0,1093.0,0.0,11,0,2,0,0,0,0,54.5654,28.1,87.3,1.0,593.0,3.0,2683.0
3044,50,63.0,0.0,0.0,1093.0,0.0,12,0,1,0,0,0,0,54.15,27.6,86.8,0.0,593.0,1.0,2684.0
3045,51,64.0,1.0,0.0,1093.0,0.0,13,0,0,0,0,0,0,53.7077,27.1,86.3,0.0,593.0,0.0,2684.0
3046,51,63.0,0.0,1.0,1094.0,0.0,10,1,2,0,0,0,0,53.3192,27.05,85.8,0.0,593.0,2.0,2686.0
3047,51,63.0,1.0,1.0,1095.0,0.0,11,1,1,0,0,0,0,52.9423,26.55,85.3,1.0,594.0,2.0,2688.0
3048,50,62.0,0.0,1.0,1096.0,0.0,12,1,0,0,0,0,0,52.5115,26.05,84.8,0.0,594.0,0.0,2688.0
3049,49,61.0,0.0,1.0,1097.0,0.0,11,1,1,0,0,0,0,52.1308,25.55,84.3,0.0,594.0,1.0,2689.0
3050,48,61.0,0.0,0.0,1097.0,0.0,13,0,0,0,0,0,0,51.7231,25.05,83.8,0.0,594.0,0.0,2689.0
3051,49,62.0,1.0,0.0,1097.0,0.0,13,0,0,0,0,0,0,51.3154,24.55,83.3,0.0,594.0,0.0,2689.0
3052,49,62.0,0.0,0.0,1097.0,0.0,13,0,0,0,0,0,0,50.8962,24.05,82.8,0.0,594.0,0.0,2689.0
3053,49,60.0,0.0,2.0,1099.0,0.0,11,2,0,0,0,0,0,50.4769,23.55,82.3,0.0,594.0,0.0,2689.0
3054,47,59.0,0.0,1.0,1100.0,0.0,12,1,0,0,0,0,0,50.0808,23.2,81.95,0.0,594.0,0.0,2689.0
3055,48,61.0,2.0,0.0,1100.0,0.0,12,0,1,0,0,0,0,49.7231,22.85,81.6,0.0,594.0,1.0,2690.0
3056,48,61.0,0.0,0.0,1100.0,0.0,13,0,0,0,0,0,0,49.3154,22.5,81.25,0.0,594.0,0.0,2690.0
3057,48,61.0,0.0,0.0,1100.0,0.0,13,0,0,0,0,0,0,48.9077,22.15,80.9,0.0,594.0,0.0,2690.0
3058,48,61.0,0.0,0.0,1100.0,0.0,13,0,0,0,0,0,0,48.5,21.8,80.55,0.0,594.0,0.0,2690.0
3059,49,62.0,1.0,0.0,1100.0,0.0,13,0,0,0,0,0,0,48.0923,21.45,80.2,0.0,594.0,0.0,2690.0
3060,49,61.0,0.0,1.0,1101.0,0.0,10,1,2,0,0,0,0,47.7385,21.1,79.85,0.0,594.0,2.0,2692.0
3061,49,62.0,1.0,0.0,1101.0,0.0,12,0,1,0,0,0,0,47.3962,20.6,79.5,1.0,595.0,2.0,2694.0
3062,49,61.0,0.0,1.0,1102.0,0.0,12,1,0,0,0,0,0,46.9885,20.1,79.15,0.0,595.0,0.0,2694.0
3063,48,60.0,0.0,1.0,1103.0,0.0,12,1,0,0,0,0,0,46.5808,19.6,78.8,0.0,595.0,0.0,2694.0
3064,47,60.0,0.0,0.0,1103.0,0.0,12,0,1,0,0,0,0,46.2115,19.1,78.45,0.0,595.0,1.0,2695.0
3065,48,60.0,1.0,1.0,1104.0,0.0,9,1,3,0,0,0,0,45.9077,18.6,78.1,0.0,595.0,3.0,2698.0
3066,48,60.0,0.0,0.0,1104.0,0.0,11,1,1,0,0,0,0,45.6308,18.6,77.75,2.0,597.0,3.0,2701.0
3067,49,62.0,2.0,0.0,1104.0,0.0,13,0,0,0,0,0,0,45.2231,18.25,77.25,0.0,597.0,0.0,2701.0
3068,49,62.0,0.0,0.0,1104.0,0.0,13,0,0,0,0,0,0,44.8154,17.9,76.75,0.0,597.0,0.0,2701.0
3069,49,62.0,0.0,0.0,1104.0,0.0,13,0,0,0,0,0,0,44.4077,17.55,76.25,0.0,597.0,0.0,2701.0
3070,49,62.0,0.0,0.0,1104.0,0.0,11,0,2,0,0,0,0,44.0769,17.2,75.75,0.0,597.0,2.0,2703.0
3071,49,62.0,0.0,0.0,1104.0,0.0,12,0,1,0,0,0,0,43.7346,16.85,75.25,1.0,598.0,2.0,2705.0
3072,49,61.0,0.0,1.0,1105.0,0.0,12,1,0,0,0,0,0,43.2923,16.5,74.75,0.0,598.0,0.0,2705.0
3073,48,61.0,0.0,0.0,1105.0,0.0,12,0,1,0,0,0,0,42.8885,16.15,74.4,0.0,598.0,1.0,2706.0
3074,48,59.0,0.0,2.0,1107.0,0.0,10,2,1,0,0,0,0,42.4731,15.8,74.4,0.0,598.0,1.0,2707.0
3075,49,62.0,3.0,0.0,1107.0,0.0,13,0,0,0,0,0,0,42.0423,15.45,74.05,0.0,598.0,0.0,2707.0
3076,49,62.0,0.0,0.0,1107.0,0.0,13,0,0,0,0,0,0,41.6115,15.1,73.7,0.0,598.0,0.0,2707.0
3077,49,61.0,0.0,1.0,1108.0,0.0,10,1,1,0,1,0,0,41.1962,14.6,73.35,0.0,598.0,1.0,2708.0
3078,49,60.0,0.0,1.0,1109.0,0.0,11,1,0,0,1,0,0,40.7654,14.25,73.0,0.0,598.0,0.0,2708.0
3079,49,61.0,1.0,0.0,1109.0,0.0,10,0,1,0,2,0,0,40.3731,13.9,72.65,0.0,598.0,1.0,2709.0
3080,49,60.0,0.0,1.0,1110.0,0.0,9,1,1,0,2,0,0,40.0308,13.55,72.3,1.0,599.0,2.0,2711.0
3081,49,59.0,0.0,1.0,1111.0,0.0,10,1,0,0,2,0,0,39.6346,13.2,71.95,0.0,599.0,0.0,2711.0
3082,49,57.0,0.0,2.0,1113.0,0.0,8,3,0,0,2,0,0,39.2769,12.85,71.6,0.0,599.0,0.0,2711.0
3083,48,58.0,1.0,0.0,1113.0,0.0,10,1,0,0,2,0,0,38.9423,12.5,71.25,0.0,599.0,0.0,2711.0
3084,48,58.0,0.0,0.0,1113.0,0.0,10,1,0,0,2,0,0,38.6077,12.15,70.9,0.0,599.0,0.0,2711.0
3085,49,59.0,1.0,0.0,1113.0,0.0,10,1,0,0,2,0,0,38.2731,11.8,70.55,0.0,599.0,0.0,2711.0
3086,49,59.0,0.0,0.0,1113.0,0.0,10,1,0,0,2,0,0,37.9385,11.45,70.2,0.0,599.0,0.0,2711.0
3087,49,59.0,0.0,0.0,1113.0,0.0,10,1,0,0,2,0,0,37.5923,11.1,69.85,0.0,599.0,0.0,2711.0
3088,49,59.0,0.0,0.0,1113.0,0.0,10,1,0,0,2,0,0,37.2462,10.75,69.5,0.0,599.0,0.0,2711.0
3089,49,60.0,1.0,0.0,1113.0,0.0,11,0,0,1,1,0,0,36.8731,10.4,69.15,0.0,599.0,0.0,2711.0
3090,49,60.0,0.0,0.0,1113.0,0.0,11,0,0,1,1,0,0,37.2046,10.85,68.8,0.0,599.0,0.0,2711.0
3091,51,62.0,2.0,0.0,1113.0,0.0,10,0,1,1,1,0,0,37.5631,10.5,68.45,0.0,599.0,1.0,2712.0
3092,51,62.0,0.0,0.0,1113.0,0.0,11,0,0,1,1,0,0,37.8831,10.15,67.95,0.0,599.0,0.0,2712.0
3093,51,61.0,0.0,1.0,1114.0,0.0,10,1,0,1,1,0,0,38.2031,9.8,67.45,0.0,599.0,0.0,2712.0
3094,50,61.0,0.0,0.0,1114.0,0.0,10,0,0,1,2,0,0,38.5115,9.45,66.95,0.0,599.0,0.0,2712.0
3095,51,62.0,1.0,0.0,1114.0,0.0,9,0,0,1,3,0,0,38.82,9.1,66.45,0.0,599.0,0.0,2712.0
3096,51,60.0,0.0,2.0,1116.0,0.0,7,2,1,1,2,0,0,39.1669,8.75,73.12,0.0,599.0,1.0,2713.0
3097,51,60.0,0.0,0.0,1116.0,0.0,9,0,0,1,3,0,0,39.4985,8.4,82.08,0.0,599.0,0.0,2713.0
3098,51,60.0,0.0,0.0,1116.0,0.0,9,0,0,1,3,0,0,39.83,8.05,91.04,0.0,599.0,0.0,2713.0
3099,51,61.0,1.0,0.0,1116.0,0.0,10,0,0,0,3,0,0,40.1231,7.7,99.65,0.0,599.0,0.0,2713.0
3100,51,60.0,0.0,1.0,1117.0,0.0,9,1,0,0,3,0,0,39.7154,7.35,99.3,0.0,599.0,0.0,2713.0
3101,50,60.0,0.0,0.0,1117.0,0.0,10,0,0,0,3,0,0,39.3077,7.0,98.95,0.0,599.0,0.0,2713.0
3102,50,60.0,0.0,0.0,1117.0,0.0,10,0,0,0,3,0,0,38.9,6.65,98.6,0.0,599.0,0.0,2713.0
3103,52,62.0,2.0,0.0,1117.0,0.0,10,0,0,0,3,0,0,38.4923,6.3,98.25,0.0,599.0,0.0,2713.0
3104,52,62.0,0.0,0.0,1117.0,0.0,7,0,3,0,3,0,0,38.1654,5.95,97.9,0.0,599.0,3.0,2716.0
3105,53,63.0,1.0,0.0,1117.0,0.0,8,0,2,0,3,0,0,37.8385,5.6,97.55,1.0,600.0,3.0,2719.0
3106,53,61.0,0.0,2.0,1119.0,0.0,8,2,0,0,3,0,0,37.4192,5.25,97.2,0.0,600.0,0.0,2719.0
3107,52,61.0,1.0,1.0,1120.0,0.0,9,1,0,0,3,0,0,37.0231,4.9,96.85,0.0,600.0,0.0,2719.0
3108,51,60.0,0.0,1.0,1121.0,0.0,9,1,0,0,3,0,0,36.6385,4.55,96.5,0.0,600.0,0.0,2719.0
3109,50,60.0,0.0,0.0,1121.0,0.0,10,0,0,1,2,0,0,36.2654,4.2,96.15,0.0,600.0,0.0,2719.0
3110,50,60.0,0.0,0.0,1121.0,0.0,10,0,0,2,1,0,0,36.6031,3.85,95.8,0.0,600.0,0.0,2719.0
3111,50,60.0,0.0,0.0,1121.0,0.0,10,0,0,2,1,0,0,37.6958,9.35,95.45,0.0,600.0,0.0,2719.0
3112,50,60.0,0.0,0.0,1121.0,0.0,8,0,1,3,1,0,0,38.8038,9.0,95.45,0.0,600.0,1.0,2720.0
3113,50,60.0,0.0,0.0,1121.0,0.0,9,0,0,3,1,0,0,40.6235,14.5,95.1,0.0,600.0,0.0,2720.0
3114,50,60.0,0.0,0.0,1121.0,0.0,9,0,0,3,1,0,0,42.4315,14.15,94.75,0.0,600.0,0.0,2720.0
3115,53,61.0,3.0,2.0,1123.0,0.0,7,2,0,3,1,0,0,44.2396,13.8,94.4,0.0,600.0,0.0,2720.0
3116,52,60.0,0.0,1.0,1124.0,0.0,7,1,1,3,1,0,0,46.0977,13.45,94.05,0.0,600.0,1.0,2721.0
3117,52,61.0,1.0,0.0,1124.0,0.0,9,0,0,3,1,0,0,47.9404,13.1,93.7,0.0,600.0,0.0,2721.0
3118,52,61.0,0.0,0.0,1124.0,0.0,9,0,0,3,1,0,0,49.7831,12.75,93.35,0.0,600.0,0.0,2721.0
3119,51,61.0,0.0,0.0,1124.0,0.0,8,0,2,2,1,0,0,51.6412,12.4,99.65,0.0,600.0,2.0,2723.0
3120,50,61.0,0.0,0.0,1124.0,0.0,9,0,2,1,1,0,0,52.8154,12.05,99.65,1.0,601.0,3.0,2726.0
3121,50,61.0,0.0,0.0,1124.0,0.0,11,0,0,1,1,0,0,53.1577,11.7,99.3,0.0,601.0,0.0,2726.0
3122,49,61.0,0.0,0.0,1124.0,0.0,11,0,0,0,2,0,0,53.4731,11.35,99.65,0.0,601.0,0.0,2726.0
3123,50,62.0,1.0,0.0,1124.0,0.0,8,0,3,0,2,0,0,53.1692,11.0,99.3,0.0,601.0,3.0,2729.0
3124,50,62.0,0.0,0.0,1124.0,0.0,10,0,1,0,2,0,0,52.8385,10.65,98.95,1.0,602.0,2.0,2731.0
3125,51,63.0,1.0,0.0,1124.0,0.0,10,0,1,0,2,0,0,52.4808,10.3,98.6,0.0,602.0,1.0,2732.0
3126,51,63.0,0.0,0.0,1124.0,0.0,10,0,1,1,1,0,0,52.15,9.95,98.25,1.0,603.0,2.0,2734.0
3127,52,64.0,1.0,0.0,1124.0,0.0,11,0,0,1,1,0,0,52.485,13.05,97.9,0.0,603.0,0.0,2734.0
3128,52,63.0,0.0,1.0,1125.0,0.0,9,1,1,1,1,0,0,52.8585,12.7,97.55,0.0,603.0,1.0,2735.0
3129,51,63.0,0.0,0.0,1125.0,0.0,11,0,0,1,1,0,0,53.205,12.35,97.2,0.0,603.0,0.0,2735.0
3130,51,63.0,0.0,0.0,1125.0,0.0,11,0,0,1,1,0,0,53.5515,12.0,96.85,0.0,603.0,0.0,2735.0
3131,53,65.0,2.0,0.0,1125.0,0.0,11,0,0,1,1,0,0,53.875,11.65,96.5,0.0,603.0,0.0,2735.0
3132,53,63.0,0.0,2.0,1127.0,0.0,9,2,0,1,1,0,0,54.1985,11.3,96.15,0.0,603.0,0.0,2735.0
3133,51,63.0,0.0,0.0,1127.0,0.0,11,0,0,1,1,0,0,54.545,10.95,95.8,0.0,603.0,0.0,2735.0
3134,51,62.0,0.0,1.0,1128.0,0.0,9,1,1,2,0,0,0,54.9185,10.6,95.45,0.0,603.0,1.0,2736.0
3135,51,63.0,1.0,0.0,1128.0,0.0,9,0,2,2,0,0,0,56.045,15.0,95.1,0.0,603.0,2.0,2738.0
3136,51,63.0,0.0,0.0,1128.0,0.0,10,0,1,1,1,0,0,57.1331,14.65,99.65,1.0,604.0,2.0,2740.0
3137,51,62.0,0.0,1.0,1129.0,0.0,10,1,0,1,1,0,0,57.4746,14.3,99.3,0.0,604.0,0.0,2740.0
3138,51,61.0,0.0,1.0,1130.0,0.0,9,1,1,1,1,0,0,57.8431,13.95,98.95,0.0,604.0,1.0,2741.0
3139,52,63.0,2.0,0.0,1130.0,0.0,11,0,1,1,0,0,0,58.2269,13.95,98.6,1.0,605.0,2.0,2743.0
3140,52,63.0,0.0,0.0,1130.0,0.0,9,0,2,1,1,0,0,58.6223,13.6,98.25,0.0,605.0,2.0,2745.0
3141,52,62.0,0.0,1.0,1131.0,0.0,9,1,1,1,1,0,0,59.0062,13.25,97.9,1.0,606.0,2.0,2747.0
3142,51,62.0,0.0,0.0,1131.0,0.0,11,0,0,1,1,0,0,59.3362,12.9,97.55,0.0,606.0,0.0,2747.0
3143,51,62.0,0.0,0.0,1131.0,0.0,10,0,1,1,1,0,0,59.7315,12.55,97.2,0.0,606.0,1.0,2748.0
3144,50,62.0,0.0,0.0,1131.0,0.0,12,0,0,0,1,0,0,60.1,12.2,99.65,1.0,607.0,1.0,2749.0
3145,52,64.0,2.0,0.0,1131.0,0.0,12,0,0,0,1,0,0,59.7038,11.85,99.3,0.0,607.0,0.0,2749.0
3146,52,64.0,0.0,0.0,1131.0,0.0,12,0,0,0,1,0,0,59.3077,11.5,98.95,0.0,607.0,0.0,2749.0
3147,53,64.0,1.0,1.0,1132.0,0.0,11,1,0,0,1,0,0,58.9115,11.15,98.6,0.0,607.0,0.0,2749.0
3148,52,64.0,0.0,0.0,1132.0,0.0,10,0,2,0,1,0,0,58.5808,10.8,98.25,0.0,607.0,2.0,2751.0
3149,52,64.0,0.0,0.0,1132.0,0.0,11,0,1,0,1,0,0,58.2269,10.45,97.9,1.0,608.0,2.0,2753.0
3150,52,64.0,0.0,0.0,1132.0,0.0,12,0,0,0,1,0,0,57.8077,10.1,97.55,0.0,608.0,0.0,2753.0
3151,53,65.0,1.0,0.0,1132.0,0.0,12,0,0,0,1,0,0,57.3885,9.75,97.2,0.0,608.0,0.0,2753.0
3152,53,65.0,0.0,0.0,1132.0,0.0,10,0,2,0,1,0,0,57.0462,9.4,96.85,0.0,608.0,2.0,2755.0
3153,53,65.0,0.0,0.0,1132.0,0.0,11,0,1,0,1,0,0,56.7038,9.05,96.5,1.0,609.0,2.0,2757.0
3154,53,63.0,0.0,2.0,1134.0,0.0,10,2,0,0,1,0,0,56.2846,8.7,96.15,0.0,609.0,0.0,2757.0
3155,53,65.0,2.0,0.0,1134.0,0.0,12,0,0,0,1,0,0,55.8885,8.35,95.8,0.0,609.0,0.0,2757.0
3156,53,65.0,0.0,0.0,1134.0,0.0,12,0,0,0,1,0,0,55.4808,8.0,95.45,0.0,609.0,0.0,2757.0
3157,53,64.0,0.0,1.0,1135.0,0.0,11,1,0,0,1,0,0,55.0731,7.65,95.1,0.0,609.0,0.0,2757.0
3158,52,64.0,0.0,0.0,1135.0,0.0,10,0,2,1,0,0,0,54.7308,7.3,94.75,0.0,609.0,2.0,2759.0
3159,53,65.0,1.0,0.0,1135.0,0.0,10,0,2,1,0,0,0,55.1938,15.95,94.4,2.0,611.0,4.0,2763.0
3160,53,65.0,0.0,0.0,1135.0,0.0,12,0,0,1,0,0,0,55.5377,15.6,94.05,0.0,611.0,0.0,2763.0
3161,53,65.0,0.0,0.0,1135.0,0.0,12,0,0,1,0,0,0,55.8815,15.25,93.7,0.0,611.0,0.0,2763.0
3162,53,63.0,0.0,2.0,1137.0,0.0,9,2,1,1,0,0,0,56.2408,15.25,93.35,0.0,611.0,1.0,2764.0
3163,53,64.0,2.0,1.0,1138.0,0.0,10,1,0,1,1,0,0,56.5731,14.9,93.0,0.0,611.0,0.0,2764.0
3164,53,64.0,0.0,0.0,1138.0,0.0,10,0,1,1,1,0,0,56.9438,14.55,92.65,0.0,611.0,1.0,2765.0
3165,54,64.0,1.0,1.0,1139.0,0.0,9,1,1,1,1,0,0,57.3415,14.2,92.3,1.0,612.0,2.0,2767.0
3166,53,64.0,0.0,0.0,1139.0,0.0,10,0,1,1,1,0,0,57.7008,13.85,91.8,0.0,612.0,1.0,2768.0
3167,53,64.0,0.0,0.0,1139.0,0.0,9,0,2,1,1,0,0,58.1523,13.5,91.8,1.0,613.0,3.0,2771.0
3168,52,63.0,0.0,1.0,1140.0,0.0,11,1,0,0,1,0,0,58.4846,13.15,99.65,1.0,614.0,1.0,2772.0
3169,51,63.0,0.0,0.0,1140.0,0.0,12,0,0,0,1,0,0,58.0885,12.8,99.3,0.0,614.0,0.0,2772.0
3170,51,63.0,0.0,0.0,1140.0,0.0,10,0,2,0,1,0,0,57.7577,12.45,98.95,0.0,614.0,2.0,2774.0
3171,52,64.0,1.0,0.0,1140.0,0.0,11,0,1,0,1,0,0,57.4269,12.1,98.6,1.0,615.0,2.0,2776.0
3172,52,63.0,0.0,1.0,1141.0,0.0,11,1,0,0,1,0,0,57.0308,11.75,98.25,0.0,615.0,0.0,2776.0
3173,52,63.0,1.0,1.0,1142.0,0.0,11,1,0,0,1,0,0,56.6462,11.4,97.9,0.0,615.0,0.0,2776.0
3174,51,63.0,0.0,0.0,1142.0,0.0,12,0,0,0,1,0,0,56.2731,11.05,97.55,0.0,615.0,0.0,2776.0
3175,53,65.0,2.0,0.0,1142.0,0.0,12,0,0,0,1,0,0,55.9,10.7,97.2,0.0,615.0,0.0,2776.0
3176,53,65.0,0.0,0.0,1142.0,0.0,11,0,1,0,1,0,0,55.5308,10.35,96.85,0.0,615.0,1.0,2777.0
3177,53,64.0,0.0,1.0,1143.0,0.0,10,1,1,0,1,0,0,55.1885,10.0,96.5,1.0,616.0,2.0,2779.0
3178,52,64.0,0.0,0.0,1143.0,0.0,12,0,0,0,1,0,0,54.7923,9.65,96.15,0.0,616.0,0.0,2779.0
3179,53,65.0,1.0,0.0,1143.0,0.0,12,0,0,1,0,0,0,54.4231,9.3,95.8,0.0,616.0,0.0,2779.0
3180,53,64.0,0.0,1.0,1144.0,0.0,9,1,2,1,0,0,0,54.8438,15.65,95.45,0.0,616.0,2.0,2781.0
3181,52,64.0,0.0,0.0,1144.0,0.0,10,0,2,1,0,0,0,55.3031,15.3,95.1,1.0,617.0,3.0,2784.0
3182,52,64.0,0.0,0.0,1144.0,0.0,11,0,0,1,1,0,0,55.6969,14.95,94.75,1.0,618.0,1.0,2785.0
3183,52,64.0,0.0,0.0,1144.0,0.0,10,0,1,1,1,0,0,56.0792,14.6,94.4,0.0,618.0,1.0,2786.0
3184,52,64.0,0.0,0.0,1144.0,0.0,10,0,1,1,1,0,0,56.4731,14.25,94.05,0.0,618.0,1.0,2787.0
3185,53,65.0,1.0,0.0,1144.0,0.0,9,0,2,1,1,0,0,56.8938,13.9,94.05,0.0,618.0,2.0,2789.0
3186,53,65.0,0.0,0.0,1144.0,0.0,9,0,3,1,0,0,0,57.3531,13.9,94.05,1.0,619.0,4.0,2793.0
3187,56,68.0,3.0,0.0,1144.0,0.0,10,0,2,1,0,0,0,57.7508,13.9,93.7,1.0,620.0,3.0,2796.0
3188,56,68.0,0.0,0.0,1144.0,0.0,11,0,0,1,1,0,0,58.0562,13.55,93.35,0.0,620.0,0.0,2796.0
3189,55,67.0,0.0,1.0,1145.0,0.0,11,1,1,0,0,0,0,58.3615,13.55,99.65,0.0,620.0,1.0,2797.0
3190,54,67.0,0.0,0.0,1145.0,0.0,12,0,0,0,1,0,0,57.9538,13.2,99.3,0.0,620.0,0.0,2797.0
3191,54,67.0,0.0,0.0,1145.0,0.0,10,0,2,0,1,0,0,57.6115,12.85,98.95,0.0,620.0,2.0,2799.0
3192,54,67.0,0.0,0.0,1145.0,0.0,10,0,2,0,1,0,0,57.3077,12.5,98.6,1.0,621.0,3.0,2802.0
3193,54,67.0,0.0,0.0,1145.0,0.0,11,0,1,0,1,0,0,56.9154,12.15,98.25,0.0,621.0,1.0,2803.0
3194,54,66.0,0.0,1.0,1146.0,0.0,9,1,2,0,1,0,0,56.55,11.8,97.9,0.0,621.0,2.0,2805.0
3195,55,68.0,2.0,0.0,1146.0,0.0,10,0,3,0,0,0,0,56.2615,11.8,97.55,1.0,622.0,4.0,2809.0
3196,55,68.0,0.0,0.0,1146.0,0.0,11,0,2,0,0,0,0,55.9077,11.8,97.2,0.0,622.0,2.0,2811.0
3197,55,68.0,0.0,0.0,1146.0,0.0,12,0,1,0,0,0,0,55.5154,11.8,96.85,1.0,623.0,1.0,2812.0
3198,55,68.0,0.0,0.0,1146.0,0.0,12,0,0,0,1,0,0,55.0846,11.45,96.5,0.0,623.0,0.0,2812.0
3199,56,69.0,1.0,0.0,1146.0,0.0,12,0,0,0,1,0,0,54.6538,11.1,96.15,0.0,623.0,0.0,2812.0
3200,56,69.0,0.0,0.0,1146.0,0.0,11,0,1,0,1,0,0,54.2615,10.75,95.8,0.0,623.0,1.0,2813.0
3201,57,69.0,1.0,1.0,1147.0,0.0,10,1,1,0,1,0,0,53.8692,10.4,95.45,0.0,623.0,1.0,2814.0
3202,56,69.0,0.0,0.0,1147.0,0.0,9,0,3,0,1,0,0,53.5538,10.05,95.1,0.0,623.0,3.0,2817.0
3203,57,70.0,1.0,0.0,1147.0,0.0,9,0,3,0,1,0,0,53.2423,9.7,94.6,1.0,624.0,4.0,2821.0
3204,57,70.0,0.0,0.0,1147.0,0.0,11,0,1,0,1,0,0,52.8538,9.35,94.1,1.0,625.0,2.0,2823.0
3205,58,70.0,1.0,1.0,1148.0,0.0,11,1,0,0,1,0,0,52.4,9.0,93.6,0.0,625.0,0.0,2823.0
3206,57,70.0,0.0,0.0,1148.0,0.0,12,0,0,0,1,0,0,51.9577,8.65,93.25,0.0,625.0,0.0,2823.0
3207,57,70.0,0.0,0.0,1148.0,0.0,10,0,1,0,2,0,0,51.5423,8.3,92.9,0.0,625.0,1.0,2824.0
3208,57,69.0,0.0,1.0,1149.0,0.0,9,1,1,0,2,0,0,51.1269,7.95,92.55,0.0,625.0,1.0,2825.0
3209,56,69.0,0.0,0.0,1149.0,0.0,11,0,0,0,2,0,0,50.6962,7.6,92.2,0.0,625.0,0.0,2825.0
3210,56,68.0,0.0,1.0,1150.0,0.0,8,1,2,0,2,0,0,50.3308,7.25,91.85,0.0,625.0,2.0,2827.0
3211,57,69.0,2.0,1.0,1151.0,0.0,9,1,1,0,2,0,0,49.9769,6.9,91.5,1.0,626.0,2.0,2829.0
3212,56,69.0,0.0,0.0,1151.0,0.0,11,0,0,1,1,0,0,49.5577,6.55,91.15,0.0,626.0,0.0,2829.0
3213,56,69.0,0.0,0.0,1151.0,0.0,9,0,3,1,0,0,0,49.9881,12.75,90.8,0.0,626.0,3.0,2832.0
3214,56,67.0,0.0,2.0,1153.0,0.0,8,2,2,1,0,0,0,50.4185,12.75,90.45,1.0,627.0,3.0,2835.0
3215,57,69.0,2.0,0.0,1153.0,0.0,10,0,1,1,1,0,0,50.8335,12.75,90.1,1.0,628.0,2.0,2837.0
3216,57,69.0,0.0,0.0,1153.0,0.0,10,0,0,1,2,0,0,51.1831,12.4,89.75,0.0,628.0,0.0,2837.0
3217,57,69.0,0.0,0.0,1153.0,0.0,9,0,0,1,3,0,0,51.5212,12.05,89.4,0.0,628.0,0.0,2837.0
3218,57,69.0,0.0,0.0,1153.0,0.0,9,0,0,1,3,0,0,51.8708,11.7,89.05,0.0,628.0,0.0,2837.0
3219,58,69.0,1.0,1.0,1154.0,0.0,8,1,0,1,3,0,0,52.2204,11.35,88.7,0.0,628.0,0.0,2837.0
3220,58,69.0,0.0,0.0,1154.0,0.0,8,0,1,1,3,0,0,52.5969,11.0,88.35,0.0,628.0,1.0,2838.0
3221,58,68.0,0.0,1.0,1155.0,0.0,7,1,0,1,3,1,0,52.935,10.65,90.655,0.0,628.0,0.0,2838.0
3222,58,68.0,0.0,0.0,1155.0,0.0,9,0,0,0,4,0,0,53.2577,10.3,99.65,0.0,628.0,0.0,2838.0
3223,59,69.0,1.0,0.0,1155.0,0.0,9,0,0,0,4,0,0,52.85,9.95,99.3,0.0,628.0,0.0,2838.0
3224,59,69.0,0.0,0.0,1155.0,0.0,9,0,1,0,3,0,0,52.4692,9.6,98.95,0.0,628.0,1.0,2839.0
3225,60,70.0,1.0,0.0,1155.0,0.0,9,0,0,0,4,0,0,52.0615,9.25,98.6,0.0,628.0,0.0,2839.0
3226,60,69.0,0.0,1.0,1156.0,0.0,7,1,2,0,3,0,0,51.7192,8.9,98.25,0.0,628.0,2.0,2841.0
3227,60,70.0,1.0,0.0,1156.0,0.0,9,0,1,0,3,0,0,51.3769,8.55,97.9,1.0,629.0,2.0,2843.0
3228,60,68.0,0.0,2.0,1158.0,0.0,7,2,0,0,4,0,0,50.9692,8.2,97.55,0.0,629.0,0.0,2843.0
3229,59,69.0,1.0,0.0,1158.0,0.0,8,0,2,0,3,0,0,50.65,7.85,97.2,0.0,629.0,2.0,2845.0
3230,59,69.0,0.0,0.0,1158.0,0.0,9,0,1,0,3,0,0,50.3192,7.5,96.85,1.0,630.0,2.0,2847.0
3231,59,69.0,0.0,0.0,1158.0,0.0,8,0,1,0,4,0,0,49.9731,7.15,96.5,0.0,630.0,1.0,2848.0
3232,59,68.0,0.0,1.0,1159.0,0.0,6,1,2,0,4,0,0,49.6538,6.8,96.15,0.0,630.0,2.0,2850.0
3233,58,68.0,0.0,0.0,1159.0,0.0,8,0,1,0,4,0,0,49.3346,6.45,95.8,1.0,631.0,2.0,2852.0
3234,58,68.0,0.0,0.0,1159.0,0.0,8,0,2,0,3,0,0,49.0038,6.1,95.45,0.0,631.0,2.0,2854.0
3235,61,70.0,3.0,1.0,1160.0,0.0,8,1,1,0,3,0,0,48.6615,5.75,95.1,1.0,632.0,2.0,2856.0
3236,60,70.0,0.0,0.0,1160.0,0.0,9,0,0,0,4,0,0,48.2769,5.4,94.75,0.0,632.0,0.0,2856.0
3237,60,70.0,0.0,0.0,1160.0,0.0,8,0,2,1,2,0,0,47.9462,5.05,94.4,0.0,632.0,2.0,2858.0
3238,60,70.0,0.0,0.0,1160.0,0.0,6,0,3,1,3,0,0,48.3996,6.95,94.05,0.0,632.0,3.0,2861.0
3239,60,70.0,0.0,0.0,1160.0,0.0,8,0,1,1,3,0,0,48.8262,6.6,93.7,1.0,633.0,2.0,2863.0
3240,60,69.0,0.0,1.0,1161.0,0.0,8,1,0,1,3,0,0,49.1873,6.25,93.35,0.0,633.0,0.0,2863.0
3241,59,69.0,0.0,0.0,1161.0,0.0,9,0,0,1,3,0,0,49.56,5.9,93.0,0.0,633.0,0.0,2863.0
3242,59,68.0,0.0,1.0,1162.0,0.0,8,1,0,1,3,0,0,49.9212,5.55,92.5,0.0,633.0,0.0,2863.0
3243,60,70.0,2.0,0.0,1162.0,0.0,9,0,1,1,2,0,0,50.3092,5.2,92.0,0.0,633.0,1.0,2864.0
3244,60,69.0,0.0,1.0,1163.0,0.0,8,1,0,2,2,0,0,50.6858,4.85,91.5,1.0,634.0,1.0,2865.0
3245,60,70.0,1.0,0.0,1163.0,0.0,9,0,0,2,2,0,0,51.8058,6.95,91.0,0.0,634.0,0.0,2865.0
3246,60,69.0,0.0,1.0,1164.0,0.0,8,1,0,2,2,0,0,52.9258,6.6,90.505,0.0,634.0,0.0,2865.0
3247,60,70.0,1.0,0.0,1164.0,0.0,10,0,0,1,2,0,0,54.0304,6.25,99.65,0.0,634.0,0.0,2865.0
3248,60,70.0,0.0,0.0,1164.0,0.0,10,0,0,1,2,0,0,54.3815,5.9,99.3,0.0,634.0,0.0,2865.0
3249,60,70.0,0.0,0.0,1164.0,0.0,10,0,0,1,2,0,0,54.7327,5.55,98.95,0.0,634.0,0.0,2865.0
3250,60,68.0,0.0,2.0,1166.0,0.0,6,2,2,2,1,0,0,55.1608,5.2,98.6,0.0,634.0,2.0,2867.0
3251,59,69.0,1.0,0.0,1166.0,0.0,9,0,1,3,0,0,0,56.3565,5.3,98.25,1.0,635.0,2.0,2869.0
3252,59,69.0,0.0,0.0,1166.0,0.0,10,0,0,3,0,0,0,58.2308,14.77,97.9,0.0,635.0,0.0,2869.0
3253,59,69.0,0.0,0.0,1166.0,0.0,10,0,0,3,0,0,0,60.0935,24.24,97.55,0.0,635.0,0.0,2869.0
3254,58,69.0,0.0,0.0,1166.0,0.0,11,0,0,2,0,0,0,61.9292,33.71,99.65,0.0,635.0,0.0,2869.0
3255,59,70.0,1.0,0.0,1166.0,0.0,11,0,0,2,0,0,0,63.0331,40.45,99.3,0.0,635.0,0.0,2869.0
3256,59,70.0,0.0,0.0,1166.0,0.0,10,0,1,2,0,0,0,64.1638,39.95,98.95,0.0,635.0,1.0,2870.0
3257,60,69.0,1.0,2.0,1168.0,0.0,9,2,0,2,0,0,0,65.2562,39.45,98.6,0.0,635.0,0.0,2870.0
3258,58,69.0,0.0,0.0,1168.0,0.0,11,0,0,2,0,0,0,66.3715,39.1,98.25,0.0,635.0,0.0,2870.0
3259,60,71.0,2.0,0.0,1168.0,0.0,11,0,0,2,0,0,0,67.4754,38.75,97.9,0.0,635.0,0.0,2870.0
3260,59,70.0,0.0,1.0,1169.0,0.0,11,1,0,1,0,0,0,68.5408,38.4,99.65,0.0,635.0,0.0,2870.0
3261,57,69.0,0.0,1.0,1170.0,0.0,12,1,0,0,0,0,0,68.8615,38.05,99.65,0.0,635.0,0.0,2870.0
3262,56,68.0,0.0,1.0,1171.0,0.0,10,1,2,0,0,0,0,68.5192,37.7,99.3,0.0,635.0,2.0,2872.0
3263,55,68.0,0.0,0.0,1171.0,0.0,12,0,1,0,0,0,0,68.1885,37.35,98.95,1.0,636.0,2.0,2874.0
3264,55,67.0,0.0,1.0,1172.0,0.0,12,1,0,0,0,0,0,67.8038,37.0,98.6,0.0,636.0,0.0,2874.0
3265,55,68.0,1.0,0.0,1172.0,0.0,13,0,0,0,0,0,0,67.4308,36.65,98.25,0.0,636.0,0.0,2874.0
3266,55,68.0,0.0,0.0,1172.0,0.0,12,0,1,0,0,0,0,67.0731,36.3,97.9,0.0,636.0,1.0,2875.0
3267,56,69.0,1.0,0.0,1172.0,0.0,13,0,0,0,0,0,0,66.6885,35.95,97.55,0.0,636.0,0.0,2875.0
3268,56,68.0,0.0,1.0,1173.0,0.0,12,1,0,0,0,0,0,66.3038,35.6,97.2,0.0,636.0,0.0,2875.0
3269,55,68.0,0.0,0.0,1173.0,0.0,13,0,0,0,0,0,0,65.9192,35.25,96.85,0.0,636.0,0.0,2875.0
3270,55,68.0,0.0,0.0,1173.0,0.0,13,0,0,0,0,0,0,65.5346,34.9,96.5,0.0,636.0,0.0,2875.0
3271,57,70.0,2.0,0.0,1173.0,0.0,13,0,0,0,0,0,0,65.15,34.55,96.15,0.0,636.0,0.0,2875.0
3272,57,70.0,0.0,0.0,1173.0,0.0,11,0,2,0,0,0,0,64.8192,34.2,95.8,0.0,636.0,2.0,2877.0
3273,57,68.0,0.0,2.0,1175.0,0.0,11,2,0,0,0,0,0,64.4346,33.85,95.45,0.0,636.0,0.0,2877.0
3274,55,68.0,0.0,0.0,1175.0,0.0,12,0,1,0,0,0,0,64.1,33.5,95.1,0.0,636.0,1.0,2878.0
3275,57,70.0,2.0,0.0,1175.0,0.0,11,0,2,0,0,0,0,63.7923,33.15,94.75,0.0,636.0,2.0,2880.0
3276,57,70.0,0.0,0.0,1175.0,0.0,12,0,1,0,0,0,0,63.4846,32.8,94.4,1.0,637.0,2.0,2882.0
3277,57,70.0,0.0,0.0,1175.0,0.0,13,0,0,0,0,0,0,63.1,32.45,94.05,0.0,637.0,0.0,2882.0
3278,57,70.0,0.0,0.0,1175.0,0.0,13,0,0,0,0,0,0,62.6923,32.1,93.7,0.0,637.0,0.0,2882.0
3279,57,70.0,0.0,0.0,1175.0,0.0,13,0,0,0,0,0,0,62.2731,31.75,93.35,0.0,637.0,0.0,2882.0
3280,57,69.0,0.0,1.0,1176.0,0.0,11,1,1,0,0,0,0,61.8808,31.4,93.0,0.0,637.0,1.0,2883.0
3281,56,69.0,0.0,0.0,1176.0,0.0,12,0,1,0,0,0,0,61.4769,31.05,92.65,0.0,637.0,1.0,2884.0
3282,56,69.0,0.0,0.0,1176.0,0.0,13,0,0,0,0,0,0,61.0346,30.7,92.15,0.0,637.0,0.0,2884.0
3283,58,71.0,2.0,0.0,1176.0,0.0,12,0,1,0,0,0,0,60.6308,30.35,91.65,0.0,637.0,1.0,2885.0
3284,58,70.0,0.0,1.0,1177.0,0.0,10,1,2,0,0,0,0,60.2538,30.0,91.15,0.0,637.0,2.0,2887.0
3285,59,72.0,2.0,0.0,1177.0,0.0,12,0,1,0,0,0,0,59.8654,29.5,90.65,1.0,638.0,2.0,2889.0
3286,59,72.0,0.0,0.0,1177.0,0.0,11,0,2,0,0,0,0,59.4885,29.5,90.15,0.0,638.0,2.0,2891.0
3287,59,71.0,0.0,1.0,1178.0,0.0,10,1,2,0,0,0,0,59.15,29.5,90.0,1.0,639.0,3.0,2894.0
3288,58,70.0,0.0,1.0,1179.0,0.0,12,1,0,0,0,0,0,58.7462,29.0,90.0,1.0,640.0,1.0,2895.0
3289,57,69.0,0.0,1.0,1180.0,0.0,9,1,3,0,0,0,0,58.4462,29.0,89.5,0.0,640.0,3.0,2898.0
3290,56,69.0,0.0,0.0,1180.0,0.0,10,0,3,0,0,0,0,58.1692,29.0,89.0,0.0,640.0,3.0,2901.0
3291,57,69.0,1.0,1.0,1181.0,0.0,8,1,4,0,0,0,0,57.9462,29.0,88.5,1.0,641.0,5.0,2906.0
3292,56,69.0,0.0,0.0,1181.0,0.0,11,0,2,0,0,0,0,57.6577,29.0,88.15,2.0,643.0,4.0,2910.0
3293,56,69.0,0.0,0.0,1181.0,0.0,10,0,3,0,0,0,0,57.3577,28.5,87.8,1.0,644.0,4.0,2914.0
3294,56,68.0,0.0,1.0,1182.0,0.0,11,1,1,0,0,0,0,57.0154,28.0,87.45,1.0,645.0,2.0,2916.0
3295,57,70.0,2.0,0.0,1182.0,0.0,13,0,0,0,0,0,0,56.6192,27.5,87.1,0.0,645.0,0.0,2916.0
3296,57,69.0,0.0,1.0,1183.0,0.0,11,1,1,0,0,0,0,56.2885,27.0,86.75,0.0,645.0,1.0,2917.0
3297,56,69.0,0.0,0.0,1183.0,0.0,12,0,1,0,0,0,0,55.9308,26.5,86.4,0.0,645.0,1.0,2918.0
3298,56,69.0,0.0,0.0,1183.0,0.0,11,0,2,0,0,0,0,55.6269,26.0,86.05,1.0,646.0,3.0,2921.0
3299,58,71.0,2.0,0.0,1183.0,0.0,9,0,4,0,0,0,0,55.3769,25.5,86.05,1.0,647.0,5.0,2926.0
3300,58,70.0,0.0,1.0,1184.0,0.0,12,1,0,0,0,0,0,54.9846,25.0,85.7,1.0,648.0,1.0,2927.0
3301,57,69.0,0.0,1.0,1185.0,0.0,10,1,2,0,0,0,0,54.6423,24.5,85.35,0.0,648.0,2.0,2929.0
3302,56,69.0,0.0,0.0,1185.0,0.0,11,0,2,0,0,0,0,54.3385,24.0,85.35,1.0,649.0,3.0,2932.0
3303,56,69.0,0.0,0.0,1185.0,0.0,13,0,0,0,0,0,0,53.9423,23.5,85.0,0.0,649.0,0.0,2932.0
3304,56,69.0,0.0,0.0,1185.0,0.0,12,0,1,0,0,0,0,53.5731,23.0,84.65,0.0,649.0,1.0,2933.0
3305,57,70.0,1.0,0.0,1185.0,0.0,13,0,0,0,0,0,0,53.1538,22.5,84.3,0.0,649.0,0.0,2933.0
3306,57,69.0,0.0,1.0,1186.0,0.0,12,1,0,0,0,0,0,52.7346,22.0,83.95,0.0,649.0,0.0,2933.0
3307,58,70.0,2.0,1.0,1187.0,0.0,12,1,0,0,0,0,0,52.3269,21.5,83.6,0.0,649.0,0.0,2933.0
3308,57,70.0,0.0,0.0,1187.0,0.0,13,0,0,0,0,0,0,51.9308,21.0,83.25,0.0,649.0,0.0,2933.0
3309,57,70.0,0.0,0.0,1187.0,0.0,13,0,0,0,0,0,0,51.5231,20.5,82.9,0.0,649.0,0.0,2933.0
3310,57,69.0,0.0,1.0,1188.0,0.0,12,1,0,0,0,0,0,51.1038,20.0,82.55,0.0,649.0,0.0,2933.0
3311,56,69.0,0.0,0.0,1188.0,0.0,13,0,0,0,0,0,0,50.6962,19.5,82.2,0.0,649.0,0.0,2933.0
3312,56,69.0,0.0,0.0,1188.0,0.0,13,0,0,0,0,0,0,50.2769,19.0,81.7,0.0,649.0,0.0,2933.0
3313,57,69.0,1.0,1.0,1189.0,0.0,12,1,0,0,0,0,0,49.8577,18.5,81.2,0.0,649.0,0.0,2933.0
3314,56,68.0,0.0,1.0,1190.0,0.0,12,1,0,0,0,0,0,49.45,18.15,80.7,0.0,649.0,0.0,2933.0
3315,57,70.0,2.0,0.0,1190.0,0.0,13,0,0,0,0,0,0,49.0423,17.8,80.2,0.0,649.0,0.0,2933.0
3316,57,68.0,0.0,2.0,1192.0,0.0,11,2,0,0,0,0,0,48.6231,17.45,79.7,0.0,649.0,0.0,2933.0
3317,55,67.0,0.0,1.0,1193.0,0.0,12,1,0,0,0,0,0,48.2269,17.1,79.35,0.0,649.0,0.0,2933.0
3318,54,67.0,0.0,0.0,1193.0,0.0,13,0,0,0,0,0,0,47.8423,16.75,79.0,0.0,649.0,0.0,2933.0
3319,55,67.0,1.0,1.0,1194.0,0.0,11,1,1,0,0,0,0,47.4846,16.4,78.65,0.0,649.0,1.0,2934.0
3320,54,67.0,0.0,0.0,1194.0,0.0,13,0,0,0,0,0,0,47.1115,16.05,78.3,0.0,649.0,0.0,2934.0
3321,54,66.0,0.0,1.0,1195.0,0.0,11,1,1,0,0,0,0,46.7654,15.7,77.95,0.0,649.0,1.0,2935.0
3322,53,65.0,0.0,1.0,1196.0,0.0,9,1,3,0,0,0,0,46.4615,15.7,77.6,0.0,649.0,3.0,2938.0
3323,53,66.0,1.0,0.0,1196.0,0.0,9,0,4,0,0,0,0,46.2231,15.7,77.6,1.0,650.0,5.0,2943.0
3324,53,66.0,0.0,0.0,1196.0,0.0,11,0,2,0,0,0,0,45.9462,15.7,77.6,2.0,652.0,4.0,2947.0
3325,54,67.0,1.0,0.0,1196.0,0.0,12,0,1,0,0,0,0,45.5885,15.35,77.25,0.0,652.0,1.0,2948.0
3326,54,67.0,0.0,0.0,1196.0,0.0,12,0,1,0,0,0,0,45.2308,15.0,76.9,0.0,652.0,1.0,2949.0
3327,55,68.0,1.0,0.0,1196.0,0.0,12,0,0,0,1,0,0,44.8346,14.65,76.55,0.0,652.0,0.0,2949.0
3328,55,68.0,0.0,0.0,1196.0,0.0,11,0,1,0,1,0,0,44.4654,14.3,76.2,0.0,652.0,1.0,2950.0
3329,55,68.0,0.0,0.0,1196.0,0.0,10,0,2,0,1,0,0,44.1346,13.95,75.85,0.0,652.0,2.0,2952.0
3330,55,68.0,0.0,0.0,1196.0,0.0,8,0,4,0,1,0,0,43.8846,13.6,75.5,1.0,653.0,5.0,2957.0
3331,57,70.0,2.0,0.0,1196.0,0.0,11,0,1,0,1,0,0,43.5308,13.25,75.15,1.0,654.0,2.0,2959.0
3332,57,69.0,0.0,1.0,1197.0,0.0,11,1,0,0,1,0,0,43.1231,12.9,74.8,0.0,654.0,0.0,2959.0
3333,57,69.0,0.0,0.0,1197.0,0.0,11,0,1,0,1,0,0,42.7423,12.55,74.45,0.0,654.0,1.0,2960.0
3334,57,69.0,0.0,0.0,1197.0,0.0,10,0,2,0,1,0,0,42.4269,12.2,74.45,1.0,655.0,3.0,2963.0
3335,58,70.0,1.0,0.0,1197.0,0.0,11,0,1,0,1,0,0,42.0462,11.85,74.1,0.0,655.0,1.0,2964.0
3336,58,70.0,0.0,0.0,1197.0,0.0,10,0,2,0,1,0,0,41.6808,11.5,74.1,0.0,655.0,2.0,2966.0
3337,58,70.0,0.0,0.0,1197.0,0.0,11,0,1,0,1,0,0,41.3154,11.15,74.1,1.0,656.0,2.0,2968.0
3338,58,68.0,0.0,2.0,1199.0,0.0,10,2,0,0,1,0,0,40.8846,10.8,73.75,0.0,656.0,0.0,2968.0
3339,57,69.0,1.0,0.0,1199.0,0.0,12,0,0,0,1,0,0,40.4769,10.45,73.4,0.0,656.0,0.0,2968.0
3340,57,68.0,0.0,1.0,1200.0,0.0,11,1,0,0,1,0,0,40.0462,10.1,72.9,0.0,656.0,0.0,2968.0
3341,57,69.0,1.0,0.0,1200.0,0.0,11,0,1,0,1,0,0,39.6654,9.75,72.9,0.0,656.0,1.0,2969.0
3342,57,69.0,0.0,0.0,1200.0,0.0,12,0,0,0,1,0,0,39.2462,9.4,72.4,0.0,656.0,0.0,2969.0
3343,58,69.0,1.0,1.0,1201.0,0.0,10,1,1,1,0,0,0,38.8654,9.05,71.9,0.0,656.0,1.0,2970.0
3344,57,69.0,0.0,0.0,1201.0,0.0,11,0,1,1,0,0,0,39.2381,17.0,71.4,1.0,657.0,2.0,2972.0
3345,58,70.0,1.0,0.0,1201.0,0.0,12,0,0,1,0,0,0,39.5223,16.65,70.9,0.0,657.0,0.0,2972.0
3346,58,69.0,0.0,1.0,1202.0,0.0,10,1,1,1,0,0,0,39.8335,16.25,70.4,0.0,657.0,1.0,2973.0
3347,58,69.0,1.0,1.0,1203.0,0.0,11,1,0,1,0,0,0,40.1062,15.75,69.9,0.0,657.0,0.0,2973.0
3348,57,69.0,0.0,0.0,1203.0,0.0,12,0,0,1,0,0,0,40.3904,15.25,69.4,0.0,657.0,0.0,2973.0
3349,57,69.0,0.0,0.0,1203.0,0.0,10,0,0,1,2,0,0,40.6746,14.75,68.9,0.0,657.0,0.0,2973.0
3350,57,68.0,0.0,1.0,1204.0,0.0,9,1,0,1,2,0,0,40.9819,14.4,72.715,0.0,657.0,0.0,2973.0
3351,57,68.0,0.0,0.0,1204.0,0.0,9,0,0,1,3,0,0,41.3008,14.05,81.81,0.0,657.0,0.0,2973.0
3352,57,67.0,0.0,1.0,1205.0,0.0,8,1,0,1,3,0,0,41.6312,13.7,90.905,0.0,657.0,0.0,2973.0
3353,56,67.0,0.0,0.0,1205.0,0.0,9,0,2,0,2,0,0,41.9885,13.35,99.65,0.0,657.0,2.0,2975.0
3354,56,67.0,0.0,0.0,1205.0,0.0,10,0,1,0,2,0,0,41.6462,13.0,99.3,1.0,658.0,2.0,2977.0
3355,60,70.0,4.0,1.0,1206.0,0.0,9,1,0,0,3,0,0,41.25,12.65,98.95,0.0,658.0,0.0,2977.0
3356,59,70.0,0.0,0.0,1206.0,0.0,8,0,2,0,3,0,0,40.9192,12.3,98.6,0.0,658.0,2.0,2979.0
3357,59,70.0,0.0,0.0,1206.0,0.0,8,0,3,0,2,0,0,40.6154,11.95,98.25,0.0,658.0,3.0,2982.0
3358,59,70.0,0.0,0.0,1206.0,0.0,7,0,3,0,3,0,0,40.3385,11.6,97.9,1.0,659.0,4.0,2986.0
3359,59,70.0,0.0,0.0,1206.0,0.0,9,0,1,0,3,0,0,39.9962,11.25,97.55,1.0,660.0,2.0,2988.0
3360,59,70.0,0.0,0.0,1206.0,0.0,10,0,0,0,3,0,0,39.6,10.9,97.2,0.0,660.0,0.0,2988.0
3361,59,69.0,0.0,1.0,1207.0,0.0,9,1,0,0,3,0,0,39.2038,10.55,96.85,0.0,660.0,0.0,2988.0
3362,58,68.0,0.0,1.0,1208.0,0.0,9,1,0,0,3,0,0,38.8077,10.2,96.5,0.0,660.0,0.0,2988.0
3363,58,68.0,1.0,1.0,1209.0,0.0,9,1,0,0,3,0,0,38.4115,9.85,96.15,0.0,660.0,0.0,2988.0
3364,58,68.0,0.0,0.0,1209.0,0.0,10,0,0,0,3,0,0,38.0269,9.5,95.8,0.0,660.0,0.0,2988.0
3365,59,69.0,1.0,0.0,1209.0,0.0,9,0,3,0,1,0,0,37.7231,9.5,95.45,0.0,660.0,3.0,2991.0
3366,59,68.0,0.0,1.0,1210.0,0.0,8,1,2,0,2,0,0,37.4192,9.5,95.1,1.0,661.0,3.0,2994.0
3367,60,69.0,1.0,0.0,1210.0,0.0,9,0,0,0,4,0,0,37.0577,9.15,94.75,0.0,661.0,0.0,2994.0
3368,60,69.0,0.0,0.0,1210.0,0.0,9,0,0,0,4,0,0,36.6846,8.8,94.4,0.0,661.0,0.0,2994.0
3369,61,70.0,1.0,0.0,1210.0,0.0,9,0,0,0,4,0,0,36.3115,8.45,94.05,0.0,661.0,0.0,2994.0
3370,61,70.0,0.0,0.0,1210.0,0.0,9,0,0,0,4,0,0,35.9385,8.1,93.7,0.0,661.0,0.0,2994.0
3371,62,71.0,1.0,0.0,1210.0,0.0,6,0,2,0,4,1,0,35.6077,7.75,93.35,0.0,661.0,2.0,2996.0
3372,62,71.0,0.0,0.0,1210.0,0.0,7,0,1,0,4,1,0,35.3038,7.4,92.85,1.0,662.0,2.0,2998.0
3373,62,71.0,0.0,0.0,1210.0,0.0,8,0,0,0,4,1,0,34.9346,7.05,92.35,0.0,662.0,0.0,2998.0
3374,62,70.0,0.0,1.0,1211.0,0.0,7,1,0,0,4,1,0,34.5654,6.7,91.85,0.0,662.0,0.0,2998.0
3375,62,71.0,1.0,0.0,1211.0,0.0,7,0,1,0,4,1,0,34.2346,6.35,91.35,0.0,662.0,1.0,2999.0
3376,62,70.0,0.0,1.0,1212.0,0.0,6,1,2,0,3,1,0,33.9308,6.35,90.85,0.0,662.0,2.0,3001.0
3377,62,70.0,0.0,0.0,1212.0,0.0,8,0,2,1,1,1,0,33.6654,6.05,90.35,1.0,663.0,3.0,3004.0
3378,62,70.0,0.0,0.0,1212.0,0.0,8,0,0,1,3,1,0,34.0958,6.0,89.85,1.0,664.0,1.0,3005.0
3379,64,72.0,2.0,0.0,1212.0,0.0,7,0,1,1,3,1,0,34.5262,5.65,89.35,0.0,664.0,1.0,3006.0
3380,64,72.0,0.0,0.0,1212.0,0.0,7,0,1,1,3,1,0,34.9835,5.3,88.85,1.0,665.0,2.0,3008.0
3381,64,72.0,0.0,0.0,1212.0,0.0,7,0,1,1,3,1,0,35.4023,4.95,88.35,0.0,665.0,1.0,3009.0
3382,64,71.0,0.0,1.0,1213.0,0.0,7,1,0,1,3,1,0,35.7942,4.6,87.85,0.0,665.0,0.0,3009.0
3383,64,72.0,1.0,0.0,1213.0,0.0,8,0,0,1,3,1,0,36.1977,4.25,87.35,0.0,665.0,0.0,3009.0
3384,64,72.0,0.0,0.0,1213.0,0.0,8,0,0,1,3,1,0,36.6012,3.9,86.85,0.0,665.0,0.0,3009.0
3385,65,73.0,1.0,0.0,1213.0,0.0,7,0,0,2,2,2,0,36.9931,3.55,86.35,0.0,665.0,0.0,3009.0
3386,65,72.0,0.0,1.0,1214.0,0.0,6,1,0,2,2,2,0,38.1777,3.2,90.605,0.0,665.0,0.0,3009.0
3387,64,73.0,1.0,0.0,1214.0,0.0,8,0,0,2,2,1,0,39.32,2.85,99.65,0.0,665.0,0.0,3009.0
3388,64,73.0,0.0,0.0,1214.0,0.0,8,0,0,2,2,1,0,40.4908,7.7,99.3,0.0,665.0,0.0,3009.0
3389,64,71.0,0.0,2.0,1216.0,0.0,6,2,0,2,2,1,0,41.6615,7.35,98.95,0.0,665.0,0.0,3009.0
3390,62,70.0,0.0,1.0,1217.0,0.0,7,1,0,3,1,1,0,42.8323,7.0,98.6,0.0,665.0,0.0,3009.0
3391,62,71.0,1.0,0.0,1217.0,0.0,8,0,0,3,1,1,0,44.7569,12.9,98.25,0.0,665.0,0.0,3009.0
3392,62,70.0,0.0,1.0,1218.0,0.0,7,1,0,3,1,1,0,46.6815,12.55,97.9,0.0,665.0,0.0,3009.0
3393,61,70.0,0.0,0.0,1218.0,0.0,7,0,1,3,1,1,0,48.6446,12.2,97.55,0.0,665.0,1.0,3010.0
3394,61,70.0,0.0,0.0,1218.0,0.0,7,0,1,3,1,1,0,50.6346,11.85,97.2,1.0,666.0,2.0,3012.0
3395,62,71.0,2.0,1.0,1219.0,0.0,8,1,0,2,2,0,0,52.5169,11.5,99.65,0.0,666.0,0.0,3012.0
3396,62,71.0,0.0,0.0,1219.0,0.0,7,0,2,2,2,0,0,53.7258,11.15,99.3,0.0,666.0,2.0,3014.0
3397,62,72.0,1.0,0.0,1219.0,0.0,10,0,0,1,2,0,0,54.8538,10.8,99.65,0.0,666.0,0.0,3014.0
3398,62,72.0,0.0,0.0,1219.0,0.0,10,0,0,1,2,0,0,55.2346,10.45,99.3,0.0,666.0,0.0,3014.0
3399,62,71.0,0.0,1.0,1220.0,0.0,8,1,1,1,2,0,0,55.6423,10.1,98.95,0.0,666.0,1.0,3015.0
3400,60,71.0,0.0,0.0,1220.0,0.0,11,0,0,0,2,0,0,56.0077,9.75,99.65,0.0,666.0,0.0,3015.0
3401,60,71.0,0.0,0.0,1220.0,0.0,11,0,0,0,2,0,0,55.6577,9.4,99.3,0.0,666.0,0.0,3015.0
3402,60,71.0,0.0,0.0,1220.0,0.0,11,0,0,0,2,0,0,55.3077,9.05,98.95,0.0,666.0,0.0,3015.0
3403,62,73.0,2.0,0.0,1220.0,0.0,11,0,0,0,2,0,0,54.9577,8.7,98.6,0.0,666.0,0.0,3015.0
3404,62,73.0,0.0,0.0,1220.0,0.0,11,0,0,0,2,0,0,54.5962,8.35,98.25,0.0,666.0,0.0,3015.0
3405,63,74.0,1.0,0.0,1220.0,0.0,11,0,0,0,2,0,0,54.2346,8.0,97.9,0.0,666.0,0.0,3015.0
3406,63,74.0,0.0,0.0,1220.0,0.0,10,0,1,0,2,0,0,53.9,7.65,97.55,0.0,666.0,1.0,3016.0
3407,63,74.0,0.0,0.0,1220.0,0.0,11,0,1,0,1,0,0,53.5808,7.3,97.2,1.0,667.0,2.0,3018.0
3408,63,74.0,0.0,0.0,1220.0,0.0,11,0,0,1,1,0,0,53.1962,6.95,96.85,0.0,667.0,0.0,3018.0
3409,63,73.0,0.0,1.0,1221.0,0.0,10,1,1,1,0,0,0,53.5696,10.15,96.5,0.0,667.0,1.0,3019.0
3410,62,73.0,0.0,0.0,1221.0,0.0,11,0,0,1,1,0,0,53.9162,9.8,96.15,0.0,667.0,0.0,3019.0
3411,64,75.0,2.0,0.0,1221.0,0.0,10,0,0,1,2,0,0,54.2512,9.45,95.8,0.0,667.0,0.0,3019.0
3412,64,75.0,0.0,0.0,1221.0,0.0,10,0,0,1,2,0,0,54.5862,9.1,95.45,0.0,667.0,0.0,3019.0
3413,64,74.0,0.0,1.0,1222.0,0.0,9,1,0,1,2,0,0,54.9212,8.75,95.1,0.0,667.0,0.0,3019.0
3414,63,73.0,0.0,1.0,1223.0,0.0,9,1,0,1,2,0,0,55.2677,8.4,94.75,0.0,667.0,0.0,3019.0
3415,64,74.0,2.0,1.0,1224.0,0.0,8,1,2,1,1,0,0,55.6681,8.05,94.4,0.0,667.0,2.0,3021.0
3416,63,74.0,0.0,0.0,1224.0,0.0,10,0,0,1,2,0,0,56.0146,7.7,94.05,0.0,667.0,0.0,3021.0
3417,63,73.0,0.0,1.0,1225.0,0.0,9,1,0,1,2,0,0,56.3381,7.35,93.7,0.0,667.0,0.0,3021.0
3418,62,73.0,0.0,0.0,1225.0,0.0,11,0,0,0,2,0,0,56.6462,7.0,99.65,0.0,667.0,0.0,3021.0
3419,63,73.0,1.0,1.0,1226.0,0.0,10,1,0,0,2,0,0,56.2385,6.65,99.3,0.0,667.0,0.0,3021.0
3420,62,73.0,0.0,0.0,1226.0,0.0,11,0,0,0,2,0,0,55.8308,6.3,98.95,0.0,667.0,0.0,3021.0
3421,62,71.0,0.0,2.0,1228.0,0.0,9,2,0,0,2,0,0,55.4231,5.95,98.6,0.0,667.0,0.0,3021.0
3422,60,71.0,0.0,0.0,1228.0,0.0,11,0,0,0,2,0,0,55.0385,5.6,98.25,0.0,667.0,0.0,3021.0
3423,60,70.0,0.0,1.0,1229.0,0.0,9,1,1,0,2,0,0,54.6808,5.25,97.9,0.0,667.0,1.0,3022.0
3424,59,70.0,0.0,0.0,1229.0,0.0,9,0,2,1,1,0,0,54.35,4.9,97.55,0.0,667.0,2.0,3024.0
3425,61,72.0,2.0,0.0,1229.0,0.0,11,0,1,1,0,0,0,54.7777,10.65,97.2,1.0,668.0,2.0,3026.0
3426,61,72.0,0.0,0.0,1229.0,0.0,11,0,0,1,1,0,0,55.1515,10.3,96.85,0.0,668.0,0.0,3026.0
3427,63,74.0,2.0,0.0,1229.0,0.0,11,0,0,1,1,0,0,55.5138,9.95,96.5,0.0,668.0,0.0,3026.0
3428,63,74.0,0.0,0.0,1229.0,0.0,11,0,0,1,1,0,0,55.8762,9.6,96.15,0.0,668.0,0.0,3026.0
3429,63,74.0,0.0,0.0,1229.0,0.0,11,0,0,1,1,0,0,56.2385,9.25,95.8,0.0,668.0,0.0,3026.0
3430,63,74.0,0.0,0.0,1229.0,0.0,11,0,0,1,1,0,0,56.5892,8.9,95.45,0.0,668.0,0.0,3026.0
3431,63,74.0,0.0,0.0,1229.0,0.0,11,0,0,1,1,0,0,56.94,8.55,95.1,0.0,668.0,0.0,3026.0
3432,63,74.0,0.0,0.0,1229.0,0.0,11,0,0,1,1,0,0,57.2908,8.2,94.75,0.0,668.0,0.0,3026.0
3433,63,73.0,0.0,1.0,1230.0,0.0,10,1,0,1,1,0,0,57.63,7.85,94.4,0.0,668.0,0.0,3026.0
3434,61,72.0,0.0,1.0,1231.0,0.0,11,1,0,0,1,0,0,57.9538,7.5,99.65,0.0,668.0,0.0,3026.0
3435,62,74.0,2.0,0.0,1231.0,0.0,12,0,0,0,1,0,0,57.5462,7.15,99.3,0.0,668.0,0.0,3026.0
3436,62,73.0,0.0,1.0,1232.0,0.0,11,1,0,0,1,0,0,57.1385,6.8,98.95,0.0,668.0,0.0,3026.0
3437,61,73.0,0.0,0.0,1232.0,0.0,12,0,0,1,0,0,0,56.7308,6.45,98.6,0.0,668.0,0.0,3026.0
3438,61,73.0,0.0,0.0,1232.0,0.0,12,0,0,1,0,0,0,57.0581,15.8,98.25,0.0,668.0,0.0,3026.0
3439,63,75.0,2.0,0.0,1232.0,0.0,12,0,0,1,0,0,0,57.3854,15.45,97.9,0.0,668.0,0.0,3026.0
3440,63,75.0,0.0,0.0,1232.0,0.0,12,0,0,1,0,0,0,57.7127,15.1,97.55,0.0,668.0,0.0,3026.0
3441,63,74.0,0.0,1.0,1233.0,0.0,8,1,2,1,1,0,0,58.1054,14.75,97.2,0.0,668.0,2.0,3028.0
3442,62,74.0,0.0,0.0,1233.0,0.0,8,0,3,1,1,0,0,58.575,14.4,96.85,1.0,669.0,4.0,3032.0
3443,63,75.0,1.0,0.0,1233.0,0.0,9,0,2,1,1,0,0,59.0062,14.05,96.5,1.0,670.0,3.0,3035.0
3444,63,75.0,0.0,0.0,1233.0,0.0,9,0,2,1,1,0,0,59.4104,13.7,96.15,0.0,670.0,2.0,3037.0
3445,64,75.0,1.0,1.0,1234.0,0.0,9,1,1,1,1,0,0,59.7877,13.35,95.8,0.0,670.0,1.0,3038.0
3446,64,75.0,0.0,0.0,1234.0,0.0,11,0,0,1,1,0,0,60.1265,13.0,95.45,0.0,670.0,0.0,3038.0
3447,63,75.0,0.0,0.0,1234.0,0.0,12,0,0,0,1,0,0,60.4385,12.65,99.65,0.0,670.0,0.0,3038.0
3448,63,75.0,0.0,0.0,1234.0,0.0,12,0,0,0,1,0,0,60.0192,12.3,99.3,0.0,670.0,0.0,3038.0
3449,63,74.0,0.0,1.0,1235.0,0.0,11,1,0,0,1,0,0,59.5885,11.95,98.95,0.0,670.0,0.0,3038.0
3450,62,71.0,0.0,3.0,1238.0,0.0,9,3,0,0,1,0,0,59.1577,11.6,98.6,0.0,670.0,0.0,3038.0
3451,61,73.0,2.0,0.0,1238.0,0.0,12,0,0,0,1,0,0,58.75,11.25,98.25,0.0,670.0,0.0,3038.0
3452,61,73.0,0.0,0.0,1238.0,0.0,12,0,0,0,1,0,0,58.3423,10.9,97.9,0.0,670.0,0.0,3038.0
3453,62,74.0,1.0,0.0,1238.0,0.0,12,0,0,0,1,0,0,57.9346,10.55,97.55,0.0,670.0,0.0,3038.0
3454,62,74.0,0.0,0.0,1238.0,0.0,12,0,0,0,1,0,0,57.5154,10.2,97.2,0.0,670.0,0.0,3038.0
3455,63,75.0,1.0,0.0,1238.0,0.0,12,0,0,0,1,0,0,57.0846,9.85,96.85,0.0,670.0,0.0,3038.0
3456,63,75.0,0.0,0.0,1238.0,0.0,11,0,1,0,1,0,0,56.6808,9.5,96.5,0.0,670.0,1.0,3039.0
3457,63,75.0,0.0,0.0,1238.0,0.0,11,0,1,0,1,0,0,56.2769,9.15,96.15,0.0,670.0,1.0,3040.0
3458,63,73.0,0.0,2.0,1240.0,0.0,9,2,1,0,1,0,0,55.8885,8.8,95.65,1.0,671.0,2.0,3042.0
3459,62,74.0,1.0,0.0,1240.0,0.0,12,0,0,0,1,0,0,55.4577,8.45,95.15,0.0,671.0,0.0,3042.0
3460,62,74.0,0.0,0.0,1240.0,0.0,12,0,0,0,1,0,0,55.0154,8.1,94.65,0.0,671.0,0.0,3042.0
3461,62,72.0,0.0,2.0,1242.0,0.0,10,2,0,0,1,0,0,54.5731,7.75,94.15,0.0,671.0,0.0,3042.0
3462,60,70.0,0.0,2.0,1244.0,0.0,10,2,0,0,1,0,0,54.1423,7.4,93.65,0.0,671.0,0.0,3042.0
3463,60,70.0,1.0,1.0,1245.0,0.0,10,2,0,1,0,0,0,53.75,7.05,93.15,0.0,671.0,0.0,3042.0
3464,58,69.0,0.0,1.0,1246.0,0.0,11,1,0,1,0,0,0,54.0727,16.345,92.65,0.0,671.0,0.0,3042.0
3465,58,70.0,1.0,0.0,1246.0,0.0,12,0,0,1,0,0,0,54.4069,18.6,92.15,0.0,671.0,0.0,3042.0
3466,58,69.0,0.0,1.0,1247.0,0.0,10,1,1,1,0,0,0,54.7681,18.1,91.65,0.0,671.0,1.0,3043.0
3467,59,71.0,2.0,0.0,1247.0,0.0,12,0,0,1,0,0,0,55.1138,17.6,91.15,0.0,671.0,0.0,3043.0
3468,59,71.0,0.0,0.0,1247.0,0.0,11,0,1,1,0,0,0,55.4865,17.1,90.65,0.0,671.0,1.0,3044.0
3469,59,71.0,0.0,0.0,1247.0,0.0,10,0,2,1,0,0,0,55.8977,16.6,90.15,0.0,671.0,2.0,3046.0
3470,59,71.0,0.0,0.0,1247.0,0.0,11,0,1,1,0,0,0,56.3088,16.1,89.65,1.0,672.0,2.0,3048.0
3471,59,71.0,0.0,0.0,1247.0,0.0,12,0,0,1,0,0,0,56.6431,15.6,89.15,0.0,672.0,0.0,3048.0
3472,59,70.0,0.0,1.0,1248.0,0.0,11,1,0,1,0,0,0,56.9658,15.1,90.705,0.0,672.0,0.0,3048.0
3473,57,69.0,0.0,1.0,1249.0,0.0,11,1,0,0,1,0,0,57.25,14.6,99.65,0.0,672.0,0.0,3048.0
3474,57,68.0,0.0,1.0,1250.0,0.0,11,1,0,0,1,0,0,56.8423,14.25,99.3,0.0,672.0,0.0,3048.0
3475,59,71.0,3.0,0.0,1250.0,0.0,11,0,0,0,2,0,0,56.4462,13.9,98.95,0.0,672.0,0.0,3048.0
3476,59,71.0,0.0,0.0,1250.0,0.0,10,0,1,0,2,0,0,56.0885,13.55,98.6,0.0,672.0,1.0,3049.0
3477,59,70.0,0.0,1.0,1251.0,0.0,10,1,0,0,2,0,0,55.6923,13.2,98.25,0.0,672.0,0.0,3049.0
3478,58,70.0,0.0,0.0,1251.0,0.0,10,0,1,0,2,0,0,55.3346,12.85,97.9,0.0,672.0,1.0,3050.0
3479,58,69.0,0.0,1.0,1252.0,0.0,10,1,0,0,2,0,0,54.9269,12.5,97.55,0.0,672.0,0.0,3050.0
3480,58,69.0,0.0,0.0,1252.0,0.0,11,0,0,0,2,0,0,54.5308,12.15,97.2,0.0,672.0,0.0,3050.0
3481,59,70.0,1.0,0.0,1252.0,0.0,10,0,0,0,3,0,0,54.1346,11.8,96.85,0.0,672.0,0.0,3050.0
3482,59,69.0,0.0,1.0,1253.0,0.0,8,1,0,0,4,0,0,53.7385,11.45,96.5,0.0,672.0,0.0,3050.0
3483,59,69.0,1.0,1.0,1254.0,0.0,8,1,0,0,4,0,0,53.3654,11.1,96.15,0.0,672.0,0.0,3050.0
3484,59,69.0,0.0,0.0,1254.0,0.0,9,0,0,0,4,0,0,52.9923,10.75,95.8,0.0,672.0,0.0,3050.0
3485,60,70.0,1.0,0.0,1254.0,0.0,9,0,0,0,4,0,0,52.6192,10.4,95.45,0.0,672.0,0.0,3050.0
3486,60,70.0,0.0,0.0,1254.0,0.0,9,0,0,0,4,0,0,52.2462,10.05,95.1,0.0,672.0,0.0,3050.0
3487,61,71.0,1.0,0.0,1254.0,0.0,8,0,1,0,4,0,0,51.9,9.7,94.75,0.0,672.0,1.0,3051.0
3488,61,71.0,0.0,0.0,1254.0,0.0,8,0,1,0,4,0,0,51.5808,9.35,94.4,1.0,673.0,2.0,3053.0
3489,61,71.0,0.0,0.0,1254.0,0.0,9,0,0,0,4,0,0,51.2077,9.0,94.05,0.0,673.0,0.0,3053.0
3490,61,70.0,0.0,1.0,1255.0,0.0,8,1,0,1,3,0,0,50.8231,8.65,93.7,0.0,673.0,0.0,3053.0
3491,61,71.0,1.0,0.0,1255.0,0.0,9,0,0,1,3,0,0,51.1796,9.3,93.35,0.0,673.0,0.0,3053.0
3492,61,71.0,0.0,0.0,1255.0,0.0,9,0,0,1,3,0,0,51.5246,8.95,92.85,0.0,673.0,0.0,3053.0
3493,61,71.0,0.0,0.0,1255.0,0.0,9,0,0,1,3,0,0,51.8696,8.6,92.35,0.0,673.0,0.0,3053.0
3494,61,71.0,0.0,0.0,1255.0,0.0,9,0,0,1,3,0,0,52.2146,8.25,91.85,0.0,673.0,0.0,3053.0
3495,63,73.0,2.0,0.0,1255.0,0.0,6,0,3,1,3,0,0,52.6519,7.9,91.85,0.0,673.0,3.0,3056.0
3496,63,73.0,0.0,0.0,1255.0,0.0,8,0,1,1,3,0,0,53.0623,7.55,91.85,1.0,674.0,2.0,3058.0
3497,63,73.0,0.0,0.0,1255.0,0.0,6,0,3,1,3,0,0,53.4881,7.2,91.35,0.0,674.0,3.0,3061.0
3498,63,73.0,0.0,0.0,1255.0,0.0,8,0,1,2,2,0,0,53.9138,6.85,90.85,2.0,676.0,3.0,3064.0
3499,65,74.0,2.0,1.0,1256.0,0.0,7,1,1,2,2,0,0,55.0177,8.4,90.865,0.0,676.0,1.0,3065.0
3500,63,74.0,0.0,0.0,1256.0,0.0,10,0,0,2,1,0,0,56.0562,8.05,99.65,0.0,676.0,0.0,3065.0
3501,63,74.0,0.0,0.0,1256.0,0.0,9,0,1,2,1,0,0,57.1485,7.7,99.3,0.0,676.0,1.0,3066.0
3502,63,74.0,0.0,0.0,1256.0,0.0,9,0,1,2,1,0,0,58.2792,7.35,98.95,1.0,677.0,2.0,3068.0
3503,63,73.0,0.0,1.0,1257.0,0.0,9,1,0,2,1,0,0,59.3331,7.0,98.6,0.0,677.0,0.0,3068.0
3504,62,73.0,0.0,0.0,1257.0,0.0,9,0,1,3,0,0,0,60.4369,6.65,98.25,0.0,677.0,1.0,3069.0
3505,63,73.0,1.0,1.0,1258.0,0.0,9,1,0,3,0,0,0,62.2473,15.985,97.9,0.0,677.0,0.0,3069.0
3506,62,73.0,0.0,0.0,1258.0,0.0,9,0,1,3,0,0,0,64.1077,25.32,97.55,0.0,677.0,1.0,3070.0
3507,63,74.0,1.0,0.0,1258.0,0.0,10,0,0,3,0,0,0,65.9296,34.655,97.2,0.0,677.0,0.0,3070.0
3508,62,74.0,0.0,0.0,1258.0,0.0,10,0,1,2,0,0,0,67.74,37.3,99.65,0.0,677.0,1.0,3071.0
3509,63,75.0,1.0,0.0,1258.0,0.0,9,0,2,2,0,0,0,68.8608,36.95,99.3,0.0,677.0,2.0,3073.0
3510,62,75.0,0.0,0.0,1258.0,0.0,12,0,0,1,0,0,0,69.8777,36.6,99.65,0.0,677.0,0.0,3073.0
3511,63,76.0,1.0,0.0,1258.0,0.0,12,0,0,1,0,0,0,70.1919,36.25,99.3,0.0,677.0,0.0,3073.0
3512,63,76.0,0.0,0.0,1258.0,0.0,12,0,0,1,0,0,0,70.5062,35.9,98.95,0.0,677.0,0.0,3073.0
3513,63,74.0,0.0,2.0,1260.0,0.0,9,2,1,1,0,0,0,70.8242,35.4,98.6,0.0,677.0,1.0,3074.0
3514,61,72.0,0.0,2.0,1262.0,0.0,10,2,1,0,0,0,0,71.1385,34.9,99.65,0.0,677.0,1.0,3075.0
3515,61,72.0,2.0,2.0,1264.0,0.0,9,2,2,0,0,0,0,70.7962,34.4,99.3,0.0,677.0,2.0,3077.0
3516,59,72.0,0.0,0.0,1264.0,0.0,12,0,1,0,0,0,0,70.4769,33.9,98.95,1.0,678.0,2.0,3079.0
3517,59,72.0,0.0,0.0,1264.0,0.0,13,0,0,0,0,0,0,70.0923,33.4,98.6,0.0,678.0,0.0,3079.0
3518,59,72.0,0.0,0.0,1264.0,0.0,13,0,0,0,0,0,0,69.7077,32.9,98.25,0.0,678.0,0.0,3079.0
3519,59,72.0,0.0,0.0,1264.0,0.0,13,0,0,0,0,0,0,69.3231,32.4,97.9,0.0,678.0,0.0,3079.0
3520,59,71.0,0.0,1.0,1265.0,0.0,10,1,2,0,0,0,0,68.9923,31.9,97.9,0.0,678.0,2.0,3081.0
3521,58,71.0,0.0,0.0,1265.0,0.0,13,0,0,0,0,0,0,68.6192,31.4,97.55,0.0,678.0,0.0,3081.0
3522,58,71.0,0.0,0.0,1265.0,0.0,11,0,2,0,0,0,0,68.3,30.9,97.2,0.0,678.0,2.0,3083.0
3523,61,74.0,3.0,0.0,1265.0,0.0,13,0,0,0,0,0,0,67.9269,30.4,96.85,0.0,678.0,0.0,3083.0
3524,61,74.0,0.0,0.0,1265.0,0.0,12,0,1,0,0,0,0,67.5808,29.9,96.5,0.0,678.0,1.0,3084.0
3525,62,75.0,1.0,0.0,1265.0,0.0,13,0,0,0,0,0,0,67.1962,29.4,96.15,0.0,678.0,0.0,3084.0
3526,62,75.0,0.0,0.0,1265.0,0.0,13,0,0,0,0,0,0,66.8,28.9,95.8,0.0,678.0,0.0,3084.0
3527,62,74.0,0.0,1.0,1266.0,0.0,12,1,0,0,0,0,0,66.3923,28.4,95.45,0.0,678.0,0.0,3084.0
3528,61,74.0,0.0,0.0,1266.0,0.0,12,0,1,0,0,0,0,66.0115,27.9,95.1,0.0,678.0,1.0,3085.0
3529,61,74.0,0.0,0.0,1266.0,0.0,12,0,1,0,0,0,0,65.6577,27.9,94.75,1.0,679.0,2.0,3087.0
3530,61,73.0,0.0,1.0,1267.0,0.0,12,1,0,0,0,0,0,65.2385,27.4,94.4,0.0,679.0,0.0,3087.0
3531,61,73.0,1.0,1.0,1268.0,0.0,12,1,0,0,0,0,0,64.8077,27.05,94.05,0.0,679.0,0.0,3087.0
3532,60,72.0,0.0,1.0,1269.0,0.0,12,1,0,0,0,0,0,64.3885,26.7,93.7,0.0,679.0,0.0,3087.0
3533,59,71.0,0.0,1.0,1270.0,0.0,11,1,1,0,0,0,0,63.9962,26.35,93.35,0.0,679.0,1.0,3088.0
3534,58,71.0,0.0,0.0,1270.0,0.0,11,0,2,0,0,0,0,63.6538,26.0,93.0,0.0,679.0,2.0,3090.0
3535,60,73.0,2.0,0.0,1270.0,0.0,12,0,1,0,0,0,0,63.3115,25.65,92.65,1.0,680.0,2.0,3092.0
3536,60,72.0,0.0,1.0,1271.0,0.0,11,1,1,0,0,0,0,62.9192,25.3,92.3,0.0,680.0,1.0,3093.0
3537,60,73.0,1.0,0.0,1271.0,0.0,12,0,1,0,0,0,0,62.5769,24.95,91.95,1.0,681.0,2.0,3095.0
3538,60,73.0,0.0,0.0,1271.0,0.0,13,0,0,0,0,0,0,62.1577,24.6,91.45,0.0,681.0,0.0,3095.0
3539,61,74.0,1.0,0.0,1271.0,0.0,11,0,2,0,0,0,0,61.7808,24.1,90.95,0.0,681.0,2.0,3097.0
3540,61,74.0,0.0,0.0,1271.0,0.0,10,0,3,0,0,0,0,61.4308,23.6,90.55,0.0,681.0,3.0,3100.0
3541,61,73.0,0.0,1.0,1272.0,0.0,9,1,3,0,0,0,0,61.1462,23.1,90.55,2.0,683.0,5.0,3105.0
3542,60,73.0,0.0,0.0,1272.0,0.0,12,0,1,0,0,0,0,60.7923,22.6,90.2,1.0,684.0,2.0,3107.0
3543,60,73.0,0.0,0.0,1272.0,0.0,13,0,0,0,0,0,0,60.3731,22.1,89.85,0.0,684.0,0.0,3107.0
3544,60,72.0,0.0,1.0,1273.0,0.0,12,1,0,0,0,0,0,59.9538,21.6,89.5,0.0,684.0,0.0,3107.0
3545,60,73.0,1.0,0.0,1273.0,0.0,13,0,0,0,0,0,0,59.5346,21.1,89.0,0.0,684.0,0.0,3107.0
3546,60,71.0,0.0,2.0,1275.0,0.0,11,2,0,0,0,0,0,59.1154,20.6,88.5,0.0,684.0,0.0,3107.0
3547,60,73.0,2.0,0.0,1275.0,0.0,13,0,0,0,0,0,0,58.7192,20.1,88.0,0.0,684.0,0.0,3107.0
3548,60,73.0,0.0,0.0,1275.0,0.0,13,0,0,0,0,0,0,58.3115,19.6,87.5,0.0,684.0,0.0,3107.0
3549,60,73.0,0.0,0.0,1275.0,0.0,13,0,0,0,0,0,0,57.9038,19.1,87.0,0.0,684.0,0.0,3107.0
3550,60,73.0,0.0,0.0,1275.0,0.0,10,0,3,0,0,0,0,57.5885,18.6,86.5,0.0,684.0,3.0,3110.0
3551,61,73.0,1.0,1.0,1276.0,0.0,11,1,1,0,0,0,0,57.2462,18.1,86.0,1.0,685.0,2.0,3112.0
3552,60,72.0,0.0,1.0,1277.0,0.0,12,1,0,0,0,0,0,56.85,17.6,85.5,0.0,685.0,0.0,3112.0
3553,59,71.0,0.0,1.0,1278.0,0.0,12,1,0,0,0,0,0,56.4538,17.1,85.15,0.0,685.0,0.0,3112.0
3554,58,71.0,0.0,0.0,1278.0,0.0,12,0,1,0,0,0,0,56.0962,16.75,84.8,0.0,685.0,1.0,3113.0
3555,60,73.0,2.0,0.0,1278.0,0.0,13,0,0,0,0,0,0,55.6885,16.4,84.45,0.0,685.0,0.0,3113.0
3556,60,73.0,0.0,0.0,1278.0,0.0,13,0,0,0,0,0,0,55.2808,16.05,84.1,0.0,685.0,0.0,3113.0
3557,60,73.0,0.0,0.0,1278.0,0.0,13,0,0,0,0,0,0,54.8615,15.7,83.75,0.0,685.0,0.0,3113.0
3558,60,73.0,0.0,0.0,1278.0,0.0,13,0,0,0,0,0,0,54.4423,15.35,83.4,0.0,685.0,0.0,3113.0
3559,61,74.0,1.0,0.0,1278.0,0.0,13,0,0,0,0,0,0,54.0115,15.0,83.05,0.0,685.0,0.0,3113.0
3560,61,73.0,0.0,1.0,1279.0,0.0,9,1,2,0,1,0,0,53.6346,14.65,82.9,0.0,685.0,2.0,3115.0
3561,60,73.0,0.0,0.0,1279.0,0.0,9,0,3,0,1,0,0,53.3077,14.3,82.9,0.0,685.0,3.0,3118.0
3562,60,73.0,0.0,0.0,1279.0,0.0,11,0,1,0,1,0,0,52.9308,13.95,82.9,1.0,686.0,2.0,3120.0
3563,61,72.0,1.0,2.0,1281.0,0.0,10,2,0,0,1,0,0,52.4885,13.6,82.55,0.0,686.0,0.0,3120.0
3564,60,71.0,0.0,1.0,1282.0,0.0,11,1,0,0,1,0,0,52.0692,13.25,82.2,0.0,686.0,0.0,3120.0
3565,61,73.0,2.0,0.0,1282.0,0.0,12,0,0,0,1,0,0,51.6615,12.9,81.85,0.0,686.0,0.0,3120.0
3566,61,72.0,0.0,1.0,1283.0,0.0,10,1,1,0,1,0,0,51.2692,12.55,81.35,0.0,686.0,1.0,3121.0
3567,60,72.0,0.0,0.0,1283.0,0.0,12,0,0,0,1,0,0,50.85,12.2,80.85,0.0,686.0,0.0,3121.0
3568,60,69.0,0.0,3.0,1286.0,0.0,9,3,0,0,1,0,0,50.4192,11.85,80.35,0.0,686.0,0.0,3121.0
3569,57,68.0,0.0,1.0,1287.0,0.0,11,1,0,0,1,0,0,50.0,11.5,79.85,0.0,686.0,0.0,3121.0
3570,56,66.0,0.0,2.0,1289.0,0.0,10,2,0,0,1,0,0,49.5923,11.15,79.35,0.0,686.0,0.0,3121.0
3571,56,68.0,2.0,0.0,1289.0,0.0,11,0,1,0,1,0,0,49.2462,10.8,79.35,0.0,686.0,1.0,3122.0
3572,56,68.0,0.0,0.0,1289.0,0.0,9,0,3,0,1,0,0,48.9538,10.45,79.35,0.0,686.0,3.0,3125.0
3573,56,68.0,0.0,0.0,1289.0,0.0,11,0,1,0,1,0,0,48.6346,10.1,79.35,1.0,687.0,2.0,3127.0
3574,56,67.0,0.0,1.0,1290.0,0.0,11,1,0,0,1,0,0,48.25,9.75,78.85,0.0,687.0,0.0,3127.0
3575,56,67.0,1.0,1.0,1291.0,0.0,11,1,0,0,1,0,0,47.8654,9.4,78.5,0.0,687.0,0.0,3127.0
3576,55,67.0,0.0,0.0,1291.0,0.0,12,0,0,0,1,0,0,47.4923,9.05,78.15,0.0,687.0,0.0,3127.0
3577,55,67.0,0.0,0.0,1291.0,0.0,12,0,0,0,1,0,0,47.1192,8.7,77.8,0.0,687.0,0.0,3127.0
3578,55,67.0,0.0,0.0,1291.0,0.0,11,0,1,0,1,0,0,46.7385,8.35,77.45,0.0,687.0,1.0,3128.0
3579,57,69.0,2.0,0.0,1291.0,0.0,12,0,0,0,1,0,0,46.3192,8.0,77.1,0.0,687.0,0.0,3128.0
3580,57,69.0,0.0,0.0,1291.0,0.0,9,0,3,0,1,0,0,45.9808,7.65,77.1,0.0,687.0,3.0,3131.0
3581,57,69.0,0.0,0.0,1291.0,0.0,12,0,0,0,1,0,0,45.5615,7.3,76.75,0.0,687.0,0.0,3131.0
3582,57,69.0,0.0,0.0,1291.0,0.0,12,0,0,0,1,0,0,45.1423,6.95,76.4,0.0,687.0,0.0,3131.0
3583,58,69.0,1.0,1.0,1292.0,0.0,11,1,0,0,1,0,0,44.7231,6.6,76.05,0.0,687.0,0.0,3131.0
3584,57,69.0,0.0,0.0,1292.0,0.0,12,0,0,0,1,0,0,44.3154,6.25,75.7,0.0,687.0,0.0,3131.0
3585,58,69.0,1.0,1.0,1293.0,0.0,5,1,6,1,0,0,0,44.1038,5.9,75.7,0.0,687.0,6.0,3137.0
3586,57,69.0,0.0,0.0,1293.0,0.0,11,0,1,1,0,0,0,44.5354,15.31,75.35,1.0,688.0,2.0,3139.0
3587,58,69.0,1.0,1.0,1294.0,0.0,9,1,2,1,0,0,0,44.9438,19.75,75.35,0.0,688.0,2.0,3141.0
3588,57,69.0,0.0,0.0,1294.0,0.0,12,0,0,1,0,0,0,45.2985,19.25,75.0,0.0,688.0,0.0,3141.0
3589,57,69.0,0.0,0.0,1294.0,0.0,12,0,0,1,0,0,0,45.6531,18.75,74.65,0.0,688.0,0.0,3141.0
3590,57,68.0,0.0,1.0,1295.0,0.0,11,1,0,1,0,0,0,46.0077,18.25,74.3,0.0,688.0,0.0,3141.0
3591,56,67.0,0.0,1.0,1296.0,0.0,11,1,0,1,0,0,0,46.3623,17.75,73.8,0.0,688.0,0.0,3141.0
3592,55,66.0,0.0,1.0,1297.0,0.0,11,1,0,1,0,0,0,46.7169,17.25,73.3,0.0,688.0,0.0,3141.0
3593,55,67.0,1.0,0.0,1297.0,0.0,12,0,0,1,0,0,0,47.0831,16.9,81.18,0.0,688.0,0.0,3141.0
3594,55,67.0,0.0,0.0,1297.0,0.0,11,0,1,1,0,0,0,47.4762,16.55,90.59,0.0,688.0,1.0,3142.0
3595,57,70.0,3.0,0.0,1297.0,0.0,13,0,0,0,0,0,0,47.7808,16.2,99.65,0.0,688.0,0.0,3142.0
3596,57,70.0,0.0,0.0,1297.0,0.0,13,0,0,0,0,0,0,47.3385,15.85,99.3,0.0,688.0,0.0,3142.0
3597,57,70.0,0.0,0.0,1297.0,0.0,13,0,0,0,0,0,0,46.8962,15.5,98.95,0.0,688.0,0.0,3142.0
3598,57,68.0,0.0,2.0,1299.0,0.0,11,2,0,0,0,0,0,46.4423,15.15,98.6,0.0,688.0,0.0,3142.0
3599,55,68.0,0.0,0.0,1299.0,0.0,12,0,0,0,1,0,0,46.0115,14.8,98.25,0.0,688.0,0.0,3142.0
3600,55,68.0,0.0,0.0,1299.0,0.0,12,0,0,0,1,0,0,45.5808,14.45,97.9,0.0,688.0,0.0,3142.0
3601,55,67.0,0.0,1.0,1300.0,0.0,11,1,0,0,1,0,0,45.15,14.1,97.55,0.0,688.0,0.0,3142.0
3602,55,67.0,0.0,0.0,1300.0,0.0,12,0,0,0,1,0,0,44.7308,13.75,97.2,0.0,688.0,0.0,3142.0
3603,56,68.0,1.0,0.0,1300.0,0.0,12,0,0,0,1,0,0,44.3115,13.4,96.85,0.0,688.0,0.0,3142.0
3604,56,68.0,0.0,0.0,1300.0,0.0,12,0,1,0,0,0,0,43.9192,13.4,96.5,0.0,688.0,1.0,3143.0
3605,57,69.0,1.0,0.0,1300.0,0.0,11,0,1,0,1,0,0,43.5385,13.05,96.15,0.0,688.0,1.0,3144.0
3606,57,69.0,0.0,0.0,1300.0,0.0,8,0,4,0,1,0,0,43.2385,12.7,95.8,0.0,688.0,4.0,3148.0
3607,59,70.0,2.0,1.0,1301.0,0.0,10,1,1,0,1,0,0,42.9115,12.35,95.45,2.0,690.0,3.0,3151.0
3608,58,69.0,0.0,1.0,1302.0,0.0,10,1,1,0,1,0,0,42.5192,12.0,95.1,0.0,690.0,1.0,3152.0
3609,57,68.0,0.0,1.0,1303.0,0.0,11,1,0,0,1,0,0,42.1,11.65,94.75,0.0,690.0,0.0,3152.0
3610,56,68.0,0.0,0.0,1303.0,0.0,10,0,2,0,1,0,0,41.7692,11.3,94.4,0.0,690.0,2.0,3154.0
3611,57,69.0,1.0,0.0,1303.0,0.0,10,0,2,0,1,0,0,41.4154,10.95,94.4,0.0,690.0,2.0,3156.0
3612,57,69.0,0.0,0.0,1303.0,0.0,10,0,2,0,1,0,0,41.0769,10.6,94.4,1.0,691.0,3.0,3159.0
3613,57,69.0,0.0,0.0,1303.0,0.0,12,0,0,0,1,0,0,40.6846,10.25,94.05,1.0,692.0,1.0,3160.0
3614,57,69.0,0.0,0.0,1303.0,0.0,11,0,1,1,0,0,0,40.2923,9.9,93.7,0.0,692.0,1.0,3161.0
3615,58,70.0,1.0,0.0,1303.0,0.0,12,0,0,1,0,0,0,40.5815,15.05,93.35,0.0,692.0,0.0,3161.0
3616,58,69.0,0.0,1.0,1304.0,0.0,9,1,1,1,1,0,0,40.9092,14.55,93.0,0.0,692.0,1.0,3162.0
3617,57,69.0,0.0,0.0,1304.0,0.0,8,0,2,1,2,0,0,41.3254,14.2,92.65,1.0,693.0,3.0,3165.0
3618,57,69.0,0.0,0.0,1304.0,0.0,8,0,1,1,3,0,0,41.6646,13.85,92.15,0.0,693.0,1.0,3166.0
3619,59,70.0,2.0,1.0,1305.0,0.0,6,1,3,1,2,0,0,42.0962,13.5,91.65,1.0,694.0,4.0,3170.0
3620,59,70.0,0.0,0.0,1305.0,0.0,9,0,0,1,3,0,0,42.4085,13.15,91.15,0.0,694.0,0.0,3170.0
3621,60,71.0,1.0,0.0,1305.0,0.0,8,0,2,1,2,0,0,42.7862,12.8,90.65,0.0,694.0,2.0,3172.0
3622,60,70.0,0.0,1.0,1306.0,0.0,8,1,0,1,3,0,0,43.0985,12.45,90.15,0.0,694.0,0.0,3172.0
3623,59,69.0,0.0,1.0,1307.0,0.0,8,1,2,1,1,0,0,43.4762,12.45,90.99,0.0,694.0,2.0,3174.0
3624,58,67.0,0.0,2.0,1309.0,0.0,7,2,2,0,2,0,0,43.8654,12.45,99.65,1.0,695.0,3.0,3177.0
3625,58,68.0,1.0,0.0,1309.0,0.0,10,0,0,0,3,0,0,43.4923,12.1,99.3,0.0,695.0,0.0,3177.0
3626,58,68.0,0.0,0.0,1309.0,0.0,10,0,0,0,3,0,0,43.0962,11.75,98.95,0.0,695.0,0.0,3177.0
3627,59,69.0,1.0,0.0,1309.0,0.0,10,0,0,0,3,0,0,42.7,11.4,98.6,0.0,695.0,0.0,3177.0
3628,59,68.0,0.0,1.0,1310.0,0.0,6,1,3,0,3,0,0,42.3962,11.05,98.25,0.0,695.0,3.0,3180.0
3629,58,68.0,0.0,0.0,1310.0,0.0,9,0,1,0,3,0,0,42.0654,10.7,97.9,1.0,696.0,2.0,3182.0
3630,58,68.0,0.0,0.0,1310.0,0.0,10,0,0,0,3,0,0,41.6808,10.35,97.55,0.0,696.0,0.0,3182.0
3631,59,69.0,1.0,0.0,1310.0,0.0,10,0,0,0,3,0,0,41.2962,10.0,97.2,0.0,696.0,0.0,3182.0
3632,59,69.0,0.0,0.0,1310.0,0.0,9,0,2,0,2,0,0,40.9654,9.65,96.85,0.0,696.0,2.0,3184.0
3633,59,69.0,0.0,0.0,1310.0,0.0,9,0,1,0,3,0,0,40.6346,9.3,96.5,1.0,697.0,2.0,3186.0
3634,59,68.0,0.0,1.0,1311.0,0.0,9,1,0,0,3,0,0,40.25,8.95,96.15,0.0,697.0,0.0,3186.0
3635,61,71.0,3.0,0.0,1311.0,0.0,10,0,0,0,3,0,0,39.8769,8.6,95.8,0.0,697.0,0.0,3186.0
3636,61,71.0,0.0,0.0,1311.0,0.0,8,0,2,0,3,0,0,39.5577,8.25,95.45,0.0,697.0,2.0,3188.0
3637,61,70.0,0.0,1.0,1312.0,0.0,8,1,1,0,3,0,0,39.2269,7.9,95.1,1.0,698.0,2.0,3190.0
3638,60,69.0,0.0,1.0,1313.0,0.0,7,1,2,0,3,0,0,38.8962,7.55,95.1,0.0,698.0,2.0,3192.0
3639,59,69.0,0.0,0.0,1313.0,0.0,9,0,1,0,3,0,0,38.5769,7.2,95.1,1.0,699.0,2.0,3194.0
3640,59,68.0,0.0,1.0,1314.0,0.0,8,1,2,0,2,0,0,38.2577,6.85,94.75,0.0,699.0,2.0,3196.0
3641,58,68.0,0.0,0.0,1314.0,0.0,9,0,1,1,2,0,0,37.9231,6.5,94.4,0.0,699.0,1.0,3197.0
3642,58,68.0,0.0,0.0,1314.0,0.0,8,0,2,1,2,0,0,38.3569,6.15,94.05,0.0,699.0,2.0,3199.0
3643,60,70.0,2.0,0.0,1314.0,0.0,10,0,0,1,2,0,0,38.7023,5.8,93.7,0.0,699.0,0.0,3199.0
3644,60,70.0,0.0,0.0,1314.0,0.0,8,0,1,1,3,0,0,39.0746,5.45,93.7,0.0,699.0,1.0,3200.0
3645,61,70.0,1.0,1.0,1315.0,0.0,8,1,0,1,3,0,0,39.42,5.1,93.35,0.0,699.0,0.0,3200.0
3646,61,70.0,0.0,0.0,1315.0,0.0,9,0,0,1,3,0,0,39.7769,4.75,93.0,0.0,699.0,0.0,3200.0
3647,61,69.0,0.0,1.0,1316.0,0.0,7,1,0,1,3,1,0,40.1338,4.4,92.65,0.0,699.0,0.0,3200.0
3648,60,69.0,0.0,0.0,1316.0,0.0,8,0,1,1,2,1,0,40.5562,4.05,92.3,0.0,699.0,1.0,3201.0
3649,61,69.0,1.0,1.0,1317.0,0.0,7,1,0,1,3,1,0,40.9515,3.7,91.95,0.0,699.0,0.0,3201.0
3650,60,69.0,0.0,0.0,1317.0,0.0,8,0,0,1,3,1,0,41.3469,3.35,91.45,0.0,699.0,0.0,3201.0
3651,60,70.0,1.0,0.0,1317.0,0.0,9,0,0,1,3,0,0,41.6885,3.0,99.65,0.0,699.0,0.0,3201.0
3652,60,69.0,0.0,1.0,1318.0,0.0,7,1,1,1,3,0,0,42.0808,4.65,99.3,0.0,699.0,1.0,3202.0
3653,60,69.0,0.0,0.0,1318.0,0.0,9,0,0,1,3,0,0,42.4577,4.3,98.95,0.0,699.0,0.0,3202.0
3654,60,69.0,0.0,0.0,1318.0,0.0,9,0,0,1,3,0,0,42.8346,3.95,98.6,0.0,699.0,0.0,3202.0
3655,62,71.0,2.0,0.0,1318.0,0.0,8,0,1,1,3,0,0,43.2385,3.6,98.25,0.0,699.0,1.0,3203.0
3656,62,69.0,0.0,2.0,1320.0,0.0,5,2,2,1,3,0,0,43.6692,3.25,97.9,0.0,699.0,2.0,3205.0
3657,60,69.0,0.0,0.0,1320.0,0.0,7,0,2,1,3,0,0,44.15,2.9,97.55,1.0,700.0,3.0,3208.0
3658,60,69.0,0.0,0.0,1320.0,0.0,8,0,1,2,2,0,0,44.5769,2.55,97.2,0.0,700.0,1.0,3209.0
3659,61,70.0,1.0,0.0,1320.0,0.0,9,0,0,2,2,0,0,45.7419,9.95,96.85,0.0,700.0,0.0,3209.0
3660,61,70.0,0.0,0.0,1320.0,0.0,9,0,0,3,1,0,0,46.9069,9.6,96.5,0.0,700.0,0.0,3209.0
3661,60,70.0,0.0,0.0,1320.0,0.0,10,0,0,2,1,0,0,48.7673,10.85,99.65,0.0,700.0,0.0,3209.0
3662,60,70.0,0.0,0.0,1320.0,0.0,8,0,2,2,1,0,0,49.9354,10.5,99.3,0.0,700.0,2.0,3211.0
3663,61,71.0,1.0,0.0,1320.0,0.0,9,0,1,2,1,0,0,51.1035,10.15,98.95,1.0,701.0,2.0,3213.0
3664,61,71.0,0.0,0.0,1320.0,0.0,9,0,1,2,1,0,0,52.2562,9.8,98.6,0.0,701.0,1.0,3214.0
3665,62,72.0,1.0,0.0,1320.0,0.0,9,0,0,2,2,0,0,53.3704,9.45,98.25,0.0,701.0,0.0,3214.0
3666,62,72.0,0.0,0.0,1320.0,0.0,6,0,3,2,2,0,0,54.5654,9.1,97.9,0.0,701.0,3.0,3217.0
3667,64,74.0,2.0,0.0,1320.0,0.0,6,0,3,2,2,0,0,55.7604,8.75,97.55,0.0,701.0,3.0,3220.0
3668,63,73.0,0.0,1.0,1321.0,0.0,8,1,1,1,2,0,0,56.8785,8.4,99.65,1.0,702.0,2.0,3222.0
3669,62,73.0,0.0,0.0,1321.0,0.0,10,0,0,1,2,0,0,57.2046,8.05,99.3,0.0,702.0,0.0,3222.0
3670,61,73.0,0.0,0.0,1321.0,0.0,10,0,2,0,1,0,0,57.5692,7.7,99.65,0.0,702.0,2.0,3224.0
3671,61,73.0,0.0,0.0,1321.0,0.0,11,0,1,0,1,0,0,57.2385,7.35,99.3,1.0,703.0,2.0,3226.0
3672,61,73.0,0.0,0.0,1321.0,0.0,11,0,0,0,2,0,0,56.8308,7.0,98.95,0.0,703.0,0.0,3226.0
3673,61,72.0,0.0,1.0,1322.0,0.0,10,1,0,0,2,0,0,56.4115,6.65,98.6,0.0,703.0,0.0,3226.0
3674,61,71.0,0.0,1.0,1323.0,0.0,10,1,1,0,1,0,0,56.0308,6.3,98.25,0.0,703.0,1.0,3227.0
3675,62,73.0,2.0,0.0,1323.0,0.0,11,0,0,0,2,0,0,55.6346,5.95,97.9,0.0,703.0,0.0,3227.0
3676,62,71.0,0.0,2.0,1325.0,0.0,9,2,0,0,2,0,0,55.2385,5.6,97.55,0.0,703.0,0.0,3227.0
3677,61,72.0,1.0,0.0,1325.0,0.0,11,0,0,0,2,0,0,54.8654,5.25,97.2,0.0,703.0,0.0,3227.0
3678,61,72.0,0.0,0.0,1325.0,0.0,10,0,1,0,2,0,0,54.5192,4.9,96.85,0.0,703.0,1.0,3228.0
3679,62,73.0,1.0,0.0,1325.0,0.0,10,0,2,0,1,0,0,54.2154,4.55,96.5,1.0,704.0,3.0,3231.0
3680,62,72.0,0.0,1.0,1326.0,0.0,10,1,0,0,2,0,0,53.8308,4.2,96.15,0.0,704.0,0.0,3231.0
3681,61,72.0,0.0,0.0,1326.0,0.0,11,0,0,0,2,0,0,53.4577,3.85,95.8,0.0,704.0,0.0,3231.0
3682,61,72.0,0.0,0.0,1326.0,0.0,11,0,0,0,2,0,0,53.0731,3.5,95.45,0.0,704.0,0.0,3231.0
3683,62,73.0,1.0,0.0,1326.0,0.0,11,0,0,0,2,0,0,52.6654,3.15,95.1,0.0,704.0,0.0,3231.0
3684,62,72.0,0.0,1.0,1327.0,0.0,10,1,0,0,2,0,0,52.2577,2.8,94.75,0.0,704.0,0.0,3231.0
3685,62,72.0,1.0,1.0,1328.0,0.0,7,1,3,1,1,0,0,51.9654,2.45,94.4,0.0,704.0,3.0,3234.0
3686,61,71.0,0.0,1.0,1329.0,0.0,9,1,1,1,1,0,0,52.4235,8.7,94.05,1.0,705.0,2.0,3236.0
3687,60,71.0,0.0,0.0,1329.0,0.0,11,0,0,1,1,0,0,52.8277,8.35,93.7,0.0,705.0,0.0,3236.0
3688,60,71.0,0.0,0.0,1329.0,0.0,11,0,0,1,1,0,0,53.2319,8.0,93.35,0.0,705.0,0.0,3236.0
3689,60,71.0,0.0,0.0,1329.0,0.0,11,0,0,1,1,0,0,53.6362,7.65,93.0,0.0,705.0,0.0,3236.0
3690,60,71.0,0.0,0.0,1329.0,0.0,11,0,0,1,1,0,0,54.0404,7.3,92.65,0.0,705.0,0.0,3236.0
3691,63,74.0,3.0,0.0,1329.0,0.0,11,0,0,1,1,0,0,54.4446,6.95,92.3,0.0,705.0,0.0,3236.0
3692,63,73.0,0.0,1.0,1330.0,0.0,10,1,0,1,1,0,0,54.8488,6.6,91.95,0.0,705.0,0.0,3236.0
3693,62,73.0,0.0,0.0,1330.0,0.0,11,0,0,1,1,0,0,55.2646,6.25,91.6,0.0,705.0,0.0,3236.0
3694,62,73.0,0.0,0.0,1330.0,0.0,11,0,0,1,1,0,0,55.6688,5.9,91.25,0.0,705.0,0.0,3236.0
3695,62,74.0,1.0,0.0,1330.0,0.0,9,0,2,0,2,0,0,56.0885,5.55,99.65,0.0,705.0,2.0,3238.0
3696,62,74.0,0.0,0.0,1330.0,0.0,10,0,1,1,1,0,0,55.7423,5.2,99.3,0.0,705.0,1.0,3239.0
3697,62,74.0,0.0,0.0,1330.0,0.0,11,0,0,1,1,0,0,56.1254,14.0,98.95,0.0,705.0,0.0,3239.0
3698,62,74.0,0.0,0.0,1330.0,0.0,11,0,0,1,1,0,0,56.4969,13.65,98.6,0.0,705.0,0.0,3239.0
3699,63,75.0,1.0,0.0,1330.0,0.0,11,0,0,1,1,0,0,56.8569,13.3,98.25,0.0,705.0,0.0,3239.0
3700,63,75.0,0.0,0.0,1330.0,0.0,11,0,0,1,1,0,0,57.2169,12.95,97.9,0.0,705.0,0.0,3239.0
3701,63,74.0,0.0,1.0,1331.0,0.0,10,1,0,1,1,0,0,57.5769,12.6,97.55,0.0,705.0,0.0,3239.0
3702,63,73.0,0.0,1.0,1332.0,0.0,9,1,1,1,1,0,0,57.9638,12.25,97.2,0.0,705.0,1.0,3240.0
3703,63,74.0,1.0,0.0,1332.0,0.0,11,0,0,1,1,0,0,58.3354,11.9,96.85,0.0,705.0,0.0,3240.0
3704,63,74.0,0.0,0.0,1332.0,0.0,11,0,0,1,1,0,0,58.6723,11.55,96.5,0.0,705.0,0.0,3240.0
3705,65,76.0,2.0,0.0,1332.0,0.0,11,0,0,1,1,0,0,59.0092,11.2,96.15,0.0,705.0,0.0,3240.0
3706,64,76.0,0.0,0.0,1332.0,0.0,12,0,0,0,1,0,0,59.3192,10.85,99.65,0.0,705.0,0.0,3240.0
3707,65,76.0,1.0,1.0,1333.0,0.0,11,1,0,0,1,0,0,58.9,10.5,99.3,0.0,705.0,0.0,3240.0
3708,64,75.0,0.0,1.0,1334.0,0.0,11,1,0,0,1,0,0,58.4808,10.15,98.95,0.0,705.0,0.0,3240.0
3709,63,75.0,0.0,0.0,1334.0,0.0,12,0,0,0,1,0,0,58.0615,9.8,98.6,0.0,705.0,0.0,3240.0
3710,63,74.0,0.0,1.0,1335.0,0.0,11,1,0,0,1,0,0,57.6423,9.45,98.25,0.0,705.0,0.0,3240.0
3711,62,74.0,0.0,0.0,1335.0,0.0,12,0,0,0,1,0,0,57.2346,9.1,97.9,0.0,705.0,0.0,3240.0
3712,62,74.0,0.0,0.0,1335.0,0.0,11,0,1,0,1,0,0,56.8538,8.75,97.55,0.0,705.0,1.0,3241.0
3713,62,74.0,0.0,0.0,1335.0,0.0,11,0,0,0,2,0,0,56.4462,8.4,97.2,0.0,705.0,0.0,3241.0
3714,62,74.0,0.0,0.0,1335.0,0.0,11,0,0,0,2,0,0,56.05,8.05,96.85,0.0,705.0,0.0,3241.0
3715,65,77.0,3.0,0.0,1335.0,0.0,11,0,0,0,2,0,0,55.6423,7.7,96.5,0.0,705.0,0.0,3241.0
3716,65,76.0,0.0,1.0,1336.0,0.0,10,1,0,0,2,0,0,55.2231,7.35,96.15,0.0,705.0,0.0,3241.0
3717,64,76.0,0.0,0.0,1336.0,0.0,11,0,0,0,2,0,0,54.8038,7.0,95.8,0.0,705.0,0.0,3241.0
3718,64,75.0,0.0,1.0,1337.0,0.0,10,1,0,0,2,0,0,54.3846,6.65,95.45,0.0,705.0,0.0,3241.0
3719,64,75.0,1.0,1.0,1338.0,0.0,10,1,0,0,2,0,0,53.9769,6.3,95.1,0.0,705.0,0.0,3241.0
3720,63,75.0,0.0,0.0,1338.0,0.0,9,0,2,0,2,0,0,53.6231,5.95,94.6,0.0,705.0,2.0,3243.0
3721,63,73.0,0.0,2.0,1340.0,0.0,8,2,1,1,1,0,0,53.2692,5.6,94.1,1.0,706.0,2.0,3245.0
3722,62,72.0,0.0,1.0,1341.0,0.0,10,1,0,1,1,0,0,53.6262,11.55,93.6,0.0,706.0,0.0,3245.0
3723,62,73.0,1.0,0.0,1341.0,0.0,11,0,0,1,1,0,0,53.9831,11.2,93.25,0.0,706.0,0.0,3245.0
3724,62,72.0,0.0,1.0,1342.0,0.0,10,1,0,1,1,0,0,54.34,10.85,92.9,0.0,706.0,0.0,3245.0
3725,62,73.0,1.0,0.0,1342.0,0.0,11,0,0,1,1,0,0,54.6854,10.5,92.55,0.0,706.0,0.0,3245.0
3726,62,73.0,0.0,0.0,1342.0,0.0,11,0,0,1,1,0,0,55.0308,10.15,92.2,0.0,706.0,0.0,3245.0
3727,63,72.0,1.0,2.0,1344.0,0.0,9,2,0,1,1,0,0,55.3646,9.8,91.85,0.0,706.0,0.0,3245.0
3728,61,72.0,0.0,0.0,1344.0,0.0,11,0,0,1,1,0,0,55.7215,9.45,91.5,0.0,706.0,0.0,3245.0
3729,61,72.0,0.0,0.0,1344.0,0.0,11,0,0,1,1,0,0,56.0785,9.1,91.15,0.0,706.0,0.0,3245.0
3730,61,72.0,0.0,0.0,1344.0,0.0,11,0,0,1,1,0,0,56.4238,8.75,90.8,0.0,706.0,0.0,3245.0
3731,61,72.0,1.0,1.0,1345.0,0.0,10,1,0,0,2,0,0,56.7308,8.4,99.65,0.0,706.0,0.0,3245.0
3732,61,72.0,0.0,0.0,1345.0,0.0,11,0,0,0,2,0,0,56.3346,8.05,99.3,0.0,706.0,0.0,3245.0
3733,62,73.0,1.0,0.0,1345.0,0.0,10,0,1,0,2,0,0,55.9654,7.7,98.95,0.0,706.0,1.0,3246.0
3734,62,73.0,0.0,0.0,1345.0,0.0,11,0,0,0,2,0,0,55.5692,7.35,98.6,0.0,706.0,0.0,3246.0
3735,63,74.0,1.0,0.0,1345.0,0.0,11,0,0,0,2,0,0,55.1731,7.0,98.25,0.0,706.0,0.0,3246.0
3736,63,74.0,0.0,0.0,1345.0,0.0,10,0,1,0,2,0,0,54.8038,6.65,97.9,0.0,706.0,1.0,3247.0
3737,63,74.0,0.0,0.0,1345.0,0.0,10,0,1,0,2,0,0,54.4731,6.3,97.55,1.0,707.0,2.0,3249.0
3738,63,74.0,0.0,0.0,1345.0,0.0,10,0,0,0,3,0,0,54.0769,5.95,97.2,0.0,707.0,0.0,3249.0
3739,65,76.0,2.0,0.0,1345.0,0.0,10,0,0,0,3,0,0,53.6692,5.6,96.85,0.0,707.0,0.0,3249.0
3740,65,76.0,0.0,0.0,1345.0,0.0,10,0,1,0,2,0,0,53.2885,5.25,96.5,0.0,707.0,1.0,3250.0
3741,65,76.0,0.0,0.0,1345.0,0.0,10,0,0,0,3,0,0,52.8462,4.9,96.15,0.0,707.0,0.0,3250.0
3742,65,76.0,0.0,0.0,1345.0,0.0,10,0,0,0,3,0,0,52.4038,4.55,95.8,0.0,707.0,0.0,3250.0
3743,65,75.0,0.0,1.0,1346.0,0.0,9,1,0,0,3,0,0,51.9615,4.2,95.45,0.0,707.0,0.0,3250.0
3744,64,73.0,0.0,2.0,1348.0,0.0,7,2,0,0,4,0,0,51.5308,3.85,95.1,0.0,707.0,0.0,3250.0
3745,63,74.0,1.0,0.0,1348.0,0.0,9,0,0,0,4,0,0,51.1346,3.5,94.75,0.0,707.0,0.0,3250.0
3746,63,73.0,0.0,1.0,1349.0,0.0,8,1,0,1,3,0,0,50.7385,3.15,94.4,0.0,707.0,0.0,3250.0
3747,64,75.0,2.0,0.0,1349.0,0.0,7,0,2,1,3,0,0,51.1796,9.45,94.05,0.0,707.0,2.0,3252.0
3748,64,74.0,0.0,1.0,1350.0,0.0,7,1,1,1,3,0,0,51.6092,9.1,93.7,1.0,708.0,2.0,3254.0
3749,63,74.0,0.0,0.0,1350.0,0.0,9,0,0,1,3,0,0,51.9965,8.75,93.35,0.0,708.0,0.0,3254.0
3750,63,74.0,0.0,0.0,1350.0,0.0,9,0,0,1,3,0,0,52.3838,8.4,93.0,0.0,708.0,0.0,3254.0
3751,64,75.0,1.0,0.0,1350.0,0.0,9,0,0,1,3,0,0,52.7712,8.05,92.65,0.0,708.0,0.0,3254.0
3752,64,75.0,0.0,0.0,1350.0,0.0,8,0,1,2,2,0,0,53.1854,7.7,92.3,0.0,708.0,1.0,3255.0
3753,64,75.0,0.0,0.0,1350.0,0.0,8,0,1,2,2,0,0,54.3635,9.4,91.95,1.0,709.0,2.0,3257.0
3754,64,75.0,0.0,0.0,1350.0,0.0,9,0,0,2,2,0,0,55.4877,9.05,91.6,0.0,709.0,0.0,3257.0
3755,66,75.0,2.0,2.0,1352.0,0.0,7,2,0,2,2,0,0,56.6119,8.7,91.25,0.0,709.0,0.0,3257.0
3756,64,75.0,0.0,0.0,1352.0,0.0,9,0,1,1,2,0,0,57.7592,8.35,99.65,0.0,709.0,1.0,3258.0
3757,64,75.0,0.0,0.0,1352.0,0.0,10,0,0,1,2,0,0,58.1346,8.0,99.3,0.0,709.0,0.0,3258.0
3758,64,74.0,0.0,1.0,1353.0,0.0,9,1,0,1,2,0,0,58.4985,7.65,98.95,0.0,709.0,0.0,3258.0
3759,64,74.0,0.0,0.0,1353.0,0.0,10,0,0,1,2,0,0,58.8508,7.3,98.6,0.0,709.0,0.0,3258.0
3760,64,74.0,0.0,0.0,1353.0,0.0,8,0,2,1,2,0,0,59.2569,6.95,98.25,0.0,709.0,2.0,3260.0
3761,65,74.0,1.0,1.0,1354.0,0.0,8,1,1,1,2,0,0,59.6515,6.6,97.9,1.0,710.0,2.0,3262.0
3762,63,74.0,0.0,0.0,1354.0,0.0,10,0,1,0,2,0,0,59.9923,6.25,99.65,0.0,710.0,1.0,3263.0
3763,65,76.0,2.0,0.0,1354.0,0.0,10,0,1,0,2,0,0,59.6615,5.9,99.3,1.0,711.0,2.0,3265.0
3764,65,74.0,0.0,2.0,1356.0,0.0,9,2,0,1,1,0,0,59.2654,5.55,98.95,0.0,711.0,0.0,3265.0
3765,64,75.0,1.0,0.0,1356.0,0.0,11,0,0,1,1,0,0,59.6165,5.2,98.6,0.0,711.0,0.0,3265.0
3766,64,75.0,0.0,0.0,1356.0,0.0,11,0,0,1,1,0,0,59.9562,4.85,98.25,0.0,711.0,0.0,3265.0
3767,64,75.0,0.0,0.0,1356.0,0.0,10,0,1,1,1,0,0,60.3227,4.5,97.9,0.0,711.0,1.0,3266.0
3768,64,73.0,0.0,2.0,1358.0,0.0,9,2,0,1,1,0,0,60.6623,4.15,97.55,0.0,711.0,0.0,3266.0
3769,62,72.0,0.0,1.0,1359.0,0.0,10,1,0,1,1,0,0,61.025,3.8,97.2,0.0,711.0,0.0,3266.0
3770,61,72.0,0.0,0.0,1359.0,0.0,11,0,0,1,1,0,0,61.3992,3.45,96.85,0.0,711.0,0.0,3266.0
3771,62,73.0,1.0,0.0,1359.0,0.0,11,0,0,2,0,0,0,61.7735,3.1,96.5,0.0,711.0,0.0,3266.0
3772,62,72.0,0.0,1.0,1360.0,0.0,9,1,1,2,0,0,0,62.9469,12.79,96.15,0.0,711.0,1.0,3267.0
3773,61,72.0,0.0,0.0,1360.0,0.0,11,0,0,2,0,0,0,64.0935,22.48,95.8,0.0,711.0,0.0,3267.0
3774,60,72.0,0.0,0.0,1360.0,0.0,11,0,1,1,0,0,0,65.24,28.8,99.65,0.0,711.0,1.0,3268.0
3775,63,75.0,3.0,0.0,1360.0,0.0,11,0,1,1,0,0,0,65.6777,28.45,99.3,0.0,711.0,1.0,3269.0
3776,63,75.0,0.0,0.0,1360.0,0.0,11,0,1,1,0,0,0,66.1038,28.1,98.95,0.0,711.0,1.0,3270.0
3777,63,74.0,0.0,1.0,1361.0,0.0,11,1,0,1,0,0,0,66.4685,27.75,98.6,0.0,711.0,0.0,3270.0
3778,62,73.0,0.0,1.0,1362.0,0.0,10,1,1,1,0,0,0,66.8715,27.75,98.25,0.0,711.0,1.0,3271.0
3779,62,74.0,1.0,0.0,1362.0,0.0,12,0,0,1,0,0,0,67.2592,27.4,97.9,0.0,711.0,0.0,3271.0
3780,62,74.0,0.0,0.0,1362.0,0.0,12,0,0,1,0,0,0,67.6469,27.05,97.55,0.0,711.0,0.0,3271.0
3781,61,74.0,0.0,0.0,1362.0,0.0,12,0,1,0,0,0,0,68.0115,26.7,99.65,0.0,711.0,1.0,3272.0
3782,61,73.0,0.0,1.0,1363.0,0.0,12,1,0,0,0,0,0,67.5923,26.35,99.3,0.0,711.0,0.0,3272.0
3783,60,72.0,0.0,1.0,1364.0,0.0,12,1,0,0,0,0,0,67.1846,26.0,98.95,0.0,711.0,0.0,3272.0
3784,59,72.0,0.0,0.0,1364.0,0.0,13,0,0,0,0,0,0,66.7885,25.65,98.6,0.0,711.0,0.0,3272.0
3785,60,72.0,1.0,1.0,1365.0,0.0,11,1,1,0,0,0,0,66.4192,25.3,98.25,0.0,711.0,1.0,3273.0
3786,59,71.0,0.0,1.0,1366.0,0.0,11,1,1,0,0,0,0,66.0615,25.3,97.9,0.0,711.0,1.0,3274.0
3787,60,73.0,2.0,0.0,1366.0,0.0,13,0,0,0,0,0,0,65.6769,24.95,97.55,0.0,711.0,0.0,3274.0
3788,60,73.0,0.0,0.0,1366.0,0.0,12,0,1,0,0,0,0,65.3192,24.6,97.2,0.0,711.0,1.0,3275.0
3789,61,74.0,1.0,0.0,1366.0,0.0,12,0,1,0,0,0,0,64.9615,24.25,96.85,0.0,711.0,1.0,3276.0
3790,61,74.0,0.0,0.0,1366.0,0.0,10,0,3,0,0,0,0,64.6846,23.9,96.5,1.0,712.0,4.0,3280.0
3791,61,73.0,0.0,1.0,1367.0,0.0,9,1,3,0,0,0,0,64.4077,23.9,96.15,1.0,713.0,4.0,3284.0
3792,60,73.0,0.0,0.0,1367.0,0.0,11,0,2,0,0,0,0,64.0923,23.9,95.8,1.0,714.0,3.0,3287.0
3793,60,73.0,0.0,0.0,1367.0,0.0,13,0,0,0,0,0,0,63.6846,23.55,95.45,0.0,714.0,0.0,3287.0
3794,60,73.0,0.0,0.0,1367.0,0.0,11,0,2,0,0,0,0,63.3308,23.2,95.1,0.0,714.0,2.0,3289.0
3795,62,74.0,2.0,1.0,1368.0,0.0,12,1,0,0,0,0,0,62.9,22.85,94.75,0.0,714.0,0.0,3289.0
3796,61,73.0,0.0,1.0,1369.0,0.0,12,1,0,0,0,0,0,62.4577,22.5,94.4,0.0,714.0,0.0,3289.0
3797,60,72.0,0.0,1.0,1370.0,0.0,12,1,0,0,0,0,0,62.0269,22.15,94.05,0.0,714.0,0.0,3289.0
3798,59,71.0,0.0,1.0,1371.0,0.0,12,1,0,0,0,0,0,61.6077,21.8,93.7,0.0,714.0,0.0,3289.0
3799,59,72.0,1.0,0.0,1371.0,0.0,13,0,0,0,0,0,0,61.2,21.45,93.35,0.0,714.0,0.0,3289.0
3800,59,72.0,0.0,0.0,1371.0,0.0,12,0,1,0,0,0,0,60.8192,21.45,93.0,0.0,714.0,1.0,3290.0
3801,59,72.0,0.0,0.0,1371.0,0.0,11,0,2,0,0,0,0,60.4654,21.45,92.65,0.0,714.0,2.0,3292.0
3802,59,72.0,0.0,0.0,1371.0,0.0,11,0,2,0,0,0,0,60.15,21.45,92.3,1.0,715.0,3.0,3295.0
3803,61,73.0,2.0,1.0,1372.0,0.0,12,1,0,0,0,0,0,59.7308,21.1,91.95,0.0,715.0,0.0,3295.0
3804,60,72.0,0.0,1.0,1373.0,0.0,10,1,2,0,0,0,0,59.4269,21.1,91.6,0.0,715.0,2.0,3297.0
3805,60,73.0,1.0,0.0,1373.0,0.0,13,0,0,0,0,0,0,59.1115,21.1,91.25,2.0,717.0,2.0,3299.0
3806,60,73.0,0.0,0.0,1373.0,0.0,13,0,0,0,0,0,0,58.7308,20.75,90.9,0.0,717.0,0.0,3299.0
3807,60,73.0,0.0,0.0,1373.0,0.0,13,0,0,0,0,0,0,58.35,20.4,90.55,0.0,717.0,0.0,3299.0
3808,60,73.0,0.0,0.0,1373.0,0.0,13,0,0,0,0,0,0,57.9692,20.05,90.2,0.0,717.0,0.0,3299.0
3809,60,73.0,0.0,0.0,1373.0,0.0,13,0,0,0,0,0,0,57.5385,19.7,89.85,0.0,717.0,0.0,3299.0
3810,60,73.0,0.0,0.0,1373.0,0.0,13,0,0,0,0,0,0,57.0962,19.35,89.5,0.0,717.0,0.0,3299.0
3811,62,74.0,2.0,1.0,1374.0,0.0,11,1,1,0,0,0,0,56.6808,19.35,89.15,0.0,717.0,1.0,3300.0
3812,61,74.0,0.0,0.0,1374.0,0.0,9,0,4,0,0,0,0,56.3808,19.35,88.8,0.0,717.0,4.0,3304.0
3813,61,74.0,0.0,0.0,1374.0,0.0,11,0,2,0,0,0,0,56.0577,19.35,88.3,2.0,719.0,4.0,3308.0
3814,61,74.0,0.0,0.0,1374.0,0.0,13,0,0,0,0,0,0,55.5808,19.0,87.8,0.0,719.0,0.0,3308.0
3815,62,75.0,1.0,0.0,1374.0,0.0,13,0,0,0,0,0,0,55.1038,18.65,87.3,0.0,719.0,0.0,3308.0
3816,62,74.0,0.0,1.0,1375.0,0.0,12,1,0,0,0,0,0,54.6269,18.3,86.8,0.0,719.0,0.0,3308.0
3817,62,75.0,1.0,0.0,1375.0,0.0,13,0,0,0,0,0,0,54.15,17.8,86.3,0.0,719.0,0.0,3308.0
3818,62,75.0,0.0,0.0,1375.0,0.0,13,0,0,0,0,0,0,53.6731,17.3,85.8,0.0,719.0,0.0,3308.0
3819,63,74.0,1.0,2.0,1377.0,0.0,9,2,2,0,0,0,0,53.2731,16.8,85.8,0.0,719.0,2.0,3310.0
3820,61,74.0,0.0,0.0,1377.0,0.0,12,0,1,0,0,0,0,52.8962,16.3,85.8,1.0,720.0,2.0,3312.0
3821,61,73.0,0.0,1.0,1378.0,0.0,12,1,0,0,0,0,0,52.4308,15.8,85.3,0.0,720.0,0.0,3312.0
3822,60,73.0,0.0,0.0,1378.0,0.0,13,0,0,0,0,0,0,51.9769,15.3,84.8,0.0,720.0,0.0,3312.0
3823,61,74.0,1.0,0.0,1378.0,0.0,11,0,1,0,1,0,0,51.55,14.8,84.8,0.0,720.0,1.0,3313.0
3824,61,74.0,0.0,0.0,1378.0,0.0,12,0,0,0,1,0,0,51.0962,14.45,84.3,0.0,720.0,0.0,3313.0
3825,62,73.0,1.0,2.0,1380.0,0.0,10,2,0,0,1,0,0,50.6423,14.1,83.8,0.0,720.0,0.0,3313.0
3826,60,72.0,0.0,1.0,1381.0,0.0,11,1,0,0,1,0,0,50.2115,13.75,83.3,0.0,720.0,0.0,3313.0
3827,61,71.0,1.0,2.0,1383.0,0.0,10,2,0,0,1,0,0,49.7923,13.4,82.8,0.0,720.0,0.0,3313.0
3828,59,71.0,0.0,0.0,1383.0,0.0,9,0,4,0,0,0,0,49.5269,13.4,82.45,0.0,720.0,4.0,3317.0
3829,59,70.0,0.0,1.0,1384.0,0.0,10,1,1,0,1,0,0,49.1846,13.05,82.1,1.0,721.0,2.0,3319.0
3830,58,70.0,0.0,0.0,1384.0,0.0,12,0,0,0,1,0,0,48.7885,12.7,81.75,0.0,721.0,0.0,3319.0
3831,59,70.0,1.0,1.0,1385.0,0.0,11,1,0,0,1,0,0,48.3923,12.35,81.4,0.0,721.0,0.0,3319.0
3832,58,70.0,0.0,0.0,1385.0,0.0,10,0,2,0,1,0,0,48.0615,12.0,81.4,0.0,721.0,2.0,3321.0
3833,58,70.0,0.0,0.0,1385.0,0.0,11,0,1,0,1,0,0,47.7192,11.65,81.4,1.0,722.0,2.0,3323.0
3834,58,70.0,0.0,0.0,1385.0,0.0,12,0,0,0,1,0,0,47.3115,11.3,81.05,0.0,722.0,0.0,3323.0
3835,61,72.0,3.0,1.0,1386.0,0.0,10,1,1,0,1,0,0,46.9308,10.95,80.7,0.0,722.0,1.0,3324.0
3836,60,71.0,0.0,1.0,1387.0,0.0,11,1,0,0,1,0,0,46.5231,10.6,80.35,0.0,722.0,0.0,3324.0
3837,59,71.0,0.0,0.0,1387.0,0.0,12,0,0,0,1,0,0,46.1038,10.25,80.0,0.0,722.0,0.0,3324.0
3838,59,69.0,0.0,2.0,1389.0,0.0,9,2,1,0,1,0,0,45.7115,9.9,79.65,0.0,722.0,1.0,3325.0
3839,57,68.0,0.0,1.0,1390.0,0.0,11,1,0,0,1,0,0,45.3154,9.55,79.3,0.0,722.0,0.0,3325.0
3840,56,68.0,0.0,0.0,1390.0,0.0,10,0,2,0,1,0,0,44.9962,9.2,78.95,0.0,722.0,2.0,3327.0
3841,56,68.0,0.0,0.0,1390.0,0.0,11,0,1,1,0,0,0,44.6769,8.85,78.6,1.0,723.0,2.0,3329.0
3842,56,68.0,0.0,0.0,1390.0,0.0,11,0,0,1,1,0,0,45.0204,14.85,78.25,0.0,723.0,0.0,3329.0
3843,57,69.0,1.0,0.0,1390.0,0.0,10,0,1,1,1,0,0,45.4292,14.5,77.9,0.0,723.0,1.0,3330.0
3844,57,69.0,0.0,0.0,1390.0,0.0,10,0,2,1,0,0,0,45.865,14.5,77.55,1.0,724.0,3.0,3333.0
3845,59,71.0,2.0,0.0,1390.0,0.0,10,0,1,1,1,0,0,46.2238,14.15,77.2,0.0,724.0,1.0,3334.0
3846,59,69.0,0.0,2.0,1392.0,0.0,6,2,3,1,1,0,0,46.6365,13.8,77.2,0.0,724.0,3.0,3337.0
3847,58,70.0,1.0,0.0,1392.0,0.0,7,0,5,1,0,0,0,47.1646,13.8,77.2,1.0,725.0,6.0,3343.0
3848,58,70.0,0.0,0.0,1392.0,0.0,10,0,2,1,0,0,0,47.6273,13.8,76.85,2.0,727.0,4.0,3347.0
3849,58,70.0,0.0,0.0,1392.0,0.0,10,0,2,1,0,0,0,48.0362,13.8,81.77,0.0,727.0,2.0,3349.0
3850,58,70.0,0.0,0.0,1392.0,0.0,11,0,0,1,1,0,0,48.3681,13.45,90.885,0.0,727.0,0.0,3349.0
3851,58,71.0,1.0,0.0,1392.0,0.0,12,0,0,0,1,0,0,48.6615,13.1,99.65,0.0,727.0,0.0,3349.0
3852,58,70.0,0.0,1.0,1393.0,0.0,11,1,0,0,1,0,0,48.2538,12.75,99.3,0.0,727.0,0.0,3349.0
3853,58,70.0,0.0,0.0,1393.0,0.0,12,0,1,0,0,0,0,47.8731,12.75,98.95,0.0,727.0,1.0,3350.0
3854,58,69.0,0.0,1.0,1394.0,0.0,11,1,0,0,1,0,0,47.4423,12.4,98.6,0.0,727.0,0.0,3350.0
3855,58,70.0,1.0,0.0,1394.0,0.0,12,0,0,0,1,0,0,47.0231,12.05,98.25,0.0,727.0,0.0,3350.0
3856,58,70.0,0.0,0.0,1394.0,0.0,12,0,0,0,1,0,0,46.6038,11.7,97.9,0.0,727.0,0.0,3350.0
3857,58,70.0,0.0,0.0,1394.0,0.0,12,0,0,0,1,0,0,46.1846,11.35,97.55,0.0,727.0,0.0,3350.0
3858,58,70.0,0.0,0.0,1394.0,0.0,12,0,0,0,1,0,0,45.7654,11.0,97.2,0.0,727.0,0.0,3350.0
3859,61,72.0,3.0,1.0,1395.0,0.0,11,1,0,0,1,0,0,45.3346,10.65,96.85,0.0,727.0,0.0,3350.0
3860,60,72.0,0.0,0.0,1395.0,0.0,12,0,0,0,1,0,0,44.9154,10.3,96.5,0.0,727.0,0.0,3350.0
3861,60,72.0,0.0,0.0,1395.0,0.0,11,0,2,0,0,0,0,44.5385,10.3,96.15,0.0,727.0,2.0,3352.0
3862,60,71.0,0.0,1.0,1396.0,0.0,11,1,1,0,0,0,0,44.1615,10.3,95.8,1.0,728.0,2.0,3354.0
3863,59,70.0,0.0,1.0,1397.0,0.0,10,1,1,0,1,0,0,43.7692,9.95,95.45,0.0,728.0,1.0,3355.0
3864,58,69.0,0.0,1.0,1398.0,0.0,11,1,0,0,1,0,0,43.3385,9.6,95.1,0.0,728.0,0.0,3355.0
3865,58,69.0,1.0,1.0,1399.0,0.0,11,1,0,0,1,0,0,42.9077,9.25,94.75,0.0,728.0,0.0,3355.0
3866,57,68.0,0.0,1.0,1400.0,0.0,10,1,1,0,1,0,0,42.5154,8.9,94.4,0.0,728.0,1.0,3356.0
3867,57,69.0,1.0,0.0,1400.0,0.0,11,0,1,0,1,0,0,42.1346,8.55,94.05,0.0,728.0,1.0,3357.0
3868,57,69.0,0.0,0.0,1400.0,0.0,12,0,0,0,1,0,0,41.7269,8.2,93.7,0.0,728.0,0.0,3357.0
3869,57,69.0,0.0,0.0,1400.0,0.0,12,0,0,0,1,0,0,41.3077,7.85,93.35,0.0,728.0,0.0,3357.0
3870,57,68.0,0.0,1.0,1401.0,0.0,7,1,3,0,2,0,0,40.9923,7.5,93.0,0.0,728.0,3.0,3360.0
3871,57,67.0,1.0,2.0,1403.0,0.0,7,2,2,0,2,0,0,40.7269,7.15,92.65,2.0,730.0,4.0,3364.0
3872,56,67.0,0.0,0.0,1403.0,0.0,11,0,0,0,2,0,0,40.3538,6.8,92.3,0.0,730.0,0.0,3364.0
3873,57,68.0,1.0,0.0,1403.0,0.0,11,0,1,0,1,0,0,40.0077,6.45,91.95,0.0,730.0,1.0,3365.0
3874,57,68.0,0.0,0.0,1403.0,0.0,9,0,2,0,2,0,0,39.6885,6.1,91.95,0.0,730.0,2.0,3367.0
3875,59,70.0,2.0,0.0,1403.0,0.0,10,0,1,0,2,0,0,39.3692,5.75,91.95,1.0,731.0,2.0,3369.0
3876,59,70.0,0.0,0.0,1403.0,0.0,11,0,0,0,2,0,0,38.9962,5.4,91.6,0.0,731.0,0.0,3369.0
3877,59,70.0,0.0,0.0,1403.0,0.0,11,0,0,1,1,0,0,38.6115,5.05,91.1,0.0,731.0,0.0,3369.0
3878,59,70.0,0.0,0.0,1403.0,0.0,11,0,0,1,1,0,0,38.9727,12.15,90.6,0.0,731.0,0.0,3369.0
3879,59,69.0,0.0,1.0,1404.0,0.0,9,1,0,1,2,0,0,39.3108,11.8,90.1,0.0,731.0,0.0,3369.0
3880,58,69.0,0.0,0.0,1404.0,0.0,10,0,0,1,2,0,0,39.6604,11.45,89.6,0.0,731.0,0.0,3369.0
3881,58,68.0,0.0,1.0,1405.0,0.0,9,1,0,1,2,0,0,40.01,11.1,89.1,0.0,731.0,0.0,3369.0
3882,58,68.0,0.0,0.0,1405.0,0.0,9,0,1,1,2,0,0,40.3981,10.75,88.6,0.0,731.0,1.0,3370.0
3883,60,70.0,2.0,0.0,1405.0,0.0,10,0,0,1,2,0,0,40.7477,10.4,88.1,0.0,731.0,0.0,3370.0
3884,60,70.0,0.0,0.0,1405.0,0.0,9,0,1,1,2,0,0,41.1242,10.05,87.6,0.0,731.0,1.0,3371.0
3885,61,71.0,1.0,0.0,1405.0,0.0,10,0,0,1,2,0,0,41.4623,9.7,87.1,0.0,731.0,0.0,3371.0
3886,61,70.0,0.0,1.0,1406.0,0.0,8,1,1,1,2,0,0,41.8273,9.35,90.505,0.0,731.0,1.0,3372.0
3887,60,71.0,1.0,0.0,1406.0,0.0,11,0,0,0,2,0,0,42.1269,9.0,99.65,0.0,731.0,0.0,3372.0
3888,60,70.0,0.0,1.0,1407.0,0.0,10,1,0,0,2,0,0,41.6962,8.65,99.3,0.0,731.0,0.0,3372.0
3889,59,69.0,0.0,1.0,1408.0,0.0,9,1,0,0,3,0,0,41.2538,8.3,98.95,0.0,731.0,0.0,3372.0
3890,59,67.0,0.0,2.0,1410.0,0.0,7,2,1,0,3,0,0,40.8615,7.95,98.6,0.0,731.0,1.0,3373.0
3891,58,68.0,1.0,0.0,1410.0,0.0,8,0,2,0,3,0,0,40.5308,7.6,98.25,0.0,731.0,2.0,3375.0
3892,58,67.0,0.0,1.0,1411.0,0.0,8,1,1,0,3,0,0,40.2,7.25,97.9,1.0,732.0,2.0,3377.0
3893,57,67.0,0.0,0.0,1411.0,0.0,9,0,0,0,4,0,0,39.8154,6.9,97.55,0.0,732.0,0.0,3377.0
3894,57,67.0,0.0,0.0,1411.0,0.0,9,0,0,1,3,0,0,39.4308,6.55,97.2,0.0,732.0,0.0,3377.0
3895,59,69.0,2.0,0.0,1411.0,0.0,9,0,0,2,2,0,0,39.77,6.2,96.85,0.0,732.0,0.0,3377.0
3896,59,69.0,0.0,0.0,1411.0,0.0,9,0,0,2,2,0,0,40.8577,12.25,96.5,0.0,732.0,0.0,3377.0
3897,59,68.0,0.0,1.0,1412.0,0.0,8,1,0,2,2,0,0,41.9454,11.9,96.15,0.0,732.0,0.0,3377.0
3898,59,68.0,0.0,0.0,1412.0,0.0,9,0,0,2,2,0,0,43.0446,11.55,95.8,0.0,732.0,0.0,3377.0
3899,60,69.0,1.0,0.0,1412.0,0.0,9,0,0,2,2,0,0,44.1323,11.2,95.45,0.0,732.0,0.0,3377.0
3900,60,69.0,0.0,0.0,1412.0,0.0,9,0,0,2,2,0,0,45.22,10.85,95.1,0.0,732.0,0.0,3377.0
3901,61,70.0,1.0,0.0,1412.0,0.0,9,0,0,2,2,0,0,46.2846,10.5,94.6,0.0,732.0,0.0,3377.0
3902,61,70.0,0.0,0.0,1412.0,0.0,9,0,0,2,2,0,0,47.3492,10.15,94.1,0.0,732.0,0.0,3377.0
3903,61,69.0,0.0,1.0,1413.0,0.0,8,1,0,2,2,0,0,48.4138,9.8,93.6,0.0,732.0,0.0,3377.0
3904,59,69.0,0.0,0.0,1413.0,0.0,9,0,1,2,1,0,0,49.4785,9.45,99.65,0.0,732.0,1.0,3378.0
3905,59,69.0,1.0,1.0,1414.0,0.0,8,1,2,1,1,0,0,50.5812,10.65,100.0,0.0,732.0,2.0,3380.0
3906,58,69.0,0.0,0.0,1414.0,0.0,11,0,0,1,1,0,0,50.8969,10.3,99.65,0.0,732.0,0.0,3380.0
3907,60,70.0,2.0,1.0,1415.0,0.0,10,1,0,1,1,0,0,51.1896,9.95,99.3,0.0,732.0,0.0,3380.0
3908,59,70.0,0.0,0.0,1415.0,0.0,10,0,1,1,1,0,0,51.5323,9.6,98.95,0.0,732.0,1.0,3381.0
3909,59,69.0,0.0,1.0,1416.0,0.0,9,1,0,1,2,0,0,51.8365,9.25,98.6,0.0,732.0,0.0,3381.0
3910,59,69.0,0.0,0.0,1416.0,0.0,9,0,1,1,2,0,0,52.1908,8.9,98.25,0.0,732.0,1.0,3382.0
3911,59,69.0,0.0,0.0,1416.0,0.0,10,0,0,1,2,0,0,52.5181,8.55,97.9,0.0,732.0,0.0,3382.0
3912,59,68.0,0.0,1.0,1417.0,0.0,9,1,0,2,1,0,0,52.8338,8.2,97.55,0.0,732.0,0.0,3382.0
3913,58,68.0,0.0,0.0,1417.0,0.0,8,0,2,2,1,0,0,53.9712,13.35,97.2,0.0,732.0,2.0,3384.0
3914,57,67.0,0.0,1.0,1418.0,0.0,8,1,2,1,1,0,0,55.1085,13.0,99.65,1.0,733.0,3.0,3387.0
3915,59,70.0,3.0,0.0,1418.0,0.0,11,0,0,1,1,0,0,55.4569,12.65,99.3,0.0,733.0,0.0,3387.0
3916,59,70.0,0.0,0.0,1418.0,0.0,11,0,0,1,1,0,0,55.7938,12.3,98.95,0.0,733.0,0.0,3387.0
3917,59,70.0,0.0,0.0,1418.0,0.0,11,0,0,1,1,0,0,56.1192,11.95,98.6,0.0,733.0,0.0,3387.0
3918,59,69.0,0.0,1.0,1419.0,0.0,10,1,0,1,1,0,0,56.4446,11.6,98.25,0.0,733.0,0.0,3387.0
3919,59,70.0,1.0,0.0,1419.0,0.0,11,0,0,1,1,0,0,56.7815,11.25,97.9,0.0,733.0,0.0,3387.0
3920,59,70.0,0.0,0.0,1419.0,0.0,11,0,0,1,1,0,0,57.1185,10.9,97.55,0.0,733.0,0.0,3387.0
3921,59,70.0,0.0,0.0,1419.0,0.0,10,0,1,1,1,0,0,57.4823,10.55,97.2,0.0,733.0,1.0,3388.0
3922,58,70.0,0.0,0.0,1419.0,0.0,12,0,0,0,1,0,0,57.7923,10.2,99.65,0.0,733.0,0.0,3388.0
3923,59,70.0,1.0,1.0,1420.0,0.0,11,1,0,0,1,0,0,57.3846,9.85,99.3,0.0,733.0,0.0,3388.0
3924,58,70.0,0.0,0.0,1420.0,0.0,12,0,1,0,0,0,0,57.0038,9.85,98.95,0.0,733.0,1.0,3389.0
3925,59,70.0,1.0,1.0,1421.0,0.0,10,1,1,1,0,0,0,56.6346,9.5,98.6,0.0,733.0,1.0,3390.0
3926,58,69.0,0.0,1.0,1422.0,0.0,11,1,0,1,0,0,0,56.9615,15.45,98.25,0.0,733.0,0.0,3390.0
3927,57,69.0,0.0,0.0,1422.0,0.0,12,0,0,1,0,0,0,57.3,15.1,97.9,0.0,733.0,0.0,3390.0
3928,57,67.0,0.0,2.0,1424.0,0.0,8,2,1,1,1,0,0,57.6654,14.75,97.55,0.0,733.0,1.0,3391.0
3929,57,68.0,1.0,0.0,1424.0,0.0,10,0,1,1,1,0,0,58.0808,14.4,97.2,1.0,734.0,2.0,3393.0
3930,57,68.0,0.0,0.0,1424.0,0.0,8,0,3,1,1,0,0,58.5346,14.05,96.85,0.0,734.0,3.0,3396.0
3931,59,70.0,2.0,0.0,1424.0,0.0,9,0,2,1,1,0,0,58.9769,13.7,96.5,1.0,735.0,3.0,3399.0
3932,59,69.0,0.0,1.0,1425.0,0.0,10,1,0,1,1,0,0,59.3385,13.35,96.15,0.0,735.0,0.0,3399.0
3933,58,69.0,0.0,0.0,1425.0,0.0,10,0,1,1,1,0,0,59.7038,13.0,95.8,0.0,735.0,1.0,3400.0
3934,58,69.0,0.0,0.0,1425.0,0.0,11,0,0,1,1,0,0,60.0423,12.65,95.45,0.0,735.0,0.0,3400.0
3935,58,69.0,1.0,1.0,1426.0,0.0,11,1,0,0,1,0,0,60.3538,12.3,99.65,0.0,735.0,0.0,3400.0
3936,57,69.0,0.0,0.0,1426.0,0.0,11,0,1,0,1,0,0,60.0192,11.95,99.3,0.0,735.0,1.0,3401.0
3937,57,69.0,0.0,0.0,1426.0,0.0,11,0,1,0,1,0,0,59.6731,11.6,98.95,0.0,735.0,1.0,3402.0
3938,57,69.0,0.0,0.0,1426.0,0.0,10,0,2,0,1,0,0,59.3654,11.25,98.6,0.0,735.0,2.0,3404.0
3939,58,70.0,1.0,0.0,1426.0,0.0,10,0,2,0,1,0,0,59.0577,10.9,98.25,0.0,735.0,2.0,3406.0
3940,58,70.0,0.0,0.0,1426.0,0.0,11,0,1,0,1,0,0,58.7385,10.55,97.9,1.0,736.0,2.0,3408.0
3941,58,70.0,0.0,0.0,1426.0,0.0,12,0,0,0,1,0,0,58.3538,10.2,97.55,0.0,736.0,0.0,3408.0
3942,58,70.0,0.0,0.0,1426.0,0.0,12,0,0,0,1,0,0,57.9692,9.85,97.2,0.0,736.0,0.0,3408.0
3943,60,72.0,2.0,0.0,1426.0,0.0,12,0,0,0,1,0,0,57.5846,9.5,96.85,0.0,736.0,0.0,3408.0
3944,60,71.0,0.0,1.0,1427.0,0.0,11,1,0,0,1,0,0,57.2,9.15,96.5,0.0,736.0,0.0,3408.0
3945,60,72.0,1.0,0.0,1427.0,0.0,10,0,1,0,2,0,0,56.8538,8.8,96.15,0.0,736.0,1.0,3409.0
3946,60,72.0,0.0,0.0,1427.0,0.0,11,0,0,0,2,0,0,56.4692,8.45,95.8,0.0,736.0,0.0,3409.0
3947,61,73.0,1.0,0.0,1427.0,0.0,11,0,0,0,2,0,0,56.0731,8.1,95.45,0.0,736.0,0.0,3409.0
3948,61,73.0,0.0,0.0,1427.0,0.0,10,0,1,0,2,0,0,55.7154,7.75,95.1,0.0,736.0,1.0,3410.0
3949,61,72.0,0.0,1.0,1428.0,0.0,10,1,0,0,2,0,0,55.3077,7.4,94.75,0.0,736.0,0.0,3410.0
3950,61,72.0,0.0,0.0,1428.0,0.0,11,0,0,0,2,0,0,54.9115,7.05,94.4,0.0,736.0,0.0,3410.0
3951,61,72.0,0.0,0.0,1428.0,0.0,11,0,0,1,1,0,0,54.5038,6.7,94.05,0.0,736.0,0.0,3410.0
3952,61,72.0,0.0,0.0,1428.0,0.0,9,0,2,1,1,0,0,54.9177,12.25,93.7,0.0,736.0,2.0,3412.0
3953,61,72.0,0.0,0.0,1428.0,0.0,8,0,3,1,1,0,0,55.3854,11.9,93.35,1.0,737.0,4.0,3416.0
3954,61,72.0,0.0,0.0,1428.0,0.0,9,0,2,1,1,0,0,55.8031,11.55,93.0,1.0,738.0,3.0,3419.0
3955,64,74.0,3.0,1.0,1429.0,0.0,9,1,1,1,1,0,0,56.1208,11.2,92.5,0.0,738.0,1.0,3420.0
3956,63,73.0,0.0,1.0,1430.0,0.0,9,1,1,1,1,0,0,56.45,10.85,92.0,0.0,738.0,1.0,3421.0
3957,63,74.0,1.0,0.0,1430.0,0.0,9,0,2,1,1,0,0,56.8408,10.5,91.5,0.0,738.0,2.0,3423.0
3958,63,74.0,0.0,0.0,1430.0,0.0,11,0,0,1,1,0,0,57.1546,10.15,91.0,0.0,738.0,0.0,3423.0
3959,63,74.0,0.0,0.0,1430.0,0.0,11,0,0,2,0,0,0,57.4569,9.8,90.5,0.0,738.0,0.0,3423.0
3960,63,73.0,0.0,1.0,1431.0,0.0,10,1,0,2,0,0,0,58.4685,18.82,90.67,0.0,738.0,0.0,3423.0
3961,61,73.0,0.0,0.0,1431.0,0.0,12,0,0,1,0,0,0,59.4531,18.9,99.65,0.0,738.0,0.0,3423.0
3962,61,71.0,0.0,2.0,1433.0,0.0,10,2,0,1,0,0,0,59.72,18.4,99.3,0.0,738.0,0.0,3423.0
3963,60,71.0,1.0,1.0,1434.0,0.0,11,1,0,1,0,0,0,60.01,18.05,98.95,0.0,738.0,0.0,3423.0
3964,59,71.0,0.0,0.0,1434.0,0.0,11,0,1,1,0,0,0,60.35,17.7,98.6,0.0,738.0,1.0,3424.0
3965,60,70.0,1.0,2.0,1436.0,0.0,9,2,0,1,1,0,0,60.6285,17.35,98.25,0.0,738.0,0.0,3424.0
3966,59,69.0,0.0,1.0,1437.0,0.0,10,1,0,1,1,0,0,60.93,17.0,97.9,0.0,738.0,0.0,3424.0
3967,59,70.0,1.0,0.0,1437.0,0.0,11,0,0,1,1,0,0,61.2431,16.65,97.55,0.0,738.0,0.0,3424.0
3968,59,70.0,0.0,0.0,1437.0,0.0,9,0,2,1,1,0,0,61.6215,16.3,97.2,0.0,738.0,2.0,3426.0
3969,58,70.0,0.0,0.0,1437.0,0.0,11,0,1,0,1,0,0,61.9731,15.95,99.65,1.0,739.0,2.0,3428.0
3970,58,70.0,0.0,0.0,1437.0,0.0,12,0,0,0,1,0,0,61.5538,15.6,99.3,0.0,739.0,0.0,3428.0
3971,60,71.0,2.0,1.0,1438.0,0.0,11,1,0,0,1,0,0,61.1346,15.25,98.95,0.0,739.0,0.0,3428.0
3972,59,71.0,0.0,0.0,1438.0,0.0,11,0,1,0,1,0,0,60.7654,14.9,98.6,0.0,739.0,1.0,3429.0
3973,59,68.0,0.0,3.0,1441.0,0.0,9,3,0,0,1,0,0,60.3577,14.55,98.25,0.0,739.0,0.0,3429.0
3974,56,68.0,0.0,0.0,1441.0,0.0,12,0,0,0,1,0,0,59.9846,14.2,97.9,0.0,739.0,0.0,3429.0
3975,57,69.0,1.0,0.0,1441.0,0.0,12,0,0,0,1,0,0,59.6115,13.85,97.55,0.0,739.0,0.0,3429.0
3976,57,69.0,0.0,0.0,1441.0,0.0,12,0,0,0,1,0,0,59.2385,13.5,97.2,0.0,739.0,0.0,3429.0
3977,57,69.0,0.0,0.0,1441.0,0.0,12,0,0,0,1,0,0,58.8423,13.15,96.85,0.0,739.0,0.0,3429.0
3978,57,69.0,0.0,0.0,1441.0,0.0,10,0,2,0,1,0,0,58.5,12.8,96.5,0.0,739.0,2.0,3431.0
3979,59,70.0,2.0,1.0,1442.0,0.0,9,1,1,1,1,0,0,58.1577,12.45,96.15,1.0,740.0,2.0,3433.0
3980,58,70.0,0.0,0.0,1442.0,0.0,11,0,0,1,1,0,0,58.4735,14.25,95.8,0.0,740.0,0.0,3433.0
3981,58,70.0,0.0,0.0,1442.0,0.0,9,0,2,1,1,0,0,58.8546,13.9,95.45,0.0,740.0,2.0,3435.0
3982,58,70.0,0.0,0.0,1442.0,0.0,10,0,1,1,1,0,0,59.2358,13.55,95.1,1.0,741.0,2.0,3437.0
3983,58,70.0,0.0,0.0,1442.0,0.0,11,0,0,1,1,0,0,59.5515,13.2,94.75,0.0,741.0,0.0,3437.0
3984,58,70.0,0.0,0.0,1442.0,0.0,10,0,1,1,1,0,0,59.8942,12.85,94.4,0.0,741.0,1.0,3438.0
3985,60,72.0,2.0,0.0,1442.0,0.0,10,0,1,1,1,0,0,60.2369,12.5,94.05,0.0,741.0,1.0,3439.0
3986,60,72.0,0.0,0.0,1442.0,0.0,10,0,1,1,1,0,0,60.5565,12.15,94.05,0.0,741.0,1.0,3440.0
3987,61,72.0,1.0,1.0,1443.0,0.0,10,1,0,1,1,0,0,60.8492,11.8,93.7,0.0,741.0,0.0,3440.0
3988,60,72.0,0.0,0.0,1443.0,0.0,11,0,0,1,1,0,0,61.1535,11.45,93.35,0.0,741.0,0.0,3440.0
3989,60,72.0,0.0,0.0,1443.0,0.0,12,0,0,0,1,0,0,61.4192,11.1,99.65,0.0,741.0,0.0,3440.0
3990,60,72.0,0.0,0.0,1443.0,0.0,12,0,0,0,1,0,0,61.0,10.75,99.3,0.0,741.0,0.0,3440.0
3991,61,72.0,1.0,1.0,1444.0,0.0,11,1,0,0,1,0,0,60.5692,10.4,98.95,0.0,741.0,0.0,3440.0
3992,60,72.0,0.0,0.0,1444.0,0.0,12,0,0,0,1,0,0,60.15,10.05,98.6,0.0,741.0,0.0,3440.0
3993,60,71.0,0.0,1.0,1445.0,0.0,9,1,2,0,1,0,0,59.8077,9.7,98.25,0.0,741.0,2.0,3442.0
3994,59,71.0,0.0,0.0,1445.0,0.0,11,0,1,0,1,0,0,59.4769,9.35,97.9,1.0,742.0,2.0,3444.0
3995,61,72.0,2.0,1.0,1446.0,0.0,11,1,0,0,1,0,0,59.0692,9.0,97.55,0.0,742.0,0.0,3444.0
3996,60,72.0,0.0,0.0,1446.0,0.0,12,0,0,0,1,0,0,58.6731,8.65,97.2,0.0,742.0,0.0,3444.0
3997,60,72.0,0.0,0.0,1446.0,0.0,12,0,0,0,1,0,0,58.2538,8.3,96.85,0.0,742.0,0.0,3444.0
3998,60,72.0,0.0,0.0,1446.0,0.0,12,0,0,0,1,0,0,57.8346,7.95,96.5,0.0,742.0,0.0,3444.0
3999,61,73.0,1.0,0.0,1446.0,0.0,12,0,0,0,1,0,0,57.4154,7.6,96.15,0.0,742.0,0.0,3444.0
4000,61,73.0,0.0,0.0,1446.0,0.0,11,0,0,0,2,0,0,56.9962,7.25,95.8,0.0,742.0,0.0,3444.0
4001,61,73.0,0.0,0.0,1446.0,0.0,9,0,1,0,3,0,0,56.6154,6.9,95.45,0.0,742.0,1.0,3445.0
4002,61,72.0,0.0,1.0,1447.0,0.0,9,1,0,0,3,0,0,56.2192,6.55,95.1,0.0,742.0,0.0,3445.0
4003,62,74.0,2.0,0.0,1447.0,0.0,10,0,0,1,2,0,0,55.8346,6.2,94.75,0.0,742.0,0.0,3445.0
4004,62,74.0,0.0,0.0,1447.0,0.0,9,0,1,1,2,0,0,56.2254,13.3,94.4,0.0,742.0,1.0,3446.0
4005,63,75.0,1.0,0.0,1447.0,0.0,10,0,0,1,2,0,0,56.5777,12.95,94.05,0.0,742.0,0.0,3446.0
4006,63,75.0,0.0,0.0,1447.0,0.0,10,0,0,1,2,0,0,56.9185,12.6,93.7,0.0,742.0,0.0,3446.0
4007,63,75.0,0.0,0.0,1447.0,0.0,9,0,1,1,2,0,0,57.2746,12.25,93.35,0.0,742.0,1.0,3447.0
4008,63,75.0,0.0,0.0,1447.0,0.0,8,0,2,1,2,0,0,57.6577,11.9,93.0,0.0,742.0,2.0,3449.0
4009,63,74.0,0.0,1.0,1448.0,0.0,8,1,1,1,2,0,0,58.0408,11.55,92.65,1.0,743.0,2.0,3451.0
4010,62,73.0,0.0,1.0,1449.0,0.0,9,1,0,1,2,0,0,58.3585,11.2,92.3,0.0,743.0,0.0,3451.0
4011,62,73.0,1.0,1.0,1450.0,0.0,9,1,0,1,2,0,0,58.6877,10.85,91.95,0.0,743.0,0.0,3451.0
4012,61,73.0,0.0,0.0,1450.0,0.0,10,0,0,1,2,0,0,59.0285,10.5,91.6,0.0,743.0,0.0,3451.0
4013,61,74.0,1.0,0.0,1450.0,0.0,11,0,0,0,2,0,0,59.3423,10.15,99.65,0.0,743.0,0.0,3451.0
4014,61,74.0,0.0,0.0,1450.0,0.0,11,0,0,0,2,0,0,58.9231,9.8,99.3,0.0,743.0,0.0,3451.0
4015,63,76.0,2.0,0.0,1450.0,0.0,11,0,0,2,0,0,0,58.5038,9.45,98.95,0.0,743.0,0.0,3451.0
4016,63,76.0,0.0,0.0,1450.0,0.0,10,0,1,2,0,0,0,59.5658,18.505,98.6,0.0,743.0,1.0,3452.0
4017,63,76.0,0.0,0.0,1450.0,0.0,10,0,1,2,0,0,0,60.6662,27.56,98.25,1.0,744.0,2.0,3454.0
4018,63,76.0,0.0,0.0,1450.0,0.0,11,0,0,2,0,0,0,61.6896,33.85,97.9,0.0,744.0,0.0,3454.0
4019,64,76.0,1.0,1.0,1451.0,0.0,10,1,0,2,0,0,0,62.7015,33.35,97.55,0.0,744.0,0.0,3454.0
4020,63,75.0,0.0,1.0,1452.0,0.0,10,1,0,2,0,0,0,63.725,32.85,97.2,0.0,744.0,0.0,3454.0
4021,62,74.0,0.0,1.0,1453.0,0.0,9,1,1,2,0,0,0,64.7869,32.35,96.85,0.0,744.0,1.0,3455.0
4022,62,73.0,0.0,1.0,1454.0,0.0,8,1,2,2,0,0,0,65.8988,32.0,96.5,0.0,744.0,2.0,3457.0
4023,62,73.0,0.0,0.0,1454.0,0.0,10,0,1,2,0,0,0,67.0223,31.65,96.15,1.0,745.0,2.0,3459.0
4024,62,73.0,0.0,0.0,1454.0,0.0,11,0,0,2,0,0,0,68.0688,31.3,95.8,0.0,745.0,0.0,3459.0
4025,61,73.0,1.0,1.0,1455.0,0.0,10,1,2,0,0,0,0,69.1038,31.3,99.65,0.0,745.0,2.0,3461.0
4026,60,73.0,0.0,0.0,1455.0,0.0,12,0,1,0,0,0,0,68.75,31.3,99.3,1.0,746.0,2.0,3463.0
4027,63,75.0,3.0,1.0,1456.0,0.0,12,1,0,0,0,0,0,68.3423,30.95,98.95,0.0,746.0,0.0,3463.0
4028,62,74.0,0.0,1.0,1457.0,0.0,12,1,0,0,0,0,0,67.9462,30.6,98.6,0.0,746.0,0.0,3463.0
4029,61,73.0,0.0,1.0,1458.0,0.0,11,1,1,0,0,0,0,67.5885,30.25,98.25,0.0,746.0,1.0,3464.0
4030,60,73.0,0.0,0.0,1458.0,0.0,13,0,0,0,0,0,0,67.2154,29.9,97.9,0.0,746.0,0.0,3464.0
4031,60,73.0,0.0,0.0,1458.0,0.0,13,0,0,0,0,0,0,66.8423,29.55,97.55,0.0,746.0,0.0,3464.0
4032,60,73.0,0.0,0.0,1458.0,0.0,13,0,0,0,0,0,0,66.4692,29.2,97.2,0.0,746.0,0.0,3464.0
4033,60,72.0,0.0,1.0,1459.0,0.0,12,1,0,0,0,0,0,66.0962,28.85,96.85,0.0,746.0,0.0,3464.0
4034,59,72.0,0.0,0.0,1459.0,0.0,13,0,0,0,0,0,0,65.7231,28.5,96.5,0.0,746.0,0.0,3464.0
4035,61,74.0,2.0,0.0,1459.0,0.0,12,0,1,0,0,0,0,65.3769,28.5,96.15,0.0,746.0,1.0,3465.0
4036,61,73.0,0.0,1.0,1460.0,0.0,11,1,1,0,0,0,0,65.0308,28.15,96.15,0.0,746.0,1.0,3466.0
4037,60,73.0,0.0,0.0,1460.0,0.0,13,0,0,0,0,0,0,64.6462,27.8,95.8,0.0,746.0,0.0,3466.0
4038,60,73.0,0.0,0.0,1460.0,0.0,13,0,0,0,0,0,0,64.2385,27.45,95.45,0.0,746.0,0.0,3466.0
4039,61,74.0,1.0,0.0,1460.0,0.0,13,0,0,0,0,0,0,63.8308,27.1,95.1,0.0,746.0,0.0,3466.0
4040,61,73.0,0.0,1.0,1461.0,0.0,11,1,1,0,0,0,0,63.4385,26.6,94.75,0.0,746.0,1.0,3467.0
4041,61,74.0,1.0,0.0,1461.0,0.0,10,0,3,0,0,0,0,63.1346,26.25,94.4,0.0,746.0,3.0,3470.0
4042,61,74.0,0.0,0.0,1461.0,0.0,11,0,2,0,0,0,0,62.8192,25.9,94.05,1.0,747.0,3.0,3473.0
4043,62,74.0,1.0,1.0,1462.0,0.0,12,1,0,0,0,0,0,62.4269,25.55,93.7,1.0,748.0,1.0,3474.0
4044,61,74.0,0.0,0.0,1462.0,0.0,12,0,1,0,0,0,0,62.0346,25.2,93.35,0.0,748.0,1.0,3475.0
4045,62,74.0,1.0,1.0,1463.0,0.0,12,1,0,0,0,0,0,61.6308,24.85,92.85,1.0,749.0,1.0,3476.0
4046,61,74.0,0.0,0.0,1463.0,0.0,13,0,0,0,0,0,0,61.2115,24.5,92.35,0.0,749.0,0.0,3476.0
4047,61,74.0,0.0,0.0,1463.0,0.0,13,0,0,0,0,0,0,60.7923,24.15,91.85,0.0,749.0,0.0,3476.0
4048,61,74.0,0.0,0.0,1463.0,0.0,13,0,0,0,0,0,0,60.3731,23.8,91.35,0.0,749.0,0.0,3476.0
4049,61,74.0,0.0,0.0,1463.0,0.0,13,0,0,0,0,0,0,59.9538,23.45,90.85,0.0,749.0,0.0,3476.0
4050,61,74.0,0.0,0.0,1463.0,0.0,12,0,1,0,0,0,0,59.5615,23.1,90.35,0.0,749.0,1.0,3477.0
4051,63,75.0,2.0,1.0,1464.0,0.0,11,1,1,0,0,0,0,59.1692,22.75,89.85,0.0,749.0,1.0,3478.0
4052,62,75.0,0.0,0.0,1464.0,0.0,12,0,1,0,0,0,0,58.8269,22.4,89.5,1.0,750.0,2.0,3480.0
4053,62,73.0,0.0,2.0,1466.0,0.0,11,2,0,0,0,0,0,58.4077,22.05,89.15,0.0,750.0,0.0,3480.0
4054,60,73.0,0.0,0.0,1466.0,0.0,11,0,2,0,0,0,0,58.0538,21.7,88.8,0.0,750.0,2.0,3482.0
4055,62,74.0,2.0,1.0,1467.0,0.0,11,1,1,0,0,0,0,57.6885,21.35,88.45,1.0,751.0,2.0,3484.0
4056,61,74.0,0.0,0.0,1467.0,0.0,13,0,0,0,0,0,0,57.2692,21.0,88.1,0.0,751.0,0.0,3484.0
4057,61,74.0,0.0,0.0,1467.0,0.0,12,0,1,0,0,0,0,56.8769,20.65,87.75,0.0,751.0,1.0,3485.0
4058,61,72.0,0.0,2.0,1469.0,0.0,8,2,3,0,0,0,0,56.5385,20.65,87.4,0.0,751.0,3.0,3488.0
4059,60,71.0,1.0,2.0,1471.0,0.0,10,2,1,0,0,0,0,56.1962,20.3,87.05,1.0,752.0,2.0,3490.0
4060,58,71.0,0.0,0.0,1471.0,0.0,13,0,0,0,0,0,0,55.7885,19.95,86.7,0.0,752.0,0.0,3490.0
4061,58,71.0,0.0,0.0,1471.0,0.0,13,0,0,0,0,0,0,55.3808,19.6,86.35,0.0,752.0,0.0,3490.0
4062,58,70.0,0.0,1.0,1472.0,0.0,12,1,0,0,0,0,0,54.9615,19.1,86.0,0.0,752.0,0.0,3490.0
4063,58,71.0,1.0,0.0,1472.0,0.0,13,0,0,0,0,0,0,54.5538,18.6,85.65,0.0,752.0,0.0,3490.0
4064,58,69.0,0.0,2.0,1474.0,0.0,11,2,0,0,0,0,0,54.1231,18.1,85.15,0.0,752.0,0.0,3490.0
4065,57,70.0,1.0,0.0,1474.0,0.0,12,0,1,0,0,0,0,53.7423,17.75,84.65,0.0,752.0,1.0,3491.0
4066,57,70.0,0.0,0.0,1474.0,0.0,13,0,0,0,0,0,0,53.3231,17.4,84.15,0.0,752.0,0.0,3491.0
4067,58,71.0,1.0,0.0,1474.0,0.0,13,0,0,0,0,0,0,52.8923,17.05,83.7,0.0,752.0,0.0,3491.0
4068,58,70.0,0.0,1.0,1475.0,0.0,12,1,0,0,0,0,0,52.4615,16.7,83.35,0.0,752.0,0.0,3491.0
4069,58,69.0,1.0,2.0,1477.0,0.0,7,2,4,0,0,0,0,52.1846,16.35,83.0,0.0,752.0,4.0,3495.0
4070,56,69.0,0.0,0.0,1477.0,0.0,10,0,3,0,0,0,0,51.9192,16.0,82.65,1.0,753.0,4.0,3499.0
4071,56,69.0,0.0,0.0,1477.0,0.0,13,0,0,0,0,0,0,51.5885,15.65,82.3,2.0,755.0,2.0,3501.0
4072,56,68.0,0.0,1.0,1478.0,0.0,9,1,2,0,1,0,0,51.2577,15.3,81.95,0.0,755.0,2.0,3503.0
4073,56,68.0,0.0,0.0,1478.0,0.0,12,0,0,0,1,0,0,50.8885,14.95,81.45,1.0,756.0,1.0,3504.0
4074,56,68.0,0.0,0.0,1478.0,0.0,12,0,0,0,1,0,0,50.4923,14.6,80.95,0.0,756.0,0.0,3504.0
4075,59,71.0,3.0,0.0,1478.0,0.0,12,0,0,0,1,0,0,50.0962,14.25,80.55,0.0,756.0,0.0,3504.0
4076,59,70.0,0.0,1.0,1479.0,0.0,11,1,0,0,1,0,0,49.6769,13.9,80.2,0.0,756.0,0.0,3504.0
4077,58,70.0,0.0,0.0,1479.0,0.0,12,0,0,0,1,0,0,49.2692,13.55,79.85,0.0,756.0,0.0,3504.0
4078,58,70.0,0.0,0.0,1479.0,0.0,9,0,3,1,0,0,0,48.9538,13.2,79.5,0.0,756.0,3.0,3507.0
4079,58,70.0,0.0,0.0,1479.0,0.0,8,0,4,1,0,0,0,49.3985,21.88,79.5,1.0,757.0,5.0,3512.0
4080,58,70.0,0.0,0.0,1479.0,0.0,11,0,1,1,0,0,0,49.7392,26.3,79.5,1.0,758.0,2.0,3514.0
4081,58,70.0,0.0,0.0,1479.0,0.0,10,0,2,1,0,0,0,50.1185,25.8,79.15,1.0,759.0,3.0,3517.0
4082,58,69.0,0.0,1.0,1480.0,0.0,10,1,1,1,0,0,0,50.4592,25.3,78.8,1.0,760.0,2.0,3519.0
4083,59,71.0,2.0,0.0,1480.0,0.0,11,0,1,1,0,0,0,50.7846,24.8,78.45,0.0,760.0,1.0,3520.0
4084,59,71.0,0.0,0.0,1480.0,0.0,12,0,0,1,0,0,0,51.06,24.3,78.1,0.0,760.0,0.0,3520.0
4085,60,72.0,1.0,0.0,1480.0,0.0,12,0,0,1,0,0,0,51.3354,23.8,77.75,0.0,760.0,0.0,3520.0
4086,60,72.0,0.0,0.0,1480.0,0.0,10,0,2,1,0,0,0,51.6646,23.3,82.64,0.0,760.0,2.0,3522.0
4087,61,72.0,1.0,1.0,1481.0,0.0,10,1,1,1,0,0,0,51.9823,22.8,91.32,1.0,761.0,2.0,3524.0
4088,59,71.0,0.0,1.0,1482.0,0.0,12,1,0,0,0,0,0,52.2077,22.45,99.65,0.0,761.0,0.0,3524.0
4089,58,69.0,0.0,2.0,1484.0,0.0,10,2,1,0,0,0,0,51.8154,22.1,99.3,0.0,761.0,1.0,3525.0
4090,56,67.0,0.0,2.0,1486.0,0.0,11,2,0,0,0,0,0,51.4077,21.75,98.95,0.0,761.0,0.0,3525.0
4091,55,67.0,1.0,1.0,1487.0,0.0,12,1,0,0,0,0,0,51.0231,21.4,98.6,0.0,761.0,0.0,3525.0
4092,54,67.0,0.0,0.0,1487.0,0.0,13,0,0,0,0,0,0,50.65,21.05,98.25,0.0,761.0,0.0,3525.0
4093,54,66.0,0.0,1.0,1488.0,0.0,12,1,0,0,0,0,0,50.2538,20.7,97.9,0.0,761.0,0.0,3525.0
4094,53,66.0,0.0,0.0,1488.0,0.0,10,0,3,0,0,0,0,49.9731,20.35,97.55,0.0,761.0,3.0,3528.0
4095,54,67.0,1.0,0.0,1488.0,0.0,11,0,2,0,0,0,0,49.7192,20.0,97.2,2.0,763.0,4.0,3532.0
4096,54,67.0,0.0,0.0,1488.0,0.0,13,0,0,0,0,0,0,49.3346,19.65,96.85,0.0,763.0,0.0,3532.0
4097,55,68.0,1.0,0.0,1488.0,0.0,12,0,1,0,0,0,0,48.9769,19.3,96.5,0.0,763.0,1.0,3533.0
4098,55,68.0,0.0,0.0,1488.0,0.0,13,0,0,0,0,0,0,48.5923,18.95,96.15,0.0,763.0,0.0,3533.0
4099,57,70.0,2.0,0.0,1488.0,0.0,13,0,0,0,0,0,0,48.1846,18.6,95.65,0.0,763.0,0.0,3533.0
4100,57,70.0,0.0,0.0,1488.0,0.0,11,0,2,0,0,0,0,47.8423,18.25,95.15,0.0,763.0,2.0,3535.0
4101,57,70.0,0.0,0.0,1488.0,0.0,11,0,2,0,0,0,0,47.5154,17.75,94.65,1.0,764.0,3.0,3538.0
4102,57,69.0,0.0,1.0,1489.0,0.0,10,1,2,0,0,0,0,47.1885,17.25,94.15,1.0,765.0,3.0,3541.0
4103,56,69.0,0.0,0.0,1489.0,0.0,11,0,2,0,0,0,0,46.8231,16.75,93.65,0.0,765.0,2.0,3543.0
4104,56,69.0,0.0,0.0,1489.0,0.0,10,0,3,0,0,0,0,46.5346,16.25,93.15,0.0,765.0,3.0,3546.0
4105,57,70.0,1.0,0.0,1489.0,0.0,11,0,2,0,0,0,0,46.2577,15.75,92.65,1.0,766.0,3.0,3549.0
4106,57,70.0,0.0,0.0,1489.0,0.0,12,0,1,0,0,0,0,45.9038,15.25,92.15,1.0,767.0,2.0,3551.0
4107,58,71.0,1.0,0.0,1489.0,0.0,12,0,0,0,1,0,0,45.4846,14.75,91.65,0.0,767.0,0.0,3551.0
4108,58,71.0,0.0,0.0,1489.0,0.0,10,0,2,0,1,0,0,45.1192,14.4,91.15,0.0,767.0,2.0,3553.0
4109,58,71.0,0.0,0.0,1489.0,0.0,11,0,1,0,1,0,0,44.7538,14.05,90.65,1.0,768.0,2.0,3555.0
4110,58,71.0,0.0,0.0,1489.0,0.0,11,0,1,0,1,0,0,44.3615,13.7,90.15,0.0,768.0,1.0,3556.0
4111,60,73.0,2.0,0.0,1489.0,0.0,9,0,3,0,1,0,0,44.0115,13.35,89.65,0.0,768.0,3.0,3559.0
4112,60,73.0,0.0,0.0,1489.0,0.0,9,0,3,0,1,0,0,43.7,13.0,89.15,1.0,769.0,4.0,3563.0
4113,60,72.0,0.0,1.0,1490.0,0.0,10,1,1,0,1,0,0,43.2962,12.65,88.65,0.0,769.0,1.0,3564.0
4114,59,72.0,0.0,0.0,1490.0,0.0,9,0,3,0,1,0,0,43.0077,12.3,88.3,1.0,770.0,4.0,3568.0
4115,61,73.0,2.0,1.0,1491.0,0.0,10,1,1,0,1,0,0,42.6654,11.95,87.95,1.0,771.0,2.0,3570.0
4116,60,73.0,0.0,0.0,1491.0,0.0,11,0,1,0,1,0,0,42.2731,11.6,87.6,0.0,771.0,1.0,3571.0
4117,60,73.0,0.0,0.0,1491.0,0.0,11,0,1,0,1,0,0,41.8808,11.25,87.25,0.0,771.0,1.0,3572.0
4118,60,73.0,0.0,0.0,1491.0,0.0,11,0,1,1,0,0,0,41.4769,10.9,86.9,0.0,771.0,1.0,3573.0
4119,60,73.0,0.0,0.0,1491.0,0.0,9,0,3,1,0,0,0,41.8277,16.25,86.4,0.0,771.0,3.0,3576.0
4120,60,73.0,0.0,0.0,1491.0,0.0,11,0,1,1,0,0,0,42.1669,15.75,85.9,2.0,773.0,3.0,3579.0
4121,60,72.0,0.0,1.0,1492.0,0.0,11,1,0,1,0,0,0,42.4138,15.25,85.4,0.0,773.0,0.0,3579.0
4122,59,72.0,0.0,0.0,1492.0,0.0,11,0,0,1,1,0,0,42.7108,14.75,85.05,0.0,773.0,0.0,3579.0
4123,61,74.0,2.0,0.0,1492.0,0.0,11,0,0,1,1,0,0,43.0192,14.4,84.7,0.0,773.0,0.0,3579.0
4124,61,72.0,0.0,2.0,1494.0,0.0,9,2,0,1,1,0,0,43.2892,14.05,84.35,0.0,773.0,0.0,3579.0
4125,61,72.0,2.0,2.0,1496.0,0.0,8,2,1,1,1,0,0,43.6092,13.7,84.0,0.0,773.0,1.0,3580.0
4126,60,72.0,0.0,0.0,1496.0,0.0,11,0,0,1,1,0,0,43.9254,13.35,83.65,0.0,773.0,0.0,3580.0
4127,60,72.0,0.0,0.0,1496.0,0.0,8,0,3,1,1,0,0,44.3454,13.0,91.09,0.0,773.0,3.0,3583.0
4128,59,71.0,0.0,1.0,1497.0,0.0,11,1,0,0,1,0,0,44.6346,12.65,99.65,0.0,773.0,0.0,3583.0
4129,58,71.0,0.0,0.0,1497.0,0.0,10,0,2,0,1,0,0,44.3154,12.3,99.3,0.0,773.0,2.0,3585.0
4130,58,71.0,0.0,0.0,1497.0,0.0,10,0,2,0,1,0,0,44.0115,11.95,98.95,1.0,774.0,3.0,3588.0
4131,59,72.0,1.0,0.0,1497.0,0.0,10,0,2,0,1,0,0,43.6692,11.6,98.6,0.0,774.0,2.0,3590.0
4132,59,71.0,0.0,1.0,1498.0,0.0,9,1,2,0,1,0,0,43.3538,11.25,98.25,1.0,775.0,3.0,3593.0
4133,58,71.0,0.0,0.0,1498.0,0.0,12,0,0,0,1,0,0,42.9692,10.9,97.9,0.0,775.0,0.0,3593.0
4134,58,71.0,0.0,0.0,1498.0,0.0,11,0,0,0,2,0,0,42.5846,10.55,97.55,0.0,775.0,0.0,3593.0
4135,60,73.0,2.0,0.0,1498.0,0.0,10,0,0,0,3,0,0,42.1885,10.2,97.2,0.0,775.0,0.0,3593.0
4136,60,73.0,0.0,0.0,1498.0,0.0,10,0,0,0,3,0,0,41.7923,9.85,96.85,0.0,775.0,0.0,3593.0
4137,60,73.0,0.0,0.0,1498.0,0.0,10,0,0,0,3,0,0,41.3962,9.5,96.5,0.0,775.0,0.0,3593.0
4138,60,73.0,0.0,0.0,1498.0,0.0,10,0,0,0,3,0,0,41.0,9.15,96.15,0.0,775.0,0.0,3593.0
4139,62,75.0,2.0,0.0,1498.0,0.0,7,0,4,0,2,0,0,40.7115,8.8,95.8,0.0,775.0,4.0,3597.0
4140,62,75.0,0.0,0.0,1498.0,0.0,8,0,2,1,2,0,0,40.4231,8.45,95.45,2.0,777.0,4.0,3601.0
4141,62,75.0,0.0,0.0,1498.0,0.0,8,0,2,1,2,0,0,40.8235,12.7,95.1,0.0,777.0,2.0,3603.0
4142,62,75.0,0.0,0.0,1498.0,0.0,9,0,2,1,1,0,0,41.2508,12.7,94.75,1.0,778.0,3.0,3606.0
4143,62,74.0,0.0,1.0,1499.0,0.0,8,1,1,1,2,0,0,41.6127,12.7,94.4,0.0,778.0,1.0,3607.0
4144,61,74.0,0.0,0.0,1499.0,0.0,7,0,2,1,3,0,0,42.0631,12.5,94.05,1.0,779.0,3.0,3610.0
4145,62,75.0,1.0,0.0,1499.0,0.0,8,0,2,1,2,0,0,42.475,12.15,93.7,0.0,779.0,2.0,3612.0
4146,62,75.0,0.0,0.0,1499.0,0.0,7,0,2,1,3,0,0,42.9254,11.8,93.35,1.0,780.0,3.0,3615.0
4147,64,77.0,2.0,0.0,1499.0,0.0,9,0,0,1,3,0,0,43.2373,11.45,93.0,0.0,780.0,0.0,3615.0
4148,64,77.0,0.0,0.0,1499.0,0.0,7,0,3,1,2,0,0,43.6415,11.1,92.65,0.0,780.0,3.0,3618.0
4149,64,75.0,0.0,2.0,1501.0,0.0,5,2,2,1,2,1,0,44.0227,10.75,92.15,1.0,781.0,3.0,3621.0
4150,63,75.0,0.0,0.0,1501.0,0.0,8,0,1,0,4,0,0,44.3462,10.4,99.65,0.0,781.0,1.0,3622.0
4151,63,75.0,0.0,0.0,1501.0,0.0,6,0,4,0,3,0,0,44.0692,10.4,99.3,0.0,781.0,4.0,3626.0
4152,63,75.0,0.0,0.0,1501.0,0.0,8,0,2,0,3,0,0,43.8038,10.4,98.95,2.0,783.0,4.0,3630.0
4153,64,76.0,1.0,0.0,1501.0,0.0,9,0,0,0,4,0,0,43.3962,10.05,98.6,0.0,783.0,0.0,3630.0
4154,64,76.0,0.0,0.0,1501.0,0.0,8,0,2,0,3,0,0,43.0923,9.9,98.25,0.0,783.0,2.0,3632.0
4155,66,78.0,2.0,0.0,1501.0,0.0,9,0,0,0,4,0,0,42.6731,9.55,97.9,0.0,783.0,0.0,3632.0
4156,66,78.0,0.0,0.0,1501.0,0.0,9,0,0,0,4,0,0,42.2538,9.2,97.55,0.0,783.0,0.0,3632.0
4157,66,77.0,0.0,1.0,1502.0,0.0,7,1,2,0,3,0,0,41.9,8.85,97.2,0.0,783.0,2.0,3634.0
4158,65,76.0,0.0,1.0,1503.0,0.0,7,1,1,0,4,0,0,41.5577,8.5,96.85,1.0,784.0,2.0,3636.0
4159,65,77.0,1.0,0.0,1503.0,0.0,9,0,0,0,4,0,0,41.1615,8.15,96.5,0.0,784.0,0.0,3636.0
4160,65,76.0,0.0,1.0,1504.0,0.0,8,1,0,0,4,0,0,40.7654,7.8,96.15,0.0,784.0,0.0,3636.0
4161,64,76.0,0.0,0.0,1504.0,0.0,8,0,1,0,4,0,0,40.3962,7.45,95.8,0.0,784.0,1.0,3637.0
4162,64,76.0,0.0,0.0,1504.0,0.0,6,0,5,0,2,0,0,40.1462,7.1,95.45,0.0,784.0,5.0,3642.0
4163,65,77.0,1.0,0.0,1504.0,0.0,8,0,2,1,2,0,0,39.8962,6.75,95.1,3.0,787.0,5.0,3647.0
4164,65,77.0,0.0,0.0,1504.0,0.0,9,0,0,2,2,0,0,40.2377,6.4,94.75,0.0,787.0,0.0,3647.0
4165,66,77.0,1.0,1.0,1505.0,0.0,8,1,1,2,1,0,0,41.3531,7.25,94.4,0.0,787.0,1.0,3648.0
4166,66,77.0,0.0,0.0,1505.0,0.0,9,0,0,2,2,0,0,42.4531,6.9,94.05,0.0,787.0,0.0,3648.0
4167,67,78.0,1.0,0.0,1505.0,0.0,9,0,0,2,2,0,0,43.5415,6.55,93.7,0.0,787.0,0.0,3648.0
4168,67,78.0,0.0,0.0,1505.0,0.0,9,0,0,2,2,0,0,44.6069,6.2,93.2,0.0,787.0,0.0,3648.0
4169,67,78.0,0.0,0.0,1505.0,0.0,8,0,1,2,2,0,0,45.6992,5.85,92.7,0.0,787.0,1.0,3649.0
4170,67,77.0,0.0,1.0,1506.0,0.0,6,1,2,2,2,0,0,46.83,5.5,92.2,0.0,787.0,2.0,3651.0
4171,68,79.0,2.0,0.0,1506.0,0.0,8,0,1,2,2,0,0,47.9723,5.15,91.7,1.0,788.0,2.0,3653.0
4172,68,78.0,0.0,1.0,1507.0,0.0,8,1,0,2,2,0,0,49.0262,4.8,91.2,0.0,788.0,0.0,3653.0
4173,67,77.0,0.0,1.0,1508.0,0.0,9,1,0,1,2,0,0,50.0646,4.45,99.65,0.0,788.0,0.0,3653.0
4174,65,76.0,0.0,1.0,1509.0,0.0,9,1,1,0,2,0,0,50.4038,4.1,99.65,0.0,788.0,1.0,3654.0
4175,65,75.0,1.0,2.0,1511.0,0.0,9,2,0,0,2,0,0,49.9962,3.75,99.3,0.0,788.0,0.0,3654.0
4176,63,74.0,0.0,1.0,1512.0,0.0,9,1,1,0,2,0,0,49.6385,3.4,98.95,0.0,788.0,1.0,3655.0
4177,63,73.0,0.0,1.0,1513.0,0.0,10,1,0,0,2,0,0,49.2654,3.05,98.6,0.0,788.0,0.0,3655.0
4178,62,72.0,0.0,1.0,1514.0,0.0,10,1,0,2,0,0,0,48.9038,2.7,98.25,0.0,788.0,0.0,3655.0
4179,62,73.0,1.0,0.0,1514.0,0.0,11,0,0,2,0,0,0,50.0692,12.43,97.9,0.0,788.0,0.0,3655.0
4180,62,73.0,0.0,0.0,1514.0,0.0,11,0,0,2,0,0,0,51.2346,17.65,97.55,0.0,788.0,0.0,3655.0
4181,63,74.0,1.0,0.0,1514.0,0.0,11,0,0,2,0,0,0,52.4,17.3,97.2,0.0,788.0,0.0,3655.0
4182,63,74.0,0.0,0.0,1514.0,0.0,9,0,2,2,0,0,0,53.6308,16.95,96.85,0.0,788.0,2.0,3657.0
4183,64,75.0,1.0,0.0,1514.0,0.0,11,0,0,2,0,0,0,54.8231,16.6,96.5,1.0,789.0,1.0,3658.0
4184,64,75.0,0.0,0.0,1514.0,0.0,11,0,0,2,0,0,0,55.9769,16.25,96.15,0.0,789.0,0.0,3658.0
4185,65,76.0,1.0,0.0,1514.0,0.0,10,0,1,2,0,0,0,57.1577,15.9,95.8,0.0,789.0,1.0,3659.0
4186,65,76.0,0.0,0.0,1514.0,0.0,11,0,0,2,0,0,0,58.3115,15.55,95.45,0.0,789.0,0.0,3659.0
4187,66,77.0,1.0,0.0,1514.0,0.0,11,0,0,2,0,0,0,59.4654,15.2,95.1,0.0,789.0,0.0,3659.0
4188,64,77.0,0.0,0.0,1514.0,0.0,11,0,2,0,0,0,0,60.6308,15.2,99.65,0.0,789.0,2.0,3661.0
4189,64,77.0,0.0,0.0,1514.0,0.0,12,0,1,0,0,0,0,60.3231,15.2,99.3,1.0,790.0,2.0,3663.0
4190,64,77.0,0.0,0.0,1514.0,0.0,10,0,2,0,1,0,0,60.0154,14.85,98.95,0.0,790.0,2.0,3665.0
4191,64,77.0,0.0,0.0,1514.0,0.0,10,0,2,0,1,0,0,59.7077,14.5,98.6,0.0,790.0,2.0,3667.0
4192,64,77.0,0.0,0.0,1514.0,0.0,8,0,5,0,0,0,0,59.5192,14.5,98.25,1.0,791.0,6.0,3673.0
4193,64,77.0,0.0,0.0,1514.0,0.0,11,0,2,0,0,0,0,59.2654,14.5,97.9,2.0,793.0,4.0,3677.0
4194,64,77.0,0.0,0.0,1514.0,0.0,12,0,0,0,1,0,0,58.8923,14.15,97.55,0.0,793.0,0.0,3677.0
4195,68,81.0,4.0,0.0,1514.0,0.0,11,0,2,0,0,0,0,58.5615,14.15,97.2,0.0,793.0,2.0,3679.0
4196,68,81.0,0.0,0.0,1514.0,0.0,12,0,0,0,1,0,0,58.1769,13.8,96.85,0.0,793.0,0.0,3679.0
4197,68,80.0,0.0,1.0,1515.0,0.0,10,1,1,0,1,0,0,57.7962,13.45,96.5,0.0,793.0,1.0,3680.0
4198,67,80.0,0.0,0.0,1515.0,0.0,10,0,1,0,2,0,0,57.4154,13.1,96.5,0.0,793.0,1.0,3681.0
4199,67,80.0,0.0,0.0,1515.0,0.0,11,0,0,0,2,0,0,57.0192,12.75,96.15,0.0,793.0,0.0,3681.0
4200,67,80.0,0.0,0.0,1515.0,0.0,11,0,0,0,2,0,0,56.6115,12.4,95.8,0.0,793.0,0.0,3681.0
4201,67,79.0,0.0,1.0,1516.0,0.0,10,1,0,0,2,0,0,56.2038,12.05,95.45,0.0,793.0,0.0,3681.0
4202,66,79.0,0.0,0.0,1516.0,0.0,11,0,0,0,2,0,0,55.7962,11.7,95.1,0.0,793.0,0.0,3681.0
4203,67,80.0,1.0,0.0,1516.0,0.0,10,0,1,0,2,0,0,55.4154,11.35,94.75,0.0,793.0,1.0,3682.0
4204,67,78.0,0.0,2.0,1518.0,0.0,9,2,0,0,2,0,0,54.9962,11.0,94.4,0.0,793.0,0.0,3682.0
4205,68,78.0,1.0,1.0,1519.0,0.0,9,1,1,0,2,0,0,54.6269,10.65,94.05,0.0,793.0,1.0,3683.0
4206,67,77.0,0.0,1.0,1520.0,0.0,10,1,0,0,2,0,0,54.2192,10.3,93.7,0.0,793.0,0.0,3683.0
4207,67,78.0,1.0,0.0,1520.0,0.0,11,0,0,0,2,0,0,53.8231,9.95,93.35,0.0,793.0,0.0,3683.0
4208,67,78.0,0.0,0.0,1520.0,0.0,11,0,0,0,2,0,0,53.4269,9.6,93.0,0.0,793.0,0.0,3683.0
4209,68,79.0,1.0,0.0,1520.0,0.0,11,0,0,0,2,0,0,53.0308,9.25,92.65,0.0,793.0,0.0,3683.0
4210,68,79.0,0.0,0.0,1520.0,0.0,11,0,1,1,0,0,0,52.65,8.9,92.3,0.0,793.0,1.0,3684.0
4211,69,79.0,1.0,1.0,1521.0,0.0,10,1,0,1,1,0,0,52.97,10.6,91.95,0.0,793.0,0.0,3684.0
4212,68,79.0,0.0,0.0,1521.0,0.0,11,0,0,1,1,0,0,53.29,10.25,91.6,0.0,793.0,0.0,3684.0
4213,68,79.0,0.0,0.0,1521.0,0.0,10,0,1,1,1,0,0,53.6369,9.9,91.25,0.0,793.0,1.0,3685.0
4214,68,79.0,0.0,0.0,1521.0,0.0,9,0,2,1,1,0,0,54.0223,9.55,90.9,0.0,793.0,2.0,3687.0
4215,69,79.0,1.0,1.0,1522.0,0.0,9,1,1,1,1,0,0,54.4077,9.2,90.55,1.0,794.0,2.0,3689.0
4216,68,79.0,0.0,0.0,1522.0,0.0,10,0,1,1,1,0,0,54.7546,8.85,90.2,0.0,794.0,1.0,3690.0
4217,68,79.0,0.0,0.0,1522.0,0.0,11,0,0,1,1,0,0,55.0631,8.5,89.85,0.0,794.0,0.0,3690.0
4218,68,79.0,0.0,0.0,1522.0,0.0,11,0,0,1,1,0,0,55.36,8.15,89.35,0.0,794.0,0.0,3690.0
4219,70,81.0,2.0,0.0,1522.0,0.0,11,0,0,1,1,0,0,55.6569,7.8,90.89,0.0,794.0,0.0,3690.0
4220,69,81.0,0.0,0.0,1522.0,0.0,12,0,0,0,1,0,0,55.9269,7.45,99.65,0.0,794.0,0.0,3690.0
4221,69,81.0,0.0,0.0,1522.0,0.0,12,0,0,0,1,0,0,55.4962,7.1,99.3,0.0,794.0,0.0,3690.0
4222,69,81.0,0.0,0.0,1522.0,0.0,12,0,0,0,1,0,0,55.0538,6.75,98.95,0.0,794.0,0.0,3690.0
4223,70,80.0,1.0,2.0,1524.0,0.0,10,2,0,1,0,0,0,54.6115,6.4,98.6,0.0,794.0,0.0,3690.0
4224,68,80.0,0.0,0.0,1524.0,0.0,12,0,0,1,0,0,0,54.9392,15.76,98.25,0.0,794.0,0.0,3690.0
4225,69,80.0,1.0,1.0,1525.0,0.0,11,1,0,1,0,0,0,55.2669,17.1,97.9,0.0,794.0,0.0,3690.0
4226,68,79.0,0.0,1.0,1526.0,0.0,11,1,0,1,0,0,0,55.5946,16.6,97.55,0.0,794.0,0.0,3690.0
4227,68,80.0,1.0,0.0,1526.0,0.0,11,0,1,1,0,0,0,55.9723,16.1,97.2,0.0,794.0,1.0,3691.0
4228,68,79.0,0.0,1.0,1527.0,0.0,11,1,0,1,0,0,0,56.3115,15.6,96.85,0.0,794.0,0.0,3691.0
4229,67,79.0,0.0,0.0,1527.0,0.0,12,0,0,1,0,0,0,56.6623,15.1,96.5,0.0,794.0,0.0,3691.0
4230,67,78.0,0.0,1.0,1528.0,0.0,9,1,2,1,0,0,0,57.0669,14.6,96.15,0.0,794.0,2.0,3693.0
4231,68,78.0,1.0,1.0,1529.0,0.0,6,1,4,1,1,0,0,57.5869,14.25,95.8,1.0,795.0,5.0,3698.0
4232,67,77.0,0.0,1.0,1530.0,0.0,8,1,1,1,2,0,0,57.9762,13.9,95.3,0.0,795.0,1.0,3699.0
4233,66,76.0,0.0,1.0,1531.0,0.0,10,1,0,0,2,0,0,58.3231,13.55,99.65,0.0,795.0,0.0,3699.0
4234,65,76.0,0.0,0.0,1531.0,0.0,10,0,1,0,2,0,0,58.0,13.2,99.3,0.0,795.0,1.0,3700.0
4235,67,78.0,2.0,0.0,1531.0,0.0,9,0,3,0,1,0,0,57.7077,13.2,98.95,0.0,795.0,3.0,3703.0
4236,67,78.0,0.0,0.0,1531.0,0.0,9,0,3,0,1,0,0,57.4423,13.2,98.6,1.0,796.0,4.0,3707.0
4237,68,79.0,1.0,0.0,1531.0,0.0,9,0,3,0,1,0,0,57.1769,12.85,98.25,1.0,797.0,4.0,3711.0
4238,68,79.0,0.0,0.0,1531.0,0.0,11,0,1,0,1,0,0,56.8577,12.5,97.9,1.0,798.0,2.0,3713.0
4239,68,79.0,0.0,0.0,1531.0,0.0,11,0,0,0,2,0,0,56.4846,12.15,97.55,0.0,798.0,0.0,3713.0
4240,68,79.0,0.0,0.0,1531.0,0.0,10,0,1,0,2,0,0,56.1385,11.8,97.2,0.0,798.0,1.0,3714.0
4241,68,79.0,0.0,0.0,1531.0,0.0,11,0,0,0,2,0,0,55.7654,11.45,96.85,0.0,798.0,0.0,3714.0
4242,68,78.0,0.0,1.0,1532.0,0.0,10,1,0,0,2,0,0,55.3923,11.1,96.5,0.0,798.0,0.0,3714.0
4243,69,80.0,2.0,0.0,1532.0,0.0,11,0,1,0,1,0,0,55.0577,11.1,96.15,0.0,798.0,1.0,3715.0
4244,69,80.0,0.0,0.0,1532.0,0.0,10,0,1,0,2,0,0,54.75,11.1,95.8,1.0,799.0,2.0,3717.0
4245,70,81.0,1.0,0.0,1532.0,0.0,11,0,0,0,2,0,0,54.3885,10.75,95.45,0.0,799.0,0.0,3717.0
4246,70,81.0,0.0,0.0,1532.0,0.0,10,0,1,0,2,0,0,54.0308,10.4,95.1,0.0,799.0,1.0,3718.0
4247,70,81.0,0.0,0.0,1532.0,0.0,11,0,0,0,2,0,0,53.6231,10.05,94.75,0.0,799.0,0.0,3718.0
4248,70,81.0,0.0,0.0,1532.0,0.0,11,0,0,0,2,0,0,53.1923,9.7,94.4,0.0,799.0,0.0,3718.0
4249,70,79.0,0.0,2.0,1534.0,0.0,9,2,0,0,2,0,0,52.7615,9.35,94.05,0.0,799.0,0.0,3718.0
4250,69,78.0,0.0,1.0,1535.0,0.0,9,1,0,0,3,0,0,52.3423,9.0,93.7,0.0,799.0,0.0,3718.0
4251,70,80.0,2.0,0.0,1535.0,0.0,10,0,0,0,3,0,0,51.9231,8.65,93.2,0.0,799.0,0.0,3718.0
4252,70,80.0,0.0,0.0,1535.0,0.0,10,0,0,0,3,0,0,51.5038,8.3,92.7,0.0,799.0,0.0,3718.0
4253,70,80.0,0.0,0.0,1535.0,0.0,10,0,0,1,2,0,0,51.0846,7.95,92.2,0.0,799.0,0.0,3718.0
4254,70,79.0,0.0,1.0,1536.0,0.0,9,1,0,1,2,0,0,51.3765,7.6,91.7,0.0,799.0,0.0,3718.0
4255,71,81.0,2.0,0.0,1536.0,0.0,10,0,0,1,2,0,0,51.6569,7.25,91.2,0.0,799.0,0.0,3718.0
4256,71,80.0,0.0,1.0,1537.0,0.0,9,1,0,1,2,0,0,51.9373,6.9,90.7,0.0,799.0,0.0,3718.0
4257,70,79.0,0.0,1.0,1538.0,0.0,9,1,0,1,2,0,0,52.2292,6.55,90.2,0.0,799.0,0.0,3718.0
4258,69,79.0,0.0,0.0,1538.0,0.0,10,0,0,1,2,0,0,52.5327,6.2,89.7,0.0,799.0,0.0,3718.0
4259,70,79.0,1.0,1.0,1539.0,0.0,9,1,0,1,2,0,0,52.8362,5.85,89.2,0.0,799.0,0.0,3718.0
4260,69,77.0,0.0,2.0,1541.0,0.0,8,2,0,1,2,0,0,53.1512,5.5,88.7,0.0,799.0,0.0,3718.0
4261,68,76.0,0.0,1.0,1542.0,0.0,8,1,0,1,3,0,0,53.4892,5.15,88.2,0.0,799.0,0.0,3718.0
4262,67,76.0,0.0,0.0,1542.0,0.0,9,0,0,2,2,0,0,53.8388,4.8,90.805,0.0,799.0,0.0,3718.0
4263,66,75.0,0.0,1.0,1543.0,0.0,9,1,0,1,2,0,0,54.9208,9.75,99.65,0.0,799.0,0.0,3718.0
4264,65,75.0,0.0,0.0,1543.0,0.0,10,0,0,1,2,0,0,55.3069,9.4,99.3,0.0,799.0,0.0,3718.0
4265,67,77.0,2.0,0.0,1543.0,0.0,10,0,0,1,2,0,0,55.6931,9.05,98.95,0.0,799.0,0.0,3718.0
4266,67,76.0,0.0,1.0,1544.0,0.0,9,1,0,1,2,0,0,56.0792,8.7,98.6,0.0,799.0,0.0,3718.0
4267,68,78.0,2.0,0.0,1544.0,0.0,9,0,1,2,1,0,0,56.4923,8.35,98.25,0.0,799.0,1.0,3719.0
4268,68,77.0,0.0,1.0,1545.0,0.0,8,1,1,2,1,0,0,57.6373,11.8,97.9,0.0,799.0,1.0,3720.0
4269,67,77.0,0.0,0.0,1545.0,0.0,10,0,0,2,1,0,0,58.7438,11.45,97.55,0.0,799.0,0.0,3720.0
4270,67,77.0,0.0,0.0,1545.0,0.0,10,0,0,2,1,0,0,59.8504,11.1,97.2,0.0,799.0,0.0,3720.0
4271,67,77.0,0.0,0.0,1545.0,0.0,10,0,0,2,1,0,0,60.9569,10.75,96.85,0.0,799.0,0.0,3720.0
4272,66,77.0,0.0,0.0,1545.0,0.0,11,0,0,1,1,0,0,62.025,10.4,99.65,0.0,799.0,0.0,3720.0
4273,66,77.0,0.0,0.0,1545.0,0.0,11,0,0,1,1,0,0,62.3492,10.05,99.3,0.0,799.0,0.0,3720.0
4274,66,77.0,0.0,0.0,1545.0,0.0,11,0,0,1,1,0,0,62.6735,9.7,98.95,0.0,799.0,0.0,3720.0
4275,68,79.0,2.0,0.0,1545.0,0.0,9,0,3,1,0,0,0,63.0785,9.7,98.6,0.0,799.0,3.0,3723.0
4276,68,79.0,0.0,0.0,1545.0,0.0,9,0,2,1,1,0,0,63.4565,9.35,98.25,0.0,799.0,2.0,3725.0
4277,67,79.0,0.0,0.0,1545.0,0.0,11,0,1,0,1,0,0,63.8077,9.0,99.65,1.0,800.0,2.0,3727.0
4278,67,78.0,0.0,1.0,1546.0,0.0,11,1,0,0,1,0,0,63.4,8.65,99.3,0.0,800.0,0.0,3727.0
4279,68,80.0,2.0,0.0,1546.0,0.0,11,0,2,0,0,0,0,63.0577,8.65,98.95,0.0,800.0,2.0,3729.0
4280,68,79.0,0.0,1.0,1547.0,0.0,7,1,5,0,0,0,0,62.8077,8.65,98.6,0.0,800.0,5.0,3734.0
4281,67,79.0,0.0,0.0,1547.0,0.0,11,0,2,0,0,0,0,62.5423,8.65,98.25,2.0,802.0,4.0,3738.0
4282,67,79.0,0.0,0.0,1547.0,0.0,12,0,0,0,1,0,0,62.1462,8.3,97.9,0.0,802.0,0.0,3738.0
4283,68,79.0,1.0,1.0,1548.0,0.0,11,1,0,0,1,0,0,61.7385,7.95,97.55,0.0,802.0,0.0,3738.0
4284,67,79.0,0.0,0.0,1548.0,0.0,10,0,2,0,1,0,0,61.3962,7.6,97.2,0.0,802.0,2.0,3740.0
4285,68,79.0,1.0,1.0,1549.0,0.0,10,1,1,0,1,0,0,61.0538,7.25,96.85,1.0,803.0,2.0,3742.0
4286,67,78.0,0.0,1.0,1550.0,0.0,11,1,0,0,1,0,0,60.6577,6.9,96.5,0.0,803.0,0.0,3742.0
4287,66,78.0,0.0,0.0,1550.0,0.0,11,0,1,0,1,0,0,60.2885,6.55,96.15,0.0,803.0,1.0,3743.0
4288,66,78.0,0.0,0.0,1550.0,0.0,12,0,0,0,1,0,0,59.8923,6.2,95.8,0.0,803.0,0.0,3743.0
4289,66,78.0,0.0,0.0,1550.0,0.0,10,0,2,0,1,0,0,59.55,5.85,95.45,0.0,803.0,2.0,3745.0
4290,66,78.0,0.0,0.0,1550.0,0.0,11,0,1,0,1,0,0,59.1962,5.5,95.1,1.0,804.0,2.0,3747.0
4291,68,80.0,2.0,0.0,1550.0,0.0,12,0,0,0,1,0,0,58.7769,5.15,94.75,0.0,804.0,0.0,3747.0
4292,68,80.0,0.0,0.0,1550.0,0.0,12,0,0,0,1,0,0,58.3577,4.8,94.4,0.0,804.0,0.0,3747.0
4293,69,79.0,1.0,2.0,1552.0,0.0,10,2,0,0,1,0,0,57.9269,4.45,94.05,0.0,804.0,0.0,3747.0
4294,67,79.0,0.0,0.0,1552.0,0.0,12,0,0,0,1,0,0,57.4962,4.1,93.7,0.0,804.0,0.0,3747.0
4295,68,80.0,1.0,0.0,1552.0,0.0,12,0,0,0,1,0,0,57.0654,3.75,93.35,0.0,804.0,0.0,3747.0
4296,68,80.0,0.0,0.0,1552.0,0.0,12,0,0,0,1,0,0,56.6346,3.4,93.0,0.0,804.0,0.0,3747.0
4297,68,80.0,0.0,0.0,1552.0,0.0,12,0,0,0,1,0,0,56.1923,3.05,92.65,0.0,804.0,0.0,3747.0
4298,68,79.0,0.0,1.0,1553.0,0.0,11,1,0,0,1,0,0,55.75,2.7,92.3,0.0,804.0,0.0,3747.0
4299,68,77.0,1.0,3.0,1556.0,0.0,9,3,0,1,0,0,0,55.3077,2.35,91.95,0.0,804.0,0.0,3747.0
4300,65,76.0,0.0,1.0,1557.0,0.0,11,1,0,1,0,0,0,55.6781,12.115,91.6,0.0,804.0,0.0,3747.0
4301,64,75.0,0.0,1.0,1558.0,0.0,11,1,0,1,0,0,0,56.06,16.15,91.25,0.0,804.0,0.0,3747.0
4302,63,75.0,0.0,0.0,1558.0,0.0,12,0,0,1,0,0,0,56.4419,15.65,90.9,0.0,804.0,0.0,3747.0
4303,64,76.0,1.0,0.0,1558.0,0.0,12,0,0,1,0,0,0,56.8238,15.15,90.55,0.0,804.0,0.0,3747.0
4304,64,75.0,0.0,1.0,1559.0,0.0,10,1,0,1,1,0,0,57.2058,14.65,90.2,0.0,804.0,0.0,3747.0
4305,64,76.0,1.0,0.0,1559.0,0.0,11,0,1,1,0,0,0,57.6377,14.65,89.85,0.0,804.0,1.0,3748.0
4306,64,76.0,0.0,0.0,1559.0,0.0,10,0,2,1,0,0,0,58.0965,14.65,89.5,0.0,804.0,2.0,3750.0
4307,66,78.0,2.0,0.0,1559.0,0.0,9,0,3,1,0,0,0,58.6208,14.65,89.15,1.0,805.0,4.0,3754.0
4308,66,78.0,0.0,0.0,1559.0,0.0,10,0,1,1,1,0,0,59.0912,14.3,90.235,1.0,806.0,2.0,3756.0
4309,65,77.0,0.0,1.0,1560.0,0.0,11,1,0,0,1,0,0,59.5077,13.95,99.65,1.0,807.0,1.0,3757.0
4310,64,77.0,0.0,0.0,1560.0,0.0,12,0,0,0,1,0,0,59.1462,13.6,99.3,0.0,807.0,0.0,3757.0
4311,64,77.0,0.0,0.0,1560.0,0.0,9,0,3,0,1,0,0,58.8538,13.25,98.95,0.0,807.0,3.0,3760.0
4312,64,77.0,0.0,0.0,1560.0,0.0,12,0,0,0,1,0,0,58.4808,12.9,98.6,0.0,807.0,0.0,3760.0
4313,64,77.0,0.0,0.0,1560.0,0.0,12,0,0,0,1,0,0,58.0962,12.55,98.25,0.0,807.0,0.0,3760.0
4314,64,77.0,0.0,0.0,1560.0,0.0,12,0,0,0,1,0,0,57.6885,12.2,97.9,0.0,807.0,0.0,3760.0
4315,67,80.0,3.0,0.0,1560.0,0.0,12,0,0,0,1,0,0,57.2808,11.85,97.55,0.0,807.0,0.0,3760.0
4316,67,80.0,0.0,0.0,1560.0,0.0,11,0,1,0,1,0,0,56.9,11.5,97.2,0.0,807.0,1.0,3761.0
4317,67,80.0,0.0,0.0,1560.0,0.0,11,0,1,0,1,0,0,56.5577,11.15,96.85,1.0,808.0,2.0,3763.0
4318,67,80.0,0.0,0.0,1560.0,0.0,12,0,0,0,1,0,0,56.1385,10.8,96.5,0.0,808.0,0.0,3763.0
4319,67,79.0,0.0,1.0,1561.0,0.0,10,1,1,0,1,0,0,55.7731,10.45,96.15,0.0,808.0,1.0,3764.0
4320,66,79.0,0.0,0.0,1561.0,0.0,12,0,0,0,1,0,0,55.3923,10.1,95.8,1.0,809.0,1.0,3765.0
4321,67,80.0,1.0,0.0,1561.0,0.0,11,0,1,0,1,0,0,54.9885,9.75,95.45,0.0,809.0,1.0,3766.0
4322,67,80.0,0.0,0.0,1561.0,0.0,11,0,1,0,1,0,0,54.5846,9.4,95.1,0.0,809.0,1.0,3767.0
4323,68,81.0,1.0,0.0,1561.0,0.0,8,0,4,0,1,0,0,54.2846,9.05,94.75,0.0,809.0,4.0,3771.0
4324,68,80.0,0.0,1.0,1562.0,0.0,9,1,2,1,0,0,0,53.9731,8.7,94.25,2.0,811.0,4.0,3775.0
4325,68,80.0,1.0,1.0,1563.0,0.0,10,1,1,1,0,0,0,54.2869,17.83,93.75,0.0,811.0,1.0,3776.0
4326,67,79.0,0.0,1.0,1564.0,0.0,11,1,0,1,0,0,0,54.6238,24.8,93.25,0.0,811.0,0.0,3776.0
4327,67,78.0,1.0,2.0,1566.0,0.0,6,2,4,1,0,0,0,55.0531,24.8,92.9,0.0,811.0,4.0,3780.0
4328,66,78.0,0.0,0.0,1566.0,0.0,9,0,3,1,0,0,0,55.5438,24.8,92.55,2.0,813.0,5.0,3785.0
4329,66,78.0,0.0,0.0,1566.0,0.0,11,0,1,1,0,0,0,55.9308,24.8,92.2,1.0,814.0,2.0,3787.0
4330,66,78.0,0.0,0.0,1566.0,0.0,12,0,0,1,0,0,0,56.2523,24.45,91.85,0.0,814.0,0.0,3787.0
4331,67,78.0,1.0,1.0,1567.0,0.0,10,1,1,1,0,0,0,56.6392,24.45,91.5,0.0,814.0,1.0,3788.0
4332,66,78.0,0.0,0.0,1567.0,0.0,12,0,0,1,0,0,0,57.0377,24.45,91.15,1.0,815.0,1.0,3789.0
4333,66,78.0,0.0,0.0,1567.0,0.0,12,0,0,1,0,0,0,57.3477,24.1,90.87,0.0,815.0,0.0,3789.0
4334,65,77.0,0.0,1.0,1568.0,0.0,12,1,0,0,0,0,0,57.6308,23.75,99.65,0.0,815.0,0.0,3789.0
4335,66,79.0,2.0,0.0,1568.0,0.0,11,0,2,0,0,0,0,57.2885,23.4,99.3,0.0,815.0,2.0,3791.0
4336,66,79.0,0.0,0.0,1568.0,0.0,11,0,2,0,0,0,0,56.95,23.05,98.95,1.0,816.0,3.0,3794.0
4337,66,79.0,0.0,0.0,1568.0,0.0,12,0,1,0,0,0,0,56.5846,23.05,98.6,1.0,817.0,2.0,3796.0
4338,66,78.0,0.0,1.0,1569.0,0.0,11,1,1,0,0,0,0,56.1923,22.7,98.25,0.0,817.0,1.0,3797.0
4339,67,79.0,2.0,1.0,1570.0,0.0,12,1,0,0,0,0,0,55.7846,22.35,97.9,0.0,817.0,0.0,3797.0
4340,66,79.0,0.0,0.0,1570.0,0.0,12,0,1,0,0,0,0,55.4154,22.0,97.55,0.0,817.0,1.0,3798.0
4341,66,79.0,0.0,0.0,1570.0,0.0,13,0,0,0,0,0,0,55.0192,21.65,97.2,0.0,817.0,0.0,3798.0
4342,66,78.0,0.0,1.0,1571.0,0.0,11,1,1,0,0,0,0,54.6385,21.65,96.85,0.0,817.0,1.0,3799.0
4343,65,78.0,0.0,0.0,1571.0,0.0,13,0,0,0,0,0,0,54.2192,21.3,96.5,0.0,817.0,0.0,3799.0
4344,65,78.0,0.0,0.0,1571.0,0.0,13,0,0,0,0,0,0,53.8,20.95,96.15,0.0,817.0,0.0,3799.0
4345,66,78.0,1.0,1.0,1572.0,0.0,10,1,2,0,0,0,0,53.4346,20.6,95.8,0.0,817.0,2.0,3801.0
4346,65,78.0,0.0,0.0,1572.0,0.0,12,0,1,0,0,0,0,53.0808,20.25,95.45,1.0,818.0,2.0,3803.0
4347,66,79.0,1.0,0.0,1572.0,0.0,13,0,0,0,0,0,0,52.6615,19.9,95.1,0.0,818.0,0.0,3803.0
4348,66,79.0,0.0,0.0,1572.0,0.0,13,0,0,0,0,0,0,52.2423,19.55,94.75,0.0,818.0,0.0,3803.0
4349,67,79.0,1.0,1.0,1573.0,0.0,12,1,0,0,0,0,0,51.8231,19.2,94.4,0.0,818.0,0.0,3803.0
4350,66,79.0,0.0,0.0,1573.0,0.0,13,0,0,0,0,0,0,51.4154,18.85,94.05,0.0,818.0,0.0,3803.0
4351,67,79.0,1.0,1.0,1574.0,0.0,12,1,0,0,0,0,0,51.0077,18.5,93.7,0.0,818.0,0.0,3803.0
4352,66,79.0,0.0,0.0,1574.0,0.0,13,0,0,0,0,0,0,50.6,18.15,93.35,0.0,818.0,0.0,3803.0
4353,66,79.0,0.0,0.0,1574.0,0.0,11,0,2,0,0,0,0,50.2577,17.8,93.35,0.0,818.0,2.0,3805.0
4354,66,79.0,0.0,0.0,1574.0,0.0,12,0,1,0,0,0,0,49.8769,17.45,93.0,0.0,818.0,1.0,3806.0
4355,68,80.0,2.0,1.0,1575.0,0.0,12,1,0,0,0,0,0,49.4692,17.1,92.65,0.0,818.0,0.0,3806.0
4356,67,78.0,0.0,2.0,1577.0,0.0,11,2,0,0,0,0,0,49.0615,16.75,92.3,0.0,818.0,0.0,3806.0
4357,65,77.0,0.0,1.0,1578.0,0.0,12,1,0,0,0,0,0,48.6769,16.4,91.95,0.0,818.0,0.0,3806.0
4358,64,77.0,0.0,0.0,1578.0,0.0,12,0,1,0,0,0,0,48.3192,16.4,91.6,0.0,818.0,1.0,3807.0
4359,64,77.0,0.0,0.0,1578.0,0.0,12,0,1,0,0,0,0,47.9615,16.05,91.25,0.0,818.0,1.0,3808.0
4360,64,76.0,0.0,1.0,1579.0,0.0,12,1,0,0,0,0,0,47.5769,15.7,90.9,0.0,818.0,0.0,3808.0
4361,64,76.0,0.0,0.0,1579.0,0.0,12,1,0,0,0,0,0,47.2192,15.2,90.55,0.0,818.0,0.0,3808.0
4362,64,76.0,0.0,0.0,1579.0,0.0,11,1,0,0,1,0,0,46.85,14.7,90.05,0.0,818.0,0.0,3808.0
4363,66,79.0,3.0,0.0,1579.0,0.0,12,0,0,0,1,0,0,46.4538,14.35,89.55,0.0,818.0,0.0,3808.0
4364,66,79.0,0.0,0.0,1579.0,0.0,11,0,1,0,1,0,0,46.0731,14.0,89.05,0.0,818.0,1.0,3809.0
4365,67,80.0,1.0,0.0,1579.0,0.0,11,0,1,0,1,0,0,45.6808,13.65,88.55,0.0,818.0,1.0,3810.0
4366,67,78.0,0.0,2.0,1581.0,0.0,9,2,1,0,1,0,0,45.3269,13.3,88.05,1.0,819.0,2.0,3812.0
4367,66,78.0,0.0,0.0,1581.0,0.0,12,0,0,0,1,0,0,44.9192,12.95,87.7,0.0,819.0,0.0,3812.0
4368,66,78.0,0.0,0.0,1581.0,0.0,9,0,3,0,1,0,0,44.5923,12.6,87.35,0.0,819.0,3.0,3815.0
4369,66,78.0,0.0,0.0,1581.0,0.0,11,0,1,0,1,0,0,44.2385,12.25,87.0,1.0,820.0,2.0,3817.0
4370,66,76.0,0.0,2.0,1583.0,0.0,10,2,0,0,1,0,0,43.8192,11.9,86.65,0.0,820.0,0.0,3817.0
4371,66,77.0,1.0,0.0,1583.0,0.0,11,1,0,0,1,0,0,43.45,11.55,86.3,0.0,820.0,0.0,3817.0
4372,66,77.0,0.0,0.0,1583.0,0.0,11,1,0,0,1,0,0,43.0692,11.2,85.8,0.0,820.0,0.0,3817.0
4373,66,75.0,0.0,2.0,1585.0,0.0,9,3,0,0,1,0,0,42.6885,10.85,85.3,0.0,820.0,0.0,3817.0
4374,64,75.0,0.0,0.0,1585.0,0.0,11,1,0,0,1,0,0,42.3308,10.5,84.8,0.0,820.0,0.0,3817.0
4375,65,77.0,2.0,0.0,1585.0,0.0,12,0,0,0,1,0,0,41.9462,10.15,84.3,0.0,820.0,0.0,3817.0
4376,65,76.0,0.0,1.0,1586.0,0.0,11,1,0,0,1,0,0,41.5615,9.8,83.8,0.0,820.0,0.0,3817.0
4377,65,76.0,1.0,1.0,1587.0,0.0,11,1,0,0,1,0,0,41.1769,9.45,83.3,0.0,820.0,0.0,3817.0
4378,64,76.0,0.0,0.0,1587.0,0.0,12,0,0,0,1,0,0,40.8038,9.1,82.95,0.0,820.0,0.0,3817.0
4379,65,77.0,1.0,0.0,1587.0,0.0,12,0,0,0,1,0,0,40.4077,8.75,82.6,0.0,820.0,0.0,3817.0
4380,65,77.0,0.0,0.0,1587.0,0.0,11,0,0,0,2,0,0,40.0115,8.4,82.25,0.0,820.0,0.0,3817.0
4381,65,77.0,0.0,0.0,1587.0,0.0,9,0,2,0,2,0,0,39.6692,8.05,81.9,0.0,820.0,2.0,3819.0
4382,65,77.0,0.0,0.0,1587.0,0.0,11,0,1,0,1,0,0,39.2885,8.05,81.55,0.0,820.0,1.0,3820.0
4383,65,77.0,0.0,0.0,1587.0,0.0,10,0,1,0,2,0,0,38.9077,7.7,81.2,0.0,820.0,1.0,3821.0
4384,65,76.0,0.0,1.0,1588.0,0.0,10,1,0,0,2,0,0,38.5,7.35,80.85,0.0,820.0,0.0,3821.0
4385,66,77.0,1.0,0.0,1588.0,0.0,11,0,0,1,1,0,0,38.0923,7.0,80.5,0.0,820.0,0.0,3821.0
4386,66,77.0,0.0,0.0,1588.0,0.0,10,0,1,2,0,0,0,38.3962,6.65,80.15,0.0,820.0,1.0,3822.0
4387,68,79.0,2.0,0.0,1588.0,0.0,8,0,3,2,0,0,0,39.4988,15.75,79.8,0.0,820.0,3.0,3825.0
4388,68,78.0,0.0,1.0,1589.0,0.0,7,1,3,2,0,0,0,40.64,15.25,79.45,1.0,821.0,4.0,3829.0
4389,67,78.0,0.0,0.0,1589.0,0.0,7,0,3,2,1,0,0,41.7927,14.75,79.1,1.0,822.0,4.0,3833.0
4390,67,78.0,0.0,0.0,1589.0,0.0,10,0,0,2,1,0,0,42.8531,14.4,78.75,1.0,823.0,1.0,3834.0
4391,68,79.0,1.0,0.0,1589.0,0.0,9,0,1,2,1,0,0,43.925,14.05,78.4,0.0,823.0,1.0,3835.0
4392,68,79.0,0.0,0.0,1589.0,0.0,8,0,2,2,1,0,0,45.0238,13.7,78.4,0.0,823.0,2.0,3837.0
4393,68,79.0,0.0,0.0,1589.0,0.0,8,0,2,2,1,0,0,46.1612,13.35,82.6,1.0,824.0,3.0,3840.0
4394,68,77.0,0.0,2.0,1591.0,0.0,8,2,0,2,1,0,0,47.2331,13.0,91.3,1.0,825.0,1.0,3841.0
4395,67,79.0,2.0,0.0,1591.0,0.0,11,0,0,1,1,0,0,48.2512,12.65,99.65,0.0,825.0,0.0,3841.0
4396,67,79.0,0.0,0.0,1591.0,0.0,12,0,0,0,1,0,0,48.5731,12.3,99.65,0.0,825.0,0.0,3841.0
4397,67,79.0,0.0,0.0,1591.0,0.0,12,0,0,0,1,0,0,48.1769,11.95,99.3,0.0,825.0,0.0,3841.0
4398,67,79.0,0.0,0.0,1591.0,0.0,10,0,2,0,1,0,0,47.8462,11.6,98.95,0.0,825.0,2.0,3843.0
4399,68,80.0,1.0,0.0,1591.0,0.0,9,0,4,0,0,0,0,47.5577,11.6,98.6,0.0,825.0,4.0,3847.0
4400,68,80.0,0.0,0.0,1591.0,0.0,8,0,4,0,1,0,0,47.2962,11.25,98.25,1.0,826.0,5.0,3852.0
4401,68,80.0,0.0,0.0,1591.0,0.0,10,0,1,0,2,0,0,46.9423,10.9,97.9,1.0,827.0,2.0,3854.0
4402,68,79.0,0.0,1.0,1592.0,0.0,10,1,0,0,2,0,0,46.5231,10.55,97.55,0.0,827.0,0.0,3854.0
4403,68,79.0,1.0,1.0,1593.0,0.0,10,1,0,0,2,0,0,46.1038,10.2,97.2,0.0,827.0,0.0,3854.0
4404,68,79.0,0.0,0.0,1593.0,0.0,11,0,0,0,2,0,0,45.6962,9.85,96.85,0.0,827.0,0.0,3854.0
4405,70,81.0,2.0,0.0,1593.0,0.0,10,0,1,0,2,0,0,45.3269,9.5,96.5,0.0,827.0,1.0,3855.0
4406,70,81.0,0.0,0.0,1593.0,0.0,8,0,4,0,1,0,0,45.05,9.15,96.15,0.0,827.0,4.0,3859.0
4407,70,81.0,0.0,0.0,1593.0,0.0,8,0,3,0,2,0,0,44.8,8.8,95.8,2.0,829.0,5.0,3864.0
4408,70,81.0,0.0,0.0,1593.0,0.0,11,0,0,0,2,0,0,44.3808,8.45,95.45,0.0,829.0,0.0,3864.0
4409,70,80.0,0.0,1.0,1594.0,0.0,9,1,1,0,2,0,0,43.9885,8.1,95.1,0.0,829.0,1.0,3865.0
4410,69,79.0,0.0,1.0,1595.0,0.0,9,1,0,0,3,0,0,43.5692,7.75,94.75,0.0,829.0,0.0,3865.0
4411,71,81.0,2.0,0.0,1595.0,0.0,10,0,0,0,3,0,0,43.15,7.4,94.4,0.0,829.0,0.0,3865.0
4412,71,80.0,0.0,1.0,1596.0,0.0,8,1,1,1,2,0,0,42.7692,7.05,94.05,0.0,829.0,1.0,3866.0
4413,70,79.0,0.0,1.0,1597.0,0.0,5,1,4,1,2,0,0,43.2342,11.3,94.05,0.0,829.0,4.0,3870.0
4414,69,79.0,0.0,0.0,1597.0,0.0,8,0,2,1,2,0,0,43.7108,10.95,94.05,2.0,831.0,4.0,3874.0
4415,70,80.0,1.0,0.0,1597.0,0.0,10,0,0,1,2,0,0,44.0565,10.6,93.7,0.0,831.0,0.0,3874.0
4416,70,78.0,0.0,2.0,1599.0,0.0,7,2,0,1,3,0,0,44.4023,10.25,93.35,0.0,831.0,0.0,3874.0
4417,69,78.0,0.0,0.0,1599.0,0.0,9,0,0,1,3,0,0,44.7827,9.9,93.0,0.0,831.0,0.0,3874.0
4418,69,78.0,0.0,0.0,1599.0,0.0,8,0,1,1,3,0,0,45.2015,9.55,92.65,0.0,831.0,1.0,3875.0
4419,71,80.0,2.0,0.0,1599.0,0.0,8,0,2,1,2,0,0,45.6742,9.2,92.3,1.0,832.0,3.0,3878.0
4420,71,80.0,0.0,0.0,1599.0,0.0,9,0,0,1,3,0,0,46.0431,8.85,91.95,0.0,832.0,0.0,3878.0
4421,71,80.0,0.0,0.0,1599.0,0.0,9,0,0,1,3,0,0,46.4004,8.5,91.45,0.0,832.0,0.0,3878.0
4422,70,80.0,0.0,0.0,1599.0,0.0,8,0,2,0,3,0,0,46.7846,8.15,99.65,0.0,832.0,2.0,3880.0
4423,71,81.0,1.0,0.0,1599.0,0.0,8,0,2,1,2,0,0,46.4808,7.8,99.3,1.0,833.0,3.0,3883.0
4424,71,81.0,0.0,0.0,1599.0,0.0,10,0,0,1,2,0,0,46.7862,10.25,98.95,0.0,833.0,0.0,3883.0
4425,72,81.0,1.0,1.0,1600.0,0.0,9,1,0,1,2,0,0,47.0915,9.9,98.6,0.0,833.0,0.0,3883.0
4426,71,81.0,0.0,0.0,1600.0,0.0,10,0,0,1,2,0,0,47.4085,9.55,98.25,0.0,833.0,0.0,3883.0
4427,72,82.0,1.0,0.0,1600.0,0.0,10,0,0,1,2,0,0,47.7254,9.2,97.9,0.0,833.0,0.0,3883.0
4428,72,81.0,0.0,1.0,1601.0,0.0,9,1,0,1,2,0,0,48.0423,8.85,97.55,0.0,833.0,0.0,3883.0
4429,71,79.0,0.0,2.0,1603.0,0.0,8,2,0,1,2,0,0,48.3708,8.5,97.2,0.0,833.0,0.0,3883.0
4430,69,79.0,0.0,0.0,1603.0,0.0,9,0,1,1,2,0,0,48.7492,8.15,96.85,0.0,833.0,1.0,3884.0
4431,69,79.0,0.0,0.0,1603.0,0.0,9,0,1,1,2,0,0,49.1431,7.8,96.5,1.0,834.0,2.0,3886.0
4432,69,79.0,0.0,0.0,1603.0,0.0,9,0,1,1,2,0,0,49.51,7.45,96.15,0.0,834.0,1.0,3887.0
4433,69,79.0,1.0,1.0,1604.0,0.0,9,1,0,0,3,0,0,49.8231,7.1,99.65,0.0,834.0,0.0,3887.0
4434,69,79.0,0.0,0.0,1604.0,0.0,8,0,2,0,3,0,0,49.5154,6.75,99.3,0.0,834.0,2.0,3889.0
4435,72,81.0,3.0,1.0,1605.0,0.0,7,1,2,0,3,0,0,49.2346,6.4,98.95,1.0,835.0,3.0,3892.0
4436,71,81.0,0.0,0.0,1605.0,0.0,10,0,0,1,2,0,0,48.8615,6.05,98.6,0.0,835.0,0.0,3892.0
4437,71,81.0,0.0,0.0,1605.0,0.0,9,0,2,1,1,0,0,49.2688,7.25,98.25,0.0,835.0,2.0,3894.0
4438,71,80.0,0.0,1.0,1606.0,0.0,9,1,0,2,1,0,0,49.6223,6.9,97.9,0.0,835.0,0.0,3894.0
4439,70,79.0,0.0,1.0,1607.0,0.0,9,1,0,2,1,0,0,50.7304,12.95,97.55,0.0,835.0,0.0,3894.0
4440,69,79.0,0.0,0.0,1607.0,0.0,10,0,0,2,1,0,0,51.8385,12.6,97.2,0.0,835.0,0.0,3894.0
4441,69,79.0,0.0,0.0,1607.0,0.0,8,0,2,2,1,0,0,53.0119,12.25,96.85,0.0,835.0,2.0,3896.0
4442,69,78.0,0.0,1.0,1608.0,0.0,9,1,0,2,1,0,0,54.12,11.9,96.5,0.0,835.0,0.0,3896.0
4443,69,78.0,1.0,1.0,1609.0,0.0,9,1,0,2,1,0,0,55.2396,11.55,96.15,0.0,835.0,0.0,3896.0
4444,68,77.0,0.0,1.0,1610.0,0.0,8,1,1,2,1,0,0,56.3977,11.2,95.8,0.0,835.0,1.0,3897.0
4445,68,78.0,1.0,0.0,1610.0,0.0,10,0,0,2,1,0,0,57.5288,10.85,95.45,0.0,835.0,0.0,3897.0
4446,67,78.0,0.0,0.0,1610.0,0.0,11,0,0,1,1,0,0,58.61,10.5,99.65,0.0,835.0,0.0,3897.0
4447,69,80.0,2.0,0.0,1610.0,0.0,11,0,0,1,1,0,0,58.9685,10.15,99.3,0.0,835.0,0.0,3897.0
4448,68,79.0,0.0,1.0,1611.0,0.0,11,1,0,0,1,0,0,59.3,9.8,99.65,0.0,835.0,0.0,3897.0
4449,67,79.0,0.0,0.0,1611.0,0.0,12,0,0,0,1,0,0,58.9154,9.45,99.3,0.0,835.0,0.0,3897.0
4450,67,79.0,0.0,0.0,1611.0,0.0,12,0,0,0,1,0,0,58.5308,9.1,98.95,0.0,835.0,0.0,3897.0
4451,68,79.0,1.0,1.0,1612.0,0.0,11,1,0,0,1,0,0,58.1462,8.75,98.6,0.0,835.0,0.0,3897.0
4452,67,79.0,0.0,0.0,1612.0,0.0,10,0,2,0,1,0,0,57.8385,8.4,98.25,0.0,835.0,2.0,3899.0
4453,67,79.0,0.0,0.0,1612.0,0.0,11,0,1,0,1,0,0,57.5308,8.05,97.9,1.0,836.0,2.0,3901.0
4454,67,79.0,0.0,0.0,1612.0,0.0,12,0,0,0,1,0,0,57.1577,7.7,97.55,0.0,836.0,0.0,3901.0
4455,68,80.0,1.0,0.0,1612.0,0.0,11,0,0,0,2,0,0,56.7846,7.35,97.2,0.0,836.0,0.0,3901.0
4456,68,80.0,0.0,0.0,1612.0,0.0,11,0,0,0,2,0,0,56.4115,7.0,96.85,0.0,836.0,0.0,3901.0
4457,68,80.0,0.0,0.0,1612.0,0.0,11,0,0,0,2,0,0,56.0269,6.65,96.5,0.0,836.0,0.0,3901.0
4458,68,80.0,0.0,0.0,1612.0,0.0,11,0,0,0,2,0,0,55.6308,6.3,96.15,0.0,836.0,0.0,3901.0
4459,70,81.0,2.0,1.0,1613.0,0.0,10,1,0,1,1,0,0,55.2346,5.95,95.8,0.0,836.0,0.0,3901.0
4460,69,81.0,0.0,0.0,1613.0,0.0,8,0,4,1,0,0,0,55.7196,13.35,95.45,0.0,836.0,4.0,3905.0
4461,70,82.0,1.0,0.0,1613.0,0.0,9,0,2,1,1,0,0,56.2046,13.35,95.1,2.0,838.0,4.0,3909.0
4462,70,82.0,0.0,0.0,1613.0,0.0,11,0,0,1,1,0,0,56.5358,13.0,94.75,0.0,838.0,0.0,3909.0
4463,70,82.0,0.0,0.0,1613.0,0.0,10,0,1,1,1,0,0,56.9208,12.65,94.25,0.0,838.0,1.0,3910.0
4464,70,81.0,0.0,1.0,1614.0,0.0,10,1,0,1,1,0,0,57.3058,12.3,93.75,1.0,839.0,1.0,3911.0
4465,70,81.0,1.0,1.0,1615.0,0.0,9,1,1,1,1,0,0,57.6638,11.95,93.25,0.0,839.0,1.0,3912.0
4466,69,81.0,0.0,0.0,1615.0,0.0,9,0,3,1,0,0,0,58.0988,11.95,92.9,0.0,839.0,3.0,3915.0
4467,70,82.0,1.0,0.0,1615.0,0.0,8,0,4,1,0,0,0,58.5992,11.95,92.65,1.0,840.0,5.0,3920.0
4468,70,81.0,0.0,1.0,1616.0,0.0,10,1,1,1,0,0,0,58.9842,11.95,92.65,1.0,841.0,2.0,3922.0
4469,69,81.0,0.0,0.0,1616.0,0.0,12,0,0,0,1,0,0,59.3,11.6,99.65,0.0,841.0,0.0,3922.0
4470,69,81.0,0.0,0.0,1616.0,0.0,12,0,0,0,1,0,0,58.8808,11.25,99.3,0.0,841.0,0.0,3922.0
4471,70,82.0,1.0,0.0,1616.0,0.0,12,0,0,0,1,0,0,58.4615,10.9,98.95,0.0,841.0,0.0,3922.0
4472,70,81.0,0.0,1.0,1617.0,0.0,11,1,0,0,1,0,0,58.0423,10.55,98.6,0.0,841.0,0.0,3922.0
4473,69,81.0,0.0,0.0,1617.0,0.0,10,0,2,0,1,0,0,57.7,10.2,98.25,0.0,841.0,2.0,3924.0
4474,69,81.0,0.0,0.0,1617.0,0.0,11,0,1,0,1,0,0,57.3577,9.85,97.9,1.0,842.0,2.0,3926.0
4475,72,84.0,3.0,0.0,1617.0,0.0,10,0,2,0,1,0,0,57.0038,9.5,97.55,0.0,842.0,2.0,3928.0
4476,72,84.0,0.0,0.0,1617.0,0.0,10,0,2,0,1,0,0,56.6885,9.15,97.2,1.0,843.0,3.0,3931.0
4477,72,84.0,0.0,0.0,1617.0,0.0,11,0,0,0,2,0,0,56.2692,8.8,96.85,0.0,843.0,0.0,3931.0
4478,72,84.0,0.0,0.0,1617.0,0.0,11,0,0,0,2,0,0,55.8615,8.45,96.5,0.0,843.0,0.0,3931.0
4479,72,84.0,0.0,0.0,1617.0,0.0,11,0,0,0,2,0,0,55.4423,8.1,96.15,0.0,843.0,0.0,3931.0
4480,72,83.0,0.0,1.0,1618.0,0.0,10,1,0,0,2,0,0,55.0115,7.75,95.8,0.0,843.0,0.0,3931.0
4481,71,83.0,0.0,0.0,1618.0,0.0,11,0,0,0,2,0,0,54.5923,7.4,95.45,0.0,843.0,0.0,3931.0
4482,71,81.0,0.0,2.0,1620.0,0.0,7,2,2,0,2,0,0,54.2269,7.05,95.1,0.0,843.0,2.0,3933.0
4483,72,83.0,2.0,0.0,1620.0,0.0,10,0,2,0,1,0,0,53.9115,6.7,94.75,1.0,844.0,3.0,3936.0
4484,72,82.0,0.0,1.0,1621.0,0.0,9,1,2,0,1,0,0,53.5577,6.35,94.4,0.0,844.0,2.0,3938.0
4485,72,83.0,1.0,0.0,1621.0,0.0,10,0,2,0,1,0,0,53.2538,6.0,94.05,1.0,845.0,3.0,3941.0
4486,72,83.0,0.0,0.0,1621.0,0.0,10,0,1,0,2,0,0,52.8846,5.65,93.7,0.0,845.0,1.0,3942.0
4487,72,83.0,0.0,0.0,1621.0,0.0,11,0,0,0,2,0,0,52.4769,5.3,93.35,0.0,845.0,0.0,3942.0
4488,72,83.0,0.0,0.0,1621.0,0.0,11,0,0,0,2,0,0,52.0692,4.95,93.0,0.0,845.0,0.0,3942.0
4489,73,83.0,1.0,1.0,1622.0,0.0,10,1,0,1,1,0,0,51.65,4.6,92.65,0.0,845.0,0.0,3942.0
4490,72,82.0,0.0,1.0,1623.0,0.0,10,1,0,1,1,0,0,52.0031,11.3,92.3,0.0,845.0,0.0,3942.0
4491,72,80.0,1.0,3.0,1626.0,0.0,8,3,0,1,1,0,0,52.3677,10.95,91.95,0.0,845.0,0.0,3942.0
4492,69,80.0,0.0,0.0,1626.0,0.0,11,0,0,1,1,0,0,52.7554,10.6,91.6,0.0,845.0,0.0,3942.0
4493,69,80.0,0.0,0.0,1626.0,0.0,11,0,0,1,1,0,0,53.1315,10.25,91.25,0.0,845.0,0.0,3942.0
4494,69,80.0,0.0,0.0,1626.0,0.0,11,0,0,1,1,0,0,53.5077,9.9,90.9,0.0,845.0,0.0,3942.0
4495,71,82.0,2.0,0.0,1626.0,0.0,10,0,1,1,1,0,0,53.9108,9.55,90.55,0.0,845.0,1.0,3943.0
4496,71,81.0,0.0,1.0,1627.0,0.0,9,1,0,1,2,0,0,54.2869,9.2,90.2,0.0,845.0,0.0,3943.0
4497,70,81.0,0.0,0.0,1627.0,0.0,10,0,0,1,2,0,0,54.6631,8.85,89.85,0.0,845.0,0.0,3943.0
4498,70,81.0,0.0,0.0,1627.0,0.0,9,0,1,1,2,0,0,55.0662,8.5,90.46,0.0,845.0,1.0,3944.0
4499,70,82.0,1.0,0.0,1627.0,0.0,9,0,2,0,2,0,0,55.4692,8.15,99.65,0.0,845.0,2.0,3946.0
4500,70,82.0,0.0,0.0,1627.0,0.0,10,0,1,0,2,0,0,55.1385,7.8,99.3,1.0,846.0,2.0,3948.0
4501,70,82.0,0.0,0.0,1627.0,0.0,11,0,0,0,2,0,0,54.7538,7.45,98.95,0.0,846.0,0.0,3948.0
4502,70,81.0,0.0,1.0,1628.0,0.0,9,1,2,0,1,0,0,54.4115,7.1,98.6,0.0,846.0,2.0,3950.0
4503,70,81.0,1.0,1.0,1629.0,0.0,9,1,2,0,1,0,0,54.0962,6.75,98.25,1.0,847.0,3.0,3953.0
4504,70,81.0,0.0,0.0,1629.0,0.0,11,0,1,0,1,0,0,53.7269,6.4,97.9,0.0,847.0,1.0,3954.0
4505,71,81.0,1.0,1.0,1630.0,0.0,9,1,1,0,2,0,0,53.3846,6.05,97.55,1.0,848.0,2.0,3956.0
4506,70,80.0,0.0,1.0,1631.0,0.0,9,1,0,1,2,0,0,53.0,5.7,97.2,0.0,848.0,0.0,3956.0
4507,72,81.0,2.0,1.0,1632.0,0.0,9,1,0,1,2,0,0,53.3792,12.3,96.85,0.0,848.0,0.0,3956.0
4508,71,81.0,0.0,0.0,1632.0,0.0,10,0,0,1,2,0,0,53.7469,11.95,96.5,0.0,848.0,0.0,3956.0
4509,71,81.0,0.0,0.0,1632.0,0.0,10,0,0,1,2,0,0,54.1146,11.6,96.15,0.0,848.0,0.0,3956.0
4510,71,81.0,0.0,0.0,1632.0,0.0,10,0,0,1,2,0,0,54.4708,11.25,95.8,0.0,848.0,0.0,3956.0
4511,71,81.0,0.0,0.0,1632.0,0.0,10,0,0,1,2,0,0,54.8269,10.9,95.45,0.0,848.0,0.0,3956.0
4512,71,79.0,0.0,2.0,1634.0,0.0,8,2,0,1,2,0,0,55.1831,10.55,95.1,0.0,848.0,0.0,3956.0
4513,69,79.0,0.0,0.0,1634.0,0.0,10,0,0,1,2,0,0,55.5508,10.2,94.75,0.0,848.0,0.0,3956.0
4514,69,78.0,0.0,1.0,1635.0,0.0,8,1,1,1,2,0,0,55.9569,9.85,94.4,0.0,848.0,1.0,3957.0
4515,70,80.0,2.0,0.0,1635.0,0.0,10,0,0,1,2,0,0,56.3246,9.5,94.05,0.0,848.0,0.0,3957.0
4516,69,80.0,0.0,0.0,1635.0,0.0,9,0,2,0,2,0,0,56.7192,9.15,99.65,0.0,848.0,2.0,3959.0
4517,70,81.0,1.0,0.0,1635.0,0.0,9,0,2,0,2,0,0,56.4154,8.8,99.3,1.0,849.0,3.0,3962.0
4518,70,81.0,0.0,0.0,1635.0,0.0,11,0,0,0,2,0,0,56.0192,8.45,98.95,0.0,849.0,0.0,3962.0
4519,71,82.0,1.0,0.0,1635.0,0.0,9,0,2,1,1,0,0,55.6769,8.1,98.6,0.0,849.0,2.0,3964.0
4520,71,81.0,0.0,1.0,1636.0,0.0,10,1,0,1,1,0,0,55.9858,7.75,98.25,0.0,849.0,0.0,3964.0
4521,70,81.0,0.0,0.0,1636.0,0.0,9,0,2,1,1,0,0,56.3485,7.4,97.9,0.0,849.0,2.0,3966.0
4522,70,80.0,0.0,1.0,1637.0,0.0,10,1,1,1,0,0,0,56.6842,7.4,97.55,0.0,849.0,1.0,3967.0
4523,70,80.0,1.0,1.0,1638.0,0.0,10,1,0,1,1,0,0,57.0315,7.4,97.2,1.0,850.0,1.0,3968.0
4524,69,80.0,0.0,0.0,1638.0,0.0,11,0,0,1,1,0,0,57.3635,7.05,96.85,0.0,850.0,0.0,3968.0
4525,70,80.0,1.0,1.0,1639.0,0.0,10,1,0,1,1,0,0,57.6954,6.7,96.5,0.0,850.0,0.0,3968.0
4526,69,79.0,0.0,1.0,1640.0,0.0,6,1,4,1,1,0,0,58.1581,6.35,96.15,0.0,850.0,4.0,3972.0
4527,68,79.0,0.0,0.0,1640.0,0.0,9,0,2,2,0,0,0,58.6323,6.0,96.15,2.0,852.0,4.0,3976.0
4528,68,79.0,0.0,0.0,1640.0,0.0,11,0,0,2,0,0,0,59.7373,15.4,95.8,0.0,852.0,0.0,3976.0
4529,67,79.0,0.0,0.0,1640.0,0.0,11,0,1,1,0,0,0,60.8308,16.0,99.65,0.0,852.0,1.0,3977.0
4530,67,79.0,0.0,0.0,1640.0,0.0,12,0,0,1,0,0,0,61.2077,15.5,99.3,0.0,852.0,0.0,3977.0
4531,70,81.0,3.0,1.0,1641.0,0.0,11,1,0,1,0,0,0,61.5846,15.0,98.95,0.0,852.0,0.0,3977.0
4532,69,81.0,0.0,0.0,1641.0,0.0,11,0,0,1,1,0,0,61.9615,14.5,98.6,0.0,852.0,0.0,3977.0
4533,69,81.0,0.0,0.0,1641.0,0.0,11,0,0,1,1,0,0,62.3385,14.15,98.25,0.0,852.0,0.0,3977.0
4534,69,81.0,0.0,0.0,1641.0,0.0,11,0,0,1,1,0,0,62.7038,13.8,97.9,0.0,852.0,0.0,3977.0
4535,70,82.0,1.0,0.0,1641.0,0.0,11,0,0,1,1,0,0,63.0577,13.45,97.55,0.0,852.0,0.0,3977.0
4536,70,82.0,0.0,0.0,1641.0,0.0,10,0,1,1,1,0,0,63.4385,13.1,97.2,0.0,852.0,1.0,3978.0
4537,69,81.0,0.0,1.0,1642.0,0.0,11,1,0,0,1,0,0,63.7538,12.75,99.65,0.0,852.0,0.0,3978.0
4538,69,81.0,0.0,0.0,1642.0,0.0,12,0,0,0,1,0,0,63.3577,12.4,99.3,0.0,852.0,0.0,3978.0
4539,70,81.0,1.0,1.0,1643.0,0.0,11,1,0,0,1,0,0,62.9615,12.05,98.95,0.0,852.0,0.0,3978.0
4540,69,81.0,0.0,0.0,1643.0,0.0,10,0,2,0,1,0,0,62.6423,11.7,98.6,0.0,852.0,2.0,3980.0
4541,69,81.0,0.0,0.0,1643.0,0.0,10,0,2,0,1,0,0,62.3385,11.35,98.25,1.0,853.0,3.0,3983.0
4542,69,80.0,0.0,1.0,1644.0,0.0,11,1,0,0,1,0,0,61.9423,11.0,97.9,0.0,853.0,0.0,3983.0
4543,69,81.0,1.0,0.0,1644.0,0.0,12,0,0,0,1,0,0,61.5577,10.65,97.55,0.0,853.0,0.0,3983.0
4544,69,81.0,0.0,0.0,1644.0,0.0,12,0,0,0,1,0,0,61.1615,10.3,97.2,0.0,853.0,0.0,3983.0
4545,71,83.0,2.0,0.0,1644.0,0.0,11,0,1,0,1,0,0,60.7923,9.95,96.85,0.0,853.0,1.0,3984.0
4546,71,82.0,0.0,1.0,1645.0,0.0,9,1,2,0,1,0,0,60.4615,9.6,96.5,0.0,853.0,2.0,3986.0
4547,71,83.0,1.0,0.0,1645.0,0.0,11,0,1,0,1,0,0,60.1423,9.25,96.15,1.0,854.0,2.0,3988.0
4548,71,83.0,0.0,0.0,1645.0,0.0,12,0,0,0,1,0,0,59.7462,8.9,95.8,0.0,854.0,0.0,3988.0
4549,71,83.0,0.0,0.0,1645.0,0.0,12,0,0,0,1,0,0,59.3385,8.55,95.45,0.0,854.0,0.0,3988.0
4550,71,83.0,0.0,0.0,1645.0,0.0,12,0,0,0,1,0,0,58.9192,8.2,95.1,0.0,854.0,0.0,3988.0
4551,71,83.0,0.0,0.0,1645.0,0.0,12,0,0,0,1,0,0,58.5,7.85,94.75,0.0,854.0,0.0,3988.0
4552,71,83.0,0.0,0.0,1645.0,0.0,11,0,1,0,1,0,0,58.1077,7.5,94.4,0.0,854.0,1.0,3989.0
4553,71,83.0,0.0,0.0,1645.0,0.0,12,0,0,0,1,0,0,57.6885,7.15,94.05,0.0,854.0,0.0,3989.0
4554,71,83.0,0.0,0.0,1645.0,0.0,12,0,0,1,0,0,0,57.2577,6.8,93.7,0.0,854.0,0.0,3989.0
4555,74,86.0,3.0,0.0,1645.0,0.0,11,0,1,1,0,0,0,57.5862,16.12,93.35,0.0,854.0,1.0,3990.0
4556,74,85.0,0.0,1.0,1646.0,0.0,10,1,1,1,0,0,0,57.9146,15.65,93.0,0.0,854.0,1.0,3991.0
4557,73,85.0,0.0,0.0,1646.0,0.0,11,0,1,1,0,0,0,58.2431,15.65,92.5,0.0,854.0,1.0,3992.0
4558,73,84.0,0.0,1.0,1647.0,0.0,9,1,2,1,0,0,0,58.5985,15.65,92.0,0.0,854.0,2.0,3994.0
4559,73,85.0,1.0,0.0,1647.0,0.0,11,0,1,1,0,0,0,58.9654,15.65,91.5,1.0,855.0,2.0,3996.0
4560,73,85.0,0.0,0.0,1647.0,0.0,12,0,0,1,0,0,0,59.2554,15.15,91.0,0.0,855.0,0.0,3996.0
4561,73,84.0,0.0,1.0,1648.0,0.0,8,1,2,1,1,0,0,59.6223,14.65,90.5,0.0,855.0,2.0,3998.0
4562,72,83.0,0.0,1.0,1649.0,0.0,9,1,1,1,1,0,0,60.0008,14.3,90.0,1.0,856.0,2.0,4000.0
4563,72,84.0,1.0,0.0,1649.0,0.0,11,0,0,1,1,0,0,60.3138,13.95,90.68,0.0,856.0,0.0,4000.0
4564,72,83.0,0.0,1.0,1650.0,0.0,10,1,1,0,1,0,0,60.6385,13.6,99.65,0.0,856.0,1.0,4001.0
4565,72,84.0,1.0,0.0,1650.0,0.0,10,0,2,0,1,0,0,60.2846,13.25,99.3,0.0,856.0,2.0,4003.0
4566,72,81.0,0.0,3.0,1653.0,0.0,8,3,1,0,1,0,0,59.9308,12.9,98.95,1.0,857.0,2.0,4005.0
4567,70,82.0,1.0,0.0,1653.0,0.0,12,0,0,0,1,0,0,59.5462,12.55,98.6,0.0,857.0,0.0,4005.0
4568,70,82.0,0.0,0.0,1653.0,0.0,12,0,0,0,1,0,0,59.1615,12.2,98.25,0.0,857.0,0.0,4005.0
4569,70,82.0,0.0,0.0,1653.0,0.0,12,0,0,0,1,0,0,58.7769,11.85,97.9,0.0,857.0,0.0,4005.0
4570,70,82.0,0.0,0.0,1653.0,0.0,12,0,0,0,1,0,0,58.3808,11.5,97.55,0.0,857.0,0.0,4005.0
4571,71,83.0,1.0,0.0,1653.0,0.0,11,0,1,0,1,0,0,58.0115,11.15,97.2,0.0,857.0,1.0,4006.0
4572,71,83.0,0.0,0.0,1653.0,0.0,12,0,0,0,1,0,0,57.6154,10.8,96.85,0.0,857.0,0.0,4006.0
4573,72,84.0,1.0,0.0,1653.0,0.0,12,0,0,0,1,0,0,57.1962,10.45,96.5,0.0,857.0,0.0,4006.0
4574,72,83.0,0.0,1.0,1654.0,0.0,11,1,0,0,1,0,0,56.7769,10.1,96.15,0.0,857.0,0.0,4006.0
4575,72,83.0,1.0,1.0,1655.0,0.0,7,1,4,0,1,0,0,56.4885,9.75,95.8,0.0,857.0,4.0,4010.0
4576,71,82.0,0.0,1.0,1656.0,0.0,9,1,2,0,1,0,0,56.2115,9.4,95.45,2.0,859.0,4.0,4014.0
4577,70,82.0,0.0,0.0,1656.0,0.0,9,0,3,0,1,0,0,55.9077,9.05,95.45,0.0,859.0,3.0,4017.0
4578,70,82.0,0.0,0.0,1656.0,0.0,11,0,1,1,0,0,0,55.5654,8.7,95.1,1.0,860.0,2.0,4019.0
4579,72,84.0,2.0,0.0,1656.0,0.0,12,0,0,1,0,0,0,55.8869,17.83,94.75,0.0,860.0,0.0,4019.0
4580,72,84.0,0.0,0.0,1656.0,0.0,12,0,0,1,0,0,0,56.2085,26.96,94.4,0.0,860.0,0.0,4019.0
4581,72,82.0,0.0,2.0,1658.0,0.0,9,2,1,1,0,0,0,56.5685,30.0,94.05,0.0,860.0,1.0,4020.0
4582,70,82.0,0.0,0.0,1658.0,0.0,10,0,2,1,0,0,0,56.99,29.65,93.7,0.0,860.0,2.0,4022.0
4583,70,82.0,0.0,0.0,1658.0,0.0,11,0,1,1,0,0,0,57.3885,29.3,93.2,1.0,861.0,2.0,4024.0
4584,70,82.0,0.0,0.0,1658.0,0.0,12,0,0,1,0,0,0,57.6985,28.95,92.7,0.0,861.0,0.0,4024.0
4585,71,83.0,1.0,0.0,1658.0,0.0,11,0,1,1,0,0,0,58.0469,28.6,92.2,0.0,861.0,1.0,4025.0
4586,71,83.0,0.0,0.0,1658.0,0.0,11,0,1,1,0,0,0,58.3723,28.25,91.7,0.0,861.0,1.0,4026.0
4587,73,85.0,2.0,0.0,1658.0,0.0,11,0,1,1,0,0,0,58.7246,27.9,91.2,1.0,862.0,2.0,4028.0
4588,72,85.0,0.0,0.0,1658.0,0.0,13,0,0,0,0,0,0,58.9962,27.55,99.65,0.0,862.0,0.0,4028.0
4589,72,85.0,0.0,0.0,1658.0,0.0,12,0,1,0,0,0,0,58.6038,27.2,99.3,0.0,862.0,1.0,4029.0
4590,72,85.0,0.0,0.0,1658.0,0.0,13,0,0,0,0,0,0,58.1731,26.85,98.95,0.0,862.0,0.0,4029.0
4591,73,85.0,1.0,1.0,1659.0,0.0,11,1,1,0,0,0,0,57.7808,26.5,98.6,0.0,862.0,1.0,4030.0
4592,72,84.0,0.0,1.0,1660.0,0.0,10,1,2,0,0,0,0,57.4269,26.15,98.25,0.0,862.0,2.0,4032.0
4593,71,83.0,0.0,1.0,1661.0,0.0,12,1,0,0,0,0,0,57.0192,25.8,97.9,0.0,862.0,0.0,4032.0
4594,70,81.0,0.0,2.0,1663.0,0.0,10,2,1,0,0,0,0,56.65,25.45,97.55,0.0,862.0,1.0,4033.0
4595,70,82.0,2.0,1.0,1664.0,0.0,12,1,0,0,0,0,0,56.2654,25.1,97.2,0.0,862.0,0.0,4033.0
4596,69,81.0,0.0,1.0,1665.0,0.0,12,1,0,0,0,0,0,55.8808,24.75,96.85,0.0,862.0,0.0,4033.0
4597,68,81.0,0.0,0.0,1665.0,0.0,13,0,0,0,0,0,0,55.5077,24.4,96.5,0.0,862.0,0.0,4033.0
4598,68,80.0,0.0,1.0,1666.0,0.0,12,1,0,0,0,0,0,55.1231,23.9,96.15,0.0,862.0,0.0,4033.0
4599,67,80.0,0.0,0.0,1666.0,0.0,12,0,1,0,0,0,0,54.7769,23.4,95.8,0.0,862.0,1.0,4034.0
4600,67,80.0,0.0,0.0,1666.0,0.0,13,0,0,0,0,0,0,54.4038,22.9,95.45,0.0,862.0,0.0,4034.0
4601,68,81.0,1.0,0.0,1666.0,0.0,12,0,1,0,0,0,0,54.0577,22.4,95.1,0.0,862.0,1.0,4035.0
4602,68,81.0,0.0,0.0,1666.0,0.0,13,0,0,0,0,0,0,53.6731,21.9,94.6,0.0,862.0,0.0,4035.0
4603,70,83.0,2.0,0.0,1666.0,0.0,13,0,0,0,0,0,0,53.2769,21.4,94.1,0.0,862.0,0.0,4035.0
4604,70,81.0,0.0,2.0,1668.0,0.0,11,2,0,0,0,0,0,52.8808,20.9,93.6,0.0,862.0,0.0,4035.0
4605,69,82.0,1.0,0.0,1668.0,0.0,12,0,1,0,0,0,0,52.5346,20.4,93.25,0.0,862.0,1.0,4036.0
4606,69,82.0,0.0,0.0,1668.0,0.0,13,0,0,0,0,0,0,52.1615,19.9,92.9,0.0,862.0,0.0,4036.0
4607,69,82.0,0.0,0.0,1668.0,0.0,13,0,0,0,0,0,0,51.7769,19.4,92.55,0.0,862.0,0.0,4036.0
4608,69,82.0,0.0,0.0,1668.0,0.0,11,0,2,0,0,0,0,51.4346,18.9,92.05,0.0,862.0,2.0,4038.0
4609,69,82.0,0.0,0.0,1668.0,0.0,13,0,0,0,0,0,0,51.0385,18.4,91.55,0.0,862.0,0.0,4038.0
4610,69,81.0,0.0,1.0,1669.0,0.0,12,1,0,0,0,0,0,50.6308,17.9,91.05,0.0,862.0,0.0,4038.0
4611,69,82.0,1.0,0.0,1669.0,0.0,13,0,0,0,0,0,0,50.2231,17.4,90.7,0.0,862.0,0.0,4038.0
4612,69,81.0,0.0,1.0,1670.0,0.0,12,1,0,0,0,0,0,49.8038,16.9,90.35,0.0,862.0,0.0,4038.0
4613,68,81.0,0.0,0.0,1670.0,0.0,13,0,0,0,0,0,0,49.3846,16.55,90.0,0.0,862.0,0.0,4038.0
4614,68,81.0,0.0,0.0,1670.0,0.0,13,0,0,0,0,0,0,48.9654,16.2,89.65,0.0,862.0,0.0,4038.0
4615,71,84.0,3.0,0.0,1670.0,0.0,13,0,0,0,0,0,0,48.5462,15.85,89.3,0.0,862.0,0.0,4038.0
4616,71,84.0,0.0,0.0,1670.0,0.0,12,0,1,0,0,0,0,48.1538,15.5,88.95,0.0,862.0,1.0,4039.0
4617,71,83.0,0.0,1.0,1671.0,0.0,10,1,2,0,0,0,0,47.7885,15.5,88.6,0.0,862.0,2.0,4041.0
4618,70,81.0,0.0,2.0,1673.0,0.0,9,2,2,0,0,0,0,47.4346,15.5,88.25,0.0,862.0,2.0,4043.0
4619,69,81.0,1.0,1.0,1674.0,0.0,11,1,1,0,0,0,0,47.1038,15.5,87.9,1.0,863.0,2.0,4045.0
4620,68,81.0,0.0,0.0,1674.0,0.0,10,0,3,0,0,0,0,46.8,15.15,87.55,0.0,863.0,3.0,4048.0
4621,68,81.0,0.0,0.0,1674.0,0.0,10,0,3,0,0,0,0,46.5615,15.15,87.2,1.0,864.0,4.0,4052.0
4622,68,81.0,0.0,0.0,1674.0,0.0,11,0,2,0,0,0,0,46.2462,15.15,86.85,0.0,864.0,2.0,4054.0
4623,68,80.0,0.0,1.0,1675.0,0.0,9,1,2,0,1,0,0,45.9192,14.8,86.5,0.0,864.0,2.0,4056.0
4624,68,80.0,0.0,0.0,1675.0,0.0,10,0,2,0,1,0,0,45.5923,14.45,86.15,1.0,865.0,3.0,4059.0
4625,69,80.0,1.0,1.0,1676.0,0.0,9,1,2,0,1,0,0,45.2654,14.1,85.8,1.0,866.0,3.0,4062.0
4626,68,80.0,0.0,0.0,1676.0,0.0,11,0,1,0,1,0,0,44.8731,14.1,85.45,0.0,866.0,1.0,4063.0
4627,70,81.0,2.0,1.0,1677.0,0.0,8,1,3,0,1,0,0,44.5462,14.1,84.95,0.0,866.0,3.0,4066.0
4628,69,81.0,0.0,0.0,1677.0,0.0,11,0,2,0,0,0,0,44.2077,14.1,84.45,1.0,867.0,3.0,4069.0
4629,70,82.0,1.0,0.0,1677.0,0.0,7,0,4,0,2,0,0,43.9192,13.75,83.95,0.0,867.0,4.0,4073.0
4630,70,82.0,0.0,0.0,1677.0,0.0,10,0,2,0,1,0,0,43.6192,13.4,83.45,1.0,868.0,3.0,4076.0
4631,70,82.0,0.0,0.0,1677.0,0.0,10,0,1,0,2,0,0,43.2538,13.05,82.95,0.0,868.0,1.0,4077.0
4632,70,82.0,0.0,0.0,1677.0,0.0,10,0,1,0,2,0,0,42.8731,12.7,82.45,0.0,868.0,1.0,4078.0
4633,70,81.0,0.0,1.0,1678.0,0.0,10,1,0,0,2,0,0,42.4538,12.35,81.95,0.0,868.0,0.0,4078.0
4634,69,81.0,0.0,0.0,1678.0,0.0,9,0,2,0,2,0,0,42.1115,12.0,81.45,0.0,868.0,2.0,4080.0
4635,71,82.0,2.0,1.0,1679.0,0.0,10,1,0,0,2,0,0,41.7038,11.65,80.95,0.0,868.0,0.0,4080.0
4636,70,82.0,0.0,0.0,1679.0,0.0,11,0,0,0,2,0,0,41.2962,11.3,80.45,0.0,868.0,0.0,4080.0
4637,70,82.0,0.0,0.0,1679.0,0.0,10,0,1,0,2,0,0,40.9154,10.95,79.95,0.0,868.0,1.0,4081.0
4638,70,82.0,0.0,0.0,1679.0,0.0,11,0,0,0,2,0,0,40.4846,10.6,79.45,0.0,868.0,0.0,4081.0
4639,71,83.0,1.0,0.0,1679.0,0.0,11,0,0,0,2,0,0,40.0538,10.25,78.95,0.0,868.0,0.0,4081.0
4640,71,82.0,0.0,1.0,1680.0,0.0,10,1,0,0,2,0,0,39.6231,9.9,78.45,0.0,868.0,0.0,4081.0
4641,70,81.0,0.0,1.0,1681.0,0.0,10,1,0,0,2,0,0,39.2038,9.55,77.95,0.0,868.0,0.0,4081.0
4642,70,81.0,0.0,0.0,1681.0,0.0,9,0,2,0,2,0,0,38.8615,9.2,77.45,0.0,868.0,2.0,4083.0
4643,72,82.0,2.0,1.0,1682.0,0.0,9,1,1,0,2,0,0,38.5077,8.85,76.95,1.0,869.0,2.0,4085.0
4644,72,82.0,0.0,0.0,1682.0,0.0,10,0,0,0,3,0,0,38.0885,8.5,76.45,0.0,869.0,0.0,4085.0
4645,73,83.0,1.0,0.0,1682.0,0.0,10,0,0,0,3,0,0,37.6692,8.15,75.95,0.0,869.0,0.0,4085.0
4646,73,83.0,0.0,0.0,1682.0,0.0,10,0,0,0,3,0,0,37.25,7.8,75.45,0.0,869.0,0.0,4085.0
4647,73,82.0,0.0,1.0,1683.0,0.0,9,1,0,0,3,0,0,36.8308,7.45,74.95,0.0,869.0,0.0,4085.0
4648,72,82.0,0.0,0.0,1683.0,0.0,9,0,1,0,3,0,0,36.45,7.1,74.45,0.0,869.0,1.0,4086.0
4649,72,79.0,0.0,3.0,1686.0,0.0,7,3,0,1,2,0,0,36.0308,6.75,73.95,0.0,869.0,0.0,4086.0
4650,70,77.0,0.0,2.0,1688.0,0.0,7,3,0,1,2,0,0,36.4173,7.15,73.6,0.0,869.0,0.0,4086.0
4651,70,79.0,2.0,0.0,1688.0,0.0,8,1,2,1,1,0,0,36.8808,6.8,73.25,0.0,869.0,2.0,4088.0
4652,70,79.0,0.0,0.0,1688.0,0.0,9,1,1,1,1,0,0,37.3327,6.45,72.9,1.0,870.0,2.0,4090.0
4653,70,79.0,0.0,0.0,1688.0,0.0,9,1,0,1,2,0,0,37.7308,6.1,72.55,0.0,870.0,0.0,4090.0
4654,70,79.0,0.0,0.0,1688.0,0.0,9,1,1,1,1,0,0,38.1827,5.75,72.2,0.0,870.0,1.0,4091.0
4655,71,80.0,1.0,0.0,1688.0,0.0,9,1,0,1,2,0,0,38.5808,5.4,71.85,0.0,870.0,0.0,4091.0
4656,71,80.0,0.0,0.0,1688.0,0.0,8,1,1,1,2,0,0,39.0058,5.05,72.025,0.0,870.0,1.0,4092.0
4657,71,81.0,1.0,0.0,1688.0,0.0,9,0,1,1,2,0,0,39.4308,4.7,81.35,1.0,871.0,2.0,4094.0
4658,71,80.0,0.0,1.0,1689.0,0.0,8,1,0,1,3,0,0,39.8019,4.35,90.675,0.0,871.0,0.0,4094.0
4659,71,81.0,1.0,0.0,1689.0,0.0,9,0,1,0,3,0,0,40.1731,4.0,99.65,0.0,871.0,1.0,4095.0
4660,71,81.0,0.0,0.0,1689.0,0.0,9,0,1,0,3,0,0,39.8269,3.65,99.3,0.0,871.0,1.0,4096.0
4661,71,81.0,0.0,0.0,1689.0,0.0,8,0,3,1,1,0,0,39.5346,3.3,98.95,0.0,871.0,3.0,4099.0
4662,71,81.0,0.0,0.0,1689.0,0.0,10,0,1,1,1,0,0,39.9862,9.25,98.6,1.0,872.0,2.0,4101.0
4663,72,81.0,1.0,1.0,1690.0,0.0,9,1,0,1,2,0,0,40.3838,8.9,98.25,0.0,872.0,0.0,4101.0
4664,71,81.0,0.0,0.0,1690.0,0.0,8,0,3,1,1,0,0,40.8738,8.55,97.9,0.0,872.0,3.0,4104.0
4665,72,82.0,1.0,0.0,1690.0,0.0,8,0,2,1,2,0,0,41.3638,8.2,97.55,1.0,873.0,3.0,4107.0
4666,72,82.0,0.0,0.0,1690.0,0.0,9,0,1,1,2,0,0,41.8,7.85,97.2,0.0,873.0,1.0,4108.0
4667,73,83.0,1.0,0.0,1690.0,0.0,9,0,1,1,2,0,0,42.2631,7.5,96.85,1.0,874.0,2.0,4110.0
4668,73,83.0,0.0,0.0,1690.0,0.0,10,0,0,1,2,0,0,42.6608,7.15,96.5,0.0,874.0,0.0,4110.0
4669,73,83.0,0.0,0.0,1690.0,0.0,7,0,3,1,2,0,0,43.1508,6.8,96.15,0.0,874.0,3.0,4113.0
4670,73,82.0,0.0,1.0,1691.0,0.0,8,1,1,1,2,0,0,43.6023,6.45,95.8,1.0,875.0,2.0,4115.0
4671,72,83.0,1.0,0.0,1691.0,0.0,11,0,0,0,2,0,0,43.9731,6.1,99.65,0.0,875.0,0.0,4115.0
4672,72,83.0,0.0,0.0,1691.0,0.0,9,0,2,0,2,0,0,43.6423,5.75,99.3,0.0,875.0,2.0,4117.0
4673,72,83.0,0.0,0.0,1691.0,0.0,11,0,0,0,2,0,0,43.2462,5.4,98.95,0.0,875.0,0.0,4117.0
4674,72,82.0,0.0,1.0,1692.0,0.0,8,1,1,0,3,0,0,42.8769,5.05,98.6,0.0,875.0,1.0,4118.0
4675,74,85.0,3.0,0.0,1692.0,0.0,10,0,0,1,2,0,0,42.5308,4.7,98.25,1.0,876.0,1.0,4119.0
4676,74,85.0,0.0,0.0,1692.0,0.0,10,0,0,1,2,0,0,42.9062,9.6,97.9,0.0,876.0,0.0,4119.0
4677,74,84.0,0.0,1.0,1693.0,0.0,7,1,1,1,3,0,0,43.3085,9.25,97.55,0.0,876.0,1.0,4120.0
4678,74,84.0,0.0,0.0,1693.0,0.0,9,0,0,1,3,0,0,43.6954,8.9,97.2,0.0,876.0,0.0,4120.0
4679,74,84.0,0.0,0.0,1693.0,0.0,9,0,0,1,3,0,0,44.0823,8.55,96.85,0.0,876.0,0.0,4120.0
4680,74,84.0,0.0,0.0,1693.0,0.0,9,0,0,1,3,0,0,44.4692,8.2,96.5,0.0,876.0,0.0,4120.0
4681,74,83.0,0.0,1.0,1694.0,0.0,7,1,0,1,3,1,0,44.8446,7.85,96.15,0.0,876.0,0.0,4120.0
4682,74,83.0,0.0,0.0,1694.0,0.0,8,0,0,1,3,1,0,45.2585,7.5,95.8,0.0,876.0,0.0,4120.0
4683,75,84.0,1.0,0.0,1694.0,0.0,8,0,0,1,3,1,0,45.6723,7.15,95.45,0.0,876.0,0.0,4120.0
4684,75,84.0,0.0,0.0,1694.0,0.0,6,0,2,1,3,1,0,46.14,6.8,95.1,0.0,876.0,2.0,4122.0
4685,76,86.0,2.0,0.0,1694.0,0.0,9,0,1,0,3,0,0,46.5423,6.45,99.65,1.0,877.0,2.0,4124.0
4686,76,86.0,0.0,0.0,1694.0,0.0,9,0,0,0,4,0,0,46.1462,6.1,99.3,0.0,877.0,0.0,4124.0
4687,77,85.0,1.0,2.0,1696.0,0.0,5,2,3,0,3,0,0,45.8423,5.75,98.95,0.0,877.0,3.0,4127.0
4688,75,85.0,0.0,0.0,1696.0,0.0,9,0,1,1,2,0,0,45.5231,5.4,98.6,1.0,878.0,2.0,4129.0
4689,75,85.0,0.0,0.0,1696.0,0.0,9,0,0,1,3,0,0,45.9046,9.75,98.25,0.0,878.0,0.0,4129.0
4690,75,85.0,0.0,0.0,1696.0,0.0,9,0,0,1,3,0,0,46.2862,9.4,97.9,0.0,878.0,0.0,4129.0
4691,76,86.0,1.0,0.0,1696.0,0.0,9,0,0,1,3,0,0,46.6677,9.05,97.55,0.0,878.0,0.0,4129.0
4692,76,86.0,0.0,0.0,1696.0,0.0,9,0,0,1,3,0,0,47.0377,8.7,97.2,0.0,878.0,0.0,4129.0
4693,76,86.0,0.0,0.0,1696.0,0.0,9,0,0,2,2,0,0,47.3962,8.35,96.85,0.0,878.0,0.0,4129.0
4694,76,85.0,0.0,1.0,1697.0,0.0,8,1,0,2,2,0,0,48.4865,9.7,96.5,0.0,878.0,0.0,4129.0
4695,76,86.0,1.0,0.0,1697.0,0.0,9,0,0,2,2,0,0,49.5885,9.35,96.15,0.0,878.0,0.0,4129.0
4696,76,86.0,0.0,0.0,1697.0,0.0,9,0,0,2,2,0,0,50.6788,9.0,95.8,0.0,878.0,0.0,4129.0
4697,76,86.0,0.0,0.0,1697.0,0.0,8,0,2,2,1,0,0,51.8346,8.65,95.45,0.0,878.0,2.0,4131.0
4698,75,85.0,0.0,1.0,1698.0,0.0,9,1,1,1,1,0,0,52.925,8.3,99.65,0.0,878.0,1.0,4132.0
4699,77,88.0,3.0,0.0,1698.0,0.0,10,0,0,1,2,0,0,53.2608,7.95,99.3,0.0,878.0,0.0,4132.0
4700,77,87.0,0.0,1.0,1699.0,0.0,9,1,1,2,0,0,0,53.6235,7.95,98.95,0.0,878.0,1.0,4133.0
4701,76,86.0,0.0,1.0,1700.0,0.0,9,1,0,2,1,0,0,54.6792,7.6,98.6,0.0,878.0,0.0,4133.0
4702,76,85.0,0.0,1.0,1701.0,0.0,9,1,0,2,1,0,0,55.735,7.25,98.25,0.0,878.0,0.0,4133.0
4703,74,85.0,0.0,0.0,1701.0,0.0,11,0,0,2,0,0,0,56.7754,6.9,99.65,0.0,878.0,0.0,4133.0
4704,74,85.0,0.0,0.0,1701.0,0.0,11,0,0,2,0,0,0,57.8538,16.21,99.3,0.0,878.0,0.0,4133.0
4705,75,86.0,1.0,0.0,1701.0,0.0,11,0,0,2,0,0,0,58.9208,24.6,98.95,0.0,878.0,0.0,4133.0
4706,75,86.0,0.0,0.0,1701.0,0.0,11,0,0,2,0,0,0,59.9877,24.1,98.6,0.0,878.0,0.0,4133.0
4707,76,87.0,1.0,0.0,1701.0,0.0,10,0,1,2,0,0,0,61.0931,24.1,98.25,0.0,878.0,1.0,4134.0
4708,76,86.0,0.0,1.0,1702.0,0.0,8,1,2,2,0,0,0,62.2138,23.6,97.9,0.0,878.0,2.0,4136.0
4709,75,85.0,0.0,1.0,1703.0,0.0,8,1,2,2,0,0,0,63.3346,23.25,97.55,0.0,878.0,2.0,4138.0
4710,73,84.0,0.0,1.0,1704.0,0.0,10,1,1,1,0,0,0,64.44,22.9,99.65,1.0,879.0,2.0,4140.0
4711,73,85.0,1.0,0.0,1704.0,0.0,11,0,1,1,0,0,0,64.8485,22.55,99.3,0.0,879.0,1.0,4141.0
4712,73,85.0,0.0,0.0,1704.0,0.0,12,0,0,1,0,0,0,65.2185,22.2,98.95,0.0,879.0,0.0,4141.0
4713,73,86.0,1.0,0.0,1704.0,0.0,10,0,3,0,0,0,0,65.6538,22.2,99.65,0.0,879.0,3.0,4144.0
4714,73,86.0,0.0,0.0,1704.0,0.0,10,0,3,0,0,0,0,65.4385,22.2,99.3,2.0,881.0,5.0,4149.0
4715,75,88.0,2.0,0.0,1704.0,0.0,13,0,0,0,0,0,0,65.0538,21.85,98.95,0.0,881.0,0.0,4149.0
4716,75,88.0,0.0,0.0,1704.0,0.0,12,0,1,0,0,0,0,64.6846,21.85,98.6,0.0,881.0,1.0,4150.0
4717,75,88.0,0.0,0.0,1704.0,0.0,11,0,2,0,0,0,0,64.3423,21.5,98.25,0.0,881.0,2.0,4152.0
4718,75,87.0,0.0,1.0,1705.0,0.0,11,1,1,0,0,0,0,64.0,21.15,97.9,1.0,882.0,2.0,4154.0
4719,74,87.0,0.0,0.0,1705.0,0.0,13,0,0,0,0,0,0,63.6038,20.8,97.55,0.0,882.0,0.0,4154.0
4720,74,86.0,0.0,1.0,1706.0,0.0,12,1,0,0,0,0,0,63.2077,20.45,97.2,0.0,882.0,0.0,4154.0
4721,73,85.0,0.0,1.0,1707.0,0.0,12,1,0,0,0,0,0,62.8115,20.1,96.85,0.0,882.0,0.0,4154.0
4722,72,85.0,0.0,0.0,1707.0,0.0,12,0,1,0,0,0,0,62.4423,19.75,96.5,0.0,882.0,1.0,4155.0
4723,74,87.0,2.0,0.0,1707.0,0.0,12,0,1,0,0,0,0,62.0731,19.4,96.15,0.0,882.0,1.0,4156.0
4724,74,87.0,0.0,0.0,1707.0,0.0,12,0,1,0,0,0,0,61.6923,19.05,95.8,0.0,882.0,1.0,4157.0
4725,75,88.0,1.0,0.0,1707.0,0.0,10,0,3,0,0,0,0,61.3769,18.7,95.45,0.0,882.0,3.0,4160.0
4726,75,88.0,0.0,0.0,1707.0,0.0,11,0,2,0,0,0,0,61.05,18.2,95.1,1.0,883.0,3.0,4163.0
4727,76,89.0,1.0,0.0,1707.0,0.0,13,0,0,0,0,0,0,60.6192,17.7,94.6,0.0,883.0,0.0,4163.0
4728,76,88.0,0.0,1.0,1708.0,0.0,12,1,0,0,0,0,0,60.1769,17.2,94.1,0.0,883.0,0.0,4163.0
4729,75,86.0,0.0,2.0,1710.0,0.0,10,2,1,0,0,0,0,59.7846,16.7,93.6,0.0,883.0,1.0,4164.0
4730,73,86.0,0.0,0.0,1710.0,0.0,13,0,0,0,0,0,0,59.3769,16.2,93.25,0.0,883.0,0.0,4164.0
4731,74,87.0,1.0,0.0,1710.0,0.0,12,0,1,0,0,0,0,59.0077,15.7,92.9,0.0,883.0,1.0,4165.0
4732,74,87.0,0.0,0.0,1710.0,0.0,13,0,0,0,0,0,0,58.5885,15.2,92.55,0.0,883.0,0.0,4165.0
4733,74,87.0,0.0,0.0,1710.0,0.0,11,0,1,0,1,0,0,58.1846,14.7,92.2,0.0,883.0,1.0,4166.0
4734,74,87.0,0.0,0.0,1710.0,0.0,10,0,2,0,1,0,0,57.8192,14.35,91.85,0.0,883.0,2.0,4168.0
4735,76,88.0,2.0,1.0,1711.0,0.0,10,1,1,0,1,0,0,57.4538,14.0,91.6,1.0,884.0,2.0,4170.0
4736,75,87.0,0.0,1.0,1712.0,0.0,11,1,0,0,1,0,0,57.0462,13.65,91.25,0.0,884.0,0.0,4170.0
4737,75,87.0,0.0,0.0,1712.0,0.0,12,0,0,0,1,0,0,56.6385,13.3,90.9,0.0,884.0,0.0,4170.0
4738,75,86.0,0.0,1.0,1713.0,0.0,11,1,0,0,1,0,0,56.2192,12.95,90.55,0.0,884.0,0.0,4170.0
4739,75,87.0,1.0,0.0,1713.0,0.0,12,0,0,0,1,0,0,55.8,12.6,90.2,0.0,884.0,0.0,4170.0
4740,75,86.0,0.0,1.0,1714.0,0.0,10,1,1,0,1,0,0,55.4077,12.25,90.1,0.0,884.0,1.0,4171.0
4741,75,87.0,1.0,0.0,1714.0,0.0,12,0,0,0,1,0,0,55.0,11.9,89.75,0.0,884.0,0.0,4171.0
4742,75,86.0,0.0,1.0,1715.0,0.0,10,1,1,0,1,0,0,54.6308,11.55,89.4,0.0,884.0,1.0,4172.0
4743,74,86.0,0.0,0.0,1715.0,0.0,12,0,0,0,1,0,0,54.2346,11.2,89.05,0.0,884.0,0.0,4172.0
4744,74,86.0,0.0,0.0,1715.0,0.0,11,0,1,0,1,0,0,53.8654,10.85,88.7,0.0,884.0,1.0,4173.0
4745,75,86.0,1.0,1.0,1716.0,0.0,8,1,3,0,1,0,0,53.55,10.5,88.35,0.0,884.0,3.0,4176.0
4746,74,86.0,0.0,0.0,1716.0,0.0,9,0,3,0,1,0,0,53.3115,10.15,88.0,2.0,886.0,5.0,4181.0
4747,76,88.0,2.0,0.0,1716.0,0.0,10,0,2,0,1,0,0,53.0077,9.8,87.5,1.0,887.0,3.0,4184.0
4748,76,88.0,0.0,0.0,1716.0,0.0,11,0,1,0,1,0,0,52.6154,9.45,87.0,0.0,887.0,1.0,4185.0
4749,76,88.0,0.0,0.0,1716.0,0.0,12,0,0,0,1,0,0,52.1962,9.1,86.5,0.0,887.0,0.0,4185.0
4750,76,88.0,0.0,0.0,1716.0,0.0,11,0,1,0,1,0,0,51.8154,8.75,86.0,0.0,887.0,1.0,4186.0
4751,76,88.0,0.0,0.0,1716.0,0.0,12,0,0,0,1,0,0,51.3962,8.4,85.5,0.0,887.0,0.0,4186.0
4752,76,88.0,0.0,0.0,1716.0,0.0,12,0,0,0,1,0,0,50.9769,8.05,85.0,0.0,887.0,0.0,4186.0
4753,76,87.0,0.0,1.0,1717.0,0.0,9,1,2,0,1,0,0,50.6115,7.7,84.5,0.0,887.0,2.0,4188.0
4754,75,86.0,0.0,1.0,1718.0,0.0,10,1,1,0,1,0,0,50.2462,7.35,84.0,1.0,888.0,2.0,4190.0
4755,77,88.0,3.0,1.0,1719.0,0.0,11,1,0,0,1,0,0,49.8154,7.0,83.5,0.0,888.0,0.0,4190.0
4756,77,88.0,0.0,0.0,1719.0,0.0,11,0,0,0,2,0,0,49.3846,6.65,83.0,0.0,888.0,0.0,4190.0
4757,77,88.0,0.0,0.0,1719.0,0.0,11,0,0,0,2,0,0,48.9538,6.3,82.5,0.0,888.0,0.0,4190.0
4758,77,86.0,0.0,2.0,1721.0,0.0,9,2,0,1,1,0,0,48.5231,5.95,82.0,0.0,888.0,0.0,4190.0
4759,76,86.0,1.0,1.0,1722.0,0.0,9,1,1,1,1,0,0,48.9042,13.3,81.55,0.0,888.0,1.0,4191.0
4760,75,85.0,0.0,1.0,1723.0,0.0,9,1,0,1,2,0,0,49.2469,12.95,81.2,0.0,888.0,0.0,4191.0
4761,75,85.0,0.0,0.0,1723.0,0.0,9,0,0,1,3,0,0,49.6127,12.6,80.85,0.0,888.0,0.0,4191.0
4762,75,84.0,0.0,1.0,1724.0,0.0,8,1,0,1,3,0,0,49.9785,12.25,80.5,0.0,888.0,0.0,4191.0
4763,76,84.0,1.0,1.0,1725.0,0.0,8,1,1,1,2,0,0,50.3827,11.9,80.15,0.0,888.0,1.0,4192.0
4764,75,84.0,0.0,0.0,1725.0,0.0,8,0,2,1,2,0,0,50.8254,11.55,79.8,0.0,888.0,2.0,4194.0
4765,76,85.0,1.0,0.0,1725.0,0.0,9,0,1,1,2,0,0,51.2681,11.2,79.45,1.0,889.0,2.0,4196.0
4766,76,85.0,0.0,0.0,1725.0,0.0,9,0,0,1,3,0,0,51.6569,10.85,81.19,0.0,889.0,0.0,4196.0
4767,76,85.0,0.0,0.0,1725.0,0.0,8,0,1,1,3,0,0,52.0727,10.5,90.595,0.0,889.0,1.0,4197.0
4768,75,85.0,0.0,0.0,1725.0,0.0,10,0,0,0,3,0,0,52.4115,10.15,99.65,0.0,889.0,0.0,4197.0
4769,76,86.0,1.0,0.0,1725.0,0.0,9,0,1,0,3,0,0,52.0308,9.8,99.3,0.0,889.0,1.0,4198.0
4770,76,86.0,0.0,0.0,1725.0,0.0,10,0,2,0,1,0,0,51.6769,9.8,98.95,0.0,889.0,2.0,4200.0
4771,78,88.0,2.0,0.0,1725.0,0.0,10,0,0,0,3,0,0,51.2692,9.45,98.6,0.0,889.0,0.0,4200.0
4772,78,88.0,0.0,0.0,1725.0,0.0,9,0,1,0,3,0,0,50.8885,9.1,98.25,0.0,889.0,1.0,4201.0
4773,78,88.0,0.0,0.0,1725.0,0.0,10,0,0,0,3,0,0,50.4808,8.75,97.9,0.0,889.0,0.0,4201.0
4774,78,87.0,0.0,1.0,1726.0,0.0,9,1,0,0,3,0,0,50.0731,8.4,97.55,0.0,889.0,0.0,4201.0
4775,78,87.0,1.0,1.0,1727.0,0.0,9,1,0,0,3,0,0,49.6769,8.05,97.2,0.0,889.0,0.0,4201.0
4776,77,87.0,0.0,0.0,1727.0,0.0,9,0,1,0,3,0,0,49.3192,7.7,96.85,0.0,889.0,1.0,4202.0
4777,77,87.0,0.0,0.0,1727.0,0.0,8,0,2,0,3,0,0,49.0,7.35,96.5,0.0,889.0,2.0,4204.0
4778,77,87.0,0.0,0.0,1727.0,0.0,9,0,1,0,3,0,0,48.6577,7.0,96.15,1.0,890.0,2.0,4206.0
4779,78,88.0,1.0,0.0,1727.0,0.0,10,0,0,0,3,0,0,48.25,6.65,95.8,0.0,890.0,0.0,4206.0
4780,78,88.0,0.0,0.0,1727.0,0.0,10,0,0,0,3,0,0,47.8308,6.3,95.45,0.0,890.0,0.0,4206.0
4781,78,88.0,0.0,0.0,1727.0,0.0,10,0,0,1,2,0,0,47.4115,5.95,95.1,0.0,890.0,0.0,4206.0
4782,78,87.0,0.0,1.0,1728.0,0.0,9,1,0,1,2,0,0,47.7119,5.6,94.75,0.0,890.0,0.0,4206.0
4783,79,89.0,2.0,0.0,1728.0,0.0,10,0,0,1,2,0,0,48.0238,5.25,94.4,0.0,890.0,0.0,4206.0
4784,79,89.0,0.0,0.0,1728.0,0.0,10,0,0,3,0,0,0,48.3358,4.9,94.05,0.0,890.0,0.0,4206.0
4785,80,89.0,1.0,1.0,1729.0,0.0,8,1,1,3,0,0,0,50.1758,14.41,93.7,0.0,890.0,1.0,4207.0
4786,79,88.0,0.0,1.0,1730.0,0.0,9,1,0,3,0,0,0,51.9888,17.05,93.35,0.0,890.0,0.0,4207.0
4787,79,88.0,1.0,1.0,1731.0,0.0,9,1,0,3,0,0,0,53.7904,16.55,92.85,0.0,890.0,0.0,4207.0
4788,78,86.0,0.0,2.0,1733.0,0.0,8,2,0,3,0,0,0,55.6035,16.05,92.35,0.0,890.0,0.0,4207.0
4789,76,86.0,0.0,0.0,1733.0,0.0,10,0,0,3,0,0,0,57.4281,15.7,91.85,0.0,890.0,0.0,4207.0
4790,76,86.0,0.0,0.0,1733.0,0.0,10,0,0,3,0,0,0,59.2527,15.35,91.35,0.0,890.0,0.0,4207.0
4791,75,83.0,0.0,3.0,1736.0,0.0,8,3,0,2,0,0,0,61.0504,15.0,99.65,0.0,890.0,0.0,4207.0
4792,72,83.0,0.0,0.0,1736.0,0.0,10,0,0,2,1,0,0,62.1785,14.65,99.3,0.0,890.0,0.0,4207.0
4793,72,83.0,0.0,0.0,1736.0,0.0,10,0,0,2,1,0,0,63.3065,14.3,98.95,0.0,890.0,0.0,4207.0
4794,71,83.0,0.0,0.0,1736.0,0.0,11,0,1,0,1,0,0,64.4077,13.95,99.65,0.0,890.0,1.0,4208.0
4795,74,86.0,3.0,0.0,1736.0,0.0,12,0,0,0,1,0,0,64.0231,13.6,99.3,0.0,890.0,0.0,4208.0
4796,74,86.0,0.0,0.0,1736.0,0.0,10,0,2,0,1,0,0,63.6923,13.25,98.95,0.0,890.0,2.0,4210.0
4797,75,87.0,1.0,0.0,1736.0,0.0,11,0,1,0,1,0,0,63.3615,12.9,98.6,1.0,891.0,2.0,4212.0
4798,75,87.0,0.0,0.0,1736.0,0.0,12,0,0,0,1,0,0,62.9654,12.55,98.25,0.0,891.0,0.0,4212.0
4799,75,87.0,0.0,0.0,1736.0,0.0,12,0,0,0,1,0,0,62.5692,12.2,97.9,0.0,891.0,0.0,4212.0
4800,75,86.0,0.0,1.0,1737.0,0.0,11,1,0,0,1,0,0,62.1615,11.85,97.55,0.0,891.0,0.0,4212.0
4801,74,86.0,0.0,0.0,1737.0,0.0,12,0,0,0,1,0,0,61.7654,11.5,97.2,0.0,891.0,0.0,4212.0
4802,74,84.0,0.0,2.0,1739.0,0.0,9,2,1,0,1,0,0,61.3962,11.15,96.85,0.0,891.0,1.0,4213.0
4803,73,85.0,1.0,0.0,1739.0,0.0,12,0,0,0,1,0,0,61.0115,10.8,96.5,0.0,891.0,0.0,4213.0
4804,73,85.0,0.0,0.0,1739.0,0.0,12,0,0,0,1,0,0,60.6269,10.45,96.15,0.0,891.0,0.0,4213.0
4805,74,85.0,1.0,1.0,1740.0,0.0,11,1,0,0,1,0,0,60.2423,10.1,95.8,0.0,891.0,0.0,4213.0
4806,73,85.0,0.0,0.0,1740.0,0.0,12,0,0,0,1,0,0,59.8462,9.75,95.45,0.0,891.0,0.0,4213.0
4807,74,86.0,1.0,0.0,1740.0,0.0,11,0,0,0,2,0,0,59.4385,9.4,95.1,0.0,891.0,0.0,4213.0
4808,74,85.0,0.0,1.0,1741.0,0.0,10,1,0,0,2,0,0,59.0308,9.05,94.75,0.0,891.0,0.0,4213.0
4809,73,84.0,0.0,1.0,1742.0,0.0,10,1,0,0,2,0,0,58.6346,8.7,94.4,0.0,891.0,0.0,4213.0
4810,73,84.0,0.0,0.0,1742.0,0.0,11,0,1,0,1,0,0,58.2769,8.35,94.05,0.0,891.0,1.0,4214.0
4811,75,84.0,2.0,2.0,1744.0,0.0,8,2,1,1,1,0,0,57.9077,8.0,94.05,0.0,891.0,1.0,4215.0
4812,73,84.0,0.0,0.0,1744.0,0.0,10,0,1,1,1,0,0,58.3346,13.25,94.05,1.0,892.0,2.0,4217.0
4813,73,84.0,0.0,0.0,1744.0,0.0,11,0,0,1,1,0,0,58.6962,12.9,93.7,0.0,892.0,0.0,4217.0
4814,73,84.0,0.0,0.0,1744.0,0.0,10,0,2,1,0,0,0,59.1,12.9,93.35,0.0,892.0,2.0,4219.0
4815,74,85.0,1.0,0.0,1744.0,0.0,10,0,1,1,1,0,0,59.4538,12.55,93.0,0.0,892.0,1.0,4220.0
4816,74,85.0,0.0,0.0,1744.0,0.0,11,0,0,1,1,0,0,59.7808,12.2,92.65,0.0,892.0,0.0,4220.0
4817,74,85.0,0.0,0.0,1744.0,0.0,11,0,0,1,1,0,0,60.1077,11.85,92.3,0.0,892.0,0.0,4220.0
4818,74,85.0,0.0,0.0,1744.0,0.0,11,0,0,1,1,0,0,60.4115,11.5,91.95,0.0,892.0,0.0,4220.0
4819,76,87.0,2.0,0.0,1744.0,0.0,10,0,1,1,1,0,0,60.7538,11.15,91.6,0.0,892.0,1.0,4221.0
4820,76,86.0,0.0,1.0,1745.0,0.0,10,1,0,1,1,0,0,61.0462,10.8,91.25,0.0,892.0,0.0,4221.0
4821,74,86.0,0.0,0.0,1745.0,0.0,12,0,0,0,1,0,0,61.3231,10.45,99.65,0.0,892.0,0.0,4221.0
4822,74,85.0,0.0,1.0,1746.0,0.0,11,1,0,0,1,0,0,60.8923,10.1,99.3,0.0,892.0,0.0,4221.0
4823,73,85.0,0.0,0.0,1746.0,0.0,11,0,1,0,1,0,0,60.5115,9.75,98.95,0.0,892.0,1.0,4222.0
4824,73,85.0,0.0,0.0,1746.0,0.0,12,0,0,0,1,0,0,60.0923,9.4,98.6,0.0,892.0,0.0,4222.0
4825,75,87.0,2.0,0.0,1746.0,0.0,9,0,3,0,1,0,0,59.7654,9.05,98.25,0.0,892.0,3.0,4225.0
4826,75,86.0,0.0,1.0,1747.0,0.0,9,1,2,0,1,0,0,59.4385,8.7,97.9,1.0,893.0,3.0,4228.0
4827,75,86.0,1.0,1.0,1748.0,0.0,11,1,0,0,1,0,0,59.0192,8.35,97.55,0.0,893.0,0.0,4228.0
4828,74,86.0,0.0,0.0,1748.0,0.0,11,0,1,0,1,0,0,58.6769,8.0,97.2,0.0,893.0,1.0,4229.0
4829,74,85.0,0.0,1.0,1749.0,0.0,10,1,1,0,1,0,0,58.2962,7.65,96.85,0.0,893.0,1.0,4230.0
4830,73,85.0,0.0,0.0,1749.0,0.0,12,0,0,0,1,0,0,57.8769,7.3,96.5,0.0,893.0,0.0,4230.0
4831,74,85.0,1.0,1.0,1750.0,0.0,11,1,0,1,0,0,0,57.4577,6.95,96.15,0.0,893.0,0.0,4230.0
4832,73,85.0,0.0,0.0,1750.0,0.0,12,0,0,1,0,0,0,57.7696,16.255,95.8,0.0,893.0,0.0,4230.0
4833,73,85.0,0.0,0.0,1750.0,0.0,12,0,0,1,0,0,0,58.0815,25.56,95.45,0.0,893.0,0.0,4230.0
4834,73,83.0,0.0,2.0,1752.0,0.0,10,2,0,1,0,0,0,58.3935,30.45,95.1,0.0,893.0,0.0,4230.0
4835,73,85.0,2.0,0.0,1752.0,0.0,12,0,0,1,0,0,0,58.7285,30.1,94.75,0.0,893.0,0.0,4230.0
4836,73,85.0,0.0,0.0,1752.0,0.0,12,0,0,1,0,0,0,59.0635,29.75,94.4,0.0,893.0,0.0,4230.0
4837,73,85.0,0.0,0.0,1752.0,0.0,12,0,0,1,0,0,0,59.3869,29.4,94.05,0.0,893.0,0.0,4230.0
4838,73,83.0,0.0,2.0,1754.0,0.0,10,2,0,1,0,0,0,59.7104,29.05,93.7,0.0,893.0,0.0,4230.0
4839,72,83.0,1.0,1.0,1755.0,0.0,11,1,0,1,0,0,0,60.0569,28.7,93.35,0.0,893.0,0.0,4230.0
4840,71,83.0,0.0,0.0,1755.0,0.0,12,0,0,1,0,0,0,60.415,28.35,93.0,0.0,893.0,0.0,4230.0
4841,70,82.0,0.0,1.0,1756.0,0.0,12,1,0,0,0,0,0,60.7462,28.0,99.65,0.0,893.0,0.0,4230.0
4842,69,82.0,0.0,0.0,1756.0,0.0,13,0,0,0,0,0,0,60.3615,27.65,99.3,0.0,893.0,0.0,4230.0
4843,71,84.0,2.0,0.0,1756.0,0.0,12,0,1,0,0,0,0,60.0038,27.3,98.95,0.0,893.0,1.0,4231.0
4844,71,84.0,0.0,0.0,1756.0,0.0,9,0,4,0,0,0,0,59.75,26.95,98.6,0.0,893.0,4.0,4235.0
4845,72,84.0,1.0,1.0,1757.0,0.0,10,1,2,0,0,0,0,59.4962,26.6,98.25,2.0,895.0,4.0,4239.0
4846,71,84.0,0.0,0.0,1757.0,0.0,13,0,0,0,0,0,0,59.1231,26.25,97.9,0.0,895.0,0.0,4239.0
4847,71,84.0,0.0,0.0,1757.0,0.0,13,0,0,0,0,0,0,58.75,25.9,97.55,0.0,895.0,0.0,4239.0
4848,71,84.0,0.0,0.0,1757.0,0.0,13,0,0,0,0,0,0,58.3654,25.55,97.2,0.0,895.0,0.0,4239.0
4849,71,84.0,0.0,0.0,1757.0,0.0,13,0,0,0,0,0,0,57.9692,25.2,96.85,0.0,895.0,0.0,4239.0
4850,71,84.0,0.0,0.0,1757.0,0.0,13,0,0,0,0,0,0,57.5731,24.85,96.5,0.0,895.0,0.0,4239.0
4851,72,85.0,1.0,0.0,1757.0,0.0,13,0,0,0,0,0,0,57.1769,24.5,96.15,0.0,895.0,0.0,4239.0
4852,72,85.0,0.0,0.0,1757.0,0.0,13,0,0,0,0,0,0,56.7692,24.15,95.8,0.0,895.0,0.0,4239.0
4853,73,86.0,1.0,0.0,1757.0,0.0,13,0,0,0,0,0,0,56.35,23.8,95.45,0.0,895.0,0.0,4239.0
4854,73,86.0,0.0,0.0,1757.0,0.0,12,0,1,0,0,0,0,55.9577,23.45,95.1,0.0,895.0,1.0,4240.0
4855,75,88.0,2.0,0.0,1757.0,0.0,13,0,0,0,0,0,0,55.5269,23.1,94.75,0.0,895.0,0.0,4240.0
4856,75,87.0,0.0,1.0,1758.0,0.0,12,1,0,0,0,0,0,55.0962,22.75,94.4,0.0,895.0,0.0,4240.0
4857,74,86.0,0.0,1.0,1759.0,0.0,12,1,0,0,0,0,0,54.6538,22.25,94.05,0.0,895.0,0.0,4240.0
4858,73,86.0,0.0,0.0,1759.0,0.0,13,0,0,0,0,0,0,54.2115,21.75,93.7,0.0,895.0,0.0,4240.0
4859,74,85.0,1.0,2.0,1761.0,0.0,11,2,0,0,0,0,0,53.7692,21.25,93.35,0.0,895.0,0.0,4240.0
4860,72,84.0,0.0,1.0,1762.0,0.0,11,1,1,0,0,0,0,53.3654,21.25,93.0,0.0,895.0,1.0,4241.0
4861,71,84.0,0.0,0.0,1762.0,0.0,10,0,3,0,0,0,0,53.0385,21.25,92.65,0.0,895.0,3.0,4244.0
4862,71,84.0,0.0,0.0,1762.0,0.0,11,0,2,0,0,0,0,52.7,21.25,92.3,1.0,896.0,3.0,4247.0
4863,71,84.0,0.0,0.0,1762.0,0.0,13,0,0,0,0,0,0,52.2577,20.75,91.95,0.0,896.0,0.0,4247.0
4864,71,84.0,0.0,0.0,1762.0,0.0,13,0,0,0,0,0,0,51.8154,20.25,91.6,0.0,896.0,0.0,4247.0
4865,72,84.0,1.0,1.0,1763.0,0.0,12,1,0,0,0,0,0,51.3731,19.75,91.25,0.0,896.0,0.0,4247.0
4866,71,82.0,0.0,2.0,1765.0,0.0,9,2,2,0,0,0,0,51.0192,19.25,90.9,0.0,896.0,2.0,4249.0
4867,72,84.0,3.0,1.0,1766.0,0.0,9,1,3,0,0,0,0,50.7538,18.75,90.55,1.0,897.0,4.0,4253.0
4868,71,83.0,0.0,1.0,1767.0,0.0,11,1,1,0,0,0,0,50.3962,18.25,90.2,0.0,897.0,1.0,4254.0
4869,70,83.0,0.0,0.0,1767.0,0.0,12,0,1,0,0,0,0,50.0654,17.9,89.7,1.0,898.0,2.0,4256.0
4870,70,83.0,0.0,0.0,1767.0,0.0,11,0,2,0,0,0,0,49.7231,17.55,89.2,0.0,898.0,2.0,4258.0
4871,70,83.0,0.0,0.0,1767.0,0.0,13,0,0,0,0,0,0,49.3269,17.2,88.7,0.0,898.0,0.0,4258.0
4872,70,82.0,0.0,1.0,1768.0,0.0,11,1,1,0,0,0,0,48.9692,16.85,88.2,0.0,898.0,1.0,4259.0
4873,69,82.0,0.0,0.0,1768.0,0.0,13,0,0,0,0,0,0,48.5846,16.5,87.7,0.0,898.0,0.0,4259.0
4874,69,81.0,0.0,1.0,1769.0,0.0,11,1,1,0,0,0,0,48.2154,16.15,87.2,0.0,898.0,1.0,4260.0
4875,70,83.0,2.0,0.0,1769.0,0.0,13,0,0,0,0,0,0,47.8192,15.8,86.7,0.0,898.0,0.0,4260.0
4876,70,83.0,0.0,0.0,1769.0,0.0,12,0,1,0,0,0,0,47.45,15.45,86.2,0.0,898.0,1.0,4261.0
4877,70,83.0,0.0,0.0,1769.0,0.0,13,0,0,0,0,0,0,47.0423,15.1,85.7,0.0,898.0,0.0,4261.0
4878,70,83.0,0.0,0.0,1769.0,0.0,11,0,1,0,1,0,0,46.65,14.6,85.2,0.0,898.0,1.0,4262.0
4879,71,84.0,1.0,0.0,1769.0,0.0,10,0,2,0,1,0,0,46.2962,14.25,84.7,0.0,898.0,2.0,4264.0
4880,71,83.0,0.0,1.0,1770.0,0.0,10,1,1,0,1,0,0,45.9269,13.9,84.2,0.0,898.0,1.0,4265.0
4881,71,84.0,1.0,0.0,1770.0,0.0,11,0,1,0,1,0,0,45.5577,13.55,83.7,0.0,898.0,1.0,4266.0
4882,71,84.0,0.0,0.0,1770.0,0.0,11,0,1,0,1,0,0,45.2269,13.2,83.7,1.0,899.0,2.0,4268.0
4883,72,84.0,1.0,1.0,1771.0,0.0,11,1,0,0,1,0,0,44.8192,12.85,83.2,0.0,899.0,0.0,4268.0
4884,71,84.0,0.0,0.0,1771.0,0.0,11,0,1,0,1,0,0,44.4385,12.5,82.7,0.0,899.0,1.0,4269.0
4885,72,84.0,1.0,1.0,1772.0,0.0,8,1,2,0,2,0,0,44.1346,12.15,82.2,1.0,900.0,3.0,4272.0
4886,72,84.0,0.0,0.0,1772.0,0.0,11,0,0,0,2,0,0,43.7269,11.8,81.85,0.0,900.0,0.0,4272.0
4887,72,83.0,0.0,1.0,1773.0,0.0,8,1,2,0,2,0,0,43.3731,11.45,81.5,0.0,900.0,2.0,4274.0
4888,71,82.0,0.0,1.0,1774.0,0.0,7,1,4,0,1,0,0,43.1115,11.1,81.15,1.0,901.0,5.0,4279.0
4889,71,82.0,0.0,0.0,1774.0,0.0,10,0,1,0,2,0,0,42.7692,10.75,80.8,1.0,902.0,2.0,4281.0
4890,71,80.0,0.0,2.0,1776.0,0.0,9,2,0,0,2,0,0,42.3269,10.4,80.45,0.0,902.0,0.0,4281.0
4891,71,81.0,2.0,1.0,1777.0,0.0,8,1,2,0,2,0,0,41.9731,10.05,80.1,0.0,902.0,2.0,4283.0
4892,70,81.0,0.0,0.0,1777.0,0.0,11,0,1,0,1,0,0,41.6192,9.7,79.75,1.0,903.0,2.0,4285.0
4893,70,81.0,0.0,0.0,1777.0,0.0,10,0,1,0,2,0,0,41.2385,9.35,79.75,0.0,903.0,1.0,4286.0
4894,70,80.0,0.0,1.0,1778.0,0.0,10,1,1,0,1,0,0,40.8846,9.0,79.75,1.0,904.0,2.0,4288.0
4895,71,82.0,2.0,0.0,1778.0,0.0,7,0,4,0,2,0,0,40.6192,8.65,79.4,0.0,904.0,4.0,4292.0
4896,71,82.0,0.0,0.0,1778.0,0.0,9,0,2,0,2,0,0,40.3538,8.3,79.05,2.0,906.0,4.0,4296.0
4897,71,82.0,0.0,0.0,1778.0,0.0,11,0,0,1,1,0,0,39.9577,7.95,78.7,0.0,906.0,0.0,4296.0
4898,71,82.0,0.0,0.0,1778.0,0.0,11,0,0,1,1,0,0,40.285,11.2,78.2,0.0,906.0,0.0,4296.0
4899,72,83.0,1.0,0.0,1778.0,0.0,10,0,1,1,1,0,0,40.6392,10.85,77.7,0.0,906.0,1.0,4297.0
4900,72,83.0,0.0,0.0,1778.0,0.0,10,0,1,1,1,0,0,40.9935,10.5,77.2,0.0,906.0,1.0,4298.0
4901,72,82.0,0.0,1.0,1779.0,0.0,9,1,1,1,1,0,0,41.3477,10.15,76.7,0.0,906.0,1.0,4299.0
4902,71,82.0,0.0,0.0,1779.0,0.0,10,0,1,1,1,0,0,41.7135,9.8,76.2,0.0,906.0,1.0,4300.0
4903,72,82.0,1.0,1.0,1780.0,0.0,10,1,0,1,1,0,0,42.0523,9.45,75.7,0.0,906.0,0.0,4300.0
4904,71,81.0,0.0,1.0,1781.0,0.0,10,1,0,1,1,0,0,42.4027,9.1,75.2,0.0,906.0,0.0,4300.0
4905,71,81.0,1.0,1.0,1782.0,0.0,10,1,0,2,0,0,0,42.7646,8.75,81.59,0.0,906.0,0.0,4300.0
4906,70,81.0,0.0,0.0,1782.0,0.0,11,0,0,2,0,0,0,43.8554,15.55,90.795,0.0,906.0,0.0,4300.0
4907,70,82.0,1.0,0.0,1782.0,0.0,12,0,0,1,0,0,0,44.9192,15.2,99.65,0.0,906.0,0.0,4300.0
4908,70,82.0,0.0,0.0,1782.0,0.0,10,0,1,1,1,0,0,45.3135,14.85,99.3,0.0,906.0,1.0,4301.0
4909,71,83.0,1.0,0.0,1782.0,0.0,10,0,1,1,1,0,0,45.7346,14.5,98.95,1.0,907.0,2.0,4303.0
4910,71,83.0,0.0,0.0,1782.0,0.0,10,0,0,1,2,0,0,46.0788,14.15,98.6,0.0,907.0,0.0,4303.0
4911,71,83.0,0.0,0.0,1782.0,0.0,10,0,0,1,2,0,0,46.4231,13.8,98.25,0.0,907.0,0.0,4303.0
4912,71,83.0,0.0,0.0,1782.0,0.0,10,0,0,1,2,0,0,46.7673,13.45,97.9,0.0,907.0,0.0,4303.0
4913,71,83.0,0.0,0.0,1782.0,0.0,10,0,0,1,2,0,0,47.1,13.1,97.55,0.0,907.0,0.0,4303.0
4914,71,81.0,0.0,2.0,1784.0,0.0,6,2,2,1,2,0,0,47.4981,12.75,97.2,0.0,907.0,2.0,4305.0
4915,72,84.0,3.0,0.0,1784.0,0.0,10,0,1,0,2,0,0,47.8923,12.4,99.65,1.0,908.0,2.0,4307.0
4916,72,84.0,0.0,0.0,1784.0,0.0,11,0,0,0,2,0,0,47.5192,12.05,99.3,0.0,908.0,0.0,4307.0
4917,72,84.0,0.0,0.0,1784.0,0.0,10,0,1,0,2,0,0,47.1615,11.7,98.95,0.0,908.0,1.0,4308.0
4918,72,84.0,0.0,0.0,1784.0,0.0,11,0,0,0,2,0,0,46.7423,11.35,98.6,0.0,908.0,0.0,4308.0
4919,72,83.0,0.0,1.0,1785.0,0.0,10,1,0,0,2,0,0,46.3231,11.0,98.25,0.0,908.0,0.0,4308.0
4920,71,83.0,0.0,0.0,1785.0,0.0,10,0,1,0,2,0,0,45.9538,10.65,97.9,0.0,908.0,1.0,4309.0
4921,71,82.0,0.0,1.0,1786.0,0.0,7,1,2,0,3,0,0,45.6115,10.3,97.55,0.0,908.0,2.0,4311.0
4922,71,82.0,0.0,0.0,1786.0,0.0,9,0,1,0,3,0,0,45.2808,9.95,97.2,1.0,909.0,2.0,4313.0
4923,73,84.0,2.0,0.0,1786.0,0.0,10,0,0,0,3,0,0,44.8731,9.6,96.85,0.0,909.0,0.0,4313.0
4924,73,84.0,0.0,0.0,1786.0,0.0,10,0,0,1,2,0,0,44.4654,9.25,96.5,0.0,909.0,0.0,4313.0
4925,74,84.0,1.0,1.0,1787.0,0.0,7,1,2,1,2,0,0,44.8438,8.9,96.15,0.0,909.0,2.0,4315.0
4926,74,84.0,0.0,0.0,1787.0,0.0,8,0,1,1,3,0,0,45.2338,8.55,95.8,1.0,910.0,2.0,4317.0
4927,75,84.0,1.0,1.0,1788.0,0.0,8,1,0,1,3,0,0,45.5585,8.2,95.45,0.0,910.0,0.0,4317.0
4928,74,84.0,0.0,0.0,1788.0,0.0,8,0,1,1,3,0,0,45.9215,7.85,94.95,0.0,910.0,1.0,4318.0
4929,74,84.0,0.0,0.0,1788.0,0.0,9,0,0,2,2,0,0,46.2462,7.5,94.45,0.0,910.0,0.0,4318.0
4930,74,83.0,0.0,1.0,1789.0,0.0,8,1,0,2,2,0,0,47.3092,11.65,93.95,0.0,910.0,0.0,4318.0
4931,74,84.0,1.0,0.0,1789.0,0.0,8,0,1,2,2,0,0,48.4223,11.3,93.6,0.0,910.0,1.0,4319.0
4932,74,84.0,0.0,0.0,1789.0,0.0,8,0,1,2,2,0,0,49.5238,10.95,93.25,0.0,910.0,1.0,4320.0
4933,74,84.0,0.0,0.0,1789.0,0.0,9,0,0,2,2,0,0,50.5869,10.6,92.9,0.0,910.0,0.0,4320.0
4934,74,83.0,0.0,1.0,1790.0,0.0,8,1,2,1,1,0,0,51.6769,10.6,99.65,0.0,910.0,2.0,4322.0
4935,75,83.0,1.0,1.0,1791.0,0.0,8,2,1,1,1,0,0,52.0885,10.6,99.3,1.0,911.0,2.0,4324.0
4936,73,83.0,0.0,0.0,1791.0,0.0,9,0,1,1,2,0,0,52.4692,10.25,98.95,0.0,911.0,1.0,4325.0
4937,74,83.0,1.0,1.0,1792.0,0.0,9,1,0,1,2,0,0,52.8115,9.9,98.6,0.0,911.0,0.0,4325.0
4938,73,82.0,0.0,1.0,1793.0,0.0,9,1,0,1,2,0,0,53.1654,9.55,98.25,0.0,911.0,0.0,4325.0
4939,73,84.0,2.0,0.0,1793.0,0.0,11,0,0,0,2,0,0,53.5038,9.2,99.65,0.0,911.0,0.0,4325.0
4940,73,83.0,0.0,1.0,1794.0,0.0,10,1,0,0,2,0,0,53.1192,8.85,99.3,0.0,911.0,0.0,4325.0
4941,72,83.0,0.0,0.0,1794.0,0.0,11,0,0,0,2,0,0,52.7462,8.5,98.95,0.0,911.0,0.0,4325.0
4942,72,82.0,0.0,1.0,1795.0,0.0,9,1,0,0,3,0,0,52.3731,8.15,98.6,0.0,911.0,0.0,4325.0
4943,72,82.0,0.0,0.0,1795.0,0.0,10,0,0,0,3,0,0,52.0,7.8,98.25,0.0,911.0,0.0,4325.0
4944,72,82.0,0.0,0.0,1795.0,0.0,9,0,1,1,2,0,0,51.6423,7.45,97.9,0.0,911.0,1.0,4326.0
4945,73,81.0,1.0,2.0,1797.0,0.0,8,2,0,1,2,0,0,51.9788,7.1,97.55,0.0,911.0,0.0,4326.0
4946,71,81.0,0.0,0.0,1797.0,0.0,10,0,0,1,2,0,0,52.3385,6.75,97.2,0.0,911.0,0.0,4326.0
4947,72,82.0,1.0,0.0,1797.0,0.0,10,0,0,1,2,0,0,52.6981,6.4,96.85,0.0,911.0,0.0,4326.0
4948,72,82.0,0.0,0.0,1797.0,0.0,10,0,0,1,2,0,0,53.0577,6.05,96.5,0.0,911.0,0.0,4326.0
4949,72,82.0,0.0,0.0,1797.0,0.0,10,0,0,1,2,0,0,53.4173,5.7,96.15,0.0,911.0,0.0,4326.0
4950,72,82.0,0.0,0.0,1797.0,0.0,8,0,2,1,2,0,0,53.8423,5.35,95.8,0.0,911.0,2.0,4328.0
4951,74,84.0,2.0,0.0,1797.0,0.0,9,0,1,1,2,0,0,54.2327,5.0,95.3,1.0,912.0,2.0,4330.0
4952,74,84.0,0.0,0.0,1797.0,0.0,10,0,0,2,1,0,0,54.5846,4.65,94.8,1.0,913.0,1.0,4331.0
4953,74,83.0,0.0,1.0,1798.0,0.0,9,1,0,2,1,0,0,55.6585,11.0,94.3,0.0,913.0,0.0,4331.0
4954,72,83.0,0.0,0.0,1798.0,0.0,10,0,1,1,1,0,0,56.7438,10.65,99.65,0.0,913.0,1.0,4332.0
4955,74,85.0,2.0,0.0,1798.0,0.0,10,0,1,1,1,0,0,57.1235,10.3,99.3,0.0,913.0,1.0,4333.0
4956,74,85.0,0.0,0.0,1798.0,0.0,11,0,0,1,1,0,0,57.4762,9.95,98.95,0.0,913.0,0.0,4333.0
4957,74,85.0,0.0,0.0,1798.0,0.0,10,0,1,1,1,0,0,57.8558,9.6,98.6,0.0,913.0,1.0,4334.0
4958,74,85.0,0.0,0.0,1798.0,0.0,11,0,0,1,1,0,0,58.2085,9.25,98.25,0.0,913.0,0.0,4334.0
4959,74,85.0,0.0,0.0,1798.0,0.0,11,0,0,1,1,0,0,58.5496,8.9,97.9,0.0,913.0,0.0,4334.0
4960,74,84.0,0.0,1.0,1799.0,0.0,10,1,0,1,1,0,0,58.8908,8.55,97.55,0.0,913.0,0.0,4334.0
4961,73,83.0,0.0,1.0,1800.0,0.0,9,1,1,1,1,0,0,59.2704,8.2,97.2,0.0,913.0,1.0,4335.0
4962,71,83.0,0.0,0.0,1800.0,0.0,10,0,2,0,1,0,0,59.65,7.85,99.65,0.0,913.0,2.0,4337.0
4963,73,85.0,2.0,0.0,1800.0,0.0,12,0,0,1,0,0,0,59.2308,7.5,99.3,0.0,913.0,0.0,4337.0
4964,73,84.0,0.0,1.0,1801.0,0.0,11,1,0,1,0,0,0,59.55,16.75,98.95,0.0,913.0,0.0,4337.0
4965,74,86.0,2.0,0.0,1801.0,0.0,12,0,0,1,0,0,0,59.8692,24.4,98.6,0.0,913.0,0.0,4337.0
4966,74,86.0,0.0,0.0,1801.0,0.0,12,0,0,1,0,0,0,60.1885,24.05,98.25,0.0,913.0,0.0,4337.0
4967,74,85.0,0.0,1.0,1802.0,0.0,11,1,0,1,0,0,0,60.5077,23.7,97.9,0.0,913.0,0.0,4337.0
4968,73,84.0,0.0,1.0,1803.0,0.0,11,1,0,1,0,0,0,60.8269,23.35,97.55,0.0,913.0,0.0,4337.0
4969,72,84.0,0.0,0.0,1803.0,0.0,12,0,0,1,0,0,0,61.1577,23.0,97.2,0.0,913.0,0.0,4337.0
4970,72,83.0,0.0,1.0,1804.0,0.0,11,1,0,1,0,0,0,61.4769,22.65,96.85,0.0,913.0,0.0,4337.0
4971,72,84.0,1.0,0.0,1804.0,0.0,12,0,0,1,0,0,0,61.7962,22.15,96.5,0.0,913.0,0.0,4337.0
4972,72,83.0,0.0,1.0,1805.0,0.0,10,1,1,1,0,0,0,62.1308,21.65,96.15,0.0,913.0,1.0,4338.0
4973,70,81.0,0.0,2.0,1807.0,0.0,9,2,2,0,0,0,0,62.5154,21.15,99.65,1.0,914.0,3.0,4341.0
4974,69,81.0,0.0,0.0,1807.0,0.0,11,1,1,0,0,0,0,62.1731,21.15,99.3,0.0,914.0,1.0,4342.0
4975,70,83.0,2.0,0.0,1807.0,0.0,11,0,2,0,0,0,0,61.8577,20.8,98.95,1.0,915.0,3.0,4345.0
4976,70,83.0,0.0,0.0,1807.0,0.0,12,0,1,0,0,0,0,61.5154,20.8,98.6,1.0,916.0,2.0,4347.0
4977,70,82.0,0.0,1.0,1808.0,0.0,12,1,0,0,0,0,0,61.1192,20.45,98.25,0.0,916.0,0.0,4347.0
4978,69,81.0,0.0,1.0,1809.0,0.0,11,1,1,0,0,0,0,60.7615,20.1,97.9,0.0,916.0,1.0,4348.0
4979,70,83.0,2.0,0.0,1809.0,0.0,13,0,0,0,0,0,0,60.3885,19.75,97.55,0.0,916.0,0.0,4348.0
4980,70,82.0,0.0,1.0,1810.0,0.0,12,1,0,0,0,0,0,60.0038,19.4,97.2,0.0,916.0,0.0,4348.0
4981,69,82.0,0.0,0.0,1810.0,0.0,13,0,0,0,0,0,0,59.6308,19.05,96.85,0.0,916.0,0.0,4348.0
4982,69,82.0,0.0,0.0,1810.0,0.0,13,0,0,0,0,0,0,59.2577,18.7,96.5,0.0,916.0,0.0,4348.0
4983,69,82.0,0.0,0.0,1810.0,0.0,13,0,0,0,0,0,0,58.8846,18.35,96.15,0.0,916.0,0.0,4348.0
4984,69,82.0,0.0,0.0,1810.0,0.0,13,0,0,0,0,0,0,58.5115,18.0,95.8,0.0,916.0,0.0,4348.0
4985,70,82.0,1.0,1.0,1811.0,0.0,12,1,0,0,0,0,0,58.1385,17.65,95.45,0.0,916.0,0.0,4348.0
4986,69,82.0,0.0,0.0,1811.0,0.0,13,0,0,0,0,0,0,57.7538,17.3,95.1,0.0,916.0,0.0,4348.0
4987,71,84.0,2.0,0.0,1811.0,0.0,12,0,1,0,0,0,0,57.3846,16.95,94.75,0.0,916.0,1.0,4349.0
4988,71,84.0,0.0,0.0,1811.0,0.0,11,0,2,0,0,0,0,57.0808,16.6,94.4,1.0,917.0,3.0,4352.0
4989,71,84.0,0.0,0.0,1811.0,0.0,13,0,0,0,0,0,0,56.6731,16.25,94.05,0.0,917.0,0.0,4352.0
4990,71,84.0,0.0,0.0,1811.0,0.0,13,0,0,0,0,0,0,56.2538,15.9,93.7,0.0,917.0,0.0,4352.0
4991,71,84.0,0.0,0.0,1811.0,0.0,13,0,0,0,0,0,0,55.8346,15.55,93.35,0.0,917.0,0.0,4352.0
4992,71,83.0,0.0,1.0,1812.0,0.0,11,1,1,0,0,0,0,55.4423,15.55,93.0,0.0,917.0,1.0,4353.0
4993,71,83.0,1.0,1.0,1813.0,0.0,12,1,0,0,0,0,0,55.0346,15.2,92.65,0.0,917.0,0.0,4353.0
4994,70,82.0,0.0,1.0,1814.0,0.0,9,1,2,0,1,0,0,54.6923,14.7,92.3,0.0,917.0,2.0,4355.0
4995,72,84.0,2.0,0.0,1814.0,0.0,11,0,1,0,1,0,0,54.3731,14.35,91.95,1.0,918.0,2.0,4357.0
4996,72,84.0,0.0,0.0,1814.0,0.0,11,0,1,0,1,0,0,54.0154,14.0,91.95,0.0,918.0,1.0,4358.0
4997,72,83.0,0.0,1.0,1815.0,0.0,11,1,0,0,1,0,0,53.6308,13.65,91.6,0.0,918.0,0.0,4358.0
4998,71,83.0,0.0,0.0,1815.0,0.0,12,0,0,0,1,0,0,53.2577,13.3,91.25,0.0,918.0,0.0,4358.0
4999,72,84.0,1.0,0.0,1815.0,0.0,12,0,0,0,1,0,0,52.8731,12.95,90.9,0.0,918.0,0.0,4358.0
5000,72,84.0,0.0,0.0,1815.0,0.0,10,0,2,0,1,0,0,52.5538,12.6,90.55,0.0,918.0,2.0,4360.0
5001,72,83.0,0.0,1.0,1816.0,0.0,10,1,1,0,1,0,0,52.1731,12.25,90.2,0.0,918.0,1.0,4361.0
5002,71,82.0,0.0,1.0,1817.0,0.0,9,1,2,0,1,0,0,51.8577,11.9,89.7,1.0,919.0,3.0,4364.0
5003,71,83.0,1.0,0.0,1817.0,0.0,12,0,0,0,1,0,0,51.45,11.55,89.2,0.0,919.0,0.0,4364.0
5004,71,83.0,0.0,0.0,1817.0,0.0,10,0,2,0,1,0,0,51.1077,11.2,88.7,0.0,919.0,2.0,4366.0
5005,72,84.0,1.0,0.0,1817.0,0.0,12,0,0,0,1,0,0,50.7,10.85,88.2,0.0,919.0,0.0,4366.0
5006,72,84.0,0.0,0.0,1817.0,0.0,12,0,0,0,1,0,0,50.2923,10.5,87.7,0.0,919.0,0.0,4366.0
5007,73,84.0,1.0,1.0,1818.0,0.0,9,1,1,0,2,0,0,49.8885,10.15,87.2,0.0,919.0,1.0,4367.0
5008,72,83.0,0.0,1.0,1819.0,0.0,10,1,0,0,2,0,0,49.4692,9.8,86.7,0.0,919.0,0.0,4367.0
5009,72,82.0,0.0,1.0,1820.0,0.0,10,1,0,0,2,0,0,49.05,9.45,86.35,0.0,919.0,0.0,4367.0
5010,71,82.0,0.0,0.0,1820.0,0.0,9,0,2,0,2,0,0,48.6962,9.1,86.35,0.0,919.0,2.0,4369.0
5011,73,84.0,2.0,0.0,1820.0,0.0,9,0,2,0,2,0,0,48.3692,8.75,86.35,1.0,920.0,3.0,4372.0
5012,73,84.0,0.0,0.0,1820.0,0.0,11,0,0,0,2,0,0,47.9385,8.4,86.0,0.0,920.0,0.0,4372.0
5013,73,84.0,0.0,0.0,1820.0,0.0,9,0,2,0,2,0,0,47.5731,8.05,86.0,0.0,920.0,2.0,4374.0
5014,73,84.0,0.0,0.0,1820.0,0.0,10,0,1,0,2,0,0,47.1808,7.7,85.65,0.0,920.0,1.0,4375.0
5015,74,85.0,1.0,0.0,1820.0,0.0,9,0,3,0,1,0,0,46.8423,7.35,85.65,0.0,920.0,3.0,4378.0
5016,74,84.0,0.0,1.0,1821.0,0.0,10,1,1,0,1,0,0,46.5038,7.0,85.65,2.0,922.0,3.0,4381.0
5017,73,82.0,0.0,2.0,1823.0,0.0,9,2,0,0,2,0,0,46.0846,6.65,85.3,0.0,922.0,0.0,4381.0
5018,71,82.0,0.0,0.0,1823.0,0.0,8,0,2,0,3,0,0,45.7538,6.3,84.95,0.0,922.0,2.0,4383.0
5019,72,83.0,1.0,0.0,1823.0,0.0,9,0,0,0,4,0,0,45.3577,5.95,84.6,0.0,922.0,0.0,4383.0
5020,72,83.0,0.0,0.0,1823.0,0.0,9,0,0,1,3,0,0,44.9615,5.6,84.25,0.0,922.0,0.0,4383.0
5021,73,84.0,1.0,0.0,1823.0,0.0,9,0,0,1,3,0,0,45.3185,10.55,83.9,0.0,922.0,0.0,4383.0
5022,73,84.0,0.0,0.0,1823.0,0.0,9,0,0,1,3,0,0,45.6754,10.2,83.55,0.0,922.0,0.0,4383.0
5023,74,85.0,1.0,0.0,1823.0,0.0,9,0,0,1,3,0,0,46.0323,9.85,83.2,0.0,922.0,0.0,4383.0
5024,74,83.0,0.0,2.0,1825.0,0.0,7,2,0,1,3,0,0,46.3892,9.5,82.85,0.0,922.0,0.0,4383.0
5025,74,84.0,1.0,0.0,1825.0,0.0,8,0,1,1,3,0,0,46.7846,9.15,82.5,0.0,922.0,1.0,4384.0
5026,74,84.0,0.0,0.0,1825.0,0.0,9,0,1,1,2,0,0,47.1954,9.15,82.15,1.0,923.0,2.0,4386.0
5027,75,85.0,1.0,0.0,1825.0,0.0,9,0,0,1,3,0,0,47.5523,8.8,81.8,0.0,923.0,0.0,4386.0
5028,75,85.0,0.0,0.0,1825.0,0.0,9,0,1,1,2,0,0,47.9362,8.8,81.45,0.0,923.0,1.0,4387.0
5029,75,85.0,0.0,0.0,1825.0,0.0,9,0,0,1,3,0,0,48.2815,8.45,90.56,0.0,923.0,0.0,4387.0
5030,74,85.0,0.0,0.0,1825.0,0.0,10,0,0,0,3,0,0,48.6,8.1,99.65,0.0,923.0,0.0,4387.0
5031,74,84.0,0.0,1.0,1826.0,0.0,9,1,0,0,3,0,0,48.1808,7.75,99.3,0.0,923.0,0.0,4387.0
5032,73,84.0,0.0,0.0,1826.0,0.0,8,0,2,0,3,0,0,47.8385,7.4,98.95,0.0,923.0,2.0,4389.0
5033,73,84.0,0.0,0.0,1826.0,0.0,9,0,1,0,3,0,0,47.4962,7.05,98.6,1.0,924.0,2.0,4391.0
5034,73,82.0,0.0,2.0,1828.0,0.0,8,2,0,0,3,0,0,47.0885,6.7,98.25,0.0,924.0,0.0,4391.0
5035,75,86.0,4.0,0.0,1828.0,0.0,10,0,0,1,2,0,0,46.7038,6.35,97.9,0.0,924.0,0.0,4391.0
5036,75,85.0,0.0,1.0,1829.0,0.0,9,1,0,1,2,0,0,47.045,6.0,97.55,0.0,924.0,0.0,4391.0
5037,74,85.0,0.0,0.0,1829.0,0.0,9,0,2,1,1,0,0,47.44,5.65,97.2,0.0,924.0,2.0,4393.0
5038,74,85.0,0.0,0.0,1829.0,0.0,9,0,2,1,1,0,0,47.835,5.3,97.2,0.0,924.0,2.0,4395.0
5039,74,84.0,0.0,1.0,1830.0,0.0,8,1,2,1,1,0,0,48.2569,4.95,97.2,1.0,925.0,3.0,4398.0
5040,74,84.0,0.0,0.0,1830.0,0.0,10,0,0,1,2,0,0,48.5981,4.6,96.85,0.0,925.0,0.0,4398.0
5041,74,83.0,0.0,1.0,1831.0,0.0,9,1,0,1,2,0,0,48.9277,4.25,96.5,0.0,925.0,0.0,4398.0
5042,73,83.0,0.0,0.0,1831.0,0.0,9,0,1,1,2,0,0,49.2958,3.9,96.15,0.0,925.0,1.0,4399.0
5043,74,84.0,1.0,0.0,1831.0,0.0,9,0,1,2,1,0,0,49.7023,3.55,95.8,1.0,926.0,2.0,4401.0
5044,74,82.0,0.0,2.0,1833.0,0.0,8,2,0,2,1,0,0,50.8008,6.65,95.45,0.0,926.0,0.0,4401.0
5045,72,83.0,1.0,0.0,1833.0,0.0,11,0,0,1,1,0,0,51.8954,6.3,99.65,0.0,926.0,0.0,4401.0
5046,72,83.0,0.0,0.0,1833.0,0.0,10,0,0,1,2,0,0,52.2912,5.95,99.3,0.0,926.0,0.0,4401.0
5047,73,84.0,1.0,0.0,1833.0,0.0,10,0,1,1,1,0,0,52.7138,5.95,98.95,0.0,926.0,1.0,4402.0
5048,73,84.0,0.0,0.0,1833.0,0.0,9,0,2,1,1,0,0,53.1635,5.95,98.95,0.0,926.0,2.0,4404.0
5049,74,85.0,1.0,0.0,1833.0,0.0,9,0,2,1,1,0,0,53.64,5.95,98.95,1.0,927.0,3.0,4407.0
5050,74,85.0,0.0,0.0,1833.0,0.0,9,0,1,1,2,0,0,54.0742,5.6,98.6,0.0,927.0,1.0,4408.0
5051,75,86.0,1.0,0.0,1833.0,0.0,8,0,2,1,2,0,0,54.5354,5.25,98.25,0.0,927.0,2.0,4410.0
5052,75,86.0,0.0,0.0,1833.0,0.0,9,0,1,2,1,0,0,54.9965,4.9,97.9,1.0,928.0,2.0,4412.0
5053,74,86.0,0.0,0.0,1833.0,0.0,11,0,0,1,1,0,0,56.1123,12.05,99.65,0.0,928.0,0.0,4412.0
5054,74,86.0,0.0,0.0,1833.0,0.0,10,0,1,1,1,0,0,56.5131,11.7,99.3,0.0,928.0,1.0,4413.0
5055,75,87.0,1.0,0.0,1833.0,0.0,11,0,0,1,1,0,0,56.8754,11.35,98.95,0.0,928.0,0.0,4413.0
5056,75,86.0,0.0,1.0,1834.0,0.0,10,1,0,1,1,0,0,57.2377,11.0,98.6,0.0,928.0,0.0,4413.0
5057,74,86.0,0.0,0.0,1834.0,0.0,11,0,0,1,1,0,0,57.6115,10.65,98.25,0.0,928.0,0.0,4413.0
5058,74,86.0,0.0,0.0,1834.0,0.0,11,0,0,1,1,0,0,57.9854,10.3,97.9,0.0,928.0,0.0,4413.0
5059,76,88.0,2.0,0.0,1834.0,0.0,11,0,0,1,1,0,0,58.3592,9.95,97.55,0.0,928.0,0.0,4413.0
5060,76,88.0,0.0,0.0,1834.0,0.0,9,0,2,1,1,0,0,58.7869,9.6,97.2,0.0,928.0,2.0,4415.0
5061,76,87.0,0.0,1.0,1835.0,0.0,9,1,1,1,1,0,0,59.2146,9.25,96.85,1.0,929.0,2.0,4417.0
5062,74,87.0,0.0,0.0,1835.0,0.0,11,0,0,0,2,0,0,59.55,8.9,99.65,0.0,929.0,0.0,4417.0
5063,75,88.0,1.0,0.0,1835.0,0.0,11,0,0,0,2,0,0,59.1538,8.55,99.3,0.0,929.0,0.0,4417.0
5064,75,88.0,0.0,0.0,1835.0,0.0,11,0,0,0,2,0,0,58.7577,8.2,98.95,0.0,929.0,0.0,4417.0
5065,76,89.0,1.0,0.0,1835.0,0.0,11,0,0,0,2,0,0,58.3615,7.85,98.6,0.0,929.0,0.0,4417.0
5066,76,89.0,0.0,0.0,1835.0,0.0,11,0,0,0,2,0,0,57.9654,7.5,98.25,0.0,929.0,0.0,4417.0
5067,77,90.0,1.0,0.0,1835.0,0.0,11,0,0,1,1,0,0,57.5577,7.15,97.9,0.0,929.0,0.0,4417.0
5068,77,90.0,0.0,0.0,1835.0,0.0,6,0,6,1,0,0,0,58.0873,12.95,97.55,0.0,929.0,6.0,4423.0
5069,77,89.0,0.0,1.0,1836.0,0.0,9,1,2,1,0,0,0,58.6169,12.95,97.2,4.0,933.0,6.0,4429.0
5070,76,89.0,0.0,0.0,1836.0,0.0,11,0,0,1,1,0,0,58.9619,12.6,96.85,0.0,933.0,0.0,4429.0
5071,77,90.0,1.0,0.0,1836.0,0.0,10,0,1,1,1,0,0,59.3338,12.25,96.5,0.0,933.0,1.0,4430.0
5072,77,90.0,0.0,0.0,1836.0,0.0,11,0,0,1,1,0,0,59.6673,11.9,96.15,0.0,933.0,0.0,4430.0
5073,77,90.0,0.0,0.0,1836.0,0.0,10,0,1,1,1,0,0,59.9931,11.55,95.8,0.0,933.0,1.0,4431.0
5074,77,90.0,0.0,0.0,1836.0,0.0,11,0,0,1,1,0,0,60.2919,11.2,95.45,0.0,933.0,0.0,4431.0
5075,79,91.0,2.0,1.0,1837.0,0.0,10,1,0,1,1,0,0,60.5792,10.85,95.1,0.0,933.0,0.0,4431.0
5076,79,91.0,0.0,0.0,1837.0,0.0,9,0,2,1,1,0,0,60.9435,10.5,95.1,0.0,933.0,2.0,4433.0
5077,80,92.0,1.0,0.0,1837.0,0.0,11,0,1,0,1,0,0,61.2808,10.15,99.65,1.0,934.0,2.0,4435.0
5078,80,90.0,0.0,2.0,1839.0,0.0,10,2,0,0,1,0,0,60.8385,9.8,99.3,0.0,934.0,0.0,4435.0
5079,78,89.0,0.0,1.0,1840.0,0.0,11,1,0,0,1,0,0,60.4077,9.45,98.95,0.0,934.0,0.0,4435.0
5080,77,88.0,0.0,1.0,1841.0,0.0,11,1,0,0,1,0,0,59.9885,9.1,98.6,0.0,934.0,0.0,4435.0
5081,76,88.0,0.0,0.0,1841.0,0.0,12,0,0,0,1,0,0,59.5808,8.75,98.25,0.0,934.0,0.0,4435.0
5082,76,88.0,0.0,0.0,1841.0,0.0,12,0,0,0,1,0,0,59.1731,8.4,97.9,0.0,934.0,0.0,4435.0
5083,78,90.0,2.0,0.0,1841.0,0.0,11,0,1,0,1,0,0,58.7923,8.05,97.55,0.0,934.0,1.0,4436.0
5084,78,90.0,0.0,0.0,1841.0,0.0,10,0,2,0,1,0,0,58.45,7.7,97.2,0.0,934.0,2.0,4438.0
5085,79,91.0,1.0,0.0,1841.0,0.0,10,0,2,0,1,0,0,58.1346,7.35,96.85,1.0,935.0,3.0,4441.0
5086,79,91.0,0.0,0.0,1841.0,0.0,10,0,2,0,1,0,0,57.7923,7.0,96.5,0.0,935.0,2.0,4443.0
5087,79,91.0,0.0,0.0,1841.0,0.0,11,0,1,0,1,0,0,57.45,6.65,96.15,1.0,936.0,2.0,4445.0
5088,79,91.0,0.0,0.0,1841.0,0.0,12,0,0,0,1,0,0,57.0308,6.3,95.8,0.0,936.0,0.0,4445.0
5089,79,91.0,0.0,0.0,1841.0,0.0,12,0,0,0,1,0,0,56.6,5.95,95.45,0.0,936.0,0.0,4445.0
5090,79,91.0,0.0,0.0,1841.0,0.0,12,0,0,1,0,0,0,56.1692,5.6,95.1,0.0,936.0,0.0,4445.0
5091,81,93.0,2.0,0.0,1841.0,0.0,11,0,1,1,0,0,0,56.5185,15.04,95.1,0.0,936.0,1.0,4446.0
5092,81,93.0,0.0,0.0,1841.0,0.0,10,0,2,1,0,0,0,56.9177,24.48,94.75,0.0,936.0,2.0,4448.0
5093,81,91.0,0.0,2.0,1843.0,0.0,5,2,5,1,0,0,0,57.3977,27.0,94.75,0.0,936.0,5.0,4453.0
5094,79,90.0,0.0,1.0,1844.0,0.0,9,1,2,1,0,0,0,57.8508,26.5,94.75,2.0,938.0,4.0,4457.0
5095,80,92.0,2.0,0.0,1844.0,0.0,10,0,2,1,0,0,0,58.25,26.0,94.4,0.0,938.0,2.0,4459.0
5096,80,92.0,0.0,0.0,1844.0,0.0,10,0,2,1,0,0,0,58.6877,25.5,94.05,1.0,939.0,3.0,4462.0
5097,80,92.0,0.0,0.0,1844.0,0.0,12,0,0,1,0,0,0,59.0215,25.0,93.7,0.0,939.0,0.0,4462.0
5098,80,92.0,0.0,0.0,1844.0,0.0,8,0,4,1,0,0,0,59.4862,24.5,93.35,0.0,939.0,4.0,4466.0
5099,81,93.0,1.0,0.0,1844.0,0.0,9,0,3,1,0,0,0,59.9508,24.0,93.0,1.0,940.0,4.0,4470.0
5100,80,93.0,0.0,0.0,1844.0,0.0,12,0,1,0,0,0,0,60.3115,23.5,99.65,1.0,941.0,2.0,4472.0
5101,80,92.0,0.0,1.0,1845.0,0.0,11,1,1,0,0,0,0,59.9192,23.0,99.3,0.0,941.0,1.0,4473.0
5102,79,91.0,0.0,1.0,1846.0,0.0,12,1,0,0,0,0,0,59.5,22.5,98.95,0.0,941.0,0.0,4473.0
5103,78,90.0,0.0,1.0,1847.0,0.0,12,1,0,0,0,0,0,59.0808,22.0,98.6,0.0,941.0,0.0,4473.0
5104,77,88.0,0.0,2.0,1849.0,0.0,11,2,0,0,0,0,0,58.6731,21.65,98.25,0.0,941.0,0.0,4473.0
5105,77,89.0,2.0,1.0,1850.0,0.0,11,1,1,0,0,0,0,58.3154,21.65,97.9,0.0,941.0,1.0,4474.0
5106,76,89.0,0.0,0.0,1850.0,0.0,10,0,3,0,0,0,0,58.0115,21.65,97.55,0.0,941.0,3.0,4477.0
5107,78,91.0,2.0,0.0,1850.0,0.0,10,0,3,0,0,0,0,57.7346,21.65,97.2,1.0,942.0,4.0,4481.0
5108,78,91.0,0.0,0.0,1850.0,0.0,13,0,0,0,0,0,0,57.35,21.3,96.85,0.0,942.0,0.0,4481.0
5109,78,91.0,0.0,0.0,1850.0,0.0,13,0,0,0,0,0,0,56.9654,20.95,96.5,0.0,942.0,0.0,4481.0
5110,78,91.0,0.0,0.0,1850.0,0.0,13,0,0,0,0,0,0,56.5577,20.6,96.15,0.0,942.0,0.0,4481.0
5111,78,90.0,0.0,1.0,1851.0,0.0,12,1,0,0,0,0,0,56.15,20.25,95.8,0.0,942.0,0.0,4481.0
5112,77,89.0,0.0,1.0,1852.0,0.0,12,1,0,0,0,0,0,55.7538,19.9,95.45,0.0,942.0,0.0,4481.0
5113,76,89.0,0.0,0.0,1852.0,0.0,13,0,0,0,0,0,0,55.3577,19.55,95.1,0.0,942.0,0.0,4481.0
5114,76,89.0,0.0,0.0,1852.0,0.0,11,0,2,0,0,0,0,55.0385,19.2,94.75,0.0,942.0,2.0,4483.0
5115,78,91.0,2.0,0.0,1852.0,0.0,12,0,1,0,0,0,0,54.7192,18.85,94.4,1.0,943.0,2.0,4485.0
5116,78,90.0,0.0,1.0,1853.0,0.0,12,1,0,0,0,0,0,54.3115,18.5,94.05,0.0,943.0,0.0,4485.0
5117,77,90.0,0.0,0.0,1853.0,0.0,13,0,0,0,0,0,0,53.9154,18.15,93.7,0.0,943.0,0.0,4485.0
5118,77,90.0,0.0,0.0,1853.0,0.0,13,0,0,0,0,0,0,53.5077,17.8,93.2,0.0,943.0,0.0,4485.0
5119,79,92.0,2.0,0.0,1853.0,0.0,13,0,0,0,0,0,0,53.1,17.45,92.7,0.0,943.0,0.0,4485.0
5120,79,92.0,0.0,0.0,1853.0,0.0,13,0,0,0,0,0,0,52.6808,17.1,92.2,0.0,943.0,0.0,4485.0
5121,79,91.0,0.0,1.0,1854.0,0.0,12,1,0,0,0,0,0,52.25,16.75,91.7,0.0,943.0,0.0,4485.0
5122,78,90.0,0.0,1.0,1855.0,0.0,12,1,0,0,0,0,0,51.8192,16.4,91.2,0.0,943.0,0.0,4485.0
5123,78,91.0,1.0,0.0,1855.0,0.0,10,0,3,0,0,0,0,51.4808,15.9,90.7,0.0,943.0,3.0,4488.0
5124,78,90.0,0.0,1.0,1856.0,0.0,9,1,3,0,0,0,0,51.2077,15.4,90.2,2.0,945.0,5.0,4493.0
5125,78,91.0,1.0,0.0,1856.0,0.0,11,0,1,0,1,0,0,50.8538,14.9,89.7,1.0,946.0,2.0,4495.0
5126,78,91.0,0.0,0.0,1856.0,0.0,10,0,2,0,1,0,0,50.5231,14.55,89.2,0.0,946.0,2.0,4497.0
5127,78,91.0,0.0,0.0,1856.0,0.0,9,0,3,0,1,0,0,50.2577,14.2,88.7,1.0,947.0,4.0,4501.0
5128,78,91.0,0.0,0.0,1856.0,0.0,11,0,1,0,1,0,0,49.9154,13.85,88.2,1.0,948.0,2.0,4503.0
5129,78,90.0,0.0,1.0,1857.0,0.0,11,1,0,0,1,0,0,49.4962,13.5,87.7,0.0,948.0,0.0,4503.0
5130,78,90.0,0.0,0.0,1857.0,0.0,11,0,1,0,1,0,0,49.1269,13.15,87.7,0.0,948.0,1.0,4504.0
5131,80,92.0,2.0,0.0,1857.0,0.0,12,0,0,0,1,0,0,48.7192,12.8,87.2,0.0,948.0,0.0,4504.0
5132,80,92.0,0.0,0.0,1857.0,0.0,11,0,1,0,1,0,0,48.3269,12.45,86.7,0.0,948.0,1.0,4505.0
5133,81,93.0,1.0,0.0,1857.0,0.0,9,0,4,0,0,0,0,48.0385,12.45,86.7,0.0,948.0,4.0,4509.0
5134,81,92.0,0.0,1.0,1858.0,0.0,10,1,2,0,0,0,0,47.7385,12.45,86.7,2.0,950.0,4.0,4513.0
5135,81,93.0,1.0,0.0,1858.0,0.0,12,0,0,0,1,0,0,47.3192,12.1,86.2,0.0,950.0,0.0,4513.0
5136,81,93.0,0.0,0.0,1858.0,0.0,11,0,1,0,1,0,0,46.9385,11.75,85.7,0.0,950.0,1.0,4514.0
5137,81,92.0,0.0,1.0,1859.0,0.0,10,1,1,0,1,0,0,46.5577,11.4,85.2,0.0,950.0,1.0,4515.0
5138,80,91.0,0.0,1.0,1860.0,0.0,11,1,0,0,1,0,0,46.15,11.05,84.7,0.0,950.0,0.0,4515.0
5139,81,92.0,1.0,0.0,1860.0,0.0,11,1,0,0,1,0,0,45.7692,10.7,84.2,0.0,950.0,0.0,4515.0
5140,81,92.0,0.0,0.0,1860.0,0.0,11,1,0,0,1,0,0,45.3885,10.35,83.7,0.0,950.0,0.0,4515.0
5141,81,91.0,0.0,1.0,1861.0,0.0,9,2,1,0,1,0,0,45.0231,10.0,83.2,0.0,950.0,1.0,4516.0
5142,81,90.0,0.0,1.0,1862.0,0.0,9,2,0,0,2,0,0,44.6423,9.65,82.7,0.0,950.0,0.0,4516.0
5143,81,90.0,1.0,1.0,1863.0,0.0,9,2,0,0,2,0,0,44.2615,9.3,82.2,0.0,950.0,0.0,4516.0
5144,79,90.0,0.0,0.0,1863.0,0.0,10,0,1,0,2,0,0,43.8923,8.95,82.2,0.0,950.0,1.0,4517.0
5145,80,89.0,1.0,2.0,1865.0,0.0,9,2,0,0,2,0,0,43.4846,8.6,81.7,0.0,950.0,0.0,4517.0
5146,78,89.0,0.0,0.0,1865.0,0.0,8,0,3,0,2,0,0,43.2038,8.25,81.35,0.0,950.0,3.0,4520.0
5147,80,91.0,2.0,0.0,1865.0,0.0,10,0,1,0,2,0,0,42.8731,7.9,81.0,1.0,951.0,2.0,4522.0
5148,80,91.0,0.0,0.0,1865.0,0.0,11,0,0,0,2,0,0,42.4654,7.55,80.65,0.0,951.0,0.0,4522.0
5149,80,90.0,0.0,1.0,1866.0,0.0,9,1,1,0,2,0,0,42.0846,7.2,80.3,0.0,951.0,1.0,4523.0
5150,79,90.0,0.0,0.0,1866.0,0.0,11,0,0,0,2,0,0,41.6885,6.85,79.95,0.0,951.0,0.0,4523.0
5151,79,89.0,0.0,1.0,1867.0,0.0,8,1,2,1,1,0,0,41.3462,6.5,79.95,0.0,951.0,2.0,4525.0
5152,78,89.0,0.0,0.0,1867.0,0.0,10,0,1,1,1,0,0,41.75,10.8,79.95,1.0,952.0,2.0,4527.0
5153,78,89.0,0.0,0.0,1867.0,0.0,10,0,0,2,1,0,0,42.1,10.45,79.6,0.0,952.0,0.0,4527.0
5154,78,89.0,0.0,0.0,1867.0,0.0,9,0,1,2,1,0,0,43.1812,14.4,79.25,0.0,952.0,1.0,4528.0
5155,81,92.0,3.0,0.0,1867.0,0.0,10,0,0,2,1,0,0,44.2354,14.05,78.9,0.0,952.0,0.0,4528.0
5156,81,91.0,0.0,1.0,1868.0,0.0,9,1,0,2,1,0,0,45.2896,13.7,78.55,0.0,952.0,0.0,4528.0
5157,80,91.0,0.0,0.0,1868.0,0.0,10,0,0,2,1,0,0,46.3438,13.35,78.2,0.0,952.0,0.0,4528.0
5158,80,91.0,0.0,0.0,1868.0,0.0,10,0,0,2,1,0,0,47.3981,13.0,77.85,0.0,952.0,0.0,4528.0
5159,80,91.0,0.0,0.0,1868.0,0.0,9,0,1,2,1,0,0,48.4908,12.65,81.3,0.0,952.0,1.0,4529.0
5160,80,91.0,0.0,0.0,1868.0,0.0,9,0,1,2,1,0,0,49.6104,12.3,90.65,1.0,953.0,2.0,4531.0
5161,80,92.0,1.0,0.0,1868.0,0.0,11,0,0,1,1,0,0,50.6262,11.95,99.65,0.0,953.0,0.0,4531.0
5162,80,90.0,0.0,2.0,1870.0,0.0,7,2,3,1,0,0,0,51.0265,11.95,99.3,0.0,953.0,3.0,4534.0
5163,79,91.0,1.0,0.0,1870.0,0.0,12,0,1,0,0,0,0,51.3846,11.95,99.65,1.0,954.0,2.0,4536.0
5164,79,91.0,0.0,0.0,1870.0,0.0,12,0,0,0,1,0,0,50.9885,11.6,99.3,0.0,954.0,0.0,4536.0
5165,80,92.0,1.0,0.0,1870.0,0.0,11,0,2,0,0,0,0,50.6346,11.6,98.95,0.0,954.0,2.0,4538.0
5166,80,91.0,0.0,1.0,1871.0,0.0,9,1,0,0,3,0,0,50.2038,11.25,98.6,0.0,954.0,0.0,4538.0
5167,80,92.0,1.0,0.0,1871.0,0.0,7,0,3,0,3,0,0,49.9115,10.9,98.25,0.0,954.0,3.0,4541.0
5168,80,92.0,0.0,0.0,1871.0,0.0,8,0,2,0,3,0,0,49.6192,10.55,97.9,1.0,955.0,3.0,4544.0
5169,80,92.0,0.0,0.0,1871.0,0.0,10,0,0,0,3,0,0,49.2115,10.2,97.55,0.0,955.0,0.0,4544.0
5170,80,92.0,0.0,0.0,1871.0,0.0,10,0,0,0,3,0,0,48.7808,9.85,97.2,0.0,955.0,0.0,4544.0
5171,81,93.0,1.0,0.0,1871.0,0.0,10,0,0,0,3,0,0,48.35,9.5,96.85,0.0,955.0,0.0,4544.0
5172,81,93.0,0.0,0.0,1871.0,0.0,10,0,0,0,3,0,0,47.9192,9.15,96.5,0.0,955.0,0.0,4544.0
5173,81,93.0,0.0,0.0,1871.0,0.0,10,0,0,0,3,0,0,47.4885,8.8,96.15,0.0,955.0,0.0,4544.0
5174,81,93.0,0.0,0.0,1871.0,0.0,8,0,3,0,2,0,0,47.15,8.8,95.8,0.0,955.0,3.0,4547.0
5175,83,95.0,2.0,0.0,1871.0,0.0,8,0,3,0,2,0,0,46.8885,8.8,95.45,2.0,957.0,5.0,4552.0
5176,83,93.0,0.0,2.0,1873.0,0.0,8,2,0,0,3,0,0,46.4346,8.45,95.1,0.0,957.0,0.0,4552.0
5177,81,93.0,0.0,0.0,1873.0,0.0,9,0,1,0,3,0,0,46.0692,8.1,95.1,0.0,957.0,1.0,4553.0
5178,81,92.0,0.0,1.0,1874.0,0.0,8,1,1,0,3,0,0,45.7038,7.75,94.75,0.0,957.0,1.0,4554.0
5179,82,94.0,2.0,0.0,1874.0,0.0,10,0,1,0,2,0,0,45.3269,7.75,94.4,1.0,958.0,2.0,4556.0
5180,82,93.0,0.0,1.0,1875.0,0.0,8,1,0,0,4,0,0,44.8846,7.4,94.05,0.0,958.0,0.0,4556.0
5181,82,91.0,0.0,2.0,1877.0,0.0,7,2,0,1,3,0,0,44.4654,7.05,93.7,0.0,958.0,0.0,4556.0
5182,81,90.0,0.0,1.0,1878.0,0.0,8,1,0,1,3,0,0,44.7927,6.7,93.35,0.0,958.0,0.0,4556.0
5183,81,90.0,0.0,0.0,1878.0,0.0,9,0,0,1,3,0,0,45.1315,6.35,93.0,0.0,958.0,0.0,4556.0
5184,81,89.0,0.0,1.0,1879.0,0.0,8,1,0,1,3,0,0,45.4588,6.0,92.5,0.0,958.0,0.0,4556.0
5185,81,90.0,1.0,0.0,1879.0,0.0,7,0,2,1,3,0,0,45.8631,5.65,92.5,0.0,958.0,2.0,4558.0
5186,81,90.0,0.0,0.0,1879.0,0.0,8,0,1,1,3,0,0,46.2673,5.3,92.5,1.0,959.0,2.0,4560.0
5187,82,91.0,1.0,0.0,1879.0,0.0,9,0,1,1,2,0,0,46.6331,4.95,92.0,0.0,959.0,1.0,4561.0
5188,82,90.0,0.0,1.0,1880.0,0.0,8,1,0,1,3,0,0,46.9719,4.6,91.5,0.0,959.0,0.0,4561.0
5189,82,90.0,1.0,1.0,1881.0,0.0,8,1,0,1,3,0,0,47.3223,4.25,91.0,0.0,959.0,0.0,4561.0
5190,81,90.0,0.0,0.0,1881.0,0.0,8,0,2,1,2,0,0,47.7381,3.9,90.945,0.0,959.0,2.0,4563.0
5191,81,91.0,1.0,0.0,1881.0,0.0,10,0,1,0,2,0,0,48.1269,3.55,99.65,1.0,960.0,2.0,4565.0
5192,81,91.0,0.0,0.0,1881.0,0.0,10,0,0,0,3,0,0,47.7654,3.2,99.3,0.0,960.0,0.0,4565.0
5193,81,90.0,0.0,1.0,1882.0,0.0,9,1,0,1,2,0,0,47.4038,2.85,98.95,0.0,960.0,0.0,4565.0
5194,80,90.0,0.0,0.0,1882.0,0.0,9,0,2,1,1,0,0,47.8588,5.15,98.95,0.0,960.0,2.0,4567.0
5195,82,92.0,2.0,0.0,1882.0,0.0,10,0,1,1,1,0,0,48.3138,5.15,98.95,1.0,961.0,2.0,4569.0
5196,82,92.0,0.0,0.0,1882.0,0.0,9,0,1,1,2,0,0,48.7419,4.8,98.6,0.0,961.0,1.0,4570.0
5197,82,92.0,0.0,0.0,1882.0,0.0,10,0,0,2,1,0,0,49.1431,4.45,98.25,0.0,961.0,0.0,4570.0
5198,82,92.0,0.0,0.0,1882.0,0.0,10,0,0,2,1,0,0,50.2946,9.65,97.9,0.0,961.0,0.0,4570.0
5199,82,91.0,0.0,1.0,1883.0,0.0,9,1,0,2,1,0,0,51.4346,9.3,97.55,0.0,961.0,0.0,4570.0
5200,81,90.0,0.0,1.0,1884.0,0.0,8,1,1,2,1,0,0,52.6246,8.95,97.2,0.0,961.0,1.0,4571.0
5201,80,90.0,0.0,0.0,1884.0,0.0,8,0,2,2,1,0,0,53.8531,8.6,96.85,0.0,961.0,2.0,4573.0
5202,80,90.0,0.0,0.0,1884.0,0.0,9,0,1,2,1,0,0,55.0815,8.25,96.5,1.0,962.0,2.0,4575.0
5203,82,93.0,3.0,0.0,1884.0,0.0,11,0,0,1,1,0,0,56.2062,7.9,99.65,0.0,962.0,0.0,4575.0
5204,82,93.0,0.0,0.0,1884.0,0.0,10,0,0,1,2,0,0,56.5835,7.55,99.3,0.0,962.0,0.0,4575.0
5205,83,93.0,1.0,1.0,1885.0,0.0,9,1,0,1,2,0,0,56.9723,7.2,98.95,0.0,962.0,0.0,4575.0
5206,82,93.0,0.0,0.0,1885.0,0.0,10,0,0,1,2,0,0,57.3612,6.85,98.6,0.0,962.0,0.0,4575.0
5207,82,93.0,0.0,0.0,1885.0,0.0,11,0,0,0,2,0,0,57.7231,6.5,99.65,0.0,962.0,0.0,4575.0
5208,82,93.0,0.0,0.0,1885.0,0.0,11,0,0,0,2,0,0,57.35,6.15,99.3,0.0,962.0,0.0,4575.0
5209,82,93.0,0.0,0.0,1885.0,0.0,11,0,0,1,1,0,0,56.9769,5.8,98.95,0.0,962.0,0.0,4575.0
5210,82,92.0,0.0,1.0,1886.0,0.0,10,1,0,1,1,0,0,57.3438,12.7,98.6,0.0,962.0,0.0,4575.0
5211,82,93.0,1.0,0.0,1886.0,0.0,11,0,0,1,1,0,0,57.7223,12.35,98.25,0.0,962.0,0.0,4575.0
5212,82,93.0,0.0,0.0,1886.0,0.0,11,0,0,1,1,0,0,58.0892,12.0,97.9,0.0,962.0,0.0,4575.0
5213,82,93.0,0.0,0.0,1886.0,0.0,11,0,0,1,1,0,0,58.4331,11.65,97.55,0.0,962.0,0.0,4575.0
5214,82,93.0,0.0,0.0,1886.0,0.0,11,0,0,1,1,0,0,58.7769,11.3,97.2,0.0,962.0,0.0,4575.0
5215,84,95.0,2.0,0.0,1886.0,0.0,11,0,0,1,1,0,0,59.1092,10.95,96.85,0.0,962.0,0.0,4575.0
5216,84,95.0,0.0,0.0,1886.0,0.0,11,0,0,1,1,0,0,59.43,10.6,96.5,0.0,962.0,0.0,4575.0
5217,85,95.0,1.0,1.0,1887.0,0.0,10,1,0,1,1,0,0,59.7392,10.25,96.15,0.0,962.0,0.0,4575.0
5218,84,95.0,0.0,0.0,1887.0,0.0,9,0,2,1,1,0,0,60.1254,9.9,95.8,0.0,962.0,2.0,4577.0
5219,84,94.0,1.0,2.0,1889.0,0.0,10,2,1,0,0,0,0,60.4615,9.9,99.65,1.0,963.0,2.0,4579.0
5220,82,93.0,0.0,1.0,1890.0,0.0,11,1,0,0,1,0,0,60.0423,9.55,99.3,0.0,963.0,0.0,4579.0
5221,81,92.0,0.0,1.0,1891.0,0.0,11,1,1,0,0,0,0,59.6615,9.55,98.95,0.0,963.0,1.0,4580.0
5222,80,92.0,0.0,0.0,1891.0,0.0,12,0,0,0,1,0,0,59.2654,9.2,98.6,0.0,963.0,0.0,4580.0
5223,80,91.0,0.0,1.0,1892.0,0.0,10,1,1,0,1,0,0,58.8962,8.85,98.25,0.0,963.0,1.0,4581.0
5224,79,91.0,0.0,0.0,1892.0,0.0,12,0,1,0,0,0,0,58.5654,8.85,97.9,1.0,964.0,2.0,4583.0
5225,80,92.0,1.0,0.0,1892.0,0.0,11,0,1,0,1,0,0,58.2077,8.5,97.55,0.0,964.0,1.0,4584.0
5226,80,92.0,0.0,0.0,1892.0,0.0,11,0,1,0,1,0,0,57.8885,8.15,97.2,1.0,965.0,2.0,4586.0
5227,82,94.0,2.0,0.0,1892.0,0.0,12,0,0,0,1,0,0,57.5038,7.8,96.85,0.0,965.0,0.0,4586.0
5228,82,94.0,0.0,0.0,1892.0,0.0,12,0,0,0,1,0,0,57.1192,7.45,96.5,0.0,965.0,0.0,4586.0
5229,82,94.0,0.0,0.0,1892.0,0.0,9,0,3,0,1,0,0,56.8269,7.1,96.15,0.0,965.0,3.0,4589.0
5230,82,94.0,0.0,0.0,1892.0,0.0,9,0,3,0,1,0,0,56.5615,6.75,95.8,1.0,966.0,4.0,4593.0
5231,83,94.0,1.0,1.0,1893.0,0.0,10,1,1,0,1,0,0,56.2038,6.4,95.45,0.0,966.0,1.0,4594.0
5232,82,94.0,0.0,0.0,1893.0,0.0,10,0,2,0,1,0,0,55.8846,6.05,95.1,0.0,966.0,2.0,4596.0
5233,82,94.0,0.0,0.0,1893.0,0.0,12,0,0,0,1,0,0,55.5,5.7,94.75,0.0,966.0,0.0,4596.0
5234,82,94.0,0.0,0.0,1893.0,0.0,12,0,0,0,1,0,0,55.1154,5.35,94.4,0.0,966.0,0.0,4596.0
5235,84,95.0,2.0,1.0,1894.0,0.0,11,1,0,0,1,0,0,54.7308,5.0,94.05,0.0,966.0,0.0,4596.0
5236,83,95.0,0.0,0.0,1894.0,0.0,12,0,0,0,1,0,0,54.3462,4.65,93.7,0.0,966.0,0.0,4596.0
5237,83,95.0,0.0,0.0,1894.0,0.0,12,0,0,0,1,0,0,53.9615,4.3,93.35,0.0,966.0,0.0,4596.0
5238,83,95.0,0.0,0.0,1894.0,0.0,12,0,0,0,1,0,0,53.5654,3.95,93.0,0.0,966.0,0.0,4596.0
5239,84,96.0,1.0,0.0,1894.0,0.0,12,0,0,0,1,0,0,53.1692,3.6,92.65,0.0,966.0,0.0,4596.0
5240,84,94.0,0.0,2.0,1896.0,0.0,10,2,0,0,1,0,0,52.75,3.25,92.3,0.0,966.0,0.0,4596.0
5241,82,94.0,0.0,0.0,1896.0,0.0,12,0,0,1,0,0,0,52.3538,2.9,91.95,0.0,966.0,0.0,4596.0
5242,82,92.0,0.0,2.0,1898.0,0.0,10,2,0,1,0,0,0,52.7315,12.61,91.6,0.0,966.0,0.0,4596.0
5243,81,93.0,1.0,0.0,1898.0,0.0,11,0,1,1,0,0,0,53.1592,15.95,91.25,0.0,966.0,1.0,4597.0
5244,81,92.0,0.0,1.0,1899.0,0.0,10,1,1,1,0,0,0,53.6023,15.6,90.9,1.0,967.0,2.0,4599.0
5245,82,94.0,2.0,0.0,1899.0,0.0,12,0,0,1,0,0,0,53.9915,15.25,90.55,0.0,967.0,0.0,4599.0
5246,82,94.0,0.0,0.0,1899.0,0.0,10,0,1,1,1,0,0,54.4077,14.9,90.2,0.0,967.0,1.0,4600.0
5247,82,94.0,0.0,0.0,1899.0,0.0,10,0,1,1,1,0,0,54.8392,14.55,89.7,1.0,968.0,2.0,4602.0
5248,82,94.0,0.0,0.0,1899.0,0.0,11,0,0,1,1,0,0,55.1938,14.2,89.2,0.0,968.0,0.0,4602.0
5249,82,94.0,0.0,0.0,1899.0,0.0,10,0,1,1,1,0,0,55.5754,13.85,88.7,0.0,968.0,1.0,4603.0
5250,82,94.0,0.0,0.0,1899.0,0.0,11,0,0,1,1,0,0,55.9185,13.5,90.29,0.0,968.0,0.0,4603.0
5251,83,96.0,2.0,0.0,1899.0,0.0,12,0,0,0,1,0,0,56.2231,13.15,99.65,0.0,968.0,0.0,4603.0
5252,83,96.0,0.0,0.0,1899.0,0.0,12,0,0,0,1,0,0,55.7808,12.8,99.3,0.0,968.0,0.0,4603.0
5253,83,96.0,0.0,0.0,1899.0,0.0,12,0,0,0,1,0,0,55.3385,12.45,98.95,0.0,968.0,0.0,4603.0
5254,83,96.0,0.0,0.0,1899.0,0.0,10,0,2,0,1,0,0,54.95,12.1,98.6,0.0,968.0,2.0,4605.0
5255,84,96.0,1.0,1.0,1900.0,0.0,10,1,1,0,1,0,0,54.5615,11.75,98.25,1.0,969.0,2.0,4607.0
5256,83,95.0,0.0,1.0,1901.0,0.0,10,1,1,0,1,0,0,54.1692,11.4,97.9,0.0,969.0,1.0,4608.0
5257,82,94.0,0.0,1.0,1902.0,0.0,10,1,1,0,1,0,0,53.7769,11.05,97.55,0.0,969.0,1.0,4609.0
5258,82,93.0,0.0,1.0,1903.0,0.0,11,1,0,0,1,0,0,53.3692,10.7,97.2,0.0,969.0,0.0,4609.0
5259,83,95.0,2.0,0.0,1903.0,0.0,12,0,0,0,1,0,0,52.9615,10.35,96.85,0.0,969.0,0.0,4609.0
5260,83,94.0,0.0,1.0,1904.0,0.0,11,1,0,0,1,0,0,52.5538,10.0,96.5,0.0,969.0,0.0,4609.0
5261,82,93.0,0.0,1.0,1905.0,0.0,11,1,0,0,1,0,0,52.1577,9.65,96.15,0.0,969.0,0.0,4609.0
5262,81,93.0,0.0,0.0,1905.0,0.0,12,0,0,0,1,0,0,51.7731,9.3,95.8,0.0,969.0,0.0,4609.0
5263,82,94.0,1.0,0.0,1905.0,0.0,12,0,0,0,1,0,0,51.3769,8.95,95.45,0.0,969.0,0.0,4609.0
5264,82,93.0,0.0,1.0,1906.0,0.0,9,1,2,0,1,0,0,51.0115,8.6,95.45,0.0,969.0,2.0,4611.0
5265,82,94.0,1.0,0.0,1906.0,0.0,12,0,0,0,1,0,0,50.6038,8.25,95.1,0.0,969.0,0.0,4611.0
5266,82,92.0,0.0,2.0,1908.0,0.0,9,2,1,0,1,0,0,50.2231,7.9,94.75,0.0,969.0,1.0,4612.0
5267,81,93.0,1.0,0.0,1908.0,0.0,10,0,2,0,1,0,0,49.9077,7.55,94.75,1.0,970.0,3.0,4615.0
5268,81,93.0,0.0,0.0,1908.0,0.0,10,0,2,0,1,0,0,49.6038,7.2,94.75,1.0,971.0,3.0,4618.0
5269,81,93.0,0.0,0.0,1908.0,0.0,10,0,2,0,1,0,0,49.2846,6.85,94.4,0.0,971.0,2.0,4620.0
5270,81,93.0,0.0,0.0,1908.0,0.0,11,0,1,1,0,0,0,48.9654,6.5,94.05,1.0,972.0,2.0,4622.0
5271,81,93.0,0.0,0.0,1908.0,0.0,11,0,1,1,0,0,0,49.3308,15.45,94.05,0.0,972.0,1.0,4623.0
5272,81,93.0,0.0,0.0,1908.0,0.0,11,0,0,1,1,0,0,49.6577,14.95,93.7,0.0,972.0,0.0,4623.0
5273,82,93.0,1.0,1.0,1909.0,0.0,10,1,0,1,1,0,0,49.9962,14.6,93.35,0.0,972.0,0.0,4623.0
5274,81,92.0,0.0,1.0,1910.0,0.0,10,1,0,1,1,0,0,50.3462,14.25,93.0,0.0,972.0,0.0,4623.0
5275,83,94.0,3.0,1.0,1911.0,0.0,9,1,1,1,1,0,0,50.7346,13.9,92.65,0.0,972.0,1.0,4624.0
5276,83,94.0,0.0,0.0,1911.0,0.0,8,0,3,1,1,0,0,51.1885,13.55,92.3,0.0,972.0,3.0,4627.0
5277,83,94.0,0.0,0.0,1911.0,0.0,10,0,1,1,1,0,0,51.5808,13.2,91.8,1.0,973.0,2.0,4629.0
5278,83,93.0,0.0,1.0,1912.0,0.0,10,1,0,1,1,0,0,51.8962,12.85,91.3,0.0,973.0,0.0,4629.0
5279,82,92.0,0.0,1.0,1913.0,0.0,10,1,0,1,1,0,0,52.2231,12.5,90.8,0.0,973.0,0.0,4629.0
5280,80,92.0,0.0,0.0,1913.0,0.0,12,0,0,0,1,0,0,52.5346,12.15,99.65,0.0,973.0,0.0,4629.0
5281,80,92.0,0.0,0.0,1913.0,0.0,12,0,0,0,1,0,0,52.1154,11.8,99.3,0.0,973.0,0.0,4629.0
5282,80,89.0,0.0,3.0,1916.0,0.0,9,3,0,0,1,0,0,51.6962,11.45,98.95,0.0,973.0,0.0,4629.0
5283,78,90.0,1.0,0.0,1916.0,0.0,10,0,2,0,1,0,0,51.3885,11.1,98.6,0.0,973.0,2.0,4631.0
5284,78,90.0,0.0,0.0,1916.0,0.0,11,0,1,0,1,0,0,51.0692,10.75,98.25,1.0,974.0,2.0,4633.0
5285,79,90.0,1.0,1.0,1917.0,0.0,10,1,0,0,2,0,0,50.6615,10.4,97.9,0.0,974.0,0.0,4633.0
5286,78,90.0,0.0,0.0,1917.0,0.0,11,0,0,0,2,0,0,50.2654,10.05,97.55,0.0,974.0,0.0,4633.0
5287,80,92.0,2.0,0.0,1917.0,0.0,9,0,2,0,2,0,0,49.9231,9.7,97.2,0.0,974.0,2.0,4635.0
5288,80,92.0,0.0,0.0,1917.0,0.0,10,0,1,0,2,0,0,49.6192,9.35,96.85,2.0,976.0,3.0,4638.0
5289,80,91.0,0.0,1.0,1918.0,0.0,10,1,0,0,2,0,0,49.2115,9.0,96.5,0.0,976.0,0.0,4638.0
5290,79,91.0,0.0,0.0,1918.0,0.0,10,0,0,0,3,0,0,48.8154,8.65,96.15,0.0,976.0,0.0,4638.0
5291,80,92.0,1.0,0.0,1918.0,0.0,10,0,0,0,3,0,0,48.4192,8.3,95.8,0.0,976.0,0.0,4638.0
5292,80,92.0,0.0,0.0,1918.0,0.0,10,0,0,0,3,0,0,48.0231,7.95,95.45,0.0,976.0,0.0,4638.0
5293,80,91.0,0.0,1.0,1919.0,0.0,8,1,1,0,3,0,0,47.6654,7.6,95.1,0.0,976.0,1.0,4639.0
5294,79,91.0,0.0,0.0,1919.0,0.0,10,0,0,1,2,0,0,47.2808,7.25,94.75,0.0,976.0,0.0,4639.0
5295,80,92.0,1.0,0.0,1919.0,0.0,10,0,0,1,2,0,0,47.625,11.35,94.4,0.0,976.0,0.0,4639.0
5296,80,92.0,0.0,0.0,1919.0,0.0,9,0,0,1,3,0,0,47.9692,11.0,94.05,0.0,976.0,0.0,4639.0
5297,80,91.0,0.0,1.0,1920.0,0.0,8,1,0,1,3,0,0,48.3135,10.65,93.7,0.0,976.0,0.0,4639.0
5298,80,91.0,0.0,0.0,1920.0,0.0,9,0,0,1,3,0,0,48.6692,10.3,93.35,0.0,976.0,0.0,4639.0
5299,82,93.0,2.0,0.0,1920.0,0.0,9,0,0,1,3,0,0,49.025,9.95,93.0,0.0,976.0,0.0,4639.0
5300,82,92.0,0.0,1.0,1921.0,0.0,8,1,0,1,3,0,0,49.3808,9.6,92.65,0.0,976.0,0.0,4639.0
5301,82,93.0,1.0,0.0,1921.0,0.0,6,0,3,1,3,0,0,49.8404,9.25,92.65,0.0,976.0,3.0,4642.0
5302,82,92.0,0.0,1.0,1922.0,0.0,8,1,0,1,3,0,0,50.1962,8.9,92.3,0.0,976.0,0.0,4642.0
5303,81,92.0,0.0,0.0,1922.0,0.0,8,0,2,1,2,0,0,50.6058,8.55,91.8,0.0,976.0,2.0,4644.0
5304,80,91.0,0.0,1.0,1923.0,0.0,8,1,3,0,1,0,0,51.0423,8.55,99.65,1.0,977.0,4.0,4648.0
5305,80,92.0,1.0,0.0,1923.0,0.0,10,0,0,1,2,0,0,50.6731,8.2,99.3,1.0,978.0,1.0,4649.0
5306,80,92.0,0.0,0.0,1923.0,0.0,10,0,0,1,2,0,0,51.01,9.35,98.95,0.0,978.0,0.0,4649.0
5307,81,93.0,1.0,0.0,1923.0,0.0,9,0,1,1,2,0,0,51.3738,9.0,98.6,0.0,978.0,1.0,4650.0
5308,81,93.0,0.0,0.0,1923.0,0.0,10,0,0,1,2,0,0,51.7108,8.65,98.25,0.0,978.0,0.0,4650.0
5309,81,92.0,0.0,1.0,1924.0,0.0,9,1,0,1,2,0,0,52.0362,8.3,97.9,0.0,978.0,0.0,4650.0
5310,81,92.0,0.0,0.0,1924.0,0.0,10,0,0,1,2,0,0,52.3731,7.95,97.55,0.0,978.0,0.0,4650.0
5311,82,93.0,1.0,0.0,1924.0,0.0,10,0,1,1,1,0,0,52.7369,7.95,97.2,0.0,978.0,1.0,4651.0
5312,82,92.0,0.0,1.0,1925.0,0.0,9,1,0,1,2,0,0,53.1008,7.95,96.85,1.0,979.0,1.0,4652.0
5313,81,92.0,0.0,0.0,1925.0,0.0,10,0,0,1,2,0,0,53.4492,7.6,96.5,0.0,979.0,0.0,4652.0
5314,81,92.0,0.0,0.0,1925.0,0.0,10,0,0,1,2,0,0,53.7977,7.25,96.15,0.0,979.0,0.0,4652.0
5315,84,95.0,3.0,0.0,1925.0,0.0,10,0,0,0,3,0,0,54.0962,6.9,99.65,0.0,979.0,0.0,4652.0
5316,84,95.0,0.0,0.0,1925.0,0.0,10,0,0,1,2,0,0,53.6885,6.55,99.3,0.0,979.0,0.0,4652.0
5317,84,94.0,0.0,1.0,1926.0,0.0,9,1,0,1,2,0,0,54.0265,8.0,98.95,0.0,979.0,0.0,4652.0
5318,83,93.0,0.0,1.0,1927.0,0.0,9,1,0,1,2,0,0,54.3762,7.65,98.6,0.0,979.0,0.0,4652.0
5319,83,93.0,0.0,0.0,1927.0,0.0,10,0,0,1,2,0,0,54.7258,7.3,98.25,0.0,979.0,0.0,4652.0
5320,83,93.0,0.0,0.0,1927.0,0.0,9,0,1,1,2,0,0,55.1138,6.95,97.9,0.0,979.0,1.0,4653.0
5321,83,93.0,0.0,0.0,1927.0,0.0,10,0,0,1,2,0,0,55.4519,6.6,97.55,0.0,979.0,0.0,4653.0
5322,83,92.0,0.0,1.0,1928.0,0.0,9,1,0,1,2,0,0,55.79,6.25,97.2,0.0,979.0,0.0,4653.0
5323,84,93.0,2.0,1.0,1929.0,0.0,9,1,0,1,2,0,0,56.1281,5.9,96.85,0.0,979.0,0.0,4653.0
5324,83,92.0,0.0,1.0,1930.0,0.0,9,1,0,2,1,0,0,56.4777,5.55,96.5,0.0,979.0,0.0,4653.0
5325,83,92.0,1.0,1.0,1931.0,0.0,9,1,0,2,1,0,0,57.5923,11.1,96.15,0.0,979.0,0.0,4653.0
5326,81,92.0,0.0,0.0,1931.0,0.0,11,0,0,1,1,0,0,58.6915,10.75,99.65,0.0,979.0,0.0,4653.0
5327,81,92.0,0.0,0.0,1931.0,0.0,11,0,0,1,1,0,0,59.0488,10.4,99.3,0.0,979.0,0.0,4653.0
5328,81,91.0,0.0,1.0,1932.0,0.0,10,1,0,1,1,0,0,59.4062,10.05,98.95,0.0,979.0,0.0,4653.0
5329,81,92.0,1.0,0.0,1932.0,0.0,11,0,0,1,1,0,0,59.775,9.7,98.6,0.0,979.0,0.0,4653.0
5330,81,92.0,0.0,0.0,1932.0,0.0,11,0,0,1,1,0,0,60.1438,9.35,98.25,0.0,979.0,0.0,4653.0
5331,82,93.0,1.0,0.0,1932.0,0.0,11,0,0,1,1,0,0,60.5127,9.0,97.9,0.0,979.0,0.0,4653.0
5332,82,93.0,0.0,0.0,1932.0,0.0,11,0,0,1,1,0,0,60.8815,8.65,97.55,0.0,979.0,0.0,4653.0
5333,82,93.0,0.0,0.0,1932.0,0.0,11,0,0,1,1,0,0,61.2504,8.3,97.2,0.0,979.0,0.0,4653.0
5334,81,92.0,0.0,1.0,1933.0,0.0,11,1,0,0,1,0,0,61.5923,7.95,99.65,0.0,979.0,0.0,4653.0
5335,82,94.0,2.0,0.0,1933.0,0.0,12,0,0,0,1,0,0,61.2077,7.6,99.3,0.0,979.0,0.0,4653.0
5336,82,94.0,0.0,0.0,1933.0,0.0,12,0,0,0,1,0,0,60.8231,7.25,98.95,0.0,979.0,0.0,4653.0
5337,82,93.0,0.0,1.0,1934.0,0.0,11,1,0,0,1,0,0,60.4269,6.9,98.6,0.0,979.0,0.0,4653.0
5338,81,93.0,0.0,0.0,1934.0,0.0,12,0,0,0,1,0,0,60.0423,6.55,98.25,0.0,979.0,0.0,4653.0
5339,82,94.0,1.0,0.0,1934.0,0.0,12,0,0,0,1,0,0,59.6462,6.2,97.9,0.0,979.0,0.0,4653.0
5340,82,94.0,0.0,0.0,1934.0,0.0,12,0,0,0,1,0,0,59.25,5.85,97.55,0.0,979.0,0.0,4653.0
5341,82,94.0,0.0,0.0,1934.0,0.0,12,0,0,0,1,0,0,58.8538,5.5,97.2,0.0,979.0,0.0,4653.0
5342,82,93.0,0.0,1.0,1935.0,0.0,11,1,0,0,1,0,0,58.4462,5.15,96.85,0.0,979.0,0.0,4653.0
5343,82,94.0,1.0,0.0,1935.0,0.0,12,0,0,1,0,0,0,58.05,4.8,96.5,0.0,979.0,0.0,4653.0
5344,82,93.0,0.0,1.0,1936.0,0.0,11,1,0,1,0,0,0,58.4131,14.32,96.15,0.0,979.0,0.0,4653.0
5345,82,94.0,1.0,0.0,1936.0,0.0,12,0,0,1,0,0,0,58.7877,23.84,95.8,0.0,979.0,0.0,4653.0
5346,82,94.0,0.0,0.0,1936.0,0.0,12,0,0,1,0,0,0,59.1623,28.45,95.45,0.0,979.0,0.0,4653.0
5347,84,96.0,2.0,0.0,1936.0,0.0,12,0,0,1,0,0,0,59.5138,28.1,95.1,0.0,979.0,0.0,4653.0
5348,84,95.0,0.0,1.0,1937.0,0.0,10,1,1,1,0,0,0,59.8923,28.1,94.75,0.0,979.0,1.0,4654.0
5349,83,94.0,0.0,1.0,1938.0,0.0,11,1,0,1,0,0,0,60.2554,27.75,94.4,0.0,979.0,0.0,4654.0
5350,82,94.0,0.0,0.0,1938.0,0.0,9,0,3,1,0,0,0,60.6877,27.75,94.05,0.0,979.0,3.0,4657.0
5351,82,94.0,0.0,0.0,1938.0,0.0,11,0,1,1,0,0,0,61.1085,27.75,93.7,2.0,981.0,3.0,4660.0
5352,82,94.0,0.0,0.0,1938.0,0.0,12,0,0,1,0,0,0,61.4485,27.4,93.35,0.0,981.0,0.0,4660.0
5353,81,94.0,0.0,0.0,1938.0,0.0,12,0,1,0,0,0,0,61.7885,27.05,99.65,0.0,981.0,1.0,4661.0
5354,81,93.0,0.0,1.0,1939.0,0.0,12,1,0,0,0,0,0,61.3692,26.7,99.3,0.0,981.0,0.0,4661.0
5355,82,94.0,2.0,1.0,1940.0,0.0,12,1,0,0,0,0,0,60.9615,26.35,98.95,0.0,981.0,0.0,4661.0
5356,81,94.0,0.0,0.0,1940.0,0.0,11,0,2,0,0,0,0,60.6192,26.35,98.6,0.0,981.0,2.0,4663.0
5357,82,94.0,1.0,1.0,1941.0,0.0,11,1,1,0,0,0,0,60.2769,26.35,98.25,1.0,982.0,2.0,4665.0
5358,81,94.0,0.0,0.0,1941.0,0.0,13,0,0,0,0,0,0,59.8808,26.0,97.9,0.0,982.0,0.0,4665.0
5359,82,94.0,1.0,1.0,1942.0,0.0,12,1,0,0,0,0,0,59.4846,25.5,97.55,0.0,982.0,0.0,4665.0
5360,81,94.0,0.0,0.0,1942.0,0.0,13,0,0,0,0,0,0,59.0885,25.0,97.2,0.0,982.0,0.0,4665.0
5361,81,94.0,0.0,0.0,1942.0,0.0,12,0,1,0,0,0,0,58.7192,24.5,96.85,0.0,982.0,1.0,4666.0
5362,81,92.0,0.0,2.0,1944.0,0.0,9,2,2,0,0,0,0,58.3769,24.0,96.5,0.0,982.0,2.0,4668.0
5363,80,93.0,1.0,0.0,1944.0,0.0,12,0,1,0,0,0,0,58.0577,23.65,96.15,1.0,983.0,2.0,4670.0
5364,80,92.0,0.0,1.0,1945.0,0.0,12,1,0,0,0,0,0,57.6846,23.3,95.8,0.0,983.0,0.0,4670.0
5365,80,93.0,1.0,0.0,1945.0,0.0,13,0,0,0,0,0,0,57.3231,22.95,95.45,0.0,983.0,0.0,4670.0
5366,80,93.0,0.0,0.0,1945.0,0.0,12,0,1,0,0,0,0,56.9885,22.6,95.1,0.0,983.0,1.0,4671.0
5367,80,93.0,0.0,0.0,1945.0,0.0,12,0,1,0,0,0,0,56.6654,22.25,94.75,0.0,983.0,1.0,4672.0
5368,80,93.0,0.0,0.0,1945.0,0.0,11,0,2,0,0,0,0,56.3962,21.9,94.4,1.0,984.0,3.0,4675.0
5369,80,93.0,0.0,0.0,1945.0,0.0,13,0,0,0,0,0,0,56.0231,21.55,94.05,0.0,984.0,0.0,4675.0
5370,80,93.0,0.0,0.0,1945.0,0.0,11,0,2,0,0,0,0,55.7423,21.2,93.7,0.0,984.0,2.0,4677.0
5371,83,96.0,3.0,0.0,1945.0,0.0,12,0,1,0,0,0,0,55.4231,20.85,93.35,1.0,985.0,2.0,4679.0
5372,83,96.0,0.0,0.0,1945.0,0.0,11,0,2,0,0,0,0,55.1038,20.5,93.35,0.0,985.0,2.0,4681.0
5373,83,96.0,0.0,0.0,1945.0,0.0,10,0,3,0,0,0,0,54.8538,20.15,93.35,1.0,986.0,4.0,4685.0
5374,83,96.0,0.0,0.0,1945.0,0.0,13,0,0,0,0,0,0,54.4731,19.8,93.0,1.0,987.0,1.0,4686.0
5375,84,97.0,1.0,0.0,1945.0,0.0,11,0,2,0,0,0,0,54.1192,19.45,92.65,0.0,987.0,2.0,4688.0
5376,84,97.0,0.0,0.0,1945.0,0.0,13,0,0,0,0,0,0,53.6885,18.95,92.3,0.0,987.0,0.0,4688.0
5377,84,97.0,0.0,0.0,1945.0,0.0,13,0,0,0,0,0,0,53.2577,18.45,91.95,0.0,987.0,0.0,4688.0
5378,84,96.0,0.0,1.0,1946.0,0.0,11,1,1,0,0,0,0,52.8423,17.95,91.6,0.0,987.0,1.0,4689.0
5379,84,97.0,1.0,0.0,1946.0,0.0,13,0,0,0,0,0,0,52.3885,17.45,91.25,0.0,987.0,0.0,4689.0
5380,84,96.0,0.0,1.0,1947.0,0.0,12,1,0,0,0,0,0,51.9346,16.95,90.9,0.0,987.0,0.0,4689.0
5381,83,96.0,0.0,0.0,1947.0,0.0,10,0,3,0,0,0,0,51.5846,16.45,90.9,0.0,987.0,3.0,4692.0
5382,83,96.0,0.0,0.0,1947.0,0.0,12,0,1,0,0,0,0,51.1577,15.95,90.55,0.0,987.0,1.0,4693.0
5383,84,96.0,1.0,1.0,1948.0,0.0,12,1,0,0,0,0,0,50.6808,15.45,90.2,0.0,987.0,0.0,4693.0
5384,84,95.0,0.0,1.0,1949.0,0.0,9,2,1,0,1,0,0,50.2692,14.95,90.2,0.0,987.0,1.0,4694.0
5385,85,97.0,2.0,0.0,1949.0,0.0,10,1,2,0,0,0,0,49.9462,14.95,90.2,1.0,988.0,3.0,4697.0
5386,85,95.0,0.0,2.0,1951.0,0.0,9,3,1,0,0,0,0,49.5462,14.95,89.7,0.0,988.0,1.0,4698.0
5387,85,96.0,1.0,0.0,1951.0,0.0,11,1,0,0,1,0,0,49.1308,14.6,89.2,0.0,988.0,0.0,4698.0
5388,85,95.0,0.0,1.0,1952.0,0.0,10,2,0,0,1,0,0,48.7038,14.25,88.7,0.0,988.0,0.0,4698.0
5389,83,93.0,0.0,2.0,1954.0,0.0,10,2,0,0,1,0,0,48.25,13.9,88.2,0.0,988.0,0.0,4698.0
5390,81,92.0,0.0,1.0,1955.0,0.0,11,1,0,0,1,0,0,47.8192,13.55,87.7,0.0,988.0,0.0,4698.0
5391,80,91.0,0.0,1.0,1956.0,0.0,10,1,0,0,2,0,0,47.4,13.2,87.2,0.0,988.0,0.0,4698.0
5392,80,91.0,0.0,0.0,1956.0,0.0,10,0,1,0,2,0,0,47.0192,12.85,86.7,0.0,988.0,1.0,4699.0
5393,80,91.0,0.0,0.0,1956.0,0.0,11,0,0,0,2,0,0,46.6,12.5,86.2,0.0,988.0,0.0,4699.0
5394,80,91.0,0.0,0.0,1956.0,0.0,11,0,0,0,2,0,0,46.1808,12.15,85.7,0.0,988.0,0.0,4699.0
5395,83,94.0,3.0,0.0,1956.0,0.0,11,0,0,0,2,0,0,45.75,11.8,85.2,0.0,988.0,0.0,4699.0
5396,83,94.0,0.0,0.0,1956.0,0.0,10,0,1,0,2,0,0,45.3577,11.45,84.7,0.0,988.0,1.0,4700.0
5397,83,92.0,0.0,2.0,1958.0,0.0,6,2,3,0,2,0,0,45.0192,11.1,84.2,0.0,988.0,3.0,4703.0
5398,82,91.0,0.0,1.0,1959.0,0.0,9,2,0,0,2,0,0,44.6385,10.75,83.85,0.0,988.0,0.0,4703.0
5399,82,92.0,1.0,0.0,1959.0,0.0,10,1,0,0,2,0,0,44.2692,10.4,83.5,0.0,988.0,0.0,4703.0
5400,82,92.0,0.0,0.0,1959.0,0.0,9,1,1,0,2,0,0,43.9269,10.05,83.5,0.0,988.0,1.0,4704.0
5401,82,91.0,0.0,1.0,1960.0,0.0,5,2,3,0,3,0,0,43.6385,9.7,83.5,0.0,988.0,3.0,4707.0
5402,82,91.0,0.0,0.0,1960.0,0.0,8,1,1,0,3,0,0,43.3462,9.35,83.5,1.0,989.0,2.0,4709.0
5403,83,92.0,1.0,0.0,1960.0,0.0,9,1,0,0,3,0,0,43.0,9.0,83.15,0.0,989.0,0.0,4709.0
5404,83,92.0,0.0,0.0,1960.0,0.0,9,1,0,1,2,0,0,42.6538,8.65,82.8,0.0,989.0,0.0,4709.0
5405,84,93.0,1.0,0.0,1960.0,0.0,8,1,1,1,2,0,0,43.0642,9.95,82.45,0.0,989.0,1.0,4710.0
5406,84,91.0,0.0,2.0,1962.0,0.0,7,3,0,1,2,0,0,43.4477,9.6,82.1,0.0,989.0,0.0,4710.0
5407,82,92.0,1.0,0.0,1962.0,0.0,9,0,1,1,2,0,0,43.8542,9.25,82.1,0.0,989.0,1.0,4711.0
5408,82,92.0,0.0,0.0,1962.0,0.0,9,0,1,1,2,0,0,44.2877,8.9,82.1,1.0,990.0,2.0,4713.0
5409,82,92.0,0.0,0.0,1962.0,0.0,10,0,0,1,2,0,0,44.6673,8.55,81.75,0.0,990.0,0.0,4713.0
5410,82,92.0,0.0,0.0,1962.0,0.0,9,0,1,1,2,0,0,45.0738,8.2,81.4,0.0,990.0,1.0,4714.0
5411,83,93.0,1.0,0.0,1962.0,0.0,10,0,0,2,1,0,0,45.4535,7.85,81.05,0.0,990.0,0.0,4714.0
5412,83,93.0,0.0,0.0,1962.0,0.0,9,0,1,2,1,0,0,46.5842,10.95,81.73,0.0,990.0,1.0,4715.0
5413,84,94.0,1.0,0.0,1962.0,0.0,10,0,0,2,1,0,0,47.6765,10.6,90.865,0.0,990.0,0.0,4715.0
5414,83,94.0,0.0,0.0,1962.0,0.0,11,0,0,1,1,0,0,48.7419,10.25,99.65,0.0,990.0,0.0,4715.0
5415,84,95.0,1.0,0.0,1962.0,0.0,8,0,3,1,1,0,0,49.1854,9.9,99.3,0.0,990.0,3.0,4718.0
5416,84,95.0,0.0,0.0,1962.0,0.0,8,0,3,2,0,0,0,49.6827,9.55,98.95,2.0,992.0,5.0,4723.0
5417,84,95.0,0.0,0.0,1962.0,0.0,10,0,1,2,0,0,0,50.8104,18.35,98.6,1.0,993.0,2.0,4725.0
5418,84,94.0,0.0,1.0,1963.0,0.0,9,1,1,2,0,0,0,51.9381,18.0,98.25,0.0,993.0,1.0,4726.0
5419,85,96.0,2.0,0.0,1963.0,0.0,8,0,3,2,0,0,0,53.185,18.0,97.9,1.0,994.0,4.0,4730.0
5420,85,96.0,0.0,0.0,1963.0,0.0,10,0,1,2,0,0,0,54.405,18.0,97.55,2.0,996.0,3.0,4733.0
5421,84,96.0,0.0,0.0,1963.0,0.0,12,0,0,1,0,0,0,55.5327,17.65,99.65,0.0,996.0,0.0,4733.0
5422,84,96.0,0.0,0.0,1963.0,0.0,11,0,1,1,0,0,0,55.9785,17.65,99.3,0.0,996.0,1.0,4734.0
5423,84,96.0,0.0,0.0,1963.0,0.0,11,0,1,1,0,0,0,56.4242,17.3,98.95,0.0,996.0,1.0,4735.0
5424,84,96.0,0.0,0.0,1963.0,0.0,11,0,1,1,0,0,0,56.8315,17.3,98.6,1.0,997.0,2.0,4737.0
5425,85,97.0,1.0,0.0,1963.0,0.0,12,0,0,1,0,0,0,57.1465,16.95,98.25,0.0,997.0,0.0,4737.0
5426,84,96.0,0.0,1.0,1964.0,0.0,10,1,2,0,0,0,0,57.5,16.6,99.65,0.0,997.0,2.0,4739.0
5427,85,97.0,2.0,1.0,1965.0,0.0,11,1,1,0,0,0,0,57.1577,16.25,99.3,1.0,998.0,2.0,4741.0
5428,84,97.0,0.0,0.0,1965.0,0.0,13,0,0,0,0,0,0,56.7615,15.9,98.95,0.0,998.0,0.0,4741.0
5429,84,96.0,0.0,1.0,1966.0,0.0,11,1,1,0,0,0,0,56.3692,15.55,98.6,0.0,998.0,1.0,4742.0
5430,83,96.0,0.0,0.0,1966.0,0.0,11,0,2,0,0,0,0,56.0269,15.2,98.25,0.0,998.0,2.0,4744.0
5431,84,97.0,1.0,0.0,1966.0,0.0,8,0,4,0,1,0,0,55.7269,14.9,97.9,0.0,998.0,4.0,4748.0
5432,84,97.0,0.0,0.0,1966.0,0.0,9,0,3,0,1,0,0,55.4654,14.55,97.55,2.0,1000.0,5.0,4753.0
5433,84,97.0,0.0,0.0,1966.0,0.0,11,0,1,0,1,0,0,55.1115,14.2,97.2,1.0,1001.0,2.0,4755.0
5434,84,97.0,0.0,0.0,1966.0,0.0,10,0,1,0,2,0,0,54.7692,13.85,96.85,1.0,1002.0,2.0,4757.0
5435,86,99.0,2.0,0.0,1966.0,0.0,11,0,0,0,2,0,0,54.3615,13.5,96.5,0.0,1002.0,0.0,4757.0
5436,86,98.0,0.0,1.0,1967.0,0.0,9,1,1,0,2,0,0,53.9923,13.15,96.15,0.0,1002.0,1.0,4758.0
5437,86,98.0,0.0,0.0,1967.0,0.0,11,0,0,0,2,0,0,53.5846,12.8,95.8,0.0,1002.0,0.0,4758.0
5438,86,98.0,0.0,0.0,1967.0,0.0,11,0,0,0,2,0,0,53.1769,12.45,95.45,0.0,1002.0,0.0,4758.0
5439,86,96.0,0.0,2.0,1969.0,0.0,9,2,0,0,2,0,0,52.7692,12.1,95.1,0.0,1002.0,0.0,4758.0
5440,85,96.0,0.0,0.0,1969.0,0.0,11,0,0,0,2,0,0,52.3846,11.75,94.75,0.0,1002.0,0.0,4758.0
5441,86,97.0,1.0,0.0,1969.0,0.0,11,0,0,0,2,0,0,51.9885,11.4,94.4,0.0,1002.0,0.0,4758.0
5442,86,96.0,0.0,1.0,1970.0,0.0,10,1,0,0,2,0,0,51.5923,11.05,94.05,0.0,1002.0,0.0,4758.0
5443,87,97.0,2.0,1.0,1971.0,0.0,10,1,0,0,2,0,0,51.2077,10.7,93.7,0.0,1002.0,0.0,4758.0
5444,86,97.0,0.0,0.0,1971.0,0.0,11,0,0,0,2,0,0,50.8346,10.35,93.35,0.0,1002.0,0.0,4758.0
5445,87,98.0,1.0,0.0,1971.0,0.0,9,0,2,0,2,0,0,50.5269,10.0,93.0,0.0,1002.0,2.0,4760.0
5446,87,98.0,0.0,0.0,1971.0,0.0,10,0,1,0,2,0,0,50.2192,9.65,92.65,1.0,1003.0,2.0,4762.0
5447,87,98.0,0.0,0.0,1971.0,0.0,11,0,0,0,2,0,0,49.8462,9.3,92.3,0.0,1003.0,0.0,4762.0
5448,87,98.0,0.0,0.0,1971.0,0.0,10,0,1,0,2,0,0,49.5115,8.95,91.95,0.0,1003.0,1.0,4763.0
5449,87,98.0,0.0,0.0,1971.0,0.0,9,0,2,0,2,0,0,49.1923,8.6,91.6,0.0,1003.0,2.0,4765.0
5450,87,98.0,0.0,0.0,1971.0,0.0,7,0,4,0,2,0,0,48.9538,8.25,91.6,1.0,1004.0,5.0,4770.0
5451,88,98.0,1.0,1.0,1972.0,0.0,9,1,1,2,0,0,0,48.6115,7.9,91.25,1.0,1005.0,2.0,4772.0
5452,87,98.0,0.0,0.0,1972.0,0.0,10,0,1,2,0,0,0,49.7196,15.85,91.25,0.0,1005.0,1.0,4773.0
5453,87,98.0,0.0,0.0,1972.0,0.0,11,0,0,2,0,0,0,50.7892,15.35,90.9,0.0,1005.0,0.0,4773.0
5454,87,98.0,0.0,0.0,1972.0,0.0,10,0,0,2,1,0,0,51.8588,14.85,90.55,0.0,1005.0,0.0,4773.0
5455,90,101.0,3.0,0.0,1972.0,0.0,10,0,0,2,1,0,0,52.94,14.5,90.2,0.0,1005.0,0.0,4773.0
5456,90,101.0,0.0,0.0,1972.0,0.0,10,0,0,2,1,0,0,54.0096,14.15,89.85,0.0,1005.0,0.0,4773.0
5457,90,101.0,0.0,0.0,1972.0,0.0,10,0,0,2,1,0,0,55.0677,13.8,89.5,0.0,1005.0,0.0,4773.0
5458,90,101.0,0.0,0.0,1972.0,0.0,9,0,1,2,1,0,0,56.1412,13.45,89.15,0.0,1005.0,1.0,4774.0
5459,91,101.0,1.0,1.0,1973.0,0.0,8,1,1,2,1,0,0,57.2146,13.1,88.8,0.0,1005.0,1.0,4775.0
5460,90,101.0,0.0,0.0,1973.0,0.0,9,0,1,2,1,0,0,58.3381,12.75,90.855,1.0,1006.0,2.0,4777.0
5461,89,100.0,0.0,1.0,1974.0,0.0,11,1,0,0,1,0,0,59.3308,12.4,99.65,0.0,1006.0,0.0,4777.0
5462,88,99.0,0.0,1.0,1975.0,0.0,11,1,0,0,1,0,0,58.9115,12.05,99.3,0.0,1006.0,0.0,4777.0
5463,87,99.0,0.0,0.0,1975.0,0.0,10,0,2,0,1,0,0,58.5462,11.7,99.3,0.0,1006.0,2.0,4779.0
5464,87,98.0,0.0,1.0,1976.0,0.0,11,1,0,0,1,0,0,58.1038,11.35,98.95,0.0,1006.0,0.0,4779.0
5465,87,98.0,1.0,1.0,1977.0,0.0,11,1,0,0,1,0,0,57.6731,11.0,98.6,0.0,1006.0,0.0,4779.0
5466,86,98.0,0.0,0.0,1977.0,0.0,10,0,2,0,1,0,0,57.3077,10.65,98.25,0.0,1006.0,2.0,4781.0
5467,88,100.0,2.0,0.0,1977.0,0.0,10,0,3,0,0,0,0,56.9962,10.65,97.9,1.0,1007.0,4.0,4785.0
5468,88,99.0,0.0,1.0,1978.0,0.0,11,1,1,0,0,0,0,56.6308,10.65,97.9,1.0,1008.0,2.0,4787.0
5469,88,99.0,1.0,1.0,1979.0,0.0,10,1,1,0,1,0,0,56.2769,10.3,97.55,0.0,1008.0,1.0,4788.0
5470,87,99.0,0.0,0.0,1979.0,0.0,10,0,2,0,1,0,0,56.0,9.95,97.2,1.0,1009.0,3.0,4791.0
5471,87,99.0,0.0,0.0,1979.0,0.0,8,0,4,0,1,0,0,55.7346,9.6,96.85,0.0,1009.0,4.0,4795.0
5472,87,99.0,0.0,0.0,1979.0,0.0,9,0,3,0,1,0,0,55.4962,9.25,96.5,2.0,1011.0,5.0,4800.0
5473,87,99.0,0.0,0.0,1979.0,0.0,11,0,1,0,1,0,0,55.1654,8.9,96.15,1.0,1012.0,2.0,4802.0
5474,87,99.0,0.0,0.0,1979.0,0.0,12,0,0,0,1,0,0,54.7962,8.55,95.8,0.0,1012.0,0.0,4802.0
5475,89,101.0,2.0,0.0,1979.0,0.0,11,0,1,0,1,0,0,54.4923,8.2,95.45,0.0,1012.0,1.0,4803.0
5476,89,101.0,0.0,0.0,1979.0,0.0,12,0,0,1,0,0,0,54.0846,7.85,94.95,0.0,1012.0,0.0,4803.0
5477,89,100.0,0.0,1.0,1980.0,0.0,11,1,0,1,0,0,0,54.4127,17.065,94.45,0.0,1012.0,0.0,4803.0
5478,88,100.0,0.0,0.0,1980.0,0.0,12,0,0,1,0,0,0,54.7523,17.45,94.05,0.0,1012.0,0.0,4803.0
5479,89,101.0,1.0,0.0,1980.0,0.0,11,0,1,1,0,0,0,55.1073,16.95,93.7,0.0,1012.0,1.0,4804.0
5480,89,100.0,0.0,1.0,1981.0,0.0,11,1,0,1,0,0,0,55.4354,16.45,93.35,0.0,1012.0,0.0,4804.0
5481,88,100.0,0.0,0.0,1981.0,0.0,12,0,0,1,0,0,0,55.7635,15.95,93.0,0.0,1012.0,0.0,4804.0
5482,88,100.0,0.0,0.0,1981.0,0.0,12,0,0,1,0,0,0,56.08,15.45,92.5,0.0,1012.0,0.0,4804.0
5483,90,101.0,2.0,1.0,1982.0,0.0,10,1,0,1,1,0,0,56.385,14.95,92.0,0.0,1012.0,0.0,4804.0
5484,89,101.0,0.0,0.0,1982.0,0.0,11,0,0,1,1,0,0,56.7131,14.6,91.5,0.0,1012.0,0.0,4804.0
5485,90,100.0,1.0,2.0,1984.0,0.0,9,2,0,1,1,0,0,57.0296,14.25,91.0,0.0,1012.0,0.0,4804.0
5486,88,100.0,0.0,0.0,1984.0,0.0,12,0,0,0,1,0,0,57.3192,13.9,99.65,0.0,1012.0,0.0,4804.0
5487,88,99.0,0.0,1.0,1985.0,0.0,11,1,0,0,1,0,0,56.9,13.55,99.3,0.0,1012.0,0.0,4804.0
5488,87,99.0,0.0,0.0,1985.0,0.0,12,0,0,0,1,0,0,56.4923,13.2,98.95,0.0,1012.0,0.0,4804.0
5489,87,98.0,0.0,1.0,1986.0,0.0,9,1,2,0,1,0,0,56.1385,12.85,98.6,0.0,1012.0,2.0,4806.0
5490,86,98.0,0.0,0.0,1986.0,0.0,11,0,1,0,1,0,0,55.7731,12.5,98.25,1.0,1013.0,2.0,4808.0
5491,88,98.0,2.0,2.0,1988.0,0.0,10,2,0,0,1,0,0,55.3538,12.15,97.9,0.0,1013.0,0.0,4808.0
5492,86,97.0,0.0,1.0,1989.0,0.0,11,1,0,0,1,0,0,54.9577,11.8,97.55,0.0,1013.0,0.0,4808.0
5493,85,97.0,0.0,0.0,1989.0,0.0,11,0,1,0,1,0,0,54.6115,11.45,97.2,0.0,1013.0,1.0,4809.0
5494,85,97.0,0.0,0.0,1989.0,0.0,12,0,0,0,1,0,0,54.2269,11.1,96.85,0.0,1013.0,0.0,4809.0
5495,86,98.0,1.0,0.0,1989.0,0.0,11,0,1,0,1,0,0,53.8808,10.75,96.5,0.0,1013.0,1.0,4810.0
5496,86,98.0,0.0,0.0,1989.0,0.0,8,0,3,0,2,0,0,53.6269,10.4,96.15,1.0,1014.0,4.0,4814.0
5497,87,99.0,1.0,0.0,1989.0,0.0,10,0,1,0,2,0,0,53.2962,10.05,95.8,1.0,1015.0,2.0,4816.0
5498,87,99.0,0.0,0.0,1989.0,0.0,11,0,0,0,2,0,0,52.9385,9.7,95.45,1.0,1016.0,1.0,4817.0
5499,88,99.0,1.0,1.0,1990.0,0.0,9,1,1,0,2,0,0,52.5692,9.35,95.1,0.0,1016.0,1.0,4818.0
5500,87,98.0,0.0,1.0,1991.0,0.0,10,1,0,0,2,0,0,52.1846,9.0,94.75,0.0,1016.0,0.0,4818.0
5501,86,98.0,0.0,0.0,1991.0,0.0,11,0,1,0,1,0,0,51.8154,8.65,94.4,0.0,1016.0,1.0,4819.0
5502,86,98.0,0.0,0.0,1991.0,0.0,9,0,3,0,1,0,0,51.5,8.3,94.4,0.0,1016.0,3.0,4822.0
5503,87,99.0,1.0,0.0,1991.0,0.0,11,0,1,0,1,0,0,51.1346,7.95,94.4,1.0,1017.0,2.0,4824.0
5504,87,99.0,0.0,0.0,1991.0,0.0,11,0,0,0,2,0,0,50.7154,7.6,94.05,0.0,1017.0,0.0,4824.0
5505,88,99.0,1.0,1.0,1992.0,0.0,10,1,0,1,1,0,0,50.3231,7.25,94.05,0.0,1017.0,0.0,4824.0
5506,87,99.0,0.0,0.0,1992.0,0.0,11,0,0,1,1,0,0,50.6558,12.3,93.7,0.0,1017.0,0.0,4824.0
5507,88,99.0,1.0,1.0,1993.0,0.0,10,1,0,1,1,0,0,50.9885,11.95,93.35,0.0,1017.0,0.0,4824.0
5508,87,99.0,0.0,0.0,1993.0,0.0,11,0,0,1,1,0,0,51.3327,11.6,93.0,0.0,1017.0,0.0,4824.0
5509,87,98.0,0.0,1.0,1994.0,0.0,9,1,1,1,1,0,0,51.7154,11.25,92.65,0.0,1017.0,1.0,4825.0
5510,87,98.0,0.0,0.0,1994.0,0.0,11,0,0,1,1,0,0,52.0596,10.9,92.15,0.0,1017.0,0.0,4825.0
5511,88,97.0,1.0,2.0,1996.0,0.0,8,2,1,1,1,0,0,52.4308,10.55,91.65,0.0,1017.0,1.0,4826.0
5512,87,97.0,0.0,0.0,1996.0,0.0,9,1,1,1,1,0,0,52.8673,10.2,91.15,1.0,1018.0,2.0,4828.0
5513,87,97.0,0.0,0.0,1996.0,0.0,10,1,0,1,1,0,0,53.2385,9.85,90.65,0.0,1018.0,0.0,4828.0
5514,87,97.0,0.0,0.0,1996.0,0.0,7,1,3,1,1,0,0,53.7135,9.5,90.725,0.0,1018.0,3.0,4831.0
5515,88,100.0,3.0,0.0,1996.0,0.0,11,0,1,0,1,0,0,54.0962,9.15,99.65,1.0,1019.0,2.0,4833.0
5516,88,100.0,0.0,0.0,1996.0,0.0,11,0,1,0,1,0,0,53.7154,8.8,99.3,0.0,1019.0,1.0,4834.0
5517,88,100.0,0.0,0.0,1996.0,0.0,9,0,3,0,1,0,0,53.4115,8.45,98.95,0.0,1019.0,3.0,4837.0
5518,88,100.0,0.0,0.0,1996.0,0.0,11,0,1,1,0,0,0,53.1077,8.1,98.6,2.0,1021.0,3.0,4840.0
5519,88,100.0,0.0,0.0,1996.0,0.0,11,0,1,1,0,0,0,53.4492,17.29,98.25,0.0,1021.0,1.0,4841.0
5520,88,100.0,0.0,0.0,1996.0,0.0,9,0,3,1,0,0,0,53.8677,19.35,97.9,0.0,1021.0,3.0,4844.0
5521,88,100.0,0.0,0.0,1996.0,0.0,11,0,1,1,0,0,0,54.2477,19.35,97.55,1.0,1022.0,2.0,4846.0
5522,88,99.0,0.0,1.0,1997.0,0.0,11,1,0,1,0,0,0,54.5623,19.0,97.2,0.0,1022.0,0.0,4846.0
5523,88,100.0,1.0,0.0,1997.0,0.0,12,0,0,1,0,0,0,54.8769,18.65,96.85,0.0,1022.0,0.0,4846.0
5524,88,99.0,0.0,1.0,1998.0,0.0,11,1,0,1,0,0,0,55.1915,18.3,96.5,0.0,1022.0,0.0,4846.0
5525,89,101.0,2.0,0.0,1998.0,0.0,12,0,0,1,0,0,0,55.5177,17.95,96.15,0.0,1022.0,0.0,4846.0
5526,89,100.0,0.0,1.0,1999.0,0.0,11,1,0,1,0,0,0,55.8323,17.6,95.8,0.0,1022.0,0.0,4846.0
5527,89,101.0,1.0,0.0,1999.0,0.0,12,0,0,1,0,0,0,56.1585,17.25,95.45,0.0,1022.0,0.0,4846.0
5528,88,99.0,0.0,2.0,2001.0,0.0,11,2,0,0,0,0,0,56.4577,16.9,99.65,0.0,1022.0,0.0,4846.0
