run_id,tick,event_type,robot_id,task_id,details
20260903_111731_35c32a,3,task_created,,G00001,type=PUTAWAY pickup=BUFFER dropoff=F-01
20260903_111731_35c32a,3,task_assigned,R1,G00001,
20260903_111731_35c32a,5,task_created,,G00002,type=PICK pickup=C-02 dropoff=PICK-3
20260903_111731_35c32a,5,task_assigned,R2,G00002,
20260903_111731_35c32a,7,task_created,,G00003,type=PACK pickup=PICK-1 dropoff=PACK-1
20260903_111731_35c32a,7,task_assigned,R5,G00003,
20260903_111731_35c32a,9,task_created,,G00004,type=SHIP pickup=STAGING dropoff=DOCK-1
20260903_111731_35c32a,9,task_assigned,R7,G00004,
20260903_111731_35c32a,11,task_created,,G00005,type=PUTAWAY pickup=BUFFER dropoff=D-07
20260903_111731_35c32a,11,task_assigned,R3,G00005,
20260903_111731_35c32a,15,task_created,,G00006,type=PICK pickup=F-06 dropoff=PICK-2
20260903_111731_35c32a,15,task_assigned,R6,G00006,
20260903_111731_35c32a,17,task_completed,R5,G00003,
20260903_111731_35c32a,19,task_completed,R7,G00004,
20260903_111731_35c32a,19,task_created,,G00007,type=PUTAWAY pickup=RECV dropoff=A-07
20260903_111731_35c32a,19,task_assigned,R4,G00007,
20260903_111731_35c32a,19,task_created,,G00008,type=PACK pickup=PICK-1 dropoff=PACK-2
20260903_111731_35c32a,19,task_assigned,R5,G00008,
20260903_111731_35c32a,23,task_created,,G00009,type=SHIP pickup=STAGING dropoff=DOCK-2
20260903_111731_35c32a,23,task_assigned,R7,G00009,
20260903_111731_35c32a,24,task_completed,R2,G00002,
20260903_111731_35c32a,25,task_created,,G00010,type=PICK pickup=D-01 dropoff=PICK-3
20260903_111731_35c32a,25,task_assigned,R2,G00010,
20260903_111731_35c32a,26,task_completed,R1,G00001,
20260903_111731_35c32a,27,task_created,,G00011,type=PUTAWAY pickup=RECV dropoff=C-07
20260903_111731_35c32a,27,task_assigned,R1,G00011,
20260903_111731_35c32a,28,task_completed,R7,G00009,
20260903_111731_35c32a,31,task_created,,G00012,type=PACK pickup=PICK-3 dropoff=PACK-1
20260903_111731_35c32a,31,task_assigned,R7,G00012,
20260903_111731_35c32a,35,task_created,,G00013,type=PUTAWAY pickup=RECV dropoff=A-05
20260903_111731_35c32a,35,task_assigned,R8,G00013,
20260903_111731_35c32a,35,task_created,,G00014,type=PICK pickup=F-04 dropoff=PICK-1
20260903_111731_35c32a,36,task_completed,R2,G00010,
20260903_111731_35c32a,37,task_assigned,R2,G00014,
20260903_111731_35c32a,37,task_created,,G00015,type=SHIP pickup=STAGING dropoff=DOCK-1
20260903_111731_35c32a,40,task_completed,R6,G00006,
20260903_111731_35c32a,41,task_assigned,R6,G00015,
20260903_111731_35c32a,43,task_completed,R5,G00008,
20260903_111731_35c32a,43,task_created,,G00016,type=PUTAWAY pickup=RECV dropoff=D-03
20260903_111731_35c32a,43,task_created,,G00017,type=PACK pickup=PICK-1 dropoff=PACK-2
20260903_111731_35c32a,44,task_completed,R4,G00007,
20260903_111731_35c32a,44,task_assigned,R5,G00016,
20260903_111731_35c32a,45,task_created,,G00018,type=PICK pickup=H-01 dropoff=PICK-2
20260903_111731_35c32a,45,task_assigned,R4,G00018,
20260903_111731_35c32a,48,task_completed,R3,G00005,
20260903_111731_35c32a,49,task_completed,R6,G00015,
20260903_111731_35c32a,49,task_assigned,R3,G00017,
20260903_111731_35c32a,51,task_created,,G00019,type=PUTAWAY pickup=BUFFER dropoff=A-05
20260903_111731_35c32a,51,task_assigned,R6,G00019,
20260903_111731_35c32a,51,task_created,,G00020,type=SHIP pickup=STAGING dropoff=DOCK-1
20260903_111731_35c32a,52,task_completed,R1,G00011,
20260903_111731_35c32a,53,task_assigned,R1,G00020,
20260903_111731_35c32a,54,robot_blocked,R4,,"{""x"": 13, ""y"": 4}"
20260903_111731_35c32a,55,task_created,,G00021,type=PICK pickup=D-05 dropoff=PICK-2
20260903_111731_35c32a,55,task_created,,G00022,type=PACK pickup=PICK-2 dropoff=PACK-1
20260903_111731_35c32a,55,robot_blocked,R1,,"{""x"": 14, ""y"": 4}"
20260903_111731_35c32a,57,task_completed,R7,G00012,
20260903_111731_35c32a,58,task_assigned,R7,G00021,
20260903_111731_35c32a,59,task_created,,G00023,type=PUTAWAY pickup=BUFFER dropoff=D-04
20260903_111731_35c32a,61,task_completed,R8,G00013,
20260903_111731_35c32a,61,robot_blocked,R3,,"{""x"": 12, ""y"": 6}"
20260903_111731_35c32a,61,robot_blocked,R6,,"{""x"": 12, ""y"": 7}"
20260903_111731_35c32a,62,task_assigned,R8,G00023,
20260903_111731_35c32a,65,task_created,,G00024,type=PICK pickup=E-01 dropoff=PICK-2
20260903_111731_35c32a,65,task_created,,G00025,type=SHIP pickup=STAGING dropoff=DOCK-2
20260903_111731_35c32a,67,task_created,,G00026,type=PUTAWAY pickup=BUFFER dropoff=B-03
20260903_111731_35c32a,67,task_created,,G00027,type=PACK pickup=PICK-2 dropoff=PACK-1
20260903_111731_35c32a,67,robot_blocked,R5,,"{""x"": 3, ""y"": 1}"
20260903_111731_35c32a,67,robot_blocked,R8,,"{""x"": 2, ""y"": 1}"
20260903_111731_35c32a,68,task_completed,R2,G00014,
20260903_111731_35c32a,69,task_assigned,R2,G00026,
20260903_111731_35c32a,70,task_completed,R1,G00020,
20260903_111731_35c32a,71,task_assigned,R1,G00024,
20260903_111731_35c32a,75,task_created,,G00028,type=PUTAWAY pickup=BUFFER dropoff=G-01
20260903_111731_35c32a,75,task_created,,G00029,type=PICK pickup=C-06 dropoff=PICK-3
20260903_111731_35c32a,79,task_created,,G00030,type=PACK pickup=PICK-1 dropoff=PACK-2
20260903_111731_35c32a,79,task_created,,G00031,type=SHIP pickup=STAGING dropoff=DOCK-1
20260903_111731_35c32a,82,task_completed,R4,G00018,
20260903_111731_35c32a,83,task_assigned,R4,G00028,
20260903_111731_35c32a,83,task_created,,G00032,type=PUTAWAY pickup=RECV dropoff=E-01
20260903_111731_35c32a,85,task_completed,R6,G00019,
20260903_111731_35c32a,85,task_created,,G00033,type=PICK pickup=D-05 dropoff=PICK-2
20260903_111731_35c32a,86,task_assigned,R6,G00032,
20260903_111731_35c32a,87,task_completed,R3,G00017,
20260903_111731_35c32a,87,task_completed,R7,G00021,
20260903_111731_35c32a,88,task_assigned,R7,G00029,
20260903_111731_35c32a,88,task_assigned,R3,G00033,
20260903_111731_35c32a,88,robot_blocked,R2,,"{""x"": 12, ""y"": 3}"
20260903_111731_35c32a,91,task_completed,R2,G00026,
20260903_111731_35c32a,91,task_created,,G00034,type=PUTAWAY pickup=BUFFER dropoff=D-05
20260903_111731_35c32a,91,task_created,,G00035,type=PACK pickup=PICK-1 dropoff=PACK-1
20260903_111731_35c32a,92,task_assigned,R2,G00034,
20260903_111731_35c32a,93,task_created,,G00036,type=SHIP pickup=STAGING dropoff=DOCK-1
20260903_111731_35c32a,94,task_completed,R8,G00023,
20260903_111731_35c32a,95,task_completed,R6,G00032,
20260903_111731_35c32a,95,task_created,,G00037,type=PICK pickup=F-03 dropoff=PICK-3
20260903_111731_35c32a,95,task_assigned,R8,G00037,
20260903_111731_35c32a,96,task_assigned,R6,G00022,
20260903_111731_35c32a,99,task_created,,G00038,type=PUTAWAY pickup=BUFFER dropoff=A-01
20260903_111731_35c32a,99,robot_blocked,R7,,"{""x"": 19, ""y"": 4}"
20260903_111731_35c32a,100,task_completed,R4,G00028,
20260903_111731_35c32a,101,task_assigned,R4,G00038,
20260903_111731_35c32a,102,task_completed,R5,G00016,
20260903_111731_35c32a,103,task_completed,R1,G00024,
20260903_111731_35c32a,103,task_assigned,R5,G00027,
20260903_111731_35c32a,103,task_created,,G00039,type=PACK pickup=PICK-2 dropoff=PACK-1
20260903_111731_35c32a,104,task_assigned,R1,G00030,
20260903_111731_35c32a,105,task_created,,G00040,type=PICK pickup=A-03 dropoff=PICK-1
20260903_111731_35c32a,106,task_completed,R7,G00029,
20260903_111731_35c32a,107,task_created,,G00041,type=PUTAWAY pickup=BUFFER dropoff=H-06
20260903_111731_35c32a,107,task_assigned,R7,G00041,
20260903_111731_35c32a,107,task_created,,G00042,type=SHIP pickup=STAGING dropoff=DOCK-1
20260903_111731_35c32a,110,task_completed,R2,G00034,
20260903_111731_35c32a,111,task_assigned,R2,G00040,
20260903_111731_35c32a,115,task_completed,R6,G00022,
20260903_111731_35c32a,115,task_created,,G00043,type=PUTAWAY pickup=RECV dropoff=D-05
20260903_111731_35c32a,115,task_created,,G00044,type=PICK pickup=C-02 dropoff=PICK-2
20260903_111731_35c32a,115,task_created,,G00045,type=PACK pickup=PICK-1 dropoff=PACK-1
20260903_111731_35c32a,116,task_assigned,R6,G00043,
20260903_111731_35c32a,120,task_completed,R4,G00038,
20260903_111731_35c32a,121,task_assigned,R4,G00044,
20260903_111731_35c32a,121,task_created,,G00046,type=SHIP pickup=STAGING dropoff=DOCK-2
20260903_111731_35c32a,123,task_created,,G00047,type=PUTAWAY pickup=RECV dropoff=D-03
20260903_111731_35c32a,124,task_completed,R5,G00027,
20260903_111731_35c32a,125,task_assigned,R5,G00047,
20260903_111731_35c32a,125,task_created,,G00048,type=PICK pickup=F-01 dropoff=PICK-3
20260903_111731_35c32a,126,task_completed,R1,G00030,
20260903_111731_35c32a,127,task_assigned,R1,G00048,
20260903_111731_35c32a,127,task_created,,G00049,type=PACK pickup=PICK-2 dropoff=PACK-1
20260903_111731_35c32a,131,task_created,,G00050,type=PUTAWAY pickup=RECV dropoff=G-06
20260903_111731_35c32a,135,task_created,,G00051,type=PICK pickup=D-01 dropoff=PICK-3
20260903_111731_35c32a,135,task_created,,G00052,type=SHIP pickup=STAGING dropoff=DOCK-2
20260903_111731_35c32a,139,task_created,,G00053,type=PUTAWAY pickup=RECV dropoff=F-08
20260903_111731_35c32a,139,task_created,,G00054,type=PACK pickup=PICK-2 dropoff=PACK-1
20260903_111731_35c32a,140,task_completed,R2,G00040,
20260903_111731_35c32a,141,task_assigned,R2,G00050,
20260903_111731_35c32a,142,task_completed,R4,G00044,
20260903_111731_35c32a,143,task_assigned,R4,G00053,
20260903_111731_35c32a,145,task_created,,G00055,type=PICK pickup=H-02 dropoff=PICK-1
20260903_111731_35c32a,147,task_created,,G00056,type=PUTAWAY pickup=RECV dropoff=G-01
20260903_111731_35c32a,149,task_created,,G00057,type=SHIP pickup=STAGING dropoff=DOCK-2
20260903_111731_35c32a,150,task_completed,R3,G00033,
20260903_111731_35c32a,151,task_completed,R7,G00041,
20260903_111731_35c32a,151,task_assigned,R3,G00056,
20260903_111731_35c32a,151,task_created,,G00058,type=PACK pickup=PICK-2 dropoff=PACK-2
20260903_111731_35c32a,152,task_assigned,R7,G00051,
20260903_111731_35c32a,153,task_completed,R8,G00037,
20260903_111731_35c32a,154,task_assigned,R8,G00055,
20260903_111731_35c32a,155,task_created,,G00059,type=PUTAWAY pickup=RECV dropoff=A-05
20260903_111731_35c32a,155,task_created,,G00060,type=PICK pickup=C-03 dropoff=PICK-3
20260903_111731_35c32a,160,task_completed,R7,G00051,
20260903_111731_35c32a,161,task_assigned,R7,G00059,
20260903_111731_35c32a,163,task_completed,R6,G00043,
20260903_111731_35c32a,163,task_created,,G00061,type=PUTAWAY pickup=BUFFER dropoff=D-06
20260903_111731_35c32a,163,task_created,,G00062,type=PACK pickup=PICK-3 dropoff=PACK-1
20260903_111731_35c32a,163,task_created,,G00063,type=SHIP pickup=STAGING dropoff=DOCK-1
20260903_111731_35c32a,164,task_assigned,R6,G00061,
20260903_111731_35c32a,165,task_created,,G00064,type=PICK pickup=F-02 dropoff=PICK-1
20260903_111731_35c32a,171,task_completed,R1,G00048,
20260903_111731_35c32a,171,task_created,,G00065,type=PUTAWAY pickup=RECV dropoff=A-08
20260903_111731_35c32a,172,task_assigned,R1,G00065,
20260903_111731_35c32a,174,task_completed,R2,G00050,
20260903_111731_35c32a,175,task_assigned,R2,G00060,
20260903_111731_35c32a,175,task_created,,G00066,type=PICK pickup=H-04 dropoff=PICK-1
20260903_111731_35c32a,175,task_created,,G00067,type=PACK pickup=PICK-1 dropoff=PACK-2
20260903_111731_35c32a,177,task_completed,R4,G00053,
20260903_111731_35c32a,177,task_created,,G00068,type=SHIP pickup=STAGING dropoff=DOCK-2
20260903_111731_35c32a,178,task_completed,R5,G00047,
20260903_111731_35c32a,178,task_assigned,R4,G00064,
20260903_111731_35c32a,179,task_created,,G00069,type=PUTAWAY pickup=RECV dropoff=F-01
20260903_111731_35c32a,179,task_assigned,R5,G00069,
20260903_111731_35c32a,183,task_completed,R2,G00060,
20260903_111731_35c32a,184,task_assigned,R2,G00066,
20260903_111731_35c32a,185,task_created,,G00070,type=PICK pickup=C-02 dropoff=PICK-1
20260903_111731_35c32a,186,task_completed,R3,G00056,
20260903_111731_35c32a,187,task_created,,G00071,type=PUTAWAY pickup=BUFFER dropoff=D-01
20260903_111731_35c32a,187,task_assigned,R3,G00071,
20260903_111731_35c32a,187,task_created,,G00072,type=PACK pickup=PICK-3 dropoff=PACK-1
20260903_111731_35c32a,188,task_completed,R6,G00061,
20260903_111731_35c32a,188,task_completed,R4,G00064,
20260903_111731_35c32a,189,task_assigned,R4,G00035,
20260903_111731_35c32a,189,task_assigned,R6,G00070,
20260903_111731_35c32a,191,task_created,,G00073,type=SHIP pickup=STAGING dropoff=DOCK-2
20260903_111731_35c32a,192,task_completed,R7,G00059,
20260903_111731_35c32a,193,task_assigned,R7,G00039,
20260903_111731_35c32a,195,task_created,,G00074,type=PUTAWAY pickup=RECV dropoff=F-05
20260903_111731_35c32a,195,task_created,,G00075,type=PICK pickup=G-01 dropoff=PICK-2
20260903_111731_35c32a,199,task_completed,R8,G00055,
20260903_111731_35c32a,199,task_created,,G00076,type=PACK pickup=PICK-1 dropoff=PACK-2
20260903_111731_35c32a,200,task_assigned,R8,G00074,
20260903_111731_35c32a,202,task_completed,R4,G00035,
20260903_111731_35c32a,203,task_created,,G00077,type=PUTAWAY pickup=BUFFER dropoff=C-02
20260903_111731_35c32a,203,task_assigned,R4,G00077,
20260903_111731_35c32a,204,task_completed,R3,G00071,
20260903_111731_35c32a,205,task_assigned,R3,G00075,
20260903_111731_35c32a,205,task_created,,G00078,type=PICK pickup=H-05 dropoff=PICK-3
20260903_111731_35c32a,205,task_created,,G00079,type=SHIP pickup=STAGING dropoff=DOCK-1
20260903_111731_35c32a,208,task_completed,R1,G00065,
20260903_111731_35c32a,209,task_assigned,R1,G00078,
20260903_111731_35c32a,211,task_created,,G00080,type=PUTAWAY pickup=BUFFER dropoff=G-02
20260903_111731_35c32a,211,task_created,,G00081,type=PACK pickup=PICK-2 dropoff=PACK-1
20260903_111731_35c32a,213,task_interrupted,R2,G00066,
20260903_111731_35c32a,215,task_created,,G00082,type=PICK pickup=D-08 dropoff=PICK-1
20260903_111731_35c32a,216,task_completed,R6,G00070,
20260903_111731_35c32a,217,task_completed,R7,G00039,
20260903_111731_35c32a,217,task_assigned,R6,G00080,
20260903_111731_35c32a,218,task_assigned,R7,G00066,
20260903_111731_35c32a,218,task_completed,R3,G00075,
20260903_111731_35c32a,218,task_interrupted,R1,G00078,
20260903_111731_35c32a,219,task_created,,G00083,type=PUTAWAY pickup=BUFFER dropoff=B-01
20260903_111731_35c32a,219,task_assigned,R3,G00083,
20260903_111731_35c32a,219,task_created,,G00084,type=SHIP pickup=STAGING dropoff=DOCK-2
20260903_111731_35c32a,222,task_interrupted,R5,G00069,
20260903_111731_35c32a,222,task_interrupted,R6,G00080,
20260903_111731_35c32a,223,task_created,,G00085,type=PACK pickup=PICK-3 dropoff=PACK-1
20260903_111731_35c32a,225,task_created,,G00086,type=PICK pickup=E-03 dropoff=PICK-2
20260903_111731_35c32a,227,task_created,,G00087,type=PUTAWAY pickup=RECV dropoff=A-01
20260903_111731_35c32a,229,task_completed,R7,G00066,
20260903_111731_35c32a,231,task_completed,R4,G00077,
20260903_111731_35c32a,232,task_assigned,R4,G00069,
20260903_111731_35c32a,233,task_created,,G00088,type=SHIP pickup=STAGING dropoff=DOCK-2
20260903_111731_35c32a,235,task_created,,G00089,type=PUTAWAY pickup=BUFFER dropoff=A-07
20260903_111731_35c32a,235,task_created,,G00090,type=PICK pickup=E-07 dropoff=PICK-2
20260903_111731_35c32a,235,task_created,,G00091,type=PACK pickup=PICK-3 dropoff=PACK-1
20260903_111731_35c32a,236,task_assigned,R2,G00080,
20260903_111731_35c32a,237,task_interrupted,R3,G00083,
20260903_111731_35c32a,243,task_created,,G00092,type=PUTAWAY pickup=BUFFER dropoff=B-06
20260903_111731_35c32a,244,task_interrupted,R4,G00069,
20260903_111731_35c32a,245,task_completed,R8,G00074,
20260903_111731_35c32a,245,task_created,,G00093,type=PICK pickup=A-07 dropoff=PICK-3
20260903_111731_35c32a,246,task_assigned,R8,G00069,
20260903_111731_35c32a,247,task_completed,R8,G00069,
20260903_111731_35c32a,247,task_created,,G00094,type=PACK pickup=PICK-2 dropoff=PACK-2
20260903_111731_35c32a,247,task_created,,G00095,type=SHIP pickup=STAGING dropoff=DOCK-2
20260903_111731_35c32a,248,task_assigned,R8,G00083,
20260903_111731_35c32a,251,task_assigned,R1,G00078,
20260903_111731_35c32a,251,task_interrupted,R8,G00083,
20260903_111731_35c32a,251,task_assigned,R6,G00087,
20260903_111731_35c32a,251,task_created,,G00096,type=PUTAWAY pickup=RECV dropoff=C-02
20260903_111731_35c32a,255,task_created,,G00097,type=PICK pickup=C-05 dropoff=PICK-3
20260903_111731_35c32a,257,task_assigned,R5,G00083,
20260903_111731_35c32a,259,task_created,,G00098,type=PUTAWAY pickup=BUFFER dropoff=A-02
20260903_111731_35c32a,259,task_created,,G00099,type=PACK pickup=PICK-3 dropoff=PACK-1
20260903_111731_35c32a,261,task_created,,G00100,type=SHIP pickup=STAGING dropoff=DOCK-1
20260903_111731_35c32a,265,task_created,,G00101,type=PICK pickup=E-07 dropoff=PICK-3
20260903_111731_35c32a,267,task_created,,G00102,type=PUTAWAY pickup=RECV dropoff=G-05
20260903_111731_35c32a,268,task_assigned,R7,G00089,
20260903_111731_35c32a,270,task_completed,R2,G00080,
20260903_111731_35c32a,271,task_assigned,R2,G00092,
20260903_111731_35c32a,271,task_created,,G00103,type=PACK pickup=PICK-1 dropoff=PACK-1
20260903_111731_35c32a,273,task_completed,R6,G00087,
20260903_111731_35c32a,274,task_assigned,R6,G00096,
20260903_111731_35c32a,275,task_created,,G00104,type=PUTAWAY pickup=BUFFER dropoff=H-06
20260903_111731_35c32a,275,task_created,,G00105,type=PICK pickup=D-06 dropoff=PICK-1
20260903_111731_35c32a,275,task_created,,G00106,type=SHIP pickup=STAGING dropoff=DOCK-1
20260903_111731_35c32a,278,task_assigned,R4,G00098,
20260903_111731_35c32a,283,task_created,,G00107,type=PUTAWAY pickup=RECV dropoff=E-05
20260903_111731_35c32a,283,task_created,,G00108,type=PACK pickup=PICK-1 dropoff=PACK-2
20260903_111731_35c32a,284,task_completed,R2,G00092,
20260903_111731_35c32a,285,task_assigned,R2,G00102,
20260903_111731_35c32a,285,task_created,,G00109,type=PICK pickup=D-02 dropoff=PICK-1
20260903_111731_35c32a,286,task_assigned,R3,G00104,
20260903_111731_35c32a,288,task_completed,R1,G00078,
20260903_111731_35c32a,289,task_assigned,R1,G00107,
20260903_111731_35c32a,289,task_created,,G00110,type=SHIP pickup=STAGING dropoff=DOCK-2
20260903_111731_35c32a,290,task_assigned,R8,G00082,
20260903_111731_35c32a,291,task_created,,G00111,type=PUTAWAY pickup=BUFFER dropoff=G-07
20260903_111731_35c32a,295,task_created,,G00112,type=PICK pickup=A-06 dropoff=PICK-2
20260903_111731_35c32a,295,task_created,,G00113,type=PACK pickup=PICK-1 dropoff=PACK-2
20260903_111731_35c32a,296,task_completed,R5,G00083,
20260903_111731_35c32a,297,task_assigned,R5,G00111,
20260903_111731_35c32a,299,task_created,,G00114,type=PUTAWAY pickup=RECV dropoff=C-03
20260903_111731_35c32a,303,task_created,,G00115,type=SHIP pickup=STAGING dropoff=DOCK-2
20260903_111731_35c32a,305,task_created,,G00116,type=PICK pickup=B-04 dropoff=PICK-3
20260903_111731_35c32a,307,task_created,,G00117,type=PUTAWAY pickup=BUFFER dropoff=A-03
20260903_111731_35c32a,307,task_created,,G00118,type=PACK pickup=PICK-3 dropoff=PACK-2
20260903_111731_35c32a,309,task_completed,R7,G00089,
20260903_111731_35c32a,310,task_completed,R2,G00102,
20260903_111731_35c32a,310,task_assigned,R7,G00114,
20260903_111731_35c32a,311,task_assigned,R2,G00117,
20260903_111731_35c32a,313,task_completed,R5,G00111,
20260903_111731_35c32a,314,task_assigned,R5,G00086,
20260903_111731_35c32a,315,task_created,,G00119,type=PUTAWAY pickup=RECV dropoff=E-06
20260903_111731_35c32a,315,task_created,,G00120,type=PICK pickup=C-06 dropoff=PICK-1
20260903_111731_35c32a,317,task_created,,G00121,type=SHIP pickup=STAGING dropoff=DOCK-1
20260903_111731_35c32a,319,task_created,,G00122,type=PACK pickup=PICK-3 dropoff=PACK-1
20260903_111731_35c32a,323,task_created,,G00123,type=PUTAWAY pickup=BUFFER dropoff=A-05
20260903_111731_35c32a,324,task_completed,R4,G00098,
20260903_111731_35c32a,325,task_completed,R3,G00104,
20260903_111731_35c32a,325,task_assigned,R4,G00119,
20260903_111731_35c32a,325,task_created,,G00124,type=PICK pickup=D-05 dropoff=PICK-1
20260903_111731_35c32a,326,task_assigned,R3,G00123,
20260903_111731_35c32a,330,task_completed,R1,G00107,
20260903_111731_35c32a,331,task_created,,G00125,type=PUTAWAY pickup=BUFFER dropoff=C-05
20260903_111731_35c32a,331,task_assigned,R1,G00125,
20260903_111731_35c32a,331,task_created,,G00126,type=PACK pickup=PICK-2 dropoff=PACK-2
20260903_111731_35c32a,331,task_created,,G00127,type=SHIP pickup=STAGING dropoff=DOCK-1
20260903_111731_35c32a,335,task_created,,G00128,type=PICK pickup=F-01 dropoff=PICK-3
20260903_111731_35c32a,336,task_completed,R2,G00117,
20260903_111731_35c32a,337,task_assigned,R2,G00090,
20260903_111731_35c32a,339,task_created,,G00129,type=PUTAWAY pickup=RECV dropoff=H-03
20260903_111731_35c32a,340,task_completed,R5,G00086,
20260903_111731_35c32a,341,task_assigned,R5,G00129,
20260903_111731_35c32a,343,task_created,,G00130,type=PACK pickup=PICK-3 dropoff=PACK-1
20260903_111731_35c32a,345,task_completed,R6,G00096,
20260903_111731_35c32a,345,task_created,,G00131,type=PICK pickup=F-03 dropoff=PICK-2
20260903_111731_35c32a,345,task_created,,G00132,type=SHIP pickup=STAGING dropoff=DOCK-1
20260903_111731_35c32a,346,task_assigned,R6,G00093,
20260903_111731_35c32a,347,task_completed,R4,G00119,
20260903_111731_35c32a,347,task_created,,G00133,type=PUTAWAY pickup=RECV dropoff=B-04
20260903_111731_35c32a,348,task_completed,R7,G00114,
20260903_111731_35c32a,348,task_assigned,R4,G00133,
20260903_111731_35c32a,349,task_assigned,R7,G00097,
20260903_111731_35c32a,355,task_created,,G00134,type=PUTAWAY pickup=BUFFER dropoff=H-03
20260903_111731_35c32a,355,task_created,,G00135,type=PICK pickup=D-08 dropoff=PICK-3
20260903_111731_35c32a,355,task_created,,G00136,type=PACK pickup=PICK-2 dropoff=PACK-1
20260903_111731_35c32a,356,task_completed,R3,G00123,
20260903_111731_35c32a,356,task_completed,R1,G00125,
20260903_111731_35c32a,357,task_completed,R2,G00090,
20260903_111731_35c32a,357,task_assigned,R3,G00101,
20260903_111731_35c32a,357,task_assigned,R1,G00134,
20260903_111731_35c32a,358,task_assigned,R2,G00105,
20260903_111731_35c32a,359,task_created,,G00137,type=SHIP pickup=STAGING dropoff=DOCK-1
20260903_111731_35c32a,360,task_completed,R8,G00082,
20260903_111731_35c32a,360,task_completed,R7,G00097,
20260903_111731_35c32a,361,task_assigned,R7,G00109,
20260903_111731_35c32a,361,task_assigned,R8,G00112,
20260903_111731_35c32a,363,task_created,,G00138,type=PUTAWAY pickup=BUFFER dropoff=A-04
20260903_111731_35c32a,365,task_created,,G00139,type=PICK pickup=C-02 dropoff=PICK-1
20260903_111731_35c32a,367,task_completed,R4,G00133,
20260903_111731_35c32a,367,task_created,,G00140,type=PACK pickup=PICK-2 dropoff=PACK-1
20260903_111731_35c32a,368,task_assigned,R4,G00138,
20260903_111731_35c32a,371,task_created,,G00141,type=PUTAWAY pickup=RECV dropoff=A-06
20260903_111731_35c32a,373,task_created,,G00142,type=SHIP pickup=STAGING dropoff=DOCK-1
20260903_111731_35c32a,375,task_created,,G00143,type=PICK pickup=G-05 dropoff=PICK-1
20260903_111731_35c32a,376,task_completed,R1,G00134,
20260903_111731_35c32a,377,task_assigned,R1,G00141,
20260903_111731_35c32a,379,task_created,,G00144,type=PUTAWAY pickup=RECV dropoff=D-07
20260903_111731_35c32a,379,task_created,,G00145,type=PACK pickup=PICK-1 dropoff=PACK-2
20260903_111731_35c32a,380,task_completed,R3,G00101,
20260903_111731_35c32a,381,task_assigned,R3,G00144,
20260903_111731_35c32a,383,task_completed,R4,G00138,
20260903_111731_35c32a,384,task_assigned,R4,G00116,
20260903_111731_35c32a,385,task_created,,G00146,type=PICK pickup=E-06 dropoff=PICK-1
20260903_111731_35c32a,386,task_completed,R8,G00112,
20260903_111731_35c32a,387,task_created,,G00147,type=PUTAWAY pickup=RECV dropoff=H-06
20260903_111731_35c32a,387,task_assigned,R8,G00147,
20260903_111731_35c32a,387,task_created,,G00148,type=SHIP pickup=STAGING dropoff=DOCK-2
20260903_111731_35c32a,388,task_completed,R5,G00129,
20260903_111731_35c32a,389,task_assigned,R5,G00120,
20260903_111731_35c32a,390,task_completed,R7,G00109,
20260903_111731_35c32a,391,task_completed,R6,G00093,
20260903_111731_35c32a,391,task_assigned,R7,G00124,
20260903_111731_35c32a,391,task_created,,G00149,type=PACK pickup=PICK-1 dropoff=PACK-2
20260903_111731_35c32a,392,task_assigned,R6,G00128,
20260903_111731_35c32a,395,task_created,,G00150,type=PUTAWAY pickup=RECV dropoff=G-05
20260903_111731_35c32a,395,task_created,,G00151,type=PICK pickup=A-04 dropoff=PICK-1
20260903_111731_35c32a,401,task_created,,G00152,type=SHIP pickup=STAGING dropoff=DOCK-1
20260903_111731_35c32a,403,task_created,,G00153,type=PUTAWAY pickup=BUFFER dropoff=E-04
20260903_111731_35c32a,403,task_created,,G00154,type=PACK pickup=PICK-1 dropoff=PACK-1
20260903_111731_35c32a,404,task_completed,R4,G00116,
20260903_111731_35c32a,405,task_assigned,R4,G00150,
20260903_111731_35c32a,405,task_created,,G00155,type=PICK pickup=H-08 dropoff=PICK-3
20260903_111731_35c32a,407,task_completed,R1,G00141,
20260903_111731_35c32a,408,task_assigned,R1,G00153,
20260903_111731_35c32a,411,task_created,,G00156,type=PUTAWAY pickup=BUFFER dropoff=A-07
20260903_111731_35c32a,415,task_completed,R2,G00105,
20260903_111731_35c32a,415,task_created,,G00157,type=PICK pickup=A-02 dropoff=PICK-3
20260903_111731_35c32a,415,task_created,,G00158,type=PACK pickup=PICK-2 dropoff=PACK-1
20260903_111731_35c32a,415,task_created,,G00159,type=SHIP pickup=STAGING dropoff=DOCK-2
20260903_111731_35c32a,416,task_assigned,R2,G00156,
20260903_111731_35c32a,419,task_created,,G00160,type=PUTAWAY pickup=RECV dropoff=F-06
20260903_111731_35c32a,423,task_completed,R6,G00128,
20260903_111731_35c32a,424,task_assigned,R6,G00160,
20260903_111731_35c32a,425,task_completed,R5,G00120,
20260903_111731_35c32a,425,task_created,,G00161,type=PICK pickup=D-06 dropoff=PICK-1
20260903_111731_35c32a,426,task_assigned,R5,G00131,
20260903_111731_35c32a,427,task_created,,G00162,type=PUTAWAY pickup=BUFFER dropoff=F-07
20260903_111731_35c32a,427,task_created,,G00163,type=PACK pickup=PICK-2 dropoff=PACK-1
20260903_111731_35c32a,429,task_created,,G00164,type=SHIP pickup=STAGING dropoff=DOCK-1
20260903_111731_35c32a,431,task_completed,R8,G00147,
20260903_111731_35c32a,431,task_completed,R1,G00153,
20260903_111731_35c32a,432,task_assigned,R8,G00135,
20260903_111731_35c32a,432,task_assigned,R1,G00162,
20260903_111731_35c32a,434,task_completed,R7,G00124,
20260903_111731_35c32a,434,task_completed,R3,G00144,
20260903_111731_35c32a,435,task_assigned,R3,G00139,
20260903_111731_35c32a,435,task_created,,G00165,type=PUTAWAY pickup=RECV dropoff=B-07
20260903_111731_35c32a,435,task_assigned,R7,G00165,
20260903_111731_35c32a,435,task_created,,G00166,type=PICK pickup=H-02 dropoff=PICK-1
20260903_111731_35c32a,439,task_created,,G00167,type=PACK pickup=PICK-2 dropoff=PACK-1
20260903_111731_35c32a,441,task_completed,R5,G00131,
20260903_111731_35c32a,442,task_completed,R8,G00135,
20260903_111731_35c32a,442,task_assigned,R5,G00143,
20260903_111731_35c32a,443,task_created,,G00168,type=PUTAWAY pickup=BUFFER dropoff=D-01
20260903_111731_35c32a,443,task_assigned,R8,G00168,
20260903_111731_35c32a,443,task_created,,G00169,type=SHIP pickup=STAGING dropoff=DOCK-1
20260903_111731_35c32a,445,task_interrupted,R2,G00156,
20260903_111731_35c32a,445,task_created,,G00170,type=PICK pickup=G-04 dropoff=PICK-2
20260903_111731_35c32a,449,task_completed,R1,G00162,
20260903_111731_35c32a,450,task_assigned,R1,G00156,
20260903_111731_35c32a,451,task_completed,R4,G00150,
20260903_111731_35c32a,451,task_created,,G00171,type=PUTAWAY pickup=BUFFER dropoff=E-01
20260903_111731_35c32a,451,task_created,,G00172,type=PACK pickup=PICK-1 dropoff=PACK-2
20260903_111731_35c32a,452,task_assigned,R4,G00171,
20260903_111731_35c32a,455,task_created,,G00173,type=PICK pickup=C-06 dropoff=PICK-2
20260903_111731_35c32a,456,task_completed,R3,G00139,
20260903_111731_35c32a,457,task_assigned,R3,G00146,
20260903_111731_35c32a,457,task_created,,G00174,type=SHIP pickup=STAGING dropoff=DOCK-1
20260903_111731_35c32a,459,task_interrupted,R6,G00160,
20260903_111731_35c32a,459,task_created,,G00175,type=PUTAWAY pickup=RECV dropoff=E-01
20260903_111731_35c32a,461,task_completed,R5,G00143,
20260903_111731_35c32a,462,task_assigned,R5,G00160,
20260903_111731_35c32a,463,task_created,,G00176,type=PACK pickup=PICK-3 dropoff=PACK-1
20260903_111731_35c32a,465,task_created,,G00177,type=PICK pickup=D-01 dropoff=PICK-2
20260903_111731_35c32a,467,task_created,,G00178,type=PUTAWAY pickup=RECV dropoff=G-03
20260903_111731_35c32a,468,task_completed,R7,G00165,
20260903_111731_35c32a,469,task_assigned,R7,G00175,
20260903_111731_35c32a,470,task_completed,R5,G00160,
20260903_111731_35c32a,470,task_completed,R8,G00168,
20260903_111731_35c32a,470,task_assigned,R2,G00178,
20260903_111731_35c32a,471,task_assigned,R5,G00151,
20260903_111731_35c32a,471,task_assigned,R8,G00155,
20260903_111731_35c32a,471,task_created,,G00179,type=SHIP pickup=STAGING dropoff=DOCK-1
20260903_111731_35c32a,473,task_completed,R1,G00156,
20260903_111731_35c32a,475,task_interrupted,R5,G00151,
20260903_111731_35c32a,475,task_completed,R4,G00171,
20260903_111731_35c32a,475,task_created,,G00180,type=PUTAWAY pickup=RECV dropoff=F-04
20260903_111731_35c32a,475,task_assigned,R1,G00180,
20260903_111731_35c32a,475,task_created,,G00181,type=PICK pickup=F-01 dropoff=PICK-1
20260903_111731_35c32a,475,task_created,,G00182,type=PACK pickup=PICK-2 dropoff=PACK-2
20260903_111731_35c32a,476,task_assigned,R4,G00151,
20260903_111731_35c32a,477,task_interrupted,R1,G00180,
20260903_111731_35c32a,481,task_interrupted,R7,G00175,
20260903_111731_35c32a,482,task_completed,R8,G00155,
20260903_111731_35c32a,483,task_assigned,R8,G00175,
20260903_111731_35c32a,483,task_created,,G00183,type=PUTAWAY pickup=RECV dropoff=E-03
20260903_111731_35c32a,485,task_created,,G00184,type=PICK pickup=E-06 dropoff=PICK-3
20260903_111731_35c32a,485,task_created,,G00185,type=SHIP pickup=STAGING dropoff=DOCK-1
20260903_111731_35c32a,487,task_created,,G00186,type=PACK pickup=PICK-2 dropoff=PACK-1
20260903_111731_35c32a,491,task_created,,G00187,type=PUTAWAY pickup=RECV dropoff=F-04
20260903_111731_35c32a,493,task_interrupted,R4,G00151,
20260903_111731_35c32a,494,task_assigned,R6,G00180,
20260903_111731_35c32a,495,task_created,,G00188,type=PICK pickup=F-04 dropoff=PICK-2
20260903_111731_35c32a,498,task_interrupted,R8,G00175,
20260903_111731_35c32a,499,task_created,,G00189,type=PUTAWAY pickup=RECV dropoff=D-04
20260903_111731_35c32a,499,task_created,,G00190,type=PACK pickup=PICK-2 dropoff=PACK-1
20260903_111731_35c32a,499,task_created,,G00191,type=SHIP pickup=STAGING dropoff=DOCK-2
20260903_111731_35c32a,500,task_interrupted,R3,G00146,
20260903_111731_35c32a,505,task_created,,G00192,type=PICK pickup=H-08 dropoff=PICK-3
20260903_111731_35c32a,506,task_assigned,R5,G00151,
20260903_111731_35c32a,506,task_completed,R2,G00178,
20260903_111731_35c32a,507,task_assigned,R2,G00175,
20260903_111731_35c32a,507,task_created,,G00193,type=PUTAWAY pickup=RECV dropoff=G-04
20260903_111731_35c32a,511,task_created,,G00194,type=PACK pickup=PICK-1 dropoff=PACK-2
20260903_111731_35c32a,513,task_created,,G00195,type=SHIP pickup=STAGING dropoff=DOCK-2
20260903_111731_35c32a,515,task_assigned,R1,G00183,
20260903_111731_35c32a,515,task_assigned,R7,G00187,
20260903_111731_35c32a,515,task_created,,G00196,type=PUTAWAY pickup=RECV dropoff=B-04
20260903_111731_35c32a,515,task_created,,G00197,type=PICK pickup=A-08 dropoff=PICK-2
20260903_111731_35c32a,519,task_assigned,R4,G00189,
20260903_111731_35c32a,523,task_completed,R5,G00151,
20260903_111731_35c32a,523,task_created,,G00198,type=PUTAWAY pickup=RECV dropoff=A-02
20260903_111731_35c32a,523,task_created,,G00199,type=PACK pickup=PICK-1 dropoff=PACK-1
20260903_111731_35c32a,524,task_assigned,R5,G00193,
20260903_111731_35c32a,525,task_created,,G00200,type=PICK pickup=B-02 dropoff=PICK-3
20260903_111731_35c32a,527,task_created,,G00201,type=SHIP pickup=STAGING dropoff=DOCK-1
20260903_111731_35c32a,530,task_assigned,R3,G00146,
20260903_111731_35c32a,530,task_completed,R2,G00175,
20260903_111731_35c32a,531,task_assigned,R2,G00196,
20260903_111731_35c32a,531,task_created,,G00202,type=PUTAWAY pickup=RECV dropoff=D-03
20260903_111731_35c32a,533,task_completed,R6,G00180,
20260903_111731_35c32a,534,task_assigned,R6,G00198,
20260903_111731_35c32a,535,task_created,,G00203,type=PICK pickup=B-04 dropoff=PICK-2
20260903_111731_35c32a,535,task_created,,G00204,type=PACK pickup=PICK-2 dropoff=PACK-1
20260903_111731_35c32a,538,task_assigned,R8,G00202,
20260903_111731_35c32a,539,task_created,,G00205,type=PUTAWAY pickup=RECV dropoff=B-08
20260903_111731_35c32a,541,task_created,,G00206,type=SHIP pickup=STAGING dropoff=DOCK-2
20260903_111731_35c32a,545,task_completed,R1,G00183,
20260903_111731_35c32a,545,task_created,,G00207,type=PICK pickup=E-05 dropoff=PICK-1
20260903_111731_35c32a,546,task_assigned,R1,G00205,
20260903_111731_35c32a,547,task_created,,G00208,type=PUTAWAY pickup=RECV dropoff=F-02
20260903_111731_35c32a,547,task_created,,G00209,type=PACK pickup=PICK-1 dropoff=PACK-2
20260903_111731_35c32a,550,task_completed,R3,G00146,
20260903_111731_35c32a,551,task_assigned,R3,G00208,
20260903_111731_35c32a,555,task_created,,G00210,type=PUTAWAY pickup=BUFFER dropoff=B-03
20260903_111731_35c32a,555,task_created,,G00211,type=PICK pickup=B-01 dropoff=PICK-3
20260903_111731_35c32a,555,task_created,,G00212,type=SHIP pickup=STAGING dropoff=DOCK-1
20260903_111731_35c32a,558,task_completed,R5,G00193,
20260903_111731_35c32a,558,task_completed,R6,G00198,
20260903_111731_35c32a,559,task_assigned,R6,G00157,
20260903_111731_35c32a,559,task_assigned,R5,G00210,
20260903_111731_35c32a,559,task_created,,G00213,type=PACK pickup=PICK-2 dropoff=PACK-2
20260903_111731_35c32a,563,task_completed,R2,G00196,
20260903_111731_35c32a,563,task_created,,G00214,type=PUTAWAY pickup=RECV dropoff=H-01
20260903_111731_35c32a,564,task_assigned,R2,G00214,
20260903_111731_35c32a,565,task_created,,G00215,type=PICK pickup=C-07 dropoff=PICK-1
20260903_111731_35c32a,566,task_completed,R4,G00189,
20260903_111731_35c32a,567,task_assigned,R4,G00161,
20260903_111731_35c32a,569,task_created,,G00216,type=SHIP pickup=STAGING dropoff=DOCK-2
20260903_111731_35c32a,571,task_created,,G00217,type=PUTAWAY pickup=RECV dropoff=C-01
20260903_111731_35c32a,571,task_created,,G00218,type=PACK pickup=PICK-2 dropoff=PACK-1
20260903_111731_35c32a,575,task_completed,R5,G00210,
20260903_111731_35c32a,575,task_created,,G00219,type=PICK pickup=G-02 dropoff=PICK-2
20260903_111731_35c32a,576,task_assigned,R5,G00217,
20260903_111731_35c32a,577,task_completed,R7,G00187,
20260903_111731_35c32a,578,task_assigned,R7,G00166,
20260903_111731_35c32a,579,task_completed,R6,G00157,
20260903_111731_35c32a,579,task_created,,G00220,type=PUTAWAY pickup=BUFFER dropoff=F-08
20260903_111731_35c32a,580,task_assigned,R6,G00220,
20260903_111731_35c32a,583,task_created,,G00221,type=PACK pickup=PICK-2 dropoff=PACK-2
20260903_111731_35c32a,583,task_created,,G00222,type=SHIP pickup=STAGING dropoff=DOCK-1
20260903_111731_35c32a,585,task_completed,R3,G00208,
20260903_111731_35c32a,585,task_created,,G00223,type=PICK pickup=B-07 dropoff=PICK-2
20260903_111731_35c32a,586,task_assigned,R3,G00170,
20260903_111731_35c32a,587,task_created,,G00224,type=PUTAWAY pickup=RECV dropoff=C-02
20260903_111731_35c32a,591,task_completed,R4,G00161,
20260903_111731_35c32a,592,task_assigned,R4,G00224,
20260903_111731_35c32a,594,task_completed,R8,G00202,
20260903_111731_35c32a,595,task_created,,G00225,type=PUTAWAY pickup=BUFFER dropoff=G-02
20260903_111731_35c32a,595,task_assigned,R8,G00225,
20260903_111731_35c32a,595,task_created,,G00226,type=PICK pickup=H-04 dropoff=PICK-2
20260903_111731_35c32a,595,task_created,,G00227,type=PACK pickup=PICK-1 dropoff=PACK-2
20260903_111731_35c32a,597,task_created,,G00228,type=SHIP pickup=STAGING dropoff=DOCK-2
20260903_111731_35c32a,602,task_completed,R3,G00170,
20260903_111731_35c32a,602,task_completed,R6,G00220,
20260903_111731_35c32a,603,task_assigned,R3,G00173,
20260903_111731_35c32a,603,task_created,,G00229,type=PUTAWAY pickup=BUFFER dropoff=F-01
20260903_111731_35c32a,603,task_assigned,R6,G00229,
20260903_111731_35c32a,605,task_created,,G00230,type=PICK pickup=G-05 dropoff=PICK-3
20260903_111731_35c32a,607,task_created,,G00231,type=PACK pickup=PICK-3 dropoff=PACK-2
20260903_111731_35c32a,610,task_completed,R1,G00205,
20260903_111731_35c32a,611,task_created,,G00232,type=PUTAWAY pickup=RECV dropoff=H-03
20260903_111731_35c32a,611,task_assigned,R1,G00232,
20260903_111731_35c32a,611,task_created,,G00233,type=SHIP pickup=STAGING dropoff=DOCK-2
20260903_111731_35c32a,615,task_created,,G00234,type=PICK pickup=B-08 dropoff=PICK-2
20260903_111731_35c32a,616,task_completed,R3,G00173,
20260903_111731_35c32a,617,task_assigned,R3,G00177,
20260903_111731_35c32a,617,task_completed,R8,G00225,
20260903_111731_35c32a,618,task_assigned,R8,G00181,
20260903_111731_35c32a,619,task_completed,R4,G00224,
20260903_111731_35c32a,619,task_created,,G00235,type=PUTAWAY pickup=BUFFER dropoff=C-03
20260903_111731_35c32a,619,task_created,,G00236,type=PACK pickup=PICK-2 dropoff=PACK-2
20260903_111731_35c32a,620,task_assigned,R4,G00235,
20260903_111731_35c32a,621,task_completed,R6,G00229,
20260903_111731_35c32a,622,task_assigned,R6,G00184,
20260903_111731_35c32a,625,task_completed,R7,G00166,
20260903_111731_35c32a,625,task_created,,G00237,type=PICK pickup=G-07 dropoff=PICK-2
20260903_111731_35c32a,625,task_created,,G00238,type=SHIP pickup=STAGING dropoff=DOCK-2
20260903_111731_35c32a,626,task_assigned,R7,G00188,
20260903_111731_35c32a,627,task_created,,G00239,type=PUTAWAY pickup=BUFFER dropoff=E-06
20260903_111731_35c32a,631,task_created,,G00240,type=PACK pickup=PICK-1 dropoff=PACK-1
20260903_111731_35c32a,634,task_completed,R4,G00235,
20260903_111731_35c32a,635,task_assigned,R4,G00239,
20260903_111731_35c32a,635,task_created,,G00241,type=PUTAWAY pickup=RECV dropoff=G-01
20260903_111731_35c32a,635,task_created,,G00242,type=PICK pickup=C-04 dropoff=PICK-1
20260903_111731_35c32a,637,task_completed,R5,G00217,
20260903_111731_35c32a,638,task_assigned,R5,G00241,
20260903_111731_35c32a,639,task_created,,G00243,type=SHIP pickup=STAGING dropoff=DOCK-2
20260903_111731_35c32a,643,task_created,,G00244,type=PUTAWAY pickup=BUFFER dropoff=D-07
20260903_111731_35c32a,643,task_created,,G00245,type=PACK pickup=PICK-2 dropoff=PACK-1
20260903_111731_35c32a,645,task_created,,G00246,type=PICK pickup=D-01 dropoff=PICK-1
20260903_111731_35c32a,647,task_completed,R3,G00177,
20260903_111731_35c32a,648,task_completed,R2,G00214,
20260903_111731_35c32a,648,task_assigned,R3,G00244,
20260903_111731_35c32a,649,task_assigned,R2,G00192,
20260903_111731_35c32a,651,task_created,,G00247,type=PUTAWAY pickup=RECV dropoff=B-05
20260903_111731_35c32a,653,task_created,,G00248,type=SHIP pickup=STAGING dropoff=DOCK-1
20260903_111731_35c32a,654,task_completed,R6,G00184,
20260903_111731_35c32a,655,task_completed,R4,G00239,
20260903_111731_35c32a,655,task_assigned,R6,G00247,
20260903_111731_35c32a,655,task_created,,G00249,type=PICK pickup=C-06 dropoff=PICK-3
20260903_111731_35c32a,655,task_created,,G00250,type=PACK pickup=PICK-2 dropoff=PACK-1
20260903_111731_35c32a,656,task_assigned,R4,G00197,
20260903_111731_35c32a,657,task_completed,R7,G00188,
20260903_111731_35c32a,658,task_completed,R8,G00181,
20260903_111731_35c32a,658,task_assigned,R7,G00200,
20260903_111731_35c32a,659,task_created,,G00251,type=PUTAWAY pickup=RECV dropoff=D-06
20260903_111731_35c32a,659,task_assigned,R8,G00251,
20260903_111731_35c32a,662,task_completed,R2,G00192,
20260903_111731_35c32a,663,task_assigned,R2,G00203,
20260903_111731_35c32a,665,task_created,,G00252,type=PICK pickup=C-01 dropoff=PICK-2
20260903_111731_35c32a,667,task_completed,R1,G00232,
20260903_111731_35c32a,667,task_created,,G00253,type=PUTAWAY pickup=BUFFER dropoff=A-04
20260903_111731_35c32a,667,task_created,,G00254,type=PACK pickup=PICK-1 dropoff=PACK-2
20260903_111731_35c32a,667,task_created,,G00255,type=SHIP pickup=STAGING dropoff=DOCK-2
20260903_111731_35c32a,668,task_assigned,R1,G00253,
20260903_111731_35c32a,669,task_completed,R3,G00244,
20260903_111731_35c32a,670,task_assigned,R3,G00207,
20260903_111731_35c32a,670,task_completed,R5,G00241,
20260903_111731_35c32a,671,task_completed,R4,G00197,
20260903_111731_35c32a,671,task_assigned,R5,G00211,
20260903_111731_35c32a,672,task_assigned,R4,G00215,
20260903_111731_35c32a,675,task_created,,G00256,type=PUTAWAY pickup=RECV dropoff=D-01
20260903_111731_35c32a,675,task_created,,G00257,type=PICK pickup=A-07 dropoff=PICK-2
20260903_111731_35c32a,679,task_created,,G00258,type=PACK pickup=PICK-3 dropoff=PACK-2
20260903_111731_35c32a,681,task_completed,R2,G00203,
20260903_111731_35c32a,681,task_created,,G00259,type=SHIP pickup=STAGING dropoff=DOCK-1
20260903_111731_35c32a,683,task_created,,G00260,type=PUTAWAY pickup=RECV dropoff=F-03
20260903_111731_35c32a,685,task_created,,G00261,type=PICK pickup=E-06 dropoff=PICK-2
20260903_111731_35c32a,691,task_created,,G00262,type=PUTAWAY pickup=BUFFER dropoff=D-04
20260903_111731_35c32a,691,task_created,,G00263,type=PACK pickup=PICK-2 dropoff=PACK-1
20260903_111731_35c32a,693,task_completed,R7,G00200,
20260903_111731_35c32a,693,task_completed,R8,G00251,
20260903_111731_35c32a,694,task_assigned,R8,G00256,
20260903_111731_35c32a,694,task_assigned,R7,G00260,
20260903_111731_35c32a,695,task_completed,R6,G00247,
20260903_111731_35c32a,695,task_created,,G00264,type=PICK pickup=D-03 dropoff=PICK-1
20260903_111731_35c32a,695,task_created,,G00265,type=SHIP pickup=STAGING dropoff=DOCK-1
20260903_111731_35c32a,696,task_assigned,R6,G00262,
20260903_111731_35c32a,697,task_completed,R1,G00253,
20260903_111731_35c32a,698,task_assigned,R1,G00219,
20260903_111731_35c32a,699,task_created,,G00266,type=PUTAWAY pickup=BUFFER dropoff=F-02
20260903_111731_35c32a,703,task_completed,R3,G00207,
20260903_111731_35c32a,703,task_created,,G00267,type=PACK pickup=PICK-3 dropoff=PACK-1
20260903_111731_35c32a,704,task_assigned,R3,G00266,
20260903_111731_35c32a,705,task_completed,R4,G00215,
20260903_111731_35c32a,705,task_created,,G00268,type=PICK pickup=D-03 dropoff=PICK-3
20260903_111731_35c32a,706,task_assigned,R4,G00223,
20260903_111731_35c32a,707,task_created,,G00269,type=PUTAWAY pickup=RECV dropoff=G-05
20260903_111731_35c32a,708,task_completed,R5,G00211,
20260903_111731_35c32a,709,task_created,,G00270,type=SHIP pickup=STAGING dropoff=DOCK-1
20260903_111731_35c32a,714,task_interrupted,R6,G00262,
20260903_111731_35c32a,715,task_assigned,R5,G00262,
20260903_111731_35c32a,715,task_created,,G00271,type=PUTAWAY pickup=RECV dropoff=B-05
20260903_111731_35c32a,715,task_created,,G00272,type=PICK pickup=F-07 dropoff=PICK-3
20260903_111731_35c32a,715,task_created,,G00273,type=PACK pickup=PICK-2 dropoff=PACK-2
20260903_111731_35c32a,719,task_interrupted,R4,G00223,
20260903_111731_35c32a,719,task_assigned,R2,G00269,
20260903_111731_35c32a,723,task_completed,R1,G00219,
20260903_111731_35c32a,723,task_completed,R5,G00262,
20260903_111731_35c32a,723,task_created,,G00274,type=PUTAWAY pickup=BUFFER dropoff=D-08
20260903_111731_35c32a,723,task_created,,G00275,type=SHIP pickup=STAGING dropoff=DOCK-2
20260903_111731_35c32a,724,task_assigned,R1,G00271,
20260903_111731_35c32a,725,task_created,,G00276,type=PICK pickup=F-02 dropoff=PICK-3
20260903_111731_35c32a,726,task_completed,R3,G00266,
20260903_111731_35c32a,727,task_assigned,R5,G00223,
20260903_111731_35c32a,727,task_assigned,R3,G00274,
20260903_111731_35c32a,727,task_created,,G00277,type=PACK pickup=PICK-2 dropoff=PACK-2
20260903_111731_35c32a,731,task_interrupted,R5,G00223,
20260903_111731_35c32a,731,task_created,,G00278,type=PUTAWAY pickup=BUFFER dropoff=H-07
20260903_111731_35c32a,735,task_created,,G00279,type=PICK pickup=D-03 dropoff=PICK-1
20260903_111731_35c32a,737,task_created,,G00280,type=SHIP pickup=STAGING dropoff=DOCK-2
20260903_111731_35c32a,738,task_interrupted,R1,G00271,
20260903_111731_35c32a,739,task_created,,G00281,type=PUTAWAY pickup=BUFFER dropoff=F-03
20260903_111731_35c32a,739,task_created,,G00282,type=PACK pickup=PICK-2 dropoff=PACK-1
20260903_111731_35c32a,741,task_interrupted,R7,G00260,
20260903_111731_35c32a,745,task_created,,G00283,type=PICK pickup=H-04 dropoff=PICK-2
20260903_111731_35c32a,747,task_assigned,R4,G00223,
20260903_111731_35c32a,747,task_created,,G00284,type=PUTAWAY pickup=BUFFER dropoff=B-03
20260903_111731_35c32a,750,task_completed,R8,G00256,
20260903_111731_35c32a,751,task_interrupted,R3,G00274,
20260903_111731_35c32a,751,task_created,,G00285,type=PACK pickup=PICK-1 dropoff=PACK-1
20260903_111731_35c32a,751,task_created,,G00286,type=SHIP pickup=STAGING dropoff=DOCK-2
20260903_111731_35c32a,755,task_assigned,R6,G00260,
20260903_111731_35c32a,755,task_completed,R2,G00269,
20260903_111731_35c32a,755,task_created,,G00287,type=PUTAWAY pickup=RECV dropoff=A-07
20260903_111731_35c32a,755,task_created,,G00288,type=PICK pickup=F-02 dropoff=PICK-3
20260903_111731_35c32a,756,task_assigned,R2,G00271,
20260903_111731_35c32a,762,task_assigned,R1,G00274,
20260903_111731_35c32a,763,task_created,,G00289,type=PUTAWAY pickup=BUFFER dropoff=D-05
20260903_111731_35c32a,763,task_created,,G00290,type=PACK pickup=PICK-3 dropoff=PACK-1
20260903_111731_35c32a,765,task_created,,G00291,type=PICK pickup=C-08 dropoff=PICK-2
20260903_111731_35c32a,765,task_created,,G00292,type=SHIP pickup=STAGING dropoff=DOCK-1
20260903_111731_35c32a,771,task_assigned,R5,G00278,
20260903_111731_35c32a,771,task_created,,G00293,type=PUTAWAY pickup=BUFFER dropoff=D-04
20260903_111731_35c32a,773,task_completed,R4,G00223,
20260903_111731_35c32a,774,task_assigned,R4,G00281,
20260903_111731_35c32a,775,task_created,,G00294,type=PICK pickup=E-06 dropoff=PICK-2
20260903_111731_35c32a,775,task_created,,G00295,type=PACK pickup=PICK-1 dropoff=PACK-1
20260903_111731_35c32a,779,task_created,,G00296,type=PUTAWAY pickup=RECV dropoff=G-05
20260903_111731_35c32a,779,task_created,,G00297,type=SHIP pickup=STAGING dropoff=DOCK-1
20260903_111731_35c32a,780,task_completed,R6,G00260,
20260903_111731_35c32a,780,task_completed,R2,G00271,
20260903_111731_35c32a,781,task_assigned,R6,G00284,
20260903_111731_35c32a,781,task_assigned,R2,G00287,
20260903_111731_35c32a,784,task_assigned,R7,G00289,
20260903_111731_35c32a,785,task_created,,G00298,type=PICK pickup=E-07 dropoff=PICK-1
20260903_111731_35c32a,787,task_created,,G00299,type=PUTAWAY pickup=RECV dropoff=A-06
20260903_111731_35c32a,787,task_created,,G00300,type=PACK pickup=PICK-3 dropoff=PACK-2
20260903_111731_35c32a,793,task_assigned,R3,G00293,
20260903_111731_35c32a,793,task_created,,G00301,type=SHIP pickup=STAGING dropoff=DOCK-2
20260903_111731_35c32a,794,task_completed,R6,G00284,
20260903_111731_35c32a,795,task_assigned,R6,G00296,
20260903_111731_35c32a,795,task_created,,G00302,type=PUTAWAY pickup=RECV dropoff=H-01
20260903_111731_35c32a,795,task_created,,G00303,type=PICK pickup=A-03 dropoff=PICK-2
20260903_111731_35c32a,796,task_completed,R2,G00287,
20260903_111731_35c32a,797,task_completed,R1,G00274,
20260903_111731_35c32a,797,task_assigned,R2,G00299,
20260903_111731_35c32a,798,task_assigned,R1,G00302,
20260903_111731_35c32a,799,task_created,,G00304,type=PACK pickup=PICK-1 dropoff=PACK-1
20260903_111731_35c32a,802,task_completed,R4,G00281,
20260903_111731_35c32a,803,task_created,,G00305,type=PUTAWAY pickup=RECV dropoff=B-04
20260903_111731_35c32a,803,task_assigned,R4,G00305,
20260903_111731_35c32a,804,task_assigned,R8,G00226,
20260903_111731_35c32a,805,task_created,,G00306,type=PICK pickup=G-07 dropoff=PICK-1
20260903_111731_35c32a,807,task_created,,G00307,type=SHIP pickup=STAGING dropoff=DOCK-1
20260903_111731_35c32a,809,task_completed,R2,G00299,
20260903_111731_35c32a,810,task_assigned,R2,G00230,
20260903_111731_35c32a,811,task_created,,G00308,type=PUTAWAY pickup=RECV dropoff=D-07
20260903_111731_35c32a,811,task_created,,G00309,type=PACK pickup=PICK-2 dropoff=PACK-2
20260903_111731_35c32a,815,task_created,,G00310,type=PICK pickup=F-01 dropoff=PICK-1
20260903_111731_35c32a,818,task_completed,R5,G00278,
20260903_111731_35c32a,819,task_assigned,R5,G00308,
20260903_111731_35c32a,819,task_created,,G00311,type=PUTAWAY pickup=BUFFER dropoff=F-05
20260903_111731_35c32a,821,task_created,,G00312,type=SHIP pickup=STAGING dropoff=DOCK-2
20260903_111731_35c32a,823,task_created,,G00313,type=PACK pickup=PICK-2 dropoff=PACK-2
20260903_111731_35c32a,825,task_completed,R7,G00289,
20260903_111731_35c32a,825,task_completed,R4,G00305,
20260903_111731_35c32a,825,task_created,,G00314,type=PICK pickup=H-05 dropoff=PICK-3
20260903_111731_35c32a,826,task_assigned,R7,G00234,
20260903_111731_35c32a,826,task_assigned,R4,G00311,
20260903_111731_35c32a,827,task_created,,G00315,type=PUTAWAY pickup=RECV dropoff=D-06
20260903_111731_35c32a,835,task_completed,R6,G00296,
20260903_111731_35c32a,835,task_created,,G00316,type=PUTAWAY pickup=BUFFER dropoff=F-02
20260903_111731_35c32a,835,task_created,,G00317,type=PICK pickup=A-01 dropoff=PICK-2
20260903_111731_35c32a,835,task_created,,G00318,type=PACK pickup=PICK-3 dropoff=PACK-1
20260903_111731_35c32a,835,task_created,,G00319,type=SHIP pickup=STAGING dropoff=DOCK-1
20260903_111731_35c32a,836,task_completed,R3,G00293,
20260903_111731_35c32a,836,task_assigned,R6,G00315,
20260903_111731_35c32a,837,task_assigned,R3,G00316,
20260903_111731_35c32a,841,task_completed,R2,G00230,
20260903_111731_35c32a,842,task_assigned,R2,G00237,
20260903_111731_35c32a,843,task_completed,R4,G00311,
20260903_111731_35c32a,843,task_created,,G00320,type=PUTAWAY pickup=BUFFER dropoff=C-04
20260903_111731_35c32a,844,task_assigned,R4,G00320,
20260903_111731_35c32a,845,task_created,,G00321,type=PICK pickup=F-08 dropoff=PICK-2
20260903_111731_35c32a,846,task_completed,R7,G00234,
20260903_111731_35c32a,847,task_assigned,R7,G00242,
20260903_111731_35c32a,847,task_created,,G00322,type=PACK pickup=PICK-2 dropoff=PACK-2
20260903_111731_35c32a,848,task_completed,R1,G00302,
20260903_111731_35c32a,849,task_assigned,R1,G00246,
20260903_111731_35c32a,849,task_created,,G00323,type=SHIP pickup=STAGING dropoff=DOCK-1
20260903_111731_35c32a,851,task_created,,G00324,type=PUTAWAY pickup=BUFFER dropoff=B-08
20260903_111731_35c32a,853,task_completed,R8,G00226,
20260903_111731_35c32a,854,task_assigned,R8,G00324,
20260903_111731_35c32a,855,task_created,,G00325,type=PICK pickup=G-04 dropoff=PICK-2
20260903_111731_35c32a,859,task_created,,G00326,type=PUTAWAY pickup=RECV dropoff=A-08
20260903_111731_35c32a,859,task_created,,G00327,type=PACK pickup=PICK-3 dropoff=PACK-1
20260903_111731_35c32a,861,task_completed,R2,G00237,
20260903_111731_35c32a,862,task_assigned,R2,G00326,
20260903_111731_35c32a,863,task_created,,G00328,type=SHIP pickup=STAGING dropoff=DOCK-2
20260903_111731_35c32a,864,task_completed,R4,G00320,
20260903_111731_35c32a,865,task_assigned,R4,G00249,
20260903_111731_35c32a,865,task_created,,G00329,type=PICK pickup=G-02 dropoff=PICK-3
20260903_111731_35c32a,867,task_created,,G00330,type=PUTAWAY pickup=BUFFER dropoff=F-08
20260903_111731_35c32a,868,task_completed,R1,G00246,
20260903_111731_35c32a,869,task_assigned,R1,G00330,
20260903_111731_35c32a,871,task_created,,G00331,type=PACK pickup=PICK-2 dropoff=PACK-1
20260903_111731_35c32a,872,task_completed,R5,G00308,
20260903_111731_35c32a,873,task_assigned,R5,G00252,
20260903_111731_35c32a,874,task_completed,R6,G00315,
20260903_111731_35c32a,875,task_completed,R4,G00249,
20260903_111731_35c32a,875,task_created,,G00332,type=PUTAWAY pickup=BUFFER dropoff=G-08
20260903_111731_35c32a,875,task_assigned,R6,G00332,
20260903_111731_35c32a,875,task_created,,G00333,type=PICK pickup=F-03 dropoff=PICK-1
20260903_111731_35c32a,876,task_assigned,R4,G00257,
20260903_111731_35c32a,876,task_completed,R8,G00324,
20260903_111731_35c32a,877,task_assigned,R8,G00261,
20260903_111731_35c32a,877,task_created,,G00334,type=SHIP pickup=STAGING dropoff=DOCK-2
20260903_111731_35c32a,878,task_completed,R7,G00242,
20260903_111731_35c32a,879,task_assigned,R7,G00264,
20260903_111731_35c32a,883,task_created,,G00335,type=PUTAWAY pickup=BUFFER dropoff=E-05
20260903_111731_35c32a,883,task_created,,G00336,type=PACK pickup=PICK-2 dropoff=PACK-1
20260903_111731_35c32a,885,task_created,,G00337,type=PICK pickup=D-06 dropoff=PICK-1
20260903_111731_35c32a,890,task_completed,R1,G00330,
20260903_111731_35c32a,891,task_assigned,R1,G00335,
20260903_111731_35c32a,891,task_created,,G00338,type=PUTAWAY pickup=RECV dropoff=B-07
20260903_111731_35c32a,891,task_created,,G00339,type=SHIP pickup=STAGING dropoff=DOCK-2
20260903_111731_35c32a,895,task_created,,G00340,type=PICK pickup=B-01 dropoff=PICK-1
20260903_111731_35c32a,895,task_created,,G00341,type=PACK pickup=PICK-3 dropoff=PACK-2
20260903_111731_35c32a,896,task_completed,R5,G00252,
20260903_111731_35c32a,897,task_completed,R2,G00326,
20260903_111731_35c32a,897,task_assigned,R5,G00338,
20260903_111731_35c32a,898,task_assigned,R2,G00268,
20260903_111731_35c32a,899,task_created,,G00342,type=PUTAWAY pickup=RECV dropoff=C-02
20260903_111731_35c32a,901,task_completed,R8,G00261,
20260903_111731_35c32a,902,task_assigned,R8,G00342,
20260903_111731_35c32a,905,task_created,,G00343,type=PICK pickup=B-01 dropoff=PICK-3
20260903_111731_35c32a,905,task_created,,G00344,type=SHIP pickup=STAGING dropoff=DOCK-1
20260903_111731_35c32a,907,task_created,,G00345,type=PUTAWAY pickup=BUFFER dropoff=F-05
20260903_111731_35c32a,907,task_created,,G00346,type=PACK pickup=PICK-3 dropoff=PACK-1
20260903_111731_35c32a,909,task_completed,R3,G00316,
20260903_111731_35c32a,910,task_assigned,R3,G00345,
20260903_111731_35c32a,914,task_completed,R6,G00332,
20260903_111731_35c32a,915,task_created,,G00347,type=PUTAWAY pickup=RECV dropoff=A-02
20260903_111731_35c32a,915,task_assigned,R6,G00347,
20260903_111731_35c32a,915,task_created,,G00348,type=PICK pickup=A-03 dropoff=PICK-3
20260903_111731_35c32a,919,task_created,,G00349,type=PACK pickup=PICK-2 dropoff=PACK-1
20260903_111731_35c32a,919,task_created,,G00350,type=SHIP pickup=STAGING dropoff=DOCK-2
20260903_111731_35c32a,922,task_completed,R4,G00257,
20260903_111731_35c32a,923,task_created,,G00351,type=PUTAWAY pickup=BUFFER dropoff=A-08
20260903_111731_35c32a,923,task_assigned,R4,G00351,
20260903_111731_35c32a,924,task_completed,R3,G00345,
20260903_111731_35c32a,925,task_assigned,R3,G00272,
20260903_111731_35c32a,925,task_created,,G00352,type=PICK pickup=A-02 dropoff=PICK-1
20260903_111731_35c32a,928,task_completed,R7,G00264,
20260903_111731_35c32a,929,task_assigned,R7,G00276,
20260903_111731_35c32a,929,task_completed,R1,G00335,
20260903_111731_35c32a,930,task_assigned,R1,G00279,
20260903_111731_35c32a,930,task_completed,R5,G00338,
20260903_111731_35c32a,931,task_created,,G00353,type=PUTAWAY pickup=RECV dropoff=C-01
20260903_111731_35c32a,931,task_assigned,R5,G00353,
20260903_111731_35c32a,931,task_created,,G00354,type=PACK pickup=PICK-2 dropoff=PACK-1
20260903_111731_35c32a,933,task_created,,G00355,type=SHIP pickup=STAGING dropoff=DOCK-2
20260903_111731_35c32a,934,task_completed,R2,G00268,
20260903_111731_35c32a,935,task_created,,G00356,type=PICK pickup=A-07 dropoff=PICK-3
20260903_111731_35c32a,939,task_created,,G00357,type=PUTAWAY pickup=RECV dropoff=H-02
20260903_111731_35c32a,942,task_completed,R3,G00272,
20260903_111731_35c32a,943,task_completed,R6,G00347,
20260903_111731_35c32a,943,task_assigned,R3,G00357,
20260903_111731_35c32a,943,task_created,,G00358,type=PACK pickup=PICK-2 dropoff=PACK-2
20260903_111731_35c32a,944,task_assigned,R6,G00283,
20260903_111731_35c32a,945,task_completed,R4,G00351,
20260903_111731_35c32a,945,task_created,,G00359,type=PICK pickup=B-04 dropoff=PICK-3
20260903_111731_35c32a,946,task_assigned,R4,G00288,
20260903_111731_35c32a,947,task_created,,G00360,type=PUTAWAY pickup=RECV dropoff=H-08
20260903_111731_35c32a,947,task_created,,G00361,type=SHIP pickup=STAGING dropoff=DOCK-2
20260903_111731_35c32a,950,task_completed,R8,G00342,
20260903_111731_35c32a,951,task_assigned,R8,G00360,
20260903_111731_35c32a,955,task_created,,G00362,type=PUTAWAY pickup=RECV dropoff=G-05
20260903_111731_35c32a,955,task_created,,G00363,type=PICK pickup=B-05 dropoff=PICK-1
20260903_111731_35c32a,955,task_created,,G00364,type=PACK pickup=PICK-1 dropoff=PACK-2
20260903_111731_35c32a,960,task_completed,R5,G00353,
20260903_111731_35c32a,961,task_assigned,R5,G00362,
20260903_111731_35c32a,961,task_created,,G00365,type=SHIP pickup=STAGING dropoff=DOCK-2
20260903_111731_35c32a,963,task_created,,G00366,type=PUTAWAY pickup=RECV dropoff=G-08
20260903_111731_35c32a,965,task_interrupted,R4,G00288,
20260903_111731_35c32a,965,task_created,,G00367,type=PICK pickup=E-04 dropoff=PICK-2
20260903_111731_35c32a,967,task_created,,G00368,type=PACK pickup=PICK-2 dropoff=PACK-1
20260903_111731_35c32a,971,task_created,,G00369,type=PUTAWAY pickup=RECV dropoff=C-05
20260903_111731_35c32a,975,task_created,,G00370,type=PICK pickup=B-03 dropoff=PICK-3
20260903_111731_35c32a,975,task_created,,G00371,type=SHIP pickup=STAGING dropoff=DOCK-2
20260903_111731_35c32a,978,task_interrupted,R1,G00279,
20260903_111731_35c32a,979,task_created,,G00372,type=PUTAWAY pickup=BUFFER dropoff=D-08
20260903_111731_35c32a,979,task_created,,G00373,type=PACK pickup=PICK-2 dropoff=PACK-2
20260903_111731_35c32a,980,task_assigned,R2,G00366,
20260903_111731_35c32a,985,task_interrupted,R6,G00283,
20260903_111731_35c32a,985,task_created,,G00374,type=PICK pickup=A-05 dropoff=PICK-1
20260903_111731_35c32a,987,task_interrupted,R5,G00362,
20260903_111731_35c32a,987,task_created,,G00375,type=PUTAWAY pickup=BUFFER dropoff=H-07
20260903_111731_35c32a,989,task_created,,G00376,type=SHIP pickup=STAGING dropoff=DOCK-2
20260903_111731_35c32a,991,task_created,,G00377,type=PACK pickup=PICK-3 dropoff=PACK-1
20260903_111731_35c32a,995,task_completed,R3,G00357,
20260903_111731_35c32a,995,task_created,,G00378,type=PUTAWAY pickup=RECV dropoff=A-01
20260903_111731_35c32a,995,task_created,,G00379,type=PICK pickup=E-04 dropoff=PICK-3
20260903_111731_35c32a,996,task_completed,R8,G00360,
20260903_111731_35c32a,996,task_assigned,R3,G00362,
20260903_111731_35c32a,997,task_assigned,R8,G00369,
20260903_111731_35c32a,1000,task_completed,R7,G00276,
20260903_111731_35c32a,1001,task_assigned,R7,G00372,
20260903_111731_35c32a,1003,task_created,,G00380,type=PUTAWAY pickup=BUFFER dropoff=H-07
20260903_111731_35c32a,1003,task_created,,G00381,type=PACK pickup=PICK-1 dropoff=PACK-1
20260903_111731_35c32a,1003,task_created,,G00382,type=SHIP pickup=STAGING dropoff=DOCK-2
20260903_111731_35c32a,1005,task_created,,G00383,type=PICK pickup=H-08 dropoff=PICK-2
20260903_111731_35c32a,1006,task_assigned,R4,G00288,
20260903_111731_35c32a,1008,task_assigned,R1,G00279,
20260903_111731_35c32a,1008,task_interrupted,R3,G00362,
20260903_111731_35c32a,1010,task_interrupted,R7,G00372,
20260903_111731_35c32a,1011,task_created,,G00384,type=PUTAWAY pickup=RECV dropoff=A-06
20260903_111731_35c32a,1015,task_created,,G00385,type=PICK pickup=A-08 dropoff=PICK-1
20260903_111731_35c32a,1015,task_created,,G00386,type=PACK pickup=PICK-2 dropoff=PACK-2
20260903_111731_35c32a,1017,task_completed,R2,G00366,
20260903_111731_35c32a,1017,task_created,,G00387,type=SHIP pickup=STAGING dropoff=DOCK-1
20260903_111731_35c32a,1018,task_assigned,R2,G00362,
20260903_111731_35c32a,1019,task_assigned,R5,G00372,
20260903_111731_35c32a,1019,task_created,,G00388,type=PUTAWAY pickup=BUFFER dropoff=F-04
20260903_111731_35c32a,1021,task_interrupted,R8,G00369,
20260903_111731_35c32a,1024,task_assigned,R6,G00283,
20260903_111731_35c32a,1025,task_created,,G00389,type=PICK pickup=H-04 dropoff=PICK-3
20260903_111731_35c32a,1027,task_created,,G00390,type=PUTAWAY pickup=BUFFER dropoff=H-08
20260903_111731_35c32a,1027,task_created,,G00391,type=PACK pickup=PICK-3 dropoff=PACK-2
20260903_111731_35c32a,1028,task_completed,R2,G00362,
20260903_111731_35c32a,1029,task_assigned,R2,G00369,
20260903_111731_35c32a,1031,task_created,,G00392,type=SHIP pickup=STAGING dropoff=DOCK-2
20260903_111731_35c32a,1035,task_completed,R1,G00279,
20260903_111731_35c32a,1035,task_completed,R4,G00288,
20260903_111731_35c32a,1035,task_created,,G00393,type=PUTAWAY pickup=RECV dropoff=E-04
20260903_111731_35c32a,1035,task_created,,G00394,type=PICK pickup=H-08 dropoff=PICK-2
20260903_111731_35c32a,1036,task_assigned,R1,G00375,
20260903_111731_35c32a,1036,task_assigned,R4,G00378,
20260903_111731_35c32a,1039,task_created,,G00395,type=PACK pickup=PICK-2 dropoff=PACK-1
20260903_111731_35c32a,1040,task_assigned,R3,G00380,
20260903_111731_35c32a,1042,task_assigned,R7,G00384,
20260903_111731_35c32a,1043,task_created,,G00396,type=PUTAWAY pickup=BUFFER dropoff=E-03
20260903_111731_35c32a,1045,task_created,,G00397,type=PICK pickup=F-01 dropoff=PICK-2
20260903_111731_35c32a,1045,task_created,,G00398,type=SHIP pickup=STAGING dropoff=DOCK-1
20260903_111731_35c32a,1050,task_assigned,R8,G00388,
20260903_111731_35c32a,1051,task_created,,G00399,type=PUTAWAY pickup=BUFFER dropoff=A-06
20260903_111731_35c32a,1051,task_created,,G00400,type=PACK pickup=PICK-2 dropoff=PACK-2
20260903_111731_35c32a,1055,task_created,,G00401,type=PICK pickup=H-03 dropoff=PICK-2
20260903_111731_35c32a,1059,task_completed,R2,G00369,
20260903_111731_35c32a,1059,task_created,,G00402,type=PUTAWAY pickup=RECV dropoff=F-03
20260903_111731_35c32a,1059,task_created,,G00403,type=SHIP pickup=STAGING dropoff=DOCK-1
20260903_111731_35c32a,1060,task_assigned,R2,G00390,
20260903_111731_35c32a,1062,task_completed,R5,G00372,
20260903_111731_35c32a,1063,task_assigned,R5,G00393,
20260903_111731_35c32a,1063,task_created,,G00404,type=PACK pickup=PICK-1 dropoff=PACK-2
20260903_111731_35c32a,1064,task_completed,R6,G00283,
20260903_111731_35c32a,1065,task_completed,R1,G00375,
20260903_111731_35c32a,1065,task_assigned,R6,G00396,
20260903_111731_35c32a,1065,task_created,,G00405,type=PICK pickup=B-01 dropoff=PICK-1
20260903_111731_35c32a,1066,task_assigned,R1,G00399,
20260903_111731_35c32a,1067,task_created,,G00406,type=PUTAWAY pickup=BUFFER dropoff=A-02
20260903_111731_35c32a,1070,task_completed,R7,G00384,
20260903_111731_35c32a,1071,task_assigned,R7,G00402,
20260903_111731_35c32a,1073,task_created,,G00407,type=SHIP pickup=STAGING dropoff=DOCK-1
20260903_111731_35c32a,1074,task_completed,R4,G00378,
20260903_111731_35c32a,1075,task_assigned,R4,G00406,
20260903_111731_35c32a,1075,task_created,,G00408,type=PUTAWAY pickup=RECV dropoff=D-04
20260903_111731_35c32a,1075,task_created,,G00409,type=PICK pickup=A-08 dropoff=PICK-2
20260903_111731_35c32a,1075,task_created,,G00410,type=PACK pickup=PICK-3 dropoff=PACK-2
20260903_111731_35c32a,1083,task_created,,G00411,type=PUTAWAY pickup=RECV dropoff=A-05
20260903_111731_35c32a,1084,task_completed,R2,G00390,
20260903_111731_35c32a,1085,task_completed,R3,G00380,
20260903_111731_35c32a,1085,task_assigned,R2,G00408,
20260903_111731_35c32a,1085,task_created,,G00412,type=PICK pickup=E-08 dropoff=PICK-3
20260903_111731_35c32a,1086,task_assigned,R3,G00411,
20260903_111731_35c32a,1087,task_completed,R7,G00402,
20260903_111731_35c32a,1087,task_created,,G00413,type=PACK pickup=PICK-3 dropoff=PACK-1
20260903_111731_35c32a,1087,task_created,,G00414,type=SHIP pickup=STAGING dropoff=DOCK-1
20260903_111731_35c32a,1088,task_assigned,R7,G00291,
20260903_111731_35c32a,1089,task_completed,R6,G00396,
20260903_111731_35c32a,1090,task_assigned,R6,G00294,
20260903_111731_35c32a,1091,task_created,,G00415,type=PUTAWAY pickup=RECV dropoff=G-07
20260903_111731_35c32a,1095,task_created,,G00416,type=PICK pickup=A-03 dropoff=PICK-1
20260903_111731_35c32a,1098,task_completed,R1,G00399,
20260903_111731_35c32a,1099,task_assigned,R1,G00415,
20260903_111731_35c32a,1099,task_created,,G00417,type=PUTAWAY pickup=RECV dropoff=D-08
20260903_111731_35c32a,1099,task_created,,G00418,type=PACK pickup=PICK-2 dropoff=PACK-1
20260903_111731_35c32a,1101,task_completed,R8,G00388,
20260903_111731_35c32a,1101,task_created,,G00419,type=SHIP pickup=STAGING dropoff=DOCK-1
20260903_111731_35c32a,1102,task_assigned,R8,G00417,
20260903_111731_35c32a,1105,task_created,,G00420,type=PICK pickup=C-02 dropoff=PICK-1
20260903_111731_35c32a,1106,task_completed,R7,G00291,
20260903_111731_35c32a,1107,task_created,,G00421,type=PUTAWAY pickup=BUFFER dropoff=G-04
20260903_111731_35c32a,1107,task_assigned,R7,G00421,
20260903_111731_35c32a,1108,task_completed,R6,G00294,
20260903_111731_35c32a,1109,task_assigned,R6,G00298,
20260903_111731_35c32a,1109,task_completed,R4,G00406,
20260903_111731_35c32a,1110,task_assigned,R4,G00303,
20260903_111731_35c32a,1111,task_created,,G00422,type=PACK pickup=PICK-3 dropoff=PACK-2
20260903_111731_35c32a,1115,task_created,,G00423,type=PUTAWAY pickup=BUFFER dropoff=A-01
20260903_111731_35c32a,1115,task_created,,G00424,type=PICK pickup=D-01 dropoff=PICK-2
20260903_111731_35c32a,1115,task_created,,G00425,type=SHIP pickup=STAGING dropoff=DOCK-1
20260903_111731_35c32a,1123,task_created,,G00426,type=PUTAWAY pickup=BUFFER dropoff=F-05
20260903_111731_35c32a,1123,task_created,,G00427,type=PACK pickup=PICK-3 dropoff=PACK-1
20260903_111731_35c32a,1124,task_completed,R3,G00411,
20260903_111731_35c32a,1125,task_completed,R7,G00421,
20260903_111731_35c32a,1125,task_assigned,R3,G00423,
20260903_111731_35c32a,1125,task_created,,G00428,type=PICK pickup=C-08 dropoff=PICK-2
20260903_111731_35c32a,1126,task_assigned,R7,G00426,
20260903_111731_35c32a,1128,task_completed,R6,G00298,
20260903_111731_35c32a,1129,task_assigned,R6,G00306,
20260903_111731_35c32a,1129,task_created,,G00429,type=SHIP pickup=STAGING dropoff=DOCK-2
20260903_111731_35c32a,1130,task_completed,R4,G00303,
20260903_111731_35c32a,1131,task_created,,G00430,type=PUTAWAY pickup=RECV dropoff=C-06
20260903_111731_35c32a,1131,task_assigned,R4,G00430,
20260903_111731_35c32a,1135,task_created,,G00431,type=PICK pickup=B-06 dropoff=PICK-1
20260903_111731_35c32a,1135,task_created,,G00432,type=PACK pickup=PICK-2 dropoff=PACK-2
20260903_111731_35c32a,1139,task_created,,G00433,type=PUTAWAY pickup=BUFFER dropoff=H-04
20260903_111731_35c32a,1143,task_created,,G00434,type=SHIP pickup=STAGING dropoff=DOCK-2
20260903_111731_35c32a,1145,task_completed,R7,G00426,
20260903_111731_35c32a,1145,task_created,,G00435,type=PICK pickup=D-05 dropoff=PICK-3
20260903_111731_35c32a,1146,task_assigned,R7,G00433,
20260903_111731_35c32a,1147,task_completed,R2,G00408,
20260903_111731_35c32a,1147,task_completed,R1,G00415,
20260903_111731_35c32a,1147,task_created,,G00436,type=PUTAWAY pickup=RECV dropoff=B-03
20260903_111731_35c32a,1147,task_created,,G00437,type=PACK pickup=PICK-1 dropoff=PACK-2
20260903_111731_35c32a,1148,task_assigned,R2,G00310,
20260903_111731_35c32a,1148,task_assigned,R1,G00436,
20260903_111731_35c32a,1151,task_completed,R8,G00417,
20260903_111731_35c32a,1152,task_assigned,R8,G00314,
20260903_111731_35c32a,1155,task_completed,R3,G00423,
20260903_111731_35c32a,1155,task_created,,G00438,type=PUTAWAY pickup=BUFFER dropoff=F-07
20260903_111731_35c32a,1155,task_created,,G00439,type=PICK pickup=F-08 dropoff=PICK-3
20260903_111731_35c32a,1156,task_assigned,R3,G00438,
20260903_111731_35c32a,1157,task_created,,G00440,type=SHIP pickup=STAGING dropoff=DOCK-1
20260903_111731_35c32a,1159,task_created,,G00441,type=PACK pickup=PICK-3 dropoff=PACK-2
20260903_111731_35c32a,1160,task_completed,R8,G00314,
20260903_111731_35c32a,1161,task_assigned,R8,G00317,
20260903_111731_35c32a,1163,task_created,,G00442,type=PUTAWAY pickup=BUFFER dropoff=H-02
20260903_111731_35c32a,1165,task_created,,G00443,type=PICK pickup=D-05 dropoff=PICK-1
20260903_111731_35c32a,1167,task_completed,R5,G00393,
20260903_111731_35c32a,1168,task_assigned,R5,G00442,
20260903_111731_35c32a,1170,task_completed,R7,G00433,
20260903_111731_35c32a,1171,task_created,,G00444,type=PUTAWAY pickup=RECV dropoff=D-02
20260903_111731_35c32a,1171,task_assigned,R7,G00444,
20260903_111731_35c32a,1171,task_created,,G00445,type=PACK pickup=PICK-3 dropoff=PACK-1
20260903_111731_35c32a,1171,task_created,,G00446,type=SHIP pickup=STAGING dropoff=DOCK-1
20260903_111731_35c32a,1175,task_completed,R6,G00306,
20260903_111731_35c32a,1175,task_created,,G00447,type=PICK pickup=B-01 dropoff=PICK-3
20260903_111731_35c32a,1176,task_assigned,R6,G00321,
20260903_111731_35c32a,1179,task_created,,G00448,type=PUTAWAY pickup=BUFFER dropoff=B-03
20260903_111731_35c32a,1181,task_completed,R1,G00436,
20260903_111731_35c32a,1182,task_completed,R3,G00438,
20260903_111731_35c32a,1182,task_assigned,R1,G00448,
20260903_111731_35c32a,1183,task_assigned,R3,G00325,
20260903_111731_35c32a,1183,task_created,,G00449,type=PACK pickup=PICK-1 dropoff=PACK-1
20260903_111731_35c32a,1185,task_completed,R4,G00430,
20260903_111731_35c32a,1185,task_created,,G00450,type=PICK pickup=B-01 dropoff=PICK-3
20260903_111731_35c32a,1185,task_created,,G00451,type=SHIP pickup=STAGING dropoff=DOCK-2
20260903_111731_35c32a,1186,task_assigned,R4,G00329,
20260903_111731_35c32a,1187,task_created,,G00452,type=PUTAWAY pickup=RECV dropoff=A-01
20260903_111731_35c32a,1192,task_completed,R5,G00442,
20260903_111731_35c32a,1193,task_assigned,R5,G00452,
20260903_111731_35c32a,1194,task_completed,R4,G00329,
20260903_111731_35c32a,1195,task_created,,G00453,type=PUTAWAY pickup=BUFFER dropoff=H-07
20260903_111731_35c32a,1195,task_assigned,R4,G00453,
20260903_111731_35c32a,1195,task_created,,G00454,type=PICK pickup=G-08 dropoff=PICK-2
20260903_111731_35c32a,1195,task_created,,G00455,type=PACK pickup=PICK-1 dropoff=PACK-1
20260903_111731_35c32a,1196,task_completed,R8,G00317,
20260903_111731_35c32a,1197,task_interrupted,R2,G00310,
20260903_111731_35c32a,1197,task_assigned,R8,G00333,
20260903_111731_35c32a,1199,task_created,,G00456,type=SHIP pickup=STAGING dropoff=DOCK-2
20260903_111731_35c32a,1203,task_created,,G00457,type=PUTAWAY pickup=RECV dropoff=H-04
20260903_111731_35c32a,1205,task_completed,R6,G00321,
20260903_111731_35c32a,1205,task_created,,G00458,type=PICK pickup=A-01 dropoff=PICK-2
20260903_111731_35c32a,1206,task_assigned,R6,G00457,
20260903_111731_35c32a,1207,task_created,,G00459,type=PACK pickup=PICK-1 dropoff=PACK-2
20260903_111731_35c32a,1211,task_completed,R1,G00448,
20260903_111731_35c32a,1211,task_created,,G00460,type=PUTAWAY pickup=RECV dropoff=D-02
20260903_111731_35c32a,1212,task_assigned,R1,G00460,
20260903_111731_35c32a,1213,task_created,,G00461,type=SHIP pickup=STAGING dropoff=DOCK-1
20260903_111731_35c32a,1215,task_created,,G00462,type=PICK pickup=B-08 dropoff=PICK-2
20260903_111731_35c32a,1219,task_completed,R3,G00325,
20260903_111731_35c32a,1219,task_created,,G00463,type=PUTAWAY pickup=BUFFER dropoff=D-08
20260903_111731_35c32a,1219,task_created,,G00464,type=PACK pickup=PICK-3 dropoff=PACK-1
20260903_111731_35c32a,1220,task_assigned,R2,G00310,
20260903_111731_35c32a,1220,task_assigned,R3,G00463,
20260903_111731_35c32a,1221,task_completed,R5,G00452,
20260903_111731_35c32a,1222,task_assigned,R5,G00337,
20260903_111731_35c32a,1225,task_created,,G00465,type=PICK pickup=F-02 dropoff=PICK-2
20260903_111731_35c32a,1226,task_completed,R8,G00333,
20260903_111731_35c32a,1226,task_completed,R4,G00453,
20260903_111731_35c32a,1227,task_assigned,R8,G00340,
20260903_111731_35c32a,1227,task_interrupted,R1,G00460,
20260903_111731_35c32a,1227,task_created,,G00466,type=PUTAWAY pickup=BUFFER dropoff=B-07
20260903_111731_35c32a,1227,task_assigned,R4,G00466,
20260903_111731_35c32a,1227,task_created,,G00467,type=SHIP pickup=STAGING dropoff=DOCK-1
20260903_111731_35c32a,1229,task_interrupted,R4,G00466,
20260903_111731_35c32a,1231,task_created,,G00468,type=PACK pickup=PICK-1 dropoff=PACK-2
20260903_111731_35c32a,1234,task_completed,R2,G00310,
20260903_111731_35c32a,1235,task_assigned,R2,G00460,
20260903_111731_35c32a,1235,task_created,,G00469,type=PUTAWAY pickup=BUFFER dropoff=G-07
20260903_111731_35c32a,1235,task_created,,G00470,type=PICK pickup=E-07 dropoff=PICK-3
20260903_111731_35c32a,1236,task_interrupted,R5,G00337,
20260903_111731_35c32a,1241,task_completed,R7,G00444,
20260903_111731_35c32a,1241,task_created,,G00471,type=SHIP pickup=STAGING dropoff=DOCK-2
20260903_111731_35c32a,1242,task_assigned,R7,G00466,
20260903_111731_35c32a,1243,task_created,,G00472,type=PUTAWAY pickup=RECV dropoff=G-02
20260903_111731_35c32a,1243,task_created,,G00473,type=PACK pickup=PICK-3 dropoff=PACK-2
20260903_111731_35c32a,1244,task_completed,R3,G00463,
20260903_111731_35c32a,1245,task_completed,R8,G00340,
20260903_111731_35c32a,1245,task_assigned,R3,G00469,
20260903_111731_35c32a,1245,task_created,,G00474,type=PICK pickup=A-03 dropoff=PICK-1
20260903_111731_35c32a,1246,task_assigned,R8,G00472,
20260903_111731_35c32a,1251,task_created,,G00475,type=PUTAWAY pickup=RECV dropoff=F-04
20260903_111731_35c32a,1253,task_completed,R6,G00457,
20260903_111731_35c32a,1255,task_created,,G00476,type=PICK pickup=H-08 dropoff=PICK-3
20260903_111731_35c32a,1255,task_created,,G00477,type=PACK pickup=PICK-2 dropoff=PACK-2
20260903_111731_35c32a,1255,task_created,,G00478,type=SHIP pickup=STAGING dropoff=DOCK-2
20260903_111731_35c32a,1258,task_assigned,R1,G00475,
20260903_111731_35c32a,1259,task_created,,G00479,type=PUTAWAY pickup=RECV dropoff=B-06
20260903_111731_35c32a,1260,task_interrupted,R7,G00466,
20260903_111731_35c32a,1265,task_created,,G00480,type=PICK pickup=B-03 dropoff=PICK-3
20260903_111731_35c32a,1266,task_interrupted,R8,G00472,
20260903_111731_35c32a,1267,task_interrupted,R3,G00469,
20260903_111731_35c32a,1267,task_created,,G00481,type=PUTAWAY pickup=RECV dropoff=B-03
20260903_111731_35c32a,1267,task_created,,G00482,type=PACK pickup=PICK-2 dropoff=PACK-2
20260903_111731_35c32a,1269,task_created,,G00483,type=SHIP pickup=STAGING dropoff=DOCK-1
20260903_111731_35c32a,1271,task_assigned,R5,G00337,
20260903_111731_35c32a,1275,task_created,,G00484,type=PUTAWAY pickup=RECV dropoff=H-03
20260903_111731_35c32a,1275,task_created,,G00485,type=PICK pickup=D-07 dropoff=PICK-1
20260903_111731_35c32a,1276,task_completed,R2,G00460,
20260903_111731_35c32a,1277,task_assigned,R4,G00466,
20260903_111731_35c32a,1277,task_assigned,R2,G00469,
20260903_111731_35c32a,1279,task_created,,G00486,type=PACK pickup=PICK-3 dropoff=PACK-2
20260903_111731_35c32a,1283,task_created,,G00487,type=PUTAWAY pickup=BUFFER dropoff=C-08
20260903_111731_35c32a,1283,task_created,,G00488,type=SHIP pickup=STAGING dropoff=DOCK-2
20260903_111731_35c32a,1285,task_completed,R2,G00469,
20260903_111731_35c32a,1285,task_created,,G00489,type=PICK pickup=B-04 dropoff=PICK-1
20260903_111731_35c32a,1286,task_assigned,R2,G00472,
20260903_111731_35c32a,1291,task_created,,G00490,type=PUTAWAY pickup=BUFFER dropoff=C-07
20260903_111731_35c32a,1291,task_created,,G00491,type=PACK pickup=PICK-1 dropoff=PACK-1
20260903_111731_35c32a,1292,task_completed,R1,G00475,
20260903_111731_35c32a,1293,task_assigned,R1,G00479,
20260903_111731_35c32a,1294,task_assigned,R7,G00481,
20260903_111731_35c32a,1295,task_created,,G00492,type=PICK pickup=F-03 dropoff=PICK-3
20260903_111731_35c32a,1297,task_created,,G00493,type=SHIP pickup=STAGING dropoff=DOCK-1
20260903_111731_35c32a,1299,task_created,,G00494,type=PUTAWAY pickup=BUFFER dropoff=H-04
20260903_111731_35c32a,1303,task_created,,G00495,type=PACK pickup=PICK-1 dropoff=PACK-1
20260903_111731_35c32a,1304,task_completed,R4,G00466,
20260903_111731_35c32a,1305,task_assigned,R4,G00484,
20260903_111731_35c32a,1305,task_assigned,R3,G00487,
20260903_111731_35c32a,1305,task_created,,G00496,type=PICK pickup=H-04 dropoff=PICK-3
20260903_111731_35c32a,1307,task_created,,G00497,type=PUTAWAY pickup=RECV dropoff=C-04
20260903_111731_35c32a,1308,task_completed,R2,G00472,
20260903_111731_35c32a,1308,task_assigned,R6,G00490,
20260903_111731_35c32a,1309,task_assigned,R2,G00494,
20260903_111731_35c32a,1311,task_created,,G00498,type=SHIP pickup=STAGING dropoff=DOCK-1
20260903_111731_35c32a,1314,task_assigned,R8,G00497,
20260903_111731_35c32a,1315,task_created,,G00499,type=PUTAWAY pickup=BUFFER dropoff=A-08
20260903_111731_35c32a,1315,task_created,,G00500,type=PICK pickup=H-05 dropoff=PICK-2
20260903_111731_35c32a,1315,task_created,,G00501,type=PACK pickup=PICK-1 dropoff=PACK-1
20260903_111731_35c32a,1316,task_completed,R1,G00479,
20260903_111731_35c32a,1317,task_assigned,R1,G00499,
20260903_111731_35c32a,1323,task_created,,G00502,type=PUTAWAY pickup=RECV dropoff=G-02
20260903_111731_35c32a,1324,task_completed,R5,G00337,
20260903_111731_35c32a,1324,task_completed,R7,G00481,
20260903_111731_35c32a,1325,task_assigned,R7,G00343,
20260903_111731_35c32a,1325,task_assigned,R5,G00502,
20260903_111731_35c32a,1325,task_created,,G00503,type=PICK pickup=H-02 dropoff=PICK-2
20260903_111731_35c32a,1325,task_created,,G00504,type=SHIP pickup=STAGING dropoff=DOCK-1
20260903_111731_35c32a,1327,task_created,,G00505,type=PACK pickup=PICK-3 dropoff=PACK-1
20260903_111731_35c32a,1330,task_completed,R2,G00494,
20260903_111731_35c32a,1331,task_created,,G00506,type=PUTAWAY pickup=BUFFER dropoff=G-02
20260903_111731_35c32a,1331,task_assigned,R2,G00506,
20260903_111731_35c32a,1335,task_created,,G00507,type=PICK pickup=F-02 dropoff=PICK-3
20260903_111731_35c32a,1336,task_completed,R1,G00499,
20260903_111731_35c32a,1337,task_assigned,R1,G00348,
20260903_111731_35c32a,1339,task_created,,G00508,type=PUTAWAY pickup=RECV dropoff=A-04
20260903_111731_35c32a,1339,task_created,,G00509,type=PACK pickup=PICK-3 dropoff=PACK-2
20260903_111731_35c32a,1339,task_created,,G00510,type=SHIP pickup=STAGING dropoff=DOCK-1
20260903_111731_35c32a,1343,task_completed,R3,G00487,
20260903_111731_35c32a,1344,task_completed,R4,G00484,
20260903_111731_35c32a,1344,task_completed,R6,G00490,
20260903_111731_35c32a,1344,task_assigned,R3,G00508,
20260903_111731_35c32a,1345,task_assigned,R6,G00352,
20260903_111731_35c32a,1345,task_assigned,R4,G00356,
20260903_111731_35c32a,1345,task_created,,G00511,type=PICK pickup=D-06 dropoff=PICK-1
20260903_111731_35c32a,1346,task_completed,R7,G00343,
20260903_111731_35c32a,1347,task_created,,G00512,type=PUTAWAY pickup=BUFFER dropoff=C-08
20260903_111731_35c32a,1347,task_assigned,R7,G00512,
20260903_111731_35c32a,1351,task_completed,R5,G00502,
20260903_111731_35c32a,1351,task_created,,G00513,type=PACK pickup=PICK-2 dropoff=PACK-1
20260903_111731_35c32a,1352,task_assigned,R5,G00359,
20260903_111731_35c32a,1353,task_created,,G00514,type=SHIP pickup=STAGING dropoff=DOCK-1
20260903_111731_35c32a,1355,task_created,,G00515,type=PUTAWAY pickup=BUFFER dropoff=F-06
20260903_111731_35c32a,1355,task_created,,G00516,type=PICK pickup=G-04 dropoff=PICK-2
20260903_111731_35c32a,1360,task_completed,R1,G00348,
20260903_111731_35c32a,1361,task_assigned,R1,G00515,
20260903_111731_35c32a,1363,task_created,,G00517,type=PUTAWAY pickup=RECV dropoff=E-02
20260903_111731_35c32a,1363,task_created,,G00518,type=PACK pickup=PICK-2 dropoff=PACK-2
20260903_111731_35c32a,1365,task_created,,G00519,type=PICK pickup=B-08 dropoff=PICK-2
20260903_111731_35c32a,1367,task_created,,G00520,type=SHIP pickup=STAGING dropoff=DOCK-1
20260903_111731_35c32a,1371,task_created,,G00521,type=PUTAWAY pickup=RECV dropoff=H-05
20260903_111731_35c32a,1372,task_completed,R6,G00352,
20260903_111731_35c32a,1372,task_completed,R5,G00359,
20260903_111731_35c32a,1372,task_completed,R8,G00497,
20260903_111731_35c32a,1373,task_assigned,R5,G00363,
20260903_111731_35c32a,1373,task_assigned,R6,G00517,
20260903_111731_35c32a,1373,task_assigned,R8,G00521,
20260903_111731_35c32a,1374,task_completed,R7,G00512,
20260903_111731_35c32a,1375,task_assigned,R7,G00367,
20260903_111731_35c32a,1375,task_created,,G00522,type=PICK pickup=F-01 dropoff=PICK-3
20260903_111731_35c32a,1375,task_created,,G00523,type=PACK pickup=PICK-2 dropoff=PACK-1
20260903_111731_35c32a,1379,task_created,,G00524,type=PUTAWAY pickup=BUFFER dropoff=F-07
20260903_111731_35c32a,1381,task_created,,G00525,type=SHIP pickup=STAGING dropoff=DOCK-2
20260903_111731_35c32a,1385,task_created,,G00526,type=PICK pickup=B-02 dropoff=PICK-3
20260903_111731_35c32a,1387,task_created,,G00527,type=PUTAWAY pickup=RECV dropoff=G-02
20260903_111731_35c32a,1387,task_created,,G00528,type=PACK pickup=PICK-2 dropoff=PACK-1
20260903_111731_35c32a,1388,task_completed,R1,G00515,
20260903_111731_35c32a,1389,task_assigned,R1,G00524,
20260903_111731_35c32a,1390,task_completed,R3,G00508,
20260903_111731_35c32a,1391,task_assigned,R3,G00527,
20260903_111731_35c32a,1395,task_completed,R2,G00506,
20260903_111731_35c32a,1395,task_completed,R6,G00517,
20260903_111731_35c32a,1395,task_created,,G00529,type=PUTAWAY pickup=BUFFER dropoff=A-01
20260903_111731_35c32a,1395,task_created,,G00530,type=PICK pickup=E-04 dropoff=PICK-2
20260903_111731_35c32a,1395,task_created,,G00531,type=SHIP pickup=STAGING dropoff=DOCK-2
20260903_111731_35c32a,1396,task_assigned,R6,G00370,
20260903_111731_35c32a,1396,task_assigned,R2,G00529,
20260903_111731_35c32a,1399,task_created,,G00532,type=PACK pickup=PICK-3 dropoff=PACK-1
20260903_111731_35c32a,1403,task_created,,G00533,type=PUTAWAY pickup=BUFFER dropoff=F-07
20260903_111731_35c32a,1405,task_completed,R4,G00356,
20260903_111731_35c32a,1405,task_created,,G00534,type=PICK pickup=F-03 dropoff=PICK-2
20260903_111731_35c32a,1406,task_assigned,R4,G00533,
20260903_111731_35c32a,1408,task_completed,R5,G00363,
20260903_111731_35c32a,1409,task_assigned,R5,G00374,
20260903_111731_35c32a,1409,task_completed,R1,G00524,
20260903_111731_35c32a,1409,task_created,,G00535,type=SHIP pickup=STAGING dropoff=DOCK-2
20260903_111731_35c32a,1410,task_assigned,R1,G00379,
20260903_111731_35c32a,1411,task_created,,G00536,type=PUTAWAY pickup=RECV dropoff=A-08
20260903_111731_35c32a,1411,task_created,,G00537,type=PACK pickup=PICK-2 dropoff=PACK-1
20260903_111731_35c32a,1415,task_created,,G00538,type=PICK pickup=C-05 dropoff=PICK-3
20260903_111731_35c32a,1416,task_completed,R6,G00370,
20260903_111731_35c32a,1417,task_assigned,R6,G00536,
20260903_111731_35c32a,1419,task_created,,G00539,type=PUTAWAY pickup=RECV dropoff=A-05
20260903_111731_35c32a,1423,task_completed,R8,G00521,
20260903_111731_35c32a,1423,task_completed,R2,G00529,
20260903_111731_35c32a,1423,task_created,,G00540,type=PACK pickup=PICK-2 dropoff=PACK-2
20260903_111731_35c32a,1423,task_created,,G00541,type=SHIP pickup=STAGING dropoff=DOCK-1
20260903_111731_35c32a,1424,task_completed,R5,G00374,
20260903_111731_35c32a,1424,task_assigned,R8,G00383,
20260903_111731_35c32a,1424,task_assigned,R2,G00539,
20260903_111731_35c32a,1425,task_assigned,R5,G00385,
20260903_111731_35c32a,1425,task_created,,G00542,type=PICK pickup=F-03 dropoff=PICK-3
20260903_111731_35c32a,1427,task_completed,R4,G00533,
20260903_111731_35c32a,1427,task_created,,G00543,type=PUTAWAY pickup=RECV dropoff=C-02
20260903_111731_35c32a,1428,task_assigned,R4,G00543,
20260903_111731_35c32a,1429,task_completed,R3,G00527,
20260903_111731_35c32a,1430,task_assigned,R3,G00389,
20260903_111731_35c32a,1435,task_completed,R7,G00367,
20260903_111731_35c32a,1435,task_created,,G00544,type=PUTAWAY pickup=BUFFER dropoff=A-03
20260903_111731_35c32a,1435,task_created,,G00545,type=PICK pickup=H-02 dropoff=PICK-2
20260903_111731_35c32a,1435,task_created,,G00546,type=PACK pickup=PICK-3 dropoff=PACK-1
20260903_111731_35c32a,1436,task_assigned,R7,G00544,
20260903_111731_35c32a,1437,task_created,,G00547,type=SHIP pickup=STAGING dropoff=DOCK-1
20260903_111731_35c32a,1438,task_completed,R5,G00385,
20260903_111731_35c32a,1439,task_assigned,R5,G00394,
20260903_111731_35c32a,1441,task_completed,R8,G00383,
20260903_111731_35c32a,1441,task_completed,R2,G00539,
20260903_111731_35c32a,1442,task_assigned,R2,G00397,
20260903_111731_35c32a,1442,task_assigned,R8,G00401,
20260903_111731_35c32a,1443,task_created,,G00548,type=PUTAWAY pickup=BUFFER dropoff=A-03
20260903_111731_35c32a,1445,task_created,,G00549,type=PICK pickup=D-04 dropoff=PICK-2
20260903_111731_35c32a,1447,task_created,,G00550,type=PACK pickup=PICK-3 dropoff=PACK-2
20260903_111731_35c32a,1449,task_interrupted,R2,G00397,
20260903_111731_35c32a,1451,task_created,,G00551,type=PUTAWAY pickup=BUFFER dropoff=C-06
20260903_111731_35c32a,1451,task_created,,G00552,type=SHIP pickup=STAGING dropoff=DOCK-2
20260903_111731_35c32a,1454,task_completed,R3,G00389,
20260903_111731_35c32a,1455,task_assigned,R3,G00548,
20260903_111731_35c32a,1455,task_created,,G00553,type=PICK pickup=F-04 dropoff=PICK-2
20260903_111731_35c32a,1456,task_completed,R4,G00543,
20260903_111731_35c32a,1456,task_completed,R7,G00544,
20260903_111731_35c32a,1457,task_assigned,R7,G00397,
20260903_111731_35c32a,1457,task_completed,R6,G00536,
20260903_111731_35c32a,1457,task_assigned,R4,G00551,
20260903_111731_35c32a,1458,task_completed,R1,G00379,
20260903_111731_35c32a,1458,task_assigned,R6,G00405,
20260903_111731_35c32a,1459,task_created,,G00554,type=PUTAWAY pickup=RECV dropoff=G-01
20260903_111731_35c32a,1459,task_created,,G00555,type=PACK pickup=PICK-3 dropoff=PACK-2
20260903_111731_35c32a,1465,task_created,,G00556,type=PICK pickup=F-08 dropoff=PICK-3
20260903_111731_35c32a,1465,task_created,,G00557,type=SHIP pickup=STAGING dropoff=DOCK-1
20260903_111731_35c32a,1467,task_created,,G00558,type=PUTAWAY pickup=BUFFER dropoff=B-06
20260903_111731_35c32a,1468,task_completed,R6,G00405,
20260903_111731_35c32a,1469,task_assigned,R6,G00554,
20260903_111731_35c32a,1469,task_assigned,R1,G00558,
20260903_111731_35c32a,1471,task_created,,G00559,type=PACK pickup=PICK-3 dropoff=PACK-2
20260903_111731_35c32a,1475,task_created,,G00560,type=PUTAWAY pickup=BUFFER dropoff=F-05
20260903_111731_35c32a,1475,task_created,,G00561,type=PICK pickup=F-07 dropoff=PICK-2
20260903_111731_35c32a,1477,task_completed,R8,G00401,
20260903_111731_35c32a,1478,task_assigned,R8,G00560,
20260903_111731_35c32a,1479,task_completed,R5,G00394,
20260903_111731_35c32a,1479,task_created,,G00562,type=SHIP pickup=STAGING dropoff=DOCK-2
20260903_111731_35c32a,1480,task_assigned,R5,G00409,
20260903_111731_35c32a,1480,task_assigned,R2,G00412,
20260903_111731_35c32a,1482,task_completed,R3,G00548,
20260903_111731_35c32a,1483,task_interrupted,R5,G00409,
20260903_111731_35c32a,1483,task_created,,G00563,type=PUTAWAY pickup=BUFFER dropoff=A-07
20260903_111731_35c32a,1483,task_assigned,R3,G00563,
20260903_111731_35c32a,1483,task_created,,G00564,type=PACK pickup=PICK-1 dropoff=PACK-2
20260903_111731_35c32a,1485,task_created,,G00565,type=PICK pickup=D-04 dropoff=PICK-2
20260903_111731_35c32a,1486,task_completed,R7,G00397,
20260903_111731_35c32a,1486,task_interrupted,R1,G00558,
20260903_111731_35c32a,1487,task_assigned,R7,G00558,
20260903_111731_35c32a,1488,task_completed,R4,G00551,
20260903_111731_35c32a,1489,task_assigned,R4,G00409,
20260903_111731_35c32a,1491,task_created,,G00566,type=PUTAWAY pickup=RECV dropoff=C-05
20260903_111731_35c32a,1493,task_interrupted,R4,G00409,
20260903_111731_35c32a,1493,task_created,,G00567,type=SHIP pickup=STAGING dropoff=DOCK-1
20260903_111731_35c32a,1495,task_created,,G00568,type=PICK pickup=B-08 dropoff=PICK-1
20260903_111731_35c32a,1495,task_created,,G00569,type=PACK pickup=PICK-1 dropoff=PACK-2
20260903_111731_35c32a,1498,task_completed,R8,G00560,
20260903_111731_35c32a,1499,task_assigned,R8,G00566,
20260903_111731_35c32a,1499,task_created,,G00570,type=PUTAWAY pickup=RECV dropoff=B-04
20260903_111731_35c32a,1504,task_completed,R7,G00558,
20260903_111731_35c32a,1505,task_assigned,R7,G00570,
20260903_111731_35c32a,1505,task_created,,G00571,type=PICK pickup=C-04 dropoff=PICK-3
20260903_111731_35c32a,1506,task_completed,R3,G00563,
20260903_111731_35c32a,1507,task_created,,G00572,type=PUTAWAY pickup=BUFFER dropoff=C-02
20260903_111731_35c32a,1507,task_assigned,R3,G00572,
20260903_111731_35c32a,1507,task_created,,G00573,type=PACK pickup=PICK-2 dropoff=PACK-1
20260903_111731_35c32a,1507,task_created,,G00574,type=SHIP pickup=STAGING dropoff=DOCK-1
20260903_111731_35c32a,1508,task_assigned,R5,G00409,
20260903_111731_35c32a,1508,task_interrupted,R7,G00570,
20260903_111731_35c32a,1515,task_created,,G00575,type=PUTAWAY pickup=RECV dropoff=A-05
20260903_111731_35c32a,1515,task_created,,G00576,type=PICK pickup=F-08 dropoff=PICK-3
20260903_111731_35c32a,1517,task_completed,R6,G00554,
20260903_111731_35c32a,1517,task_interrupted,R3,G00572,
20260903_111731_35c32a,1518,task_assigned,R6,G00570,
20260903_111731_35c32a,1519,task_created,,G00577,type=PACK pickup=PICK-2 dropoff=PACK-1
20260903_111731_35c32a,1521,task_created,,G00578,type=SHIP pickup=STAGING dropoff=DOCK-1
20260903_111731_35c32a,1523,task_created,,G00579,type=PUTAWAY pickup=BUFFER dropoff=A-08
20260903_111731_35c32a,1525,task_completed,R8,G00566,
20260903_111731_35c32a,1525,task_interrupted,R6,G00570,
20260903_111731_35c32a,1525,task_created,,G00580,type=PICK pickup=H-03 dropoff=PICK-1
20260903_111731_35c32a,1527,task_assigned,R4,G00572,
20260903_111731_35c32a,1528,task_assigned,R1,G00575,
20260903_111731_35c32a,1531,task_created,,G00581,type=PUTAWAY pickup=RECV dropoff=F-03
20260903_111731_35c32a,1531,task_created,,G00582,type=PACK pickup=PICK-1 dropoff=PACK-2
20260903_111731_35c32a,1535,task_created,,G00583,type=PICK pickup=D-03 dropoff=PICK-3
20260903_111731_35c32a,1535,task_created,,G00584,type=SHIP pickup=STAGING dropoff=DOCK-1
20260903_111731_35c32a,1536,task_assigned,R7,G00570,
20260903_111731_35c32a,1537,task_completed,R2,G00412,
20260903_111731_35c32a,1538,task_assigned,R2,G00579,
20260903_111731_35c32a,1539,task_created,,G00585,type=PUTAWAY pickup=RECV dropoff=C-06
20260903_111731_35c32a,1540,task_completed,R5,G00409,
20260903_111731_35c32a,1541,task_assigned,R5,G00581,
20260903_111731_35c32a,1543,task_created,,G00586,type=PACK pickup=PICK-2 dropoff=PACK-1
20260903_111731_35c32a,1545,task_created,,G00587,type=PICK pickup=F-08 dropoff=PICK-3
20260903_111731_35c32a,1547,task_created,,G00588,type=PUTAWAY pickup=BUFFER dropoff=D-02
20260903_111731_35c32a,1549,task_assigned,R3,G00585,
20260903_111731_35c32a,1549,task_created,,G00589,type=SHIP pickup=STAGING dropoff=DOCK-1
20260903_111731_35c32a,1555,task_created,,G00590,type=PUTAWAY pickup=RECV dropoff=G-06
20260903_111731_35c32a,1555,task_created,,G00591,type=PICK pickup=E-03 dropoff=PICK-3
20260903_111731_35c32a,1555,task_created,,G00592,type=PACK pickup=PICK-2 dropoff=PACK-1
20260903_111731_35c32a,1559,task_assigned,R6,G00588,
20260903_111731_35c32a,1561,task_completed,R4,G00572,
20260903_111731_35c32a,1562,task_assigned,R4,G00590,
20260903_111731_35c32a,1563,task_created,,G00593,type=PUTAWAY pickup=BUFFER dropoff=E-07
20260903_111731_35c32a,1563,task_created,,G00594,type=SHIP pickup=STAGING dropoff=DOCK-1
20260903_111731_35c32a,1564,task_completed,R2,G00579,
20260903_111731_35c32a,1565,task_assigned,R2,G00593,
20260903_111731_35c32a,1565,task_created,,G00595,type=PICK pickup=A-07 dropoff=PICK-1
20260903_111731_35c32a,1567,task_created,,G00596,type=PACK pickup=PICK-2 dropoff=PACK-2
20260903_111731_35c32a,1571,task_created,,G00597,type=PUTAWAY pickup=BUFFER dropoff=D-08
20260903_111731_35c32a,1571,task_assigned,R8,G00597,
20260903_111731_35c32a,1575,task_created,,G00598,type=PICK pickup=A-03 dropoff=PICK-3
20260903_111731_35c32a,1577,task_created,,G00599,type=SHIP pickup=STAGING dropoff=DOCK-2
20260903_111731_35c32a,1579,task_created,,G00600,type=PUTAWAY pickup=BUFFER dropoff=E-05
20260903_111731_35c32a,1579,task_created,,G00601,type=PACK pickup=PICK-3 dropoff=PACK-2
20260903_111731_35c32a,1582,task_completed,R5,G00581,
20260903_111731_35c32a,1583,task_completed,R1,G00575,
20260903_111731_35c32a,1583,task_assigned,R5,G00600,
20260903_111731_35c32a,1584,task_assigned,R1,G00416,
20260903_111731_35c32a,1585,task_completed,R3,G00585,
20260903_111731_35c32a,1585,task_created,,G00602,type=PICK pickup=C-04 dropoff=PICK-3
20260903_111731_35c32a,1586,task_assigned,R3,G00420,
20260903_111731_35c32a,1587,task_created,,G00603,type=PUTAWAY pickup=BUFFER dropoff=A-01
20260903_111731_35c32a,1589,task_completed,R2,G00593,
20260903_111731_35c32a,1590,task_completed,R7,G00570,
20260903_111731_35c32a,1590,task_assigned,R2,G00603,
20260903_111731_35c32a,1591,task_assigned,R7,G00424,
20260903_111731_35c32a,1591,task_created,,G00604,type=PACK pickup=PICK-1 dropoff=PACK-1
20260903_111731_35c32a,1591,task_created,,G00605,type=SHIP pickup=STAGING dropoff=DOCK-1
20260903_111731_35c32a,1595,task_completed,R1,G00416,
20260903_111731_35c32a,1595,task_created,,G00606,type=PUTAWAY pickup=BUFFER dropoff=E-08
20260903_111731_35c32a,1595,task_created,,G00607,type=PICK pickup=G-02 dropoff=PICK-3
20260903_111731_35c32a,1596,task_assigned,R1,G00606,
20260903_111731_35c32a,1597,task_completed,R4,G00590,
20260903_111731_35c32a,1598,task_assigned,R4,G00428,
20260903_111731_35c32a,1600,task_completed,R3,G00420,
20260903_111731_35c32a,1600,task_completed,R6,G00588,
20260903_111731_35c32a,1601,task_assigned,R3,G00431,
20260903_111731_35c32a,1601,task_assigned,R6,G00435,
20260903_111731_35c32a,1603,task_created,,G00608,type=PUTAWAY pickup=RECV dropoff=H-01
20260903_111731_35c32a,1603,task_created,,G00609,type=PACK pickup=PICK-2 dropoff=PACK-2
20260903_111731_35c32a,1605,task_completed,R5,G00600,
20260903_111731_35c32a,1605,task_created,,G00610,type=PICK pickup=D-08 dropoff=PICK-3
20260903_111731_35c32a,1605,task_created,,G00611,type=SHIP pickup=STAGING dropoff=DOCK-1
20260903_111731_35c32a,1606,task_assigned,R5,G00608,
20260903_111731_35c32a,1608,task_completed,R4,G00428,
20260903_111731_35c32a,1609,task_assigned,R4,G00439,
20260903_111731_35c32a,1611,task_created,,G00612,type=PUTAWAY pickup=RECV dropoff=E-08
20260903_111731_35c32a,1612,task_completed,R7,G00424,
20260903_111731_35c32a,1613,task_assigned,R7,G00612,
20260903_111731_35c32a,1614,task_completed,R6,G00435,
20260903_111731_35c32a,1615,task_assigned,R6,G00443,
20260903_111731_35c32a,1615,task_completed,R2,G00603,
20260903_111731_35c32a,1615,task_created,,G00613,type=PICK pickup=B-06 dropoff=PICK-2
20260903_111731_35c32a,1615,task_created,,G00614,type=PACK pickup=PICK-1 dropoff=PACK-1
20260903_111731_35c32a,1616,task_assigned,R2,G00447,
20260903_111731_35c32a,1616,task_completed,R8,G00597,
20260903_111731_35c32a,1617,task_assigned,R8,G00450,
20260903_111731_35c32a,1618,task_completed,R3,G00431,
20260903_111731_35c32a,1619,task_created,,G00615,type=PUTAWAY pickup=RECV dropoff=G-05
20260903_111731_35c32a,1619,task_assigned,R3,G00615,
20260903_111731_35c32a,1619,task_created,,G00616,type=SHIP pickup=STAGING dropoff=DOCK-2
20260903_111731_35c32a,1625,task_created,,G00617,type=PICK pickup=F-04 dropoff=PICK-3
20260903_111731_35c32a,1626,task_completed,R4,G00439,
20260903_111731_35c32a,1627,task_created,,G00618,type=PUTAWAY pickup=RECV dropoff=C-06
20260903_111731_35c32a,1627,task_assigned,R4,G00618,
20260903_111731_35c32a,1627,task_created,,G00619,type=PACK pickup=PICK-1 dropoff=PACK-2
20260903_111731_35c32a,1633,task_created,,G00620,type=SHIP pickup=STAGING dropoff=DOCK-1
20260903_111731_35c32a,1635,task_created,,G00621,type=PUTAWAY pickup=RECV dropoff=B-03
20260903_111731_35c32a,1635,task_created,,G00622,type=PICK pickup=D-06 dropoff=PICK-1
20260903_111731_35c32a,1637,task_completed,R1,G00606,
20260903_111731_35c32a,1638,task_assigned,R1,G00621,
20260903_111731_35c32a,1639,task_completed,R2,G00447,
20260903_111731_35c32a,1639,task_completed,R7,G00612,
20260903_111731_35c32a,1639,task_created,,G00623,type=PACK pickup=PICK-2 dropoff=PACK-2
20260903_111731_35c32a,1640,task_assigned,R2,G00454,
20260903_111731_35c32a,1640,task_assigned,R7,G00458,
20260903_111731_35c32a,1643,task_created,,G00624,type=PUTAWAY pickup=RECV dropoff=G-08
20260903_111731_35c32a,1645,task_created,,G00625,type=PICK pickup=G-05 dropoff=PICK-2
20260903_111731_35c32a,1647,task_completed,R5,G00608,
20260903_111731_35c32a,1647,task_created,,G00626,type=SHIP pickup=STAGING dropoff=DOCK-1
20260903_111731_35c32a,1648,task_assigned,R5,G00624,
20260903_111731_35c32a,1651,task_created,,G00627,type=PUTAWAY pickup=RECV dropoff=H-01
20260903_111731_35c32a,1651,task_created,,G00628,type=PACK pickup=PICK-1 dropoff=PACK-1
20260903_111731_35c32a,1655,task_created,,G00629,type=PICK pickup=D-01 dropoff=PICK-3
20260903_111731_35c32a,1656,task_completed,R7,G00458,
20260903_111731_35c32a,1657,task_assigned,R7,G00627,
20260903_111731_35c32a,1658,task_completed,R1,G00621,
20260903_111731_35c32a,1659,task_created,,G00630,type=PUTAWAY pickup=RECV dropoff=F-01
20260903_111731_35c32a,1659,task_assigned,R1,G00630,
20260903_111731_35c32a,1660,task_completed,R6,G00443,
20260903_111731_35c32a,1661,task_assigned,R6,G00462,
20260903_111731_35c32a,1661,task_created,,G00631,type=SHIP pickup=STAGING dropoff=DOCK-1
20260903_111731_35c32a,1663,task_created,,G00632,type=PACK pickup=PICK-3 dropoff=PACK-1
20260903_111731_35c32a,1665,task_created,,G00633,type=PICK pickup=G-04 dropoff=PICK-1
20260903_111731_35c32a,1666,task_completed,R3,G00615,
20260903_111731_35c32a,1667,task_created,,G00634,type=PUTAWAY pickup=RECV dropoff=D-02
20260903_111731_35c32a,1667,task_assigned,R3,G00634,
20260903_111731_35c32a,1668,task_completed,R8,G00450,
20260903_111731_35c32a,1669,task_completed,R2,G00454,
20260903_111731_35c32a,1669,task_assigned,R8,G00465,
20260903_111731_35c32a,1670,task_assigned,R2,G00470,
20260903_111731_35c32a,1675,task_created,,G00635,type=PUTAWAY pickup=BUFFER dropoff=D-05
20260903_111731_35c32a,1675,task_created,,G00636,type=PICK pickup=F-06 dropoff=PICK-2
20260903_111731_35c32a,1675,task_created,,G00637,type=PACK pickup=PICK-1 dropoff=PACK-2
20260903_111731_35c32a,1675,task_created,,G00638,type=SHIP pickup=STAGING dropoff=DOCK-1
20260903_111731_35c32a,1678,task_completed,R6,G00462,
20260903_111731_35c32a,1679,task_assigned,R6,G00635,
20260903_111731_35c32a,1683,task_created,,G00639,type=PUTAWAY pickup=BUFFER dropoff=C-01
20260903_111731_35c32a,1685,task_created,,G00640,type=PICK pickup=F-04 dropoff=PICK-2
20260903_111731_35c32a,1686,task_completed,R1,G00630,
20260903_111731_35c32a,1687,task_assigned,R1,G00639,
20260903_111731_35c32a,1687,task_created,,G00641,type=PACK pickup=PICK-3 dropoff=PACK-1
20260903_111731_35c32a,1689,task_created,,G00642,type=SHIP pickup=STAGING dropoff=DOCK-1
20260903_111731_35c32a,1691,task_interrupted,R2,G00470,
20260903_111731_35c32a,1691,task_created,,G00643,type=PUTAWAY pickup=BUFFER dropoff=G-04
20260903_111731_35c32a,1692,task_completed,R5,G00624,
20260903_111731_35c32a,1693,task_assigned,R5,G00643,
20260903_111731_35c32a,1695,task_created,,G00644,type=PICK pickup=G-03 dropoff=PICK-2
20260903_111731_35c32a,1696,task_completed,R4,G00618,
20260903_111731_35c32a,1697,task_assigned,R4,G00470,
20260903_111731_35c32a,1699,task_created,,G00645,type=PUTAWAY pickup=BUFFER dropoff=G-08
20260903_111731_35c32a,1699,task_created,,G00646,type=PACK pickup=PICK-1 dropoff=PACK-1
20260903_111731_35c32a,1700,task_completed,R6,G00635,
20260903_111731_35c32a,1701,task_assigned,R6,G00645,
20260903_111731_35c32a,1703,task_created,,G00647,type=SHIP pickup=STAGING dropoff=DOCK-1
20260903_111731_35c32a,1705,task_created,,G00648,type=PICK pickup=F-03 dropoff=PICK-1
20260903_111731_35c32a,1707,task_created,,G00649,type=PUTAWAY pickup=BUFFER dropoff=E-01
20260903_111731_35c32a,1708,task_completed,R8,G00465,
20260903_111731_35c32a,1709,task_assigned,R8,G00649,
20260903_111731_35c32a,1710,task_completed,R7,G00627,
20260903_111731_35c32a,1711,task_assigned,R7,G00474,
20260903_111731_35c32a,1711,task_created,,G00650,type=PACK pickup=PICK-1 dropoff=PACK-1
20260903_111731_35c32a,1712,task_completed,R1,G00639,
20260903_111731_35c32a,1712,task_completed,R5,G00643,
20260903_111731_35c32a,1713,task_assigned,R5,G00476,
20260903_111731_35c32a,1713,task_assigned,R1,G00480,
20260903_111731_35c32a,1714,task_completed,R4,G00470,
20260903_111731_35c32a,1715,task_created,,G00651,type=PUTAWAY pickup=BUFFER dropoff=F-04
20260903_111731_35c32a,1715,task_assigned,R4,G00651,
20260903_111731_35c32a,1715,task_created,,G00652,type=PICK pickup=E-08 dropoff=PICK-1
20260903_111731_35c32a,1716,task_interrupted,R5,G00476,
20260903_111731_35c32a,1717,task_created,,G00653,type=SHIP pickup=STAGING dropoff=DOCK-1
20260903_111731_35c32a,1723,task_created,,G00654,type=PUTAWAY pickup=RECV dropoff=H-05
20260903_111731_35c32a,1723,task_created,,G00655,type=PACK pickup=PICK-2 dropoff=PACK-1
20260903_111731_35c32a,1724,task_assigned,R2,G00654,
20260903_111731_35c32a,1725,task_created,,G00656,type=PICK pickup=B-02 dropoff=PICK-1
20260903_111731_35c32a,1731,task_created,,G00657,type=PUTAWAY pickup=RECV dropoff=G-02
20260903_111731_35c32a,1731,task_created,,G00658,type=SHIP pickup=STAGING dropoff=DOCK-2
20260903_111731_35c32a,1732,task_completed,R8,G00649,
20260903_111731_35c32a,1733,task_assigned,R8,G00657,
20260903_111731_35c32a,1734,task_completed,R1,G00480,
20260903_111731_35c32a,1735,task_assigned,R1,G00476,
20260903_111731_35c32a,1735,task_completed,R4,G00651,
20260903_111731_35c32a,1735,task_created,,G00659,type=PICK pickup=D-05 dropoff=PICK-3
20260903_111731_35c32a,1735,task_created,,G00660,type=PACK pickup=PICK-2 dropoff=PACK-2
20260903_111731_35c32a,1737,task_completed,R6,G00645,
20260903_111731_35c32a,1738,task_assigned,R6,G00485,
20260903_111731_35c32a,1738,task_assigned,R4,G00489,
20260903_111731_35c32a,1738,task_completed,R3,G00634,
20260903_111731_35c32a,1739,task_created,,G00661,type=PUTAWAY pickup=BUFFER dropoff=F-03
20260903_111731_35c32a,1739,task_assigned,R3,G00661,
20260903_111731_35c32a,1743,task_completed,R7,G00474,
20260903_111731_35c32a,1744,task_assigned,R7,G00492,
20260903_111731_35c32a,1745,task_created,,G00662,type=PICK pickup=A-04 dropoff=PICK-2
20260903_111731_35c32a,1745,task_created,,G00663,type=SHIP pickup=STAGING dropoff=DOCK-1
20260903_111731_35c32a,1747,task_interrupted,R4,G00489,
20260903_111731_35c32a,1747,task_created,,G00664,type=PUTAWAY pickup=RECV dropoff=D-07
20260903_111731_35c32a,1747,task_created,,G00665,type=PACK pickup=PICK-2 dropoff=PACK-1
20260903_111731_35c32a,1749,task_interrupted,R1,G00476,
20260903_111731_35c32a,1752,task_interrupted,R7,G00492,
20260903_111731_35c32a,1753,task_completed,R8,G00657,
20260903_111731_35c32a,1754,task_assigned,R8,G00664,
20260903_111731_35c32a,1755,task_created,,G00666,type=PUTAWAY pickup=RECV dropoff=E-02
20260903_111731_35c32a,1755,task_created,,G00667,type=PICK pickup=A-08 dropoff=PICK-2
20260903_111731_35c32a,1759,task_created,,G00668,type=PACK pickup=PICK-3 dropoff=PACK-2
20260903_111731_35c32a,1759,task_created,,G00669,type=SHIP pickup=STAGING dropoff=DOCK-1
20260903_111731_35c32a,1760,task_completed,R3,G00661,
20260903_111731_35c32a,1761,task_assigned,R3,G00666,
20260903_111731_35c32a,1763,task_created,,G00670,type=PUTAWAY pickup=BUFFER dropoff=E-04
20260903_111731_35c32a,1764,task_interrupted,R3,G00666,
20260903_111731_35c32a,1765,task_created,,G00671,type=PICK pickup=B-02 dropoff=PICK-1
20260903_111731_35c32a,1766,task_assigned,R5,G00476,
20260903_111731_35c32a,1766,task_completed,R2,G00654,
20260903_111731_35c32a,1767,task_assigned,R2,G00666,
20260903_111731_35c32a,1769,task_assigned,R4,G00489,
20260903_111731_35c32a,1771,task_created,,G00672,type=PUTAWAY pickup=BUFFER dropoff=B-08
20260903_111731_35c32a,1771,task_created,,G00673,type=PACK pickup=PICK-3 dropoff=PACK-1
20260903_111731_35c32a,1773,task_interrupted,R6,G00485,
20260903_111731_35c32a,1773,task_created,,G00674,type=SHIP pickup=STAGING dropoff=DOCK-1
20260903_111731_35c32a,1775,task_created,,G00675,type=PICK pickup=A-07 dropoff=PICK-1
20260903_111731_35c32a,1779,task_created,,G00676,type=PUTAWAY pickup=BUFFER dropoff=A-05
20260903_111731_35c32a,1783,task_created,,G00677,type=PACK pickup=PICK-3 dropoff=PACK-2
20260903_111731_35c32a,1784,task_interrupted,R8,G00664,
20260903_111731_35c32a,1785,task_completed,R4,G00489,
20260903_111731_35c32a,1785,task_created,,G00678,type=PICK pickup=D-05 dropoff=PICK-1
20260903_111731_35c32a,1786,task_assigned,R4,G00664,
20260903_111731_35c32a,1787,task_created,,G00679,type=PUTAWAY pickup=BUFFER dropoff=A-03
20260903_111731_35c32a,1787,task_created,,G00680,type=SHIP pickup=STAGING dropoff=DOCK-2
20260903_111731_35c32a,1790,task_assigned,R7,G00492,
20260903_111731_35c32a,1791,task_assigned,R1,G00670,
20260903_111731_35c32a,1793,task_completed,R2,G00666,
20260903_111731_35c32a,1794,task_assigned,R2,G00672,
20260903_111731_35c32a,1795,task_created,,G00681,type=PUTAWAY pickup=BUFFER dropoff=C-08
20260903_111731_35c32a,1795,task_created,,G00682,type=PICK pickup=B-07 dropoff=PICK-2
20260903_111731_35c32a,1795,task_created,,G00683,type=PACK pickup=PICK-2 dropoff=PACK-2
20260903_111731_35c32a,1801,task_completed,R5,G00476,
20260903_111731_35c32a,1801,task_assigned,R6,G00485,
20260903_111731_35c32a,1801,task_assigned,R3,G00676,
20260903_111731_35c32a,1801,task_created,,G00684,type=SHIP pickup=STAGING dropoff=DOCK-1
20260903_111731_35c32a,1802,task_assigned,R5,G00679,
20260903_111731_35c32a,1803,task_created,,G00685,type=PUTAWAY pickup=RECV dropoff=A-04
20260903_111731_35c32a,1805,task_created,,G00686,type=PICK pickup=E-02 dropoff=PICK-3
20260903_111731_35c32a,1807,task_created,,G00687,type=PACK pickup=PICK-3 dropoff=PACK-1
20260903_111731_35c32a,1811,task_completed,R2,G00672,
20260903_111731_35c32a,1811,task_created,,G00688,type=PUTAWAY pickup=BUFFER dropoff=G-04
20260903_111731_35c32a,1812,task_assigned,R2,G00681,
20260903_111731_35c32a,1813,task_completed,R4,G00664,
20260903_111731_35c32a,1814,task_assigned,R4,G00685,
20260903_111731_35c32a,1815,task_created,,G00689,type=PICK pickup=G-02 dropoff=PICK-3
20260903_111731_35c32a,1815,task_created,,G00690,type=SHIP pickup=STAGING dropoff=DOCK-1
20260903_111731_35c32a,1819,task_created,,G00691,type=PUTAWAY pickup=BUFFER dropoff=B-03
20260903_111731_35c32a,1819,task_created,,G00692,type=PACK pickup=PICK-1 dropoff=PACK-2
20260903_111731_35c32a,1825,task_completed,R6,G00485,
20260903_111731_35c32a,1825,task_completed,R2,G00681,
20260903_111731_35c32a,1825,task_created,,G00693,type=PICK pickup=D-06 dropoff=PICK-3
20260903_111731_35c32a,1826,task_assigned,R2,G00688,
20260903_111731_35c32a,1826,task_assigned,R6,G00691,
20260903_111731_35c32a,1827,task_created,,G00694,type=PUTAWAY pickup=RECV dropoff=H-07
20260903_111731_35c32a,1829,task_completed,R5,G00679,
20260903_111731_35c32a,1829,task_assigned,R8,G00694,
20260903_111731_35c32a,1829,task_created,,G00695,type=SHIP pickup=STAGING dropoff=DOCK-2
20260903_111731_35c32a,1830,task_completed,R7,G00492,
20260903_111731_35c32a,1830,task_assigned,R5,G00496,
20260903_111731_35c32a,1830,task_completed,R1,G00670,
20260903_111731_35c32a,1831,task_assigned,R7,G00500,
20260903_111731_35c32a,1831,task_assigned,R1,G00503,
20260903_111731_35c32a,1831,task_created,,G00696,type=PACK pickup=PICK-2 dropoff=PACK-2
20260903_111731_35c32a,1835,task_created,,G00697,type=PUTAWAY pickup=BUFFER dropoff=A-01
20260903_111731_35c32a,1835,task_created,,G00698,type=PICK pickup=F-01 dropoff=PICK-2
20260903_111731_35c32a,1843,task_created,,G00699,type=PUTAWAY pickup=RECV dropoff=G-04
20260903_111731_35c32a,1843,task_created,,G00700,type=PACK pickup=PICK-2 dropoff=PACK-2
20260903_111731_35c32a,1843,task_created,,G00701,type=SHIP pickup=STAGING dropoff=DOCK-2
20260903_111731_35c32a,1845,task_created,,G00702,type=PICK pickup=G-03 dropoff=PICK-3
20260903_111731_35c32a,1850,task_completed,R7,G00500,
20260903_111731_35c32a,1851,task_assigned,R7,G00697,
20260903_111731_35c32a,1851,task_created,,G00703,type=PUTAWAY pickup=RECV dropoff=C-03
20260903_111731_35c32a,1852,task_completed,R4,G00685,
20260903_111731_35c32a,1852,task_completed,R6,G00691,
20260903_111731_35c32a,1853,task_assigned,R4,G00699,
20260903_111731_35c32a,1853,task_assigned,R6,G00703,
20260903_111731_35c32a,1854,task_completed,R2,G00688,
20260903_111731_35c32a,1855,task_assigned,R2,G00507,
20260903_111731_35c32a,1855,task_created,,G00704,type=PICK pickup=E-01 dropoff=PICK-2
20260903_111731_35c32a,1855,task_created,,G00705,type=PACK pickup=PICK-1 dropoff=PACK-2
20260903_111731_35c32a,1857,task_created,,G00706,type=SHIP pickup=STAGING dropoff=DOCK-2
20260903_111731_35c32a,1859,task_created,,G00707,type=PUTAWAY pickup=BUFFER dropoff=G-06
20260903_111731_35c32a,1863,task_completed,R3,G00676,
20260903_111731_35c32a,1864,task_assigned,R3,G00707,
20260903_111731_35c32a,1865,task_created,,G00708,type=PICK pickup=C-07 dropoff=PICK-1
20260903_111731_35c32a,1867,task_created,,G00709,type=PUTAWAY pickup=BUFFER dropoff=F-04
20260903_111731_35c32a,1867,task_created,,G00710,type=PACK pickup=PICK-3 dropoff=PACK-2
20260903_111731_35c32a,1871,task_created,,G00711,type=SHIP pickup=STAGING dropoff=DOCK-2
20260903_111731_35c32a,1872,task_completed,R5,G00496,
20260903_111731_35c32a,1873,task_completed,R8,G00694,
20260903_111731_35c32a,1873,task_assigned,R5,G00709,
20260903_111731_35c32a,1874,task_assigned,R8,G00511,
20260903_111731_35c32a,1875,task_created,,G00712,type=PUTAWAY pickup=BUFFER dropoff=C-05
20260903_111731_35c32a,1875,task_created,,G00713,type=PICK pickup=H-02 dropoff=PICK-2
20260903_111731_35c32a,1876,task_completed,R7,G00697,
20260903_111731_35c32a,1877,task_assigned,R7,G00712,
20260903_111731_35c32a,1878,task_completed,R2,G00507,
20260903_111731_35c32a,1879,task_completed,R1,G00503,
20260903_111731_35c32a,1879,task_assigned,R2,G00516,
20260903_111731_35c32a,1879,task_created,,G00714,type=PACK pickup=PICK-1 dropoff=PACK-2
20260903_111731_35c32a,1880,task_assigned,R1,G00519,
20260903_111731_35c32a,1883,task_created,,G00715,type=PUTAWAY pickup=RECV dropoff=B-08
20260903_111731_35c32a,1885,task_created,,G00716,type=PICK pickup=E-03 dropoff=PICK-1
20260903_111731_35c32a,1885,task_created,,G00717,type=SHIP pickup=STAGING dropoff=DOCK-1
20260903_111731_35c32a,1891,task_created,,G00718,type=PUTAWAY pickup=RECV dropoff=H-06
20260903_111731_35c32a,1891,task_created,,G00719,type=PACK pickup=PICK-3 dropoff=PACK-2
20260903_111731_35c32a,1893,task_completed,R6,G00703,
20260903_111731_35c32a,1894,task_assigned,R6,G00715,
20260903_111731_35c32a,1895,task_created,,G00720,type=PICK pickup=A-06 dropoff=PICK-3
20260903_111731_35c32a,1896,task_completed,R2,G00516,
20260903_111731_35c32a,1897,task_completed,R7,G00712,
20260903_111731_35c32a,1897,task_assigned,R2,G00718,
20260903_111731_35c32a,1898,task_completed,R1,G00519,
20260903_111731_35c32a,1898,task_assigned,R7,G00522,
20260903_111731_35c32a,1899,task_created,,G00721,type=PUTAWAY pickup=BUFFER dropoff=D-02
20260903_111731_35c32a,1899,task_assigned,R1,G00721,
20260903_111731_35c32a,1899,task_created,,G00722,type=SHIP pickup=STAGING dropoff=DOCK-2
20260903_111731_35c32a,1903,task_created,,G00723,type=PACK pickup=PICK-3 dropoff=PACK-2
20260903_111731_35c32a,1905,task_created,,G00724,type=PICK pickup=C-02 dropoff=PICK-3
20260903_111731_35c32a,1906,task_completed,R5,G00709,
20260903_111731_35c32a,1907,task_created,,G00725,type=PUTAWAY pickup=BUFFER dropoff=C-03
20260903_111731_35c32a,1907,task_assigned,R5,G00725,
20260903_111731_35c32a,1911,task_completed,R4,G00699,
20260903_111731_35c32a,1912,task_assigned,R4,G00526,
20260903_111731_35c32a,1913,task_created,,G00726,type=SHIP pickup=STAGING dropoff=DOCK-1
20260903_111731_35c32a,1915,task_created,,G00727,type=PUTAWAY pickup=BUFFER dropoff=C-03
20260903_111731_35c32a,1915,task_created,,G00728,type=PICK pickup=A-04 dropoff=PICK-1
20260903_111731_35c32a,1915,task_created,,G00729,type=PACK pickup=PICK-3 dropoff=PACK-1
20260903_111731_35c32a,1918,task_completed,R3,G00707,
20260903_111731_35c32a,1919,task_assigned,R3,G00727,
20260903_111731_35c32a,1922,task_completed,R8,G00511,
20260903_111731_35c32a,1923,task_created,,G00730,type=PUTAWAY pickup=BUFFER dropoff=H-04
20260903_111731_35c32a,1923,task_assigned,R8,G00730,
20260903_111731_35c32a,1925,task_created,,G00731,type=PICK pickup=D-08 dropoff=PICK-3
20260903_111731_35c32a,1927,task_created,,G00732,type=PACK pickup=PICK-1 dropoff=PACK-1
20260903_111731_35c32a,1927,task_created,,G00733,type=SHIP pickup=STAGING dropoff=DOCK-2
20260903_111731_35c32a,1929,task_completed,R7,G00522,
20260903_111731_35c32a,1929,task_completed,R5,G00725,
20260903_111731_35c32a,1930,task_assigned,R5,G00530,
20260903_111731_35c32a,1930,task_assigned,R7,G00534,
20260903_111731_35c32a,1930,task_completed,R1,G00721,
20260903_111731_35c32a,1931,task_created,,G00734,type=PUTAWAY pickup=BUFFER dropoff=H-06
20260903_111731_35c32a,1931,task_assigned,R1,G00734,
20260903_111731_35c32a,1934,task_completed,R6,G00715,
20260903_111731_35c32a,1934,task_interrupted,R2,G00718,
20260903_111731_35c32a,1935,task_assigned,R6,G00718,
20260903_111731_35c32a,1935,task_created,,G00735,type=PICK pickup=A-06 dropoff=PICK-1
20260903_111731_35c32a,1939,task_created,,G00736,type=PUTAWAY pickup=BUFFER dropoff=A-06
20260903_111731_35c32a,1939,task_created,,G00737,type=PACK pickup=PICK-2 dropoff=PACK-1
20260903_111731_35c32a,1941,task_created,,G00738,type=SHIP pickup=STAGING dropoff=DOCK-2
20260903_111731_35c32a,1944,task_completed,R3,G00727,
20260903_111731_35c32a,1945,task_assigned,R3,G00736,
20260903_111731_35c32a,1945,task_created,,G00739,type=PICK pickup=H-03 dropoff=PICK-1
20260903_111731_35c32a,1947,task_created,,G00740,type=PUTAWAY pickup=BUFFER dropoff=H-04
20260903_111731_35c32a,1951,task_created,,G00741,type=PACK pickup=PICK-3 dropoff=PACK-2
20260903_111731_35c32a,1955,task_completed,R7,G00534,
20260903_111731_35c32a,1955,task_created,,G00742,type=PUTAWAY pickup=RECV dropoff=E-06
20260903_111731_35c32a,1955,task_created,,G00743,type=PICK pickup=H-03 dropoff=PICK-3
20260903_111731_35c32a,1955,task_created,,G00744,type=SHIP pickup=STAGING dropoff=DOCK-1
20260903_111731_35c32a,1956,task_assigned,R7,G00740,
20260903_111731_35c32a,1957,task_completed,R8,G00730,
20260903_111731_35c32a,1958,task_assigned,R8,G00742,
20260903_111731_35c32a,1959,task_completed,R5,G00530,
20260903_111731_35c32a,1960,task_assigned,R5,G00538,
20260903_111731_35c32a,1963,task_created,,G00745,type=PUTAWAY pickup=BUFFER dropoff=A-03
20260903_111731_35c32a,1963,task_created,,G00746,type=PACK pickup=PICK-2 dropoff=PACK-1
20260903_111731_35c32a,1965,task_created,,G00747,type=PICK pickup=B-05 dropoff=PICK-2
20260903_111731_35c32a,1969,task_created,,G00748,type=SHIP pickup=STAGING dropoff=DOCK-2
20260903_111731_35c32a,1970,task_completed,R4,G00526,
20260903_111731_35c32a,1971,task_assigned,R4,G00745,
20260903_111731_35c32a,1971,task_created,,G00749,type=PUTAWAY pickup=RECV dropoff=D-06
20260903_111731_35c32a,1975,task_created,,G00750,type=PICK pickup=F-01 dropoff=PICK-2
20260903_111731_35c32a,1975,task_created,,G00751,type=PACK pickup=PICK-3 dropoff=PACK-2
20260903_111731_35c32a,1976,task_completed,R6,G00718,
20260903_111731_35c32a,1977,task_completed,R5,G00538,
20260903_111731_35c32a,1977,task_assigned,R6,G00749,
20260903_111731_35c32a,1978,task_assigned,R5,G00542,
20260903_111731_35c32a,1978,task_assigned,R2,G00545,
20260903_111731_35c32a,1978,task_completed,R1,G00734,
20260903_111731_35c32a,1979,task_created,,G00752,type=PUTAWAY pickup=RECV dropoff=B-05
20260903_111731_35c32a,1979,task_assigned,R1,G00752,
20260903_111731_35c32a,1983,task_created,,G00753,type=SHIP pickup=STAGING dropoff=DOCK-1
20260903_111731_35c32a,1985,task_interrupted,R5,G00542,
20260903_111731_35c32a,1985,task_completed,R7,G00740,
20260903_111731_35c32a,1985,task_created,,G00754,type=PICK pickup=E-05 dropoff=PICK-3
20260903_111731_35c32a,1986,task_assigned,R7,G00542,
20260903_111731_35c32a,1987,task_created,,G00755,type=PUTAWAY pickup=BUFFER dropoff=E-03
20260903_111731_35c32a,1987,task_created,,G00756,type=PACK pickup=PICK-2 dropoff=PACK-1
20260903_111731_35c32a,1988,task_completed,R3,G00736,
20260903_111731_35c32a,1989,task_completed,R8,G00742,
20260903_111731_35c32a,1989,task_assigned,R3,G00755,
20260903_111731_35c32a,1990,task_assigned,R8,G00549,
20260903_111731_35c32a,1992,task_interrupted,R4,G00745,
20260903_111731_35c32a,1995,task_created,,G00757,type=PUTAWAY pickup=BUFFER dropoff=D-01
20260903_111731_35c32a,1995,task_created,,G00758,type=PICK pickup=E-03 dropoff=PICK-2
20260903_111731_35c32a,1997,task_created,,G00759,type=SHIP pickup=STAGING dropoff=DOCK-1
20260903_111731_35c32a,1999,task_created,,G00760,type=PACK pickup=PICK-2 dropoff=PACK-2
