tick,tasks_pending,tasks_outstanding,tasks_created_this_tick,tasks_completed_this_tick,tasks_completed_total,tasks_failed_total,robots_active,robots_idle,robots_blocked,robots_charging,robots_to_charger,robots_waiting_for_charger,robots_failed,average_battery,min_battery,max_battery,replans_this_tick,replans_total,blocked_ticks_this_tick,blocked_ticks_total
1,0,0,0.0,0.0,0.0,0.0,0,8,0,0,0,0,0,100.0,100.0,100.0,0.0,0.0,0.0,0.0
2,0,0,0.0,0.0,0.0,0.0,0,8,0,0,0,0,0,100.0,100.0,100.0,0.0,0.0,0.0,0.0
3,0,1.0,1.0,0.0,0.0,0.0,1,7,0,0,0,0,0,99.9562,99.65,100.0,0.0,0.0,0.0,0.0
4,0,1.0,0.0,0.0,0.0,0.0,1,7,0,0,0,0,0,99.9125,99.3,100.0,0.0,0.0,0.0,0.0
5,0,2.0,1.0,0.0,0.0,0.0,2,6,0,0,0,0,0,99.825,98.95,100.0,0.0,0.0,0.0,0.0
6,0,2.0,0.0,0.0,0.0,0.0,2,6,0,0,0,0,0,99.7375,98.6,100.0,0.0,0.0,0.0,0.0
7,0,3.0,1.0,0.0,0.0,0.0,3,5,0,0,0,0,0,99.6063,98.25,100.0,0.0,0.0,0.0,0.0
8,0,3.0,0.0,0.0,0.0,0.0,3,5,0,0,0,0,0,99.4563,97.9,100.0,0.0,0.0,0.0,0.0
9,0,4.0,1.0,0.0,0.0,0.0,4,4,0,0,0,0,0,99.2625,97.55,100.0,0.0,0.0,0.0,0.0
10,0,4.0,0.0,0.0,0.0,0.0,4,4,0,0,0,0,0,99.0688,97.2,100.0,0.0,0.0,0.0,0.0
11,0,5.0,1.0,0.0,0.0,0.0,5,3,0,0,0,0,0,98.8313,96.85,100.0,0.0,0.0,0.0,0.0
12,0,5.0,0.0,0.0,0.0,0.0,5,3,0,0,0,0,0,98.5938,96.5,100.0,0.0,0.0,0.0,0.0
13,0,5.0,0.0,0.0,0.0,0.0,5,3,0,0,0,0,0,98.3563,96.15,100.0,0.0,0.0,0.0,0.0
14,0,5.0,0.0,0.0,0.0,0.0,5,3,0,0,0,0,0,98.1188,95.8,100.0,0.0,0.0,0.0,0.0
15,0,6.0,1.0,0.0,0.0,0.0,6,2,0,0,0,0,0,97.8375,95.45,100.0,0.0,0.0,0.0,0.0
16,0,6.0,0.0,0.0,0.0,0.0,6,2,0,0,0,0,0,97.5375,95.1,100.0,0.0,0.0,0.0,0.0
17,0,5.0,0.0,1.0,1.0,0.0,5,3,0,0,0,0,0,97.2188,94.65,100.0,0.0,0.0,0.0,0.0
18,0,5.0,0.0,0.0,1.0,0.0,5,3,0,0,0,0,0,96.9625,94.4,100.0,0.0,0.0,0.0,0.0
19,0,6.0,2.0,1.0,2.0,0.0,6,2,0,0,0,0,0,96.6,93.9,100.0,0.0,0.0,0.0,0.0
20,0,6.0,0.0,0.0,2.0,0.0,6,2,0,0,0,0,0,96.3,93.4,100.0,0.0,0.0,0.0,0.0
21,0,6.0,0.0,0.0,2.0,0.0,6,2,0,0,0,0,0,96.0,92.9,100.0,0.0,0.0,0.0,0.0
22,0,6.0,0.0,0.0,2.0,0.0,6,2,0,0,0,0,0,95.7,92.4,100.0,0.0,0.0,0.0,0.0
23,0,7.0,1.0,0.0,2.0,0.0,7,1,0,0,0,0,0,95.3563,91.9,100.0,0.0,0.0,0.0,0.0
24,0,6.0,0.0,1.0,3.0,0.0,6,2,0,0,0,0,0,95.0125,91.4,100.0,0.0,0.0,0.0,0.0
25,0,7.0,1.0,0.0,3.0,0.0,7,1,0,0,0,0,0,94.6875,90.9,100.0,0.0,0.0,0.0,0.0
26,0,6.0,0.0,1.0,4.0,0.0,6,2,0,0,0,0,0,94.3438,90.4,100.0,0.0,0.0,0.0,0.0
27,0,7.0,1.0,0.0,4.0,0.0,7,1,0,0,0,0,0,94.0188,90.05,100.0,0.0,0.0,0.0,0.0
28,0,6.0,0.0,1.0,5.0,0.0,6,2,0,0,0,0,0,93.6938,89.7,100.0,0.0,0.0,0.0,0.0
29,0,6.0,0.0,0.0,5.0,0.0,6,2,0,0,0,0,0,93.4125,89.35,100.0,0.0,0.0,0.0,0.0
30,0,6.0,0.0,0.0,5.0,0.0,6,2,0,0,0,0,0,93.1313,89.0,100.0,0.0,0.0,0.0,0.0
31,0,7.0,1.0,0.0,5.0,0.0,7,1,0,0,0,0,0,92.7875,88.65,100.0,0.0,0.0,0.0,0.0
32,0,7.0,0.0,0.0,5.0,0.0,7,1,0,0,0,0,0,92.4438,88.3,100.0,0.0,0.0,0.0,0.0
33,0,7.0,0.0,0.0,5.0,0.0,7,1,0,0,0,0,0,92.1,87.95,100.0,0.0,0.0,0.0,0.0
34,0,7.0,0.0,0.0,5.0,0.0,7,1,0,0,0,0,0,91.7375,87.55,100.0,0.0,0.0,0.0,0.0
35,1,9.0,2.0,0.0,5.0,0.0,8,0,0,0,0,0,0,91.3125,87.05,99.65,0.0,0.0,0.0,0.0
36,1,8.0,0.0,1.0,6.0,0.0,7,1,0,0,0,0,0,90.8688,86.55,99.3,0.0,0.0,0.0,0.0
37,1,9.0,1.0,0.0,6.0,0.0,8,0,0,0,0,0,0,90.4438,86.2,98.95,0.0,0.0,0.0,0.0
38,1,9.0,0.0,0.0,6.0,0.0,8,0,0,0,0,0,0,90.0,85.75,98.6,0.0,0.0,0.0,0.0
39,1,9.0,0.0,0.0,6.0,0.0,8,0,0,0,0,0,0,89.5563,85.25,98.25,0.0,0.0,0.0,0.0
40,1,8.0,0.0,1.0,7.0,0.0,7,1,0,0,0,0,0,89.1125,84.75,97.9,0.0,0.0,0.0,0.0
41,0,8.0,0.0,0.0,7.0,0.0,8,0,0,0,0,0,0,88.6875,84.25,97.55,0.0,0.0,0.0,0.0
42,0,8.0,0.0,0.0,7.0,0.0,8,0,0,0,0,0,0,88.2625,83.75,97.2,0.0,0.0,0.0,0.0
43,2,9.0,2.0,1.0,8.0,0.0,7,1,0,0,0,0,0,87.8375,83.25,96.85,0.0,0.0,0.0,0.0
44,1,8.0,0.0,1.0,9.0,0.0,7,1,0,0,0,0,0,87.4125,82.75,96.5,0.0,0.0,0.0,0.0
45,1,9.0,1.0,0.0,9.0,0.0,8,0,0,0,0,0,0,87.0063,82.25,96.15,0.0,0.0,0.0,0.0
46,1,9.0,0.0,0.0,9.0,0.0,8,0,0,0,0,0,0,86.6,81.75,95.8,0.0,0.0,0.0,0.0
47,1,9.0,0.0,0.0,9.0,0.0,8,0,0,0,0,0,0,86.175,81.25,95.45,0.0,0.0,0.0,0.0
48,1,8.0,0.0,1.0,10.0,0.0,7,1,0,0,0,0,0,85.75,80.75,95.1,0.0,0.0,0.0,0.0
49,0,7.0,0.0,1.0,11.0,0.0,7,1,0,0,0,0,0,85.3438,80.25,94.75,0.0,0.0,0.0,0.0
50,0,7.0,0.0,0.0,11.0,0.0,7,1,0,0,0,0,0,85.0,79.75,94.4,0.0,0.0,0.0,0.0
51,1,9.0,2.0,0.0,11.0,0.0,8,0,0,0,0,0,0,84.6125,79.25,94.05,0.0,0.0,0.0,0.0
52,1,8.0,0.0,1.0,12.0,0.0,7,1,0,0,0,0,0,84.225,78.75,93.7,0.0,0.0,0.0,0.0
53,0,8.0,0.0,0.0,12.0,0.0,8,0,0,0,0,0,0,83.8563,78.4,93.35,0.0,0.0,0.0,0.0
54,0,8.0,0.0,0.0,12.0,0.0,7,0,1,0,0,0,0,83.5313,78.05,93.0,0.0,0.0,1.0,1.0
55,2,10.0,2.0,0.0,12.0,0.0,7,0,1,0,0,0,0,83.25,78.05,92.65,1.0,1.0,2.0,3.0
56,2,10.0,0.0,0.0,12.0,0.0,8,0,0,0,0,0,0,82.8813,77.7,92.3,0.0,1.0,0.0,3.0
57,2,9.0,0.0,1.0,13.0,0.0,7,1,0,0,0,0,0,82.4938,77.35,91.8,0.0,1.0,0.0,3.0
58,1,9.0,0.0,0.0,13.0,0.0,8,0,0,0,0,0,0,82.1063,77.0,91.3,0.0,1.0,0.0,3.0
59,2,10.0,1.0,0.0,13.0,0.0,8,0,0,0,0,0,0,81.7188,76.65,90.8,0.0,1.0,0.0,3.0
60,2,10.0,0.0,0.0,13.0,0.0,8,0,0,0,0,0,0,81.3313,76.3,90.3,0.0,1.0,0.0,3.0
61,2,9.0,0.0,1.0,14.0,0.0,5,1,2,0,0,0,0,81.0313,75.95,89.8,0.0,1.0,2.0,5.0
62,1,9.0,0.0,0.0,14.0,0.0,7,0,1,0,0,0,0,80.75,75.6,89.45,1.0,2.0,2.0,7.0
63,1,9.0,0.0,0.0,14.0,0.0,8,0,0,0,0,0,0,80.3813,75.25,89.1,0.0,2.0,0.0,7.0
64,1,9.0,0.0,0.0,14.0,0.0,8,0,0,0,0,0,0,80.0125,74.9,88.75,0.0,2.0,0.0,7.0
65,3,11.0,2.0,0.0,14.0,0.0,8,0,0,0,0,0,0,79.6438,74.55,88.4,0.0,2.0,0.0,7.0
66,3,11.0,0.0,0.0,14.0,0.0,8,0,0,0,0,0,0,79.275,74.2,88.05,0.0,2.0,0.0,7.0
67,5,13.0,2.0,0.0,14.0,0.0,6,0,2,0,0,0,0,78.9938,73.85,88.05,0.0,2.0,2.0,9.0
68,5,12.0,0.0,1.0,15.0,0.0,6,1,1,0,0,0,0,78.6938,73.35,88.05,1.0,3.0,2.0,11.0
69,4,12.0,0.0,0.0,15.0,0.0,8,0,0,0,0,0,0,78.325,72.85,87.7,0.0,3.0,0.0,11.0
70,4,11.0,0.0,1.0,16.0,0.0,7,1,0,0,0,0,0,77.9563,72.35,87.35,0.0,3.0,0.0,11.0
71,3,11.0,0.0,0.0,16.0,0.0,8,0,0,0,0,0,0,77.5875,72.0,87.0,0.0,3.0,0.0,11.0
72,3,11.0,0.0,0.0,16.0,0.0,8,0,0,0,0,0,0,77.2,71.65,86.65,0.0,3.0,0.0,11.0
73,3,11.0,0.0,0.0,16.0,0.0,8,0,0,0,0,0,0,76.7938,71.3,86.3,0.0,3.0,0.0,11.0
74,3,11.0,0.0,0.0,16.0,0.0,8,0,0,0,0,0,0,76.3688,70.95,85.95,0.0,3.0,0.0,11.0
75,5,13.0,2.0,0.0,16.0,0.0,8,0,0,0,0,0,0,75.9438,70.6,85.6,0.0,3.0,0.0,11.0
76,5,13.0,0.0,0.0,16.0,0.0,8,0,0,0,0,0,0,75.5,70.25,85.25,0.0,3.0,0.0,11.0
77,5,13.0,0.0,0.0,16.0,0.0,8,0,0,0,0,0,0,75.0563,69.9,84.9,0.0,3.0,0.0,11.0
78,5,13.0,0.0,0.0,16.0,0.0,7,0,1,0,0,0,0,74.675,69.55,84.55,0.0,3.0,1.0,12.0
79,7,15.0,2.0,0.0,16.0,0.0,8,0,0,0,0,0,0,74.2313,69.2,84.2,0.0,3.0,0.0,12.0
80,7,15.0,0.0,0.0,16.0,0.0,8,0,0,0,0,0,0,73.7688,68.85,83.7,0.0,3.0,0.0,12.0
81,7,15.0,0.0,0.0,16.0,0.0,8,0,0,0,0,0,0,73.3063,68.5,83.2,0.0,3.0,0.0,12.0
82,7,14.0,0.0,1.0,17.0,0.0,7,1,0,0,0,0,0,72.8438,68.15,82.7,0.0,3.0,0.0,12.0
83,7,15.0,1.0,0.0,17.0,0.0,8,0,0,0,0,0,0,72.4,67.8,82.2,0.0,3.0,0.0,12.0
84,7,15.0,0.0,0.0,17.0,0.0,8,0,0,0,0,0,0,71.9563,67.45,81.7,0.0,3.0,0.0,12.0
85,8,15.0,1.0,1.0,18.0,0.0,7,1,0,0,0,0,0,71.4938,67.1,81.2,0.0,3.0,0.0,12.0
86,7,15.0,0.0,0.0,18.0,0.0,8,0,0,0,0,0,0,71.05,66.75,80.7,0.0,3.0,0.0,12.0
87,7,13.0,0.0,2.0,20.0,0.0,5,2,1,0,0,0,0,70.65,66.4,80.2,0.0,3.0,1.0,13.0
88,5,13.0,0.0,0.0,20.0,0.0,7,0,1,0,0,0,0,70.35,66.05,79.7,1.0,4.0,2.0,15.0
89,5,13.0,0.0,0.0,20.0,0.0,8,0,0,0,0,0,0,69.9438,65.7,79.2,0.0,4.0,0.0,15.0
90,5,13.0,0.0,0.0,20.0,0.0,8,0,0,0,0,0,0,69.5188,65.2,78.7,0.0,4.0,0.0,15.0
91,7,14.0,2.0,1.0,21.0,0.0,7,1,0,0,0,0,0,69.075,64.7,78.2,0.0,4.0,0.0,15.0
92,6,14.0,0.0,0.0,21.0,0.0,8,0,0,0,0,0,0,68.65,64.2,77.7,0.0,4.0,0.0,15.0
93,7,15.0,1.0,0.0,21.0,0.0,8,0,0,0,0,0,0,68.225,63.7,77.2,0.0,4.0,0.0,15.0
94,7,14.0,0.0,1.0,22.0,0.0,7,1,0,0,0,0,0,67.8,63.2,76.7,0.0,4.0,0.0,15.0
95,7,14.0,1.0,1.0,23.0,0.0,7,1,0,0,0,0,0,67.3563,62.7,76.35,0.0,4.0,0.0,15.0
96,6,14.0,0.0,0.0,23.0,0.0,8,0,0,0,0,0,0,66.9313,62.2,76.0,0.0,4.0,0.0,15.0
97,6,14.0,0.0,0.0,23.0,0.0,7,0,1,0,0,0,0,66.55,61.7,76.0,0.0,4.0,1.0,16.0
98,6,14.0,0.0,0.0,23.0,0.0,6,0,2,0,0,0,0,66.2125,61.2,76.0,0.0,4.0,2.0,18.0
99,7,15.0,1.0,0.0,23.0,0.0,5,0,3,0,0,0,0,65.9813,60.7,76.0,1.0,5.0,4.0,22.0
100,7,14.0,0.0,1.0,24.0,0.0,6,1,1,0,0,0,0,65.6438,60.2,75.65,1.0,6.0,2.0,24.0
101,6,14.0,0.0,0.0,24.0,0.0,7,0,1,0,0,0,0,65.2813,59.7,75.3,0.0,6.0,1.0,25.0
102,6,13.0,0.0,1.0,25.0,0.0,6,1,1,0,0,0,0,64.9625,59.2,74.95,0.0,6.0,1.0,26.0
103,6,13.0,1.0,1.0,26.0,0.0,7,1,0,0,0,0,0,64.5563,58.7,74.6,0.0,6.0,0.0,26.0
104,5,13.0,0.0,0.0,26.0,0.0,8,0,0,0,0,0,0,64.1688,58.35,74.25,0.0,6.0,0.0,26.0
105,6,14.0,1.0,0.0,26.0,0.0,8,0,0,0,0,0,0,63.7813,58.0,73.9,0.0,6.0,0.0,26.0
106,6,13.0,0.0,1.0,27.0,0.0,5,1,2,0,0,0,0,63.4813,57.65,73.55,0.0,6.0,2.0,28.0
107,7,15.0,2.0,0.0,27.0,0.0,7,0,1,0,0,0,0,63.1813,57.3,73.2,1.0,7.0,2.0,30.0
108,7,15.0,0.0,0.0,27.0,0.0,7,0,1,0,0,0,0,62.8563,56.95,72.85,0.0,7.0,1.0,31.0
109,7,15.0,0.0,0.0,27.0,0.0,8,0,0,0,0,0,0,62.4688,56.6,72.5,0.0,7.0,0.0,31.0
110,7,14.0,0.0,1.0,28.0,0.0,7,1,0,0,0,0,0,62.0625,56.25,72.15,0.0,7.0,0.0,31.0
111,6,14.0,0.0,0.0,28.0,0.0,8,0,0,0,0,0,0,61.675,55.9,71.8,0.0,7.0,0.0,31.0
112,6,14.0,0.0,0.0,28.0,0.0,8,0,0,0,0,0,0,61.2688,55.4,71.45,0.0,7.0,0.0,31.0
113,6,14.0,0.0,0.0,28.0,0.0,8,0,0,0,0,0,0,60.8625,54.9,71.1,0.0,7.0,0.0,31.0
114,6,14.0,0.0,0.0,28.0,0.0,8,0,0,0,0,0,0,60.4563,54.4,70.75,0.0,7.0,0.0,31.0
115,9,16.0,3.0,1.0,29.0,0.0,7,1,0,0,0,0,0,60.05,53.9,70.4,0.0,7.0,0.0,31.0
116,8,16.0,0.0,0.0,29.0,0.0,7,0,1,0,0,0,0,59.7063,53.4,70.4,0.0,7.0,1.0,32.0
117,8,16.0,0.0,0.0,29.0,0.0,8,0,0,0,0,0,0,59.3188,52.9,70.05,0.0,7.0,0.0,32.0
118,8,16.0,0.0,0.0,29.0,0.0,8,0,0,0,0,0,0,58.9313,52.4,69.7,0.0,7.0,0.0,32.0
119,8,16.0,0.0,0.0,29.0,0.0,8,0,0,0,0,0,0,58.525,51.9,69.35,0.0,7.0,0.0,32.0
120,8,15.0,0.0,1.0,30.0,0.0,7,1,0,0,0,0,0,58.1188,51.4,69.0,0.0,7.0,0.0,32.0
121,8,16.0,1.0,0.0,30.0,0.0,8,0,0,0,0,0,0,57.7313,50.9,68.65,0.0,7.0,0.0,32.0
122,8,16.0,0.0,0.0,30.0,0.0,8,0,0,0,0,0,0,57.3438,50.4,68.3,0.0,7.0,0.0,32.0
123,9,17.0,1.0,0.0,30.0,0.0,7,0,1,0,0,0,0,56.9813,49.9,68.3,0.0,7.0,1.0,33.0
124,9,16.0,0.0,1.0,31.0,0.0,7,1,0,0,0,0,0,56.575,49.4,67.95,0.0,7.0,0.0,33.0
125,9,17.0,1.0,0.0,31.0,0.0,8,0,0,0,0,0,0,56.1875,48.9,67.6,0.0,7.0,0.0,33.0
126,9,16.0,0.0,1.0,32.0,0.0,7,1,0,0,0,0,0,55.8,48.4,67.25,0.0,7.0,0.0,33.0
127,9,17.0,1.0,0.0,32.0,0.0,8,0,0,0,0,0,0,55.4313,48.05,66.9,0.0,7.0,0.0,33.0
128,9,17.0,0.0,0.0,32.0,0.0,8,0,0,0,0,0,0,55.0625,47.7,66.55,0.0,7.0,0.0,33.0
129,9,17.0,0.0,0.0,32.0,0.0,8,0,0,0,0,0,0,54.6938,47.35,66.2,0.0,7.0,0.0,33.0
130,9,17.0,0.0,0.0,32.0,0.0,8,0,0,0,0,0,0,54.325,47.0,65.85,0.0,7.0,0.0,33.0
131,10,18.0,1.0,0.0,32.0,0.0,8,0,0,0,0,0,0,53.9375,46.65,65.35,0.0,7.0,0.0,33.0
132,10,18.0,0.0,0.0,32.0,0.0,8,0,0,0,0,0,0,53.55,46.3,64.85,0.0,7.0,0.0,33.0
133,10,18.0,0.0,0.0,32.0,0.0,8,0,0,0,0,0,0,53.1438,45.95,64.35,0.0,7.0,0.0,33.0
134,10,18.0,0.0,0.0,32.0,0.0,6,0,2,0,0,0,0,52.825,45.6,63.85,0.0,7.0,2.0,35.0
135,12,20.0,2.0,0.0,32.0,0.0,7,0,1,0,0,0,0,52.4875,45.25,63.35,1.0,8.0,2.0,37.0
136,12,20.0,0.0,0.0,32.0,0.0,8,0,0,0,0,0,0,52.025,44.9,62.85,0.0,8.0,0.0,37.0
137,12,20.0,0.0,0.0,32.0,0.0,5,0,3,0,0,0,0,51.7313,44.9,62.35,0.0,8.0,3.0,40.0
138,12,20.0,0.0,0.0,32.0,0.0,7,0,1,0,0,0,0,51.375,44.9,61.85,1.0,9.0,2.0,42.0
139,14,22.0,2.0,0.0,32.0,0.0,8,0,0,0,0,0,0,50.9125,44.55,61.35,0.0,9.0,0.0,42.0
140,14,21.0,0.0,1.0,33.0,0.0,7,1,0,0,0,0,0,50.45,44.2,60.85,0.0,9.0,0.0,42.0
141,13,21.0,0.0,0.0,33.0,0.0,6,0,2,0,0,0,0,50.1125,44.2,60.85,0.0,9.0,2.0,44.0
142,13,20.0,0.0,1.0,34.0,0.0,7,1,0,0,0,0,0,49.6688,43.85,60.35,0.0,9.0,0.0,44.0
143,12,20.0,0.0,0.0,34.0,0.0,7,0,1,0,0,0,0,49.2875,43.85,59.85,0.0,9.0,1.0,45.0
144,12,20.0,0.0,0.0,34.0,0.0,8,0,0,0,0,0,0,48.8625,43.5,59.35,0.0,9.0,0.0,45.0
145,13,21.0,1.0,0.0,34.0,0.0,6,0,2,0,0,0,0,48.5625,43.15,59.35,0.0,9.0,2.0,47.0
146,13,21.0,0.0,0.0,34.0,0.0,7,0,1,0,0,0,0,48.2438,42.8,59.35,1.0,10.0,2.0,49.0
147,14,22.0,1.0,0.0,34.0,0.0,8,0,0,0,0,0,0,47.8,42.45,58.85,0.0,10.0,0.0,49.0
148,14,22.0,0.0,0.0,34.0,0.0,8,0,0,0,0,0,0,47.3563,42.1,58.35,0.0,10.0,0.0,49.0
149,15,23.0,1.0,0.0,34.0,0.0,7,0,1,0,0,0,0,46.975,41.75,57.85,0.0,10.0,1.0,50.0
150,15,22.0,0.0,1.0,35.0,0.0,6,1,1,0,0,0,0,46.6375,41.4,57.35,1.0,11.0,2.0,52.0
151,15,22.0,1.0,1.0,36.0,0.0,7,1,0,0,0,0,0,46.2125,41.05,56.85,0.0,11.0,0.0,52.0
152,14,22.0,0.0,0.0,36.0,0.0,7,0,1,0,0,0,0,45.85,40.7,56.35,0.0,11.0,1.0,53.0
153,14,21.0,0.0,1.0,37.0,0.0,7,1,0,0,0,0,0,45.425,40.35,55.85,0.0,11.0,0.0,53.0
154,13,21.0,0.0,0.0,37.0,0.0,8,0,0,0,0,0,0,45.0188,40.0,55.5,0.0,11.0,0.0,53.0
155,15,23.0,2.0,0.0,37.0,0.0,8,0,0,0,0,0,0,44.6125,39.65,55.15,0.0,11.0,0.0,53.0
156,15,23.0,0.0,0.0,37.0,0.0,8,0,0,0,0,0,0,44.1688,39.15,54.8,0.0,11.0,0.0,53.0
157,15,23.0,0.0,0.0,37.0,0.0,7,0,1,0,0,0,0,43.7688,38.65,54.45,0.0,11.0,1.0,54.0
158,15,23.0,0.0,0.0,37.0,0.0,7,0,1,0,0,0,0,43.4313,38.15,54.1,1.0,12.0,2.0,56.0
159,15,23.0,0.0,0.0,37.0,0.0,8,0,0,0,0,0,0,42.9875,37.65,53.75,0.0,12.0,0.0,56.0
160,15,22.0,0.0,1.0,38.0,0.0,6,1,1,0,0,0,0,42.6063,37.15,53.4,0.0,12.0,1.0,57.0
161,14,22.0,0.0,0.0,38.0,0.0,8,0,0,0,0,0,0,42.1813,36.65,53.05,0.0,12.0,0.0,57.0
162,14,22.0,0.0,0.0,38.0,0.0,8,0,0,0,0,0,0,41.7563,36.15,52.7,0.0,12.0,0.0,57.0
163,17,24.0,3.0,1.0,39.0,0.0,7,1,0,0,0,0,0,41.3313,35.65,52.35,0.0,12.0,0.0,57.0
164,16,24.0,0.0,0.0,39.0,0.0,8,0,0,0,0,0,0,40.925,35.15,52.0,0.0,12.0,0.0,57.0
165,17,25.0,1.0,0.0,39.0,0.0,8,0,0,0,0,0,0,40.5,34.65,51.5,0.0,12.0,0.0,57.0
166,17,25.0,0.0,0.0,39.0,0.0,8,0,0,0,0,0,0,40.0563,34.15,51.0,0.0,12.0,0.0,57.0
167,17,25.0,0.0,0.0,39.0,0.0,8,0,0,0,0,0,0,39.6125,33.65,50.5,0.0,12.0,0.0,57.0
168,17,25.0,0.0,0.0,39.0,0.0,8,0,0,0,0,0,0,39.1688,33.15,50.0,0.0,12.0,0.0,57.0
169,17,25.0,0.0,0.0,39.0,0.0,8,0,0,0,0,0,0,38.725,32.65,49.5,0.0,12.0,0.0,57.0
170,17,25.0,0.0,0.0,39.0,0.0,8,0,0,0,0,0,0,38.2625,32.15,49.0,0.0,12.0,0.0,57.0
171,18,25.0,1.0,1.0,40.0,0.0,6,1,1,0,0,0,0,37.8625,31.65,48.5,0.0,12.0,1.0,58.0
172,17,25.0,0.0,0.0,40.0,0.0,8,0,0,0,0,0,0,37.4188,31.3,48.0,0.0,12.0,0.0,58.0
173,17,25.0,0.0,0.0,40.0,0.0,8,0,0,0,0,0,0,36.975,30.95,47.5,0.0,12.0,0.0,58.0
174,17,24.0,0.0,1.0,41.0,0.0,7,1,0,0,0,0,0,36.5313,30.6,47.0,0.0,12.0,0.0,58.0
175,18,26.0,2.0,0.0,41.0,0.0,8,0,0,0,0,0,0,36.1063,30.25,46.5,0.0,12.0,0.0,58.0
176,18,26.0,0.0,0.0,41.0,0.0,8,0,0,0,0,0,0,35.6438,29.9,46.0,0.0,12.0,0.0,58.0
177,19,26.0,1.0,1.0,42.0,0.0,7,1,0,0,0,0,0,35.1813,29.55,45.5,0.0,12.0,0.0,58.0
178,18,25.0,0.0,1.0,43.0,0.0,7,1,0,0,0,0,0,34.7375,29.2,45.0,0.0,12.0,0.0,58.0
179,18,26.0,1.0,0.0,43.0,0.0,8,0,0,0,0,0,0,34.3125,28.85,44.5,0.0,12.0,0.0,58.0
180,18,26.0,0.0,0.0,43.0,0.0,8,0,0,0,0,0,0,33.8688,28.5,44.0,0.0,12.0,0.0,58.0
181,18,26.0,0.0,0.0,43.0,0.0,8,0,0,0,0,0,0,33.425,28.15,43.5,0.0,12.0,0.0,58.0
182,18,26.0,0.0,0.0,43.0,0.0,8,0,0,0,0,0,0,32.9813,27.8,43.0,0.0,12.0,0.0,58.0
183,18,25.0,0.0,1.0,44.0,0.0,7,1,0,0,0,0,0,32.5375,27.45,42.5,0.0,12.0,0.0,58.0
184,17,25.0,0.0,0.0,44.0,0.0,8,0,0,0,0,0,0,32.1125,27.1,42.0,0.0,12.0,0.0,58.0
185,18,26.0,1.0,0.0,44.0,0.0,8,0,0,0,0,0,0,31.6875,26.75,41.5,0.0,12.0,0.0,58.0
186,18,25.0,0.0,1.0,45.0,0.0,6,1,1,0,0,0,0,31.3063,26.75,41.0,0.0,12.0,1.0,59.0
187,19,27.0,2.0,0.0,45.0,0.0,8,0,0,0,0,0,0,30.9,26.4,40.5,0.0,12.0,0.0,59.0
188,19,25.0,0.0,2.0,47.0,0.0,6,2,0,0,0,0,0,30.475,26.05,40.0,0.0,12.0,0.0,59.0
189,17,25.0,0.0,0.0,47.0,0.0,8,0,0,0,0,0,0,30.0688,25.7,39.5,0.0,12.0,0.0,59.0
190,17,25.0,0.0,0.0,47.0,0.0,6,0,2,0,0,0,0,29.7875,25.35,39.5,0.0,12.0,2.0,61.0
191,18,26.0,1.0,0.0,47.0,0.0,7,0,1,0,0,0,0,29.5063,25.0,39.5,1.0,13.0,2.0,63.0
192,18,25.0,0.0,1.0,48.0,0.0,7,1,0,0,0,0,0,29.1,24.65,39.0,0.0,13.0,0.0,63.0
193,17,25.0,0.0,0.0,48.0,0.0,8,0,0,0,0,0,0,28.675,24.3,38.5,0.0,13.0,0.0,63.0
194,17,25.0,0.0,0.0,48.0,0.0,6,0,2,0,0,0,0,28.375,23.95,38.5,0.0,13.0,2.0,65.0
195,19,27.0,2.0,0.0,48.0,0.0,7,0,1,0,0,0,0,28.0563,23.6,38.5,1.0,14.0,2.0,67.0
196,19,27.0,0.0,0.0,48.0,0.0,8,0,0,0,0,0,0,27.6125,23.25,38.0,0.0,14.0,0.0,67.0
197,19,27.0,0.0,0.0,48.0,0.0,8,0,0,0,0,0,0,27.1688,22.75,37.5,0.0,14.0,0.0,67.0
198,19,27.0,0.0,0.0,48.0,0.0,8,0,0,0,0,0,0,26.725,22.25,37.0,0.0,14.0,0.0,67.0
199,20,27.0,1.0,1.0,49.0,0.0,7,1,0,0,0,0,0,26.2813,21.75,36.5,0.0,14.0,0.0,67.0
200,19,27.0,0.0,0.0,49.0,0.0,6,0,2,0,0,0,0,25.9438,21.25,36.15,0.0,14.0,2.0,69.0
201,19,27.0,0.0,0.0,49.0,0.0,7,0,1,0,0,0,0,25.6063,20.75,35.8,1.0,15.0,2.0,71.0
202,19,26.0,0.0,1.0,50.0,0.0,6,1,1,0,0,0,0,25.2063,20.25,35.45,0.0,15.0,1.0,72.0
203,19,27.0,1.0,0.0,50.0,0.0,7,0,1,0,0,0,0,24.8875,19.75,35.1,1.0,16.0,2.0,74.0
204,19,26.0,0.0,1.0,51.0,0.0,7,1,0,0,0,0,0,24.4625,19.25,34.75,0.0,16.0,0.0,74.0
205,20,28.0,2.0,0.0,51.0,0.0,8,0,0,0,0,0,0,24.0563,18.75,34.4,0.0,16.0,0.0,74.0
206,20,28.0,0.0,0.0,51.0,0.0,6,0,2,0,0,0,0,23.7563,18.25,34.05,0.0,16.0,2.0,76.0
207,20,28.0,0.0,0.0,51.0,0.0,8,0,0,0,0,0,0,23.35,17.75,33.7,0.0,16.0,0.0,76.0
208,20,27.0,0.0,1.0,52.0,0.0,7,1,0,0,0,0,0,22.9438,17.25,33.35,0.0,16.0,0.0,76.0
209,19,27.0,0.0,0.0,52.0,0.0,6,0,2,0,0,0,0,22.6438,16.75,33.0,0.0,16.0,2.0,78.0
210,19,27.0,0.0,0.0,52.0,0.0,7,0,1,0,0,0,0,22.3438,16.25,32.65,1.0,17.0,2.0,80.0
211,21,29.0,2.0,0.0,52.0,0.0,7,0,1,0,0,0,0,21.9625,15.75,32.15,0.0,17.0,1.0,81.0
212,21,29.0,0.0,0.0,52.0,0.0,8,0,0,0,0,0,0,21.5188,15.25,31.65,0.0,17.0,0.0,81.0
213,21,29.0,0.0,0.0,52.0,0.0,6,0,1,0,1,0,0,21.1,14.75,31.15,0.0,17.0,1.0,82.0
214,21,29.0,0.0,0.0,52.0,0.0,5,0,2,0,1,0,0,20.7625,14.4,30.65,0.0,17.0,2.0,84.0
215,22,30.0,1.0,0.0,52.0,0.0,6,0,1,0,1,0,0,20.425,14.05,30.15,1.0,18.0,2.0,86.0
216,22,29.0,0.0,1.0,53.0,0.0,6,1,0,0,1,0,0,19.9813,13.7,29.65,0.0,18.0,0.0,86.0
217,21,28.0,0.0,1.0,54.0,0.0,6,1,0,0,1,0,0,19.5563,13.35,29.15,0.0,18.0,0.0,86.0
218,21,27.0,0.0,1.0,55.0,0.0,5,1,0,0,2,0,0,19.15,13.0,28.65,0.0,18.0,0.0,86.0
219,22,29.0,2.0,0.0,55.0,0.0,6,0,0,0,2,0,0,18.7625,12.65,28.15,0.0,18.0,0.0,86.0
220,22,29.0,0.0,0.0,55.0,0.0,6,0,0,0,2,0,0,18.375,12.3,27.65,0.0,18.0,0.0,86.0
221,22,29.0,0.0,0.0,55.0,0.0,5,0,1,0,2,0,0,18.05,11.95,27.65,0.0,18.0,1.0,87.0
222,22,29.0,0.0,0.0,55.0,0.0,3,0,1,0,4,0,0,17.7688,11.6,27.65,1.0,19.0,2.0,89.0
223,23,30.0,1.0,0.0,55.0,0.0,4,0,0,0,4,0,0,17.4,11.25,27.15,0.0,19.0,0.0,89.0
224,23,30.0,0.0,0.0,55.0,0.0,4,0,1,0,3,0,0,17.075,10.9,26.65,0.0,19.0,1.0,90.0
225,24,31.0,1.0,0.0,55.0,0.0,4,0,0,0,4,0,0,16.6875,10.55,26.15,0.0,19.0,0.0,90.0
226,24,31.0,0.0,0.0,55.0,0.0,4,0,0,1,3,0,0,16.3,10.2,25.65,0.0,19.0,0.0,90.0
227,25,32.0,1.0,0.0,55.0,0.0,4,0,1,1,2,0,0,17.1225,11.55,25.15,0.0,19.0,1.0,91.0
228,25,32.0,0.0,0.0,55.0,0.0,4,0,0,1,3,0,0,17.8825,11.2,28.16,0.0,19.0,0.0,91.0
229,25,31.0,0.0,1.0,56.0,0.0,3,1,0,1,3,0,0,18.6425,10.85,37.14,0.0,19.0,0.0,91.0
230,25,31.0,0.0,0.0,56.0,0.0,3,0,0,1,3,1,0,19.465,10.5,46.12,0.0,19.0,0.0,91.0
231,25,30.0,0.0,1.0,57.0,0.0,2,1,1,1,2,1,0,20.3313,10.15,55.1,0.0,19.0,1.0,92.0
232,25,30.0,0.0,0.0,57.0,0.0,1,0,2,1,3,1,0,21.3225,9.8,64.08,1.0,20.0,3.0,95.0
233,26,31.0,1.0,0.0,57.0,0.0,2,0,1,1,3,1,0,22.27,9.45,73.06,1.0,21.0,2.0,97.0
234,26,31.0,0.0,0.0,57.0,0.0,3,0,0,1,3,1,0,23.1113,9.1,82.04,0.0,21.0,0.0,97.0
235,29,34.0,3.0,0.0,57.0,0.0,2,0,1,1,3,1,0,23.9963,8.75,91.02,0.0,21.0,1.0,98.0
236,29,34.0,0.0,0.0,57.0,0.0,4,0,1,0,3,0,0,24.7938,8.4,99.65,0.0,21.0,1.0,99.0
237,29,34.0,0.0,0.0,57.0,0.0,3,0,0,0,4,1,0,24.425,8.05,99.3,0.0,21.0,0.0,99.0
238,29,34.0,0.0,0.0,57.0,0.0,3,0,0,0,4,1,0,24.1,7.7,98.95,0.0,21.0,0.0,99.0
239,29,34.0,0.0,0.0,57.0,0.0,3,0,0,0,4,1,0,23.775,7.35,98.6,0.0,21.0,0.0,99.0
240,29,34.0,0.0,0.0,57.0,0.0,3,0,0,0,4,1,0,23.45,7.0,98.25,0.0,21.0,0.0,99.0
241,29,34.0,0.0,0.0,57.0,0.0,3,0,0,2,2,1,0,23.125,6.65,97.9,0.0,21.0,0.0,99.0
242,29,34.0,0.0,0.0,57.0,0.0,3,0,0,2,2,1,0,25.2013,9.15,97.55,0.0,21.0,0.0,99.0
243,30,35.0,1.0,0.0,57.0,0.0,3,0,0,2,2,1,0,27.2775,8.8,97.2,0.0,21.0,0.0,99.0
244,30,35.0,0.0,0.0,57.0,0.0,2,0,0,2,2,2,0,29.3538,8.45,96.85,0.0,21.0,0.0,99.0
245,31,35.0,1.0,1.0,58.0,0.0,1,1,0,2,2,2,0,31.4738,8.1,96.5,0.0,21.0,0.0,99.0
246,31,35.0,0.0,0.0,58.0,0.0,2,0,0,2,2,2,0,33.6125,7.75,96.15,0.0,21.0,0.0,99.0
247,33,36.0,2.0,1.0,59.0,0.0,1,1,0,3,1,2,0,35.7325,7.4,95.8,0.0,21.0,0.0,99.0
248,33,36.0,0.0,0.0,59.0,0.0,2,0,1,3,0,2,0,39.1163,10.7,95.45,0.0,21.0,1.0,100.0
249,33,36.0,0.0,0.0,59.0,0.0,2,0,0,3,1,2,0,42.5,10.7,95.1,1.0,22.0,1.0,101.0
250,33,36.0,0.0,0.0,59.0,0.0,2,0,0,3,1,2,0,45.84,10.35,94.75,0.0,22.0,0.0,101.0
251,33,37.0,1.0,0.0,59.0,0.0,2,0,1,1,3,1,0,49.0488,10.0,99.65,0.0,22.0,1.0,102.0
252,33,37.0,0.0,0.0,59.0,0.0,3,0,1,1,2,1,0,49.9875,10.0,99.3,0.0,22.0,1.0,103.0
253,33,37.0,0.0,0.0,59.0,0.0,3,0,0,1,3,1,0,50.8825,9.65,98.95,0.0,22.0,0.0,103.0
254,33,37.0,0.0,0.0,59.0,0.0,3,0,0,1,3,1,0,51.7775,9.3,98.6,0.0,22.0,0.0,103.0
255,34,38.0,1.0,0.0,59.0,0.0,3,0,0,1,3,1,0,52.6725,8.95,98.25,0.0,22.0,0.0,103.0
256,34,38.0,0.0,0.0,59.0,0.0,3,0,0,1,3,1,0,53.5675,8.6,97.9,0.0,22.0,0.0,103.0
257,34,38.0,0.0,0.0,59.0,0.0,4,0,0,0,4,0,0,54.375,8.25,99.65,0.0,22.0,0.0,103.0
258,34,38.0,0.0,0.0,59.0,0.0,4,0,0,1,3,0,0,54.025,7.9,99.3,0.0,22.0,0.0,103.0
259,36,40.0,2.0,0.0,59.0,0.0,4,0,0,1,3,0,0,54.87,11.6,98.95,0.0,22.0,0.0,103.0
260,36,40.0,0.0,0.0,59.0,0.0,4,0,0,1,3,0,0,55.715,11.25,98.6,0.0,22.0,0.0,103.0
261,37,41.0,1.0,0.0,59.0,0.0,4,0,0,1,3,0,0,56.56,10.9,98.25,0.0,22.0,0.0,103.0
262,37,41.0,0.0,0.0,59.0,0.0,4,0,0,1,3,0,0,57.405,10.55,97.9,0.0,22.0,0.0,103.0
263,37,41.0,0.0,0.0,59.0,0.0,4,0,0,1,3,0,0,58.25,10.2,97.55,0.0,22.0,0.0,103.0
264,37,41.0,0.0,0.0,59.0,0.0,4,0,0,1,3,0,0,59.0763,9.85,97.2,0.0,22.0,0.0,103.0
265,38,42.0,1.0,0.0,59.0,0.0,4,0,0,1,3,0,0,59.9025,9.5,96.85,0.0,22.0,0.0,103.0
266,38,42.0,0.0,0.0,59.0,0.0,4,0,0,1,3,0,0,60.7288,9.15,96.5,0.0,22.0,0.0,103.0
267,39,43.0,1.0,0.0,59.0,0.0,4,0,0,1,3,0,0,61.555,8.8,96.15,0.0,22.0,0.0,103.0
268,38,43.0,0.0,0.0,59.0,0.0,5,0,0,1,2,0,0,62.3375,8.45,99.65,0.0,22.0,0.0,103.0
269,38,43.0,0.0,0.0,59.0,0.0,5,0,0,1,2,0,0,63.1356,8.1,99.3,0.0,22.0,0.0,103.0
270,38,42.0,0.0,1.0,60.0,0.0,4,1,0,1,2,0,0,63.9338,7.75,98.95,0.0,22.0,0.0,103.0
271,38,43.0,1.0,0.0,60.0,0.0,5,0,0,1,2,0,0,64.7506,7.4,98.6,0.0,22.0,0.0,103.0
272,38,43.0,0.0,0.0,60.0,0.0,5,0,0,1,2,0,0,65.5675,7.05,98.25,0.0,22.0,0.0,103.0
273,38,42.0,0.0,1.0,61.0,0.0,4,1,0,1,2,0,0,66.3844,6.7,97.9,0.0,22.0,0.0,103.0
274,37,42.0,0.0,0.0,61.0,0.0,5,0,0,1,2,0,0,67.22,6.35,97.55,0.0,22.0,0.0,103.0
275,40,45.0,3.0,0.0,61.0,0.0,5,0,0,1,2,0,0,68.0556,6.0,97.2,0.0,22.0,0.0,103.0
276,40,45.0,0.0,0.0,61.0,0.0,5,0,0,2,1,0,0,68.8913,5.65,96.85,0.0,22.0,0.0,103.0
277,40,45.0,0.0,0.0,61.0,0.0,5,0,0,2,1,0,0,70.95,7.55,96.5,0.0,22.0,0.0,103.0
278,39,45.0,0.0,0.0,61.0,0.0,6,0,0,1,1,0,0,72.9463,7.2,99.65,0.0,22.0,0.0,103.0
279,39,45.0,0.0,0.0,61.0,0.0,6,0,0,1,1,0,0,73.7819,6.85,99.3,0.0,22.0,0.0,103.0
280,39,45.0,0.0,0.0,61.0,0.0,6,0,0,2,0,0,0,74.6175,6.5,98.95,0.0,22.0,0.0,103.0
281,39,45.0,0.0,0.0,61.0,0.0,6,0,0,2,0,0,0,76.6656,15.85,98.6,0.0,22.0,0.0,103.0
282,39,45.0,0.0,0.0,61.0,0.0,6,0,0,2,0,0,0,78.7138,25.2,98.25,0.0,22.0,0.0,103.0
283,41,47.0,2.0,0.0,61.0,0.0,6,0,0,2,0,0,0,80.7431,34.55,97.9,0.0,22.0,0.0,103.0
284,41,46.0,0.0,1.0,62.0,0.0,5,1,0,2,0,0,0,82.7725,43.9,97.55,0.0,22.0,0.0,103.0
285,41,47.0,1.0,0.0,62.0,0.0,6,0,0,2,0,0,0,84.8206,53.25,97.2,0.0,22.0,0.0,103.0
286,40,47.0,0.0,0.0,62.0,0.0,6,0,1,1,0,0,0,86.8875,62.6,99.65,0.0,22.0,1.0,104.0
287,40,47.0,0.0,0.0,62.0,0.0,7,0,0,1,0,0,0,87.6938,71.95,99.3,0.0,22.0,0.0,104.0
288,40,46.0,0.0,1.0,63.0,0.0,6,1,0,1,0,0,0,88.5,79.7,98.95,0.0,22.0,0.0,104.0
289,40,47.0,1.0,0.0,63.0,0.0,7,0,0,1,0,0,0,89.325,79.35,98.6,0.0,22.0,0.0,104.0
290,39,47.0,0.0,0.0,63.0,0.0,8,0,0,0,0,0,0,90.1063,79.0,99.65,0.0,22.0,0.0,104.0
291,40,48.0,1.0,0.0,63.0,0.0,7,0,1,0,0,0,0,89.7813,78.65,99.3,0.0,22.0,1.0,105.0
292,40,48.0,0.0,0.0,63.0,0.0,7,0,1,0,0,0,0,89.5188,78.3,98.95,1.0,23.0,2.0,107.0
293,40,48.0,0.0,0.0,63.0,0.0,8,0,0,0,0,0,0,89.1313,77.95,98.6,0.0,23.0,0.0,107.0
294,40,48.0,0.0,0.0,63.0,0.0,7,0,1,0,0,0,0,88.8063,77.6,98.25,0.0,23.0,1.0,108.0
295,42,50.0,2.0,0.0,63.0,0.0,8,0,0,0,0,0,0,88.4,77.1,97.9,0.0,23.0,0.0,108.0
296,42,49.0,0.0,1.0,64.0,0.0,7,1,0,0,0,0,0,87.9938,76.6,97.55,0.0,23.0,0.0,108.0
297,41,49.0,0.0,0.0,64.0,0.0,8,0,0,0,0,0,0,87.5875,76.1,97.2,0.0,23.0,0.0,108.0
298,41,49.0,0.0,0.0,64.0,0.0,8,0,0,0,0,0,0,87.1813,75.6,96.85,0.0,23.0,0.0,108.0
299,42,50.0,1.0,0.0,64.0,0.0,8,0,0,0,0,0,0,86.775,75.1,96.5,0.0,23.0,0.0,108.0
300,42,50.0,0.0,0.0,64.0,0.0,7,0,1,0,0,0,0,86.4313,74.6,96.15,0.0,23.0,1.0,109.0
301,42,50.0,0.0,0.0,64.0,0.0,7,0,1,0,0,0,0,86.1313,74.1,95.8,1.0,24.0,2.0,111.0
302,42,50.0,0.0,0.0,64.0,0.0,8,0,0,0,0,0,0,85.725,73.6,95.45,0.0,24.0,0.0,111.0
303,43,51.0,1.0,0.0,64.0,0.0,7,0,1,0,0,0,0,85.3625,73.1,95.1,0.0,24.0,1.0,112.0
304,43,51.0,0.0,0.0,64.0,0.0,6,0,2,0,0,0,0,85.0813,73.1,94.75,0.0,24.0,2.0,114.0
305,44,52.0,1.0,0.0,64.0,0.0,7,0,1,0,0,0,0,84.7,72.6,94.4,0.0,24.0,1.0,115.0
306,44,52.0,0.0,0.0,64.0,0.0,7,0,1,0,0,0,0,84.3375,72.1,94.05,0.0,24.0,1.0,116.0
307,46,54.0,2.0,0.0,64.0,0.0,8,0,0,0,0,0,0,83.9125,71.6,93.7,0.0,24.0,0.0,116.0
308,46,54.0,0.0,0.0,64.0,0.0,8,0,0,0,0,0,0,83.4688,71.1,93.35,0.0,24.0,0.0,116.0
309,46,53.0,0.0,1.0,65.0,0.0,7,1,0,0,0,0,0,83.025,70.6,93.0,0.0,24.0,0.0,116.0
310,45,52.0,0.0,1.0,66.0,0.0,7,1,0,0,0,0,0,82.6,70.1,92.65,0.0,24.0,0.0,116.0
311,44,52.0,0.0,0.0,66.0,0.0,8,0,0,0,0,0,0,82.1938,69.75,92.3,0.0,24.0,0.0,116.0
312,44,52.0,0.0,0.0,66.0,0.0,8,0,0,0,0,0,0,81.7875,69.4,91.95,0.0,24.0,0.0,116.0
313,44,51.0,0.0,1.0,67.0,0.0,7,1,0,0,0,0,0,81.3625,69.05,91.6,0.0,24.0,0.0,116.0
314,43,51.0,0.0,0.0,67.0,0.0,8,0,0,0,0,0,0,80.9563,68.7,91.25,0.0,24.0,0.0,116.0
315,45,53.0,2.0,0.0,67.0,0.0,6,0,2,0,0,0,0,80.6563,68.35,90.9,0.0,24.0,2.0,118.0
316,45,53.0,0.0,0.0,67.0,0.0,5,0,3,0,0,0,0,80.4438,68.0,90.55,1.0,25.0,4.0,122.0
317,46,54.0,1.0,0.0,67.0,0.0,7,0,1,0,0,0,0,80.125,67.65,90.2,1.0,26.0,2.0,124.0
318,46,54.0,0.0,0.0,67.0,0.0,7,0,1,0,0,0,0,79.7438,67.3,89.85,0.0,26.0,1.0,125.0
319,47,55.0,1.0,0.0,67.0,0.0,7,0,1,0,0,0,0,79.3625,66.95,89.5,0.0,26.0,1.0,126.0
320,47,55.0,0.0,0.0,67.0,0.0,8,0,0,0,0,0,0,78.9188,66.6,89.15,0.0,26.0,0.0,126.0
321,47,55.0,0.0,0.0,67.0,0.0,8,0,0,0,0,0,0,78.475,66.25,88.8,0.0,26.0,0.0,126.0
322,47,55.0,0.0,0.0,67.0,0.0,8,0,0,0,0,0,0,78.0313,65.9,88.45,0.0,26.0,0.0,126.0
323,48,56.0,1.0,0.0,67.0,0.0,8,0,0,0,0,0,0,77.5875,65.55,88.1,0.0,26.0,0.0,126.0
324,48,55.0,0.0,1.0,68.0,0.0,7,1,0,0,0,0,0,77.1438,65.2,87.75,0.0,26.0,0.0,126.0
325,48,55.0,1.0,1.0,69.0,0.0,5,1,2,0,0,0,0,76.7875,64.7,87.25,0.0,26.0,2.0,128.0
326,47,55.0,0.0,0.0,69.0,0.0,7,0,1,0,0,0,0,76.45,64.2,86.75,1.0,27.0,2.0,130.0
327,47,55.0,0.0,0.0,69.0,0.0,7,0,1,0,0,0,0,76.0688,63.7,86.25,0.0,27.0,1.0,131.0
328,47,55.0,0.0,0.0,69.0,0.0,7,0,1,0,0,0,0,75.6688,63.2,85.75,0.0,27.0,1.0,132.0
329,47,55.0,0.0,0.0,69.0,0.0,7,0,1,0,0,0,0,75.2688,62.7,85.25,0.0,27.0,1.0,133.0
330,47,54.0,0.0,1.0,70.0,0.0,7,1,0,0,0,0,0,74.8063,62.2,84.75,0.0,27.0,0.0,133.0
331,49,57.0,3.0,0.0,70.0,0.0,8,0,0,0,0,0,0,74.3625,61.7,84.25,0.0,27.0,0.0,133.0
332,49,57.0,0.0,0.0,70.0,0.0,8,0,0,0,0,0,0,73.9188,61.2,83.75,0.0,27.0,0.0,133.0
333,49,57.0,0.0,0.0,70.0,0.0,8,0,0,0,0,0,0,73.475,60.7,83.25,0.0,27.0,0.0,133.0
334,49,57.0,0.0,0.0,70.0,0.0,8,0,0,0,0,0,0,73.0125,60.2,82.75,0.0,27.0,0.0,133.0
335,50,58.0,1.0,0.0,70.0,0.0,7,0,1,0,0,0,0,72.6125,59.7,82.25,0.0,27.0,1.0,134.0
336,50,57.0,0.0,1.0,71.0,0.0,6,1,1,0,0,0,0,72.2563,59.2,81.75,1.0,28.0,2.0,136.0
337,49,57.0,0.0,0.0,71.0,0.0,8,0,0,0,0,0,0,71.7938,58.7,81.25,0.0,28.0,0.0,136.0
338,49,57.0,0.0,0.0,71.0,0.0,7,0,1,0,0,0,0,71.375,58.2,80.75,0.0,28.0,1.0,137.0
339,50,58.0,1.0,0.0,71.0,0.0,8,0,0,0,0,0,0,70.8938,57.7,80.25,0.0,28.0,0.0,137.0
340,50,57.0,0.0,1.0,72.0,0.0,7,1,0,0,0,0,0,70.4125,57.2,79.75,0.0,28.0,0.0,137.0
341,49,57.0,0.0,0.0,72.0,0.0,8,0,0,0,0,0,0,69.95,56.7,79.25,0.0,28.0,0.0,137.0
342,49,57.0,0.0,0.0,72.0,0.0,8,0,0,0,0,0,0,69.4875,56.2,78.75,0.0,28.0,0.0,137.0
343,50,58.0,1.0,0.0,72.0,0.0,8,0,0,0,0,0,0,69.025,55.7,78.25,0.0,28.0,0.0,137.0
344,50,58.0,0.0,0.0,72.0,0.0,6,0,2,0,0,0,0,68.6688,55.2,78.25,0.0,28.0,2.0,139.0
345,52,59.0,2.0,1.0,73.0,0.0,6,1,1,0,0,0,0,68.375,55.2,78.25,2.0,30.0,3.0,142.0
346,51,59.0,0.0,0.0,73.0,0.0,8,0,0,0,0,0,0,67.9313,54.7,77.75,0.0,30.0,0.0,142.0
347,52,59.0,1.0,1.0,74.0,0.0,6,1,1,0,0,0,0,67.55,54.2,77.75,0.0,30.0,1.0,143.0
348,51,58.0,0.0,1.0,75.0,0.0,5,1,2,0,0,0,0,67.25,54.2,77.75,0.0,30.0,2.0,145.0
349,50,58.0,0.0,0.0,75.0,0.0,7,0,1,0,0,0,0,66.9688,54.2,77.75,1.0,31.0,2.0,147.0
350,50,58.0,0.0,0.0,75.0,0.0,8,0,0,0,0,0,0,66.5625,53.7,77.25,0.0,31.0,0.0,147.0
351,50,58.0,0.0,0.0,75.0,0.0,8,0,0,0,0,0,0,66.1188,53.2,76.75,0.0,31.0,0.0,147.0
352,50,58.0,0.0,0.0,75.0,0.0,6,0,2,0,0,0,0,65.8,53.2,76.75,0.0,31.0,2.0,149.0
353,50,58.0,0.0,0.0,75.0,0.0,7,0,1,0,0,0,0,65.4813,53.2,76.75,1.0,32.0,2.0,151.0
354,50,58.0,0.0,0.0,75.0,0.0,8,0,0,0,0,0,0,65.0188,52.7,76.25,0.0,32.0,0.0,151.0
355,53,61.0,3.0,0.0,75.0,0.0,8,0,0,0,0,0,0,64.5563,52.2,75.75,0.0,32.0,0.0,151.0
356,53,59.0,0.0,2.0,77.0,0.0,5,2,1,0,0,0,0,64.1375,51.7,75.25,0.0,32.0,1.0,152.0
357,51,58.0,0.0,1.0,78.0,0.0,6,1,1,0,0,0,0,63.8188,51.2,74.75,1.0,33.0,2.0,154.0
358,50,58.0,0.0,0.0,78.0,0.0,8,0,0,0,0,0,0,63.4125,50.85,74.25,0.0,33.0,0.0,154.0
359,51,59.0,1.0,0.0,78.0,0.0,7,0,1,0,0,0,0,63.05,50.5,73.75,0.0,33.0,1.0,155.0
360,51,57.0,0.0,2.0,80.0,0.0,6,2,0,0,0,0,0,62.625,50.15,73.25,0.0,33.0,0.0,155.0
361,49,57.0,0.0,0.0,80.0,0.0,8,0,0,0,0,0,0,62.2375,49.8,72.9,0.0,33.0,0.0,155.0
362,49,57.0,0.0,0.0,80.0,0.0,8,0,0,0,0,0,0,61.85,49.45,72.55,0.0,33.0,0.0,155.0
363,50,58.0,1.0,0.0,80.0,0.0,8,0,0,0,0,0,0,61.4438,49.1,72.2,0.0,33.0,0.0,155.0
364,50,58.0,0.0,0.0,80.0,0.0,8,0,0,0,0,0,0,61.0375,48.75,71.85,0.0,33.0,0.0,155.0
365,51,59.0,1.0,0.0,80.0,0.0,8,0,0,0,0,0,0,60.6313,48.4,71.5,0.0,33.0,0.0,155.0
366,51,59.0,0.0,0.0,80.0,0.0,8,0,0,0,0,0,0,60.2063,48.05,71.15,0.0,33.0,0.0,155.0
367,52,59.0,1.0,1.0,81.0,0.0,7,1,0,0,0,0,0,59.7813,47.7,70.8,0.0,33.0,0.0,155.0
368,51,59.0,0.0,0.0,81.0,0.0,8,0,0,0,0,0,0,59.3563,47.35,70.45,0.0,33.0,0.0,155.0
369,51,59.0,0.0,0.0,81.0,0.0,6,0,2,0,0,0,0,59.0188,47.35,70.1,0.0,33.0,2.0,157.0
370,51,59.0,0.0,0.0,81.0,0.0,7,0,1,0,0,0,0,58.6625,47.35,69.6,1.0,34.0,2.0,159.0
371,52,60.0,1.0,0.0,81.0,0.0,8,0,0,0,0,0,0,58.2,47.0,69.1,0.0,34.0,0.0,159.0
372,52,60.0,0.0,0.0,81.0,0.0,8,0,0,0,0,0,0,57.7375,46.65,68.6,0.0,34.0,0.0,159.0
373,53,61.0,1.0,0.0,81.0,0.0,8,0,0,0,0,0,0,57.2563,46.3,68.1,0.0,34.0,0.0,159.0
374,53,61.0,0.0,0.0,81.0,0.0,8,0,0,0,0,0,0,56.775,45.95,67.6,0.0,34.0,0.0,159.0
375,54,62.0,1.0,0.0,81.0,0.0,8,0,0,0,0,0,0,56.2938,45.6,67.1,0.0,34.0,0.0,159.0
376,54,61.0,0.0,1.0,82.0,0.0,7,1,0,0,0,0,0,55.8125,45.25,66.6,0.0,34.0,0.0,159.0
377,53,61.0,0.0,0.0,82.0,0.0,8,0,0,0,0,0,0,55.35,44.9,66.1,0.0,34.0,0.0,159.0
378,53,61.0,0.0,0.0,82.0,0.0,8,0,0,0,0,0,0,54.8875,44.55,65.6,0.0,34.0,0.0,159.0
379,55,63.0,2.0,0.0,82.0,0.0,8,0,0,0,0,0,0,54.425,44.2,65.1,0.0,34.0,0.0,159.0
380,55,62.0,0.0,1.0,83.0,0.0,7,1,0,0,0,0,0,53.9625,43.85,64.6,0.0,34.0,0.0,159.0
381,54,62.0,0.0,0.0,83.0,0.0,8,0,0,0,0,0,0,53.5188,43.5,64.1,0.0,34.0,0.0,159.0
382,54,62.0,0.0,0.0,83.0,0.0,8,0,0,0,0,0,0,53.075,43.15,63.6,0.0,34.0,0.0,159.0
383,54,61.0,0.0,1.0,84.0,0.0,7,1,0,0,0,0,0,52.6313,42.8,63.1,0.0,34.0,0.0,159.0
384,53,61.0,0.0,0.0,84.0,0.0,7,0,1,0,0,0,0,52.2688,42.45,62.6,0.0,34.0,1.0,160.0
385,54,62.0,1.0,0.0,84.0,0.0,6,0,2,0,0,0,0,51.95,42.1,62.1,0.0,34.0,2.0,162.0
386,54,61.0,0.0,1.0,85.0,0.0,6,1,1,0,0,0,0,51.6313,41.75,61.6,1.0,35.0,2.0,164.0
387,55,63.0,2.0,0.0,85.0,0.0,8,0,0,0,0,0,0,51.2063,41.25,61.25,0.0,35.0,0.0,164.0
388,55,62.0,0.0,1.0,86.0,0.0,7,1,0,0,0,0,0,50.7813,40.75,60.9,0.0,35.0,0.0,164.0
389,54,62.0,0.0,0.0,86.0,0.0,8,0,0,0,0,0,0,50.375,40.25,60.55,0.0,35.0,0.0,164.0
390,54,61.0,0.0,1.0,87.0,0.0,7,1,0,0,0,0,0,49.95,39.75,60.2,0.0,35.0,0.0,164.0
391,54,61.0,1.0,1.0,88.0,0.0,7,1,0,0,0,0,0,49.5438,39.25,59.85,0.0,35.0,0.0,164.0
392,53,61.0,0.0,0.0,88.0,0.0,8,0,0,0,0,0,0,49.1563,38.75,59.5,0.0,35.0,0.0,164.0
393,53,61.0,0.0,0.0,88.0,0.0,8,0,0,0,0,0,0,48.7688,38.25,59.15,0.0,35.0,0.0,164.0
394,53,61.0,0.0,0.0,88.0,0.0,7,0,1,0,0,0,0,48.425,37.75,58.8,0.0,35.0,1.0,165.0
395,55,63.0,2.0,0.0,88.0,0.0,7,0,1,0,0,0,0,48.1438,37.25,58.45,1.0,36.0,2.0,167.0
396,55,63.0,0.0,0.0,88.0,0.0,8,0,0,0,0,0,0,47.7563,36.75,58.1,0.0,36.0,0.0,167.0
397,55,63.0,0.0,0.0,88.0,0.0,7,0,1,0,0,0,0,47.4313,36.25,57.75,0.0,36.0,1.0,168.0
398,55,63.0,0.0,0.0,88.0,0.0,8,0,0,0,0,0,0,47.0438,35.75,57.4,0.0,36.0,0.0,168.0
399,55,63.0,0.0,0.0,88.0,0.0,8,0,0,0,0,0,0,46.6563,35.25,57.05,0.0,36.0,0.0,168.0
400,55,63.0,0.0,0.0,88.0,0.0,8,0,0,0,0,0,0,46.2688,34.75,56.7,0.0,36.0,0.0,168.0
401,56,64.0,1.0,0.0,88.0,0.0,8,0,0,0,0,0,0,45.8813,34.25,56.35,0.0,36.0,0.0,168.0
402,56,64.0,0.0,0.0,88.0,0.0,8,0,0,0,0,0,0,45.475,33.75,56.0,0.0,36.0,0.0,168.0
403,58,66.0,2.0,0.0,88.0,0.0,8,0,0,0,0,0,0,45.0688,33.25,55.65,0.0,36.0,0.0,168.0
404,58,65.0,0.0,1.0,89.0,0.0,7,1,0,0,0,0,0,44.6438,32.75,55.15,0.0,36.0,0.0,168.0
405,58,66.0,1.0,0.0,89.0,0.0,7,0,1,0,0,0,0,44.3,32.25,55.15,0.0,36.0,1.0,169.0
406,58,66.0,0.0,0.0,89.0,0.0,6,0,2,0,0,0,0,44.0438,31.75,55.15,1.0,37.0,3.0,172.0
407,58,65.0,0.0,1.0,90.0,0.0,5,1,2,0,0,0,0,43.725,31.25,54.65,0.0,37.0,2.0,174.0
408,57,65.0,0.0,0.0,90.0,0.0,6,0,2,0,0,0,0,43.45,30.75,54.15,1.0,38.0,3.0,177.0
409,57,65.0,0.0,0.0,90.0,0.0,8,0,0,0,0,0,0,43.0438,30.25,53.65,0.0,38.0,0.0,177.0
410,57,65.0,0.0,0.0,90.0,0.0,8,0,0,0,0,0,0,42.6,29.75,53.15,0.0,38.0,0.0,177.0
411,58,66.0,1.0,0.0,90.0,0.0,8,0,0,0,0,0,0,42.1563,29.25,52.65,0.0,38.0,0.0,177.0
412,58,66.0,0.0,0.0,90.0,0.0,7,0,1,0,0,0,0,41.775,28.75,52.15,0.0,38.0,1.0,178.0
413,58,66.0,0.0,0.0,90.0,0.0,8,0,0,0,0,0,0,41.3313,28.25,51.65,0.0,38.0,0.0,178.0
414,58,66.0,0.0,0.0,90.0,0.0,7,0,1,0,0,0,0,40.9313,27.75,51.15,0.0,38.0,1.0,179.0
415,61,68.0,3.0,1.0,91.0,0.0,7,1,0,0,0,0,0,40.4688,27.25,50.65,0.0,38.0,0.0,179.0
416,60,68.0,0.0,0.0,91.0,0.0,8,0,0,0,0,0,0,40.025,26.9,50.15,0.0,38.0,0.0,179.0
417,60,68.0,0.0,0.0,91.0,0.0,8,0,0,0,0,0,0,39.5813,26.55,49.65,0.0,38.0,0.0,179.0
418,60,68.0,0.0,0.0,91.0,0.0,8,0,0,0,0,0,0,39.1375,26.2,49.15,0.0,38.0,0.0,179.0
419,61,69.0,1.0,0.0,91.0,0.0,7,0,1,0,0,0,0,38.7563,25.85,48.65,0.0,38.0,1.0,180.0
420,61,69.0,0.0,0.0,91.0,0.0,8,0,0,0,0,0,0,38.3125,25.5,48.15,0.0,38.0,0.0,180.0
421,61,69.0,0.0,0.0,91.0,0.0,8,0,0,0,0,0,0,37.85,25.15,47.65,0.0,38.0,0.0,180.0
422,61,69.0,0.0,0.0,91.0,0.0,8,0,0,0,0,0,0,37.3875,24.8,47.15,0.0,38.0,0.0,180.0
423,61,68.0,0.0,1.0,92.0,0.0,7,1,0,0,0,0,0,36.925,24.45,46.65,0.0,38.0,0.0,180.0
424,60,68.0,0.0,0.0,92.0,0.0,8,0,0,0,0,0,0,36.4813,24.1,46.15,0.0,38.0,0.0,180.0
425,61,68.0,1.0,1.0,93.0,0.0,7,1,0,0,0,0,0,36.0375,23.75,45.65,0.0,38.0,0.0,180.0
426,60,68.0,0.0,0.0,93.0,0.0,8,0,0,0,0,0,0,35.6125,23.4,45.15,0.0,38.0,0.0,180.0
427,62,70.0,2.0,0.0,93.0,0.0,7,0,1,0,0,0,0,35.25,23.05,44.65,0.0,38.0,1.0,181.0
428,62,70.0,0.0,0.0,93.0,0.0,8,0,0,0,0,0,0,34.825,22.7,44.15,0.0,38.0,0.0,181.0
429,63,71.0,1.0,0.0,93.0,0.0,8,0,0,0,0,0,0,34.4,22.35,43.65,0.0,38.0,0.0,181.0
430,63,71.0,0.0,0.0,93.0,0.0,8,0,0,0,0,0,0,33.975,22.0,43.15,0.0,38.0,0.0,181.0
431,63,69.0,0.0,2.0,95.0,0.0,6,2,0,0,0,0,0,33.55,21.65,42.65,0.0,38.0,0.0,181.0
432,61,69.0,0.0,0.0,95.0,0.0,8,0,0,0,0,0,0,33.1438,21.15,42.3,0.0,38.0,0.0,181.0
433,61,69.0,0.0,0.0,95.0,0.0,7,0,1,0,0,0,0,32.7813,20.65,41.95,0.0,38.0,1.0,182.0
434,61,67.0,0.0,2.0,97.0,0.0,6,2,0,0,0,0,0,32.3563,20.15,41.45,0.0,38.0,0.0,182.0
435,61,69.0,2.0,0.0,97.0,0.0,8,0,0,0,0,0,0,31.9688,19.65,40.95,0.0,38.0,0.0,182.0
436,61,69.0,0.0,0.0,97.0,0.0,8,0,0,0,0,0,0,31.5438,19.15,40.45,0.0,38.0,0.0,182.0
437,61,69.0,0.0,0.0,97.0,0.0,7,0,1,0,0,0,0,31.1625,18.65,39.95,0.0,38.0,1.0,183.0
438,61,69.0,0.0,0.0,97.0,0.0,8,0,0,0,0,0,0,30.7375,18.15,39.45,0.0,38.0,0.0,183.0
439,62,70.0,1.0,0.0,97.0,0.0,8,0,0,0,0,0,0,30.3125,17.65,38.95,0.0,38.0,0.0,183.0
440,62,70.0,0.0,0.0,97.0,0.0,8,0,0,0,0,0,0,29.8875,17.15,38.45,0.0,38.0,0.0,183.0
441,62,69.0,0.0,1.0,98.0,0.0,7,1,0,0,0,0,0,29.4625,16.65,37.95,0.0,38.0,0.0,183.0
442,61,68.0,0.0,1.0,99.0,0.0,7,1,0,0,0,0,0,29.0375,16.15,37.45,0.0,38.0,0.0,183.0
443,62,70.0,2.0,0.0,99.0,0.0,8,0,0,0,0,0,0,28.6313,15.65,37.1,0.0,38.0,0.0,183.0
444,62,70.0,0.0,0.0,99.0,0.0,8,0,0,0,0,0,0,28.2063,15.15,36.75,0.0,38.0,0.0,183.0
445,63,71.0,1.0,0.0,99.0,0.0,7,0,0,0,1,0,0,27.7813,14.65,36.4,0.0,38.0,0.0,183.0
446,63,71.0,0.0,0.0,99.0,0.0,7,0,0,0,1,0,0,27.375,14.3,36.05,0.0,38.0,0.0,183.0
447,63,71.0,0.0,0.0,99.0,0.0,7,0,0,0,1,0,0,26.9688,13.95,35.7,0.0,38.0,0.0,183.0
448,63,71.0,0.0,0.0,99.0,0.0,6,0,1,0,1,0,0,26.5875,13.6,35.35,0.0,38.0,1.0,184.0
449,63,70.0,0.0,1.0,100.0,0.0,4,1,2,0,1,0,0,26.3125,13.25,35.0,1.0,39.0,3.0,187.0
450,63,70.0,0.0,0.0,100.0,0.0,7,0,0,0,1,0,0,25.8875,12.9,34.65,0.0,39.0,0.0,187.0
451,65,71.0,2.0,1.0,101.0,0.0,6,1,0,0,1,0,0,25.4438,12.55,34.3,0.0,39.0,0.0,187.0
452,64,71.0,0.0,0.0,101.0,0.0,7,0,0,0,1,0,0,25.0188,12.2,33.95,0.0,39.0,0.0,187.0
453,64,71.0,0.0,0.0,101.0,0.0,7,0,0,0,1,0,0,24.5938,11.85,33.6,0.0,39.0,0.0,187.0
454,64,71.0,0.0,0.0,101.0,0.0,7,0,0,0,1,0,0,24.1688,11.5,33.25,0.0,39.0,0.0,187.0
455,65,72.0,1.0,0.0,101.0,0.0,7,0,0,0,1,0,0,23.7438,11.15,32.9,0.0,39.0,0.0,187.0
456,65,71.0,0.0,1.0,102.0,0.0,6,1,0,0,1,0,0,23.3188,10.8,32.55,0.0,39.0,0.0,187.0
457,65,72.0,1.0,0.0,102.0,0.0,7,0,0,0,1,0,0,22.9125,10.45,32.2,0.0,39.0,0.0,187.0
458,65,72.0,0.0,0.0,102.0,0.0,7,0,0,0,1,0,0,22.4875,10.1,31.85,0.0,39.0,0.0,187.0
459,66,73.0,1.0,0.0,102.0,0.0,3,0,3,0,2,0,0,22.2125,9.75,31.35,0.0,39.0,3.0,190.0
460,66,73.0,0.0,0.0,102.0,0.0,5,0,1,1,1,0,0,21.9563,9.4,30.85,2.0,41.0,3.0,193.0
461,66,72.0,0.0,1.0,103.0,0.0,5,1,0,1,1,0,0,22.7075,13.85,30.35,0.0,41.0,0.0,193.0
462,66,72.0,0.0,0.0,103.0,0.0,6,0,0,1,1,0,0,23.4775,13.5,29.85,0.0,41.0,0.0,193.0
463,67,73.0,1.0,0.0,103.0,0.0,6,0,0,1,1,0,0,24.2475,13.15,36.58,0.0,41.0,0.0,193.0
464,67,73.0,0.0,0.0,103.0,0.0,6,0,0,1,1,0,0,25.0175,12.8,45.64,0.0,41.0,0.0,193.0
465,68,74.0,1.0,0.0,103.0,0.0,6,0,0,1,1,0,0,25.7875,12.45,54.7,0.0,41.0,0.0,193.0
466,68,74.0,0.0,0.0,103.0,0.0,6,0,0,1,1,0,0,26.5575,12.1,63.76,0.0,41.0,0.0,193.0
467,69,75.0,1.0,0.0,103.0,0.0,6,0,0,1,1,0,0,27.3275,11.75,72.82,0.0,41.0,0.0,193.0
468,69,74.0,0.0,1.0,104.0,0.0,5,1,0,1,1,0,0,28.0975,11.4,81.88,0.0,41.0,0.0,193.0
469,68,74.0,0.0,0.0,104.0,0.0,5,0,2,1,0,0,0,28.9738,11.4,90.94,0.0,41.0,2.0,195.0
470,67,72.0,0.0,2.0,106.0,0.0,5,2,1,0,0,0,0,29.7688,11.4,99.65,1.0,42.0,2.0,197.0
471,66,73.0,1.0,0.0,106.0,0.0,7,0,0,0,1,0,0,29.3813,11.05,99.3,0.0,42.0,0.0,197.0
472,66,73.0,0.0,0.0,106.0,0.0,7,0,0,0,1,0,0,28.9938,10.7,98.95,0.0,42.0,0.0,197.0
473,66,72.0,0.0,1.0,107.0,0.0,6,1,0,0,1,0,0,28.6063,10.35,98.6,0.0,42.0,0.0,197.0
474,66,72.0,0.0,0.0,107.0,0.0,6,1,0,0,1,0,0,28.2625,10.0,98.25,0.0,42.0,0.0,197.0
475,68,74.0,3.0,1.0,108.0,0.0,5,1,0,0,2,0,0,27.8563,9.65,97.9,0.0,42.0,0.0,197.0
476,68,74.0,0.0,0.0,108.0,0.0,5,0,1,0,2,0,0,27.5313,9.3,97.55,0.0,42.0,1.0,198.0
477,68,74.0,0.0,0.0,108.0,0.0,5,0,0,0,3,0,0,27.1625,8.95,97.2,0.0,42.0,0.0,198.0
478,68,74.0,0.0,0.0,108.0,0.0,5,0,0,0,3,0,0,26.7938,8.6,96.85,0.0,42.0,0.0,198.0
479,68,74.0,0.0,0.0,108.0,0.0,5,0,0,0,3,0,0,26.425,8.25,96.5,0.0,42.0,0.0,198.0
480,68,74.0,0.0,0.0,108.0,0.0,4,0,2,0,2,0,0,26.1438,7.9,96.15,0.0,42.0,2.0,200.0
481,68,74.0,0.0,0.0,108.0,0.0,4,0,1,0,3,0,0,25.8625,7.55,95.8,1.0,43.0,2.0,202.0
482,68,73.0,0.0,1.0,109.0,0.0,3,1,0,0,4,0,0,25.4938,7.2,95.45,0.0,43.0,0.0,202.0
483,69,74.0,1.0,0.0,109.0,0.0,4,0,1,0,3,0,0,25.1875,6.85,95.1,0.0,43.0,1.0,203.0
484,69,74.0,0.0,0.0,109.0,0.0,3,0,1,1,3,0,0,24.8813,6.5,94.75,0.0,43.0,1.0,204.0
485,71,76.0,2.0,0.0,109.0,0.0,4,0,0,1,3,0,0,25.7438,11.2,94.4,0.0,43.0,0.0,204.0
486,71,76.0,0.0,0.0,109.0,0.0,4,0,0,1,3,0,0,26.6063,10.85,94.05,0.0,43.0,0.0,204.0
487,72,77.0,1.0,0.0,109.0,0.0,4,0,0,1,3,0,0,27.4688,10.5,93.7,0.0,43.0,0.0,204.0
488,72,77.0,0.0,0.0,109.0,0.0,4,0,0,1,3,0,0,28.3313,10.15,93.35,0.0,43.0,0.0,204.0
489,72,77.0,0.0,0.0,109.0,0.0,4,0,1,1,2,0,0,29.2188,9.8,93.0,0.0,43.0,1.0,205.0
490,72,77.0,0.0,0.0,109.0,0.0,4,0,0,1,3,0,0,30.0438,9.45,92.5,0.0,43.0,0.0,205.0
491,73,78.0,1.0,0.0,109.0,0.0,4,0,0,1,3,0,0,30.8688,9.1,92.0,0.0,43.0,0.0,205.0
492,73,78.0,0.0,0.0,109.0,0.0,4,0,0,1,3,0,0,31.6938,8.75,91.5,0.0,43.0,0.0,205.0
493,73,78.0,0.0,0.0,109.0,0.0,3,0,0,1,3,1,0,32.5188,8.4,91.0,0.0,43.0,0.0,205.0
494,73,78.0,0.0,0.0,109.0,0.0,4,0,0,0,4,0,0,33.3188,8.05,99.65,0.0,43.0,0.0,205.0
495,74,79.0,1.0,0.0,109.0,0.0,4,0,1,0,3,0,0,32.9938,8.05,99.3,0.0,43.0,1.0,206.0
496,74,79.0,0.0,0.0,109.0,0.0,4,0,0,1,3,0,0,32.6063,7.7,98.95,0.0,43.0,0.0,206.0
497,74,79.0,0.0,0.0,109.0,0.0,4,0,0,1,3,0,0,33.4163,8.85,98.6,0.0,43.0,0.0,206.0
498,74,79.0,0.0,0.0,109.0,0.0,3,0,0,1,3,1,0,34.2263,8.5,98.25,0.0,43.0,0.0,206.0
499,77,82.0,3.0,0.0,109.0,0.0,3,0,0,1,3,1,0,35.08,8.15,97.9,0.0,43.0,0.0,206.0
500,77,82.0,0.0,0.0,109.0,0.0,2,0,0,1,3,2,0,35.9338,7.8,97.55,0.0,43.0,0.0,206.0
501,77,82.0,0.0,0.0,109.0,0.0,2,0,0,1,3,2,0,36.85,7.45,97.2,0.0,43.0,0.0,206.0
502,77,82.0,0.0,0.0,109.0,0.0,2,0,0,1,3,2,0,37.7663,7.1,96.85,0.0,43.0,0.0,206.0
503,77,82.0,0.0,0.0,109.0,0.0,2,0,0,1,3,2,0,38.6825,6.75,96.5,0.0,43.0,0.0,206.0
504,77,82.0,0.0,0.0,109.0,0.0,2,0,0,1,3,2,0,39.5988,6.4,96.15,0.0,43.0,0.0,206.0
505,78,83.0,1.0,0.0,109.0,0.0,2,0,0,3,1,2,0,40.515,6.05,95.8,0.0,43.0,0.0,206.0
506,78,82.0,0.0,1.0,110.0,0.0,2,1,0,2,2,1,0,43.7731,10.3,99.65,0.0,43.0,0.0,206.0
507,79,83.0,1.0,0.0,110.0,0.0,3,0,0,2,2,1,0,45.8963,9.95,99.3,0.0,43.0,0.0,206.0
508,79,83.0,0.0,0.0,110.0,0.0,3,0,0,2,2,1,0,48.0194,9.6,98.95,0.0,43.0,0.0,206.0
509,79,83.0,0.0,0.0,110.0,0.0,3,0,0,3,1,1,0,50.1425,9.25,98.6,0.0,43.0,0.0,206.0
510,79,83.0,0.0,0.0,110.0,0.0,3,0,0,3,1,1,0,53.4438,12.8,98.25,0.0,43.0,0.0,206.0
511,80,84.0,1.0,0.0,110.0,0.0,3,0,0,3,1,1,0,56.745,12.45,97.9,0.0,43.0,0.0,206.0
512,80,84.0,0.0,0.0,110.0,0.0,3,0,0,3,1,1,0,60.0463,12.1,97.55,0.0,43.0,0.0,206.0
513,81,85.0,1.0,0.0,110.0,0.0,3,0,0,3,1,1,0,63.3475,11.75,97.2,0.0,43.0,0.0,206.0
514,81,85.0,0.0,0.0,110.0,0.0,3,0,0,3,1,1,0,66.6488,11.4,96.85,0.0,43.0,0.0,206.0
515,81,87.0,2.0,0.0,110.0,0.0,5,0,0,1,2,0,0,69.8188,11.05,99.65,0.0,43.0,0.0,206.0
516,81,87.0,0.0,0.0,110.0,0.0,5,0,0,1,2,0,0,70.6281,10.7,99.3,0.0,43.0,0.0,206.0
517,81,87.0,0.0,0.0,110.0,0.0,5,0,0,1,2,0,0,71.4375,10.35,98.95,0.0,43.0,0.0,206.0
518,81,87.0,0.0,0.0,110.0,0.0,5,0,0,1,2,0,0,72.2469,10.0,98.6,0.0,43.0,0.0,206.0
519,80,87.0,0.0,0.0,110.0,0.0,5,0,1,0,2,0,0,73.075,9.65,99.65,0.0,43.0,1.0,207.0
520,80,87.0,0.0,0.0,110.0,0.0,5,0,1,1,1,0,0,72.8125,9.3,99.3,1.0,44.0,2.0,209.0
521,80,87.0,0.0,0.0,110.0,0.0,6,0,0,1,1,0,0,73.6025,12.25,98.95,0.0,44.0,0.0,209.0
522,80,87.0,0.0,0.0,110.0,0.0,5,0,1,1,1,0,0,74.4363,11.9,98.6,0.0,44.0,1.0,210.0
523,82,88.0,2.0,1.0,111.0,0.0,5,1,0,1,1,0,0,75.2263,11.55,98.25,0.0,44.0,0.0,210.0
524,81,88.0,0.0,0.0,111.0,0.0,6,0,0,1,1,0,0,76.035,11.2,97.9,0.0,44.0,0.0,210.0
525,82,89.0,1.0,0.0,111.0,0.0,6,0,0,1,1,0,0,76.8438,10.85,97.55,0.0,44.0,0.0,210.0
526,82,89.0,0.0,0.0,111.0,0.0,6,0,0,1,1,0,0,77.6338,10.5,97.2,0.0,44.0,0.0,210.0
527,83,90.0,1.0,0.0,111.0,0.0,6,0,0,1,1,0,0,78.4238,10.15,96.85,0.0,44.0,0.0,210.0
528,83,90.0,0.0,0.0,111.0,0.0,6,0,0,2,0,0,0,79.2138,9.8,96.5,0.0,44.0,0.0,210.0
529,83,90.0,0.0,0.0,111.0,0.0,6,0,0,2,0,0,0,81.175,18.82,96.15,0.0,44.0,0.0,210.0
530,83,89.0,0.0,1.0,112.0,0.0,6,1,0,1,0,0,0,83.0925,27.84,99.65,0.0,44.0,0.0,210.0
531,83,90.0,1.0,0.0,112.0,0.0,7,0,0,1,0,0,0,83.895,36.86,99.3,0.0,44.0,0.0,210.0
532,83,90.0,0.0,0.0,112.0,0.0,7,0,0,1,0,0,0,84.6975,45.88,98.95,0.0,44.0,0.0,210.0
533,83,89.0,0.0,1.0,113.0,0.0,6,1,0,1,0,0,0,85.5,54.9,98.6,0.0,44.0,0.0,210.0
534,82,89.0,0.0,0.0,113.0,0.0,7,0,0,1,0,0,0,86.3213,63.92,98.25,0.0,44.0,0.0,210.0
535,84,91.0,2.0,0.0,113.0,0.0,7,0,0,1,0,0,0,87.1238,72.94,97.9,0.0,44.0,0.0,210.0
536,84,91.0,0.0,0.0,113.0,0.0,7,0,0,1,0,0,0,87.9263,73.95,97.55,0.0,44.0,0.0,210.0
537,84,91.0,0.0,0.0,113.0,0.0,4,0,3,1,0,0,0,88.86,73.6,97.2,0.0,44.0,3.0,213.0
538,83,91.0,0.0,0.0,113.0,0.0,6,0,2,0,0,0,0,89.75,73.6,99.65,1.0,45.0,3.0,216.0
539,84,92.0,1.0,0.0,113.0,0.0,8,0,0,0,0,0,0,89.4063,73.6,99.3,1.0,46.0,1.0,217.0
540,84,92.0,0.0,0.0,113.0,0.0,7,0,1,0,0,0,0,89.0438,73.25,98.95,0.0,46.0,1.0,218.0
541,85,93.0,1.0,0.0,113.0,0.0,8,0,0,0,0,0,0,88.6375,72.9,98.6,0.0,46.0,0.0,218.0
542,85,93.0,0.0,0.0,113.0,0.0,8,0,0,0,0,0,0,88.2125,72.55,98.25,0.0,46.0,0.0,218.0
543,85,93.0,0.0,0.0,113.0,0.0,6,0,2,0,0,0,0,87.875,72.55,97.9,0.0,46.0,2.0,220.0
544,85,93.0,0.0,0.0,113.0,0.0,7,0,1,0,0,0,0,87.5125,72.2,97.55,0.0,46.0,1.0,221.0
545,86,93.0,1.0,1.0,114.0,0.0,6,1,1,0,0,0,0,87.1938,71.85,97.2,1.0,47.0,2.0,223.0
546,85,93.0,0.0,0.0,114.0,0.0,8,0,0,0,0,0,0,86.7875,71.5,96.85,0.0,47.0,0.0,223.0
547,87,95.0,2.0,0.0,114.0,0.0,7,0,1,0,0,0,0,86.4063,71.15,96.5,0.0,47.0,1.0,224.0
548,87,95.0,0.0,0.0,114.0,0.0,7,0,1,0,0,0,0,86.025,71.15,96.15,0.0,47.0,1.0,225.0
549,87,95.0,0.0,0.0,114.0,0.0,7,0,1,0,0,0,0,85.6438,70.8,95.8,0.0,47.0,1.0,226.0
550,87,94.0,0.0,1.0,115.0,0.0,7,1,0,0,0,0,0,85.2,70.3,95.45,0.0,47.0,0.0,226.0
551,86,94.0,0.0,0.0,115.0,0.0,8,0,0,0,0,0,0,84.7563,69.8,95.1,0.0,47.0,0.0,226.0
552,86,94.0,0.0,0.0,115.0,0.0,8,0,0,0,0,0,0,84.3125,69.3,94.75,0.0,47.0,0.0,226.0
553,86,94.0,0.0,0.0,115.0,0.0,8,0,0,0,0,0,0,83.8688,68.8,94.4,0.0,47.0,0.0,226.0
554,86,94.0,0.0,0.0,115.0,0.0,6,0,2,0,0,0,0,83.5313,68.3,94.4,0.0,47.0,2.0,228.0
555,89,97.0,3.0,0.0,115.0,0.0,5,0,3,0,0,0,0,83.3,67.8,94.05,1.0,48.0,4.0,232.0
556,89,97.0,0.0,0.0,115.0,0.0,8,0,0,0,0,0,0,82.9,67.3,93.7,1.0,49.0,1.0,233.0
557,89,97.0,0.0,0.0,115.0,0.0,8,0,0,0,0,0,0,82.4563,66.8,93.35,0.0,49.0,0.0,233.0
558,89,95.0,0.0,2.0,117.0,0.0,4,2,2,0,0,0,0,82.1188,66.3,93.0,0.0,49.0,2.0,235.0
559,88,96.0,1.0,0.0,117.0,0.0,7,0,1,0,0,0,0,81.8,65.8,92.65,1.0,50.0,2.0,237.0
560,88,96.0,0.0,0.0,117.0,0.0,8,0,0,0,0,0,0,81.375,65.3,92.3,0.0,50.0,0.0,237.0
561,88,96.0,0.0,0.0,117.0,0.0,8,0,0,0,0,0,0,80.95,64.8,91.95,0.0,50.0,0.0,237.0
562,88,96.0,0.0,0.0,117.0,0.0,8,0,0,0,0,0,0,80.5063,64.3,91.45,0.0,50.0,0.0,237.0
563,89,96.0,1.0,1.0,118.0,0.0,7,1,0,0,0,0,0,80.0625,63.8,90.95,0.0,50.0,0.0,237.0
564,88,96.0,0.0,0.0,118.0,0.0,8,0,0,0,0,0,0,79.6375,63.45,90.45,0.0,50.0,0.0,237.0
565,89,97.0,1.0,0.0,118.0,0.0,8,0,0,0,0,0,0,79.2125,63.1,89.95,0.0,50.0,0.0,237.0
566,89,96.0,0.0,1.0,119.0,0.0,6,1,1,0,0,0,0,78.8313,62.75,89.45,0.0,50.0,1.0,238.0
567,88,96.0,0.0,0.0,119.0,0.0,8,0,0,0,0,0,0,78.4063,62.4,88.95,0.0,50.0,0.0,238.0
568,88,96.0,0.0,0.0,119.0,0.0,8,0,0,0,0,0,0,77.9813,62.05,88.45,0.0,50.0,0.0,238.0
569,89,97.0,1.0,0.0,119.0,0.0,5,0,3,0,0,0,0,77.7063,61.7,88.45,0.0,50.0,3.0,241.0
570,89,97.0,0.0,0.0,119.0,0.0,6,0,2,0,0,0,0,77.4563,61.7,88.45,2.0,52.0,4.0,245.0
571,91,99.0,2.0,0.0,119.0,0.0,8,0,0,0,0,0,0,76.9938,61.35,87.95,0.0,52.0,0.0,245.0
572,91,99.0,0.0,0.0,119.0,0.0,7,0,1,0,0,0,0,76.575,61.35,87.45,0.0,52.0,1.0,246.0
573,91,99.0,0.0,0.0,119.0,0.0,6,0,2,0,0,0,0,76.2188,61.0,86.95,0.0,52.0,2.0,248.0
574,91,99.0,0.0,0.0,119.0,0.0,7,0,1,0,0,0,0,75.8625,60.65,86.45,1.0,53.0,2.0,250.0
575,92,99.0,1.0,1.0,120.0,0.0,7,1,0,0,0,0,0,75.4,60.3,85.95,0.0,53.0,0.0,250.0
576,91,99.0,0.0,0.0,120.0,0.0,7,0,1,0,0,0,0,75.0625,60.3,85.45,0.0,53.0,1.0,251.0
577,91,98.0,0.0,1.0,121.0,0.0,7,1,0,0,0,0,0,74.6625,60.3,84.95,1.0,54.0,1.0,252.0
578,90,98.0,0.0,0.0,121.0,0.0,7,0,1,0,0,0,0,74.2813,59.95,84.45,0.0,54.0,1.0,253.0
579,91,98.0,1.0,1.0,122.0,0.0,7,1,0,0,0,0,0,73.8563,59.6,83.95,0.0,54.0,0.0,253.0
580,90,98.0,0.0,0.0,122.0,0.0,8,0,0,0,0,0,0,73.4313,59.25,83.45,0.0,54.0,0.0,253.0
581,90,98.0,0.0,0.0,122.0,0.0,7,0,1,0,0,0,0,73.05,59.25,82.95,0.0,54.0,1.0,254.0
582,90,98.0,0.0,0.0,122.0,0.0,6,0,2,0,0,0,0,72.7313,59.25,82.45,0.0,54.0,2.0,256.0
583,92,100.0,2.0,0.0,122.0,0.0,7,0,1,0,0,0,0,72.4125,59.25,81.95,1.0,55.0,2.0,258.0
584,92,100.0,0.0,0.0,122.0,0.0,8,0,0,0,0,0,0,71.9875,58.9,81.45,0.0,55.0,0.0,258.0
585,93,100.0,1.0,1.0,123.0,0.0,4,1,3,0,0,0,0,71.7125,58.55,80.95,0.0,55.0,3.0,261.0
586,92,100.0,0.0,0.0,123.0,0.0,7,0,1,0,0,0,0,71.4563,58.2,80.45,2.0,57.0,3.0,264.0
587,93,101.0,1.0,0.0,123.0,0.0,8,0,0,0,0,0,0,71.0313,57.7,79.95,0.0,57.0,0.0,264.0
588,93,101.0,0.0,0.0,123.0,0.0,7,0,1,0,0,0,0,70.65,57.2,79.45,0.0,57.0,1.0,265.0
589,93,101.0,0.0,0.0,123.0,0.0,8,0,0,0,0,0,0,70.225,56.7,79.1,0.0,57.0,0.0,265.0
590,93,101.0,0.0,0.0,123.0,0.0,8,0,0,0,0,0,0,69.8,56.2,78.75,0.0,57.0,0.0,265.0
591,93,100.0,0.0,1.0,124.0,0.0,7,1,0,0,0,0,0,69.375,55.7,78.4,0.0,57.0,0.0,265.0
592,92,100.0,0.0,0.0,124.0,0.0,8,0,0,0,0,0,0,68.9688,55.2,78.05,0.0,57.0,0.0,265.0
593,92,100.0,0.0,0.0,124.0,0.0,8,0,0,0,0,0,0,68.5625,54.7,77.7,0.0,57.0,0.0,265.0
594,92,99.0,0.0,1.0,125.0,0.0,7,1,0,0,0,0,0,68.1375,54.2,77.2,0.0,57.0,0.0,265.0
595,94,102.0,3.0,0.0,125.0,0.0,6,0,2,0,0,0,0,67.8375,53.7,76.7,0.0,57.0,2.0,267.0
596,94,102.0,0.0,0.0,125.0,0.0,6,0,2,0,0,0,0,67.6,53.7,76.2,1.0,58.0,3.0,270.0
597,95,103.0,1.0,0.0,125.0,0.0,8,0,0,0,0,0,0,67.2563,53.7,75.7,1.0,59.0,1.0,271.0
598,95,103.0,0.0,0.0,125.0,0.0,8,0,0,0,0,0,0,66.8313,53.2,75.2,0.0,59.0,0.0,271.0
599,95,103.0,0.0,0.0,125.0,0.0,8,0,0,0,0,0,0,66.4063,52.7,74.7,0.0,59.0,0.0,271.0
600,95,103.0,0.0,0.0,125.0,0.0,8,0,0,0,0,0,0,65.9813,52.2,74.35,0.0,59.0,0.0,271.0
601,95,103.0,0.0,0.0,125.0,0.0,8,0,0,0,0,0,0,65.5563,51.7,74.0,0.0,59.0,0.0,271.0
602,95,101.0,0.0,2.0,127.0,0.0,5,2,1,0,0,0,0,65.1938,51.2,73.65,0.0,59.0,1.0,272.0
603,94,102.0,1.0,0.0,127.0,0.0,8,0,0,0,0,0,0,64.7875,50.7,73.3,0.0,59.0,0.0,272.0
604,94,102.0,0.0,0.0,127.0,0.0,8,0,0,0,0,0,0,64.3813,50.2,72.95,0.0,59.0,0.0,272.0
605,95,103.0,1.0,0.0,127.0,0.0,8,0,0,0,0,0,0,63.9563,49.7,72.6,0.0,59.0,0.0,272.0
606,95,103.0,0.0,0.0,127.0,0.0,8,0,0,0,0,0,0,63.5313,49.2,72.25,0.0,59.0,0.0,272.0
607,96,104.0,1.0,0.0,127.0,0.0,8,0,0,0,0,0,0,63.1063,48.7,71.9,0.0,59.0,0.0,272.0
608,96,104.0,0.0,0.0,127.0,0.0,8,0,0,0,0,0,0,62.6438,48.2,71.55,0.0,59.0,0.0,272.0
609,96,104.0,0.0,0.0,127.0,0.0,8,0,0,0,0,0,0,62.1625,47.7,71.05,0.0,59.0,0.0,272.0
610,96,103.0,0.0,1.0,128.0,0.0,7,1,0,0,0,0,0,61.6625,47.2,70.55,0.0,59.0,0.0,272.0
611,97,105.0,2.0,0.0,128.0,0.0,8,0,0,0,0,0,0,61.1813,46.7,70.05,0.0,59.0,0.0,272.0
612,97,105.0,0.0,0.0,128.0,0.0,6,0,2,0,0,0,0,60.825,46.7,70.05,0.0,59.0,2.0,274.0
613,97,105.0,0.0,0.0,128.0,0.0,5,0,3,0,0,0,0,60.5938,46.7,70.05,1.0,60.0,4.0,278.0
614,97,105.0,0.0,0.0,128.0,0.0,6,0,2,0,0,0,0,60.3,46.2,69.55,1.0,61.0,3.0,281.0
615,98,106.0,1.0,0.0,128.0,0.0,8,0,0,0,0,0,0,59.8188,45.7,69.05,0.0,61.0,0.0,281.0
616,98,105.0,0.0,1.0,129.0,0.0,7,1,0,0,0,0,0,59.3375,45.2,68.55,0.0,61.0,0.0,281.0
617,97,104.0,0.0,1.0,130.0,0.0,7,1,0,0,0,0,0,58.875,44.7,68.05,0.0,61.0,0.0,281.0
618,96,104.0,0.0,0.0,130.0,0.0,8,0,0,0,0,0,0,58.4313,44.2,67.7,0.0,61.0,0.0,281.0
619,98,105.0,2.0,1.0,131.0,0.0,7,1,0,0,0,0,0,57.9875,43.7,67.35,0.0,61.0,0.0,281.0
620,97,105.0,0.0,0.0,131.0,0.0,8,0,0,0,0,0,0,57.5625,43.2,67.0,0.0,61.0,0.0,281.0
621,97,104.0,0.0,1.0,132.0,0.0,7,1,0,0,0,0,0,57.1375,42.7,66.65,0.0,61.0,0.0,281.0
622,96,104.0,0.0,0.0,132.0,0.0,8,0,0,0,0,0,0,56.7313,42.2,66.3,0.0,61.0,0.0,281.0
623,96,104.0,0.0,0.0,132.0,0.0,8,0,0,0,0,0,0,56.325,41.7,65.95,0.0,61.0,0.0,281.0
624,96,104.0,0.0,0.0,132.0,0.0,8,0,0,0,0,0,0,55.9188,41.2,65.6,0.0,61.0,0.0,281.0
625,98,105.0,2.0,1.0,133.0,0.0,7,1,0,0,0,0,0,55.4938,40.7,65.25,0.0,61.0,0.0,281.0
626,97,105.0,0.0,0.0,133.0,0.0,8,0,0,0,0,0,0,55.0875,40.2,64.9,0.0,61.0,0.0,281.0
627,98,106.0,1.0,0.0,133.0,0.0,8,0,0,0,0,0,0,54.6438,39.7,64.55,0.0,61.0,0.0,281.0
628,98,106.0,0.0,0.0,133.0,0.0,7,0,1,0,0,0,0,54.2625,39.7,64.2,0.0,61.0,1.0,282.0
629,98,106.0,0.0,0.0,133.0,0.0,7,0,1,0,0,0,0,53.8625,39.2,63.85,0.0,61.0,1.0,283.0
630,98,106.0,0.0,0.0,133.0,0.0,6,0,2,0,0,0,0,53.525,39.2,63.5,0.0,61.0,2.0,285.0
631,99,107.0,1.0,0.0,133.0,0.0,7,0,1,0,0,0,0,53.1875,39.2,63.15,1.0,62.0,2.0,287.0
632,99,107.0,0.0,0.0,133.0,0.0,8,0,0,0,0,0,0,52.725,38.7,62.8,0.0,62.0,0.0,287.0
633,99,107.0,0.0,0.0,133.0,0.0,7,0,1,0,0,0,0,52.325,38.2,62.55,0.0,62.0,1.0,288.0
634,99,106.0,0.0,1.0,134.0,0.0,4,1,3,0,0,0,0,52.0313,37.7,62.45,0.0,62.0,3.0,291.0
635,100,108.0,2.0,0.0,134.0,0.0,5,0,3,0,0,0,0,51.8,37.2,62.45,1.0,63.0,4.0,295.0
636,100,108.0,0.0,0.0,134.0,0.0,8,0,0,0,0,0,0,51.3563,36.7,62.1,0.0,63.0,0.0,295.0
637,100,107.0,0.0,1.0,135.0,0.0,5,1,2,0,0,0,0,51.0188,36.2,61.75,0.0,63.0,2.0,297.0
638,99,107.0,0.0,0.0,135.0,0.0,8,0,0,0,0,0,0,50.5938,35.7,61.4,0.0,63.0,0.0,297.0
639,100,108.0,1.0,0.0,135.0,0.0,6,0,2,0,0,0,0,50.2563,35.2,61.05,0.0,63.0,2.0,299.0
640,100,108.0,0.0,0.0,135.0,0.0,6,0,2,0,0,0,0,49.9813,34.7,60.7,1.0,64.0,3.0,302.0
641,100,108.0,0.0,0.0,135.0,0.0,8,0,0,0,0,0,0,49.6,34.2,60.35,1.0,65.0,1.0,303.0
642,100,108.0,0.0,0.0,135.0,0.0,8,0,0,0,0,0,0,49.1563,33.7,60.0,0.0,65.0,0.0,303.0
643,102,110.0,2.0,0.0,135.0,0.0,7,0,1,0,0,0,0,48.7563,33.2,59.65,0.0,65.0,1.0,304.0
644,102,110.0,0.0,0.0,135.0,0.0,8,0,0,0,0,0,0,48.2938,32.7,59.3,0.0,65.0,0.0,304.0
645,103,111.0,1.0,0.0,135.0,0.0,6,0,2,0,0,0,0,47.9375,32.2,59.3,0.0,65.0,2.0,306.0
646,103,111.0,0.0,0.0,135.0,0.0,5,0,3,0,0,0,0,47.7063,32.2,59.3,1.0,66.0,4.0,310.0
647,103,110.0,0.0,1.0,136.0,0.0,6,1,1,0,0,0,0,47.3688,32.2,58.95,1.0,67.0,2.0,312.0
648,102,109.0,0.0,1.0,137.0,0.0,7,1,0,0,0,0,0,46.925,31.7,58.6,0.0,67.0,0.0,312.0
649,101,109.0,0.0,0.0,137.0,0.0,8,0,0,0,0,0,0,46.5,31.35,58.25,0.0,67.0,0.0,312.0
650,101,109.0,0.0,0.0,137.0,0.0,8,0,0,0,0,0,0,46.075,31.0,57.9,0.0,67.0,0.0,312.0
651,102,110.0,1.0,0.0,137.0,0.0,7,0,1,0,0,0,0,45.6938,30.65,57.4,0.0,67.0,1.0,313.0
652,102,110.0,0.0,0.0,137.0,0.0,8,0,0,0,0,0,0,45.2313,30.15,56.9,0.0,67.0,0.0,313.0
653,103,111.0,1.0,0.0,137.0,0.0,8,0,0,0,0,0,0,44.7688,29.65,56.4,0.0,67.0,0.0,313.0
654,103,110.0,0.0,1.0,138.0,0.0,7,1,0,0,0,0,0,44.3063,29.15,55.9,0.0,67.0,0.0,313.0
655,104,111.0,2.0,1.0,139.0,0.0,7,1,0,0,0,0,0,43.8438,28.65,55.4,0.0,67.0,0.0,313.0
656,103,111.0,0.0,0.0,139.0,0.0,6,0,2,0,0,0,0,43.5063,28.65,54.9,0.0,67.0,2.0,315.0
657,103,110.0,0.0,1.0,140.0,0.0,6,1,1,0,0,0,0,43.1688,28.65,54.4,1.0,68.0,2.0,317.0
658,102,109.0,0.0,1.0,141.0,0.0,7,1,0,0,0,0,0,42.7063,28.15,53.9,0.0,68.0,0.0,317.0
659,102,110.0,1.0,0.0,141.0,0.0,8,0,0,0,0,0,0,42.2625,27.65,53.55,0.0,68.0,0.0,317.0
660,102,110.0,0.0,0.0,141.0,0.0,8,0,0,0,0,0,0,41.8188,27.15,53.2,0.0,68.0,0.0,317.0
661,102,110.0,0.0,0.0,141.0,0.0,8,0,0,0,0,0,0,41.375,26.65,52.85,0.0,68.0,0.0,317.0
662,102,109.0,0.0,1.0,142.0,0.0,7,1,0,0,0,0,0,40.9313,26.15,52.5,0.0,68.0,0.0,317.0
663,101,109.0,0.0,0.0,142.0,0.0,6,0,2,0,0,0,0,40.6125,25.8,52.15,0.0,68.0,2.0,319.0
664,101,109.0,0.0,0.0,142.0,0.0,7,0,1,0,0,0,0,40.2938,25.45,51.8,1.0,69.0,2.0,321.0
665,102,110.0,1.0,0.0,142.0,0.0,8,0,0,0,0,0,0,39.8688,25.1,51.45,0.0,69.0,0.0,321.0
666,102,110.0,0.0,0.0,142.0,0.0,5,0,3,0,0,0,0,39.6125,24.75,51.1,0.0,69.0,3.0,324.0
667,105,112.0,3.0,1.0,143.0,0.0,7,1,0,0,0,0,0,39.2313,24.4,50.75,1.0,70.0,1.0,325.0
668,104,112.0,0.0,0.0,143.0,0.0,8,0,0,0,0,0,0,38.825,24.05,50.4,0.0,70.0,0.0,325.0
669,104,111.0,0.0,1.0,144.0,0.0,6,1,1,0,0,0,0,38.4625,23.7,50.05,0.0,70.0,1.0,326.0
670,103,110.0,0.0,1.0,145.0,0.0,7,1,0,0,0,0,0,38.0563,23.35,49.55,0.0,70.0,0.0,326.0
671,102,109.0,0.0,1.0,146.0,0.0,6,1,1,0,0,0,0,37.7125,23.35,49.05,0.0,70.0,1.0,327.0
672,101,109.0,0.0,0.0,146.0,0.0,8,0,0,0,0,0,0,37.3438,23.0,48.55,0.0,70.0,0.0,327.0
673,101,109.0,0.0,0.0,146.0,0.0,8,0,0,0,0,0,0,36.975,22.65,48.05,0.0,70.0,0.0,327.0
674,101,109.0,0.0,0.0,146.0,0.0,8,0,0,0,0,0,0,36.6063,22.3,47.55,0.0,70.0,0.0,327.0
675,103,111.0,2.0,0.0,146.0,0.0,8,0,0,0,0,0,0,36.2375,21.95,47.05,0.0,70.0,0.0,327.0
676,103,111.0,0.0,0.0,146.0,0.0,8,0,0,0,0,0,0,35.8688,21.6,46.55,0.0,70.0,0.0,327.0
677,103,111.0,0.0,0.0,146.0,0.0,8,0,0,0,0,0,0,35.4813,21.1,46.05,0.0,70.0,0.0,327.0
678,103,111.0,0.0,0.0,146.0,0.0,7,0,1,0,0,0,0,35.1375,20.6,45.55,0.0,70.0,1.0,328.0
679,104,112.0,1.0,0.0,146.0,0.0,8,0,0,0,0,0,0,34.7313,20.1,45.05,0.0,70.0,0.0,328.0
680,104,112.0,0.0,0.0,146.0,0.0,8,0,0,0,0,0,0,34.325,19.6,44.55,0.0,70.0,0.0,328.0
681,105,112.0,1.0,1.0,147.0,0.0,7,1,0,0,0,0,0,33.9188,19.1,44.05,0.0,70.0,0.0,328.0
682,105,112.0,0.0,0.0,147.0,0.0,7,1,0,0,0,0,0,33.575,19.1,43.55,0.0,70.0,0.0,328.0
683,106,113.0,1.0,0.0,147.0,0.0,7,1,0,0,0,0,0,33.2313,19.1,43.05,0.0,70.0,0.0,328.0
684,106,113.0,0.0,0.0,147.0,0.0,7,1,0,0,0,0,0,32.8688,19.1,42.55,0.0,70.0,0.0,328.0
685,107,114.0,1.0,0.0,147.0,0.0,7,1,0,0,0,0,0,32.5063,19.1,42.05,0.0,70.0,0.0,328.0
686,107,114.0,0.0,0.0,147.0,0.0,7,1,0,0,0,0,0,32.1438,19.1,41.55,0.0,70.0,0.0,328.0
687,107,114.0,0.0,0.0,147.0,0.0,7,1,0,0,0,0,0,31.7438,19.1,41.05,0.0,70.0,0.0,328.0
688,107,114.0,0.0,0.0,147.0,0.0,7,1,0,0,0,0,0,31.3438,19.1,40.6,0.0,70.0,0.0,328.0
689,107,114.0,0.0,0.0,147.0,0.0,7,1,0,0,0,0,0,30.9438,19.1,40.25,0.0,70.0,0.0,328.0
690,107,114.0,0.0,0.0,147.0,0.0,7,1,0,0,0,0,0,30.5438,19.1,39.9,0.0,70.0,0.0,328.0
691,109,116.0,2.0,0.0,147.0,0.0,7,0,0,0,1,0,0,30.0813,18.75,39.55,0.0,70.0,0.0,328.0
692,109,116.0,0.0,0.0,147.0,0.0,7,0,0,0,1,0,0,29.6188,18.4,39.2,0.0,70.0,0.0,328.0
693,109,114.0,0.0,2.0,149.0,0.0,5,2,0,0,1,0,0,29.1563,18.05,38.85,0.0,70.0,0.0,328.0
694,107,114.0,0.0,0.0,149.0,0.0,7,0,0,0,1,0,0,28.7313,17.7,38.5,0.0,70.0,0.0,328.0
695,109,115.0,2.0,1.0,150.0,0.0,6,1,0,0,1,0,0,28.3063,17.35,38.15,0.0,70.0,0.0,328.0
696,108,115.0,0.0,0.0,150.0,0.0,7,0,0,0,1,0,0,27.8813,17.0,37.65,0.0,70.0,0.0,328.0
697,108,114.0,0.0,1.0,151.0,0.0,6,1,0,0,1,0,0,27.4563,16.65,37.15,0.0,70.0,0.0,328.0
698,107,114.0,0.0,0.0,151.0,0.0,6,0,1,0,1,0,0,27.0938,16.3,36.65,0.0,70.0,1.0,329.0
699,108,115.0,1.0,0.0,151.0,0.0,6,0,1,0,1,0,0,26.7938,15.95,36.65,1.0,71.0,2.0,331.0
700,108,115.0,0.0,0.0,151.0,0.0,7,0,0,0,1,0,0,26.3875,15.6,36.3,0.0,71.0,0.0,331.0
701,108,115.0,0.0,0.0,151.0,0.0,6,0,1,0,1,0,0,26.0438,15.25,35.95,0.0,71.0,1.0,332.0
702,108,115.0,0.0,0.0,151.0,0.0,7,0,0,0,1,0,0,25.6375,14.9,35.6,0.0,71.0,0.0,332.0
703,109,115.0,1.0,1.0,152.0,0.0,6,1,0,0,1,0,0,25.2313,14.55,35.25,0.0,71.0,0.0,332.0
704,108,115.0,0.0,0.0,152.0,0.0,7,0,0,0,1,0,0,24.825,14.2,34.9,0.0,71.0,0.0,332.0
705,109,115.0,1.0,1.0,153.0,0.0,4,1,2,0,1,0,0,24.5063,13.85,34.55,0.0,71.0,2.0,334.0
706,108,115.0,0.0,0.0,153.0,0.0,6,0,1,0,1,0,0,24.2063,13.5,34.2,1.0,72.0,2.0,336.0
707,109,116.0,1.0,0.0,153.0,0.0,7,0,0,0,1,0,0,23.8188,13.15,33.85,0.0,72.0,0.0,336.0
708,109,115.0,0.0,1.0,154.0,0.0,5,1,1,0,1,0,0,23.475,12.8,33.5,0.0,72.0,1.0,337.0
709,110,116.0,1.0,0.0,154.0,0.0,6,1,0,1,0,0,0,23.15,12.45,33.15,0.0,72.0,0.0,337.0
710,110,116.0,0.0,0.0,154.0,0.0,6,1,0,1,0,0,0,23.9631,16.55,32.8,0.0,72.0,0.0,337.0
711,110,116.0,0.0,0.0,154.0,0.0,6,1,0,1,0,0,0,24.7763,16.05,32.45,0.0,72.0,0.0,337.0
712,110,116.0,0.0,0.0,154.0,0.0,6,1,0,1,0,0,0,25.5894,15.55,38.715,0.0,72.0,0.0,337.0
713,110,116.0,0.0,0.0,154.0,0.0,6,1,0,1,0,0,0,26.4025,15.05,47.47,0.0,72.0,0.0,337.0
714,110,116.0,0.0,0.0,154.0,0.0,4,1,1,1,1,0,0,27.2594,14.55,56.225,0.0,72.0,1.0,338.0
715,113,119.0,3.0,0.0,154.0,0.0,5,0,1,1,1,0,0,28.135,14.2,64.98,1.0,73.0,2.0,340.0
716,113,119.0,0.0,0.0,154.0,0.0,6,0,0,1,1,0,0,28.9231,13.85,73.735,0.0,73.0,0.0,340.0
717,113,119.0,0.0,0.0,154.0,0.0,6,0,0,1,1,0,0,29.7175,13.5,82.49,0.0,73.0,0.0,340.0
718,113,119.0,0.0,0.0,154.0,0.0,6,0,0,1,1,0,0,30.4681,13.15,91.245,0.0,73.0,0.0,340.0
719,112,119.0,0.0,0.0,154.0,0.0,6,0,0,0,2,0,0,31.175,12.8,99.65,0.0,73.0,0.0,340.0
720,112,119.0,0.0,0.0,154.0,0.0,6,0,0,0,2,0,0,30.75,12.45,99.3,0.0,73.0,0.0,340.0
721,112,119.0,0.0,0.0,154.0,0.0,6,0,0,0,2,0,0,30.325,12.1,98.95,0.0,73.0,0.0,340.0
722,112,119.0,0.0,0.0,154.0,0.0,6,0,0,0,2,0,0,29.9,11.75,98.6,0.0,73.0,0.0,340.0
723,114,119.0,2.0,2.0,156.0,0.0,4,2,0,0,2,0,0,29.475,11.4,98.25,0.0,73.0,0.0,340.0
724,113,119.0,0.0,0.0,156.0,0.0,5,1,0,0,2,0,0,29.1313,11.05,97.9,0.0,73.0,0.0,340.0
725,114,120.0,1.0,0.0,156.0,0.0,5,1,0,0,2,0,0,28.7875,10.7,97.55,0.0,73.0,0.0,340.0
726,114,119.0,0.0,1.0,157.0,0.0,4,2,0,0,2,0,0,28.4438,10.35,97.2,0.0,73.0,0.0,340.0
727,114,120.0,1.0,0.0,157.0,0.0,6,0,0,0,2,0,0,28.075,10.0,96.85,0.0,73.0,0.0,340.0
728,114,120.0,0.0,0.0,157.0,0.0,6,0,0,0,2,0,0,27.7063,9.65,96.5,0.0,73.0,0.0,340.0
729,114,120.0,0.0,0.0,157.0,0.0,6,0,0,0,2,0,0,27.3375,9.3,96.15,0.0,73.0,0.0,340.0
730,114,120.0,0.0,0.0,157.0,0.0,6,0,0,0,2,0,0,26.9688,8.95,95.8,0.0,73.0,0.0,340.0
731,115,121.0,1.0,0.0,157.0,0.0,5,0,0,0,3,0,0,26.6,8.6,95.45,0.0,73.0,0.0,340.0
732,115,121.0,0.0,0.0,157.0,0.0,5,0,0,0,3,0,0,26.2313,8.25,95.1,0.0,73.0,0.0,340.0
733,115,121.0,0.0,0.0,157.0,0.0,5,0,0,0,3,0,0,25.8625,7.9,94.75,0.0,73.0,0.0,340.0
734,115,121.0,0.0,0.0,157.0,0.0,5,0,0,0,3,0,0,25.475,7.55,94.4,0.0,73.0,0.0,340.0
735,116,122.0,1.0,0.0,157.0,0.0,5,0,0,0,3,0,0,25.0875,7.2,94.05,0.0,73.0,0.0,340.0
736,116,122.0,0.0,0.0,157.0,0.0,5,0,0,0,3,0,0,24.6813,6.85,93.7,0.0,73.0,0.0,340.0
737,117,123.0,1.0,0.0,157.0,0.0,5,0,0,1,2,0,0,24.275,6.5,93.35,0.0,73.0,0.0,340.0
738,117,123.0,0.0,0.0,157.0,0.0,4,0,0,1,3,0,0,25.0563,6.15,93.0,0.0,73.0,0.0,340.0
739,119,125.0,2.0,0.0,157.0,0.0,4,0,0,1,3,0,0,25.8188,5.8,92.5,0.0,73.0,0.0,340.0
740,119,125.0,0.0,0.0,157.0,0.0,4,0,0,1,3,0,0,26.5813,5.45,92.0,0.0,73.0,0.0,340.0
741,119,125.0,0.0,0.0,157.0,0.0,3,0,0,1,3,1,0,27.3438,5.1,91.5,0.0,73.0,0.0,340.0
742,119,125.0,0.0,0.0,157.0,0.0,3,0,0,1,3,1,0,28.1688,4.75,91.0,0.0,73.0,0.0,340.0
743,119,125.0,0.0,0.0,157.0,0.0,3,0,0,1,3,1,0,28.9938,4.4,90.5,0.0,73.0,0.0,340.0
744,119,125.0,0.0,0.0,157.0,0.0,3,0,0,1,3,1,0,29.8188,4.05,90.0,0.0,73.0,0.0,340.0
745,120,126.0,1.0,0.0,157.0,0.0,3,0,0,2,2,1,0,30.6438,3.7,89.5,0.0,73.0,0.0,340.0
746,120,126.0,0.0,0.0,157.0,0.0,3,0,0,2,2,1,0,32.7163,9.4,90.85,0.0,73.0,0.0,340.0
747,121,127.0,1.0,0.0,157.0,0.0,2,0,2,1,3,0,0,34.8263,9.05,99.65,0.0,73.0,2.0,342.0
748,121,127.0,0.0,0.0,157.0,0.0,3,0,1,1,3,0,0,35.7925,8.7,99.3,1.0,74.0,2.0,344.0
749,121,127.0,0.0,0.0,157.0,0.0,4,0,0,1,3,0,0,36.6338,8.35,98.95,0.0,74.0,0.0,344.0
750,121,126.0,0.0,1.0,158.0,0.0,3,1,0,1,3,0,0,37.475,8.0,98.6,0.0,74.0,0.0,344.0
751,123,128.0,2.0,0.0,158.0,0.0,2,0,0,1,3,2,0,38.335,7.65,98.25,0.0,74.0,0.0,344.0
752,123,128.0,0.0,0.0,158.0,0.0,2,0,0,2,2,2,0,39.3013,7.3,97.9,0.0,74.0,0.0,344.0
753,123,128.0,0.0,0.0,158.0,0.0,2,0,0,2,2,2,0,41.4375,6.95,97.55,0.0,74.0,0.0,344.0
754,123,128.0,0.0,0.0,158.0,0.0,2,0,0,2,2,2,0,43.5738,6.6,97.2,0.0,74.0,0.0,344.0
755,125,129.0,2.0,1.0,159.0,0.0,2,1,0,1,3,1,0,45.6225,6.25,99.65,0.0,74.0,0.0,344.0
756,125,129.0,0.0,0.0,159.0,0.0,3,0,0,1,3,1,0,46.4863,5.9,99.3,0.0,74.0,0.0,344.0
757,125,129.0,0.0,0.0,159.0,0.0,3,0,0,1,3,1,0,47.35,5.55,98.95,0.0,74.0,0.0,344.0
758,125,129.0,0.0,0.0,159.0,0.0,3,0,0,1,3,1,0,48.2138,5.2,98.6,0.0,74.0,0.0,344.0
759,125,129.0,0.0,0.0,159.0,0.0,3,0,0,1,3,1,0,49.0775,4.85,98.25,0.0,74.0,0.0,344.0
760,125,129.0,0.0,0.0,159.0,0.0,3,0,0,1,3,1,0,49.9413,4.5,97.9,0.0,74.0,0.0,344.0
761,125,129.0,0.0,0.0,159.0,0.0,3,0,0,2,2,1,0,50.805,4.15,97.55,0.0,74.0,0.0,344.0
762,125,129.0,0.0,0.0,159.0,0.0,4,0,0,1,3,0,0,52.8231,9.3,99.65,0.0,74.0,0.0,344.0
763,127,131.0,2.0,0.0,159.0,0.0,4,0,0,1,3,0,0,53.715,8.95,99.3,0.0,74.0,0.0,344.0
764,127,131.0,0.0,0.0,159.0,0.0,4,0,0,1,3,0,0,54.6069,8.6,98.95,0.0,74.0,0.0,344.0
765,129,133.0,2.0,0.0,159.0,0.0,4,0,0,1,3,0,0,55.48,8.25,98.6,0.0,74.0,0.0,344.0
766,129,133.0,0.0,0.0,159.0,0.0,4,0,0,1,3,0,0,56.3531,7.9,98.25,0.0,74.0,0.0,344.0
767,129,133.0,0.0,0.0,159.0,0.0,4,0,1,1,2,0,0,57.27,7.9,97.9,0.0,74.0,1.0,345.0
768,129,133.0,0.0,0.0,159.0,0.0,4,0,0,1,3,0,0,58.1869,7.9,97.55,1.0,75.0,1.0,346.0
769,129,133.0,0.0,0.0,159.0,0.0,4,0,0,1,3,0,0,59.06,7.55,97.2,0.0,75.0,0.0,346.0
770,129,133.0,0.0,0.0,159.0,0.0,4,0,0,1,3,0,0,59.9331,7.2,96.85,0.0,75.0,0.0,346.0
771,129,134.0,1.0,0.0,159.0,0.0,5,0,0,0,3,0,0,60.7438,6.85,99.65,0.0,75.0,0.0,346.0
772,129,134.0,0.0,0.0,159.0,0.0,5,0,0,0,3,0,0,60.3563,6.5,99.3,0.0,75.0,0.0,346.0
773,129,133.0,0.0,1.0,160.0,0.0,4,1,0,0,3,0,0,59.9688,6.15,98.95,0.0,75.0,0.0,346.0
774,128,133.0,0.0,0.0,160.0,0.0,5,0,0,1,2,0,0,59.6,5.8,98.6,0.0,75.0,0.0,346.0
775,130,135.0,2.0,0.0,160.0,0.0,5,0,0,1,2,0,0,60.4525,7.25,98.25,0.0,75.0,0.0,346.0
776,130,135.0,0.0,0.0,160.0,0.0,4,0,1,1,2,0,0,61.3488,6.9,97.9,0.0,75.0,1.0,347.0
777,130,135.0,0.0,0.0,160.0,0.0,5,0,0,1,2,0,0,62.1825,6.55,97.55,0.0,75.0,0.0,347.0
778,130,135.0,0.0,0.0,160.0,0.0,5,0,0,1,2,0,0,63.0163,6.2,97.2,0.0,75.0,0.0,347.0
779,132,137.0,2.0,0.0,160.0,0.0,5,0,0,1,2,0,0,63.85,5.85,96.85,0.0,75.0,0.0,347.0
780,132,135.0,0.0,2.0,162.0,0.0,3,2,0,1,2,0,0,64.6838,5.5,96.5,0.0,75.0,0.0,347.0
781,130,135.0,0.0,0.0,162.0,0.0,5,0,0,1,2,0,0,65.555,5.15,96.15,0.0,75.0,0.0,347.0
782,130,135.0,0.0,0.0,162.0,0.0,5,0,0,1,2,0,0,66.4263,4.8,95.8,0.0,75.0,0.0,347.0
783,130,135.0,0.0,0.0,162.0,0.0,5,0,0,2,1,0,0,67.2975,4.45,95.45,0.0,75.0,0.0,347.0
784,129,135.0,0.0,0.0,162.0,0.0,6,0,0,1,1,0,0,69.3444,6.75,99.65,0.0,75.0,0.0,347.0
785,130,136.0,1.0,0.0,162.0,0.0,6,0,0,1,1,0,0,70.2138,6.4,99.3,0.0,75.0,0.0,347.0
786,130,136.0,0.0,0.0,162.0,0.0,6,0,0,1,1,0,0,71.0831,6.05,98.95,0.0,75.0,0.0,347.0
787,132,138.0,2.0,0.0,162.0,0.0,6,0,0,1,1,0,0,71.9525,5.7,98.6,0.0,75.0,0.0,347.0
788,132,138.0,0.0,0.0,162.0,0.0,6,0,0,1,1,0,0,72.8219,5.35,98.25,0.0,75.0,0.0,347.0
789,132,138.0,0.0,0.0,162.0,0.0,6,0,0,1,1,0,0,73.6725,5.0,97.9,0.0,75.0,0.0,347.0
790,132,138.0,0.0,0.0,162.0,0.0,6,0,0,1,1,0,0,74.5044,4.65,97.55,0.0,75.0,0.0,347.0
791,132,138.0,0.0,0.0,162.0,0.0,4,0,2,1,1,0,0,75.4425,4.3,97.2,0.0,75.0,2.0,349.0
792,132,138.0,0.0,0.0,162.0,0.0,5,0,1,1,1,0,0,76.3806,3.95,96.85,1.0,76.0,2.0,351.0
793,132,139.0,1.0,0.0,162.0,0.0,7,0,0,0,1,0,0,77.15,3.6,99.65,0.0,76.0,0.0,351.0
794,132,138.0,0.0,1.0,163.0,0.0,6,1,0,1,0,0,0,76.725,3.25,99.3,0.0,76.0,0.0,351.0
795,133,140.0,2.0,0.0,163.0,0.0,7,0,0,1,0,0,0,77.5719,12.925,98.95,0.0,76.0,0.0,351.0
796,133,139.0,0.0,1.0,164.0,0.0,6,1,0,1,0,0,0,78.4188,22.6,98.6,0.0,76.0,0.0,351.0
797,132,138.0,0.0,1.0,165.0,0.0,4,1,2,1,0,0,0,79.3906,32.275,98.25,0.0,76.0,2.0,353.0
798,131,138.0,0.0,0.0,165.0,0.0,6,0,1,1,0,0,0,80.3813,41.95,97.9,1.0,77.0,2.0,355.0
799,132,139.0,1.0,0.0,165.0,0.0,7,0,0,1,0,0,0,81.2656,51.625,97.55,0.0,77.0,0.0,355.0
800,132,139.0,0.0,0.0,165.0,0.0,6,0,1,1,0,0,0,82.2125,61.3,97.2,0.0,77.0,1.0,356.0
801,132,139.0,0.0,0.0,165.0,0.0,7,0,0,1,0,0,0,83.0781,66.35,96.85,0.0,77.0,0.0,356.0
802,132,138.0,0.0,1.0,166.0,0.0,6,1,0,1,0,0,0,83.9438,66.0,96.5,0.0,77.0,0.0,356.0
803,132,139.0,1.0,0.0,166.0,0.0,7,0,0,1,0,0,0,84.8281,65.65,96.15,0.0,77.0,0.0,356.0
804,131,139.0,0.0,0.0,166.0,0.0,8,0,0,0,0,0,0,85.65,65.15,99.65,0.0,77.0,0.0,356.0
805,132,140.0,1.0,0.0,166.0,0.0,8,0,0,0,0,0,0,85.2625,64.65,99.3,0.0,77.0,0.0,356.0
806,132,140.0,0.0,0.0,166.0,0.0,8,0,0,0,0,0,0,84.875,64.15,98.95,0.0,77.0,0.0,356.0
807,133,141.0,1.0,0.0,166.0,0.0,8,0,0,0,0,0,0,84.4875,63.65,98.6,0.0,77.0,0.0,356.0
808,133,141.0,0.0,0.0,166.0,0.0,7,0,1,0,0,0,0,84.1438,63.15,98.25,0.0,77.0,1.0,357.0
809,133,140.0,0.0,1.0,167.0,0.0,7,1,0,0,0,0,0,83.7563,62.65,97.9,0.0,77.0,0.0,357.0
810,132,140.0,0.0,0.0,167.0,0.0,8,0,0,0,0,0,0,83.3875,62.3,97.55,0.0,77.0,0.0,357.0
811,134,142.0,2.0,0.0,167.0,0.0,8,0,0,0,0,0,0,83.0188,61.95,97.2,0.0,77.0,0.0,357.0
812,134,142.0,0.0,0.0,167.0,0.0,8,0,0,0,0,0,0,82.65,61.6,96.85,0.0,77.0,0.0,357.0
813,134,142.0,0.0,0.0,167.0,0.0,8,0,0,0,0,0,0,82.2813,61.25,96.5,0.0,77.0,0.0,357.0
814,134,142.0,0.0,0.0,167.0,0.0,8,0,0,0,0,0,0,81.875,60.9,96.15,0.0,77.0,0.0,357.0
815,135,143.0,1.0,0.0,167.0,0.0,8,0,0,0,0,0,0,81.4688,60.55,95.8,0.0,77.0,0.0,357.0
816,135,143.0,0.0,0.0,167.0,0.0,8,0,0,0,0,0,0,81.0625,60.2,95.45,0.0,77.0,0.0,357.0
817,135,143.0,0.0,0.0,167.0,0.0,8,0,0,0,0,0,0,80.6563,59.85,95.1,0.0,77.0,0.0,357.0
818,135,142.0,0.0,1.0,168.0,0.0,7,1,0,0,0,0,0,80.25,59.5,94.75,0.0,77.0,0.0,357.0
819,135,143.0,1.0,0.0,168.0,0.0,8,0,0,0,0,0,0,79.8625,59.15,94.4,0.0,77.0,0.0,357.0
820,135,143.0,0.0,0.0,168.0,0.0,8,0,0,0,0,0,0,79.4375,58.8,94.05,0.0,77.0,0.0,357.0
821,136,144.0,1.0,0.0,168.0,0.0,8,0,0,0,0,0,0,79.0125,58.45,93.7,0.0,77.0,0.0,357.0
822,136,144.0,0.0,0.0,168.0,0.0,8,0,0,0,0,0,0,78.5875,58.1,93.35,0.0,77.0,0.0,357.0
823,137,145.0,1.0,0.0,168.0,0.0,8,0,0,0,0,0,0,78.1625,57.75,93.0,0.0,77.0,0.0,357.0
824,137,145.0,0.0,0.0,168.0,0.0,8,0,0,0,0,0,0,77.7188,57.4,92.65,0.0,77.0,0.0,357.0
825,138,144.0,1.0,2.0,170.0,0.0,6,2,0,0,0,0,0,77.275,57.05,92.3,0.0,77.0,0.0,357.0
826,136,144.0,0.0,0.0,170.0,0.0,8,0,0,0,0,0,0,76.8688,56.7,91.95,0.0,77.0,0.0,357.0
827,137,145.0,1.0,0.0,170.0,0.0,8,0,0,0,0,0,0,76.4625,56.35,91.6,0.0,77.0,0.0,357.0
828,137,145.0,0.0,0.0,170.0,0.0,8,0,0,0,0,0,0,76.0563,56.0,91.25,0.0,77.0,0.0,357.0
829,137,145.0,0.0,0.0,170.0,0.0,7,0,1,0,0,0,0,75.7125,55.65,90.9,0.0,77.0,1.0,358.0
830,137,145.0,0.0,0.0,170.0,0.0,8,0,0,0,0,0,0,75.3063,55.3,90.55,0.0,77.0,0.0,358.0
831,137,145.0,0.0,0.0,170.0,0.0,8,0,0,0,0,0,0,74.8625,54.8,90.2,0.0,77.0,0.0,358.0
832,137,145.0,0.0,0.0,170.0,0.0,7,0,1,0,0,0,0,74.4813,54.3,89.85,0.0,77.0,1.0,359.0
833,137,145.0,0.0,0.0,170.0,0.0,7,0,1,0,0,0,0,74.1625,53.8,89.5,1.0,78.0,2.0,361.0
834,137,145.0,0.0,0.0,170.0,0.0,8,0,0,0,0,0,0,73.7188,53.3,89.15,0.0,78.0,0.0,361.0
835,141,148.0,4.0,1.0,171.0,0.0,5,1,2,0,0,0,0,73.4,53.3,88.8,0.0,78.0,2.0,363.0
836,140,147.0,0.0,1.0,172.0,0.0,7,1,0,0,0,0,0,72.975,52.8,88.45,0.0,78.0,0.0,363.0
837,139,147.0,0.0,0.0,172.0,0.0,8,0,0,0,0,0,0,72.5688,52.3,88.1,0.0,78.0,0.0,363.0
838,139,147.0,0.0,0.0,172.0,0.0,7,0,1,0,0,0,0,72.225,51.8,87.75,0.0,78.0,1.0,364.0
839,139,147.0,0.0,0.0,172.0,0.0,7,0,1,0,0,0,0,71.8438,51.3,87.25,0.0,78.0,1.0,365.0
840,139,147.0,0.0,0.0,172.0,0.0,8,0,0,0,0,0,0,71.4188,50.8,86.75,0.0,78.0,0.0,365.0
841,139,146.0,0.0,1.0,173.0,0.0,7,1,0,0,0,0,0,70.9938,50.3,86.25,0.0,78.0,0.0,365.0
842,138,146.0,0.0,0.0,173.0,0.0,8,0,0,0,0,0,0,70.55,49.95,85.75,0.0,78.0,0.0,365.0
843,139,146.0,1.0,1.0,174.0,0.0,7,1,0,0,0,0,0,70.1063,49.6,85.25,0.0,78.0,0.0,365.0
844,138,146.0,0.0,0.0,174.0,0.0,8,0,0,0,0,0,0,69.6813,49.25,84.75,0.0,78.0,0.0,365.0
845,139,147.0,1.0,0.0,174.0,0.0,8,0,0,0,0,0,0,69.2563,48.9,84.25,0.0,78.0,0.0,365.0
846,139,146.0,0.0,1.0,175.0,0.0,7,1,0,0,0,0,0,68.8313,48.55,83.75,0.0,78.0,0.0,365.0
847,139,147.0,1.0,0.0,175.0,0.0,8,0,0,0,0,0,0,68.425,48.2,83.25,0.0,78.0,0.0,365.0
848,139,146.0,0.0,1.0,176.0,0.0,7,1,0,0,0,0,0,68.0188,47.85,82.75,0.0,78.0,0.0,365.0
849,139,147.0,1.0,0.0,176.0,0.0,8,0,0,0,0,0,0,67.6125,47.5,82.25,0.0,78.0,0.0,365.0
850,139,147.0,0.0,0.0,176.0,0.0,8,0,0,0,0,0,0,67.1875,47.0,81.75,0.0,78.0,0.0,365.0
851,140,148.0,1.0,0.0,176.0,0.0,8,0,0,0,0,0,0,66.7438,46.5,81.25,0.0,78.0,0.0,365.0
852,140,148.0,0.0,0.0,176.0,0.0,5,0,3,0,0,0,0,66.45,46.0,80.75,0.0,78.0,3.0,368.0
853,140,147.0,0.0,1.0,177.0,0.0,6,1,1,0,0,0,0,66.1563,45.5,80.25,2.0,80.0,3.0,371.0
854,139,147.0,0.0,0.0,177.0,0.0,8,0,0,0,0,0,0,65.7125,45.0,79.9,0.0,80.0,0.0,371.0
855,140,148.0,1.0,0.0,177.0,0.0,8,0,0,0,0,0,0,65.2688,44.5,79.55,0.0,80.0,0.0,371.0
856,140,148.0,0.0,0.0,177.0,0.0,8,0,0,0,0,0,0,64.825,44.0,79.2,0.0,80.0,0.0,371.0
857,140,148.0,0.0,0.0,177.0,0.0,8,0,0,0,0,0,0,64.3813,43.5,78.85,0.0,80.0,0.0,371.0
858,140,148.0,0.0,0.0,177.0,0.0,8,0,0,0,0,0,0,63.9375,43.0,78.5,0.0,80.0,0.0,371.0
859,142,150.0,2.0,0.0,177.0,0.0,8,0,0,0,0,0,0,63.4938,42.5,78.15,0.0,80.0,0.0,371.0
860,142,150.0,0.0,0.0,177.0,0.0,8,0,0,0,0,0,0,63.0313,42.0,77.8,0.0,80.0,0.0,371.0
861,142,149.0,0.0,1.0,178.0,0.0,7,1,0,0,0,0,0,62.5688,41.5,77.45,0.0,80.0,0.0,371.0
862,141,149.0,0.0,0.0,178.0,0.0,8,0,0,0,0,0,0,62.125,41.15,77.1,0.0,80.0,0.0,371.0
863,142,150.0,1.0,0.0,178.0,0.0,8,0,0,0,0,0,0,61.6813,40.8,76.75,0.0,80.0,0.0,371.0
864,142,149.0,0.0,1.0,179.0,0.0,7,1,0,0,0,0,0,61.2375,40.45,76.4,0.0,80.0,0.0,371.0
865,142,150.0,1.0,0.0,179.0,0.0,8,0,0,0,0,0,0,60.8125,40.1,76.05,0.0,80.0,0.0,371.0
866,142,150.0,0.0,0.0,179.0,0.0,8,0,0,0,0,0,0,60.3875,39.75,75.7,0.0,80.0,0.0,371.0
867,143,151.0,1.0,0.0,179.0,0.0,8,0,0,0,0,0,0,59.9438,39.4,75.35,0.0,80.0,0.0,371.0
868,143,150.0,0.0,1.0,180.0,0.0,7,1,0,0,0,0,0,59.5,39.05,75.0,0.0,80.0,0.0,371.0
869,142,150.0,0.0,0.0,180.0,0.0,8,0,0,0,0,0,0,59.075,38.7,74.65,0.0,80.0,0.0,371.0
870,142,150.0,0.0,0.0,180.0,0.0,8,0,0,0,0,0,0,58.65,38.35,74.3,0.0,80.0,0.0,371.0
871,143,151.0,1.0,0.0,180.0,0.0,6,0,2,0,0,0,0,58.3313,38.35,73.95,0.0,80.0,2.0,373.0
872,143,150.0,0.0,1.0,181.0,0.0,6,1,1,0,0,0,0,57.9938,38.35,73.45,1.0,81.0,2.0,375.0
873,142,150.0,0.0,0.0,181.0,0.0,8,0,0,0,0,0,0,57.5688,38.0,72.95,0.0,81.0,0.0,375.0
874,142,149.0,0.0,1.0,182.0,0.0,7,1,0,0,0,0,0,57.1438,37.65,72.45,0.0,81.0,0.0,375.0
875,143,150.0,2.0,1.0,183.0,0.0,6,1,1,0,0,0,0,56.7813,37.65,71.95,0.0,81.0,1.0,376.0
876,142,149.0,0.0,1.0,184.0,0.0,7,1,0,0,0,0,0,56.3938,37.3,71.45,0.0,81.0,0.0,376.0
877,142,150.0,1.0,0.0,184.0,0.0,8,0,0,0,0,0,0,56.025,36.95,71.1,0.0,81.0,0.0,376.0
878,142,149.0,0.0,1.0,185.0,0.0,7,1,0,0,0,0,0,55.6563,36.6,70.75,0.0,81.0,0.0,376.0
879,141,149.0,0.0,0.0,185.0,0.0,8,0,0,0,0,0,0,55.3063,36.25,70.4,0.0,81.0,0.0,376.0
880,141,149.0,0.0,0.0,185.0,0.0,8,0,0,0,0,0,0,54.9563,35.9,70.05,0.0,81.0,0.0,376.0
881,141,149.0,0.0,0.0,185.0,0.0,8,0,0,0,0,0,0,54.6063,35.55,69.7,0.0,81.0,0.0,376.0
882,141,149.0,0.0,0.0,185.0,0.0,8,0,0,0,0,0,0,54.2375,35.2,69.35,0.0,81.0,0.0,376.0
883,143,151.0,2.0,0.0,185.0,0.0,8,0,0,0,0,0,0,53.8688,34.85,69.0,0.0,81.0,0.0,376.0
884,143,151.0,0.0,0.0,185.0,0.0,7,0,1,0,0,0,0,53.5438,34.5,68.65,0.0,81.0,1.0,377.0
885,144,152.0,1.0,0.0,185.0,0.0,7,0,1,0,0,0,0,53.2438,34.15,68.15,1.0,82.0,2.0,379.0
886,144,152.0,0.0,0.0,185.0,0.0,8,0,0,0,0,0,0,52.8375,33.8,67.65,0.0,82.0,0.0,379.0
887,144,152.0,0.0,0.0,185.0,0.0,7,0,1,0,0,0,0,52.4938,33.45,67.15,0.0,82.0,1.0,380.0
888,144,152.0,0.0,0.0,185.0,0.0,7,0,1,0,0,0,0,52.15,33.1,66.65,0.0,82.0,1.0,381.0
889,144,152.0,0.0,0.0,185.0,0.0,8,0,0,0,0,0,0,51.8063,32.75,66.15,1.0,83.0,1.0,382.0
890,144,151.0,0.0,1.0,186.0,0.0,6,1,1,0,0,0,0,51.4438,32.25,66.15,0.0,83.0,1.0,383.0
891,145,153.0,2.0,0.0,186.0,0.0,7,0,1,0,0,0,0,51.1875,31.75,66.15,1.0,84.0,2.0,385.0
892,145,153.0,0.0,0.0,186.0,0.0,8,0,0,0,0,0,0,50.825,31.25,65.65,0.0,84.0,0.0,385.0
893,145,153.0,0.0,0.0,186.0,0.0,7,0,1,0,0,0,0,50.4438,30.75,65.15,0.0,84.0,1.0,386.0
894,145,153.0,0.0,0.0,186.0,0.0,8,0,0,0,0,0,0,50.0188,30.25,64.65,0.0,84.0,0.0,386.0
895,147,155.0,2.0,0.0,186.0,0.0,8,0,0,0,0,0,0,49.5938,29.75,64.15,0.0,84.0,0.0,386.0
896,147,154.0,0.0,1.0,187.0,0.0,7,1,0,0,0,0,0,49.15,29.25,63.65,0.0,84.0,0.0,386.0
897,146,153.0,0.0,1.0,188.0,0.0,7,1,0,0,0,0,0,48.725,28.75,63.15,0.0,84.0,0.0,386.0
898,145,153.0,0.0,0.0,188.0,0.0,8,0,0,0,0,0,0,48.3188,28.4,62.65,0.0,84.0,0.0,386.0
899,146,154.0,1.0,0.0,188.0,0.0,6,0,2,0,0,0,0,48.0188,28.05,62.15,0.0,84.0,2.0,388.0
900,146,154.0,0.0,0.0,188.0,0.0,7,0,1,0,0,0,0,47.7188,27.7,61.65,1.0,85.0,2.0,390.0
901,146,153.0,0.0,1.0,189.0,0.0,7,1,0,0,0,0,0,47.2938,27.35,61.15,0.0,85.0,0.0,390.0
902,145,153.0,0.0,0.0,189.0,0.0,8,0,0,0,0,0,0,46.8875,27.0,60.8,0.0,85.0,0.0,390.0
903,145,153.0,0.0,0.0,189.0,0.0,8,0,0,0,0,0,0,46.4813,26.65,60.45,0.0,85.0,0.0,390.0
904,145,153.0,0.0,0.0,189.0,0.0,8,0,0,0,0,0,0,46.0563,26.3,60.1,0.0,85.0,0.0,390.0
905,147,155.0,2.0,0.0,189.0,0.0,7,0,1,0,0,0,0,45.6938,25.95,59.75,0.0,85.0,1.0,391.0
906,147,155.0,0.0,0.0,189.0,0.0,6,0,2,0,0,0,0,45.375,25.6,59.4,0.0,85.0,2.0,393.0
907,149,157.0,2.0,0.0,189.0,0.0,6,0,2,0,0,0,0,45.1188,25.25,59.05,1.0,86.0,3.0,396.0
908,149,157.0,0.0,0.0,189.0,0.0,7,0,1,0,0,0,0,44.7813,25.25,58.7,1.0,87.0,2.0,398.0
909,149,156.0,0.0,1.0,190.0,0.0,7,1,0,0,0,0,0,44.3375,24.9,58.35,0.0,87.0,0.0,398.0
910,148,156.0,0.0,0.0,190.0,0.0,5,0,3,0,0,0,0,44.0625,24.9,58.35,0.0,87.0,3.0,401.0
911,148,156.0,0.0,0.0,190.0,0.0,7,0,1,0,0,0,0,43.7438,24.55,58.35,1.0,88.0,2.0,403.0
912,148,156.0,0.0,0.0,190.0,0.0,8,0,0,0,0,0,0,43.3188,24.2,58.0,0.0,88.0,0.0,403.0
913,148,156.0,0.0,0.0,190.0,0.0,8,0,0,0,0,0,0,42.8938,23.85,57.65,0.0,88.0,0.0,403.0
914,148,155.0,0.0,1.0,191.0,0.0,7,1,0,0,0,0,0,42.45,23.5,57.3,0.0,88.0,0.0,403.0
915,149,157.0,2.0,0.0,191.0,0.0,6,0,2,0,0,0,0,42.15,23.15,56.95,0.0,88.0,2.0,405.0
916,149,157.0,0.0,0.0,191.0,0.0,7,0,1,0,0,0,0,41.85,22.8,56.6,1.0,89.0,2.0,407.0
917,149,157.0,0.0,0.0,191.0,0.0,8,0,0,0,0,0,0,41.4063,22.45,56.25,0.0,89.0,0.0,407.0
918,149,157.0,0.0,0.0,191.0,0.0,8,0,0,0,0,0,0,40.9625,22.1,55.9,0.0,89.0,0.0,407.0
919,151,159.0,2.0,0.0,191.0,0.0,6,0,2,0,0,0,0,40.6438,21.75,55.55,0.0,89.0,2.0,409.0
920,151,159.0,0.0,0.0,191.0,0.0,7,0,1,0,0,0,0,40.325,21.4,55.2,1.0,90.0,2.0,411.0
921,151,159.0,0.0,0.0,191.0,0.0,8,0,0,0,0,0,0,39.8813,21.05,54.85,0.0,90.0,0.0,411.0
922,151,158.0,0.0,1.0,192.0,0.0,7,1,0,0,0,0,0,39.4375,20.7,54.5,0.0,90.0,0.0,411.0
923,151,159.0,1.0,0.0,192.0,0.0,8,0,0,0,0,0,0,39.0125,20.35,54.15,0.0,90.0,0.0,411.0
924,151,158.0,0.0,1.0,193.0,0.0,7,1,0,0,0,0,0,38.5875,20.0,53.8,0.0,90.0,0.0,411.0
925,151,159.0,1.0,0.0,193.0,0.0,8,0,0,0,0,0,0,38.1625,19.65,53.3,0.0,90.0,0.0,411.0
926,151,159.0,0.0,0.0,193.0,0.0,8,0,0,0,0,0,0,37.7375,19.3,52.8,0.0,90.0,0.0,411.0
927,151,159.0,0.0,0.0,193.0,0.0,8,0,0,0,0,0,0,37.275,18.8,52.3,0.0,90.0,0.0,411.0
928,151,158.0,0.0,1.0,194.0,0.0,6,1,1,0,0,0,0,36.875,18.3,52.3,0.0,90.0,1.0,412.0
929,150,157.0,0.0,1.0,195.0,0.0,6,1,1,0,0,0,0,36.5375,17.8,52.3,1.0,91.0,2.0,414.0
930,149,156.0,0.0,1.0,196.0,0.0,7,1,0,0,0,0,0,36.1125,17.3,51.8,0.0,91.0,0.0,414.0
931,150,158.0,2.0,0.0,196.0,0.0,8,0,0,0,0,0,0,35.7063,16.8,51.3,0.0,91.0,0.0,414.0
932,150,158.0,0.0,0.0,196.0,0.0,6,0,2,0,0,0,0,35.4063,16.3,51.3,0.0,91.0,2.0,416.0
933,151,159.0,1.0,0.0,196.0,0.0,7,0,1,0,0,0,0,35.0875,15.8,51.3,1.0,92.0,2.0,418.0
934,151,158.0,0.0,1.0,197.0,0.0,5,1,2,0,0,0,0,34.75,15.3,50.8,0.0,92.0,2.0,420.0
935,152,159.0,1.0,0.0,197.0,0.0,5,1,2,0,0,0,0,34.5188,15.3,50.3,1.0,93.0,3.0,423.0
936,152,159.0,0.0,0.0,197.0,0.0,7,1,0,0,0,0,0,34.2,15.3,49.8,1.0,94.0,1.0,424.0
937,152,159.0,0.0,0.0,197.0,0.0,5,1,2,0,0,0,0,33.9625,15.3,49.8,0.0,94.0,2.0,426.0
938,152,159.0,0.0,0.0,197.0,0.0,6,1,1,0,0,0,0,33.7063,15.3,49.8,1.0,95.0,2.0,428.0
939,153,160.0,1.0,0.0,197.0,0.0,7,1,0,0,0,0,0,33.325,15.3,49.3,0.0,95.0,0.0,428.0
940,153,160.0,0.0,0.0,197.0,0.0,6,1,1,0,0,0,0,33.0063,15.3,48.8,0.0,95.0,1.0,429.0
941,153,160.0,0.0,0.0,197.0,0.0,6,1,1,0,0,0,0,32.6875,15.3,48.3,1.0,96.0,1.0,430.0
942,153,159.0,0.0,1.0,198.0,0.0,6,2,0,0,0,0,0,32.2625,14.95,47.8,0.0,96.0,0.0,430.0
943,153,159.0,1.0,1.0,199.0,0.0,6,1,0,0,1,0,0,31.8563,14.6,47.3,0.0,96.0,0.0,430.0
944,152,159.0,0.0,0.0,199.0,0.0,7,0,0,0,1,0,0,31.4688,14.25,46.8,0.0,96.0,0.0,430.0
945,153,159.0,1.0,1.0,200.0,0.0,5,1,1,0,1,0,0,31.125,13.9,46.3,0.0,96.0,1.0,431.0
946,152,159.0,0.0,0.0,200.0,0.0,7,0,0,0,1,0,0,30.7375,13.55,45.8,0.0,96.0,0.0,431.0
947,154,161.0,2.0,0.0,200.0,0.0,7,0,0,0,1,0,0,30.35,13.2,45.3,0.0,96.0,0.0,431.0
948,154,161.0,0.0,0.0,200.0,0.0,7,0,0,0,1,0,0,29.9625,12.85,44.8,0.0,96.0,0.0,431.0
949,154,161.0,0.0,0.0,200.0,0.0,7,0,0,0,1,0,0,29.575,12.5,44.3,0.0,96.0,0.0,431.0
950,154,160.0,0.0,1.0,201.0,0.0,5,1,1,0,1,0,0,29.2125,12.15,43.8,0.0,96.0,1.0,432.0
951,153,160.0,0.0,0.0,201.0,0.0,5,0,2,0,1,0,0,28.975,11.8,43.45,1.0,97.0,3.0,435.0
952,153,160.0,0.0,0.0,201.0,0.0,7,0,0,0,1,0,0,28.5875,11.45,43.1,0.0,97.0,0.0,435.0
953,153,160.0,0.0,0.0,201.0,0.0,5,0,2,0,1,0,0,28.3063,11.1,42.75,0.0,97.0,2.0,437.0
954,153,160.0,0.0,0.0,201.0,0.0,5,0,2,0,1,0,0,28.025,10.75,42.4,0.0,97.0,2.0,439.0
955,156,163.0,3.0,0.0,201.0,0.0,7,0,0,0,1,0,0,27.6375,10.4,42.05,0.0,97.0,0.0,439.0
956,156,163.0,0.0,0.0,201.0,0.0,7,0,0,0,1,0,0,27.25,10.05,41.7,0.0,97.0,0.0,439.0
957,156,163.0,0.0,0.0,201.0,0.0,7,0,0,0,1,0,0,26.8625,9.7,41.35,0.0,97.0,0.0,439.0
958,156,163.0,0.0,0.0,201.0,0.0,7,0,0,0,1,0,0,26.475,9.35,41.0,0.0,97.0,0.0,439.0
959,156,163.0,0.0,0.0,201.0,0.0,7,0,0,0,1,0,0,26.0875,9.0,40.65,0.0,97.0,0.0,439.0
960,156,162.0,0.0,1.0,202.0,0.0,6,1,0,0,1,0,0,25.7,8.65,40.3,0.0,97.0,0.0,439.0
961,156,163.0,1.0,0.0,202.0,0.0,7,0,0,0,1,0,0,25.3313,8.3,39.95,0.0,97.0,0.0,439.0
962,156,163.0,0.0,0.0,202.0,0.0,7,0,0,0,1,0,0,24.9438,7.95,39.6,0.0,97.0,0.0,439.0
963,157,164.0,1.0,0.0,202.0,0.0,7,0,0,0,1,0,0,24.5563,7.6,39.25,0.0,97.0,0.0,439.0
964,157,164.0,0.0,0.0,202.0,0.0,5,0,2,0,1,0,0,24.275,7.25,38.9,0.0,97.0,2.0,441.0
965,158,165.0,1.0,0.0,202.0,0.0,4,0,2,0,2,0,0,24.0375,6.9,38.55,1.0,98.0,3.0,444.0
966,158,165.0,0.0,0.0,202.0,0.0,5,0,1,0,2,0,0,23.7563,6.55,38.2,1.0,99.0,2.0,446.0
967,159,166.0,1.0,0.0,202.0,0.0,5,0,1,0,2,0,0,23.45,6.2,37.85,0.0,99.0,1.0,447.0
968,159,166.0,0.0,0.0,202.0,0.0,5,0,1,0,2,0,0,23.1063,5.85,37.5,0.0,99.0,1.0,448.0
969,159,166.0,0.0,0.0,202.0,0.0,6,0,0,0,2,0,0,22.7,5.5,37.0,0.0,99.0,0.0,448.0
970,159,166.0,0.0,0.0,202.0,0.0,6,0,0,1,1,0,0,22.2938,5.15,36.5,0.0,99.0,0.0,448.0
971,160,167.0,1.0,0.0,202.0,0.0,6,0,0,1,1,0,0,23.1169,12.8,36.0,0.0,99.0,0.0,448.0
972,160,167.0,0.0,0.0,202.0,0.0,6,0,0,1,1,0,0,23.94,12.45,35.5,0.0,99.0,0.0,448.0
973,160,167.0,0.0,0.0,202.0,0.0,6,0,0,1,1,0,0,24.7631,12.1,35.0,0.0,99.0,0.0,448.0
974,160,167.0,0.0,0.0,202.0,0.0,5,0,2,1,0,0,0,25.6738,12.1,43.09,0.0,99.0,2.0,450.0
975,162,169.0,2.0,0.0,202.0,0.0,6,0,1,1,0,0,0,26.5844,12.1,52.575,1.0,100.0,2.0,452.0
976,162,169.0,0.0,0.0,202.0,0.0,6,0,0,1,1,0,0,27.4075,11.75,62.06,0.0,100.0,0.0,452.0
977,162,169.0,0.0,0.0,202.0,0.0,6,0,1,1,0,0,0,28.2744,11.75,71.545,0.0,100.0,1.0,453.0
978,162,169.0,0.0,0.0,202.0,0.0,5,0,0,1,2,0,0,29.0788,11.4,81.03,0.0,100.0,0.0,453.0
979,164,171.0,2.0,0.0,202.0,0.0,5,0,0,1,2,0,0,29.9019,11.05,90.515,0.0,100.0,0.0,453.0
980,163,171.0,0.0,0.0,202.0,0.0,6,0,0,0,2,0,0,30.6625,10.7,99.65,0.0,100.0,0.0,453.0
981,163,171.0,0.0,0.0,202.0,0.0,6,0,0,0,2,0,0,30.2375,10.35,99.3,0.0,100.0,0.0,453.0
982,163,171.0,0.0,0.0,202.0,0.0,6,0,0,0,2,0,0,29.8125,10.0,98.95,0.0,100.0,0.0,453.0
983,163,171.0,0.0,0.0,202.0,0.0,6,0,0,0,2,0,0,29.3875,9.65,98.6,0.0,100.0,0.0,453.0
984,163,171.0,0.0,0.0,202.0,0.0,6,0,0,0,2,0,0,28.9438,9.3,98.25,0.0,100.0,0.0,453.0
985,164,172.0,1.0,0.0,202.0,0.0,5,0,0,0,3,0,0,28.5,8.95,97.9,0.0,100.0,0.0,453.0
986,164,172.0,0.0,0.0,202.0,0.0,5,0,0,0,3,0,0,28.075,8.6,97.55,0.0,100.0,0.0,453.0
987,165,173.0,1.0,0.0,202.0,0.0,4,0,0,0,4,0,0,27.65,8.25,97.2,0.0,100.0,0.0,453.0
988,165,173.0,0.0,0.0,202.0,0.0,3,0,1,0,4,0,0,27.3063,7.9,96.85,0.0,100.0,1.0,454.0
989,166,174.0,1.0,0.0,202.0,0.0,4,0,1,0,3,0,0,27.0063,7.55,96.5,1.0,101.0,2.0,456.0
990,166,174.0,0.0,0.0,202.0,0.0,4,0,0,0,4,0,0,26.6,7.2,96.15,0.0,101.0,0.0,456.0
991,167,175.0,1.0,0.0,202.0,0.0,4,0,0,0,4,0,0,26.1938,6.85,95.8,0.0,101.0,0.0,456.0
992,167,175.0,0.0,0.0,202.0,0.0,4,0,0,0,4,0,0,25.7875,6.5,95.45,0.0,101.0,0.0,456.0
993,167,175.0,0.0,0.0,202.0,0.0,4,0,0,0,4,0,0,25.3813,6.15,95.1,0.0,101.0,0.0,456.0
994,167,175.0,0.0,0.0,202.0,0.0,4,0,0,0,4,0,0,24.975,5.8,94.75,0.0,101.0,0.0,456.0
995,169,176.0,2.0,1.0,203.0,0.0,3,1,0,0,4,0,0,24.5688,5.45,94.4,0.0,101.0,0.0,456.0
996,169,175.0,0.0,1.0,204.0,0.0,3,1,0,1,3,0,0,24.1813,5.1,94.05,0.0,101.0,0.0,456.0
997,168,175.0,0.0,0.0,204.0,0.0,4,0,0,1,3,0,0,25.0425,8.05,93.7,0.0,101.0,0.0,456.0
998,168,175.0,0.0,0.0,204.0,0.0,4,0,0,2,2,0,0,25.9038,7.7,93.35,0.0,101.0,0.0,456.0
999,168,175.0,0.0,0.0,204.0,0.0,4,0,0,2,2,0,0,27.9625,10.25,93.0,0.0,101.0,0.0,456.0
1000,168,174.0,0.0,1.0,205.0,0.0,3,1,0,2,2,0,0,30.0025,9.9,92.5,0.0,101.0,0.0,456.0
1001,167,174.0,0.0,0.0,205.0,0.0,4,0,0,2,2,0,0,32.0613,9.55,92.0,0.0,101.0,0.0,456.0
1002,167,174.0,0.0,0.0,205.0,0.0,4,0,0,2,2,0,0,34.12,9.2,91.5,0.0,101.0,0.0,456.0
1003,170,177.0,3.0,0.0,205.0,0.0,4,0,0,2,2,0,0,36.1788,8.85,91.0,0.0,101.0,0.0,456.0
1004,170,177.0,0.0,0.0,205.0,0.0,4,0,0,2,2,0,0,38.2375,8.5,90.5,0.0,101.0,0.0,456.0
1005,171,178.0,1.0,0.0,205.0,0.0,4,0,0,2,2,0,0,40.2963,8.15,90.51,0.0,101.0,0.0,456.0
1006,171,178.0,0.0,0.0,205.0,0.0,5,0,0,1,2,0,0,42.3113,7.8,99.65,0.0,101.0,0.0,456.0
1007,171,178.0,0.0,0.0,205.0,0.0,5,0,0,1,2,0,0,43.14,7.45,99.3,0.0,101.0,0.0,456.0
1008,171,178.0,0.0,0.0,205.0,0.0,5,0,0,0,3,0,0,43.9063,7.1,99.65,0.0,101.0,0.0,456.0
1009,171,178.0,0.0,0.0,205.0,0.0,5,0,0,1,2,0,0,43.5375,6.75,99.3,0.0,101.0,0.0,456.0
1010,171,178.0,0.0,0.0,205.0,0.0,4,0,0,1,3,0,0,44.3763,6.4,98.95,0.0,101.0,0.0,456.0
1011,172,179.0,1.0,0.0,205.0,0.0,4,0,0,1,3,0,0,45.215,6.05,98.6,0.0,101.0,0.0,456.0
1012,172,179.0,0.0,0.0,205.0,0.0,4,0,0,1,3,0,0,46.0538,5.7,98.25,0.0,101.0,0.0,456.0
1013,172,179.0,0.0,0.0,205.0,0.0,4,0,0,1,3,0,0,46.8925,5.35,97.9,0.0,101.0,0.0,456.0
1014,172,179.0,0.0,0.0,205.0,0.0,4,0,0,2,2,0,0,47.7313,5.0,97.55,0.0,101.0,0.0,456.0
1015,174,181.0,2.0,0.0,205.0,0.0,4,0,0,2,2,0,0,49.8013,12.45,97.2,0.0,101.0,0.0,456.0
1016,174,181.0,0.0,0.0,205.0,0.0,4,0,0,2,2,0,0,51.8713,12.1,96.85,0.0,101.0,0.0,456.0
1017,175,181.0,1.0,1.0,206.0,0.0,3,1,0,2,2,0,0,53.9413,11.75,96.5,0.0,101.0,0.0,456.0
1018,175,181.0,0.0,0.0,206.0,0.0,4,0,0,2,2,0,0,56.03,11.4,96.15,0.0,101.0,0.0,456.0
1019,176,182.0,1.0,0.0,206.0,0.0,5,0,0,1,2,0,0,58.075,11.05,99.65,0.0,101.0,0.0,456.0
1020,176,182.0,0.0,0.0,206.0,0.0,5,0,0,1,2,0,0,58.9563,10.7,99.3,0.0,101.0,0.0,456.0
1021,176,182.0,0.0,0.0,206.0,0.0,4,0,0,1,3,0,0,59.8375,10.35,98.95,0.0,101.0,0.0,456.0
1022,176,182.0,0.0,0.0,206.0,0.0,4,0,0,1,3,0,0,60.7188,10.0,98.6,0.0,101.0,0.0,456.0
1023,176,182.0,0.0,0.0,206.0,0.0,4,0,0,1,3,0,0,61.6,9.65,98.25,0.0,101.0,0.0,456.0
1024,176,182.0,0.0,0.0,206.0,0.0,5,0,0,0,3,0,0,62.4375,9.3,99.65,0.0,101.0,0.0,456.0
1025,177,183.0,1.0,0.0,206.0,0.0,5,0,0,0,3,0,0,62.0688,8.95,99.3,0.0,101.0,0.0,456.0
1026,177,183.0,0.0,0.0,206.0,0.0,5,0,0,0,3,0,0,61.7,8.6,98.95,0.0,101.0,0.0,456.0
1027,179,185.0,2.0,0.0,206.0,0.0,5,0,0,0,3,0,0,61.3313,8.25,98.6,0.0,101.0,0.0,456.0
1028,179,184.0,0.0,1.0,207.0,0.0,4,1,0,0,3,0,0,60.9438,7.9,98.25,0.0,101.0,0.0,456.0
1029,179,184.0,0.0,0.0,207.0,0.0,5,0,0,0,3,0,0,60.575,7.55,97.9,0.0,101.0,0.0,456.0
1030,179,184.0,0.0,0.0,207.0,0.0,5,0,0,1,2,0,0,60.2063,7.2,97.55,0.0,101.0,0.0,456.0
1031,180,185.0,1.0,0.0,207.0,0.0,5,0,0,1,2,0,0,61.0413,7.55,97.2,0.0,101.0,0.0,456.0
1032,180,185.0,0.0,0.0,207.0,0.0,5,0,0,2,1,0,0,61.8763,7.2,96.85,0.0,101.0,0.0,456.0
1033,180,185.0,0.0,0.0,207.0,0.0,5,0,0,2,1,0,0,63.915,10.55,96.5,0.0,101.0,0.0,456.0
1034,180,185.0,0.0,0.0,207.0,0.0,5,0,0,2,1,0,0,65.935,10.2,96.15,0.0,101.0,0.0,456.0
1035,182,185.0,2.0,2.0,209.0,0.0,3,2,0,2,1,0,0,67.955,9.85,95.8,0.0,101.0,0.0,456.0
1036,180,185.0,0.0,0.0,209.0,0.0,5,0,0,2,1,0,0,70.0125,9.5,95.45,0.0,101.0,0.0,456.0
1037,180,185.0,0.0,0.0,209.0,0.0,5,0,0,2,1,0,0,72.07,9.15,95.1,0.0,101.0,0.0,456.0
1038,180,185.0,0.0,0.0,209.0,0.0,5,0,0,2,1,0,0,74.1275,8.8,94.75,0.0,101.0,0.0,456.0
1039,181,186.0,1.0,0.0,209.0,0.0,5,0,0,2,1,0,0,76.185,8.45,94.4,0.0,101.0,0.0,456.0
1040,180,186.0,0.0,0.0,209.0,0.0,6,0,0,2,0,0,0,78.1988,8.1,99.65,0.0,101.0,0.0,456.0
1041,180,186.0,0.0,0.0,209.0,0.0,6,0,0,2,0,0,0,80.245,17.29,99.3,0.0,101.0,0.0,456.0
1042,179,186.0,0.0,0.0,209.0,0.0,7,0,0,1,0,0,0,82.2475,26.48,99.65,0.0,101.0,0.0,456.0
1043,180,187.0,1.0,0.0,209.0,0.0,5,0,2,1,0,0,0,83.1775,35.67,99.3,0.0,101.0,2.0,458.0
1044,180,187.0,0.0,0.0,209.0,0.0,7,0,0,1,0,0,0,84.0013,44.86,98.95,0.0,101.0,0.0,458.0
1045,182,189.0,2.0,0.0,209.0,0.0,7,0,0,1,0,0,0,84.825,54.05,98.6,0.0,101.0,0.0,458.0
1046,182,189.0,0.0,0.0,209.0,0.0,7,0,0,1,0,0,0,85.6488,63.24,98.25,0.0,101.0,0.0,458.0
1047,182,189.0,0.0,0.0,209.0,0.0,7,0,0,1,0,0,0,86.4725,72.3,97.9,0.0,101.0,0.0,458.0
1048,182,189.0,0.0,0.0,209.0,0.0,7,0,0,1,0,0,0,87.2775,71.8,97.55,0.0,101.0,0.0,458.0
1049,182,189.0,0.0,0.0,209.0,0.0,7,0,0,1,0,0,0,88.0825,71.3,97.2,0.0,101.0,0.0,458.0
1050,181,189.0,0.0,0.0,209.0,0.0,8,0,0,0,0,0,0,88.8438,70.8,99.65,0.0,101.0,0.0,458.0
1051,183,191.0,2.0,0.0,209.0,0.0,8,0,0,0,0,0,0,88.4563,70.3,99.3,0.0,101.0,0.0,458.0
1052,183,191.0,0.0,0.0,209.0,0.0,8,0,0,0,0,0,0,88.05,69.8,98.95,0.0,101.0,0.0,458.0
1053,183,191.0,0.0,0.0,209.0,0.0,8,0,0,0,0,0,0,87.625,69.3,98.6,0.0,101.0,0.0,458.0
1054,183,191.0,0.0,0.0,209.0,0.0,8,0,0,0,0,0,0,87.2,68.8,98.25,0.0,101.0,0.0,458.0
1055,184,192.0,1.0,0.0,209.0,0.0,8,0,0,0,0,0,0,86.775,68.3,97.9,0.0,101.0,0.0,458.0
1056,184,192.0,0.0,0.0,209.0,0.0,8,0,0,0,0,0,0,86.35,67.8,97.55,0.0,101.0,0.0,458.0
1057,184,192.0,0.0,0.0,209.0,0.0,7,0,1,0,0,0,0,85.9875,67.8,97.2,0.0,101.0,1.0,459.0
1058,184,192.0,0.0,0.0,209.0,0.0,8,0,0,0,0,0,0,85.5625,67.3,96.85,0.0,101.0,0.0,459.0
1059,186,193.0,2.0,1.0,210.0,0.0,7,1,0,0,0,0,0,85.1375,66.8,96.5,0.0,101.0,0.0,459.0
1060,185,193.0,0.0,0.0,210.0,0.0,7,0,1,0,0,0,0,84.7938,66.45,96.15,0.0,101.0,1.0,460.0
1061,185,193.0,0.0,0.0,210.0,0.0,6,0,2,0,0,0,0,84.4938,66.1,95.8,0.0,101.0,2.0,462.0
1062,185,192.0,0.0,1.0,211.0,0.0,4,1,3,0,0,0,0,84.2813,65.75,95.45,1.0,102.0,4.0,466.0
1063,185,193.0,1.0,0.0,211.0,0.0,7,0,1,0,0,0,0,83.9813,65.4,95.1,1.0,103.0,2.0,468.0
1064,185,192.0,0.0,1.0,212.0,0.0,7,1,0,0,0,0,0,83.575,65.05,94.75,0.0,103.0,0.0,468.0
1065,185,192.0,1.0,1.0,213.0,0.0,7,1,0,0,0,0,0,83.1688,64.7,94.4,0.0,103.0,0.0,468.0
1066,184,192.0,0.0,0.0,213.0,0.0,8,0,0,0,0,0,0,82.7625,64.2,94.05,0.0,103.0,0.0,468.0
1067,185,193.0,1.0,0.0,213.0,0.0,8,0,0,0,0,0,0,82.3563,63.7,93.7,0.0,103.0,0.0,468.0
1068,185,193.0,0.0,0.0,213.0,0.0,8,0,0,0,0,0,0,81.95,63.2,93.35,0.0,103.0,0.0,468.0
1069,185,193.0,0.0,0.0,213.0,0.0,8,0,0,0,0,0,0,81.5438,62.7,93.0,0.0,103.0,0.0,468.0
1070,185,192.0,0.0,1.0,214.0,0.0,7,1,0,0,0,0,0,81.1375,62.2,92.65,0.0,103.0,0.0,468.0
1071,184,192.0,0.0,0.0,214.0,0.0,8,0,0,0,0,0,0,80.75,61.7,92.3,0.0,103.0,0.0,468.0
1072,184,192.0,0.0,0.0,214.0,0.0,8,0,0,0,0,0,0,80.3438,61.2,91.95,0.0,103.0,0.0,468.0
1073,185,193.0,1.0,0.0,214.0,0.0,8,0,0,0,0,0,0,79.9375,60.7,91.6,0.0,103.0,0.0,468.0
1074,185,192.0,0.0,1.0,215.0,0.0,7,1,0,0,0,0,0,79.5313,60.2,91.25,0.0,103.0,0.0,468.0
1075,187,195.0,3.0,0.0,215.0,0.0,8,0,0,0,0,0,0,79.125,59.7,90.9,0.0,103.0,0.0,468.0
1076,187,195.0,0.0,0.0,215.0,0.0,7,0,1,0,0,0,0,78.7625,59.2,90.9,0.0,103.0,1.0,469.0
1077,187,195.0,0.0,0.0,215.0,0.0,7,0,1,0,0,0,0,78.4438,58.7,90.9,1.0,104.0,2.0,471.0
1078,187,195.0,0.0,0.0,215.0,0.0,7,0,1,0,0,0,0,78.0625,58.2,90.55,0.0,104.0,1.0,472.0
1079,187,195.0,0.0,0.0,215.0,0.0,7,0,1,0,0,0,0,77.7,57.7,90.2,0.0,104.0,1.0,473.0
1080,187,195.0,0.0,0.0,215.0,0.0,8,0,0,0,0,0,0,77.2563,57.2,89.85,0.0,104.0,0.0,473.0
1081,187,195.0,0.0,0.0,215.0,0.0,7,0,1,0,0,0,0,76.8563,56.7,89.85,0.0,104.0,1.0,474.0
1082,187,195.0,0.0,0.0,215.0,0.0,4,0,4,0,0,0,0,76.625,56.2,89.85,0.0,104.0,4.0,478.0
1083,188,196.0,1.0,0.0,215.0,0.0,6,0,2,0,0,0,0,76.3313,55.7,89.85,1.0,105.0,3.0,481.0
1084,188,195.0,0.0,1.0,216.0,0.0,6,1,1,0,0,0,0,75.975,55.2,89.85,1.0,106.0,2.0,483.0
1085,188,195.0,1.0,1.0,217.0,0.0,7,1,0,0,0,0,0,75.55,54.85,89.5,0.0,106.0,0.0,483.0
1086,187,195.0,0.0,0.0,217.0,0.0,8,0,0,0,0,0,0,75.1438,54.5,89.15,0.0,106.0,0.0,483.0
1087,189,196.0,2.0,1.0,218.0,0.0,6,1,1,0,0,0,0,74.7813,54.15,88.8,0.0,106.0,1.0,484.0
1088,188,196.0,0.0,0.0,218.0,0.0,8,0,0,0,0,0,0,74.3938,53.8,88.45,0.0,106.0,0.0,484.0
1089,188,195.0,0.0,1.0,219.0,0.0,6,1,1,0,0,0,0,74.0313,53.45,87.95,0.0,106.0,1.0,485.0
1090,187,195.0,0.0,0.0,219.0,0.0,7,0,1,0,0,0,0,73.6875,53.1,87.45,0.0,106.0,1.0,486.0
1091,188,196.0,1.0,0.0,219.0,0.0,8,0,0,0,0,0,0,73.2625,52.75,86.95,0.0,106.0,0.0,486.0
1092,188,196.0,0.0,0.0,219.0,0.0,8,0,0,0,0,0,0,72.8375,52.4,86.45,0.0,106.0,0.0,486.0
1093,188,196.0,0.0,0.0,219.0,0.0,6,0,2,0,0,0,0,72.5,52.05,85.95,0.0,106.0,2.0,488.0
1094,188,196.0,0.0,0.0,219.0,0.0,7,0,1,0,0,0,0,72.1625,51.7,85.45,1.0,107.0,2.0,490.0
1095,189,197.0,1.0,0.0,219.0,0.0,8,0,0,0,0,0,0,71.7375,51.35,84.95,0.0,107.0,0.0,490.0
1096,189,197.0,0.0,0.0,219.0,0.0,8,0,0,0,0,0,0,71.3125,51.0,84.45,0.0,107.0,0.0,490.0
1097,189,197.0,0.0,0.0,219.0,0.0,8,0,0,0,0,0,0,70.8875,50.65,83.95,0.0,107.0,0.0,490.0
1098,189,196.0,0.0,1.0,220.0,0.0,6,1,1,0,0,0,0,70.5063,50.3,83.45,0.0,107.0,1.0,491.0
1099,190,198.0,2.0,0.0,220.0,0.0,6,0,2,0,0,0,0,70.1875,49.95,82.95,0.0,107.0,2.0,493.0
1100,190,198.0,0.0,0.0,220.0,0.0,7,0,1,0,0,0,0,69.8688,49.6,82.45,1.0,108.0,2.0,495.0
1101,191,198.0,1.0,1.0,221.0,0.0,7,1,0,0,0,0,0,69.4438,49.25,81.95,0.0,108.0,0.0,495.0
1102,190,198.0,0.0,0.0,221.0,0.0,8,0,0,0,0,0,0,69.0375,48.9,81.6,0.0,108.0,0.0,495.0
1103,190,198.0,0.0,0.0,221.0,0.0,4,0,4,0,0,0,0,68.8438,48.9,81.25,0.0,108.0,4.0,499.0
1104,190,198.0,0.0,0.0,221.0,0.0,6,0,2,0,0,0,0,68.65,48.9,80.9,2.0,110.0,4.0,503.0
1105,191,199.0,1.0,0.0,221.0,0.0,8,0,0,0,0,0,0,68.2438,48.55,80.55,0.0,110.0,0.0,503.0
1106,191,198.0,0.0,1.0,222.0,0.0,7,1,0,0,0,0,0,67.8375,48.2,80.2,0.0,110.0,0.0,503.0
1107,191,199.0,1.0,0.0,222.0,0.0,8,0,0,0,0,0,0,67.45,47.85,79.85,0.0,110.0,0.0,503.0
1108,191,198.0,0.0,1.0,223.0,0.0,7,1,0,0,0,0,0,67.0625,47.5,79.5,0.0,110.0,0.0,503.0
1109,190,197.0,0.0,1.0,224.0,0.0,7,1,0,0,0,0,0,66.6938,47.15,79.15,0.0,110.0,0.0,503.0
1110,189,197.0,0.0,0.0,224.0,0.0,8,0,0,0,0,0,0,66.3438,46.8,78.8,0.0,110.0,0.0,503.0
1111,190,198.0,1.0,0.0,224.0,0.0,8,0,0,0,0,0,0,65.9563,46.45,78.45,0.0,110.0,0.0,503.0
1112,190,198.0,0.0,0.0,224.0,0.0,6,0,2,0,0,0,0,65.675,46.1,78.45,0.0,110.0,2.0,505.0
1113,190,198.0,0.0,0.0,224.0,0.0,7,0,1,0,0,0,0,65.3938,45.75,78.45,1.0,111.0,2.0,507.0
1114,190,198.0,0.0,0.0,224.0,0.0,7,0,1,0,0,0,0,65.05,45.4,78.1,0.0,111.0,1.0,508.0
1115,193,201.0,3.0,0.0,224.0,0.0,8,0,0,0,0,0,0,64.6625,45.05,77.75,0.0,111.0,0.0,508.0
1116,193,201.0,0.0,0.0,224.0,0.0,8,0,0,0,0,0,0,64.2563,44.7,77.25,0.0,111.0,0.0,508.0
1117,193,201.0,0.0,0.0,224.0,0.0,6,0,2,0,0,0,0,63.9188,44.35,76.75,0.0,111.0,2.0,510.0
1118,193,201.0,0.0,0.0,224.0,0.0,8,0,0,0,0,0,0,63.4938,44.0,76.25,0.0,111.0,0.0,510.0
1119,193,201.0,0.0,0.0,224.0,0.0,8,0,0,0,0,0,0,63.0688,43.65,75.75,0.0,111.0,0.0,510.0
1120,193,201.0,0.0,0.0,224.0,0.0,8,0,0,0,0,0,0,62.625,43.3,75.25,0.0,111.0,0.0,510.0
1121,193,201.0,0.0,0.0,224.0,0.0,7,0,1,0,0,0,0,62.2063,42.95,74.75,0.0,111.0,1.0,511.0
1122,193,201.0,0.0,0.0,224.0,0.0,7,0,1,0,0,0,0,61.8313,42.95,74.25,1.0,112.0,2.0,513.0
1123,195,203.0,2.0,0.0,224.0,0.0,8,0,0,0,0,0,0,61.35,42.6,73.75,0.0,112.0,0.0,513.0
1124,195,202.0,0.0,1.0,225.0,0.0,7,1,0,0,0,0,0,60.85,42.1,73.25,0.0,112.0,0.0,513.0
1125,195,202.0,1.0,1.0,226.0,0.0,7,1,0,0,0,0,0,60.3688,41.6,72.75,0.0,112.0,0.0,513.0
1126,194,202.0,0.0,0.0,226.0,0.0,8,0,0,0,0,0,0,59.9063,41.1,72.25,0.0,112.0,0.0,513.0
1127,194,202.0,0.0,0.0,226.0,0.0,8,0,0,0,0,0,0,59.4438,40.6,71.75,0.0,112.0,0.0,513.0
1128,194,201.0,0.0,1.0,227.0,0.0,7,1,0,0,0,0,0,58.9813,40.1,71.25,0.0,112.0,0.0,513.0
1129,194,202.0,1.0,0.0,227.0,0.0,8,0,0,0,0,0,0,58.5375,39.6,70.75,0.0,112.0,0.0,513.0
1130,194,201.0,0.0,1.0,228.0,0.0,7,1,0,0,0,0,0,58.0938,39.1,70.25,0.0,112.0,0.0,513.0
1131,194,202.0,1.0,0.0,228.0,0.0,8,0,0,0,0,0,0,57.6688,38.6,69.75,0.0,112.0,0.0,513.0
1132,194,202.0,0.0,0.0,228.0,0.0,8,0,0,0,0,0,0,57.2438,38.1,69.25,0.0,112.0,0.0,513.0
1133,194,202.0,0.0,0.0,228.0,0.0,4,0,4,0,0,0,0,57.0125,37.6,68.75,0.0,112.0,4.0,517.0
1134,194,202.0,0.0,0.0,228.0,0.0,7,0,1,0,0,0,0,56.7375,37.1,68.25,2.0,114.0,3.0,520.0
1135,196,204.0,2.0,0.0,228.0,0.0,8,0,0,0,0,0,0,56.3125,36.6,67.75,0.0,114.0,0.0,520.0
1136,196,204.0,0.0,0.0,228.0,0.0,7,0,1,0,0,0,0,55.9125,36.1,67.25,0.0,114.0,1.0,521.0
1137,196,204.0,0.0,0.0,228.0,0.0,8,0,0,0,0,0,0,55.4688,35.6,66.75,0.0,114.0,0.0,521.0
1138,196,204.0,0.0,0.0,228.0,0.0,8,0,0,0,0,0,0,55.025,35.1,66.25,0.0,114.0,0.0,521.0
1139,197,205.0,1.0,0.0,228.0,0.0,8,0,0,0,0,0,0,54.5625,34.6,65.75,0.0,114.0,0.0,521.0
1140,197,205.0,0.0,0.0,228.0,0.0,8,0,0,0,0,0,0,54.1,34.1,65.25,0.0,114.0,0.0,521.0
1141,197,205.0,0.0,0.0,228.0,0.0,8,0,0,0,0,0,0,53.6375,33.6,64.75,0.0,114.0,0.0,521.0
1142,197,205.0,0.0,0.0,228.0,0.0,8,0,0,0,0,0,0,53.175,33.1,64.25,0.0,114.0,0.0,521.0
1143,198,206.0,1.0,0.0,228.0,0.0,8,0,0,0,0,0,0,52.7125,32.6,63.75,0.0,114.0,0.0,521.0
1144,198,206.0,0.0,0.0,228.0,0.0,8,0,0,0,0,0,0,52.25,32.1,63.25,0.0,114.0,0.0,521.0
1145,199,206.0,1.0,1.0,229.0,0.0,6,1,1,0,0,0,0,51.8313,31.6,62.75,0.0,114.0,1.0,522.0
1146,198,206.0,0.0,0.0,229.0,0.0,7,0,1,0,0,0,0,51.4938,31.1,62.25,1.0,115.0,2.0,524.0
1147,200,206.0,2.0,2.0,231.0,0.0,6,2,0,0,0,0,0,51.05,30.6,61.75,0.0,115.0,0.0,524.0
1148,198,206.0,0.0,0.0,231.0,0.0,8,0,0,0,0,0,0,50.6438,30.25,61.25,0.0,115.0,0.0,524.0
1149,198,206.0,0.0,0.0,231.0,0.0,8,0,0,0,0,0,0,50.2375,29.9,60.75,0.0,115.0,0.0,524.0
1150,198,206.0,0.0,0.0,231.0,0.0,6,0,2,0,0,0,0,49.9375,29.55,60.25,0.0,115.0,2.0,526.0
1151,198,205.0,0.0,1.0,232.0,0.0,6,1,1,0,0,0,0,49.6563,29.2,59.75,1.0,116.0,2.0,528.0
1152,197,205.0,0.0,0.0,232.0,0.0,8,0,0,0,0,0,0,49.2688,28.85,59.4,0.0,116.0,0.0,528.0
1153,197,205.0,0.0,0.0,232.0,0.0,7,0,1,0,0,0,0,48.9438,28.5,59.05,0.0,116.0,1.0,529.0
1154,197,205.0,0.0,0.0,232.0,0.0,8,0,0,0,0,0,0,48.5375,28.15,58.7,0.0,116.0,0.0,529.0
1155,199,206.0,2.0,1.0,233.0,0.0,7,1,0,0,0,0,0,48.0938,27.8,58.2,0.0,116.0,0.0,529.0
1156,198,206.0,0.0,0.0,233.0,0.0,8,0,0,0,0,0,0,47.65,27.45,57.7,0.0,116.0,0.0,529.0
1157,199,207.0,1.0,0.0,233.0,0.0,8,0,0,0,0,0,0,47.2063,27.1,57.2,0.0,116.0,0.0,529.0
1158,199,207.0,0.0,0.0,233.0,0.0,8,0,0,0,0,0,0,46.7625,26.75,56.7,0.0,116.0,0.0,529.0
1159,200,208.0,1.0,0.0,233.0,0.0,8,0,0,0,0,0,0,46.3188,26.4,56.2,0.0,116.0,0.0,529.0
1160,200,207.0,0.0,1.0,234.0,0.0,5,1,2,0,0,0,0,45.9813,26.05,55.7,0.0,116.0,2.0,531.0
1161,199,207.0,0.0,0.0,234.0,0.0,7,0,1,0,0,0,0,45.6625,25.7,55.35,1.0,117.0,2.0,533.0
1162,199,207.0,0.0,0.0,234.0,0.0,6,0,2,0,0,0,0,45.3438,25.35,55.15,0.0,117.0,2.0,535.0
1163,200,208.0,1.0,0.0,234.0,0.0,7,0,1,0,0,0,0,45.025,25.0,55.15,1.0,118.0,2.0,537.0
1164,200,208.0,0.0,0.0,234.0,0.0,8,0,0,0,0,0,0,44.6,24.65,54.8,0.0,118.0,0.0,537.0
1165,201,209.0,1.0,0.0,234.0,0.0,6,0,2,0,0,0,0,44.3,24.3,54.45,0.0,118.0,2.0,539.0
1166,201,209.0,0.0,0.0,234.0,0.0,6,0,2,0,0,0,0,44.0,23.95,54.1,0.0,118.0,2.0,541.0
1167,201,208.0,0.0,1.0,235.0,0.0,6,1,1,0,0,0,0,43.7,23.6,53.75,1.0,119.0,2.0,543.0
1168,200,208.0,0.0,0.0,235.0,0.0,8,0,0,0,0,0,0,43.2938,23.25,53.4,0.0,119.0,0.0,543.0
1169,200,208.0,0.0,0.0,235.0,0.0,8,0,0,0,0,0,0,42.8875,22.9,53.05,0.0,119.0,0.0,543.0
1170,200,207.0,0.0,1.0,236.0,0.0,6,1,1,0,0,0,0,42.5438,22.55,52.7,0.0,119.0,1.0,544.0
1171,202,210.0,3.0,0.0,236.0,0.0,6,0,2,0,0,0,0,42.2438,22.55,52.35,0.0,119.0,2.0,546.0
1172,202,210.0,0.0,0.0,236.0,0.0,7,0,1,0,0,0,0,41.9438,22.55,52.0,1.0,120.0,2.0,548.0
1173,202,210.0,0.0,0.0,236.0,0.0,8,0,0,0,0,0,0,41.5375,22.2,51.65,0.0,120.0,0.0,548.0
1174,202,210.0,0.0,0.0,236.0,0.0,8,0,0,0,0,0,0,41.1313,21.85,51.3,0.0,120.0,0.0,548.0
1175,203,210.0,1.0,1.0,237.0,0.0,7,1,0,0,0,0,0,40.725,21.5,50.95,0.0,120.0,0.0,548.0
1176,202,210.0,0.0,0.0,237.0,0.0,8,0,0,0,0,0,0,40.3188,21.15,50.45,0.0,120.0,0.0,548.0
1177,202,210.0,0.0,0.0,237.0,0.0,8,0,0,0,0,0,0,39.9125,20.8,49.95,0.0,120.0,0.0,548.0
1178,202,210.0,0.0,0.0,237.0,0.0,8,0,0,0,0,0,0,39.5063,20.45,49.45,0.0,120.0,0.0,548.0
1179,203,211.0,1.0,0.0,237.0,0.0,8,0,0,0,0,0,0,39.0813,20.1,49.05,0.0,120.0,0.0,548.0
1180,203,211.0,0.0,0.0,237.0,0.0,7,0,1,0,0,0,0,38.7,20.1,48.7,0.0,120.0,1.0,549.0
1181,203,210.0,0.0,1.0,238.0,0.0,5,1,2,0,0,0,0,38.3813,19.75,48.45,0.0,120.0,2.0,551.0
1182,202,209.0,0.0,1.0,239.0,0.0,5,1,2,0,0,0,0,38.125,19.75,48.0,1.0,121.0,3.0,554.0
1183,202,210.0,1.0,0.0,239.0,0.0,6,0,2,0,0,0,0,37.8063,19.4,47.95,0.0,121.0,2.0,556.0
1184,202,210.0,0.0,0.0,239.0,0.0,6,0,2,0,0,0,0,37.575,19.4,47.95,2.0,123.0,4.0,560.0
1185,204,211.0,2.0,1.0,240.0,0.0,7,1,0,0,0,0,0,37.1688,19.05,47.6,0.0,123.0,0.0,560.0
1186,203,211.0,0.0,0.0,240.0,0.0,7,0,1,0,0,0,0,36.85,19.05,47.6,0.0,123.0,1.0,561.0
1187,204,212.0,1.0,0.0,240.0,0.0,8,0,0,0,0,0,0,36.4875,19.05,47.25,1.0,124.0,1.0,562.0
1188,204,212.0,0.0,0.0,240.0,0.0,8,0,0,0,0,0,0,36.0813,18.7,46.9,0.0,124.0,0.0,562.0
1189,204,212.0,0.0,0.0,240.0,0.0,7,0,1,0,0,0,0,35.7375,18.35,46.55,0.0,124.0,1.0,563.0
1190,204,212.0,0.0,0.0,240.0,0.0,6,0,2,0,0,0,0,35.4188,18.0,46.2,0.0,124.0,2.0,565.0
1191,204,212.0,0.0,0.0,240.0,0.0,7,0,1,0,0,0,0,35.1,17.65,45.85,1.0,125.0,2.0,567.0
1192,204,211.0,0.0,1.0,241.0,0.0,7,1,0,0,0,0,0,34.675,17.15,45.5,0.0,125.0,0.0,567.0
1193,203,211.0,0.0,0.0,241.0,0.0,7,0,1,0,0,0,0,34.3125,16.65,45.15,0.0,125.0,1.0,568.0
1194,203,210.0,0.0,1.0,242.0,0.0,7,1,0,0,0,0,0,33.9063,16.15,44.8,0.0,125.0,0.0,568.0
1195,205,213.0,3.0,0.0,242.0,0.0,8,0,0,0,0,0,0,33.5188,15.65,44.45,0.0,125.0,0.0,568.0
1196,205,212.0,0.0,1.0,243.0,0.0,7,1,0,0,0,0,0,33.1313,15.15,44.1,0.0,125.0,0.0,568.0
1197,204,212.0,0.0,0.0,243.0,0.0,7,0,0,0,1,0,0,32.7438,14.65,43.75,0.0,125.0,0.0,568.0
1198,204,212.0,0.0,0.0,243.0,0.0,7,0,0,0,1,0,0,32.3563,14.3,43.4,0.0,125.0,0.0,568.0
1199,205,213.0,1.0,0.0,243.0,0.0,7,0,0,0,1,0,0,31.9688,13.95,43.05,0.0,125.0,0.0,568.0
1200,205,213.0,0.0,0.0,243.0,0.0,7,0,0,0,1,0,0,31.5813,13.6,42.7,0.0,125.0,0.0,568.0
1201,205,213.0,0.0,0.0,243.0,0.0,7,0,0,0,1,0,0,31.1938,13.25,42.35,0.0,125.0,0.0,568.0
1202,205,213.0,0.0,0.0,243.0,0.0,5,0,2,0,1,0,0,30.9125,12.9,42.0,0.0,125.0,2.0,570.0
1203,206,214.0,1.0,0.0,243.0,0.0,6,0,1,0,1,0,0,30.6125,12.55,41.65,1.0,126.0,2.0,572.0
1204,206,214.0,0.0,0.0,243.0,0.0,7,0,0,0,1,0,0,30.2063,12.2,41.3,0.0,126.0,0.0,572.0
1205,207,214.0,1.0,1.0,244.0,0.0,6,1,0,0,1,0,0,29.8,11.85,40.95,0.0,126.0,0.0,572.0
1206,206,214.0,0.0,0.0,244.0,0.0,6,0,1,0,1,0,0,29.475,11.5,40.6,0.0,126.0,1.0,573.0
1207,207,215.0,1.0,0.0,244.0,0.0,7,0,0,0,1,0,0,29.0875,11.15,40.25,0.0,126.0,0.0,573.0
1208,207,215.0,0.0,0.0,244.0,0.0,7,0,0,0,1,0,0,28.7,10.8,39.9,0.0,126.0,0.0,573.0
1209,207,215.0,0.0,0.0,244.0,0.0,6,0,1,0,1,0,0,28.3375,10.45,39.4,0.0,126.0,1.0,574.0
1210,207,215.0,0.0,0.0,244.0,0.0,6,0,1,1,0,0,0,28.0375,10.1,38.9,1.0,127.0,2.0,576.0
1211,208,215.0,1.0,1.0,245.0,0.0,6,1,0,1,0,0,0,28.78,19.09,38.4,0.0,127.0,0.0,576.0
1212,207,215.0,0.0,0.0,245.0,0.0,6,0,1,1,0,0,0,29.6038,19.6,37.9,0.0,127.0,1.0,577.0
1213,208,216.0,1.0,0.0,245.0,0.0,6,0,1,1,0,0,0,30.4525,19.6,37.4,1.0,128.0,2.0,579.0
1214,208,216.0,0.0,0.0,245.0,0.0,7,0,0,1,0,0,0,31.195,19.25,46.06,0.0,128.0,0.0,579.0
1215,209,217.0,1.0,0.0,245.0,0.0,6,0,1,1,0,0,0,31.9813,19.25,55.05,0.0,128.0,1.0,580.0
1216,209,217.0,0.0,0.0,245.0,0.0,7,0,0,1,0,0,0,32.7238,18.9,64.04,0.0,128.0,0.0,580.0
1217,209,217.0,0.0,0.0,245.0,0.0,7,0,0,1,0,0,0,33.4475,18.55,73.03,0.0,128.0,0.0,580.0
1218,209,217.0,0.0,0.0,245.0,0.0,7,0,0,1,0,0,0,34.1713,18.2,82.02,0.0,128.0,0.0,580.0
1219,211,218.0,2.0,1.0,246.0,0.0,4,1,2,1,0,0,0,35.02,17.85,91.01,0.0,128.0,2.0,582.0
1220,210,218.0,0.0,0.0,246.0,0.0,6,0,2,0,0,0,0,35.8875,17.5,99.65,1.0,129.0,3.0,585.0
1221,210,217.0,0.0,1.0,247.0,0.0,7,1,0,0,0,0,0,35.4625,17.15,99.3,0.0,129.0,0.0,585.0
1222,209,217.0,0.0,0.0,247.0,0.0,8,0,0,0,0,0,0,35.0563,16.8,98.95,0.0,129.0,0.0,585.0
1223,209,217.0,0.0,0.0,247.0,0.0,8,0,0,0,0,0,0,34.65,16.45,98.6,0.0,129.0,0.0,585.0
1224,209,217.0,0.0,0.0,247.0,0.0,8,0,0,0,0,0,0,34.2438,16.1,98.25,0.0,129.0,0.0,585.0
1225,210,218.0,1.0,0.0,247.0,0.0,8,0,0,0,0,0,0,33.8188,15.6,97.9,0.0,129.0,0.0,585.0
1226,210,216.0,0.0,2.0,249.0,0.0,6,2,0,0,0,0,0,33.375,15.1,97.55,0.0,129.0,0.0,585.0
1227,210,218.0,2.0,0.0,249.0,0.0,7,0,0,0,1,0,0,32.9688,14.6,97.2,0.0,129.0,0.0,585.0
1228,210,218.0,0.0,0.0,249.0,0.0,7,0,0,0,1,0,0,32.5625,14.25,96.85,0.0,129.0,0.0,585.0
1229,210,218.0,0.0,0.0,249.0,0.0,6,0,0,0,2,0,0,32.1563,13.9,96.5,0.0,129.0,0.0,585.0
1230,210,218.0,0.0,0.0,249.0,0.0,6,0,0,0,2,0,0,31.75,13.55,96.15,0.0,129.0,0.0,585.0
1231,211,219.0,1.0,0.0,249.0,0.0,6,0,0,0,2,0,0,31.3438,13.2,95.8,0.0,129.0,0.0,585.0
1232,211,219.0,0.0,0.0,249.0,0.0,6,0,0,0,2,0,0,30.9375,12.85,95.45,0.0,129.0,0.0,585.0
1233,211,219.0,0.0,0.0,249.0,0.0,5,0,2,0,1,0,0,30.6188,12.5,94.95,0.0,129.0,2.0,587.0
1234,211,218.0,0.0,1.0,250.0,0.0,3,1,3,0,1,0,0,30.3438,12.15,94.45,0.0,129.0,3.0,590.0
1235,213,220.0,2.0,0.0,250.0,0.0,5,0,1,0,2,0,0,30.0688,11.8,94.1,2.0,131.0,3.0,593.0
1236,213,220.0,0.0,0.0,250.0,0.0,5,0,0,0,3,0,0,29.6438,11.45,93.75,0.0,131.0,0.0,593.0
1237,213,220.0,0.0,0.0,250.0,0.0,5,0,0,0,3,0,0,29.2188,11.1,93.4,0.0,131.0,0.0,593.0
1238,213,220.0,0.0,0.0,250.0,0.0,4,0,1,0,3,0,0,28.8563,10.75,93.05,0.0,131.0,1.0,594.0
1239,213,220.0,0.0,0.0,250.0,0.0,3,0,2,0,3,0,0,28.5375,10.4,93.05,0.0,131.0,2.0,596.0
1240,213,220.0,0.0,0.0,250.0,0.0,4,0,1,0,3,0,0,28.2188,10.05,93.05,1.0,132.0,2.0,598.0
1241,214,220.0,1.0,1.0,251.0,0.0,4,1,0,0,3,0,0,27.7938,9.7,92.7,0.0,132.0,0.0,598.0
1242,214,220.0,0.0,0.0,251.0,0.0,5,0,0,0,3,0,0,27.3875,9.35,92.35,0.0,132.0,0.0,598.0
1243,216,222.0,2.0,0.0,251.0,0.0,5,0,0,0,3,0,0,26.9813,9.0,92.0,0.0,132.0,0.0,598.0
1244,216,221.0,0.0,1.0,252.0,0.0,4,1,0,0,3,0,0,26.575,8.65,91.65,0.0,132.0,0.0,598.0
1245,216,221.0,1.0,1.0,253.0,0.0,4,1,0,0,3,0,0,26.1875,8.3,91.3,0.0,132.0,0.0,598.0
1246,215,221.0,0.0,0.0,253.0,0.0,5,0,0,0,3,0,0,25.8188,7.95,90.95,0.0,132.0,0.0,598.0
1247,215,221.0,0.0,0.0,253.0,0.0,5,0,0,0,3,0,0,25.45,7.6,90.6,0.0,132.0,0.0,598.0
1248,215,221.0,0.0,0.0,253.0,0.0,5,0,0,1,2,0,0,25.0813,7.25,90.25,0.0,132.0,0.0,598.0
1249,215,221.0,0.0,0.0,253.0,0.0,5,0,0,1,2,0,0,25.8969,8.75,89.75,0.0,132.0,0.0,598.0
1250,215,221.0,0.0,0.0,253.0,0.0,5,0,0,1,2,0,0,26.7125,8.4,89.25,0.0,132.0,0.0,598.0
1251,216,222.0,1.0,0.0,253.0,0.0,5,0,0,1,2,0,0,27.5281,8.05,88.75,0.0,132.0,0.0,598.0
1252,216,222.0,0.0,0.0,253.0,0.0,5,0,0,1,2,0,0,28.3438,7.7,88.25,0.0,132.0,0.0,598.0
1253,216,221.0,0.0,1.0,254.0,0.0,4,1,0,1,2,0,0,29.1594,7.35,87.75,0.0,132.0,0.0,598.0
1254,216,221.0,0.0,0.0,254.0,0.0,4,0,0,1,3,0,0,29.9938,7.0,87.25,0.0,132.0,0.0,598.0
1255,219,224.0,3.0,0.0,254.0,0.0,3,0,1,1,3,0,0,30.8719,6.65,86.75,0.0,132.0,1.0,599.0
1256,219,224.0,0.0,0.0,254.0,0.0,4,0,0,1,3,0,0,31.6875,6.3,86.25,0.0,132.0,0.0,599.0
1257,219,224.0,0.0,0.0,254.0,0.0,2,0,2,1,3,0,0,32.5906,5.95,90.725,0.0,132.0,2.0,601.0
1258,218,224.0,0.0,0.0,254.0,0.0,4,0,1,0,3,0,0,33.45,5.6,99.65,1.0,133.0,2.0,603.0
1259,219,225.0,1.0,0.0,254.0,0.0,5,0,0,0,3,0,0,33.0438,5.25,99.3,0.0,133.0,0.0,603.0
1260,219,225.0,0.0,0.0,254.0,0.0,4,0,0,0,4,0,0,32.6375,4.9,98.95,0.0,133.0,0.0,603.0
1261,219,225.0,0.0,0.0,254.0,0.0,3,0,1,1,3,0,0,32.3125,4.55,98.6,0.0,133.0,1.0,604.0
1262,219,225.0,0.0,0.0,254.0,0.0,4,0,0,1,3,0,0,33.0838,4.2,98.25,0.0,133.0,0.0,604.0
1263,219,225.0,0.0,0.0,254.0,0.0,4,0,0,1,3,0,0,33.855,3.85,97.9,0.0,133.0,0.0,604.0
1264,219,225.0,0.0,0.0,254.0,0.0,3,0,1,1,3,0,0,34.6888,3.5,97.55,0.0,133.0,1.0,605.0
1265,220,226.0,1.0,0.0,254.0,0.0,4,0,0,1,3,0,0,35.46,3.15,97.2,0.0,133.0,0.0,605.0
1266,220,226.0,0.0,0.0,254.0,0.0,3,0,0,1,3,1,0,36.2313,2.8,96.85,0.0,133.0,0.0,605.0
1267,222,228.0,2.0,0.0,254.0,0.0,2,0,0,2,2,2,0,37.065,2.45,96.5,0.0,133.0,0.0,605.0
1268,222,228.0,0.0,0.0,254.0,0.0,2,0,1,2,1,2,0,39.2681,9.75,96.15,0.0,133.0,1.0,606.0
1269,223,229.0,1.0,0.0,254.0,0.0,2,0,0,2,2,2,0,41.4713,9.75,95.8,1.0,134.0,1.0,607.0
1270,223,229.0,0.0,0.0,254.0,0.0,2,0,0,2,2,2,0,43.6306,9.4,95.45,0.0,134.0,0.0,607.0
1271,223,229.0,0.0,0.0,254.0,0.0,3,0,0,1,3,1,0,45.7025,9.05,99.65,0.0,134.0,0.0,607.0
1272,223,229.0,0.0,0.0,254.0,0.0,3,0,1,1,2,1,0,46.6844,9.05,99.3,0.0,134.0,1.0,608.0
1273,223,229.0,0.0,0.0,254.0,0.0,3,0,0,1,3,1,0,47.6225,8.7,98.95,0.0,134.0,0.0,608.0
1274,223,229.0,0.0,0.0,254.0,0.0,3,0,0,1,3,1,0,48.5606,8.35,98.6,0.0,134.0,0.0,608.0
1275,225,231.0,2.0,0.0,254.0,0.0,3,0,0,1,3,1,0,49.4988,8.0,98.25,0.0,134.0,0.0,608.0
1276,225,230.0,0.0,1.0,255.0,0.0,2,1,0,1,3,1,0,50.4369,7.65,97.9,0.0,134.0,0.0,608.0
1277,225,230.0,0.0,0.0,255.0,0.0,4,0,0,0,4,0,0,51.3063,7.3,99.65,0.0,134.0,0.0,608.0
1278,225,230.0,0.0,0.0,255.0,0.0,4,0,0,0,4,0,0,50.9375,6.95,99.3,0.0,134.0,0.0,608.0
1279,226,231.0,1.0,0.0,255.0,0.0,4,0,0,0,4,0,0,50.5688,6.6,98.95,0.0,134.0,0.0,608.0
1280,226,231.0,0.0,0.0,255.0,0.0,4,0,0,0,4,0,0,50.2,6.25,98.6,0.0,134.0,0.0,608.0
1281,226,231.0,0.0,0.0,255.0,0.0,4,0,1,0,3,0,0,49.875,5.9,98.25,0.0,134.0,1.0,609.0
1282,226,231.0,0.0,0.0,255.0,0.0,4,0,0,0,4,0,0,49.55,5.55,97.9,1.0,135.0,1.0,610.0
1283,228,233.0,2.0,0.0,255.0,0.0,4,0,0,0,4,0,0,49.1813,5.2,97.55,0.0,135.0,0.0,610.0
1284,228,233.0,0.0,0.0,255.0,0.0,4,0,0,1,3,0,0,48.7938,4.85,97.2,0.0,135.0,0.0,610.0
1285,229,233.0,1.0,1.0,256.0,0.0,3,1,0,1,3,0,0,49.62,4.5,96.85,0.0,135.0,0.0,610.0
1286,229,233.0,0.0,0.0,256.0,0.0,4,0,0,1,3,0,0,50.465,4.15,96.5,0.0,135.0,0.0,610.0
1287,229,233.0,0.0,0.0,256.0,0.0,4,0,0,1,3,0,0,51.31,3.8,96.15,0.0,135.0,0.0,610.0
1288,229,233.0,0.0,0.0,256.0,0.0,4,0,0,1,3,0,0,52.155,3.45,95.8,0.0,135.0,0.0,610.0
1289,229,233.0,0.0,0.0,256.0,0.0,4,0,0,1,3,0,0,53.0,3.1,95.45,0.0,135.0,0.0,610.0
1290,229,233.0,0.0,0.0,256.0,0.0,3,0,1,1,3,0,0,53.9075,2.75,95.1,0.0,135.0,1.0,611.0
1291,231,235.0,2.0,0.0,256.0,0.0,4,0,0,1,3,0,0,54.7525,2.4,94.75,0.0,135.0,0.0,611.0
1292,231,234.0,0.0,1.0,257.0,0.0,3,1,0,1,3,0,0,55.5975,2.05,94.4,0.0,135.0,0.0,611.0
1293,230,234.0,0.0,0.0,257.0,0.0,4,0,0,1,3,0,0,56.4613,1.7,94.05,0.0,135.0,0.0,611.0
1294,229,234.0,0.0,0.0,257.0,0.0,5,0,0,0,3,0,0,57.2625,1.35,99.65,0.0,135.0,0.0,611.0
1295,230,235.0,1.0,0.0,257.0,0.0,5,0,0,1,2,0,0,56.8938,1.0,99.3,0.0,135.0,0.0,611.0
1296,230,235.0,0.0,0.0,257.0,0.0,5,0,0,1,2,0,0,57.7425,0.65,98.95,0.0,135.0,0.0,611.0
1297,231,236.0,1.0,0.0,257.0,0.0,5,0,0,1,2,0,0,58.5913,0.3,98.6,0.0,135.0,0.0,611.0
1298,231,236.0,0.0,0.0,257.0,0.0,5,0,0,2,1,0,0,59.4463,0.0,98.25,0.0,135.0,0.0,611.0
1299,232,237.0,1.0,0.0,257.0,0.0,5,0,1,2,0,0,0,61.6325,7.65,97.9,0.0,135.0,1.0,612.0
1300,232,237.0,0.0,0.0,257.0,0.0,5,0,0,2,1,0,0,63.8188,7.65,97.55,1.0,136.0,1.0,613.0
1301,232,237.0,0.0,0.0,257.0,0.0,5,0,0,2,1,0,0,65.9613,7.3,97.2,0.0,136.0,0.0,613.0
1302,232,237.0,0.0,0.0,257.0,0.0,5,0,0,2,1,0,0,68.1038,6.95,96.85,0.0,136.0,0.0,613.0
1303,233,238.0,1.0,0.0,257.0,0.0,5,0,0,2,1,0,0,70.2463,6.6,96.5,0.0,136.0,0.0,613.0
1304,233,237.0,0.0,1.0,258.0,0.0,4,1,0,3,0,0,0,72.3513,6.25,96.15,0.0,136.0,0.0,613.0
1305,232,238.0,1.0,0.0,258.0,0.0,6,0,0,2,0,0,0,75.6469,15.625,99.65,0.0,136.0,0.0,613.0
1306,232,238.0,0.0,0.0,258.0,0.0,6,0,0,2,0,0,0,77.7688,25.0,99.3,0.0,136.0,0.0,613.0
1307,233,239.0,1.0,0.0,258.0,0.0,6,0,0,2,0,0,0,79.8719,34.375,98.95,0.0,136.0,0.0,613.0
1308,232,238.0,0.0,1.0,259.0,0.0,6,1,0,1,0,0,0,81.9313,43.75,99.65,0.0,136.0,0.0,613.0
1309,231,238.0,0.0,0.0,259.0,0.0,7,0,0,1,0,0,0,82.7594,53.125,99.3,0.0,136.0,0.0,613.0
1310,231,238.0,0.0,0.0,259.0,0.0,7,0,0,1,0,0,0,83.5875,62.5,98.95,0.0,136.0,0.0,613.0
1311,232,239.0,1.0,0.0,259.0,0.0,7,0,0,1,0,0,0,84.4156,62.95,98.6,0.0,136.0,0.0,613.0
1312,232,239.0,0.0,0.0,259.0,0.0,7,0,0,1,0,0,0,85.2438,62.6,98.25,0.0,136.0,0.0,613.0
1313,232,239.0,0.0,0.0,259.0,0.0,7,0,0,1,0,0,0,86.0719,62.25,97.9,0.0,136.0,0.0,613.0
1314,231,239.0,0.0,0.0,259.0,0.0,8,0,0,0,0,0,0,86.8375,61.9,99.65,0.0,136.0,0.0,613.0
1315,234,242.0,3.0,0.0,259.0,0.0,8,0,0,0,0,0,0,86.4313,61.55,99.3,0.0,136.0,0.0,613.0
1316,234,241.0,0.0,1.0,260.0,0.0,7,1,0,0,0,0,0,86.0063,61.05,98.95,0.0,136.0,0.0,613.0
1317,233,241.0,0.0,0.0,260.0,0.0,8,0,0,0,0,0,0,85.6,60.55,98.6,0.0,136.0,0.0,613.0
1318,233,241.0,0.0,0.0,260.0,0.0,8,0,0,0,0,0,0,85.175,60.05,98.25,0.0,136.0,0.0,613.0
1319,233,241.0,0.0,0.0,260.0,0.0,8,0,0,0,0,0,0,84.75,59.55,97.9,0.0,136.0,0.0,613.0
1320,233,241.0,0.0,0.0,260.0,0.0,8,0,0,0,0,0,0,84.325,59.05,97.55,0.0,136.0,0.0,613.0
1321,233,241.0,0.0,0.0,260.0,0.0,8,0,0,0,0,0,0,83.9,58.55,97.2,0.0,136.0,0.0,613.0
1322,233,241.0,0.0,0.0,260.0,0.0,8,0,0,0,0,0,0,83.475,58.05,96.85,0.0,136.0,0.0,613.0
1323,234,242.0,1.0,0.0,260.0,0.0,8,0,0,0,0,0,0,83.05,57.55,96.5,0.0,136.0,0.0,613.0
1324,234,240.0,0.0,2.0,262.0,0.0,6,2,0,0,0,0,0,82.6063,57.05,96.15,0.0,136.0,0.0,613.0
1325,234,242.0,2.0,0.0,262.0,0.0,8,0,0,0,0,0,0,82.2,56.55,95.8,0.0,136.0,0.0,613.0
1326,234,242.0,0.0,0.0,262.0,0.0,6,0,2,0,0,0,0,81.9188,56.05,95.45,0.0,136.0,2.0,615.0
1327,235,243.0,1.0,0.0,262.0,0.0,7,0,1,0,0,0,0,81.6188,55.55,95.1,1.0,137.0,2.0,617.0
1328,235,243.0,0.0,0.0,262.0,0.0,8,0,0,0,0,0,0,81.1938,55.05,94.75,0.0,137.0,0.0,617.0
1329,235,243.0,0.0,0.0,262.0,0.0,8,0,0,0,0,0,0,80.7688,54.55,94.4,0.0,137.0,0.0,617.0
1330,235,242.0,0.0,1.0,263.0,0.0,7,1,0,0,0,0,0,80.3438,54.05,94.05,0.0,137.0,0.0,617.0
1331,235,243.0,1.0,0.0,263.0,0.0,7,0,1,0,0,0,0,79.9813,53.7,93.7,0.0,137.0,1.0,618.0
1332,235,243.0,0.0,0.0,263.0,0.0,8,0,0,0,0,0,0,79.575,53.35,93.35,0.0,137.0,0.0,618.0
1333,235,243.0,0.0,0.0,263.0,0.0,8,0,0,0,0,0,0,79.15,53.0,93.0,0.0,137.0,0.0,618.0
1334,235,243.0,0.0,0.0,263.0,0.0,8,0,0,0,0,0,0,78.725,52.65,92.65,0.0,137.0,0.0,618.0
1335,236,244.0,1.0,0.0,263.0,0.0,8,0,0,0,0,0,0,78.3,52.3,92.3,0.0,137.0,0.0,618.0
1336,236,243.0,0.0,1.0,264.0,0.0,5,1,2,0,0,0,0,77.9625,52.3,91.95,0.0,137.0,2.0,620.0
1337,235,243.0,0.0,0.0,264.0,0.0,7,0,1,0,0,0,0,77.6063,52.3,91.45,1.0,138.0,2.0,622.0
1338,235,243.0,0.0,0.0,264.0,0.0,8,0,0,0,0,0,0,77.125,51.95,90.95,0.0,138.0,0.0,622.0
1339,238,246.0,3.0,0.0,264.0,0.0,8,0,0,0,0,0,0,76.6438,51.6,90.45,0.0,138.0,0.0,622.0
1340,238,246.0,0.0,0.0,264.0,0.0,6,0,2,0,0,0,0,76.2688,51.6,89.95,0.0,138.0,2.0,624.0
1341,238,246.0,0.0,0.0,264.0,0.0,7,0,1,0,0,0,0,75.8938,51.6,89.45,1.0,139.0,2.0,626.0
1342,238,246.0,0.0,0.0,264.0,0.0,8,0,0,0,0,0,0,75.4125,51.25,88.95,0.0,139.0,0.0,626.0
1343,238,245.0,0.0,1.0,265.0,0.0,6,1,1,0,0,0,0,74.975,51.25,88.45,0.0,139.0,1.0,627.0
1344,237,243.0,0.0,2.0,267.0,0.0,6,2,0,0,0,0,0,74.5125,50.9,87.95,0.0,139.0,0.0,627.0
1345,236,244.0,1.0,0.0,267.0,0.0,8,0,0,0,0,0,0,74.0875,50.55,87.45,0.0,139.0,0.0,627.0
1346,236,243.0,0.0,1.0,268.0,0.0,7,1,0,0,0,0,0,73.6625,50.2,86.95,0.0,139.0,0.0,627.0
1347,236,244.0,1.0,0.0,268.0,0.0,8,0,0,0,0,0,0,73.2563,49.85,86.45,0.0,139.0,0.0,627.0
1348,236,244.0,0.0,0.0,268.0,0.0,8,0,0,0,0,0,0,72.85,49.5,85.95,0.0,139.0,0.0,627.0
1349,236,244.0,0.0,0.0,268.0,0.0,8,0,0,0,0,0,0,72.4438,49.15,85.45,0.0,139.0,0.0,627.0
1350,236,244.0,0.0,0.0,268.0,0.0,6,0,2,0,0,0,0,72.1438,49.15,84.95,0.0,139.0,2.0,629.0
1351,237,244.0,1.0,1.0,269.0,0.0,6,1,1,0,0,0,0,71.8438,49.15,84.45,1.0,140.0,2.0,631.0
1352,236,244.0,0.0,0.0,269.0,0.0,8,0,0,0,0,0,0,71.4563,48.8,83.95,0.0,140.0,0.0,631.0
1353,237,245.0,1.0,0.0,269.0,0.0,5,0,3,0,0,0,0,71.2375,48.45,83.95,0.0,140.0,3.0,634.0
1354,237,245.0,0.0,0.0,269.0,0.0,7,0,1,0,0,0,0,70.9563,48.1,83.95,1.0,141.0,2.0,636.0
1355,239,247.0,2.0,0.0,269.0,0.0,8,0,0,0,0,0,0,70.5688,47.75,83.45,0.0,141.0,0.0,636.0
1356,239,247.0,0.0,0.0,269.0,0.0,7,0,1,0,0,0,0,70.225,47.4,82.95,0.0,141.0,1.0,637.0
1357,239,247.0,0.0,0.0,269.0,0.0,8,0,0,0,0,0,0,69.8375,47.05,82.45,0.0,141.0,0.0,637.0
1358,239,247.0,0.0,0.0,269.0,0.0,8,0,0,0,0,0,0,69.45,46.7,81.95,0.0,141.0,0.0,637.0
1359,239,247.0,0.0,0.0,269.0,0.0,7,0,1,0,0,0,0,69.1063,46.35,81.45,0.0,141.0,1.0,638.0
1360,239,246.0,0.0,1.0,270.0,0.0,7,1,0,0,0,0,0,68.7,46.0,80.95,0.0,141.0,0.0,638.0
1361,238,246.0,0.0,0.0,270.0,0.0,8,0,0,0,0,0,0,68.3125,45.65,80.45,0.0,141.0,0.0,638.0
1362,238,246.0,0.0,0.0,270.0,0.0,8,0,0,0,0,0,0,67.925,45.3,79.95,0.0,141.0,0.0,638.0
1363,240,248.0,2.0,0.0,270.0,0.0,8,0,0,0,0,0,0,67.5188,44.95,79.45,0.0,141.0,0.0,638.0
1364,240,248.0,0.0,0.0,270.0,0.0,8,0,0,0,0,0,0,67.0938,44.6,78.95,0.0,141.0,0.0,638.0
1365,241,249.0,1.0,0.0,270.0,0.0,6,0,2,0,0,0,0,66.775,44.6,78.95,0.0,141.0,2.0,640.0
1366,241,249.0,0.0,0.0,270.0,0.0,7,0,1,0,0,0,0,66.4375,44.6,78.95,1.0,142.0,2.0,642.0
1367,242,250.0,1.0,0.0,270.0,0.0,8,0,0,0,0,0,0,65.9938,44.25,78.45,0.0,142.0,0.0,642.0
1368,242,250.0,0.0,0.0,270.0,0.0,8,0,0,0,0,0,0,65.55,43.9,77.95,0.0,142.0,0.0,642.0
1369,242,250.0,0.0,0.0,270.0,0.0,7,0,1,0,0,0,0,65.1688,43.55,77.45,0.0,142.0,1.0,643.0
1370,242,250.0,0.0,0.0,270.0,0.0,8,0,0,0,0,0,0,64.725,43.2,76.95,0.0,142.0,0.0,643.0
1371,243,251.0,1.0,0.0,270.0,0.0,8,0,0,0,0,0,0,64.2625,42.85,76.45,0.0,142.0,0.0,643.0
1372,243,248.0,0.0,3.0,273.0,0.0,4,3,1,0,0,0,0,63.8625,42.5,75.95,0.0,142.0,1.0,644.0
1373,240,248.0,0.0,0.0,273.0,0.0,6,0,2,0,0,0,0,63.5813,42.15,75.6,0.0,142.0,2.0,646.0
1374,240,247.0,0.0,1.0,274.0,0.0,6,1,1,0,0,0,0,63.3,41.8,75.25,1.0,143.0,2.0,648.0
1375,241,249.0,2.0,0.0,274.0,0.0,8,0,0,0,0,0,0,62.9125,41.45,74.9,0.0,143.0,0.0,648.0
1376,241,249.0,0.0,0.0,274.0,0.0,8,0,0,0,0,0,0,62.525,41.1,74.55,0.0,143.0,0.0,648.0
1377,241,249.0,0.0,0.0,274.0,0.0,8,0,0,0,0,0,0,62.1188,40.75,74.2,0.0,143.0,0.0,648.0
1378,241,249.0,0.0,0.0,274.0,0.0,8,0,0,0,0,0,0,61.7125,40.4,73.85,0.0,143.0,0.0,648.0
1379,242,250.0,1.0,0.0,274.0,0.0,7,0,1,0,0,0,0,61.35,40.05,73.85,0.0,143.0,1.0,649.0
1380,242,250.0,0.0,0.0,274.0,0.0,6,0,2,0,0,0,0,61.05,39.7,73.85,0.0,143.0,2.0,651.0
1381,243,251.0,1.0,0.0,274.0,0.0,5,0,3,0,0,0,0,60.8563,39.35,73.85,1.0,144.0,4.0,655.0
1382,243,251.0,0.0,0.0,274.0,0.0,6,0,2,0,0,0,0,60.5563,39.0,73.5,1.0,145.0,2.0,657.0
1383,243,251.0,0.0,0.0,274.0,0.0,7,0,1,0,0,0,0,60.3,38.65,73.5,1.0,146.0,2.0,659.0
1384,243,251.0,0.0,0.0,274.0,0.0,7,0,1,0,0,0,0,60.0,38.3,73.5,0.0,146.0,1.0,660.0
1385,244,252.0,1.0,0.0,274.0,0.0,7,0,1,0,0,0,0,59.7,37.95,73.5,0.0,146.0,1.0,661.0
1386,244,252.0,0.0,0.0,274.0,0.0,6,0,2,0,0,0,0,59.4,37.6,73.15,0.0,146.0,2.0,663.0
1387,246,254.0,2.0,0.0,274.0,0.0,8,0,0,0,0,0,0,58.9938,37.25,72.8,0.0,146.0,0.0,663.0
1388,246,253.0,0.0,1.0,275.0,0.0,7,1,0,0,0,0,0,58.5875,36.9,72.45,0.0,146.0,0.0,663.0
1389,245,253.0,0.0,0.0,275.0,0.0,5,0,3,0,0,0,0,58.3125,36.4,72.1,0.0,146.0,3.0,666.0
1390,245,252.0,0.0,1.0,276.0,0.0,5,1,2,0,0,0,0,58.0813,35.9,71.75,2.0,148.0,4.0,670.0
1391,244,252.0,0.0,0.0,276.0,0.0,8,0,0,0,0,0,0,57.675,35.4,71.4,0.0,148.0,0.0,670.0
1392,244,252.0,0.0,0.0,276.0,0.0,6,0,2,0,0,0,0,57.375,34.9,71.05,0.0,148.0,2.0,672.0
1393,244,252.0,0.0,0.0,276.0,0.0,8,0,0,0,0,0,0,56.95,34.4,70.7,0.0,148.0,0.0,672.0
1394,244,252.0,0.0,0.0,276.0,0.0,8,0,0,0,0,0,0,56.525,33.9,70.35,0.0,148.0,0.0,672.0
1395,247,253.0,3.0,2.0,278.0,0.0,6,2,0,0,0,0,0,56.1,33.4,70.0,0.0,148.0,0.0,672.0
1396,245,253.0,0.0,0.0,278.0,0.0,8,0,0,0,0,0,0,55.7125,33.05,69.65,0.0,148.0,0.0,672.0
1397,245,253.0,0.0,0.0,278.0,0.0,8,0,0,0,0,0,0,55.3063,32.7,69.15,0.0,148.0,0.0,672.0
1398,245,253.0,0.0,0.0,278.0,0.0,8,0,0,0,0,0,0,54.9,32.35,68.65,0.0,148.0,0.0,672.0
1399,246,254.0,1.0,0.0,278.0,0.0,6,0,2,0,0,0,0,54.6,32.0,68.65,0.0,148.0,2.0,674.0
1400,246,254.0,0.0,0.0,278.0,0.0,7,0,1,0,0,0,0,54.3,31.65,68.65,1.0,149.0,2.0,676.0
1401,246,254.0,0.0,0.0,278.0,0.0,8,0,0,0,0,0,0,53.8938,31.3,68.15,0.0,149.0,0.0,676.0
1402,246,254.0,0.0,0.0,278.0,0.0,8,0,0,0,0,0,0,53.4688,30.95,67.65,0.0,149.0,0.0,676.0
1403,247,255.0,1.0,0.0,278.0,0.0,8,0,0,0,0,0,0,53.0063,30.45,67.15,0.0,149.0,0.0,676.0
1404,247,255.0,0.0,0.0,278.0,0.0,8,0,0,0,0,0,0,52.5438,29.95,66.65,0.0,149.0,0.0,676.0
1405,248,255.0,1.0,1.0,279.0,0.0,7,1,0,0,0,0,0,52.0813,29.45,66.15,0.0,149.0,0.0,676.0
1406,247,255.0,0.0,0.0,279.0,0.0,6,0,2,0,0,0,0,51.7625,29.45,66.15,0.0,149.0,2.0,678.0
1407,247,255.0,0.0,0.0,279.0,0.0,7,0,1,0,0,0,0,51.4438,29.45,66.15,1.0,150.0,2.0,680.0
1408,247,254.0,0.0,1.0,280.0,0.0,7,1,0,0,0,0,0,50.9813,28.95,65.65,0.0,150.0,0.0,680.0
1409,247,254.0,1.0,1.0,281.0,0.0,7,1,0,0,0,0,0,50.5375,28.45,65.15,0.0,150.0,0.0,680.0
1410,246,254.0,0.0,0.0,281.0,0.0,8,0,0,0,0,0,0,50.1125,27.95,64.65,0.0,150.0,0.0,680.0
1411,248,256.0,2.0,0.0,281.0,0.0,8,0,0,0,0,0,0,49.6688,27.45,64.15,0.0,150.0,0.0,680.0
1412,248,256.0,0.0,0.0,281.0,0.0,7,0,1,0,0,0,0,49.2875,26.95,63.65,0.0,150.0,1.0,681.0
1413,248,256.0,0.0,0.0,281.0,0.0,7,0,1,0,0,0,0,48.95,26.45,63.15,1.0,151.0,2.0,683.0
1414,248,256.0,0.0,0.0,281.0,0.0,7,0,1,0,0,0,0,48.5688,26.45,62.65,0.0,151.0,1.0,684.0
1415,249,257.0,1.0,0.0,281.0,0.0,6,0,2,0,0,0,0,48.2313,26.45,62.15,0.0,151.0,2.0,686.0
1416,249,256.0,0.0,1.0,282.0,0.0,7,1,0,0,0,0,0,47.7875,25.95,61.65,0.0,151.0,0.0,686.0
1417,248,256.0,0.0,0.0,282.0,0.0,6,0,2,0,0,0,0,47.45,25.95,61.15,0.0,151.0,2.0,688.0
1418,248,256.0,0.0,0.0,282.0,0.0,7,0,1,0,0,0,0,47.1125,25.95,60.65,1.0,152.0,2.0,690.0
1419,249,257.0,1.0,0.0,282.0,0.0,8,0,0,0,0,0,0,46.65,25.45,60.15,0.0,152.0,0.0,690.0
1420,249,257.0,0.0,0.0,282.0,0.0,7,0,1,0,0,0,0,46.3125,25.45,59.65,0.0,152.0,1.0,691.0
1421,249,257.0,0.0,0.0,282.0,0.0,8,0,0,0,0,0,0,45.85,24.95,59.15,0.0,152.0,0.0,691.0
1422,249,257.0,0.0,0.0,282.0,0.0,8,0,0,0,0,0,0,45.3688,24.45,58.65,0.0,152.0,0.0,691.0
1423,251,257.0,2.0,2.0,284.0,0.0,6,2,0,0,0,0,0,44.8875,23.95,58.15,0.0,152.0,0.0,691.0
1424,249,256.0,0.0,1.0,285.0,0.0,7,1,0,0,0,0,0,44.4438,23.6,57.8,0.0,152.0,0.0,691.0
1425,249,257.0,1.0,0.0,285.0,0.0,8,0,0,0,0,0,0,44.0188,23.25,57.45,0.0,152.0,0.0,691.0
1426,249,257.0,0.0,0.0,285.0,0.0,8,0,0,0,0,0,0,43.5938,22.9,57.1,0.0,152.0,0.0,691.0
1427,250,257.0,1.0,1.0,286.0,0.0,7,1,0,0,0,0,0,43.15,22.55,56.6,0.0,152.0,0.0,691.0
1428,249,257.0,0.0,0.0,286.0,0.0,8,0,0,0,0,0,0,42.725,22.2,56.1,0.0,152.0,0.0,691.0
1429,249,256.0,0.0,1.0,287.0,0.0,7,1,0,0,0,0,0,42.3,21.85,55.6,0.0,152.0,0.0,691.0
1430,248,256.0,0.0,0.0,287.0,0.0,7,0,1,0,0,0,0,41.9375,21.5,55.1,0.0,152.0,1.0,692.0
1431,248,256.0,0.0,0.0,287.0,0.0,6,0,2,0,0,0,0,41.6375,21.5,54.6,0.0,152.0,2.0,694.0
1432,248,256.0,0.0,0.0,287.0,0.0,7,0,1,0,0,0,0,41.3188,21.5,54.1,1.0,153.0,2.0,696.0
1433,248,256.0,0.0,0.0,287.0,0.0,8,0,0,0,0,0,0,40.8938,21.15,53.6,0.0,153.0,0.0,696.0
1434,248,256.0,0.0,0.0,287.0,0.0,8,0,0,0,0,0,0,40.4688,20.8,53.1,0.0,153.0,0.0,696.0
1435,251,258.0,3.0,1.0,288.0,0.0,7,1,0,0,0,0,0,40.0438,20.45,52.6,0.0,153.0,0.0,696.0
1436,250,258.0,0.0,0.0,288.0,0.0,8,0,0,0,0,0,0,39.6375,20.1,52.1,0.0,153.0,0.0,696.0
1437,251,259.0,1.0,0.0,288.0,0.0,8,0,0,0,0,0,0,39.2125,19.6,51.6,0.0,153.0,0.0,696.0
1438,251,258.0,0.0,1.0,289.0,0.0,7,1,0,0,0,0,0,38.7875,19.1,51.1,0.0,153.0,0.0,696.0
1439,250,258.0,0.0,0.0,289.0,0.0,8,0,0,0,0,0,0,38.3625,18.6,50.6,0.0,153.0,0.0,696.0
1440,250,258.0,0.0,0.0,289.0,0.0,7,0,1,0,0,0,0,37.9813,18.1,50.1,0.0,153.0,1.0,697.0
1441,250,256.0,0.0,2.0,291.0,0.0,5,2,1,0,0,0,0,37.6625,17.6,49.6,1.0,154.0,2.0,699.0
1442,248,256.0,0.0,0.0,291.0,0.0,8,0,0,0,0,0,0,37.275,17.25,49.25,0.0,154.0,0.0,699.0
1443,249,257.0,1.0,0.0,291.0,0.0,7,0,1,0,0,0,0,36.95,16.9,48.9,0.0,154.0,1.0,700.0
1444,249,257.0,0.0,0.0,291.0,0.0,8,0,0,0,0,0,0,36.5438,16.55,48.55,0.0,154.0,0.0,700.0
1445,250,258.0,1.0,0.0,291.0,0.0,8,0,0,0,0,0,0,36.1375,16.2,48.2,0.0,154.0,0.0,700.0
1446,250,258.0,0.0,0.0,291.0,0.0,8,0,0,0,0,0,0,35.7125,15.85,47.85,0.0,154.0,0.0,700.0
1447,251,259.0,1.0,0.0,291.0,0.0,8,0,0,0,0,0,0,35.2875,15.5,47.5,0.0,154.0,0.0,700.0
1448,251,259.0,0.0,0.0,291.0,0.0,8,0,0,0,0,0,0,34.8438,15.0,47.15,0.0,154.0,0.0,700.0
1449,251,259.0,0.0,0.0,291.0,0.0,7,0,0,0,1,0,0,34.3813,14.5,46.8,0.0,154.0,0.0,700.0
1450,251,259.0,0.0,0.0,291.0,0.0,7,0,0,0,1,0,0,33.9375,14.15,46.45,0.0,154.0,0.0,700.0
1451,253,261.0,2.0,0.0,291.0,0.0,7,0,0,0,1,0,0,33.4938,13.8,46.1,0.0,154.0,0.0,700.0
1452,253,261.0,0.0,0.0,291.0,0.0,7,0,0,0,1,0,0,33.05,13.45,45.75,0.0,154.0,0.0,700.0
1453,253,261.0,0.0,0.0,291.0,0.0,6,0,1,0,1,0,0,32.6688,13.1,45.4,0.0,154.0,1.0,701.0
1454,253,260.0,0.0,1.0,292.0,0.0,5,1,1,0,1,0,0,32.2875,12.75,45.05,0.0,154.0,1.0,702.0
1455,253,261.0,1.0,0.0,292.0,0.0,7,0,0,0,1,0,0,31.8625,12.4,44.7,0.0,154.0,0.0,702.0
1456,253,259.0,0.0,2.0,294.0,0.0,5,2,0,0,1,0,0,31.4188,12.05,44.2,0.0,154.0,0.0,702.0
1457,252,258.0,0.0,1.0,295.0,0.0,6,1,0,0,1,0,0,31.0125,11.7,43.7,0.0,154.0,0.0,702.0
1458,251,257.0,0.0,1.0,296.0,0.0,6,1,0,0,1,0,0,30.625,11.35,43.2,0.0,154.0,0.0,702.0
1459,253,259.0,2.0,0.0,296.0,0.0,6,1,0,0,1,0,0,30.3,11.0,42.7,0.0,154.0,0.0,702.0
1460,253,259.0,0.0,0.0,296.0,0.0,6,1,0,0,1,0,0,29.975,10.65,42.2,0.0,154.0,0.0,702.0
1461,253,259.0,0.0,0.0,296.0,0.0,6,1,0,0,1,0,0,29.6313,10.3,41.7,0.0,154.0,0.0,702.0
1462,253,259.0,0.0,0.0,296.0,0.0,6,1,0,0,1,0,0,29.2688,9.95,41.2,0.0,154.0,0.0,702.0
1463,253,259.0,0.0,0.0,296.0,0.0,6,1,0,0,1,0,0,28.9063,9.6,40.7,0.0,154.0,0.0,702.0
1464,253,259.0,0.0,0.0,296.0,0.0,6,1,0,0,1,0,0,28.525,9.25,40.2,0.0,154.0,0.0,702.0
1465,255,261.0,2.0,0.0,296.0,0.0,5,1,1,0,1,0,0,28.2063,8.9,40.2,0.0,154.0,1.0,703.0
1466,255,261.0,0.0,0.0,296.0,0.0,5,1,1,0,1,0,0,27.8875,8.55,40.2,1.0,155.0,1.0,704.0
1467,256,262.0,1.0,0.0,296.0,0.0,6,1,0,0,1,0,0,27.4625,8.2,39.7,0.0,155.0,0.0,704.0
1468,256,261.0,0.0,1.0,297.0,0.0,5,2,0,0,1,0,0,27.0813,7.85,39.2,0.0,155.0,0.0,704.0
1469,254,261.0,0.0,0.0,297.0,0.0,7,0,0,0,1,0,0,26.675,7.5,38.7,0.0,155.0,0.0,704.0
1470,254,261.0,0.0,0.0,297.0,0.0,5,0,2,1,0,0,0,26.3938,7.15,38.2,0.0,155.0,2.0,706.0
1471,255,262.0,1.0,0.0,297.0,0.0,6,0,1,1,0,0,0,27.2981,16.435,37.7,1.0,156.0,2.0,708.0
1472,255,262.0,0.0,0.0,297.0,0.0,7,0,0,1,0,0,0,28.0775,18.85,37.2,0.0,156.0,0.0,708.0
1473,255,262.0,0.0,0.0,297.0,0.0,7,0,0,1,0,0,0,28.8569,18.5,36.7,0.0,156.0,0.0,708.0
1474,255,262.0,0.0,0.0,297.0,0.0,7,0,0,1,0,0,0,29.6363,18.15,44.29,0.0,156.0,0.0,708.0
1475,257,264.0,2.0,0.0,297.0,0.0,7,0,0,1,0,0,0,30.3969,17.8,53.575,0.0,156.0,0.0,708.0
1476,257,264.0,0.0,0.0,297.0,0.0,7,0,0,1,0,0,0,31.1575,17.3,62.86,0.0,156.0,0.0,708.0
1477,257,263.0,0.0,1.0,298.0,0.0,6,1,0,1,0,0,0,31.9181,16.8,72.145,0.0,156.0,0.0,708.0
1478,256,263.0,0.0,0.0,298.0,0.0,6,0,1,1,0,0,0,32.76,16.75,81.43,0.0,156.0,1.0,709.0
1479,257,263.0,1.0,1.0,299.0,0.0,5,1,1,1,0,0,0,33.6019,16.3,90.715,0.0,156.0,1.0,710.0
1480,255,263.0,0.0,0.0,299.0,0.0,7,0,1,0,0,0,0,34.4438,15.95,99.65,1.0,157.0,2.0,712.0
1481,255,263.0,0.0,0.0,299.0,0.0,8,0,0,0,0,0,0,34.0188,15.6,99.3,0.0,157.0,0.0,712.0
1482,255,262.0,0.0,1.0,300.0,0.0,6,1,1,0,0,0,0,33.6375,15.25,98.95,0.0,157.0,1.0,713.0
1483,256,264.0,2.0,0.0,300.0,0.0,7,0,0,0,1,0,0,33.2313,14.9,98.6,0.0,157.0,0.0,713.0
1484,256,264.0,0.0,0.0,300.0,0.0,7,0,0,0,1,0,0,32.825,14.55,98.25,0.0,157.0,0.0,713.0
1485,257,265.0,1.0,0.0,300.0,0.0,7,0,0,0,1,0,0,32.4188,14.2,97.9,0.0,157.0,0.0,713.0
1486,257,264.0,0.0,1.0,301.0,0.0,4,1,1,0,2,0,0,32.0563,13.85,97.55,0.0,157.0,1.0,714.0
1487,257,264.0,0.0,0.0,301.0,0.0,6,0,0,0,2,0,0,31.6688,13.5,97.2,0.0,157.0,0.0,714.0
1488,257,263.0,0.0,1.0,302.0,0.0,4,1,2,0,1,0,0,31.3875,13.15,96.85,0.0,157.0,2.0,716.0
1489,257,263.0,0.0,0.0,302.0,0.0,6,0,1,0,1,0,0,31.1063,12.8,96.5,1.0,158.0,2.0,718.0
1490,257,263.0,0.0,0.0,302.0,0.0,5,0,1,0,2,0,0,30.7625,12.45,96.15,0.0,158.0,1.0,719.0
1491,258,264.0,1.0,0.0,302.0,0.0,6,0,1,0,1,0,0,30.4188,12.1,95.8,0.0,158.0,1.0,720.0
1492,258,264.0,0.0,0.0,302.0,0.0,6,0,0,0,2,0,0,30.0313,11.75,95.45,0.0,158.0,0.0,720.0
1493,259,265.0,1.0,0.0,302.0,0.0,5,0,0,0,3,0,0,29.6438,11.4,95.1,0.0,158.0,0.0,720.0
1494,259,265.0,0.0,0.0,302.0,0.0,5,0,0,0,3,0,0,29.2563,11.05,94.75,0.0,158.0,0.0,720.0
1495,261,267.0,2.0,0.0,302.0,0.0,5,0,0,0,3,0,0,28.85,10.7,94.4,0.0,158.0,0.0,720.0
1496,261,267.0,0.0,0.0,302.0,0.0,5,0,0,0,3,0,0,28.4438,10.35,94.05,0.0,158.0,0.0,720.0
1497,261,267.0,0.0,0.0,302.0,0.0,5,0,0,0,3,0,0,28.0375,10.0,93.7,0.0,158.0,0.0,720.0
1498,261,266.0,0.0,1.0,303.0,0.0,4,1,0,1,2,0,0,27.5938,9.65,93.2,0.0,158.0,0.0,720.0
1499,261,267.0,1.0,0.0,303.0,0.0,3,0,3,1,1,0,0,28.4919,11.15,92.7,0.0,158.0,3.0,723.0
1500,261,267.0,0.0,0.0,303.0,0.0,3,0,3,1,1,0,0,29.4525,10.8,92.7,1.0,159.0,4.0,727.0
1501,261,267.0,0.0,0.0,303.0,0.0,4,0,1,1,2,0,0,30.3069,10.45,92.7,1.0,160.0,2.0,729.0
1502,261,267.0,0.0,0.0,303.0,0.0,4,0,1,1,2,0,0,31.1175,10.1,92.2,0.0,160.0,1.0,730.0
1503,261,267.0,0.0,0.0,303.0,0.0,5,0,0,1,2,0,0,31.9281,9.75,92.2,0.0,160.0,0.0,730.0
1504,261,266.0,0.0,1.0,304.0,0.0,4,1,0,1,2,0,0,32.6763,9.4,91.7,0.0,160.0,0.0,730.0
1505,261,267.0,1.0,0.0,304.0,0.0,4,0,1,1,2,0,0,33.5056,9.05,91.7,0.0,160.0,1.0,731.0
1506,261,266.0,0.0,1.0,305.0,0.0,4,1,0,1,2,0,0,34.2725,8.7,91.2,0.0,160.0,0.0,731.0
1507,263,269.0,3.0,0.0,305.0,0.0,5,0,0,1,2,0,0,35.0581,8.35,90.965,0.0,160.0,0.0,731.0
1508,263,269.0,0.0,0.0,305.0,0.0,5,0,0,0,3,0,0,35.8,8.0,99.65,0.0,160.0,0.0,731.0
1509,263,269.0,0.0,0.0,305.0,0.0,5,0,0,0,3,0,0,35.4125,7.65,99.3,0.0,160.0,0.0,731.0
1510,263,269.0,0.0,0.0,305.0,0.0,5,0,0,0,3,0,0,35.025,7.3,98.95,0.0,160.0,0.0,731.0
1511,263,269.0,0.0,0.0,305.0,0.0,5,0,0,0,3,0,0,34.6188,6.95,98.6,0.0,160.0,0.0,731.0
1512,263,269.0,0.0,0.0,305.0,0.0,5,0,0,0,3,0,0,34.2125,6.6,98.25,0.0,160.0,0.0,731.0
1513,263,269.0,0.0,0.0,305.0,0.0,5,0,0,0,3,0,0,33.8063,6.25,97.9,0.0,160.0,0.0,731.0
1514,263,269.0,0.0,0.0,305.0,0.0,5,0,0,0,3,0,0,33.4,5.9,97.55,0.0,160.0,0.0,731.0
1515,265,271.0,2.0,0.0,305.0,0.0,5,0,0,0,3,0,0,32.9938,5.55,97.2,0.0,160.0,0.0,731.0
1516,265,271.0,0.0,0.0,305.0,0.0,4,0,1,0,3,0,0,32.65,5.2,96.85,0.0,160.0,1.0,732.0
1517,265,270.0,0.0,1.0,306.0,0.0,3,1,0,1,3,0,0,32.2438,4.85,96.5,0.0,160.0,0.0,732.0
1518,265,270.0,0.0,0.0,306.0,0.0,4,0,0,2,2,0,0,33.0619,4.5,96.15,0.0,160.0,0.0,732.0
1519,266,271.0,1.0,0.0,306.0,0.0,4,0,0,2,2,0,0,35.1175,10.95,95.8,0.0,160.0,0.0,732.0
1520,266,271.0,0.0,0.0,306.0,0.0,4,0,0,2,2,0,0,37.1731,10.6,95.45,0.0,160.0,0.0,732.0
1521,267,272.0,1.0,0.0,306.0,0.0,4,0,0,2,2,0,0,39.2288,10.25,95.1,0.0,160.0,0.0,732.0
1522,267,272.0,0.0,0.0,306.0,0.0,4,0,0,2,2,0,0,41.2844,9.9,94.75,0.0,160.0,0.0,732.0
1523,268,273.0,1.0,0.0,306.0,0.0,4,0,0,2,2,0,0,43.34,9.55,94.4,0.0,160.0,0.0,732.0
1524,268,273.0,0.0,0.0,306.0,0.0,4,0,0,2,2,0,0,45.3956,9.2,94.05,0.0,160.0,0.0,732.0
1525,269,273.0,1.0,1.0,307.0,0.0,2,1,0,2,2,1,0,47.4513,8.85,93.7,0.0,160.0,0.0,732.0
1526,269,273.0,0.0,0.0,307.0,0.0,1,1,1,3,1,1,0,49.6569,8.5,93.7,0.0,160.0,1.0,733.0
1527,269,273.0,0.0,0.0,307.0,0.0,3,1,0,2,2,0,0,52.9625,11.2,99.65,1.0,161.0,1.0,734.0
1528,268,273.0,0.0,0.0,307.0,0.0,4,1,0,1,2,0,0,55.0,10.85,99.65,0.0,161.0,0.0,734.0
1529,268,273.0,0.0,0.0,307.0,0.0,4,1,0,1,2,0,0,55.8438,10.5,99.3,0.0,161.0,0.0,734.0
1530,268,273.0,0.0,0.0,307.0,0.0,4,1,0,1,2,0,0,56.6875,10.15,98.95,0.0,161.0,0.0,734.0
1531,270,275.0,2.0,0.0,307.0,0.0,4,1,0,1,2,0,0,57.5313,9.8,98.6,0.0,161.0,0.0,734.0
1532,270,275.0,0.0,0.0,307.0,0.0,4,1,0,1,2,0,0,58.375,9.45,98.25,0.0,161.0,0.0,734.0
1533,270,275.0,0.0,0.0,307.0,0.0,4,1,0,1,2,0,0,59.2188,9.1,97.9,0.0,161.0,0.0,734.0
1534,270,275.0,0.0,0.0,307.0,0.0,4,1,0,1,2,0,0,60.0625,8.75,97.55,0.0,161.0,0.0,734.0
1535,272,277.0,2.0,0.0,307.0,0.0,4,0,0,1,3,0,0,60.8625,8.4,97.2,0.0,161.0,0.0,734.0
1536,272,277.0,0.0,0.0,307.0,0.0,5,0,1,0,2,0,0,61.6625,8.05,99.65,0.0,161.0,1.0,735.0
1537,272,276.0,0.0,1.0,308.0,0.0,4,1,0,0,3,0,0,61.275,7.7,99.3,0.0,161.0,0.0,735.0
1538,271,276.0,0.0,0.0,308.0,0.0,5,0,0,0,3,0,0,60.9063,7.35,98.95,0.0,161.0,0.0,735.0
1539,272,277.0,1.0,0.0,308.0,0.0,5,0,0,1,2,0,0,60.5375,7.0,98.6,0.0,161.0,0.0,735.0
1540,272,276.0,0.0,1.0,309.0,0.0,4,1,0,1,2,0,0,61.375,9.75,98.25,0.0,161.0,0.0,735.0
1541,271,276.0,0.0,0.0,309.0,0.0,5,0,0,1,2,0,0,62.2313,9.4,97.9,0.0,161.0,0.0,735.0
1542,271,276.0,0.0,0.0,309.0,0.0,5,0,0,1,2,0,0,63.0875,9.05,97.55,0.0,161.0,0.0,735.0
1543,272,277.0,1.0,0.0,309.0,0.0,5,0,0,1,2,0,0,63.9438,8.7,97.2,0.0,161.0,0.0,735.0
1544,272,277.0,0.0,0.0,309.0,0.0,5,0,0,1,2,0,0,64.8,8.35,96.85,0.0,161.0,0.0,735.0
1545,273,278.0,1.0,0.0,309.0,0.0,5,0,1,1,1,0,0,65.7,8.35,96.5,0.0,161.0,1.0,736.0
1546,273,278.0,0.0,0.0,309.0,0.0,5,0,0,1,2,0,0,66.6,8.35,96.15,1.0,162.0,1.0,737.0
1547,274,279.0,1.0,0.0,309.0,0.0,4,0,1,1,2,0,0,67.5,8.0,95.8,0.0,162.0,1.0,738.0
1548,274,279.0,0.0,0.0,309.0,0.0,5,0,0,1,2,0,0,68.3563,7.65,95.45,0.0,162.0,0.0,738.0
1549,274,280.0,1.0,0.0,309.0,0.0,6,0,0,1,1,0,0,69.15,7.3,99.65,0.0,162.0,0.0,738.0
1550,274,280.0,0.0,0.0,309.0,0.0,6,0,0,1,1,0,0,69.9838,10.3,99.3,0.0,162.0,0.0,738.0
1551,274,280.0,0.0,0.0,309.0,0.0,6,0,0,1,1,0,0,70.8175,9.95,98.95,0.0,162.0,0.0,738.0
1552,274,280.0,0.0,0.0,309.0,0.0,4,0,2,1,1,0,0,71.7575,9.6,98.6,0.0,162.0,2.0,740.0
1553,274,280.0,0.0,0.0,309.0,0.0,5,0,1,1,1,0,0,72.6975,9.25,98.25,1.0,163.0,2.0,742.0
1554,274,280.0,0.0,0.0,309.0,0.0,6,0,0,1,1,0,0,73.5125,8.9,97.9,0.0,163.0,0.0,742.0
1555,277,283.0,3.0,0.0,309.0,0.0,6,0,0,1,1,0,0,74.3088,8.55,97.55,0.0,163.0,0.0,742.0
1556,277,283.0,0.0,0.0,309.0,0.0,6,0,0,1,1,0,0,75.105,8.2,97.2,0.0,163.0,0.0,742.0
1557,277,283.0,0.0,0.0,309.0,0.0,6,0,0,1,1,0,0,75.9013,7.85,96.85,0.0,163.0,0.0,742.0
1558,277,283.0,0.0,0.0,309.0,0.0,5,0,1,1,1,0,0,76.7225,7.5,96.5,0.0,163.0,1.0,743.0
1559,276,283.0,0.0,0.0,309.0,0.0,7,0,0,0,1,0,0,77.4563,7.15,99.65,0.0,163.0,0.0,743.0
1560,276,283.0,0.0,0.0,309.0,0.0,7,0,0,0,1,0,0,77.0125,6.8,99.3,0.0,163.0,0.0,743.0
1561,276,282.0,0.0,1.0,310.0,0.0,6,1,0,1,0,0,0,76.5688,6.45,98.95,0.0,163.0,0.0,743.0
1562,275,282.0,0.0,0.0,310.0,0.0,7,0,0,1,0,0,0,77.3569,15.805,98.6,0.0,163.0,0.0,743.0
1563,277,284.0,2.0,0.0,310.0,0.0,7,0,0,1,0,0,0,78.145,25.16,98.25,0.0,163.0,0.0,743.0
1564,277,283.0,0.0,1.0,311.0,0.0,6,1,0,1,0,0,0,78.9331,34.515,97.9,0.0,163.0,0.0,743.0
1565,277,284.0,1.0,0.0,311.0,0.0,7,0,0,1,0,0,0,79.74,43.87,97.55,0.0,163.0,0.0,743.0
1566,277,284.0,0.0,0.0,311.0,0.0,7,0,0,1,0,0,0,80.5469,53.225,97.2,0.0,163.0,0.0,743.0
1567,278,285.0,1.0,0.0,311.0,0.0,3,0,4,1,0,0,0,81.585,62.58,96.85,0.0,163.0,4.0,747.0
1568,278,285.0,0.0,0.0,311.0,0.0,5,0,2,1,0,0,0,82.6231,64.4,96.5,2.0,165.0,4.0,751.0
1569,278,285.0,0.0,0.0,311.0,0.0,7,0,0,1,0,0,0,83.4738,64.05,96.15,1.0,166.0,1.0,752.0
1570,278,285.0,0.0,0.0,311.0,0.0,7,0,0,1,0,0,0,84.2619,63.7,95.8,0.0,166.0,0.0,752.0
1571,278,286.0,1.0,0.0,311.0,0.0,8,0,0,0,0,0,0,85.0063,63.35,99.65,0.0,166.0,0.0,752.0
1572,278,286.0,0.0,0.0,311.0,0.0,8,0,0,0,0,0,0,84.5813,63.0,99.3,0.0,166.0,0.0,752.0
1573,278,286.0,0.0,0.0,311.0,0.0,6,0,2,0,0,0,0,84.2625,62.65,98.95,0.0,166.0,2.0,754.0
1574,278,286.0,0.0,0.0,311.0,0.0,8,0,0,0,0,0,0,83.8375,62.3,98.6,0.0,166.0,0.0,754.0
1575,279,287.0,1.0,0.0,311.0,0.0,8,0,0,0,0,0,0,83.4125,61.95,98.25,0.0,166.0,0.0,754.0
1576,279,287.0,0.0,0.0,311.0,0.0,8,0,0,0,0,0,0,82.9875,61.6,97.9,0.0,166.0,0.0,754.0
1577,280,288.0,1.0,0.0,311.0,0.0,7,0,1,0,0,0,0,82.625,61.25,97.55,0.0,166.0,1.0,755.0
1578,280,288.0,0.0,0.0,311.0,0.0,7,0,1,0,0,0,0,82.3063,60.75,97.2,1.0,167.0,2.0,757.0
1579,282,290.0,2.0,0.0,311.0,0.0,8,0,0,0,0,0,0,81.8625,60.25,96.85,0.0,167.0,0.0,757.0
1580,282,290.0,0.0,0.0,311.0,0.0,7,0,1,0,0,0,0,81.4813,59.75,96.5,0.0,167.0,1.0,758.0
1581,282,290.0,0.0,0.0,311.0,0.0,8,0,0,0,0,0,0,81.0188,59.25,96.15,0.0,167.0,0.0,758.0
1582,282,289.0,0.0,1.0,312.0,0.0,7,1,0,0,0,0,0,80.5563,58.75,95.8,0.0,167.0,0.0,758.0
1583,281,288.0,0.0,1.0,313.0,0.0,7,1,0,0,0,0,0,80.1125,58.25,95.45,0.0,167.0,0.0,758.0
1584,280,288.0,0.0,0.0,313.0,0.0,6,0,2,0,0,0,0,79.7938,57.75,95.1,0.0,167.0,2.0,760.0
1585,281,288.0,1.0,1.0,314.0,0.0,7,1,0,0,0,0,0,79.3688,57.25,94.75,0.0,167.0,0.0,760.0
1586,280,288.0,0.0,0.0,314.0,0.0,8,0,0,0,0,0,0,78.925,56.75,94.4,0.0,167.0,0.0,760.0
1587,281,289.0,1.0,0.0,314.0,0.0,8,0,0,0,0,0,0,78.4813,56.25,94.05,0.0,167.0,0.0,760.0
1588,281,289.0,0.0,0.0,314.0,0.0,8,0,0,0,0,0,0,78.0188,55.75,93.7,0.0,167.0,0.0,760.0
1589,281,288.0,0.0,1.0,315.0,0.0,7,1,0,0,0,0,0,77.5563,55.25,93.35,0.0,167.0,0.0,760.0
1590,280,287.0,0.0,1.0,316.0,0.0,7,1,0,0,0,0,0,77.0938,54.9,93.0,0.0,167.0,0.0,760.0
1591,281,289.0,2.0,0.0,316.0,0.0,7,0,1,0,0,0,0,76.6938,54.55,93.0,0.0,167.0,1.0,761.0
1592,281,289.0,0.0,0.0,316.0,0.0,8,0,0,0,0,0,0,76.25,54.2,92.65,0.0,167.0,0.0,761.0
1593,281,289.0,0.0,0.0,316.0,0.0,8,0,0,0,0,0,0,75.8063,53.85,92.3,0.0,167.0,0.0,761.0
1594,281,289.0,0.0,0.0,316.0,0.0,8,0,0,0,0,0,0,75.3625,53.5,91.95,0.0,167.0,0.0,761.0
1595,283,290.0,2.0,1.0,317.0,0.0,7,1,0,0,0,0,0,74.9188,53.15,91.6,0.0,167.0,0.0,761.0
1596,282,290.0,0.0,0.0,317.0,0.0,8,0,0,0,0,0,0,74.4938,52.8,91.25,0.0,167.0,0.0,761.0
1597,282,289.0,0.0,1.0,318.0,0.0,7,1,0,0,0,0,0,74.0688,52.45,90.9,0.0,167.0,0.0,761.0
1598,281,289.0,0.0,0.0,318.0,0.0,7,0,1,0,0,0,0,73.7063,52.1,90.55,0.0,167.0,1.0,762.0
1599,281,289.0,0.0,0.0,318.0,0.0,8,0,0,0,0,0,0,73.3,51.75,90.2,0.0,167.0,0.0,762.0
1600,281,287.0,0.0,2.0,320.0,0.0,6,2,0,0,0,0,0,72.8563,51.4,89.7,0.0,167.0,0.0,762.0
1601,279,287.0,0.0,0.0,320.0,0.0,7,0,1,0,0,0,0,72.475,51.05,89.2,0.0,167.0,1.0,763.0
1602,279,287.0,0.0,0.0,320.0,0.0,8,0,0,0,0,0,0,72.0313,50.55,88.7,0.0,167.0,0.0,763.0
1603,281,289.0,2.0,0.0,320.0,0.0,8,0,0,0,0,0,0,71.5688,50.05,88.2,0.0,167.0,0.0,763.0
1604,281,289.0,0.0,0.0,320.0,0.0,8,0,0,0,0,0,0,71.1063,49.55,87.7,0.0,167.0,0.0,763.0
1605,283,290.0,2.0,1.0,321.0,0.0,7,1,0,0,0,0,0,70.6438,49.05,87.2,0.0,167.0,0.0,763.0
1606,282,290.0,0.0,0.0,321.0,0.0,8,0,0,0,0,0,0,70.2,48.55,86.7,0.0,167.0,0.0,763.0
1607,282,290.0,0.0,0.0,321.0,0.0,8,0,0,0,0,0,0,69.7563,48.05,86.2,0.0,167.0,0.0,763.0
1608,282,289.0,0.0,1.0,322.0,0.0,7,1,0,0,0,0,0,69.3125,47.55,85.7,0.0,167.0,0.0,763.0
1609,281,289.0,0.0,0.0,322.0,0.0,8,0,0,0,0,0,0,68.8875,47.05,85.2,0.0,167.0,0.0,763.0
1610,281,289.0,0.0,0.0,322.0,0.0,8,0,0,0,0,0,0,68.4438,46.55,84.7,0.0,167.0,0.0,763.0
1611,282,290.0,1.0,0.0,322.0,0.0,8,0,0,0,0,0,0,67.9813,46.05,84.2,0.0,167.0,0.0,763.0
1612,282,289.0,0.0,1.0,323.0,0.0,7,1,0,0,0,0,0,67.5188,45.55,83.7,0.0,167.0,0.0,763.0
1613,281,289.0,0.0,0.0,323.0,0.0,8,0,0,0,0,0,0,67.075,45.05,83.2,0.0,167.0,0.0,763.0
1614,281,288.0,0.0,1.0,324.0,0.0,7,1,0,0,0,0,0,66.6125,44.55,82.7,0.0,167.0,0.0,763.0
1615,282,289.0,2.0,1.0,325.0,0.0,7,1,0,0,0,0,0,66.1688,44.05,82.2,0.0,167.0,0.0,763.0
1616,281,288.0,0.0,1.0,326.0,0.0,7,1,0,0,0,0,0,65.7438,43.7,81.7,0.0,167.0,0.0,763.0
1617,280,288.0,0.0,0.0,326.0,0.0,8,0,0,0,0,0,0,65.3375,43.35,81.35,0.0,167.0,0.0,763.0
1618,280,287.0,0.0,1.0,327.0,0.0,7,1,0,0,0,0,0,64.9313,43.0,81.0,0.0,167.0,0.0,763.0
1619,281,289.0,2.0,0.0,327.0,0.0,8,0,0,0,0,0,0,64.5438,42.65,80.65,0.0,167.0,0.0,763.0
1620,281,289.0,0.0,0.0,327.0,0.0,6,0,2,0,0,0,0,64.2438,42.3,80.65,0.0,167.0,2.0,765.0
1621,281,289.0,0.0,0.0,327.0,0.0,6,0,2,0,0,0,0,64.0063,41.95,80.65,1.0,168.0,3.0,768.0
1622,281,289.0,0.0,0.0,327.0,0.0,7,0,1,0,0,0,0,63.7063,41.45,80.3,1.0,169.0,2.0,770.0
1623,281,289.0,0.0,0.0,327.0,0.0,8,0,0,0,0,0,0,63.3,40.95,79.95,0.0,169.0,0.0,770.0
1624,281,289.0,0.0,0.0,327.0,0.0,7,0,1,0,0,0,0,62.9375,40.45,79.6,0.0,169.0,1.0,771.0
1625,282,290.0,1.0,0.0,327.0,0.0,6,0,2,0,0,0,0,62.6375,39.95,79.25,0.0,169.0,2.0,773.0
1626,282,289.0,0.0,1.0,328.0,0.0,6,1,1,0,0,0,0,62.3375,39.45,78.9,1.0,170.0,2.0,775.0
1627,283,291.0,2.0,0.0,328.0,0.0,7,0,1,0,0,0,0,61.975,38.95,78.9,0.0,170.0,1.0,776.0
1628,283,291.0,0.0,0.0,328.0,0.0,7,0,1,0,0,0,0,61.675,38.95,78.9,1.0,171.0,2.0,778.0
1629,283,291.0,0.0,0.0,328.0,0.0,8,0,0,0,0,0,0,61.2688,38.45,78.55,0.0,171.0,0.0,778.0
1630,283,291.0,0.0,0.0,328.0,0.0,7,0,1,0,0,0,0,60.9063,38.45,78.2,0.0,171.0,1.0,779.0
1631,283,291.0,0.0,0.0,328.0,0.0,8,0,0,0,0,0,0,60.4813,37.95,77.85,0.0,171.0,0.0,779.0
1632,283,291.0,0.0,0.0,328.0,0.0,8,0,0,0,0,0,0,60.0375,37.45,77.5,0.0,171.0,0.0,779.0
1633,284,292.0,1.0,0.0,328.0,0.0,7,0,1,0,0,0,0,59.6563,36.95,77.15,0.0,171.0,1.0,780.0
1634,284,292.0,0.0,0.0,328.0,0.0,8,0,0,0,0,0,0,59.2125,36.45,76.8,0.0,171.0,0.0,780.0
1635,286,294.0,2.0,0.0,328.0,0.0,8,0,0,0,0,0,0,58.7688,35.95,76.45,0.0,171.0,0.0,780.0
1636,286,294.0,0.0,0.0,328.0,0.0,8,0,0,0,0,0,0,58.325,35.45,76.1,0.0,171.0,0.0,780.0
1637,286,293.0,0.0,1.0,329.0,0.0,7,1,0,0,0,0,0,57.8813,34.95,75.75,0.0,171.0,0.0,780.0
1638,285,293.0,0.0,0.0,329.0,0.0,8,0,0,0,0,0,0,57.4375,34.45,75.4,0.0,171.0,0.0,780.0
1639,286,292.0,1.0,2.0,331.0,0.0,6,2,0,0,0,0,0,56.9938,33.95,75.05,0.0,171.0,0.0,780.0
1640,284,292.0,0.0,0.0,331.0,0.0,8,0,0,0,0,0,0,56.5875,33.6,74.7,0.0,171.0,0.0,780.0
1641,284,292.0,0.0,0.0,331.0,0.0,8,0,0,0,0,0,0,56.1813,33.25,74.35,0.0,171.0,0.0,780.0
1642,284,292.0,0.0,0.0,331.0,0.0,8,0,0,0,0,0,0,55.775,32.9,74.0,0.0,171.0,0.0,780.0
1643,285,293.0,1.0,0.0,331.0,0.0,7,0,1,0,0,0,0,55.3938,32.55,74.0,0.0,171.0,1.0,781.0
1644,285,293.0,0.0,0.0,331.0,0.0,7,0,1,0,0,0,0,55.0313,32.2,73.65,0.0,171.0,1.0,782.0
1645,286,294.0,1.0,0.0,331.0,0.0,6,0,2,0,0,0,0,54.7313,31.85,73.3,0.0,171.0,2.0,784.0
1646,286,294.0,0.0,0.0,331.0,0.0,7,0,1,0,0,0,0,54.4125,31.5,72.95,1.0,172.0,2.0,786.0
1647,287,294.0,1.0,1.0,332.0,0.0,7,1,0,0,0,0,0,53.9688,31.15,72.6,0.0,172.0,0.0,786.0
1648,286,294.0,0.0,0.0,332.0,0.0,7,0,1,0,0,0,0,53.5875,30.8,72.25,0.0,172.0,1.0,787.0
1649,286,294.0,0.0,0.0,332.0,0.0,7,0,1,0,0,0,0,53.25,30.45,71.75,1.0,173.0,2.0,789.0
1650,286,294.0,0.0,0.0,332.0,0.0,7,0,1,0,0,0,0,52.8688,30.1,71.25,0.0,173.0,1.0,790.0
1651,288,296.0,2.0,0.0,332.0,0.0,5,0,3,0,0,0,0,52.5938,30.1,70.75,0.0,173.0,3.0,793.0
1652,288,296.0,0.0,0.0,332.0,0.0,7,0,1,0,0,0,0,52.2563,30.1,70.25,1.0,174.0,2.0,795.0
1653,288,296.0,0.0,0.0,332.0,0.0,8,0,0,0,0,0,0,51.8125,29.75,69.75,0.0,174.0,0.0,795.0
1654,288,296.0,0.0,0.0,332.0,0.0,8,0,0,0,0,0,0,51.3688,29.4,69.25,0.0,174.0,0.0,795.0
1655,289,297.0,1.0,0.0,332.0,0.0,8,0,0,0,0,0,0,50.925,29.05,68.75,0.0,174.0,0.0,795.0
1656,289,296.0,0.0,1.0,333.0,0.0,7,1,0,0,0,0,0,50.4813,28.7,68.25,0.0,174.0,0.0,795.0
1657,288,296.0,0.0,0.0,333.0,0.0,8,0,0,0,0,0,0,50.0563,28.35,67.75,0.0,174.0,0.0,795.0
1658,288,295.0,0.0,1.0,334.0,0.0,7,1,0,0,0,0,0,49.6125,28.0,67.25,0.0,174.0,0.0,795.0
1659,288,296.0,1.0,0.0,334.0,0.0,8,0,0,0,0,0,0,49.1875,27.65,66.75,0.0,174.0,0.0,795.0
1660,288,295.0,0.0,1.0,335.0,0.0,7,1,0,0,0,0,0,48.7625,27.3,66.25,0.0,174.0,0.0,795.0
1661,288,296.0,1.0,0.0,335.0,0.0,8,0,0,0,0,0,0,48.3375,26.8,65.75,0.0,174.0,0.0,795.0
1662,288,296.0,0.0,0.0,335.0,0.0,8,0,0,0,0,0,0,47.9125,26.3,65.25,0.0,174.0,0.0,795.0
1663,289,297.0,1.0,0.0,335.0,0.0,6,0,2,0,0,0,0,47.5938,25.8,64.75,0.0,174.0,2.0,797.0
1664,289,297.0,0.0,0.0,335.0,0.0,7,0,1,0,0,0,0,47.275,25.3,64.25,1.0,175.0,2.0,799.0
1665,290,298.0,1.0,0.0,335.0,0.0,8,0,0,0,0,0,0,46.85,24.8,63.75,0.0,175.0,0.0,799.0
1666,290,297.0,0.0,1.0,336.0,0.0,7,1,0,0,0,0,0,46.4875,24.3,63.25,0.0,175.0,0.0,799.0
1667,290,298.0,1.0,0.0,336.0,0.0,8,0,0,0,0,0,0,46.0813,23.8,62.75,0.0,175.0,0.0,799.0
1668,290,297.0,0.0,1.0,337.0,0.0,7,1,0,0,0,0,0,45.675,23.3,62.25,0.0,175.0,0.0,799.0
1669,289,296.0,0.0,1.0,338.0,0.0,7,1,0,0,0,0,0,45.2875,22.8,61.9,0.0,175.0,0.0,799.0
1670,288,296.0,0.0,0.0,338.0,0.0,8,0,0,0,0,0,0,44.9188,22.45,61.55,0.0,175.0,0.0,799.0
1671,288,296.0,0.0,0.0,338.0,0.0,8,0,0,0,0,0,0,44.55,22.1,61.2,0.0,175.0,0.0,799.0
1672,288,296.0,0.0,0.0,338.0,0.0,5,0,3,0,0,0,0,44.3125,21.75,60.85,0.0,175.0,3.0,802.0
1673,288,296.0,0.0,0.0,338.0,0.0,6,0,2,0,0,0,0,44.1188,21.4,60.5,2.0,177.0,4.0,806.0
1674,288,296.0,0.0,0.0,338.0,0.0,8,0,0,0,0,0,0,43.6938,21.05,60.15,0.0,177.0,0.0,806.0
1675,292,300.0,4.0,0.0,338.0,0.0,6,0,2,0,0,0,0,43.4375,20.7,59.8,0.0,177.0,2.0,808.0
1676,292,300.0,0.0,0.0,338.0,0.0,8,0,0,0,0,0,0,43.1188,20.35,59.45,1.0,178.0,1.0,809.0
1677,292,300.0,0.0,0.0,338.0,0.0,8,0,0,0,0,0,0,42.6938,20.0,59.1,0.0,178.0,0.0,809.0
1678,292,299.0,0.0,1.0,339.0,0.0,7,1,0,0,0,0,0,42.2688,19.65,58.75,0.0,178.0,0.0,809.0
1679,291,299.0,0.0,0.0,339.0,0.0,7,0,1,0,0,0,0,41.9063,19.65,58.4,0.0,178.0,1.0,810.0
1680,291,299.0,0.0,0.0,339.0,0.0,6,0,2,0,0,0,0,41.625,19.3,58.05,0.0,178.0,2.0,812.0
1681,291,299.0,0.0,0.0,339.0,0.0,7,0,1,0,0,0,0,41.3438,18.95,57.7,1.0,179.0,2.0,814.0
1682,291,299.0,0.0,0.0,339.0,0.0,8,0,0,0,0,0,0,40.9375,18.6,57.35,0.0,179.0,0.0,814.0
1683,292,300.0,1.0,0.0,339.0,0.0,8,0,0,0,0,0,0,40.5125,18.1,57.0,0.0,179.0,0.0,814.0
1684,292,300.0,0.0,0.0,339.0,0.0,7,0,1,0,0,0,0,40.15,18.1,56.65,0.0,179.0,1.0,815.0
1685,293,301.0,1.0,0.0,339.0,0.0,5,0,3,0,0,0,0,39.875,17.6,56.65,0.0,179.0,3.0,818.0
1686,293,300.0,0.0,1.0,340.0,0.0,6,1,1,0,0,0,0,39.6,17.1,56.65,2.0,181.0,3.0,821.0
1687,293,301.0,1.0,0.0,340.0,0.0,8,0,0,0,0,0,0,39.1938,16.6,56.3,0.0,181.0,0.0,821.0
1688,293,301.0,0.0,0.0,340.0,0.0,8,0,0,0,0,0,0,38.7688,16.1,55.95,0.0,181.0,0.0,821.0
1689,294,302.0,1.0,0.0,340.0,0.0,8,0,0,0,0,0,0,38.325,15.6,55.6,0.0,181.0,0.0,821.0
1690,294,302.0,0.0,0.0,340.0,0.0,8,0,0,0,0,0,0,37.8813,15.1,55.25,0.0,181.0,0.0,821.0
1691,295,303.0,1.0,0.0,340.0,0.0,7,0,0,0,1,0,0,37.4375,14.6,54.9,0.0,181.0,0.0,821.0
1692,295,302.0,0.0,1.0,341.0,0.0,6,1,0,0,1,0,0,37.0125,14.25,54.55,0.0,181.0,0.0,821.0
1693,294,302.0,0.0,0.0,341.0,0.0,7,0,0,0,1,0,0,36.6063,13.9,54.2,0.0,181.0,0.0,821.0
1694,294,302.0,0.0,0.0,341.0,0.0,7,0,0,0,1,0,0,36.2,13.55,53.85,0.0,181.0,0.0,821.0
1695,295,303.0,1.0,0.0,341.0,0.0,7,0,0,0,1,0,0,35.7938,13.2,53.5,0.0,181.0,0.0,821.0
1696,295,302.0,0.0,1.0,342.0,0.0,6,1,0,0,1,0,0,35.3875,12.85,53.15,0.0,181.0,0.0,821.0
1697,295,302.0,0.0,0.0,342.0,0.0,7,0,0,0,1,0,0,35.0,12.5,52.8,0.0,181.0,0.0,821.0
1698,295,302.0,0.0,0.0,342.0,0.0,7,0,0,0,1,0,0,34.5938,12.15,52.45,0.0,181.0,0.0,821.0
1699,297,304.0,2.0,0.0,342.0,0.0,6,0,1,0,1,0,0,34.2313,11.8,52.1,0.0,181.0,1.0,822.0
1700,297,303.0,0.0,1.0,343.0,0.0,6,1,0,0,1,0,0,33.825,11.45,51.75,0.0,181.0,0.0,822.0
1701,296,303.0,0.0,0.0,343.0,0.0,7,0,0,0,1,0,0,33.4188,11.1,51.4,0.0,181.0,0.0,822.0
1702,296,303.0,0.0,0.0,343.0,0.0,7,0,0,0,1,0,0,32.9938,10.75,50.9,0.0,181.0,0.0,822.0
1703,297,304.0,1.0,0.0,343.0,0.0,7,0,0,0,1,0,0,32.5688,10.4,50.4,0.0,181.0,0.0,822.0
1704,297,304.0,0.0,0.0,343.0,0.0,6,0,1,0,1,0,0,32.1688,10.05,49.9,0.0,181.0,1.0,823.0
1705,298,305.0,1.0,0.0,343.0,0.0,6,0,1,0,1,0,0,31.8313,9.7,49.4,1.0,182.0,2.0,825.0
1706,298,305.0,0.0,0.0,343.0,0.0,7,0,0,0,1,0,0,31.3875,9.35,48.9,0.0,182.0,0.0,825.0
1707,299,306.0,1.0,0.0,343.0,0.0,5,0,2,0,1,0,0,31.05,9.0,48.4,0.0,182.0,2.0,827.0
1708,299,305.0,0.0,1.0,344.0,0.0,6,1,0,0,1,0,0,30.5875,8.65,47.9,0.0,182.0,0.0,827.0
1709,298,305.0,0.0,0.0,344.0,0.0,7,0,0,0,1,0,0,30.1438,8.3,47.55,0.0,182.0,0.0,827.0
1710,298,304.0,0.0,1.0,345.0,0.0,6,1,0,0,1,0,0,29.7,7.95,47.2,0.0,182.0,0.0,827.0
1711,298,305.0,1.0,0.0,345.0,0.0,7,0,0,0,1,0,0,29.275,7.6,46.85,0.0,182.0,0.0,827.0
1712,298,303.0,0.0,2.0,347.0,0.0,5,2,0,0,1,0,0,28.85,7.25,46.5,0.0,182.0,0.0,827.0
1713,296,303.0,0.0,0.0,347.0,0.0,5,0,2,0,1,0,0,28.55,6.9,46.15,0.0,182.0,2.0,829.0
1714,296,302.0,0.0,1.0,348.0,0.0,6,1,0,1,0,0,0,28.1625,6.55,45.8,0.0,182.0,0.0,829.0
1715,297,304.0,2.0,0.0,348.0,0.0,7,0,0,1,0,0,0,29.0056,15.3,45.45,0.0,182.0,0.0,829.0
1716,297,304.0,0.0,0.0,348.0,0.0,6,0,0,1,1,0,0,29.8488,14.95,45.1,0.0,182.0,0.0,829.0
1717,298,305.0,1.0,0.0,348.0,0.0,6,0,0,1,1,0,0,30.6731,14.6,44.75,0.0,182.0,0.0,829.0
1718,298,305.0,0.0,0.0,348.0,0.0,4,0,2,1,1,0,0,31.585,14.25,44.4,0.0,182.0,2.0,831.0
1719,298,305.0,0.0,0.0,348.0,0.0,5,0,1,1,1,0,0,32.4781,13.9,53.275,1.0,183.0,2.0,833.0
1720,298,305.0,0.0,0.0,348.0,0.0,6,0,0,1,1,0,0,33.265,13.55,62.62,0.0,183.0,0.0,833.0
1721,298,305.0,0.0,0.0,348.0,0.0,6,0,0,1,1,0,0,34.0519,13.2,71.965,0.0,183.0,0.0,833.0
1722,298,305.0,0.0,0.0,348.0,0.0,2,0,5,1,0,0,0,35.1138,13.2,81.31,0.0,183.0,5.0,838.0
1723,300,307.0,2.0,0.0,348.0,0.0,5,0,1,1,1,0,0,36.0694,13.2,90.655,2.0,185.0,3.0,841.0
1724,299,307.0,0.0,0.0,348.0,0.0,7,0,0,0,1,0,0,36.8125,12.85,99.65,0.0,185.0,0.0,841.0
1725,300,308.0,1.0,0.0,348.0,0.0,6,0,1,0,1,0,0,36.45,12.5,99.3,0.0,185.0,1.0,842.0
1726,300,308.0,0.0,0.0,348.0,0.0,7,0,0,0,1,0,0,36.025,12.15,98.95,0.0,185.0,0.0,842.0
1727,300,308.0,0.0,0.0,348.0,0.0,7,0,0,0,1,0,0,35.6,11.8,98.6,0.0,185.0,0.0,842.0
1728,300,308.0,0.0,0.0,348.0,0.0,7,0,0,0,1,0,0,35.175,11.45,98.25,0.0,185.0,0.0,842.0
1729,300,308.0,0.0,0.0,348.0,0.0,7,0,0,0,1,0,0,34.75,11.1,97.9,0.0,185.0,0.0,842.0
1730,300,308.0,0.0,0.0,348.0,0.0,7,0,0,0,1,0,0,34.325,10.75,97.55,0.0,185.0,0.0,842.0
1731,302,310.0,2.0,0.0,348.0,0.0,7,0,0,0,1,0,0,33.8813,10.4,97.2,0.0,185.0,0.0,842.0
1732,302,309.0,0.0,1.0,349.0,0.0,5,1,1,0,1,0,0,33.5,10.05,96.85,0.0,185.0,1.0,843.0
1733,301,309.0,0.0,0.0,349.0,0.0,7,0,0,0,1,0,0,33.075,9.7,96.5,0.0,185.0,0.0,843.0
1734,301,308.0,0.0,1.0,350.0,0.0,6,1,0,0,1,0,0,32.65,9.35,96.15,0.0,185.0,0.0,843.0
1735,303,309.0,2.0,1.0,351.0,0.0,6,1,0,0,1,0,0,32.2438,9.0,95.8,0.0,185.0,0.0,843.0
1736,303,309.0,0.0,0.0,351.0,0.0,6,1,0,0,1,0,0,31.8813,8.65,95.45,0.0,185.0,0.0,843.0
1737,303,308.0,0.0,1.0,352.0,0.0,5,2,0,0,1,0,0,31.5188,8.3,95.1,0.0,185.0,0.0,843.0
1738,301,307.0,0.0,1.0,353.0,0.0,6,1,0,0,1,0,0,31.0938,7.95,94.75,0.0,185.0,0.0,843.0
1739,301,308.0,1.0,0.0,353.0,0.0,7,0,0,0,1,0,0,30.6875,7.6,94.4,0.0,185.0,0.0,843.0
1740,301,308.0,0.0,0.0,353.0,0.0,6,0,1,0,1,0,0,30.325,7.25,94.05,0.0,185.0,1.0,844.0
1741,301,308.0,0.0,0.0,353.0,0.0,7,0,0,0,1,0,0,29.9188,6.9,93.7,0.0,185.0,0.0,844.0
1742,301,308.0,0.0,0.0,353.0,0.0,7,0,0,0,1,0,0,29.5125,6.55,93.35,0.0,185.0,0.0,844.0
1743,301,307.0,0.0,1.0,354.0,0.0,6,1,0,0,1,0,0,29.1063,6.2,93.0,0.0,185.0,0.0,844.0
1744,300,307.0,0.0,0.0,354.0,0.0,7,0,0,0,1,0,0,28.6813,5.85,92.5,0.0,185.0,0.0,844.0
1745,302,309.0,2.0,0.0,354.0,0.0,7,0,0,0,1,0,0,28.2563,5.5,92.0,0.0,185.0,0.0,844.0
1746,302,309.0,0.0,0.0,354.0,0.0,7,0,0,0,1,0,0,27.8313,5.15,91.5,0.0,185.0,0.0,844.0
1747,304,311.0,2.0,0.0,354.0,0.0,5,0,1,0,2,0,0,27.45,4.8,91.0,0.0,185.0,1.0,845.0
1748,304,311.0,0.0,0.0,354.0,0.0,5,0,1,0,2,0,0,27.15,4.45,90.5,1.0,186.0,2.0,847.0
1749,304,311.0,0.0,0.0,354.0,0.0,5,0,0,0,3,0,0,26.7438,4.1,90.0,0.0,186.0,0.0,847.0
1750,304,311.0,0.0,0.0,354.0,0.0,5,0,0,0,3,0,0,26.3563,3.75,89.5,0.0,186.0,0.0,847.0
1751,304,311.0,0.0,0.0,354.0,0.0,4,0,1,0,3,0,0,26.0313,3.4,89.5,0.0,186.0,1.0,848.0
1752,304,311.0,0.0,0.0,354.0,0.0,4,0,0,0,4,0,0,25.6438,3.05,89.0,0.0,186.0,0.0,848.0
1753,304,310.0,0.0,1.0,355.0,0.0,3,1,0,0,4,0,0,25.2375,2.7,88.5,0.0,186.0,0.0,848.0
1754,303,310.0,0.0,0.0,355.0,0.0,4,0,0,0,4,0,0,24.85,2.35,88.0,0.0,186.0,0.0,848.0
1755,305,312.0,2.0,0.0,355.0,0.0,4,0,0,0,4,0,0,24.4625,2.0,87.5,0.0,186.0,0.0,848.0
1756,305,312.0,0.0,0.0,355.0,0.0,3,0,1,1,3,0,0,24.1375,1.65,87.0,0.0,186.0,1.0,849.0
1757,305,312.0,0.0,0.0,355.0,0.0,3,0,1,1,3,0,0,25.0856,11.15,86.5,0.0,186.0,1.0,850.0
1758,305,312.0,0.0,0.0,355.0,0.0,4,0,0,1,3,0,0,25.9713,10.8,86.0,0.0,186.0,0.0,850.0
1759,307,314.0,2.0,0.0,355.0,0.0,4,0,0,2,2,0,0,26.8381,10.45,85.5,0.0,186.0,0.0,850.0
1760,307,313.0,0.0,1.0,356.0,0.0,3,1,0,2,2,0,0,28.8681,10.9,85.0,0.0,186.0,0.0,850.0
1761,306,313.0,0.0,0.0,356.0,0.0,4,0,0,2,2,0,0,30.9169,10.55,84.5,0.0,186.0,0.0,850.0
1762,306,313.0,0.0,0.0,356.0,0.0,4,0,0,2,2,0,0,32.9656,10.2,84.0,0.0,186.0,0.0,850.0
1763,307,314.0,1.0,0.0,356.0,0.0,3,0,1,2,2,0,0,35.0769,9.85,84.0,0.0,186.0,1.0,851.0
1764,307,314.0,0.0,0.0,356.0,0.0,3,0,0,2,2,1,0,37.1256,9.5,83.5,0.0,186.0,0.0,851.0
1765,308,315.0,1.0,0.0,356.0,0.0,3,0,0,2,2,1,0,39.2181,9.15,90.165,0.0,186.0,0.0,851.0
1766,308,314.0,0.0,1.0,357.0,0.0,3,1,0,1,3,0,0,41.2231,8.8,99.65,0.0,186.0,0.0,851.0
1767,308,314.0,0.0,0.0,357.0,0.0,4,0,0,1,3,0,0,42.0175,8.45,99.3,0.0,186.0,0.0,851.0
1768,308,314.0,0.0,0.0,357.0,0.0,4,0,0,1,3,0,0,42.8119,8.1,98.95,0.0,186.0,0.0,851.0
1769,308,314.0,0.0,0.0,357.0,0.0,5,0,0,0,3,0,0,43.5625,7.75,99.65,0.0,186.0,0.0,851.0
1770,308,314.0,0.0,0.0,357.0,0.0,5,0,0,0,3,0,0,43.1938,7.4,99.3,0.0,186.0,0.0,851.0
1771,310,316.0,2.0,0.0,357.0,0.0,5,0,0,0,3,0,0,42.825,7.05,98.95,0.0,186.0,0.0,851.0
1772,310,316.0,0.0,0.0,357.0,0.0,5,0,0,0,3,0,0,42.4375,6.7,98.6,0.0,186.0,0.0,851.0
1773,311,317.0,1.0,0.0,357.0,0.0,4,0,0,0,4,0,0,42.05,6.35,98.25,0.0,186.0,0.0,851.0
1774,311,317.0,0.0,0.0,357.0,0.0,4,0,0,0,4,0,0,41.6813,6.0,97.9,0.0,186.0,0.0,851.0
1775,312,318.0,1.0,0.0,357.0,0.0,3,0,1,0,4,0,0,41.3563,5.65,97.9,0.0,186.0,1.0,852.0
1776,312,318.0,0.0,0.0,357.0,0.0,4,0,1,0,3,0,0,41.075,5.3,97.9,1.0,187.0,2.0,854.0
1777,312,318.0,0.0,0.0,357.0,0.0,4,0,0,0,4,0,0,40.7063,4.95,97.55,0.0,187.0,0.0,854.0
1778,312,318.0,0.0,0.0,357.0,0.0,4,0,0,0,4,0,0,40.3375,4.6,97.2,0.0,187.0,0.0,854.0
1779,313,319.0,1.0,0.0,357.0,0.0,4,0,0,0,4,0,0,39.9688,4.25,96.85,0.0,187.0,0.0,854.0
1780,313,319.0,0.0,0.0,357.0,0.0,4,0,0,1,3,0,0,39.6,3.9,96.5,0.0,187.0,0.0,854.0
1781,313,319.0,0.0,0.0,357.0,0.0,4,0,0,2,2,0,0,40.4644,3.55,96.15,0.0,187.0,0.0,854.0
1782,313,319.0,0.0,0.0,357.0,0.0,4,0,0,2,2,0,0,42.5781,9.2,95.8,0.0,187.0,0.0,854.0
1783,314,320.0,1.0,0.0,357.0,0.0,4,0,0,2,2,0,0,44.6919,8.85,95.45,0.0,187.0,0.0,854.0
1784,314,320.0,0.0,0.0,357.0,0.0,3,0,1,2,1,1,0,46.8494,8.85,95.1,0.0,187.0,1.0,855.0
1785,315,320.0,1.0,1.0,358.0,0.0,2,1,0,2,2,1,0,49.0506,8.85,94.6,1.0,188.0,1.0,856.0
1786,315,320.0,0.0,0.0,358.0,0.0,3,0,0,2,2,1,0,51.2269,8.5,94.25,0.0,188.0,0.0,856.0
1787,317,322.0,2.0,0.0,358.0,0.0,3,0,0,2,2,1,0,53.4031,8.15,93.9,0.0,188.0,0.0,856.0
1788,317,322.0,0.0,0.0,358.0,0.0,3,0,0,2,2,1,0,55.5606,7.8,93.55,0.0,188.0,0.0,856.0
1789,317,322.0,0.0,0.0,358.0,0.0,3,0,0,2,2,1,0,57.7181,7.45,93.2,0.0,188.0,0.0,856.0
1790,317,322.0,0.0,0.0,358.0,0.0,4,0,0,1,3,0,0,59.7881,7.1,99.65,0.0,188.0,0.0,856.0
1791,316,322.0,0.0,0.0,358.0,0.0,4,0,1,2,1,0,0,60.6688,6.75,99.65,0.0,188.0,1.0,857.0
1792,316,322.0,0.0,0.0,358.0,0.0,5,0,0,2,1,0,0,62.7394,13.8,99.65,1.0,189.0,1.0,858.0
1793,316,321.0,0.0,1.0,359.0,0.0,4,1,0,2,1,0,0,64.7663,13.45,99.3,0.0,189.0,0.0,858.0
1794,315,321.0,0.0,0.0,359.0,0.0,5,0,0,2,1,0,0,66.8119,13.1,98.95,0.0,189.0,0.0,858.0
1795,318,324.0,3.0,0.0,359.0,0.0,5,0,0,2,1,0,0,68.8575,12.75,98.6,0.0,189.0,0.0,858.0
1796,318,324.0,0.0,0.0,359.0,0.0,5,0,0,2,1,0,0,70.9031,12.4,98.25,0.0,189.0,0.0,858.0
1797,318,324.0,0.0,0.0,359.0,0.0,5,0,0,2,1,0,0,72.9488,12.05,97.9,0.0,189.0,0.0,858.0
1798,318,324.0,0.0,0.0,359.0,0.0,5,0,0,2,1,0,0,74.9756,11.7,97.55,0.0,189.0,0.0,858.0
1799,318,324.0,0.0,0.0,359.0,0.0,5,0,0,2,1,0,0,77.0025,11.35,97.2,0.0,189.0,0.0,858.0
1800,318,324.0,0.0,0.0,359.0,0.0,5,0,0,2,1,0,0,79.0294,11.0,96.85,0.0,189.0,0.0,858.0
1801,318,324.0,1.0,1.0,360.0,0.0,6,1,0,0,1,0,0,80.9688,10.65,99.65,0.0,189.0,0.0,858.0
1802,317,324.0,0.0,0.0,360.0,0.0,7,0,0,0,1,0,0,80.6188,10.3,99.3,0.0,189.0,0.0,858.0
1803,318,325.0,1.0,0.0,360.0,0.0,7,0,0,0,1,0,0,80.2688,9.95,98.95,0.0,189.0,0.0,858.0
1804,318,325.0,0.0,0.0,360.0,0.0,7,0,0,0,1,0,0,79.9,9.6,98.6,0.0,189.0,0.0,858.0
1805,319,326.0,1.0,0.0,360.0,0.0,7,0,0,0,1,0,0,79.5313,9.25,98.25,0.0,189.0,0.0,858.0
1806,319,326.0,0.0,0.0,360.0,0.0,7,0,0,0,1,0,0,79.1625,8.9,97.9,0.0,189.0,0.0,858.0
1807,320,327.0,1.0,0.0,360.0,0.0,7,0,0,0,1,0,0,78.775,8.55,97.55,0.0,189.0,0.0,858.0
1808,320,327.0,0.0,0.0,360.0,0.0,7,0,0,0,1,0,0,78.3875,8.2,97.2,0.0,189.0,0.0,858.0
1809,320,327.0,0.0,0.0,360.0,0.0,7,0,0,0,1,0,0,78.0,7.85,96.85,0.0,189.0,0.0,858.0
1810,320,327.0,0.0,0.0,360.0,0.0,6,0,1,0,1,0,0,77.6563,7.5,96.5,0.0,189.0,1.0,859.0
1811,321,327.0,1.0,1.0,361.0,0.0,6,1,0,0,1,0,0,77.2688,7.15,96.15,0.0,189.0,0.0,859.0
1812,320,327.0,0.0,0.0,361.0,0.0,7,0,0,0,1,0,0,76.9,6.8,95.8,0.0,189.0,0.0,859.0
1813,320,326.0,0.0,1.0,362.0,0.0,6,1,0,0,1,0,0,76.5313,6.45,95.45,0.0,189.0,0.0,859.0
1814,319,326.0,0.0,0.0,362.0,0.0,7,0,0,0,1,0,0,76.1813,6.1,95.1,0.0,189.0,0.0,859.0
1815,321,328.0,2.0,0.0,362.0,0.0,7,0,0,0,1,0,0,75.8125,5.75,94.75,0.0,189.0,0.0,859.0
1816,321,328.0,0.0,0.0,362.0,0.0,7,0,0,0,1,0,0,75.4438,5.4,94.4,0.0,189.0,0.0,859.0
1817,321,328.0,0.0,0.0,362.0,0.0,7,0,0,0,1,0,0,75.0563,5.05,94.05,0.0,189.0,0.0,859.0
1818,321,328.0,0.0,0.0,362.0,0.0,7,0,0,0,1,0,0,74.65,4.7,93.7,0.0,189.0,0.0,859.0
1819,323,330.0,2.0,0.0,362.0,0.0,7,0,0,1,0,0,0,74.225,4.35,93.35,0.0,189.0,0.0,859.0
1820,323,330.0,0.0,0.0,362.0,0.0,5,0,2,1,0,0,0,75.1269,13.915,93.0,0.0,189.0,2.0,861.0
1821,323,330.0,0.0,0.0,362.0,0.0,6,0,1,1,0,0,0,76.0288,23.48,92.65,1.0,190.0,2.0,863.0
1822,323,330.0,0.0,0.0,362.0,0.0,7,0,0,1,0,0,0,76.8244,33.045,92.3,0.0,190.0,0.0,863.0
1823,323,330.0,0.0,0.0,362.0,0.0,7,0,0,1,0,0,0,77.62,42.61,91.95,0.0,190.0,0.0,863.0
1824,323,330.0,0.0,0.0,362.0,0.0,7,0,0,1,0,0,0,78.4156,52.175,91.6,0.0,190.0,0.0,863.0
1825,324,329.0,1.0,2.0,364.0,0.0,5,2,0,1,0,0,0,79.2113,58.85,91.25,0.0,190.0,0.0,863.0
1826,322,329.0,0.0,0.0,364.0,0.0,7,0,0,1,0,0,0,80.0444,58.5,90.9,0.0,190.0,0.0,863.0
1827,323,330.0,1.0,0.0,364.0,0.0,7,0,0,1,0,0,0,80.8775,58.15,90.55,0.0,190.0,0.0,863.0
1828,323,330.0,0.0,0.0,364.0,0.0,7,0,0,1,0,0,0,81.7106,57.8,90.435,0.0,190.0,0.0,863.0
1829,323,330.0,1.0,1.0,365.0,0.0,7,1,0,0,0,0,0,82.5,57.45,99.65,0.0,190.0,0.0,863.0
1830,322,328.0,0.0,2.0,367.0,0.0,6,2,0,0,0,0,0,82.0938,57.1,99.3,0.0,190.0,0.0,863.0
1831,321,329.0,1.0,0.0,367.0,0.0,8,0,0,0,0,0,0,81.725,56.75,98.95,0.0,190.0,0.0,863.0
1832,321,329.0,0.0,0.0,367.0,0.0,8,0,0,0,0,0,0,81.3563,56.4,98.6,0.0,190.0,0.0,863.0
1833,321,329.0,0.0,0.0,367.0,0.0,7,0,1,0,0,0,0,81.0313,56.4,98.25,0.0,190.0,1.0,864.0
1834,321,329.0,0.0,0.0,367.0,0.0,8,0,0,0,0,0,0,80.6625,56.05,97.9,0.0,190.0,0.0,864.0
1835,323,331.0,2.0,0.0,367.0,0.0,8,0,0,0,0,0,0,80.2938,55.7,97.55,0.0,190.0,0.0,864.0
1836,323,331.0,0.0,0.0,367.0,0.0,8,0,0,0,0,0,0,79.9063,55.2,97.2,0.0,190.0,0.0,864.0
1837,323,331.0,0.0,0.0,367.0,0.0,8,0,0,0,0,0,0,79.5,54.7,96.85,0.0,190.0,0.0,864.0
1838,323,331.0,0.0,0.0,367.0,0.0,7,0,1,0,0,0,0,79.1375,54.2,96.5,0.0,190.0,1.0,865.0
1839,323,331.0,0.0,0.0,367.0,0.0,8,0,0,0,0,0,0,78.7313,53.7,96.15,0.0,190.0,0.0,865.0
1840,323,331.0,0.0,0.0,367.0,0.0,6,0,2,0,0,0,0,78.4313,53.7,95.8,0.0,190.0,2.0,867.0
1841,323,331.0,0.0,0.0,367.0,0.0,5,0,3,0,0,0,0,78.2375,53.7,95.45,1.0,191.0,4.0,871.0
1842,323,331.0,0.0,0.0,367.0,0.0,7,0,1,0,0,0,0,77.9375,53.2,95.1,1.0,192.0,2.0,873.0
1843,326,334.0,3.0,0.0,367.0,0.0,8,0,0,0,0,0,0,77.5313,52.7,94.75,0.0,192.0,0.0,873.0
1844,326,334.0,0.0,0.0,367.0,0.0,6,0,2,0,0,0,0,77.2313,52.2,94.75,0.0,192.0,2.0,875.0
1845,327,335.0,1.0,0.0,367.0,0.0,7,0,1,0,0,0,0,76.9125,51.7,94.75,1.0,193.0,2.0,877.0
1846,327,335.0,0.0,0.0,367.0,0.0,8,0,0,0,0,0,0,76.4875,51.2,94.4,0.0,193.0,0.0,877.0
1847,327,335.0,0.0,0.0,367.0,0.0,7,0,1,0,0,0,0,76.0875,50.7,94.05,0.0,193.0,1.0,878.0
1848,327,335.0,0.0,0.0,367.0,0.0,8,0,0,0,0,0,0,75.6438,50.2,93.7,0.0,193.0,0.0,878.0
1849,327,335.0,0.0,0.0,367.0,0.0,8,0,0,0,0,0,0,75.2,49.7,93.35,0.0,193.0,0.0,878.0
1850,327,334.0,0.0,1.0,368.0,0.0,7,1,0,0,0,0,0,74.7375,49.2,92.85,0.0,193.0,0.0,878.0
1851,327,335.0,1.0,0.0,368.0,0.0,8,0,0,0,0,0,0,74.2938,48.7,92.35,0.0,193.0,0.0,878.0
1852,327,333.0,0.0,2.0,370.0,0.0,6,2,0,0,0,0,0,73.85,48.2,91.85,0.0,193.0,0.0,878.0
1853,325,333.0,0.0,0.0,370.0,0.0,8,0,0,0,0,0,0,73.4438,47.7,91.35,0.0,193.0,0.0,878.0
1854,325,332.0,0.0,1.0,371.0,0.0,7,1,0,0,0,0,0,73.0375,47.2,90.85,0.0,193.0,0.0,878.0
1855,326,334.0,2.0,0.0,371.0,0.0,8,0,0,0,0,0,0,72.65,46.85,90.35,0.0,193.0,0.0,878.0
1856,326,334.0,0.0,0.0,371.0,0.0,8,0,0,0,0,0,0,72.2625,46.5,89.85,0.0,193.0,0.0,878.0
1857,327,335.0,1.0,0.0,371.0,0.0,8,0,0,0,0,0,0,71.875,46.15,89.35,0.0,193.0,0.0,878.0
1858,327,335.0,0.0,0.0,371.0,0.0,8,0,0,0,0,0,0,71.4875,45.8,88.85,0.0,193.0,0.0,878.0
1859,328,336.0,1.0,0.0,371.0,0.0,7,0,1,0,0,0,0,71.1438,45.45,88.85,0.0,193.0,1.0,879.0
1860,328,336.0,0.0,0.0,371.0,0.0,8,0,0,0,0,0,0,70.7375,45.1,88.35,0.0,193.0,0.0,879.0
1861,328,336.0,0.0,0.0,371.0,0.0,8,0,0,0,0,0,0,70.2938,44.75,87.85,0.0,193.0,0.0,879.0
1862,328,336.0,0.0,0.0,371.0,0.0,8,0,0,0,0,0,0,69.8313,44.4,87.35,0.0,193.0,0.0,879.0
1863,328,335.0,0.0,1.0,372.0,0.0,7,1,0,0,0,0,0,69.35,43.9,86.85,0.0,193.0,0.0,879.0
1864,327,335.0,0.0,0.0,372.0,0.0,8,0,0,0,0,0,0,68.8875,43.4,86.35,0.0,193.0,0.0,879.0
1865,328,336.0,1.0,0.0,372.0,0.0,8,0,0,0,0,0,0,68.425,42.9,85.85,0.0,193.0,0.0,879.0
1866,328,336.0,0.0,0.0,372.0,0.0,7,0,1,0,0,0,0,68.0063,42.4,85.35,0.0,193.0,1.0,880.0
1867,330,338.0,2.0,0.0,372.0,0.0,8,0,0,0,0,0,0,67.525,41.9,84.85,0.0,193.0,0.0,880.0
1868,330,338.0,0.0,0.0,372.0,0.0,7,0,1,0,0,0,0,67.1063,41.4,84.35,0.0,193.0,1.0,881.0
1869,330,338.0,0.0,0.0,372.0,0.0,5,0,3,0,0,0,0,66.875,40.9,83.85,1.0,194.0,4.0,885.0
1870,330,338.0,0.0,0.0,372.0,0.0,7,0,1,0,0,0,0,66.5188,40.4,83.35,1.0,195.0,2.0,887.0
1871,331,339.0,1.0,0.0,372.0,0.0,7,0,1,0,0,0,0,66.1,39.9,82.85,0.0,195.0,1.0,888.0
1872,331,338.0,0.0,1.0,373.0,0.0,7,1,0,0,0,0,0,65.6188,39.4,82.35,0.0,195.0,0.0,888.0
1873,330,337.0,0.0,1.0,374.0,0.0,7,1,0,0,0,0,0,65.1563,38.9,81.85,0.0,195.0,0.0,888.0
1874,329,337.0,0.0,0.0,374.0,0.0,8,0,0,0,0,0,0,64.7125,38.4,81.5,0.0,195.0,0.0,888.0
1875,331,339.0,2.0,0.0,374.0,0.0,7,0,1,0,0,0,0,64.3125,38.4,81.0,0.0,195.0,1.0,889.0
1876,331,338.0,0.0,1.0,375.0,0.0,7,1,0,0,0,0,0,63.85,37.9,80.5,0.0,195.0,0.0,889.0
1877,330,338.0,0.0,0.0,375.0,0.0,8,0,0,0,0,0,0,63.4063,37.4,80.0,0.0,195.0,0.0,889.0
1878,330,337.0,0.0,1.0,376.0,0.0,6,1,1,0,0,0,0,63.0063,36.9,79.5,0.0,195.0,1.0,890.0
1879,330,337.0,1.0,1.0,377.0,0.0,7,1,0,0,0,0,0,62.5625,36.55,79.0,0.0,195.0,0.0,890.0
1880,329,337.0,0.0,0.0,377.0,0.0,6,0,2,0,0,0,0,62.2625,36.2,79.0,0.0,195.0,2.0,892.0
1881,329,337.0,0.0,0.0,377.0,0.0,7,0,1,0,0,0,0,61.9625,35.85,79.0,1.0,196.0,2.0,894.0
1882,329,337.0,0.0,0.0,377.0,0.0,8,0,0,0,0,0,0,61.5375,35.5,78.5,0.0,196.0,0.0,894.0
1883,330,338.0,1.0,0.0,377.0,0.0,4,0,4,0,0,0,0,61.325,35.15,78.5,0.0,196.0,4.0,898.0
1884,330,338.0,0.0,0.0,377.0,0.0,6,0,2,0,0,0,0,61.0875,34.8,78.5,1.0,197.0,3.0,901.0
1885,332,340.0,2.0,0.0,377.0,0.0,7,0,1,0,0,0,0,60.7875,34.45,78.0,1.0,198.0,2.0,903.0
1886,332,340.0,0.0,0.0,377.0,0.0,7,0,1,0,0,0,0,60.45,33.95,78.0,0.0,198.0,1.0,904.0
1887,332,340.0,0.0,0.0,377.0,0.0,7,0,1,0,0,0,0,60.175,33.45,78.0,0.0,198.0,1.0,905.0
1888,332,340.0,0.0,0.0,377.0,0.0,8,0,0,0,0,0,0,59.9,32.95,78.0,1.0,199.0,1.0,906.0
1889,332,340.0,0.0,0.0,377.0,0.0,7,0,1,0,0,0,0,59.625,32.45,78.0,0.0,199.0,1.0,907.0
1890,332,340.0,0.0,0.0,377.0,0.0,8,0,0,0,0,0,0,59.3313,31.95,78.0,1.0,200.0,1.0,908.0
1891,334,342.0,2.0,0.0,377.0,0.0,8,0,0,0,0,0,0,58.9563,31.45,78.0,0.0,200.0,0.0,908.0
1892,334,342.0,0.0,0.0,377.0,0.0,7,0,1,0,0,0,0,58.5813,30.95,77.5,0.0,200.0,1.0,909.0
1893,334,341.0,0.0,1.0,378.0,0.0,6,1,1,0,0,0,0,58.2063,30.45,77.0,1.0,201.0,2.0,911.0
1894,333,341.0,0.0,0.0,378.0,0.0,6,0,2,0,0,0,0,57.85,29.95,77.0,0.0,201.0,2.0,913.0
1895,334,342.0,1.0,0.0,378.0,0.0,6,0,2,0,0,0,0,57.5563,29.45,77.0,1.0,202.0,3.0,916.0
1896,334,341.0,0.0,1.0,379.0,0.0,7,1,0,0,0,0,0,57.1375,28.95,77.0,1.0,203.0,1.0,917.0
1897,333,340.0,0.0,1.0,380.0,0.0,7,1,0,0,0,0,0,56.7375,28.6,76.5,0.0,203.0,0.0,917.0
1898,332,339.0,0.0,1.0,381.0,0.0,7,1,0,0,0,0,0,56.2938,28.25,76.0,0.0,203.0,0.0,917.0
1899,333,341.0,2.0,0.0,381.0,0.0,8,0,0,0,0,0,0,55.8688,27.9,75.5,0.0,203.0,0.0,917.0
1900,333,341.0,0.0,0.0,381.0,0.0,6,0,2,0,0,0,0,55.55,27.55,75.0,0.0,203.0,2.0,919.0
1901,333,341.0,0.0,0.0,381.0,0.0,7,0,1,0,0,0,0,55.2313,27.2,74.5,1.0,204.0,2.0,921.0
1902,333,341.0,0.0,0.0,381.0,0.0,8,0,0,0,0,0,0,54.8063,26.85,74.0,0.0,204.0,0.0,921.0
1903,334,342.0,1.0,0.0,381.0,0.0,8,0,0,0,0,0,0,54.3813,26.5,73.5,0.0,204.0,0.0,921.0
1904,334,342.0,0.0,0.0,381.0,0.0,8,0,0,0,0,0,0,53.9563,26.15,73.0,0.0,204.0,0.0,921.0
1905,335,343.0,1.0,0.0,381.0,0.0,6,0,2,0,0,0,0,53.6563,25.8,73.0,0.0,204.0,2.0,923.0
1906,335,342.0,0.0,1.0,382.0,0.0,6,1,1,0,0,0,0,53.3563,25.45,73.0,1.0,205.0,2.0,925.0
1907,335,343.0,1.0,0.0,382.0,0.0,8,0,0,0,0,0,0,52.95,25.1,72.5,0.0,205.0,0.0,925.0
1908,335,343.0,0.0,0.0,382.0,0.0,8,0,0,0,0,0,0,52.5438,24.75,72.0,0.0,205.0,0.0,925.0
1909,335,343.0,0.0,0.0,382.0,0.0,8,0,0,0,0,0,0,52.1375,24.4,71.5,0.0,205.0,0.0,925.0
1910,335,343.0,0.0,0.0,382.0,0.0,8,0,0,0,0,0,0,51.7313,24.05,71.0,0.0,205.0,0.0,925.0
1911,335,342.0,0.0,1.0,383.0,0.0,7,1,0,0,0,0,0,51.325,23.7,70.5,0.0,205.0,0.0,925.0
1912,334,342.0,0.0,0.0,383.0,0.0,8,0,0,0,0,0,0,50.9375,23.35,70.0,0.0,205.0,0.0,925.0
1913,335,343.0,1.0,0.0,383.0,0.0,8,0,0,0,0,0,0,50.55,23.0,69.5,0.0,205.0,0.0,925.0
1914,335,343.0,0.0,0.0,383.0,0.0,8,0,0,0,0,0,0,50.1063,22.5,69.0,0.0,205.0,0.0,925.0
1915,338,346.0,3.0,0.0,383.0,0.0,6,0,2,0,0,0,0,49.7688,22.5,68.5,0.0,205.0,2.0,927.0
1916,338,346.0,0.0,0.0,383.0,0.0,7,0,1,0,0,0,0,49.4313,22.5,68.0,1.0,206.0,2.0,929.0
1917,338,346.0,0.0,0.0,383.0,0.0,8,0,0,0,0,0,0,48.9688,22.0,67.5,0.0,206.0,0.0,929.0
1918,338,345.0,0.0,1.0,384.0,0.0,6,1,1,0,0,0,0,48.5688,22.0,67.0,0.0,206.0,1.0,930.0
1919,337,345.0,0.0,0.0,384.0,0.0,8,0,0,0,0,0,0,48.125,21.5,66.5,0.0,206.0,0.0,930.0
1920,337,345.0,0.0,0.0,384.0,0.0,8,0,0,0,0,0,0,47.6813,21.0,66.0,0.0,206.0,0.0,930.0
1921,337,345.0,0.0,0.0,384.0,0.0,8,0,0,0,0,0,0,47.2375,20.5,65.5,0.0,206.0,0.0,930.0
1922,337,344.0,0.0,1.0,385.0,0.0,6,1,1,0,0,0,0,46.8563,20.0,65.0,0.0,206.0,1.0,931.0
1923,337,345.0,1.0,0.0,385.0,0.0,7,0,1,0,0,0,0,46.5188,19.5,64.65,1.0,207.0,2.0,933.0
1924,337,345.0,0.0,0.0,385.0,0.0,8,0,0,0,0,0,0,46.075,19.0,64.3,0.0,207.0,0.0,933.0
1925,338,346.0,1.0,0.0,385.0,0.0,7,0,1,0,0,0,0,45.6938,18.5,63.95,0.0,207.0,1.0,934.0
1926,338,346.0,0.0,0.0,385.0,0.0,8,0,0,0,0,0,0,45.25,18.0,63.6,0.0,207.0,0.0,934.0
1927,340,348.0,2.0,0.0,385.0,0.0,8,0,0,0,0,0,0,44.8063,17.5,63.25,0.0,207.0,0.0,934.0
1928,340,348.0,0.0,0.0,385.0,0.0,8,0,0,0,0,0,0,44.3625,17.0,62.9,0.0,207.0,0.0,934.0
1929,340,346.0,0.0,2.0,387.0,0.0,6,2,0,0,0,0,0,43.9188,16.5,62.55,0.0,207.0,0.0,934.0
1930,338,345.0,0.0,1.0,388.0,0.0,6,1,1,0,0,0,0,43.5563,16.5,62.2,0.0,207.0,1.0,935.0
1931,338,346.0,1.0,0.0,388.0,0.0,8,0,0,0,0,0,0,43.15,16.0,61.85,0.0,207.0,0.0,935.0
1932,338,346.0,0.0,0.0,388.0,0.0,8,0,0,0,0,0,0,42.7438,15.5,61.5,0.0,207.0,0.0,935.0
1933,338,346.0,0.0,0.0,388.0,0.0,6,0,2,0,0,0,0,42.425,15.0,61.15,0.0,207.0,2.0,937.0
1934,338,345.0,0.0,1.0,389.0,0.0,4,1,2,0,1,0,0,42.15,14.5,61.15,1.0,208.0,3.0,940.0
1935,339,346.0,1.0,0.0,389.0,0.0,7,0,0,0,1,0,0,41.8063,14.15,61.15,1.0,209.0,1.0,941.0
1936,339,346.0,0.0,0.0,389.0,0.0,7,0,0,0,1,0,0,41.4188,13.8,60.8,0.0,209.0,0.0,941.0
1937,339,346.0,0.0,0.0,389.0,0.0,7,0,0,0,1,0,0,41.0313,13.45,60.45,0.0,209.0,0.0,941.0
1938,339,346.0,0.0,0.0,389.0,0.0,6,0,1,0,1,0,0,40.6875,13.1,60.1,0.0,209.0,1.0,942.0
1939,341,348.0,2.0,0.0,389.0,0.0,7,0,0,0,1,0,0,40.3,12.75,59.75,0.0,209.0,0.0,942.0
1940,341,348.0,0.0,0.0,389.0,0.0,7,0,0,0,1,0,0,39.9125,12.4,59.4,0.0,209.0,0.0,942.0
1941,342,349.0,1.0,0.0,389.0,0.0,7,0,0,0,1,0,0,39.525,12.05,59.05,0.0,209.0,0.0,942.0
1942,342,349.0,0.0,0.0,389.0,0.0,5,0,2,0,1,0,0,39.2438,11.7,58.7,0.0,209.0,2.0,944.0
1943,342,349.0,0.0,0.0,389.0,0.0,6,0,2,0,0,0,0,38.9875,11.7,58.2,1.0,210.0,3.0,947.0
1944,342,348.0,0.0,1.0,390.0,0.0,6,1,1,0,0,0,0,38.625,11.7,57.7,1.0,211.0,1.0,948.0
1945,342,349.0,1.0,0.0,390.0,0.0,7,0,0,0,1,0,0,38.2188,11.35,57.2,0.0,211.0,0.0,948.0
1946,342,349.0,0.0,0.0,390.0,0.0,7,0,0,0,1,0,0,37.8125,11.0,56.7,0.0,211.0,0.0,948.0
1947,343,350.0,1.0,0.0,390.0,0.0,6,0,1,0,1,0,0,37.4688,10.65,56.2,0.0,211.0,1.0,949.0
1948,343,350.0,0.0,0.0,390.0,0.0,5,0,2,0,1,0,0,37.1688,10.3,55.7,0.0,211.0,2.0,951.0
1949,343,350.0,0.0,0.0,390.0,0.0,6,0,1,0,1,0,0,36.85,9.95,55.2,1.0,212.0,2.0,953.0
1950,343,350.0,0.0,0.0,390.0,0.0,7,0,1,0,0,0,0,36.45,9.95,54.7,0.0,212.0,1.0,954.0
1951,344,351.0,1.0,0.0,390.0,0.0,7,0,0,0,1,0,0,36.0063,9.6,54.2,0.0,212.0,0.0,954.0
1952,344,351.0,0.0,0.0,390.0,0.0,7,0,0,0,1,0,0,35.5625,9.25,53.7,0.0,212.0,0.0,954.0
1953,344,351.0,0.0,0.0,390.0,0.0,7,0,0,0,1,0,0,35.1188,8.9,53.2,0.0,212.0,0.0,954.0
1954,344,351.0,0.0,0.0,390.0,0.0,7,0,0,0,1,0,0,34.675,8.55,52.7,0.0,212.0,0.0,954.0
1955,347,353.0,3.0,1.0,391.0,0.0,6,1,0,0,1,0,0,34.2313,8.2,52.2,0.0,212.0,0.0,954.0
1956,346,353.0,0.0,0.0,391.0,0.0,7,0,0,0,1,0,0,33.8063,7.85,51.7,0.0,212.0,0.0,954.0
1957,346,352.0,0.0,1.0,392.0,0.0,4,1,2,0,1,0,0,33.4875,7.5,51.2,0.0,212.0,2.0,956.0
1958,345,352.0,0.0,0.0,392.0,0.0,5,0,2,0,1,0,0,33.2313,7.15,50.85,1.0,213.0,3.0,959.0
1959,345,351.0,0.0,1.0,393.0,0.0,5,1,1,0,1,0,0,32.9313,6.8,50.5,1.0,214.0,2.0,961.0
1960,344,351.0,0.0,0.0,393.0,0.0,7,0,0,0,1,0,0,32.5438,6.45,50.15,0.0,214.0,0.0,961.0
1961,344,351.0,0.0,0.0,393.0,0.0,5,0,2,0,1,0,0,32.2625,6.1,50.15,0.0,214.0,2.0,963.0
1962,344,351.0,0.0,0.0,393.0,0.0,6,0,1,0,1,0,0,31.9625,5.75,50.15,1.0,215.0,2.0,965.0
1963,346,353.0,2.0,0.0,393.0,0.0,7,0,0,0,1,0,0,31.5563,5.4,49.8,0.0,215.0,0.0,965.0
1964,346,353.0,0.0,0.0,393.0,0.0,6,0,1,0,1,0,0,31.1938,5.05,49.45,0.0,215.0,1.0,966.0
1965,347,354.0,1.0,0.0,393.0,0.0,5,0,2,0,1,0,0,30.875,4.7,49.1,0.0,215.0,2.0,968.0
1966,347,354.0,0.0,0.0,393.0,0.0,6,0,1,0,1,0,0,30.5375,4.35,48.75,1.0,216.0,2.0,970.0
1967,347,354.0,0.0,0.0,393.0,0.0,7,0,0,0,1,0,0,30.0938,4.0,48.4,0.0,216.0,0.0,970.0
1968,347,354.0,0.0,0.0,393.0,0.0,7,0,0,1,0,0,0,29.65,3.65,48.05,0.0,216.0,0.0,970.0
1969,348,355.0,1.0,0.0,393.0,0.0,5,0,2,1,0,0,0,30.5606,13.285,47.7,0.0,216.0,2.0,972.0
1970,348,354.0,0.0,1.0,394.0,0.0,5,1,1,1,0,0,0,31.4713,21.25,47.35,1.0,217.0,2.0,974.0
1971,348,355.0,1.0,0.0,394.0,0.0,7,0,0,1,0,0,0,32.2944,20.75,47.0,0.0,217.0,0.0,974.0
1972,348,355.0,0.0,0.0,394.0,0.0,6,0,1,1,0,0,0,33.1613,20.25,46.65,0.0,217.0,1.0,975.0
1973,348,355.0,0.0,0.0,394.0,0.0,7,0,0,1,0,0,0,33.9844,19.75,51.825,0.0,217.0,0.0,975.0
1974,348,355.0,0.0,0.0,394.0,0.0,7,0,0,1,0,0,0,34.8075,19.25,61.46,0.0,217.0,0.0,975.0
1975,350,357.0,2.0,0.0,394.0,0.0,7,0,0,1,0,0,0,35.6306,18.75,71.095,0.0,217.0,0.0,975.0
1976,350,356.0,0.0,1.0,395.0,0.0,6,1,0,1,0,0,0,36.435,18.25,80.73,0.0,217.0,0.0,975.0
1977,349,355.0,0.0,1.0,396.0,0.0,6,1,0,1,0,0,0,37.2581,17.75,90.365,0.0,217.0,0.0,975.0
1978,347,354.0,0.0,1.0,397.0,0.0,7,1,0,0,0,0,0,38.0563,17.4,99.65,0.0,217.0,0.0,975.0
1979,347,355.0,1.0,0.0,397.0,0.0,7,0,1,0,0,0,0,37.7313,17.05,99.3,0.0,217.0,1.0,976.0
1980,347,355.0,0.0,0.0,397.0,0.0,8,0,0,0,0,0,0,37.3438,16.7,98.95,0.0,217.0,0.0,976.0
1981,347,355.0,0.0,0.0,397.0,0.0,8,0,0,0,0,0,0,36.9563,16.35,98.6,0.0,217.0,0.0,976.0
1982,347,355.0,0.0,0.0,397.0,0.0,8,0,0,0,0,0,0,36.5688,16.0,98.25,0.0,217.0,0.0,976.0
1983,348,356.0,1.0,0.0,397.0,0.0,8,0,0,0,0,0,0,36.1813,15.65,97.9,0.0,217.0,0.0,976.0
1984,348,356.0,0.0,0.0,397.0,0.0,8,0,0,0,0,0,0,35.775,15.3,97.55,0.0,217.0,0.0,976.0
1985,349,356.0,1.0,1.0,398.0,0.0,6,1,0,0,1,0,0,35.3688,14.95,97.2,0.0,217.0,0.0,976.0
1986,349,356.0,0.0,0.0,398.0,0.0,7,0,0,0,1,0,0,34.9813,14.6,96.85,0.0,217.0,0.0,976.0
1987,351,358.0,2.0,0.0,398.0,0.0,7,0,0,0,1,0,0,34.575,14.25,96.5,0.0,217.0,0.0,976.0
1988,351,357.0,0.0,1.0,399.0,0.0,6,1,0,0,1,0,0,34.1688,13.9,96.15,0.0,217.0,0.0,976.0
1989,350,356.0,0.0,1.0,400.0,0.0,6,1,0,0,1,0,0,33.7813,13.55,95.8,0.0,217.0,0.0,976.0
1990,349,356.0,0.0,0.0,400.0,0.0,7,0,0,0,1,0,0,33.4125,13.2,95.45,0.0,217.0,0.0,976.0
1991,349,356.0,0.0,0.0,400.0,0.0,7,0,0,0,1,0,0,33.0438,12.85,95.1,0.0,217.0,0.0,976.0
1992,349,356.0,0.0,0.0,400.0,0.0,6,0,0,0,2,0,0,32.675,12.5,94.75,0.0,217.0,0.0,976.0
1993,349,356.0,0.0,0.0,400.0,0.0,6,0,0,0,2,0,0,32.325,12.15,94.4,0.0,217.0,0.0,976.0
1994,349,356.0,0.0,0.0,400.0,0.0,6,0,0,0,2,0,0,31.975,11.8,94.05,0.0,217.0,0.0,976.0
1995,351,358.0,2.0,0.0,400.0,0.0,6,0,0,0,2,0,0,31.625,11.45,93.7,0.0,217.0,0.0,976.0
1996,351,358.0,0.0,0.0,400.0,0.0,6,0,0,0,2,0,0,31.275,11.1,93.35,0.0,217.0,0.0,976.0
1997,352,359.0,1.0,0.0,400.0,0.0,6,0,0,0,2,0,0,30.925,10.75,93.0,0.0,217.0,0.0,976.0
1998,352,359.0,0.0,0.0,400.0,0.0,5,0,1,0,2,0,0,30.6188,10.4,92.65,0.0,217.0,1.0,977.0
1999,353,360.0,1.0,0.0,400.0,0.0,4,0,2,0,2,0,0,30.3625,10.05,92.3,1.0,218.0,3.0,980.0
2000,353,360.0,0.0,0.0,400.0,0.0,6,0,1,0,1,0,0,30.0625,9.7,91.95,1.0,219.0,2.0,982.0
