tick,tasks_pending,tasks_outstanding,tasks_created_this_tick,tasks_completed_this_tick,tasks_completed_total,tasks_failed_total,robots_active,robots_idle,robots_blocked,robots_charging,robots_to_charger,robots_waiting_for_charger,robots_failed,average_battery,min_battery,max_battery,replans_this_tick,replans_total,blocked_ticks_this_tick,blocked_ticks_total
1,0,0,0.0,0.0,0.0,0.0,0,13,0,0,0,0,0,100.0,100.0,100.0,0.0,0.0,0.0,0.0
2,0,0,0.0,0.0,0.0,0.0,0,13,0,0,0,0,0,100.0,100.0,100.0,0.0,0.0,0.0,0.0
3,0,1.0,1.0,0.0,0.0,0.0,1,12,0,0,0,0,0,99.9731,99.65,100.0,0.0,0.0,0.0,0.0
4,0,1.0,0.0,0.0,0.0,0.0,1,12,0,0,0,0,0,99.9462,99.3,100.0,0.0,0.0,0.0,0.0
5,0,2.0,1.0,0.0,0.0,0.0,2,11,0,0,0,0,0,99.8923,98.95,100.0,0.0,0.0,0.0,0.0
6,0,2.0,0.0,0.0,0.0,0.0,2,11,0,0,0,0,0,99.8385,98.6,100.0,0.0,0.0,0.0,0.0
7,0,3.0,1.0,0.0,0.0,0.0,3,10,0,0,0,0,0,99.7577,98.25,100.0,0.0,0.0,0.0,0.0
8,0,3.0,0.0,0.0,0.0,0.0,3,10,0,0,0,0,0,99.6769,97.9,100.0,0.0,0.0,0.0,0.0
9,0,4.0,1.0,0.0,0.0,0.0,4,9,0,0,0,0,0,99.5692,97.55,100.0,0.0,0.0,0.0,0.0
10,0,4.0,0.0,0.0,0.0,0.0,4,9,0,0,0,0,0,99.4615,97.2,100.0,0.0,0.0,0.0,0.0
11,0,5.0,1.0,0.0,0.0,0.0,5,8,0,0,0,0,0,99.3269,96.85,100.0,0.0,0.0,0.0,0.0
12,0,5.0,0.0,0.0,0.0,0.0,5,8,0,0,0,0,0,99.1808,96.5,100.0,0.0,0.0,0.0,0.0
13,0,5.0,0.0,0.0,0.0,0.0,5,8,0,0,0,0,0,99.0346,96.15,100.0,0.0,0.0,0.0,0.0
14,0,4.0,0.0,1.0,1.0,0.0,4,9,0,0,0,0,0,98.8654,95.65,100.0,0.0,0.0,0.0,0.0
15,0,5.0,1.0,0.0,1.0,0.0,5,8,0,0,0,0,0,98.7077,95.15,100.0,0.0,0.0,0.0,0.0
16,0,5.0,0.0,0.0,1.0,0.0,5,8,0,0,0,0,0,98.5385,94.65,100.0,0.0,0.0,0.0,0.0
17,0,5.0,0.0,0.0,1.0,0.0,5,8,0,0,0,0,0,98.3692,94.15,100.0,0.0,0.0,0.0,0.0
18,0,4.0,0.0,1.0,2.0,0.0,4,9,0,0,0,0,0,98.2,93.65,100.0,0.0,0.0,0.0,0.0
19,0,6.0,2.0,0.0,2.0,0.0,6,7,0,0,0,0,0,98.0154,93.65,100.0,0.0,0.0,0.0,0.0
20,0,6.0,0.0,0.0,2.0,0.0,6,7,0,0,0,0,0,97.8308,93.35,100.0,0.0,0.0,0.0,0.0
21,0,5.0,0.0,1.0,3.0,0.0,5,8,0,0,0,0,0,97.6462,92.85,100.0,0.0,0.0,0.0,0.0
22,0,4.0,0.0,1.0,4.0,0.0,4,9,0,0,0,0,0,97.4885,92.85,100.0,0.0,0.0,0.0,0.0
23,0,5.0,1.0,0.0,4.0,0.0,5,8,0,0,0,0,0,97.3423,92.85,100.0,0.0,0.0,0.0,0.0
24,0,5.0,0.0,0.0,4.0,0.0,5,8,0,0,0,0,0,97.1962,92.85,100.0,0.0,0.0,0.0,0.0
25,0,6.0,1.0,0.0,4.0,0.0,6,7,0,0,0,0,0,97.0231,92.85,100.0,0.0,0.0,0.0,0.0
26,0,6.0,0.0,0.0,4.0,0.0,6,7,0,0,0,0,0,96.8385,92.85,100.0,0.0,0.0,0.0,0.0
27,0,7.0,1.0,0.0,4.0,0.0,7,6,0,0,0,0,0,96.6038,92.45,100.0,0.0,0.0,0.0,0.0
28,0,6.0,0.0,1.0,5.0,0.0,6,7,0,0,0,0,0,96.3692,91.95,100.0,0.0,0.0,0.0,0.0
29,0,6.0,0.0,0.0,5.0,0.0,6,7,0,0,0,0,0,96.1731,91.45,100.0,0.0,0.0,0.0,0.0
30,0,6.0,0.0,0.0,5.0,0.0,5,7,1,0,0,0,0,96.0038,90.95,100.0,0.0,0.0,1.0,1.0
31,0,7.0,1.0,0.0,5.0,0.0,6,6,1,0,0,0,0,95.7577,90.45,100.0,1.0,1.0,1.0,2.0
32,0,5.0,0.0,2.0,7.0,0.0,5,8,0,0,0,0,0,95.5,89.95,100.0,0.0,1.0,0.0,2.0
33,0,5.0,0.0,0.0,7.0,0.0,5,8,0,0,0,0,0,95.3192,89.45,100.0,0.0,1.0,0.0,2.0
34,0,5.0,0.0,0.0,7.0,0.0,5,8,0,0,0,0,0,95.1385,88.95,100.0,0.0,1.0,0.0,2.0
35,0,7.0,2.0,0.0,7.0,0.0,7,6,0,0,0,0,0,94.9038,88.45,100.0,0.0,1.0,0.0,2.0
36,0,7.0,0.0,0.0,7.0,0.0,7,6,0,0,0,0,0,94.6692,87.95,100.0,0.0,1.0,0.0,2.0
37,0,8.0,1.0,0.0,7.0,0.0,8,5,0,0,0,0,0,94.4077,87.45,100.0,0.0,1.0,0.0,2.0
38,0,8.0,0.0,0.0,7.0,0.0,8,5,0,0,0,0,0,94.1462,86.95,100.0,0.0,1.0,0.0,2.0
39,0,8.0,0.0,0.0,7.0,0.0,8,5,0,0,0,0,0,93.8846,86.45,100.0,0.0,1.0,0.0,2.0
40,0,7.0,0.0,1.0,8.0,0.0,7,6,0,0,0,0,0,93.6231,85.95,100.0,0.0,1.0,0.0,2.0
41,0,6.0,0.0,1.0,9.0,0.0,6,7,0,0,0,0,0,93.3885,85.45,100.0,0.0,1.0,0.0,2.0
42,0,6.0,0.0,0.0,9.0,0.0,6,7,0,0,0,0,0,93.1923,85.45,100.0,0.0,1.0,0.0,2.0
43,0,8.0,2.0,0.0,9.0,0.0,8,5,0,0,0,0,0,92.9423,85.45,100.0,0.0,1.0,0.0,2.0
44,0,8.0,0.0,0.0,9.0,0.0,8,5,0,0,0,0,0,92.6808,85.45,100.0,0.0,1.0,0.0,2.0
45,0,9.0,1.0,0.0,9.0,0.0,9,4,0,0,0,0,0,92.3923,85.45,100.0,0.0,1.0,0.0,2.0
46,0,8.0,0.0,1.0,10.0,0.0,7,5,1,0,0,0,0,92.1423,85.45,100.0,0.0,1.0,1.0,3.0
47,0,8.0,0.0,0.0,10.0,0.0,8,5,0,0,0,0,0,91.8808,85.45,100.0,0.0,1.0,0.0,3.0
48,0,8.0,0.0,0.0,10.0,0.0,7,5,1,0,0,0,0,91.6577,85.45,100.0,0.0,1.0,1.0,4.0
49,0,8.0,0.0,0.0,10.0,0.0,6,5,2,0,0,0,0,91.4731,85.45,100.0,1.0,2.0,2.0,6.0
50,0,6.0,0.0,2.0,12.0,0.0,5,7,1,0,0,0,0,91.2115,85.1,100.0,1.0,3.0,1.0,7.0
51,0,7.0,2.0,1.0,13.0,0.0,7,6,0,0,0,0,0,90.9346,84.95,100.0,0.0,3.0,0.0,7.0
52,0,7.0,0.0,0.0,13.0,0.0,7,6,0,0,0,0,0,90.7231,84.95,100.0,0.0,3.0,0.0,7.0
53,0,7.0,0.0,0.0,13.0,0.0,7,6,0,0,0,0,0,90.5115,84.75,100.0,0.0,3.0,0.0,7.0
54,0,7.0,0.0,0.0,13.0,0.0,7,6,0,0,0,0,0,90.2885,84.4,100.0,0.0,3.0,0.0,7.0
55,0,8.0,2.0,1.0,14.0,0.0,8,5,0,0,0,0,0,90.0115,84.05,100.0,0.0,3.0,0.0,7.0
56,0,6.0,0.0,2.0,16.0,0.0,6,7,0,0,0,0,0,89.75,83.55,100.0,0.0,3.0,0.0,7.0
57,0,6.0,0.0,0.0,16.0,0.0,6,7,0,0,0,0,0,89.5654,83.05,100.0,0.0,3.0,0.0,7.0
58,0,6.0,0.0,0.0,16.0,0.0,6,7,0,0,0,0,0,89.3808,82.55,100.0,0.0,3.0,0.0,7.0
59,0,7.0,1.0,0.0,16.0,0.0,7,6,0,0,0,0,0,89.1692,82.05,100.0,0.0,3.0,0.0,7.0
60,0,7.0,0.0,0.0,16.0,0.0,7,6,0,0,0,0,0,88.9462,81.55,100.0,0.0,3.0,0.0,7.0
61,0,7.0,0.0,0.0,16.0,0.0,7,6,0,0,0,0,0,88.7231,81.05,100.0,0.0,3.0,0.0,7.0
62,0,7.0,0.0,0.0,16.0,0.0,7,6,0,0,0,0,0,88.5,80.55,100.0,0.0,3.0,0.0,7.0
63,0,7.0,0.0,0.0,16.0,0.0,7,6,0,0,0,0,0,88.2769,80.05,100.0,0.0,3.0,0.0,7.0
64,0,7.0,0.0,0.0,16.0,0.0,7,6,0,0,0,0,0,88.0538,79.55,100.0,0.0,3.0,0.0,7.0
65,0,8.0,2.0,1.0,17.0,0.0,8,5,0,0,0,0,0,87.7538,79.05,100.0,0.0,3.0,0.0,7.0
66,0,8.0,0.0,0.0,17.0,0.0,8,5,0,0,0,0,0,87.4808,78.55,100.0,0.0,3.0,0.0,7.0
67,0,10.0,2.0,0.0,17.0,0.0,10,3,0,0,0,0,0,87.1423,78.05,99.65,0.0,3.0,0.0,7.0
68,0,9.0,0.0,1.0,18.0,0.0,9,4,0,0,0,0,0,86.7923,77.55,99.3,0.0,3.0,0.0,7.0
69,0,9.0,0.0,0.0,18.0,0.0,9,4,0,0,0,0,0,86.4808,77.55,98.95,0.0,3.0,0.0,7.0
70,0,8.0,0.0,1.0,19.0,0.0,8,5,0,0,0,0,0,86.1692,77.55,98.6,0.0,3.0,0.0,7.0
71,0,7.0,0.0,1.0,20.0,0.0,7,6,0,0,0,0,0,85.8962,77.55,98.25,0.0,3.0,0.0,7.0
72,0,7.0,0.0,0.0,20.0,0.0,7,6,0,0,0,0,0,85.6615,77.55,97.9,0.0,3.0,0.0,7.0
73,0,7.0,0.0,0.0,20.0,0.0,6,6,1,0,0,0,0,85.4538,77.55,97.55,0.0,3.0,1.0,8.0
74,0,5.0,0.0,2.0,22.0,0.0,4,8,1,0,0,0,0,85.2192,77.2,97.2,1.0,4.0,1.0,9.0
75,0,7.0,2.0,0.0,22.0,0.0,7,6,0,0,0,0,0,85.0077,77.2,96.85,0.0,4.0,0.0,9.0
76,0,7.0,0.0,0.0,22.0,0.0,6,6,1,0,0,0,0,84.8231,77.2,96.5,0.0,4.0,1.0,10.0
77,0,5.0,0.0,2.0,24.0,0.0,5,8,0,0,0,0,0,84.5885,77.2,96.15,0.0,4.0,0.0,10.0
78,0,5.0,0.0,0.0,24.0,0.0,5,8,0,0,0,0,0,84.4308,77.2,95.8,0.0,4.0,0.0,10.0
79,0,7.0,2.0,0.0,24.0,0.0,7,6,0,0,0,0,0,84.2077,77.2,95.45,0.0,4.0,0.0,10.0
80,0,7.0,0.0,0.0,24.0,0.0,7,6,0,0,0,0,0,83.9846,77.2,95.1,0.0,4.0,0.0,10.0
81,0,7.0,0.0,0.0,24.0,0.0,7,6,0,0,0,0,0,83.7615,77.2,94.75,0.0,4.0,0.0,10.0
82,0,7.0,0.0,0.0,24.0,0.0,7,6,0,0,0,0,0,83.5269,77.2,94.4,0.0,4.0,0.0,10.0
83,0,8.0,1.0,0.0,24.0,0.0,8,5,0,0,0,0,0,83.2654,76.85,94.05,0.0,4.0,0.0,10.0
84,0,7.0,0.0,1.0,25.0,0.0,6,6,1,0,0,0,0,83.0423,76.5,93.7,0.0,4.0,1.0,11.0
85,0,8.0,1.0,0.0,25.0,0.0,7,5,1,0,0,0,0,82.8038,76.15,93.35,1.0,5.0,1.0,12.0
86,0,7.0,0.0,1.0,26.0,0.0,5,6,2,0,0,0,0,82.6077,75.8,93.0,0.0,5.0,2.0,14.0
87,0,7.0,0.0,0.0,26.0,0.0,5,6,2,0,0,0,0,82.3962,75.4,92.65,2.0,7.0,2.0,16.0
88,0,5.0,0.0,2.0,28.0,0.0,5,8,0,0,0,0,0,82.1615,74.9,92.3,0.0,7.0,0.0,16.0
89,0,5.0,0.0,0.0,28.0,0.0,5,8,0,0,0,0,0,81.9923,74.4,91.95,0.0,7.0,0.0,16.0
90,0,5.0,0.0,0.0,28.0,0.0,5,8,0,0,0,0,0,81.8231,73.9,91.6,0.0,7.0,0.0,16.0
91,0,7.0,2.0,0.0,28.0,0.0,7,6,0,0,0,0,0,81.5885,73.4,91.25,0.0,7.0,0.0,16.0
92,0,6.0,0.0,1.0,29.0,0.0,6,7,0,0,0,0,0,81.3538,72.9,90.9,0.0,7.0,0.0,16.0
93,0,6.0,1.0,1.0,30.0,0.0,6,7,0,0,0,0,0,81.1308,72.4,90.55,0.0,7.0,0.0,16.0
94,0,6.0,0.0,0.0,30.0,0.0,6,7,0,0,0,0,0,80.9462,71.9,90.2,0.0,7.0,0.0,16.0
95,0,7.0,1.0,0.0,30.0,0.0,7,6,0,0,0,0,0,80.7346,71.4,89.85,0.0,7.0,0.0,16.0
96,0,7.0,0.0,0.0,30.0,0.0,7,6,0,0,0,0,0,80.5231,70.9,89.5,0.0,7.0,0.0,16.0
97,0,7.0,0.0,0.0,30.0,0.0,7,6,0,0,0,0,0,80.3,70.4,89.15,0.0,7.0,0.0,16.0
98,0,7.0,0.0,0.0,30.0,0.0,7,6,0,0,0,0,0,80.0654,69.9,88.8,0.0,7.0,0.0,16.0
99,0,7.0,1.0,1.0,31.0,0.0,6,6,1,0,0,0,0,79.8423,69.4,88.45,0.0,7.0,1.0,17.0
100,0,7.0,0.0,0.0,31.0,0.0,6,6,1,0,0,0,0,79.6308,68.9,88.1,1.0,8.0,1.0,18.0
101,0,6.0,0.0,1.0,32.0,0.0,6,7,0,0,0,0,0,79.4077,68.4,87.75,0.0,8.0,0.0,18.0
102,0,6.0,0.0,0.0,32.0,0.0,6,7,0,0,0,0,0,79.2231,67.9,87.4,0.0,8.0,0.0,18.0
103,0,6.0,1.0,1.0,33.0,0.0,5,7,1,0,0,0,0,79.0385,67.4,87.05,0.0,8.0,1.0,19.0
104,0,6.0,0.0,0.0,33.0,0.0,5,7,1,0,0,0,0,78.9077,66.9,87.05,1.0,9.0,2.0,21.0
105,0,7.0,1.0,0.0,33.0,0.0,7,6,0,0,0,0,0,78.6846,66.4,86.7,0.0,9.0,0.0,21.0
106,0,7.0,0.0,0.0,33.0,0.0,7,6,0,0,0,0,0,78.45,65.9,86.2,0.0,9.0,0.0,21.0
107,0,9.0,2.0,0.0,33.0,0.0,9,4,0,0,0,0,0,78.1615,65.4,85.7,0.0,9.0,0.0,21.0
108,0,9.0,0.0,0.0,33.0,0.0,9,4,0,0,0,0,0,77.8731,64.9,85.2,0.0,9.0,0.0,21.0
109,0,9.0,0.0,0.0,33.0,0.0,9,4,0,0,0,0,0,77.5846,64.4,84.7,0.0,9.0,0.0,21.0
110,0,9.0,0.0,0.0,33.0,0.0,9,4,0,0,0,0,0,77.2731,63.9,84.2,0.0,9.0,0.0,21.0
111,0,8.0,0.0,1.0,34.0,0.0,8,5,0,0,0,0,0,76.9615,63.4,83.7,0.0,9.0,0.0,21.0
112,0,7.0,0.0,1.0,35.0,0.0,7,6,0,0,0,0,0,76.6885,63.4,83.2,0.0,9.0,0.0,21.0
113,0,6.0,0.0,1.0,36.0,0.0,5,7,1,0,0,0,0,76.4923,63.4,83.2,0.0,9.0,1.0,22.0
114,0,6.0,0.0,0.0,36.0,0.0,6,7,0,0,0,0,0,76.2962,63.4,82.7,0.0,9.0,0.0,22.0
115,0,9.0,3.0,0.0,36.0,0.0,7,4,2,0,0,0,0,76.0846,63.4,82.7,0.0,9.0,2.0,24.0
116,0,9.0,0.0,0.0,36.0,0.0,8,4,1,0,0,0,0,75.8615,63.4,82.7,1.0,10.0,2.0,26.0
117,0,9.0,0.0,0.0,36.0,0.0,9,4,0,0,0,0,0,75.5615,63.4,82.2,0.0,10.0,0.0,26.0
118,0,9.0,0.0,0.0,36.0,0.0,9,4,0,0,0,0,0,75.25,63.4,81.7,0.0,10.0,0.0,26.0
119,0,9.0,0.0,0.0,36.0,0.0,9,4,0,0,0,0,0,74.9385,63.4,81.2,0.0,10.0,0.0,26.0
120,0,9.0,0.0,0.0,36.0,0.0,9,4,0,0,0,0,0,74.6154,63.4,80.7,0.0,10.0,0.0,26.0
121,0,10.0,1.0,0.0,36.0,0.0,9,3,1,0,0,0,0,74.2923,63.4,80.2,0.0,10.0,1.0,27.0
122,0,10.0,0.0,0.0,36.0,0.0,8,3,2,0,0,0,0,74.0462,63.4,80.2,1.0,11.0,3.0,30.0
123,0,11.0,1.0,0.0,36.0,0.0,10,2,1,0,0,0,0,73.6808,63.4,79.7,1.0,12.0,1.0,31.0
124,0,10.0,0.0,1.0,37.0,0.0,9,3,1,0,0,0,0,73.3192,63.4,79.7,0.0,12.0,1.0,32.0
125,0,10.0,1.0,1.0,38.0,0.0,10,3,0,0,0,0,0,72.9308,63.4,79.2,0.0,12.0,0.0,32.0
126,0,9.0,0.0,1.0,39.0,0.0,9,4,0,0,0,0,0,72.5808,63.4,78.7,0.0,12.0,0.0,32.0
127,0,10.0,1.0,0.0,39.0,0.0,9,3,1,0,0,0,0,72.2692,63.4,78.2,0.0,12.0,1.0,33.0
128,0,10.0,0.0,0.0,39.0,0.0,8,3,2,0,0,0,0,71.9846,63.4,77.7,0.0,12.0,2.0,35.0
129,0,9.0,0.0,1.0,40.0,0.0,8,4,1,0,0,0,0,71.7,63.4,77.2,1.0,13.0,2.0,37.0
130,0,9.0,0.0,0.0,40.0,0.0,9,4,0,0,0,0,0,71.4,63.4,76.7,0.0,13.0,0.0,37.0
131,0,10.0,1.0,0.0,40.0,0.0,10,3,0,0,0,0,0,71.0731,63.4,76.2,0.0,13.0,0.0,37.0
132,0,9.0,0.0,1.0,41.0,0.0,7,4,2,0,0,0,0,70.8115,62.95,76.2,0.0,13.0,2.0,39.0
133,0,9.0,0.0,0.0,41.0,0.0,8,4,1,0,0,0,0,70.5769,62.45,76.2,1.0,14.0,2.0,41.0
134,0,9.0,0.0,0.0,41.0,0.0,7,4,2,0,0,0,0,70.3538,61.95,75.7,0.0,14.0,2.0,43.0
135,0,9.0,2.0,2.0,43.0,0.0,8,4,1,0,0,0,0,70.0269,61.45,75.2,1.0,15.0,1.0,44.0
136,0,8.0,0.0,1.0,44.0,0.0,8,5,0,0,0,0,0,69.7,60.95,75.2,0.0,15.0,0.0,44.0
137,0,8.0,0.0,0.0,44.0,0.0,8,5,0,0,0,0,0,69.4385,60.45,75.2,0.0,15.0,0.0,44.0
138,0,8.0,0.0,0.0,44.0,0.0,8,5,0,0,0,0,0,69.1654,59.95,75.2,0.0,15.0,0.0,44.0
139,0,10.0,2.0,0.0,44.0,0.0,9,3,1,0,0,0,0,68.8769,59.95,74.85,0.0,15.0,1.0,45.0
140,0,9.0,0.0,1.0,45.0,0.0,8,4,1,0,0,0,0,68.6154,59.95,74.5,1.0,16.0,2.0,47.0
141,0,8.0,0.0,1.0,46.0,0.0,8,5,0,0,0,0,0,68.3269,59.45,74.15,0.0,16.0,0.0,47.0
142,0,8.0,0.0,0.0,46.0,0.0,7,5,1,0,0,0,0,68.1038,58.95,73.8,0.0,16.0,1.0,48.0
143,0,8.0,0.0,0.0,46.0,0.0,6,5,2,0,0,0,0,67.9462,58.95,73.8,1.0,17.0,3.0,51.0
144,0,8.0,0.0,0.0,46.0,0.0,7,5,1,0,0,0,0,67.7346,58.95,73.45,0.0,17.0,1.0,52.0
145,0,9.0,1.0,0.0,46.0,0.0,8,4,1,0,0,0,0,67.4962,58.95,73.1,0.0,17.0,1.0,53.0
146,0,9.0,0.0,0.0,46.0,0.0,7,4,2,0,0,0,0,67.2962,58.95,72.75,0.0,17.0,2.0,55.0
147,0,10.0,1.0,0.0,46.0,0.0,10,3,0,0,0,0,0,67.0308,58.95,72.4,1.0,18.0,1.0,56.0
148,0,10.0,0.0,0.0,46.0,0.0,10,3,0,0,0,0,0,66.7154,58.45,72.05,0.0,18.0,0.0,56.0
149,0,11.0,1.0,0.0,46.0,0.0,11,2,0,0,0,0,0,66.3731,57.95,71.7,0.0,18.0,0.0,56.0
150,0,10.0,0.0,1.0,47.0,0.0,8,3,2,0,0,0,0,66.0962,57.95,71.2,0.0,18.0,2.0,58.0
151,0,11.0,1.0,0.0,47.0,0.0,9,2,2,0,0,0,0,65.8462,57.8,70.7,1.0,19.0,3.0,61.0
152,0,11.0,0.0,0.0,47.0,0.0,10,2,1,0,0,0,0,65.5308,57.3,70.2,0.0,19.0,1.0,62.0
153,0,11.0,0.0,0.0,47.0,0.0,10,2,1,0,0,0,0,65.2154,56.8,69.7,0.0,19.0,1.0,63.0
154,0,11.0,0.0,0.0,47.0,0.0,11,2,0,0,0,0,0,64.8885,56.3,69.2,1.0,20.0,1.0,64.0
155,0,12.0,2.0,1.0,48.0,0.0,11,1,1,0,0,0,0,64.4962,55.8,68.75,0.0,20.0,1.0,65.0
156,0,12.0,0.0,0.0,48.0,0.0,10,1,2,0,0,0,0,64.1577,55.8,68.25,0.0,20.0,2.0,67.0
157,0,11.0,0.0,1.0,49.0,0.0,8,2,3,0,0,0,0,63.8192,55.45,67.75,1.0,21.0,3.0,70.0
158,0,10.0,0.0,1.0,50.0,0.0,10,3,0,0,0,0,0,63.4423,55.45,67.25,0.0,21.0,0.0,70.0
159,0,10.0,0.0,0.0,50.0,0.0,8,3,2,0,0,0,0,63.1577,55.45,67.25,0.0,21.0,2.0,72.0
160,0,10.0,0.0,0.0,50.0,0.0,9,3,1,0,0,0,0,62.8731,55.45,67.25,1.0,22.0,2.0,74.0
161,0,9.0,0.0,1.0,51.0,0.0,8,4,1,0,0,0,0,62.5885,55.45,67.25,1.0,23.0,2.0,76.0
162,0,9.0,0.0,0.0,51.0,0.0,8,4,1,0,0,0,0,62.3423,55.45,67.25,1.0,24.0,1.0,77.0
163,0,11.0,3.0,1.0,52.0,0.0,11,2,0,0,0,0,0,61.9769,55.1,66.9,0.0,24.0,0.0,77.0
164,0,9.0,0.0,2.0,54.0,0.0,8,4,1,0,0,0,0,61.7038,54.75,66.9,0.0,24.0,1.0,78.0
165,0,9.0,1.0,1.0,55.0,0.0,8,4,1,0,0,0,0,61.4654,54.4,66.9,1.0,25.0,2.0,80.0
166,0,9.0,0.0,0.0,55.0,0.0,7,4,2,0,0,0,0,61.2654,54.05,66.9,1.0,26.0,2.0,82.0
167,0,8.0,0.0,1.0,56.0,0.0,6,5,2,0,0,0,0,61.0269,53.7,66.9,0.0,26.0,2.0,84.0
168,0,8.0,0.0,0.0,56.0,0.0,7,5,1,0,0,0,0,60.8538,53.35,66.9,1.0,27.0,2.0,86.0
169,0,8.0,0.0,0.0,56.0,0.0,8,5,0,0,0,0,0,60.6269,53.0,66.9,0.0,27.0,0.0,86.0
170,0,8.0,0.0,0.0,56.0,0.0,6,5,2,0,0,0,0,60.4654,53.0,66.9,0.0,27.0,2.0,88.0
171,0,9.0,1.0,0.0,56.0,0.0,7,4,2,0,0,0,0,60.3038,53.0,66.55,1.0,28.0,3.0,91.0
172,0,9.0,0.0,0.0,56.0,0.0,9,4,0,0,0,0,0,60.05,52.65,66.2,0.0,28.0,0.0,91.0
173,0,9.0,0.0,0.0,56.0,0.0,9,4,0,0,0,0,0,59.7962,52.3,65.85,0.0,28.0,0.0,91.0
174,0,9.0,0.0,0.0,56.0,0.0,9,4,0,0,0,0,0,59.5423,51.95,65.5,0.0,28.0,0.0,91.0
175,0,11.0,2.0,0.0,56.0,0.0,11,2,0,0,0,0,0,59.2346,51.6,65.15,0.0,28.0,0.0,91.0
176,0,11.0,0.0,0.0,56.0,0.0,9,2,2,0,0,0,0,58.9808,51.25,64.8,0.0,28.0,2.0,93.0
177,0,12.0,1.0,0.0,56.0,0.0,10,1,2,0,0,0,0,58.7269,50.9,64.45,1.0,29.0,3.0,96.0
178,0,11.0,0.0,1.0,57.0,0.0,11,2,0,0,0,0,0,58.3923,50.55,64.1,0.0,29.0,0.0,96.0
179,0,12.0,1.0,0.0,57.0,0.0,12,1,0,0,0,0,0,58.0692,50.2,63.75,0.0,29.0,0.0,96.0
180,0,12.0,0.0,0.0,57.0,0.0,12,1,0,0,0,0,0,57.7231,49.85,63.25,0.0,29.0,0.0,96.0
181,0,12.0,0.0,0.0,57.0,0.0,10,1,2,0,0,0,0,57.3962,49.85,62.75,0.0,29.0,2.0,98.0
182,0,11.0,0.0,1.0,58.0,0.0,9,2,2,0,0,0,0,57.0962,49.5,62.25,1.0,30.0,3.0,101.0
183,0,10.0,0.0,1.0,59.0,0.0,10,3,0,0,0,0,0,56.7538,49.0,61.75,0.0,30.0,0.0,101.0
184,0,10.0,0.0,0.0,59.0,0.0,10,3,0,0,0,0,0,56.4385,48.5,61.25,0.0,30.0,0.0,101.0
185,0,11.0,1.0,0.0,59.0,0.0,11,2,0,0,0,0,0,56.0846,48.0,60.75,0.0,30.0,0.0,101.0
186,0,11.0,0.0,0.0,59.0,0.0,11,2,0,0,0,0,0,55.7077,47.5,60.25,0.0,30.0,0.0,101.0
187,0,13.0,2.0,0.0,59.0,0.0,13,0,0,0,0,0,0,55.2654,47.0,59.75,0.0,30.0,0.0,101.0
188,0,12.0,0.0,1.0,60.0,0.0,10,1,2,0,0,0,0,54.8885,46.5,59.25,0.0,30.0,2.0,103.0
189,0,12.0,0.0,0.0,60.0,0.0,11,1,1,0,0,0,0,54.55,46.0,59.25,1.0,31.0,2.0,105.0
190,0,11.0,0.0,1.0,61.0,0.0,10,2,1,0,0,0,0,54.1731,45.5,58.9,0.0,31.0,1.0,106.0
191,0,12.0,1.0,0.0,61.0,0.0,9,1,3,0,0,0,0,53.8846,45.5,58.55,0.0,31.0,3.0,109.0
192,0,12.0,0.0,0.0,61.0,0.0,11,1,1,0,0,0,0,53.5962,45.3,58.25,2.0,33.0,3.0,112.0
193,0,11.0,0.0,1.0,62.0,0.0,11,2,0,0,0,0,0,53.1923,44.8,57.85,0.0,33.0,0.0,112.0
194,0,11.0,0.0,0.0,62.0,0.0,10,2,1,0,0,0,0,52.8538,44.3,57.5,0.0,33.0,1.0,113.0
195,0,12.0,2.0,1.0,63.0,0.0,12,1,0,0,0,0,0,52.4231,43.8,57.15,0.0,33.0,0.0,113.0
196,0,12.0,0.0,0.0,63.0,0.0,11,1,1,0,0,0,0,52.0577,43.5,56.8,0.0,33.0,1.0,114.0
197,0,10.0,0.0,2.0,65.0,0.0,10,3,0,0,0,0,0,51.6538,43.0,56.45,0.0,33.0,0.0,114.0
198,0,10.0,0.0,0.0,65.0,0.0,9,3,1,0,0,0,0,51.3654,42.5,56.1,0.0,33.0,1.0,115.0
199,0,11.0,1.0,0.0,65.0,0.0,11,2,0,0,0,0,0,51.0,42.0,55.6,0.0,33.0,0.0,115.0
200,0,10.0,0.0,1.0,66.0,0.0,10,3,0,0,0,0,0,50.6346,41.5,55.1,0.0,33.0,0.0,115.0
201,0,10.0,0.0,0.0,66.0,0.0,10,3,0,0,0,0,0,50.2962,41.0,54.6,0.0,33.0,0.0,115.0
202,0,10.0,0.0,0.0,66.0,0.0,10,3,0,0,0,0,0,49.9577,40.5,54.1,0.0,33.0,0.0,115.0
203,0,11.0,1.0,0.0,66.0,0.0,8,2,3,0,0,0,0,49.6846,40.0,53.6,0.0,33.0,3.0,118.0
204,0,11.0,0.0,0.0,66.0,0.0,9,2,2,0,0,0,0,49.4385,39.5,53.1,2.0,35.0,4.0,122.0
205,0,10.0,2.0,3.0,69.0,0.0,10,3,0,0,0,0,0,49.0077,39.0,52.7,0.0,35.0,0.0,122.0
206,0,10.0,0.0,0.0,69.0,0.0,8,3,2,0,0,0,0,48.7692,38.5,52.6,0.0,35.0,2.0,124.0
207,0,10.0,0.0,0.0,69.0,0.0,8,3,2,0,0,0,0,48.5192,38.0,52.6,0.0,35.0,2.0,126.0
208,0,10.0,0.0,0.0,69.0,0.0,8,3,2,0,0,0,0,48.2962,38.0,52.6,1.0,36.0,3.0,129.0
209,0,9.0,0.0,1.0,70.0,0.0,8,4,1,0,0,0,0,47.9962,38.0,52.6,1.0,37.0,1.0,130.0
210,0,9.0,0.0,0.0,70.0,0.0,8,4,1,0,0,0,0,47.7077,37.5,52.6,0.0,37.0,1.0,131.0
211,0,10.0,2.0,1.0,71.0,0.0,8,3,2,0,0,0,0,47.4192,37.5,52.25,1.0,38.0,2.0,133.0
212,0,9.0,0.0,1.0,72.0,0.0,7,4,2,0,0,0,0,47.1808,37.5,51.9,1.0,39.0,3.0,136.0
213,0,9.0,0.0,0.0,72.0,0.0,8,4,1,0,0,0,0,46.9692,37.0,51.55,1.0,40.0,2.0,138.0
214,0,8.0,0.0,1.0,73.0,0.0,8,5,0,0,0,0,0,46.6808,36.5,51.4,0.0,40.0,0.0,138.0
215,0,9.0,1.0,0.0,73.0,0.0,6,4,3,0,0,0,0,46.4962,36.5,51.4,0.0,40.0,3.0,141.0
216,0,9.0,0.0,0.0,73.0,0.0,7,4,2,0,0,0,0,46.2731,36.5,51.4,2.0,42.0,3.0,144.0
217,0,8.0,0.0,1.0,74.0,0.0,8,5,0,0,0,0,0,45.9731,36.0,51.05,0.0,42.0,0.0,144.0
218,0,7.0,0.0,1.0,75.0,0.0,6,6,1,0,0,0,0,45.7154,36.0,50.7,0.0,42.0,1.0,145.0
219,0,9.0,2.0,0.0,75.0,0.0,8,4,1,0,0,0,0,45.4808,36.0,50.35,1.0,43.0,2.0,147.0
220,0,9.0,0.0,0.0,75.0,0.0,9,4,0,0,0,0,0,45.1808,36.0,50.0,0.0,43.0,0.0,147.0
221,0,8.0,0.0,1.0,76.0,0.0,7,5,1,0,0,0,0,44.9192,36.0,49.65,0.0,43.0,1.0,148.0
222,0,7.0,0.0,1.0,77.0,0.0,7,6,0,0,0,0,0,44.6577,36.0,49.3,0.0,43.0,0.0,148.0
223,0,8.0,1.0,0.0,77.0,0.0,8,5,0,0,0,0,0,44.3962,36.0,48.95,0.0,43.0,0.0,148.0
224,0,8.0,0.0,0.0,77.0,0.0,8,5,0,0,0,0,0,44.1231,36.0,48.6,0.0,43.0,0.0,148.0
225,0,7.0,1.0,2.0,79.0,0.0,7,6,0,0,0,0,0,43.8231,36.0,48.25,0.0,43.0,0.0,148.0
226,0,7.0,0.0,0.0,79.0,0.0,6,6,1,0,0,0,0,43.6385,36.0,47.9,0.0,43.0,1.0,149.0
227,0,8.0,1.0,0.0,79.0,0.0,7,5,1,0,0,0,0,43.4269,36.0,47.55,1.0,44.0,1.0,150.0
228,0,7.0,0.0,1.0,80.0,0.0,7,6,0,0,0,0,0,43.1385,36.0,47.2,0.0,44.0,0.0,150.0
229,0,7.0,0.0,0.0,80.0,0.0,7,6,0,0,0,0,0,42.9154,36.0,46.85,0.0,44.0,0.0,150.0
230,0,7.0,0.0,0.0,80.0,0.0,7,6,0,0,0,0,0,42.6923,36.0,46.5,0.0,44.0,0.0,150.0
231,0,7.0,0.0,0.0,80.0,0.0,7,6,0,0,0,0,0,42.4692,36.0,46.15,0.0,44.0,0.0,150.0
232,0,7.0,0.0,0.0,80.0,0.0,7,6,0,0,0,0,0,42.2231,36.0,45.65,0.0,44.0,0.0,150.0
233,0,7.0,1.0,1.0,81.0,0.0,7,6,0,0,0,0,0,41.95,36.0,45.25,0.0,44.0,0.0,150.0
234,0,7.0,0.0,0.0,81.0,0.0,6,6,1,0,0,0,0,41.7423,36.0,44.9,0.0,44.0,1.0,151.0
235,0,10.0,3.0,0.0,81.0,0.0,10,3,0,0,0,0,0,41.4038,35.65,44.55,0.0,44.0,0.0,151.0
236,0,9.0,0.0,1.0,82.0,0.0,9,4,0,0,0,0,0,41.0538,35.15,44.2,0.0,44.0,0.0,151.0
237,0,9.0,0.0,0.0,82.0,0.0,9,4,0,0,0,0,0,40.7423,34.65,43.85,0.0,44.0,0.0,151.0
238,0,9.0,0.0,0.0,82.0,0.0,9,4,0,0,0,0,0,40.4308,34.15,43.5,0.0,44.0,0.0,151.0
239,0,9.0,0.0,0.0,82.0,0.0,9,4,0,0,0,0,0,40.1077,33.65,43.0,0.0,44.0,0.0,151.0
240,0,9.0,0.0,0.0,82.0,0.0,9,4,0,0,0,0,0,39.7846,33.15,42.6,0.0,44.0,0.0,151.0
241,0,8.0,0.0,1.0,83.0,0.0,7,5,1,0,0,0,0,39.5,32.65,42.5,0.0,44.0,1.0,152.0
242,0,8.0,0.0,0.0,83.0,0.0,7,5,1,0,0,0,0,39.2269,32.15,42.5,1.0,45.0,1.0,153.0
243,0,8.0,1.0,1.0,84.0,0.0,6,5,2,0,0,0,0,38.9808,32.15,42.0,0.0,45.0,2.0,155.0
244,0,8.0,0.0,0.0,84.0,0.0,7,5,1,0,0,0,0,38.7731,32.15,42.0,2.0,47.0,2.0,157.0
245,0,8.0,1.0,1.0,85.0,0.0,8,5,0,0,0,0,0,38.4462,31.65,41.65,0.0,47.0,0.0,157.0
246,0,6.0,0.0,2.0,87.0,0.0,6,7,0,0,0,0,0,38.1731,31.15,41.3,0.0,47.0,0.0,157.0
247,0,8.0,2.0,0.0,87.0,0.0,6,5,2,0,0,0,0,38.0,31.15,40.95,0.0,47.0,2.0,159.0
248,0,7.0,0.0,1.0,88.0,0.0,6,6,1,0,0,0,0,37.7769,30.65,40.9,1.0,48.0,1.0,160.0
249,0,6.0,0.0,1.0,89.0,0.0,6,7,0,0,0,0,0,37.5038,30.65,40.9,0.0,48.0,0.0,160.0
250,0,6.0,0.0,0.0,89.0,0.0,6,7,0,0,0,0,0,37.2962,30.65,40.9,0.0,48.0,0.0,160.0
251,0,6.0,1.0,1.0,90.0,0.0,6,7,0,0,0,0,0,37.0615,30.65,40.9,0.0,48.0,0.0,160.0
252,0,6.0,0.0,0.0,90.0,0.0,5,7,1,0,0,0,0,36.9038,30.65,40.9,0.0,48.0,1.0,161.0
253,0,6.0,0.0,0.0,90.0,0.0,6,7,0,0,0,0,0,36.7077,30.65,40.9,0.0,48.0,0.0,161.0
254,0,5.0,0.0,1.0,91.0,0.0,5,8,0,0,0,0,0,36.5115,30.65,40.9,0.0,48.0,0.0,161.0
255,0,6.0,1.0,0.0,91.0,0.0,6,7,0,0,0,0,0,36.3269,30.65,40.9,0.0,48.0,0.0,161.0
256,0,6.0,0.0,0.0,91.0,0.0,5,7,1,0,0,0,0,36.1808,30.65,40.9,0.0,48.0,1.0,162.0
257,0,5.0,0.0,1.0,92.0,0.0,4,8,1,0,0,0,0,36.0077,30.65,40.9,1.0,49.0,1.0,163.0
258,0,4.0,0.0,1.0,93.0,0.0,4,9,0,0,0,0,0,35.8615,30.65,40.9,0.0,49.0,0.0,163.0
259,0,6.0,2.0,0.0,93.0,0.0,5,7,1,0,0,0,0,35.7269,30.65,40.9,0.0,49.0,1.0,164.0
260,0,6.0,0.0,0.0,93.0,0.0,6,7,0,0,0,0,0,35.5654,30.65,40.9,0.0,49.0,0.0,164.0
261,0,7.0,1.0,0.0,93.0,0.0,7,6,0,0,0,0,0,35.3769,30.65,40.55,0.0,49.0,0.0,164.0
262,0,7.0,0.0,0.0,93.0,0.0,7,6,0,0,0,0,0,35.1769,30.65,40.2,0.0,49.0,0.0,164.0
263,0,7.0,0.0,0.0,93.0,0.0,7,6,0,0,0,0,0,34.9769,30.65,39.85,0.0,49.0,0.0,164.0
264,0,7.0,0.0,0.0,93.0,0.0,5,6,2,0,0,0,0,34.8192,30.65,39.35,0.0,49.0,2.0,166.0
265,0,8.0,1.0,0.0,93.0,0.0,6,5,2,0,0,0,0,34.5692,30.3,38.85,2.0,51.0,2.0,168.0
266,0,7.0,0.0,1.0,94.0,0.0,7,6,0,0,0,0,0,34.3077,30.3,38.35,0.0,51.0,0.0,168.0
267,0,7.0,1.0,1.0,95.0,0.0,7,6,0,0,0,0,0,34.0346,29.85,38.35,0.0,51.0,0.0,168.0
268,0,7.0,0.0,0.0,95.0,0.0,6,6,1,0,0,0,0,33.8385,29.85,38.35,0.0,51.0,1.0,169.0
269,0,7.0,0.0,0.0,95.0,0.0,7,6,0,0,0,0,0,33.5923,29.5,38.35,0.0,51.0,0.0,169.0
270,0,7.0,0.0,0.0,95.0,0.0,7,6,0,0,0,0,0,33.3462,29.0,38.35,0.0,51.0,0.0,169.0
271,0,8.0,1.0,0.0,95.0,0.0,8,5,0,0,0,0,0,33.0731,28.5,38.35,0.0,51.0,0.0,169.0
272,0,8.0,0.0,0.0,95.0,0.0,6,5,2,0,0,0,0,32.8538,28.0,38.35,0.0,51.0,2.0,171.0
273,0,8.0,0.0,0.0,95.0,0.0,7,5,1,0,0,0,0,32.6346,27.5,38.35,1.0,52.0,2.0,173.0
274,0,8.0,0.0,0.0,95.0,0.0,8,5,0,0,0,0,0,32.35,27.0,38.35,0.0,52.0,0.0,173.0
275,0,10.0,3.0,1.0,96.0,0.0,8,3,2,0,0,0,0,32.0885,26.5,38.0,0.0,52.0,2.0,175.0
276,0,9.0,0.0,1.0,97.0,0.0,8,4,1,0,0,0,0,31.7885,26.5,37.65,0.0,52.0,1.0,176.0
277,0,9.0,0.0,0.0,97.0,0.0,7,3,2,0,1,0,0,31.5269,26.5,37.3,0.0,52.0,2.0,178.0
278,0,9.0,0.0,0.0,97.0,0.0,8,3,1,0,1,0,0,31.2538,26.45,36.8,1.0,53.0,2.0,180.0
279,0,9.0,0.0,0.0,97.0,0.0,7,3,2,0,1,0,0,30.9923,26.0,36.7,0.0,53.0,2.0,182.0
280,0,8.0,0.0,1.0,98.0,0.0,6,4,2,0,1,0,0,30.7308,25.5,36.7,0.0,53.0,2.0,184.0
281,0,8.0,0.0,0.0,98.0,0.0,6,4,2,0,1,0,0,30.5346,25.45,36.7,1.0,54.0,3.0,187.0
282,0,8.0,0.0,0.0,98.0,0.0,8,4,0,0,1,0,0,30.2615,24.95,36.7,1.0,55.0,1.0,188.0
283,0,10.0,2.0,0.0,98.0,0.0,10,2,0,0,1,0,0,29.9346,24.45,36.35,0.0,55.0,0.0,188.0
284,0,10.0,0.0,0.0,98.0,0.0,8,2,3,0,0,0,0,29.7385,23.95,36.0,0.0,55.0,3.0,191.0
285,0,11.0,1.0,0.0,98.0,0.0,10,1,1,0,1,0,0,29.4115,23.45,35.65,1.0,56.0,2.0,193.0
286,0,9.0,0.0,2.0,100.0,0.0,9,3,0,0,1,0,0,29.0192,22.95,35.3,0.0,56.0,0.0,193.0
287,0,8.0,0.0,1.0,101.0,0.0,8,4,0,0,1,0,0,28.7038,22.95,34.95,0.0,56.0,0.0,193.0
288,0,8.0,0.0,0.0,101.0,0.0,8,4,0,0,1,0,0,28.4269,22.95,34.6,0.0,56.0,0.0,193.0
289,0,9.0,1.0,0.0,101.0,0.0,9,3,0,0,1,0,0,28.1231,22.95,34.25,0.0,56.0,0.0,193.0
290,0,9.0,0.0,0.0,101.0,0.0,8,3,1,0,1,0,0,27.8462,22.95,34.25,0.0,56.0,1.0,194.0
291,0,9.0,1.0,1.0,102.0,0.0,8,3,1,0,1,0,0,27.5423,22.95,34.25,1.0,57.0,1.0,195.0
292,0,9.0,0.0,0.0,102.0,0.0,9,3,0,0,1,0,0,27.2231,22.8,33.9,0.0,57.0,0.0,195.0
293,0,9.0,0.0,0.0,102.0,0.0,8,3,1,0,1,0,0,26.9462,22.45,33.4,0.0,57.0,1.0,196.0
294,0,9.0,0.0,0.0,102.0,0.0,9,3,0,0,1,0,0,26.6077,22.1,32.9,0.0,57.0,0.0,196.0
295,0,11.0,2.0,0.0,102.0,0.0,10,1,1,1,0,0,0,26.2308,22.1,32.4,0.0,57.0,1.0,197.0
296,0,10.0,0.0,1.0,103.0,0.0,7,2,3,1,0,0,0,26.5458,22.1,31.9,0.0,57.0,3.0,200.0
297,0,10.0,0.0,0.0,103.0,0.0,8,2,2,1,0,0,0,26.9262,21.9,38.84,2.0,59.0,4.0,204.0
298,0,10.0,0.0,0.0,103.0,0.0,10,2,0,1,0,0,0,27.1758,21.55,46.485,0.0,59.0,0.0,204.0
299,0,10.0,1.0,1.0,104.0,0.0,10,2,0,1,0,0,0,27.3985,21.2,54.13,0.0,59.0,0.0,204.0
300,0,10.0,0.0,0.0,104.0,0.0,10,2,0,1,0,0,0,27.6596,20.8,61.775,0.0,59.0,0.0,204.0
301,0,9.0,0.0,1.0,105.0,0.0,7,3,2,1,0,0,0,27.9746,20.3,69.42,0.0,59.0,2.0,206.0
302,0,8.0,0.0,1.0,106.0,0.0,7,3,1,1,1,0,0,28.3012,19.8,77.065,1.0,60.0,2.0,208.0
303,0,8.0,1.0,1.0,107.0,0.0,8,3,0,1,1,0,0,28.5623,19.3,84.71,0.0,60.0,0.0,208.0
304,0,8.0,0.0,0.0,107.0,0.0,8,3,0,1,1,0,0,28.8619,18.8,92.355,0.0,60.0,0.0,208.0
305,0,9.0,1.0,0.0,107.0,0.0,8,3,1,0,1,0,0,29.1615,18.3,99.65,0.0,60.0,1.0,209.0
306,0,9.0,0.0,0.0,107.0,0.0,9,3,0,0,1,0,0,28.8615,17.8,99.3,1.0,61.0,1.0,210.0
307,0,11.0,2.0,0.0,107.0,0.0,11,1,0,0,1,0,0,28.4808,17.3,98.95,0.0,61.0,0.0,210.0
308,0,11.0,0.0,0.0,107.0,0.0,11,1,0,0,1,0,0,28.0885,16.8,98.6,0.0,61.0,0.0,210.0
309,0,11.0,0.0,0.0,107.0,0.0,11,0,0,0,2,0,0,27.6692,16.3,98.25,0.0,61.0,0.0,210.0
310,0,10.0,0.0,1.0,108.0,0.0,10,1,0,0,2,0,0,27.25,15.8,97.9,0.0,61.0,0.0,210.0
311,0,9.0,0.0,1.0,109.0,0.0,9,2,0,0,2,0,0,26.8692,15.3,97.55,0.0,61.0,0.0,210.0
312,0,8.0,0.0,1.0,110.0,0.0,8,3,1,0,1,0,0,26.5538,15.05,97.2,0.0,61.0,1.0,211.0
313,0,7.0,0.0,1.0,111.0,0.0,7,4,0,0,2,0,0,26.25,14.55,96.85,0.0,61.0,0.0,211.0
314,0,7.0,0.0,0.0,111.0,0.0,7,3,0,0,3,0,0,25.9577,14.2,96.5,0.0,61.0,0.0,211.0
315,0,8.0,2.0,1.0,112.0,0.0,6,2,1,0,4,0,0,25.65,13.85,96.15,0.0,61.0,1.0,212.0
316,0,8.0,0.0,0.0,112.0,0.0,8,1,0,0,4,0,0,25.3154,13.5,95.8,0.0,61.0,0.0,212.0
317,0,9.0,1.0,0.0,112.0,0.0,9,0,0,0,4,0,0,24.9538,13.15,95.45,0.0,61.0,0.0,212.0
318,0,9.0,0.0,0.0,112.0,0.0,8,0,1,0,4,0,0,24.6192,12.8,95.1,0.0,61.0,1.0,213.0
319,1,10.0,1.0,0.0,112.0,0.0,7,0,2,0,3,1,0,24.3115,12.45,94.75,0.0,61.0,2.0,215.0
320,1,10.0,0.0,0.0,112.0,0.0,7,0,1,0,4,1,0,24.0192,12.1,94.4,1.0,62.0,2.0,217.0
321,1,10.0,0.0,0.0,112.0,0.0,8,0,0,0,4,1,0,23.6615,11.75,94.05,0.0,62.0,0.0,217.0
322,1,10.0,0.0,0.0,112.0,0.0,8,0,0,0,4,1,0,23.2923,11.4,93.55,0.0,62.0,0.0,217.0
323,2,11.0,1.0,0.0,112.0,0.0,7,0,1,0,4,1,0,22.9615,11.05,93.05,0.0,62.0,1.0,218.0
324,2,11.0,0.0,0.0,112.0,0.0,8,0,1,0,3,1,0,22.6192,11.05,92.55,0.0,62.0,1.0,219.0
325,3,12.0,1.0,0.0,112.0,0.0,7,0,1,0,4,1,0,22.2654,10.7,92.05,0.0,62.0,1.0,220.0
326,3,12.0,0.0,0.0,112.0,0.0,8,0,0,0,4,1,0,21.8846,10.35,91.55,0.0,62.0,0.0,220.0
327,3,12.0,0.0,0.0,112.0,0.0,6,0,0,0,4,3,0,21.5038,10.0,91.05,0.0,62.0,0.0,220.0
328,3,11.0,0.0,1.0,113.0,0.0,4,1,0,0,4,4,0,21.1885,9.65,90.55,0.0,62.0,0.0,220.0
329,3,10.0,0.0,1.0,114.0,0.0,4,1,0,0,4,4,0,20.9115,9.3,90.05,0.0,62.0,0.0,220.0
330,2,10.0,0.0,0.0,114.0,0.0,4,0,1,0,4,4,0,20.6731,8.95,89.7,0.0,62.0,1.0,221.0
331,5,13.0,3.0,0.0,114.0,0.0,4,0,0,1,3,5,0,20.4346,8.6,89.35,1.0,63.0,1.0,222.0
332,5,13.0,0.0,0.0,114.0,0.0,4,0,1,1,2,5,0,20.9242,8.6,89.0,0.0,63.0,1.0,223.0
333,5,13.0,0.0,0.0,114.0,0.0,3,0,2,1,2,5,0,21.4677,8.6,89.0,0.0,63.0,2.0,225.0
334,5,13.0,0.0,0.0,114.0,0.0,4,0,1,1,2,5,0,21.9996,8.3,89.0,1.0,64.0,2.0,227.0
335,6,14.0,1.0,0.0,114.0,0.0,3,0,0,1,3,6,0,22.4777,7.95,88.65,0.0,64.0,0.0,227.0
336,6,13.0,0.0,1.0,115.0,0.0,2,1,0,1,3,6,0,22.9942,7.6,88.3,0.0,64.0,0.0,227.0
337,6,13.0,0.0,0.0,115.0,0.0,3,0,0,2,2,6,0,23.5223,7.25,87.95,0.0,64.0,0.0,227.0
338,6,13.0,0.0,0.0,115.0,0.0,3,0,0,2,2,6,0,24.7469,6.9,87.6,0.0,64.0,0.0,227.0
339,7,14.0,1.0,0.0,115.0,0.0,2,0,0,2,2,7,0,25.9715,6.55,87.25,0.0,64.0,0.0,227.0
340,7,14.0,0.0,0.0,115.0,0.0,2,0,0,2,2,7,0,27.2231,6.2,91.385,0.0,64.0,0.0,227.0
341,7,14.0,0.0,0.0,115.0,0.0,3,0,0,2,2,6,0,28.4208,5.85,99.65,0.0,64.0,0.0,227.0
342,7,14.0,0.0,0.0,115.0,0.0,3,0,0,2,2,6,0,29.7069,5.8,99.3,0.0,64.0,0.0,227.0
343,8,15.0,1.0,0.0,115.0,0.0,3,0,0,2,2,6,0,30.9931,5.45,98.95,0.0,64.0,0.0,227.0
344,8,15.0,0.0,0.0,115.0,0.0,3,0,0,2,2,6,0,32.2792,5.1,98.6,0.0,64.0,0.0,227.0
345,10,17.0,2.0,0.0,115.0,0.0,3,0,0,2,2,6,0,33.5654,4.75,98.25,0.0,64.0,0.0,227.0
346,10,17.0,0.0,0.0,115.0,0.0,3,0,0,2,2,6,0,34.8515,4.4,97.9,0.0,64.0,0.0,227.0
347,10,18.0,1.0,0.0,115.0,0.0,4,0,0,1,3,5,0,36.0838,4.05,99.65,0.0,64.0,0.0,227.0
348,10,18.0,0.0,0.0,115.0,0.0,4,0,0,1,3,5,0,36.6465,3.7,99.3,0.0,64.0,0.0,227.0
349,10,18.0,0.0,0.0,115.0,0.0,4,0,0,1,3,5,0,37.2092,3.35,98.95,0.0,64.0,0.0,227.0
350,10,18.0,0.0,0.0,115.0,0.0,4,0,0,2,2,5,0,37.7719,3.0,98.6,0.0,64.0,0.0,227.0
351,10,18.0,0.0,0.0,115.0,0.0,5,0,0,1,3,4,0,39.0538,11.05,99.65,0.0,64.0,0.0,227.0
352,10,18.0,0.0,0.0,115.0,0.0,5,0,0,1,3,4,0,39.6,10.7,99.3,0.0,64.0,0.0,227.0
353,10,17.0,0.0,1.0,116.0,0.0,4,1,0,1,3,4,0,40.1346,10.35,98.95,0.0,64.0,0.0,227.0
354,9,17.0,0.0,0.0,116.0,0.0,5,0,0,1,3,4,0,40.6808,10.0,98.6,0.0,64.0,0.0,227.0
355,12,20.0,3.0,0.0,116.0,0.0,5,0,0,1,3,4,0,41.2269,9.65,98.25,0.0,64.0,0.0,227.0
356,12,20.0,0.0,0.0,116.0,0.0,5,0,0,1,3,4,0,41.7731,9.3,97.9,0.0,64.0,0.0,227.0
357,12,20.0,0.0,0.0,116.0,0.0,5,0,0,1,3,4,0,42.3077,8.95,97.55,0.0,64.0,0.0,227.0
358,12,20.0,0.0,0.0,116.0,0.0,5,0,0,2,2,4,0,42.8423,8.6,97.2,0.0,64.0,0.0,227.0
359,13,20.0,1.0,1.0,117.0,0.0,4,1,0,2,2,4,0,44.0923,8.25,96.85,0.0,64.0,0.0,227.0
360,11,20.0,0.0,0.0,117.0,0.0,6,0,1,1,2,3,0,45.3154,8.25,99.65,0.0,64.0,1.0,228.0
361,11,20.0,0.0,0.0,117.0,0.0,6,0,0,1,3,3,0,45.7654,7.9,99.3,0.0,64.0,0.0,228.0
362,11,19.0,0.0,1.0,118.0,0.0,5,1,0,2,2,3,0,46.2154,7.55,98.95,0.0,64.0,0.0,228.0
363,11,20.0,1.0,0.0,118.0,0.0,6,0,0,2,2,3,0,47.4035,10.1,98.6,0.0,64.0,0.0,228.0
364,11,20.0,0.0,0.0,118.0,0.0,5,0,1,2,2,3,0,48.63,9.75,98.25,0.0,64.0,1.0,229.0
365,12,20.0,1.0,1.0,119.0,0.0,5,1,0,2,2,3,0,49.8181,9.4,97.9,0.0,64.0,0.0,229.0
366,11,19.0,0.0,1.0,120.0,0.0,5,1,0,2,2,3,0,51.0177,9.05,97.55,0.0,64.0,0.0,229.0
367,11,20.0,1.0,0.0,120.0,0.0,6,0,0,2,2,3,0,52.2288,8.7,97.2,0.0,64.0,0.0,229.0
368,11,20.0,0.0,0.0,120.0,0.0,7,0,0,1,3,2,0,53.3862,8.35,99.65,0.0,64.0,0.0,229.0
369,11,20.0,0.0,0.0,120.0,0.0,7,0,0,1,3,2,0,53.855,8.0,99.3,0.0,64.0,0.0,229.0
370,11,20.0,0.0,0.0,120.0,0.0,7,0,0,1,3,2,0,54.3238,7.65,98.95,0.0,64.0,0.0,229.0
371,12,21.0,1.0,0.0,120.0,0.0,7,0,0,1,3,2,0,54.7927,7.3,98.6,0.0,64.0,0.0,229.0
372,12,21.0,0.0,0.0,120.0,0.0,8,0,0,0,4,1,0,55.2077,6.95,99.65,0.0,64.0,0.0,229.0
373,13,22.0,1.0,0.0,120.0,0.0,8,0,0,0,4,1,0,54.8846,6.6,99.3,0.0,64.0,0.0,229.0
374,13,22.0,0.0,0.0,120.0,0.0,8,0,0,1,3,1,0,54.5615,6.25,98.95,0.0,64.0,0.0,229.0
375,14,23.0,1.0,0.0,120.0,0.0,8,0,0,1,3,1,0,54.9865,9.05,98.6,0.0,64.0,0.0,229.0
376,14,23.0,0.0,0.0,120.0,0.0,8,0,0,1,3,1,0,55.3885,8.7,98.25,0.0,64.0,0.0,229.0
377,14,23.0,0.0,0.0,120.0,0.0,8,0,0,1,3,1,0,55.7904,8.35,97.9,0.0,64.0,0.0,229.0
378,14,23.0,0.0,0.0,120.0,0.0,8,0,0,2,2,1,0,56.1923,8.0,97.55,0.0,64.0,0.0,229.0
379,16,25.0,2.0,0.0,120.0,0.0,8,0,0,2,2,1,0,57.3173,10.7,97.2,0.0,64.0,0.0,229.0
380,16,25.0,0.0,0.0,120.0,0.0,8,0,0,2,2,1,0,58.4077,10.35,96.85,0.0,64.0,0.0,229.0
381,16,24.0,0.0,1.0,121.0,0.0,7,1,0,2,2,1,0,59.4981,10.0,96.5,0.0,64.0,0.0,229.0
382,15,24.0,0.0,0.0,121.0,0.0,8,0,0,2,2,1,0,60.6,9.65,96.15,0.0,64.0,0.0,229.0
383,15,24.0,0.0,0.0,121.0,0.0,8,0,0,2,2,1,0,61.7019,9.3,95.8,0.0,64.0,0.0,229.0
384,14,24.0,0.0,0.0,121.0,0.0,8,0,1,1,3,0,0,62.7885,8.95,99.65,0.0,64.0,1.0,230.0
385,15,23.0,1.0,2.0,123.0,0.0,7,2,0,1,3,0,0,63.1154,8.6,99.3,0.0,64.0,0.0,230.0
386,14,22.0,0.0,1.0,124.0,0.0,7,1,0,1,3,1,0,63.4808,8.25,98.95,0.0,64.0,0.0,230.0
387,15,24.0,2.0,0.0,124.0,0.0,8,0,0,1,3,1,0,63.8577,7.9,98.6,0.0,64.0,0.0,230.0
388,15,23.0,0.0,1.0,125.0,0.0,8,1,1,1,2,0,0,64.2077,7.55,99.65,0.0,64.0,1.0,231.0
389,14,23.0,0.0,0.0,125.0,0.0,8,0,2,1,2,0,0,64.6265,8.5,99.3,0.0,64.0,2.0,233.0
390,14,23.0,0.0,0.0,125.0,0.0,9,0,1,1,2,0,0,65.0338,8.15,98.95,1.0,65.0,2.0,235.0
391,15,23.0,1.0,1.0,126.0,0.0,8,1,0,1,3,0,0,65.3873,7.8,98.6,0.0,65.0,0.0,235.0
392,14,23.0,0.0,0.0,126.0,0.0,9,0,0,1,3,0,0,65.7523,7.45,98.25,0.0,65.0,0.0,235.0
393,14,22.0,0.0,1.0,127.0,0.0,7,1,1,1,3,0,0,66.1327,7.1,97.9,0.0,65.0,1.0,236.0
394,13,22.0,0.0,0.0,127.0,0.0,9,0,0,1,3,0,0,66.4862,6.75,97.55,0.0,65.0,0.0,236.0
395,15,22.0,2.0,2.0,129.0,0.0,7,2,0,2,2,0,0,66.8396,6.4,97.2,0.0,65.0,0.0,236.0
396,13,22.0,0.0,0.0,129.0,0.0,9,0,0,2,2,0,0,67.9631,11.2,96.85,0.0,65.0,0.0,236.0
397,13,22.0,0.0,0.0,129.0,0.0,8,0,1,2,2,0,0,69.1135,10.85,96.85,0.0,65.0,1.0,237.0
398,12,22.0,0.0,0.0,129.0,0.0,9,0,1,1,2,0,0,70.2369,10.5,100.0,0.0,65.0,1.0,238.0
399,12,21.0,0.0,1.0,130.0,0.0,8,1,2,1,1,0,0,70.7031,10.15,100.0,1.0,66.0,3.0,241.0
400,11,21.0,0.0,0.0,130.0,0.0,8,0,2,1,2,0,0,71.1538,9.8,99.65,0.0,66.0,2.0,243.0
401,12,22.0,1.0,0.0,130.0,0.0,8,0,2,2,1,0,0,71.6315,9.45,99.3,1.0,67.0,3.0,246.0
402,12,22.0,0.0,0.0,130.0,0.0,10,0,0,2,1,0,0,72.7715,9.1,98.95,1.0,68.0,1.0,247.0
403,14,24.0,2.0,0.0,130.0,0.0,10,0,0,2,1,0,0,73.8846,8.75,98.6,0.0,68.0,0.0,247.0
404,14,24.0,0.0,0.0,130.0,0.0,10,0,0,2,1,0,0,74.9977,8.4,98.25,0.0,68.0,0.0,247.0
405,14,25.0,1.0,0.0,130.0,0.0,11,0,0,1,1,0,0,76.0608,8.05,99.65,0.0,68.0,0.0,247.0
406,14,25.0,0.0,0.0,130.0,0.0,9,0,2,2,0,0,0,76.4577,7.7,99.3,0.0,68.0,2.0,249.0
407,14,25.0,0.0,0.0,130.0,0.0,10,0,1,2,0,0,0,77.5915,16.93,98.95,1.0,69.0,2.0,251.0
408,14,25.0,0.0,0.0,130.0,0.0,10,0,1,2,0,0,0,78.6985,26.16,98.6,0.0,69.0,1.0,252.0
409,14,25.0,0.0,0.0,130.0,0.0,10,0,1,2,0,0,0,79.7938,35.39,98.25,0.0,69.0,1.0,253.0
410,14,24.0,0.0,1.0,131.0,0.0,9,1,1,2,0,0,0,80.9008,44.62,97.9,0.0,69.0,1.0,254.0
411,13,25.0,1.0,0.0,131.0,0.0,12,0,0,1,0,0,0,81.9423,53.85,99.65,0.0,69.0,0.0,254.0
412,13,24.0,0.0,1.0,132.0,0.0,9,1,2,1,0,0,0,82.3369,56.9,99.3,0.0,69.0,2.0,256.0
413,12,24.0,0.0,0.0,132.0,0.0,9,0,3,1,0,0,0,82.8085,56.4,98.95,1.0,70.0,4.0,260.0
414,12,24.0,0.0,0.0,132.0,0.0,10,0,2,1,0,0,0,83.2531,55.9,98.6,1.0,71.0,3.0,263.0
415,15,27.0,3.0,0.0,132.0,0.0,12,0,0,1,0,0,0,83.6054,55.4,98.25,0.0,71.0,0.0,263.0
416,14,27.0,0.0,0.0,132.0,0.0,12,0,1,0,0,0,0,83.9692,54.9,99.65,0.0,71.0,1.0,264.0
417,14,26.0,0.0,1.0,133.0,0.0,12,1,0,0,0,0,0,83.5846,54.4,99.3,0.0,71.0,0.0,264.0
418,13,26.0,0.0,0.0,133.0,0.0,13,0,0,0,0,0,0,83.2115,53.9,98.95,0.0,71.0,0.0,264.0
419,14,27.0,1.0,0.0,133.0,0.0,13,0,0,0,0,0,0,82.8269,53.4,98.6,0.0,71.0,0.0,264.0
420,14,27.0,0.0,0.0,133.0,0.0,12,0,1,0,0,0,0,82.4692,52.9,98.25,0.0,71.0,1.0,265.0
421,14,26.0,0.0,1.0,134.0,0.0,11,1,1,0,0,0,0,82.1269,52.4,97.9,1.0,72.0,2.0,267.0
422,13,25.0,0.0,1.0,135.0,0.0,12,1,0,0,0,0,0,81.7423,51.9,97.55,0.0,72.0,0.0,267.0
423,12,25.0,0.0,0.0,135.0,0.0,11,0,2,0,0,0,0,81.4231,51.4,97.2,0.0,72.0,2.0,269.0
424,12,25.0,0.0,0.0,135.0,0.0,12,0,1,0,0,0,0,81.1038,50.9,96.85,1.0,73.0,2.0,271.0
425,13,25.0,1.0,1.0,136.0,0.0,12,1,0,0,0,0,0,80.7192,50.4,96.5,0.0,73.0,0.0,271.0
426,12,25.0,0.0,0.0,136.0,0.0,13,0,0,0,0,0,0,80.3346,50.05,96.15,0.0,73.0,0.0,271.0
427,14,27.0,2.0,0.0,136.0,0.0,13,0,0,0,0,0,0,79.95,49.7,95.8,0.0,73.0,0.0,271.0
428,14,27.0,0.0,0.0,136.0,0.0,13,0,0,0,0,0,0,79.5538,49.35,95.45,0.0,73.0,0.0,271.0
429,15,28.0,1.0,0.0,136.0,0.0,13,0,0,0,0,0,0,79.1577,49.0,95.1,0.0,73.0,0.0,271.0
430,15,28.0,0.0,0.0,136.0,0.0,12,0,1,0,0,0,0,78.7885,48.65,94.75,0.0,73.0,1.0,272.0
431,15,28.0,0.0,0.0,136.0,0.0,12,0,1,0,0,0,0,78.4346,48.65,94.25,1.0,74.0,2.0,274.0
432,15,28.0,0.0,0.0,136.0,0.0,9,0,4,0,0,0,0,78.1346,48.3,93.75,0.0,74.0,4.0,278.0
433,15,27.0,0.0,1.0,137.0,0.0,9,1,3,0,0,0,0,77.8615,48.3,93.25,2.0,76.0,5.0,283.0
434,14,26.0,0.0,1.0,138.0,0.0,12,1,0,0,0,0,0,77.4423,47.95,92.9,0.0,76.0,0.0,283.0
435,15,27.0,2.0,1.0,139.0,0.0,12,1,0,0,0,0,0,77.0346,47.6,92.55,0.0,76.0,0.0,283.0
436,14,27.0,0.0,0.0,139.0,0.0,13,0,0,0,0,0,0,76.6154,47.1,92.2,0.0,76.0,0.0,283.0
437,14,27.0,0.0,0.0,139.0,0.0,12,0,1,0,0,0,0,76.2231,46.6,91.7,0.0,76.0,1.0,284.0
438,14,27.0,0.0,0.0,139.0,0.0,13,0,0,0,0,0,0,75.7808,46.1,91.2,0.0,76.0,0.0,284.0
439,15,27.0,1.0,1.0,140.0,0.0,11,1,1,0,0,0,0,75.3769,45.6,90.7,0.0,76.0,1.0,285.0
440,14,27.0,0.0,0.0,140.0,0.0,13,0,0,0,0,0,0,74.9346,45.1,90.35,0.0,76.0,0.0,285.0
441,14,27.0,0.0,0.0,140.0,0.0,13,0,0,0,0,0,0,74.4923,44.6,90.0,0.0,76.0,0.0,285.0
442,14,27.0,0.0,0.0,140.0,0.0,13,0,0,0,0,0,0,74.05,44.1,89.65,0.0,76.0,0.0,285.0
443,16,28.0,2.0,1.0,141.0,0.0,12,1,0,0,0,0,0,73.6077,43.6,89.3,0.0,76.0,0.0,285.0
444,15,28.0,0.0,0.0,141.0,0.0,10,0,3,0,0,0,0,73.2692,43.1,88.95,0.0,76.0,3.0,288.0
445,16,29.0,1.0,0.0,141.0,0.0,12,0,1,0,0,0,0,72.8923,42.6,88.6,1.0,77.0,2.0,290.0
446,16,29.0,0.0,0.0,141.0,0.0,11,0,2,0,0,0,0,72.5154,42.1,88.25,0.0,77.0,2.0,292.0
447,16,26.0,0.0,3.0,144.0,0.0,10,3,0,0,0,0,0,72.05,41.6,87.9,0.0,77.0,0.0,292.0
448,13,25.0,0.0,1.0,145.0,0.0,10,1,2,0,0,0,0,71.6846,41.25,87.55,0.0,77.0,2.0,294.0
449,12,25.0,0.0,0.0,145.0,0.0,11,0,2,0,0,0,0,71.3577,40.9,87.05,1.0,78.0,3.0,297.0
450,12,25.0,0.0,0.0,145.0,0.0,13,0,0,0,0,0,0,70.9269,40.55,86.55,0.0,78.0,0.0,297.0
451,14,26.0,2.0,1.0,146.0,0.0,12,1,0,0,0,0,0,70.4962,40.2,86.05,0.0,78.0,0.0,297.0
452,13,26.0,0.0,0.0,146.0,0.0,12,0,1,0,0,0,0,70.1154,39.85,85.55,0.0,78.0,1.0,298.0
453,13,24.0,0.0,2.0,148.0,0.0,11,2,0,0,0,0,0,69.6962,39.5,85.05,0.0,78.0,0.0,298.0
454,11,24.0,0.0,0.0,148.0,0.0,13,0,0,0,0,0,0,69.2885,39.15,84.55,0.0,78.0,0.0,298.0
455,12,24.0,1.0,1.0,149.0,0.0,12,1,0,0,0,0,0,68.8808,38.8,84.05,0.0,78.0,0.0,298.0
456,11,23.0,0.0,1.0,150.0,0.0,12,1,0,0,0,0,0,68.4731,38.3,83.7,0.0,78.0,0.0,298.0
457,11,24.0,1.0,0.0,150.0,0.0,13,0,0,0,0,0,0,68.0654,37.8,83.35,0.0,78.0,0.0,298.0
458,11,23.0,0.0,1.0,151.0,0.0,10,1,2,0,0,0,0,67.7231,37.3,83.0,0.0,78.0,2.0,300.0
459,11,23.0,1.0,1.0,152.0,0.0,10,1,2,0,0,0,0,67.3808,36.8,83.0,0.0,78.0,2.0,302.0
460,10,23.0,0.0,0.0,152.0,0.0,13,0,0,0,0,0,0,66.9846,36.3,82.65,0.0,78.0,0.0,302.0
461,10,23.0,0.0,0.0,152.0,0.0,13,0,0,0,0,0,0,66.5885,35.8,82.3,0.0,78.0,0.0,302.0
462,10,22.0,0.0,1.0,153.0,0.0,12,1,0,0,0,0,0,66.1808,35.3,81.95,0.0,78.0,0.0,302.0
463,10,22.0,1.0,1.0,154.0,0.0,12,1,0,0,0,0,0,65.7731,34.8,81.6,0.0,78.0,0.0,302.0
464,9,22.0,0.0,0.0,154.0,0.0,13,0,0,0,0,0,0,65.3654,34.45,81.25,0.0,78.0,0.0,302.0
465,10,22.0,1.0,1.0,155.0,0.0,12,1,0,0,0,0,0,64.9577,34.1,80.9,0.0,78.0,0.0,302.0
466,9,22.0,0.0,0.0,155.0,0.0,10,0,3,0,0,0,0,64.6538,33.75,80.55,0.0,78.0,3.0,305.0
467,10,22.0,1.0,1.0,156.0,0.0,10,1,2,0,0,0,0,64.3885,33.4,80.2,2.0,80.0,4.0,309.0
468,9,22.0,0.0,0.0,156.0,0.0,13,0,0,0,0,0,0,64.0038,33.05,79.85,0.0,80.0,0.0,309.0
469,9,22.0,0.0,0.0,156.0,0.0,12,0,1,0,0,0,0,63.6462,32.7,79.5,0.0,80.0,1.0,310.0
470,9,22.0,0.0,0.0,156.0,0.0,13,0,0,0,0,0,0,63.2615,32.35,79.15,0.0,80.0,0.0,310.0
471,10,21.0,1.0,2.0,158.0,0.0,10,2,1,0,0,0,0,62.8808,32.0,78.65,0.0,80.0,1.0,311.0
472,8,21.0,0.0,0.0,158.0,0.0,12,0,1,0,0,0,0,62.55,31.65,78.15,1.0,81.0,2.0,313.0
473,8,21.0,0.0,0.0,158.0,0.0,13,0,0,0,0,0,0,62.1538,31.3,77.65,0.0,81.0,0.0,313.0
474,8,21.0,0.0,0.0,158.0,0.0,12,0,1,0,0,0,0,61.7731,31.3,77.15,0.0,81.0,1.0,314.0
475,11,24.0,3.0,0.0,158.0,0.0,12,0,1,0,0,0,0,61.3923,30.95,76.65,0.0,81.0,1.0,315.0
476,11,24.0,0.0,0.0,158.0,0.0,12,0,1,0,0,0,0,61.0154,30.95,76.15,1.0,82.0,2.0,317.0
477,11,23.0,0.0,1.0,159.0,0.0,12,1,0,0,0,0,0,60.5731,30.6,75.65,0.0,82.0,0.0,317.0
478,10,22.0,0.0,1.0,160.0,0.0,12,1,0,0,0,0,0,60.1192,30.1,75.15,0.0,82.0,0.0,317.0
479,9,22.0,0.0,0.0,160.0,0.0,13,0,0,0,0,0,0,59.6769,29.6,74.65,0.0,82.0,0.0,317.0
480,9,22.0,0.0,0.0,160.0,0.0,13,0,0,0,0,0,0,59.2346,29.1,74.15,0.0,82.0,0.0,317.0
481,9,21.0,0.0,1.0,161.0,0.0,12,1,0,0,0,0,0,58.7808,28.6,73.65,0.0,82.0,0.0,317.0
482,8,19.0,0.0,2.0,163.0,0.0,11,2,0,0,0,0,0,58.3385,28.1,73.15,0.0,82.0,0.0,317.0
483,7,19.0,1.0,1.0,164.0,0.0,12,1,0,0,0,0,0,57.9192,27.75,72.65,0.0,82.0,0.0,317.0
484,6,19.0,0.0,0.0,164.0,0.0,13,0,0,0,0,0,0,57.5115,27.4,72.15,0.0,82.0,0.0,317.0
485,8,21.0,2.0,0.0,164.0,0.0,13,0,0,0,0,0,0,57.1038,27.05,71.65,0.0,82.0,0.0,317.0
486,8,21.0,0.0,0.0,164.0,0.0,10,0,3,0,0,0,0,56.7885,26.7,71.15,0.0,82.0,3.0,320.0
487,9,21.0,1.0,1.0,165.0,0.0,11,1,1,0,0,0,0,56.4462,26.35,70.7,1.0,83.0,2.0,322.0
488,8,21.0,0.0,0.0,165.0,0.0,13,0,0,0,0,0,0,56.0385,26.0,70.2,0.0,83.0,0.0,322.0
489,8,20.0,0.0,1.0,166.0,0.0,12,1,0,0,0,0,0,55.6192,25.65,69.7,0.0,83.0,0.0,322.0
490,7,19.0,0.0,1.0,167.0,0.0,10,1,2,0,0,0,0,55.2538,25.3,69.65,0.0,83.0,2.0,324.0
491,7,20.0,1.0,0.0,167.0,0.0,12,0,1,0,0,0,0,54.8885,24.95,69.2,1.0,84.0,2.0,326.0
492,7,20.0,0.0,0.0,167.0,0.0,13,0,0,0,0,0,0,54.4846,24.6,69.2,1.0,85.0,1.0,327.0
493,7,20.0,0.0,0.0,167.0,0.0,13,0,0,0,0,0,0,54.0423,24.25,68.7,0.0,85.0,0.0,327.0
494,7,18.0,0.0,2.0,169.0,0.0,11,2,0,0,0,0,0,53.6,23.9,68.2,0.0,85.0,0.0,327.0
495,6,19.0,1.0,0.0,169.0,0.0,11,0,2,0,0,0,0,53.2462,23.9,68.2,0.0,85.0,2.0,329.0
496,6,19.0,0.0,0.0,169.0,0.0,11,0,2,0,0,0,0,52.9192,23.9,68.2,1.0,86.0,3.0,332.0
497,6,18.0,0.0,1.0,170.0,0.0,12,1,0,0,0,0,0,52.5,23.55,67.7,0.0,86.0,0.0,332.0
498,5,16.0,0.0,2.0,172.0,0.0,11,2,0,0,0,0,0,52.0808,23.2,67.2,0.0,86.0,0.0,332.0
499,6,18.0,3.0,1.0,173.0,0.0,12,1,0,0,0,0,0,51.6731,22.85,66.7,0.0,86.0,0.0,332.0
500,5,18.0,0.0,0.0,173.0,0.0,11,0,2,0,0,0,0,51.3538,22.5,66.2,0.0,86.0,2.0,334.0
501,5,18.0,0.0,0.0,173.0,0.0,12,0,1,0,0,0,0,51.0231,22.15,65.7,1.0,87.0,2.0,336.0
502,5,18.0,0.0,0.0,173.0,0.0,13,0,0,0,0,0,0,50.6154,21.8,65.2,0.0,87.0,0.0,336.0
503,5,18.0,0.0,0.0,173.0,0.0,12,0,1,0,0,0,0,50.2462,21.45,64.7,0.0,87.0,1.0,337.0
504,5,18.0,0.0,0.0,173.0,0.0,12,0,1,0,0,0,0,49.8654,21.1,64.7,0.0,87.0,1.0,338.0
505,6,19.0,1.0,0.0,173.0,0.0,13,0,0,0,0,0,0,49.4462,20.75,64.2,0.0,87.0,0.0,338.0
506,6,19.0,0.0,0.0,173.0,0.0,12,0,1,0,0,0,0,49.0538,20.4,63.7,0.0,87.0,1.0,339.0
507,7,20.0,1.0,0.0,173.0,0.0,13,0,0,0,0,0,0,48.6346,20.05,63.2,0.0,87.0,0.0,339.0
508,7,19.0,0.0,1.0,174.0,0.0,12,1,0,0,0,0,0,48.2154,19.7,62.7,0.0,87.0,0.0,339.0
509,6,19.0,0.0,0.0,174.0,0.0,12,0,1,0,0,0,0,47.8346,19.35,62.2,0.0,87.0,1.0,340.0
510,6,19.0,0.0,0.0,174.0,0.0,11,0,2,0,0,0,0,47.4692,19.0,61.7,0.0,87.0,2.0,342.0
511,7,20.0,1.0,0.0,174.0,0.0,13,0,0,0,0,0,0,47.0385,18.5,61.3,0.0,87.0,0.0,342.0
512,7,20.0,0.0,0.0,174.0,0.0,13,0,0,0,0,0,0,46.5962,18.0,60.95,0.0,87.0,0.0,342.0
513,8,21.0,1.0,0.0,174.0,0.0,13,0,0,0,0,0,0,46.1423,17.5,60.6,0.0,87.0,0.0,342.0
514,8,20.0,0.0,1.0,175.0,0.0,12,1,0,0,0,0,0,45.6885,17.0,60.25,0.0,87.0,0.0,342.0
515,9,21.0,2.0,1.0,176.0,0.0,12,1,0,0,0,0,0,45.2462,16.5,59.9,0.0,87.0,0.0,342.0
516,8,20.0,0.0,1.0,177.0,0.0,12,1,0,0,0,0,0,44.8038,16.0,59.4,0.0,87.0,0.0,342.0
517,7,20.0,0.0,0.0,177.0,0.0,13,0,0,0,0,0,0,44.3615,15.5,58.9,0.0,87.0,0.0,342.0
518,7,19.0,0.0,1.0,178.0,0.0,12,1,0,0,0,0,0,43.9192,15.0,58.4,0.0,87.0,0.0,342.0
519,6,18.0,0.0,1.0,179.0,0.0,12,1,0,0,0,0,0,43.4885,14.5,57.9,0.0,87.0,0.0,342.0
520,6,17.0,0.0,1.0,180.0,0.0,10,1,1,0,1,0,0,43.1077,14.15,57.9,0.0,87.0,1.0,343.0
521,5,17.0,0.0,0.0,180.0,0.0,12,0,0,0,1,0,0,42.6885,13.8,57.4,0.0,87.0,0.0,343.0
522,5,16.0,0.0,1.0,181.0,0.0,11,1,0,0,1,0,0,42.2692,13.45,56.9,0.0,87.0,0.0,343.0
523,6,17.0,2.0,1.0,182.0,0.0,10,1,1,0,1,0,0,41.8769,13.1,56.55,0.0,87.0,1.0,344.0
524,5,17.0,0.0,0.0,182.0,0.0,11,0,1,0,1,0,0,41.5346,12.75,56.2,1.0,88.0,2.0,346.0
525,6,18.0,1.0,0.0,182.0,0.0,12,0,0,0,1,0,0,41.1269,12.4,55.85,0.0,88.0,0.0,346.0
526,6,18.0,0.0,0.0,182.0,0.0,12,0,0,0,1,0,0,40.7192,12.05,55.5,0.0,88.0,0.0,346.0
527,7,19.0,1.0,0.0,182.0,0.0,10,0,2,0,1,0,0,40.3654,11.7,55.15,0.0,88.0,2.0,348.0
528,7,18.0,0.0,1.0,183.0,0.0,10,1,1,0,1,0,0,40.0115,11.35,54.8,1.0,89.0,2.0,350.0
529,6,18.0,0.0,0.0,183.0,0.0,12,0,0,0,1,0,0,39.5923,11.0,54.3,0.0,89.0,0.0,350.0
530,6,18.0,0.0,0.0,183.0,0.0,12,0,0,0,1,0,0,39.1731,10.65,53.8,0.0,89.0,0.0,350.0
531,7,18.0,1.0,1.0,184.0,0.0,11,1,0,0,1,0,0,38.7538,10.3,53.3,0.0,89.0,0.0,350.0
532,6,18.0,0.0,0.0,184.0,0.0,11,0,1,0,1,0,0,38.3615,9.95,52.8,0.0,89.0,1.0,351.0
533,6,16.0,0.0,2.0,186.0,0.0,10,2,0,0,1,0,0,37.9423,9.6,52.3,0.0,89.0,0.0,351.0
534,4,16.0,0.0,0.0,186.0,0.0,11,0,1,0,1,0,0,37.5615,9.25,51.8,0.0,89.0,1.0,352.0
535,6,16.0,2.0,2.0,188.0,0.0,10,2,0,0,1,0,0,37.1538,8.9,51.3,0.0,89.0,0.0,352.0
536,4,16.0,0.0,0.0,188.0,0.0,12,0,0,0,1,0,0,36.7692,8.55,50.95,0.0,89.0,0.0,352.0
537,4,16.0,0.0,0.0,188.0,0.0,12,0,0,0,1,0,0,36.3846,8.2,50.6,0.0,89.0,0.0,352.0
538,4,16.0,0.0,0.0,188.0,0.0,11,0,1,1,0,0,0,36.0269,7.85,50.25,0.0,89.0,1.0,353.0
539,5,17.0,1.0,0.0,188.0,0.0,12,0,0,1,0,0,0,36.3781,17.065,49.9,0.0,89.0,0.0,353.0
540,5,17.0,0.0,0.0,188.0,0.0,12,0,0,1,0,0,0,36.7292,22.75,49.55,0.0,89.0,0.0,353.0
541,6,18.0,1.0,0.0,188.0,0.0,12,0,0,1,0,0,0,37.0804,22.4,49.2,0.0,89.0,0.0,353.0
542,6,17.0,0.0,1.0,189.0,0.0,8,1,3,1,0,0,0,37.5238,22.05,48.85,0.0,89.0,3.0,356.0
543,5,17.0,0.0,0.0,189.0,0.0,11,0,1,1,0,0,0,37.9404,21.7,53.925,1.0,90.0,2.0,358.0
544,5,16.0,0.0,1.0,190.0,0.0,11,1,0,1,0,0,0,38.28,21.35,63.14,0.0,90.0,0.0,358.0
545,5,17.0,1.0,0.0,190.0,0.0,12,0,0,1,0,0,0,38.6081,21.0,72.355,0.0,90.0,0.0,358.0
546,5,17.0,0.0,0.0,190.0,0.0,11,0,1,1,0,0,0,38.9631,20.65,81.57,0.0,90.0,1.0,359.0
547,7,19.0,2.0,0.0,190.0,0.0,11,0,1,1,0,0,0,39.345,20.65,90.785,1.0,91.0,2.0,361.0
548,6,19.0,0.0,0.0,190.0,0.0,13,0,0,0,0,0,0,39.6346,20.3,99.65,0.0,91.0,0.0,361.0
549,6,19.0,0.0,0.0,190.0,0.0,11,0,2,0,0,0,0,39.2962,19.8,99.3,0.0,91.0,2.0,363.0
550,6,17.0,0.0,2.0,192.0,0.0,9,2,2,0,0,0,0,38.9692,19.3,98.95,1.0,92.0,3.0,366.0
551,4,16.0,0.0,1.0,193.0,0.0,12,1,0,0,0,0,0,38.5885,18.8,98.6,1.0,93.0,1.0,367.0
552,3,16.0,0.0,0.0,193.0,0.0,13,0,0,0,0,0,0,38.1808,18.3,98.25,0.0,93.0,0.0,367.0
553,3,16.0,0.0,0.0,193.0,0.0,13,0,0,0,0,0,0,37.7615,17.8,97.9,0.0,93.0,0.0,367.0
554,3,16.0,0.0,0.0,193.0,0.0,13,0,0,0,0,0,0,37.3423,17.3,97.55,0.0,93.0,0.0,367.0
555,6,18.0,3.0,1.0,194.0,0.0,12,1,0,0,0,0,0,36.9231,16.8,97.2,0.0,93.0,0.0,367.0
556,5,18.0,0.0,0.0,194.0,0.0,10,0,3,0,0,0,0,36.6077,16.8,96.85,0.0,93.0,3.0,370.0
557,5,17.0,0.0,1.0,195.0,0.0,11,1,1,0,0,0,0,36.2538,16.3,96.5,1.0,94.0,2.0,372.0
558,4,17.0,0.0,0.0,195.0,0.0,13,0,0,0,0,0,0,35.8346,15.8,96.15,0.0,94.0,0.0,372.0
559,5,18.0,1.0,0.0,195.0,0.0,9,0,4,0,0,0,0,35.5731,15.3,95.8,0.0,94.0,4.0,376.0
560,5,18.0,0.0,0.0,195.0,0.0,11,0,1,0,1,0,0,35.2077,14.8,95.45,1.0,95.0,2.0,378.0
561,5,18.0,0.0,0.0,195.0,0.0,12,0,0,0,1,0,0,34.7885,14.45,95.1,0.0,95.0,0.0,378.0
562,5,15.0,0.0,3.0,198.0,0.0,8,3,1,0,1,0,0,34.3962,14.1,94.75,0.0,95.0,1.0,379.0
563,4,16.0,1.0,0.0,198.0,0.0,8,0,4,0,1,0,0,34.1308,13.75,94.4,0.0,95.0,4.0,383.0
564,4,16.0,0.0,0.0,198.0,0.0,9,0,3,0,1,0,0,33.8923,13.4,94.05,2.0,97.0,5.0,388.0
565,5,17.0,1.0,0.0,198.0,0.0,12,0,0,0,1,0,0,33.5346,13.05,93.7,1.0,98.0,1.0,389.0
566,5,17.0,0.0,0.0,198.0,0.0,11,0,1,0,1,0,0,33.1769,12.7,93.35,0.0,98.0,1.0,390.0
567,5,16.0,0.0,1.0,199.0,0.0,11,1,0,0,1,0,0,32.7692,12.35,92.85,0.0,98.0,0.0,390.0
568,4,16.0,0.0,0.0,199.0,0.0,12,0,0,0,1,0,0,32.3731,12.0,92.35,0.0,98.0,0.0,390.0
569,5,17.0,1.0,0.0,199.0,0.0,10,0,1,0,2,0,0,32.0038,11.65,91.85,0.0,98.0,1.0,391.0
570,5,17.0,0.0,0.0,199.0,0.0,9,0,3,0,1,0,0,31.7,11.3,91.35,0.0,98.0,3.0,394.0
571,7,18.0,2.0,1.0,200.0,0.0,7,1,3,0,2,0,0,31.4077,10.95,90.85,0.0,98.0,3.0,397.0
572,6,17.0,0.0,1.0,201.0,0.0,7,1,3,0,2,0,0,31.1538,10.6,90.35,1.0,99.0,4.0,401.0
573,5,16.0,0.0,1.0,202.0,0.0,8,1,1,0,3,0,0,30.7846,10.25,90.0,0.0,99.0,1.0,402.0
574,5,16.0,0.0,0.0,202.0,0.0,8,0,2,0,3,0,0,30.4654,9.9,89.65,0.0,99.0,2.0,404.0
575,6,17.0,1.0,0.0,202.0,0.0,10,0,0,0,3,0,0,30.0808,9.55,89.3,0.0,99.0,0.0,404.0
576,6,17.0,0.0,0.0,202.0,0.0,10,0,0,0,3,0,0,29.6962,9.2,88.95,0.0,99.0,0.0,404.0
577,6,17.0,0.0,0.0,202.0,0.0,10,0,0,0,3,0,0,29.3,8.85,88.6,0.0,99.0,0.0,404.0
578,6,17.0,0.0,0.0,202.0,0.0,10,0,0,0,3,0,0,28.9038,8.5,88.25,0.0,99.0,0.0,404.0
579,7,18.0,1.0,0.0,202.0,0.0,10,0,0,0,3,0,0,28.4846,8.15,87.9,0.0,99.0,0.0,404.0
580,7,18.0,0.0,0.0,202.0,0.0,10,0,0,1,2,0,0,28.0538,7.8,87.55,0.0,99.0,0.0,404.0
581,7,18.0,0.0,0.0,202.0,0.0,10,0,0,1,2,0,0,28.3592,10.85,87.2,0.0,99.0,0.0,404.0
582,7,17.0,0.0,1.0,203.0,0.0,9,1,0,1,2,0,0,28.6531,10.5,86.85,0.0,99.0,0.0,404.0
583,8,19.0,2.0,0.0,203.0,0.0,10,0,0,1,2,0,0,28.9585,10.15,86.5,0.0,99.0,0.0,404.0
584,8,19.0,0.0,0.0,203.0,0.0,9,0,1,1,2,0,0,29.3023,9.8,86.15,0.0,99.0,1.0,405.0
585,9,20.0,1.0,0.0,203.0,0.0,9,0,1,1,2,0,0,29.6615,9.45,85.8,1.0,100.0,2.0,407.0
586,9,20.0,0.0,0.0,203.0,0.0,10,0,0,1,2,0,0,29.9554,9.1,85.45,0.0,100.0,0.0,407.0
587,10,18.0,1.0,3.0,206.0,0.0,6,3,1,1,2,0,0,30.2646,8.75,84.95,0.0,100.0,1.0,408.0
588,8,18.0,0.0,0.0,206.0,0.0,9,0,0,1,3,0,0,30.5815,8.4,84.45,0.0,100.0,0.0,408.0
589,8,17.0,0.0,1.0,207.0,0.0,8,1,0,1,3,0,0,30.8985,8.05,90.78,0.0,100.0,0.0,408.0
590,7,16.0,0.0,1.0,208.0,0.0,6,1,2,0,4,0,0,31.2654,7.7,99.65,0.0,100.0,2.0,410.0
591,7,15.0,0.0,1.0,209.0,0.0,7,1,1,0,4,0,0,30.9346,7.35,99.3,1.0,101.0,2.0,412.0
592,6,14.0,0.0,1.0,210.0,0.0,7,1,0,1,3,1,0,30.55,7.0,98.95,0.0,101.0,0.0,412.0
593,6,13.0,0.0,1.0,211.0,0.0,7,1,0,1,3,1,0,30.9385,6.65,98.6,0.0,101.0,0.0,412.0
594,5,13.0,0.0,0.0,211.0,0.0,7,0,1,1,3,1,0,31.3654,6.3,98.25,0.0,101.0,1.0,413.0
595,8,16.0,3.0,0.0,211.0,0.0,7,0,1,2,2,1,0,31.7923,5.95,97.9,0.0,101.0,1.0,414.0
596,8,16.0,0.0,0.0,211.0,0.0,6,0,2,2,2,1,0,32.985,11.65,97.55,0.0,101.0,2.0,416.0
597,9,17.0,1.0,0.0,211.0,0.0,7,0,1,2,2,1,0,34.1508,11.3,97.2,0.0,101.0,1.0,417.0
598,9,17.0,0.0,0.0,211.0,0.0,8,0,0,2,2,1,0,35.2896,10.95,96.85,0.0,101.0,0.0,417.0
599,9,17.0,0.0,0.0,211.0,0.0,8,0,0,2,2,1,0,36.4285,10.6,96.5,0.0,101.0,0.0,417.0
600,9,16.0,0.0,1.0,212.0,0.0,7,1,0,2,2,1,0,37.5673,10.25,96.15,0.0,101.0,0.0,417.0
601,8,16.0,0.0,0.0,212.0,0.0,8,0,0,2,2,1,0,38.7177,9.9,95.8,0.0,101.0,0.0,417.0
602,7,15.0,0.0,1.0,213.0,0.0,8,1,0,1,3,0,0,39.8142,9.55,99.65,0.0,101.0,0.0,417.0
603,8,16.0,1.0,0.0,213.0,0.0,8,1,0,1,3,0,0,40.2415,9.2,99.3,0.0,101.0,0.0,417.0
604,8,16.0,0.0,0.0,213.0,0.0,8,1,0,1,3,0,0,40.6688,8.85,98.95,0.0,101.0,0.0,417.0
605,8,17.0,1.0,0.0,213.0,0.0,9,1,0,0,3,0,0,41.0462,8.5,99.65,0.0,101.0,0.0,417.0
606,8,17.0,0.0,0.0,213.0,0.0,9,1,0,0,3,0,0,40.6885,8.15,99.3,0.0,101.0,0.0,417.0
607,8,17.0,1.0,1.0,214.0,0.0,9,1,0,0,3,0,0,40.3038,7.8,98.95,0.0,101.0,0.0,417.0
608,7,17.0,0.0,0.0,214.0,0.0,9,0,0,1,3,0,0,39.9192,7.45,98.6,0.0,101.0,0.0,417.0
609,7,17.0,0.0,0.0,214.0,0.0,8,0,1,2,2,0,0,40.3004,10.55,98.25,0.0,101.0,1.0,418.0
610,7,17.0,0.0,0.0,214.0,0.0,9,0,0,2,2,0,0,41.3465,11.65,97.9,0.0,101.0,0.0,418.0
611,9,19.0,2.0,0.0,214.0,0.0,9,0,0,2,2,0,0,42.3927,11.3,97.55,0.0,101.0,0.0,418.0
612,9,18.0,0.0,1.0,215.0,0.0,8,1,0,2,2,0,0,43.4388,10.95,97.2,0.0,101.0,0.0,418.0
613,8,17.0,0.0,1.0,216.0,0.0,8,1,0,2,2,0,0,44.4965,10.6,96.85,0.0,101.0,0.0,418.0
614,8,17.0,0.0,0.0,216.0,0.0,8,0,1,2,2,0,0,45.5927,10.25,96.5,0.0,101.0,1.0,419.0
615,9,18.0,1.0,0.0,216.0,0.0,9,0,0,2,2,0,0,46.6619,9.9,96.15,0.0,101.0,0.0,419.0
616,9,18.0,0.0,0.0,216.0,0.0,8,0,0,2,2,1,0,47.7312,9.55,95.8,0.0,101.0,0.0,419.0
617,9,18.0,0.0,0.0,216.0,0.0,7,0,1,2,2,1,0,48.8542,9.2,95.45,0.0,101.0,1.0,420.0
618,8,18.0,0.0,0.0,216.0,0.0,8,0,1,1,3,0,0,49.9235,8.85,99.65,0.0,101.0,1.0,421.0
619,9,19.0,2.0,1.0,217.0,0.0,7,1,2,0,3,0,0,50.2808,8.5,99.65,0.0,101.0,2.0,423.0
620,9,19.0,0.0,0.0,217.0,0.0,8,0,1,1,3,0,0,49.9615,8.15,99.3,1.0,102.0,2.0,425.0
621,9,19.0,0.0,0.0,217.0,0.0,8,0,0,1,3,1,0,50.3335,10.2,98.95,0.0,102.0,0.0,425.0
622,9,19.0,0.0,0.0,217.0,0.0,8,0,0,1,3,1,0,50.7092,9.85,98.6,0.0,102.0,0.0,425.0
623,9,19.0,0.0,0.0,217.0,0.0,7,0,1,1,3,1,0,51.1119,9.5,98.25,0.0,102.0,1.0,426.0
624,9,19.0,0.0,0.0,217.0,0.0,8,0,1,1,2,1,0,51.5031,9.5,97.9,0.0,102.0,1.0,427.0
625,11,20.0,2.0,1.0,218.0,0.0,7,1,0,1,3,1,0,51.8942,9.5,97.55,1.0,103.0,1.0,428.0
626,10,20.0,0.0,0.0,218.0,0.0,8,0,0,1,3,1,0,52.27,9.15,97.2,0.0,103.0,0.0,428.0
627,11,21.0,1.0,0.0,218.0,0.0,8,0,0,1,3,1,0,52.6458,8.8,96.85,0.0,103.0,0.0,428.0
628,11,18.0,0.0,3.0,221.0,0.0,5,3,0,1,3,1,0,53.0215,8.45,96.5,0.0,103.0,0.0,428.0
629,10,18.0,0.0,0.0,221.0,0.0,7,0,2,2,1,1,0,53.4858,8.1,96.15,0.0,103.0,2.0,430.0
630,9,18.0,0.0,0.0,221.0,0.0,8,0,1,1,2,1,0,54.63,11.1,99.65,1.0,104.0,2.0,432.0
631,10,19.0,1.0,0.0,221.0,0.0,8,0,0,1,3,1,0,55.0408,10.75,99.3,0.0,104.0,0.0,432.0
632,10,19.0,0.0,0.0,221.0,0.0,8,0,0,1,3,1,0,55.4515,10.4,98.95,0.0,104.0,0.0,432.0
633,10,19.0,0.0,0.0,221.0,0.0,8,0,0,1,3,1,0,55.8623,10.05,98.6,0.0,104.0,0.0,432.0
634,10,19.0,0.0,0.0,221.0,0.0,8,0,0,1,3,1,0,56.2731,9.7,98.25,0.0,104.0,0.0,432.0
635,12,21.0,2.0,0.0,221.0,0.0,5,0,3,1,3,1,0,56.7531,9.35,97.9,0.0,104.0,3.0,435.0
636,12,21.0,0.0,0.0,221.0,0.0,6,0,1,1,3,2,0,57.2331,9.0,97.55,2.0,106.0,3.0,438.0
637,12,21.0,0.0,0.0,221.0,0.0,7,0,0,1,3,2,0,57.6592,8.65,97.2,0.0,106.0,0.0,438.0
638,12,21.0,0.0,0.0,221.0,0.0,6,0,1,1,3,2,0,58.1123,8.3,96.85,0.0,106.0,1.0,439.0
639,13,21.0,1.0,1.0,222.0,0.0,6,1,2,0,3,1,0,58.5269,7.95,99.65,0.0,106.0,2.0,441.0
640,12,21.0,0.0,0.0,222.0,0.0,8,0,1,0,3,1,0,58.2346,7.6,99.3,1.0,107.0,2.0,443.0
641,12,21.0,0.0,0.0,222.0,0.0,8,0,0,0,4,1,0,57.8885,7.25,98.95,0.0,107.0,0.0,443.0
642,12,21.0,0.0,0.0,222.0,0.0,8,0,0,0,4,1,0,57.5423,6.9,98.6,0.0,107.0,0.0,443.0
643,14,23.0,2.0,0.0,222.0,0.0,8,0,0,0,4,1,0,57.1962,6.55,98.25,0.0,107.0,0.0,443.0
644,14,23.0,0.0,0.0,222.0,0.0,8,0,0,0,4,1,0,56.85,6.2,97.9,0.0,107.0,0.0,443.0
645,15,23.0,1.0,1.0,223.0,0.0,7,1,0,0,4,1,0,56.5038,5.85,97.55,0.0,107.0,0.0,443.0
646,14,23.0,0.0,0.0,223.0,0.0,8,0,0,0,4,1,0,56.1692,5.5,97.2,0.0,107.0,0.0,443.0
647,14,23.0,0.0,0.0,223.0,0.0,8,0,0,1,3,1,0,55.8231,5.15,96.85,0.0,107.0,0.0,443.0
648,14,23.0,0.0,0.0,223.0,0.0,8,0,0,2,2,1,0,56.1965,4.8,96.5,0.0,107.0,0.0,443.0
649,14,23.0,0.0,0.0,223.0,0.0,7,0,1,2,2,1,0,57.3508,4.45,96.15,0.0,107.0,1.0,444.0
650,14,23.0,0.0,0.0,223.0,0.0,5,0,3,3,1,1,0,58.5588,4.1,95.8,0.0,107.0,3.0,447.0
651,15,24.0,1.0,0.0,223.0,0.0,6,0,2,3,1,1,0,60.57,10.25,95.45,2.0,109.0,4.0,451.0
652,15,24.0,0.0,0.0,223.0,0.0,8,0,0,3,1,1,0,62.4504,9.9,95.1,0.0,109.0,0.0,451.0
653,16,25.0,1.0,0.0,223.0,0.0,7,0,1,3,1,1,0,64.3577,9.55,94.6,0.0,109.0,1.0,452.0
654,16,24.0,0.0,1.0,224.0,0.0,7,1,0,3,1,1,0,66.2265,9.2,94.1,0.0,109.0,0.0,452.0
655,17,25.0,2.0,1.0,225.0,0.0,7,1,0,3,1,1,0,68.1069,8.85,93.6,0.0,109.0,0.0,452.0
656,16,24.0,0.0,1.0,226.0,0.0,7,1,0,3,1,1,0,69.9873,8.5,93.25,0.0,109.0,0.0,452.0
657,15,24.0,0.0,0.0,226.0,0.0,9,0,0,2,2,0,0,71.8138,8.15,99.65,0.0,109.0,0.0,452.0
658,14,24.0,0.0,0.0,226.0,0.0,10,0,0,1,2,0,0,72.9092,7.8,99.65,0.0,109.0,0.0,452.0
659,15,24.0,1.0,1.0,227.0,0.0,9,1,0,2,1,0,0,73.2777,7.45,99.3,0.0,109.0,0.0,452.0
660,13,24.0,0.0,0.0,227.0,0.0,10,0,2,1,0,0,0,74.4119,13.9,99.65,0.0,109.0,2.0,454.0
661,13,24.0,0.0,0.0,227.0,0.0,11,0,1,1,0,0,0,74.8085,13.9,99.3,1.0,110.0,2.0,456.0
662,13,24.0,0.0,0.0,227.0,0.0,11,0,0,1,1,0,0,75.1512,13.55,98.95,0.0,110.0,0.0,456.0
663,13,24.0,0.0,0.0,227.0,0.0,11,0,0,1,1,0,0,75.4938,13.2,98.6,0.0,110.0,0.0,456.0
664,13,23.0,0.0,1.0,228.0,0.0,10,1,0,1,1,0,0,75.8365,12.85,98.25,0.0,110.0,0.0,456.0
665,13,24.0,1.0,0.0,228.0,0.0,11,0,0,1,1,0,0,76.1908,12.5,97.9,0.0,110.0,0.0,456.0
666,13,22.0,0.0,2.0,230.0,0.0,9,2,0,1,1,0,0,76.545,12.15,97.55,0.0,110.0,0.0,456.0
667,14,25.0,3.0,0.0,230.0,0.0,11,0,0,1,1,0,0,76.9108,11.8,97.2,0.0,110.0,0.0,456.0
668,14,25.0,0.0,0.0,230.0,0.0,11,0,0,1,1,0,0,77.2765,11.45,96.85,0.0,110.0,0.0,456.0
669,13,25.0,0.0,0.0,230.0,0.0,12,0,0,0,1,0,0,77.6154,11.1,99.65,0.0,110.0,0.0,456.0
670,13,25.0,0.0,0.0,230.0,0.0,12,0,0,0,1,0,0,77.2423,10.75,99.3,0.0,110.0,0.0,456.0
671,13,25.0,0.0,0.0,230.0,0.0,12,0,0,0,1,0,0,76.8692,10.4,98.95,0.0,110.0,0.0,456.0
672,13,25.0,0.0,0.0,230.0,0.0,12,0,0,0,1,0,0,76.4846,10.05,98.6,0.0,110.0,0.0,456.0
673,13,25.0,0.0,0.0,230.0,0.0,12,0,0,0,1,0,0,76.0885,9.7,98.25,0.0,110.0,0.0,456.0
674,13,24.0,0.0,1.0,231.0,0.0,11,1,0,0,1,0,0,75.6923,9.35,97.9,0.0,110.0,0.0,456.0
675,14,24.0,2.0,2.0,233.0,0.0,10,2,0,0,1,0,0,75.2731,9.0,97.55,0.0,110.0,0.0,456.0
676,12,24.0,0.0,0.0,233.0,0.0,11,0,1,0,1,0,0,74.8923,8.65,97.2,0.0,110.0,1.0,457.0
677,12,23.0,0.0,1.0,234.0,0.0,11,1,0,0,1,0,0,74.4731,8.3,96.85,0.0,110.0,0.0,457.0
678,11,23.0,0.0,0.0,234.0,0.0,12,0,0,0,1,0,0,74.0654,7.95,96.5,0.0,110.0,0.0,457.0
679,12,24.0,1.0,0.0,234.0,0.0,12,0,0,1,0,0,0,73.6577,7.6,96.15,0.0,110.0,0.0,457.0
680,12,24.0,0.0,0.0,234.0,0.0,10,0,2,1,0,0,0,74.0646,16.84,95.8,0.0,110.0,2.0,459.0
681,13,24.0,1.0,1.0,235.0,0.0,10,1,1,1,0,0,0,74.4715,26.08,95.45,1.0,111.0,2.0,461.0
682,12,24.0,0.0,0.0,235.0,0.0,12,0,0,1,0,0,0,74.8131,35.32,95.1,0.0,111.0,0.0,461.0
683,13,24.0,1.0,1.0,236.0,0.0,11,1,0,1,0,0,0,75.1546,44.56,94.75,0.0,111.0,0.0,461.0
684,12,23.0,0.0,1.0,237.0,0.0,11,1,0,1,0,0,0,75.5077,48.5,94.4,0.0,111.0,0.0,461.0
685,12,24.0,1.0,0.0,237.0,0.0,12,0,0,1,0,0,0,75.8723,48.15,94.05,0.0,111.0,0.0,461.0
686,12,24.0,0.0,0.0,237.0,0.0,11,0,1,1,0,0,0,76.2638,47.8,93.7,0.0,111.0,1.0,462.0
687,12,24.0,0.0,0.0,237.0,0.0,12,0,0,1,0,0,0,76.6438,47.45,93.35,1.0,112.0,1.0,463.0
688,12,23.0,0.0,1.0,238.0,0.0,11,1,0,1,0,0,0,76.9969,47.1,93.0,0.0,112.0,0.0,463.0
689,10,22.0,0.0,1.0,239.0,0.0,12,1,0,0,0,0,0,77.3115,46.75,99.65,0.0,112.0,0.0,463.0
690,9,21.0,0.0,1.0,240.0,0.0,12,1,0,0,0,0,0,76.9269,46.4,99.3,0.0,112.0,0.0,463.0
691,10,23.0,2.0,0.0,240.0,0.0,13,0,0,0,0,0,0,76.5423,45.9,98.95,0.0,112.0,0.0,463.0
692,10,23.0,0.0,0.0,240.0,0.0,10,0,3,0,0,0,0,76.25,45.4,98.6,0.0,112.0,3.0,466.0
693,10,23.0,0.0,0.0,240.0,0.0,11,0,2,0,0,0,0,75.9846,45.4,98.25,2.0,114.0,4.0,470.0
694,10,23.0,0.0,0.0,240.0,0.0,13,0,0,0,0,0,0,75.5885,44.9,97.9,0.0,114.0,0.0,470.0
695,12,25.0,2.0,0.0,240.0,0.0,13,0,0,0,0,0,0,75.1808,44.4,97.55,0.0,114.0,0.0,470.0
696,12,25.0,0.0,0.0,240.0,0.0,13,0,0,0,0,0,0,74.7731,43.9,97.2,0.0,114.0,0.0,470.0
697,12,25.0,0.0,0.0,240.0,0.0,12,0,1,0,0,0,0,74.3923,43.4,96.85,0.0,114.0,1.0,471.0
698,12,24.0,0.0,1.0,241.0,0.0,12,1,0,0,0,0,0,73.9731,42.9,96.5,0.0,114.0,0.0,471.0
699,12,24.0,1.0,1.0,242.0,0.0,12,1,0,0,0,0,0,73.5423,42.55,96.15,0.0,114.0,0.0,471.0
700,11,24.0,0.0,0.0,242.0,0.0,13,0,0,0,0,0,0,73.1231,42.2,95.8,0.0,114.0,0.0,471.0
701,11,23.0,0.0,1.0,243.0,0.0,8,1,4,0,0,0,0,72.8346,41.85,95.45,0.0,114.0,4.0,475.0
702,10,23.0,0.0,0.0,243.0,0.0,8,0,5,0,0,0,0,72.6385,41.5,95.1,2.0,116.0,7.0,482.0
703,11,24.0,1.0,0.0,243.0,0.0,11,0,2,0,0,0,0,72.35,41.5,94.75,2.0,118.0,4.0,486.0
704,11,24.0,0.0,0.0,243.0,0.0,13,0,0,0,0,0,0,71.9423,41.15,94.4,0.0,118.0,0.0,486.0
705,12,25.0,1.0,0.0,243.0,0.0,12,0,1,0,0,0,0,71.5615,40.8,94.05,0.0,118.0,1.0,487.0
706,12,25.0,0.0,0.0,243.0,0.0,13,0,0,0,0,0,0,71.1538,40.45,93.7,0.0,118.0,0.0,487.0
707,13,26.0,1.0,0.0,243.0,0.0,11,0,2,0,0,0,0,70.8,40.1,93.35,0.0,118.0,2.0,489.0
708,13,26.0,0.0,0.0,243.0,0.0,11,0,2,0,0,0,0,70.4462,39.75,93.0,0.0,118.0,2.0,491.0
709,14,26.0,1.0,1.0,244.0,0.0,11,1,1,0,0,0,0,70.0923,39.4,92.65,1.0,119.0,2.0,493.0
710,13,26.0,0.0,0.0,244.0,0.0,13,0,0,0,0,0,0,69.6731,39.05,92.15,0.0,119.0,0.0,493.0
711,13,26.0,0.0,0.0,244.0,0.0,12,0,1,0,0,0,0,69.2808,38.7,91.65,0.0,119.0,1.0,494.0
712,13,26.0,0.0,0.0,244.0,0.0,12,0,1,0,0,0,0,68.8769,38.35,91.15,0.0,119.0,1.0,495.0
713,13,26.0,0.0,0.0,244.0,0.0,11,0,2,0,0,0,0,68.5,38.0,91.15,0.0,119.0,2.0,497.0
714,13,25.0,0.0,1.0,245.0,0.0,12,1,0,0,0,0,0,68.0462,37.65,90.65,0.0,119.0,0.0,497.0
715,15,28.0,3.0,0.0,245.0,0.0,13,0,0,0,0,0,0,67.6038,37.3,90.15,0.0,119.0,0.0,497.0
716,15,28.0,0.0,0.0,245.0,0.0,13,0,0,0,0,0,0,67.1615,36.95,89.65,0.0,119.0,0.0,497.0
717,15,25.0,0.0,3.0,248.0,0.0,7,3,3,0,0,0,0,66.8115,36.45,89.65,0.0,119.0,3.0,500.0
718,12,24.0,0.0,1.0,249.0,0.0,11,1,1,0,0,0,0,66.4692,35.95,89.65,1.0,120.0,2.0,502.0
719,11,23.0,0.0,1.0,250.0,0.0,12,1,0,0,0,0,0,66.0615,35.45,89.15,0.0,120.0,0.0,502.0
720,10,23.0,0.0,0.0,250.0,0.0,13,0,0,0,0,0,0,65.6654,35.1,88.65,0.0,120.0,0.0,502.0
721,10,22.0,0.0,1.0,251.0,0.0,12,1,0,0,0,0,0,65.2692,34.75,88.15,0.0,120.0,0.0,502.0
722,9,22.0,0.0,0.0,251.0,0.0,13,0,0,0,0,0,0,64.8615,34.4,87.65,0.0,120.0,0.0,502.0
723,11,24.0,2.0,0.0,251.0,0.0,12,0,1,0,0,0,0,64.4808,34.05,87.15,0.0,120.0,1.0,503.0
724,11,24.0,0.0,0.0,251.0,0.0,11,0,2,0,0,0,0,64.1154,34.05,86.65,0.0,120.0,2.0,505.0
725,12,25.0,1.0,0.0,251.0,0.0,12,0,1,0,0,0,0,63.75,34.05,86.15,1.0,121.0,2.0,507.0
726,12,25.0,0.0,0.0,251.0,0.0,13,0,0,0,0,0,0,63.3308,33.7,85.65,0.0,121.0,0.0,507.0
727,13,26.0,1.0,0.0,251.0,0.0,13,0,0,0,0,0,0,62.9115,33.35,85.15,0.0,121.0,0.0,507.0
728,13,25.0,0.0,1.0,252.0,0.0,11,1,1,0,0,0,0,62.5192,33.0,85.15,0.0,121.0,1.0,508.0
729,12,23.0,0.0,2.0,254.0,0.0,11,2,0,0,0,0,0,62.0885,32.65,84.65,0.0,121.0,0.0,508.0
730,10,21.0,0.0,2.0,256.0,0.0,9,2,2,0,0,0,0,61.7231,32.3,84.3,0.0,121.0,2.0,510.0
731,9,22.0,1.0,0.0,256.0,0.0,12,0,1,0,0,0,0,61.3692,31.95,83.95,1.0,122.0,2.0,512.0
732,9,21.0,0.0,1.0,257.0,0.0,11,1,1,0,0,0,0,60.9885,31.6,83.6,0.0,122.0,1.0,513.0
733,8,21.0,0.0,0.0,257.0,0.0,13,0,0,0,0,0,0,60.6077,31.25,83.25,0.0,122.0,0.0,513.0
734,8,21.0,0.0,0.0,257.0,0.0,13,0,0,0,0,0,0,60.2269,30.9,82.9,0.0,122.0,0.0,513.0
735,9,22.0,1.0,0.0,257.0,0.0,13,0,0,0,0,0,0,59.8077,30.55,82.55,0.0,122.0,0.0,513.0
736,9,22.0,0.0,0.0,257.0,0.0,13,0,0,0,0,0,0,59.3885,30.2,82.2,0.0,122.0,0.0,513.0
737,10,23.0,1.0,0.0,257.0,0.0,9,0,4,0,0,0,0,59.1,29.85,82.2,0.0,122.0,4.0,517.0
738,10,22.0,0.0,1.0,258.0,0.0,10,1,2,0,0,0,0,58.8115,29.85,82.2,2.0,124.0,4.0,521.0
739,11,23.0,2.0,1.0,259.0,0.0,12,1,0,0,0,0,0,58.4038,29.5,81.85,0.0,124.0,0.0,521.0
740,10,23.0,0.0,0.0,259.0,0.0,13,0,0,0,0,0,0,58.0077,29.15,81.5,0.0,124.0,0.0,521.0
741,10,23.0,0.0,0.0,259.0,0.0,9,0,4,0,0,0,0,57.7308,28.8,81.5,0.0,124.0,4.0,525.0
742,10,23.0,0.0,0.0,259.0,0.0,10,0,3,0,0,0,0,57.4538,28.45,81.5,1.0,125.0,4.0,529.0
743,10,23.0,0.0,0.0,259.0,0.0,11,0,2,0,0,0,0,57.1269,28.1,81.5,1.0,126.0,3.0,532.0
744,10,23.0,0.0,0.0,259.0,0.0,13,0,0,0,0,0,0,56.7462,27.75,81.5,1.0,127.0,1.0,533.0
745,11,22.0,1.0,2.0,261.0,0.0,11,2,0,0,0,0,0,56.3385,27.4,81.15,0.0,127.0,0.0,533.0
746,9,22.0,0.0,0.0,261.0,0.0,12,0,1,0,0,0,0,55.9808,27.05,80.8,0.0,127.0,1.0,534.0
747,10,23.0,1.0,0.0,261.0,0.0,13,0,0,0,0,0,0,55.5846,26.7,80.45,0.0,127.0,0.0,534.0
748,10,22.0,0.0,1.0,262.0,0.0,12,1,0,0,0,0,0,55.1885,26.35,80.1,0.0,127.0,0.0,534.0
749,9,22.0,0.0,0.0,262.0,0.0,12,0,1,0,0,0,0,54.8192,26.0,79.75,0.0,127.0,1.0,535.0
750,9,21.0,0.0,1.0,263.0,0.0,12,1,0,0,0,0,0,54.4231,25.65,79.4,0.0,127.0,0.0,535.0
751,10,23.0,2.0,0.0,263.0,0.0,13,0,0,0,0,0,0,54.0269,25.3,79.05,0.0,127.0,0.0,535.0
752,10,23.0,0.0,0.0,263.0,0.0,13,0,0,0,0,0,0,53.6192,24.8,78.7,0.0,127.0,0.0,535.0
753,10,23.0,0.0,0.0,263.0,0.0,12,0,1,0,0,0,0,53.2385,24.3,78.35,0.0,127.0,1.0,536.0
754,10,22.0,0.0,1.0,264.0,0.0,12,1,0,0,0,0,0,52.8192,23.8,78.0,0.0,127.0,0.0,536.0
755,11,24.0,2.0,0.0,264.0,0.0,13,0,0,0,0,0,0,52.4,23.3,77.65,0.0,127.0,0.0,536.0
756,11,24.0,0.0,0.0,264.0,0.0,11,0,2,0,0,0,0,52.0462,22.8,77.3,0.0,127.0,2.0,538.0
757,11,24.0,0.0,0.0,264.0,0.0,12,0,1,0,0,0,0,51.6692,22.3,76.95,1.0,128.0,2.0,540.0
758,11,24.0,0.0,0.0,264.0,0.0,12,0,1,0,0,0,0,51.2654,22.3,76.6,0.0,128.0,1.0,541.0
759,11,22.0,0.0,2.0,266.0,0.0,11,2,0,0,0,0,0,50.8115,21.8,76.25,0.0,128.0,0.0,541.0
760,9,21.0,0.0,1.0,267.0,0.0,11,1,1,0,0,0,0,50.4077,21.3,75.9,0.0,128.0,1.0,542.0
761,8,20.0,0.0,1.0,268.0,0.0,12,1,0,0,0,0,0,49.9654,20.8,75.4,0.0,128.0,0.0,542.0
762,7,20.0,0.0,0.0,268.0,0.0,13,0,0,0,0,0,0,49.5346,20.3,74.9,0.0,128.0,0.0,542.0
763,9,22.0,2.0,0.0,268.0,0.0,12,0,1,0,0,0,0,49.1308,19.8,74.4,0.0,128.0,1.0,543.0
764,9,22.0,0.0,0.0,268.0,0.0,13,0,0,0,0,0,0,48.7,19.3,73.9,0.0,128.0,0.0,543.0
765,11,23.0,2.0,1.0,269.0,0.0,12,1,0,0,0,0,0,48.2692,18.8,73.4,0.0,128.0,0.0,543.0
766,10,23.0,0.0,0.0,269.0,0.0,13,0,0,0,0,0,0,47.85,18.45,72.9,0.0,128.0,0.0,543.0
767,10,23.0,0.0,0.0,269.0,0.0,12,0,1,0,0,0,0,47.4462,18.1,72.9,0.0,128.0,1.0,544.0
768,10,21.0,0.0,2.0,271.0,0.0,9,2,2,0,0,0,0,47.1077,17.75,72.9,1.0,129.0,3.0,547.0
769,8,21.0,0.0,0.0,271.0,0.0,12,0,1,0,0,0,0,46.7538,17.75,72.4,1.0,130.0,2.0,549.0
770,8,21.0,0.0,0.0,271.0,0.0,12,0,1,0,0,0,0,46.3615,17.4,71.9,0.0,130.0,1.0,550.0
771,9,21.0,1.0,1.0,272.0,0.0,11,1,1,0,0,0,0,45.9692,17.4,71.4,0.0,130.0,1.0,551.0
772,8,20.0,0.0,1.0,273.0,0.0,11,1,1,0,0,0,0,45.5885,17.05,70.9,0.0,130.0,1.0,552.0
773,7,19.0,0.0,1.0,274.0,0.0,9,1,3,0,0,0,0,45.2731,17.05,70.4,0.0,130.0,3.0,555.0
774,6,18.0,0.0,1.0,275.0,0.0,11,1,1,0,0,0,0,44.9577,17.05,69.9,2.0,132.0,3.0,558.0
775,7,20.0,2.0,0.0,275.0,0.0,13,0,0,0,0,0,0,44.5615,16.7,69.4,0.0,132.0,0.0,558.0
776,7,19.0,0.0,1.0,276.0,0.0,11,1,1,0,0,0,0,44.1808,16.35,68.9,0.0,132.0,1.0,559.0
777,6,18.0,0.0,1.0,277.0,0.0,11,1,1,0,0,0,0,43.8115,16.0,68.4,0.0,132.0,1.0,560.0
778,5,18.0,0.0,0.0,277.0,0.0,11,0,2,0,0,0,0,43.4808,16.0,68.05,0.0,132.0,2.0,562.0
779,7,20.0,2.0,0.0,277.0,0.0,12,0,1,0,0,0,0,43.1231,15.65,67.7,0.0,132.0,1.0,563.0
780,7,20.0,0.0,0.0,277.0,0.0,11,0,2,0,0,0,0,42.7923,15.3,67.35,0.0,132.0,2.0,565.0
781,7,20.0,0.0,0.0,277.0,0.0,10,0,2,0,1,0,0,42.4885,14.95,67.0,1.0,133.0,3.0,568.0
782,7,20.0,0.0,0.0,277.0,0.0,12,0,0,0,1,0,0,42.1192,14.6,66.65,1.0,134.0,1.0,569.0
783,7,20.0,0.0,0.0,277.0,0.0,11,0,1,0,1,0,0,41.7385,14.25,66.3,0.0,134.0,1.0,570.0
784,7,20.0,0.0,0.0,277.0,0.0,11,0,1,0,1,0,0,41.3577,13.9,65.95,0.0,134.0,1.0,571.0
785,8,20.0,1.0,1.0,278.0,0.0,11,1,0,0,1,0,0,40.95,13.55,65.6,0.0,134.0,0.0,571.0
786,8,20.0,0.0,0.0,278.0,0.0,12,0,0,0,1,0,0,40.5538,13.2,65.25,0.0,134.0,0.0,571.0
787,10,21.0,2.0,1.0,279.0,0.0,11,1,0,0,1,0,0,40.1462,12.85,64.9,0.0,134.0,0.0,571.0
788,9,19.0,0.0,2.0,281.0,0.0,10,2,0,0,1,0,0,39.75,12.5,64.55,0.0,134.0,0.0,571.0
789,7,19.0,0.0,0.0,281.0,0.0,11,0,1,0,1,0,0,39.3923,12.15,64.2,0.0,134.0,1.0,572.0
790,7,19.0,0.0,0.0,281.0,0.0,12,0,0,0,1,0,0,38.9846,11.8,63.85,0.0,134.0,0.0,572.0
791,7,19.0,0.0,0.0,281.0,0.0,12,0,0,0,1,0,0,38.5769,11.45,63.5,0.0,134.0,0.0,572.0
792,7,17.0,0.0,2.0,283.0,0.0,10,2,0,0,1,0,0,38.1692,11.1,63.15,0.0,134.0,0.0,572.0
793,6,18.0,1.0,0.0,283.0,0.0,12,0,0,0,1,0,0,37.7846,10.75,62.8,0.0,134.0,0.0,572.0
794,6,18.0,0.0,0.0,283.0,0.0,10,0,2,0,1,0,0,37.4538,10.4,62.45,0.0,134.0,2.0,574.0
795,8,20.0,2.0,0.0,283.0,0.0,11,0,1,0,1,0,0,37.1231,10.05,62.1,1.0,135.0,2.0,576.0
796,8,18.0,0.0,2.0,285.0,0.0,10,2,0,1,0,0,0,36.7385,9.7,61.75,0.0,135.0,0.0,576.0
797,6,18.0,0.0,0.0,285.0,0.0,12,0,0,1,0,0,0,37.0869,18.73,61.4,0.0,135.0,0.0,576.0
798,6,17.0,0.0,1.0,286.0,0.0,9,1,2,1,0,0,0,37.5008,19.6,61.05,0.0,135.0,2.0,578.0
799,6,18.0,1.0,0.0,286.0,0.0,10,0,2,1,0,0,0,37.9531,19.25,61.05,1.0,136.0,3.0,581.0
800,6,18.0,0.0,0.0,286.0,0.0,11,0,1,1,0,0,0,38.3669,18.9,61.05,1.0,137.0,2.0,583.0
801,6,18.0,0.0,0.0,286.0,0.0,12,0,0,1,0,0,0,38.7269,18.55,60.7,0.0,137.0,0.0,583.0
802,6,18.0,0.0,0.0,286.0,0.0,12,0,0,1,0,0,0,39.0754,18.2,63.88,0.0,137.0,0.0,583.0
803,7,19.0,1.0,0.0,286.0,0.0,12,0,0,1,0,0,0,39.4238,17.85,72.91,0.0,137.0,0.0,583.0
804,7,19.0,0.0,0.0,286.0,0.0,12,0,0,1,0,0,0,39.7608,17.5,81.94,0.0,137.0,0.0,583.0
805,8,20.0,1.0,0.0,286.0,0.0,12,0,0,1,0,0,0,40.0862,17.15,90.97,0.0,137.0,0.0,583.0
806,7,20.0,0.0,0.0,286.0,0.0,13,0,0,0,0,0,0,40.3846,16.8,99.65,0.0,137.0,0.0,583.0
807,8,19.0,1.0,2.0,288.0,0.0,10,2,1,0,0,0,0,40.0038,16.45,99.3,0.0,137.0,1.0,584.0
808,6,19.0,0.0,0.0,288.0,0.0,13,0,0,0,0,0,0,39.6077,16.1,98.95,0.0,137.0,0.0,584.0
809,6,19.0,0.0,0.0,288.0,0.0,10,0,3,0,0,0,0,39.3038,15.6,98.6,0.0,137.0,3.0,587.0
810,6,18.0,0.0,1.0,289.0,0.0,9,1,3,0,0,0,0,39.0538,15.1,98.25,2.0,139.0,5.0,592.0
811,7,20.0,2.0,0.0,289.0,0.0,12,0,0,0,1,0,0,38.6462,14.6,97.9,0.0,139.0,0.0,592.0
812,7,20.0,0.0,0.0,289.0,0.0,12,0,0,0,1,0,0,38.25,14.25,97.55,0.0,139.0,0.0,592.0
813,7,19.0,0.0,1.0,290.0,0.0,11,1,0,0,1,0,0,37.8423,13.9,97.2,0.0,139.0,0.0,592.0
814,7,19.0,0.0,0.0,290.0,0.0,11,0,1,0,1,0,0,37.4731,13.55,96.85,0.0,139.0,1.0,593.0
815,8,20.0,1.0,0.0,290.0,0.0,9,0,3,0,1,0,0,37.1577,13.2,96.5,0.0,139.0,3.0,596.0
816,8,20.0,0.0,0.0,290.0,0.0,10,0,2,0,1,0,0,36.8423,12.85,96.15,1.0,140.0,3.0,599.0
817,8,20.0,0.0,0.0,290.0,0.0,11,0,1,0,1,0,0,36.4885,12.5,95.8,1.0,141.0,2.0,601.0
818,8,20.0,0.0,0.0,290.0,0.0,12,0,0,0,1,0,0,36.0808,12.15,95.45,0.0,141.0,0.0,601.0
819,9,21.0,1.0,0.0,290.0,0.0,9,0,3,0,1,0,0,35.8038,11.8,95.1,0.0,141.0,3.0,604.0
820,9,21.0,0.0,0.0,290.0,0.0,12,0,0,0,1,0,0,35.4231,11.45,94.75,1.0,142.0,1.0,605.0
821,10,21.0,1.0,1.0,291.0,0.0,11,1,0,0,1,0,0,34.9923,11.1,94.4,0.0,142.0,0.0,605.0
822,9,21.0,0.0,0.0,291.0,0.0,12,0,0,0,1,0,0,34.6115,10.75,94.05,0.0,142.0,0.0,605.0
823,10,21.0,1.0,1.0,292.0,0.0,9,1,1,0,2,0,0,34.2192,10.4,93.7,0.0,142.0,1.0,606.0
824,10,21.0,0.0,0.0,292.0,0.0,11,0,0,0,2,0,0,33.8115,10.05,93.35,0.0,142.0,0.0,606.0
825,11,22.0,1.0,0.0,292.0,0.0,11,0,0,1,1,0,0,33.3923,9.7,93.0,0.0,142.0,0.0,606.0
826,11,21.0,0.0,1.0,293.0,0.0,9,1,1,1,1,0,0,33.7215,13.7,92.65,0.0,142.0,1.0,607.0
827,11,22.0,1.0,0.0,293.0,0.0,9,0,2,1,1,0,0,34.1008,13.35,92.3,0.0,142.0,2.0,609.0
828,11,21.0,0.0,1.0,294.0,0.0,9,1,1,1,1,0,0,34.4569,13.0,91.95,1.0,143.0,2.0,611.0
829,10,21.0,0.0,0.0,294.0,0.0,11,0,0,1,1,0,0,34.7592,12.65,91.6,0.0,143.0,0.0,611.0
830,10,21.0,0.0,0.0,294.0,0.0,8,0,3,1,1,0,0,35.1923,12.3,91.25,0.0,143.0,3.0,614.0
831,10,21.0,0.0,0.0,294.0,0.0,11,0,0,1,1,0,0,35.5985,11.95,90.9,2.0,145.0,2.0,616.0
832,10,21.0,0.0,0.0,294.0,0.0,11,0,0,1,1,0,0,35.9392,11.6,90.55,0.0,145.0,0.0,616.0
833,10,21.0,0.0,0.0,294.0,0.0,11,0,0,1,1,0,0,36.28,11.25,90.2,0.0,145.0,0.0,616.0
834,10,20.0,0.0,1.0,295.0,0.0,9,1,2,1,0,0,0,36.6746,11.25,90.97,0.0,145.0,2.0,618.0
835,12,24.0,4.0,0.0,295.0,0.0,11,0,0,0,2,0,0,36.9615,10.9,99.65,0.0,145.0,0.0,618.0
836,12,24.0,0.0,0.0,295.0,0.0,11,0,0,0,2,0,0,36.5538,10.55,99.3,0.0,145.0,0.0,618.0
837,12,24.0,0.0,0.0,295.0,0.0,10,0,1,0,2,0,0,36.1615,10.2,98.95,0.0,145.0,1.0,619.0
838,12,22.0,0.0,2.0,297.0,0.0,7,2,1,0,3,0,0,35.7577,9.85,98.6,0.0,145.0,1.0,620.0
839,10,22.0,0.0,0.0,297.0,0.0,9,0,3,0,1,0,0,35.4808,9.85,98.25,1.0,146.0,4.0,624.0
840,10,21.0,0.0,1.0,298.0,0.0,8,1,2,0,2,0,0,35.1769,9.85,97.9,1.0,147.0,3.0,627.0
841,10,21.0,0.0,0.0,298.0,0.0,10,0,1,0,2,0,0,34.8462,9.5,97.55,1.0,148.0,2.0,629.0
842,10,20.0,0.0,1.0,299.0,0.0,9,1,1,0,2,0,0,34.4654,9.5,97.2,0.0,148.0,1.0,630.0
843,11,21.0,1.0,0.0,299.0,0.0,9,1,0,0,3,0,0,34.0962,9.15,96.85,0.0,148.0,0.0,630.0
844,11,21.0,0.0,0.0,299.0,0.0,9,1,0,0,3,0,0,33.7269,8.8,96.5,0.0,148.0,0.0,630.0
845,11,22.0,1.0,0.0,299.0,0.0,8,0,2,0,3,0,0,33.3962,8.45,96.15,0.0,148.0,2.0,632.0
846,11,22.0,0.0,0.0,299.0,0.0,8,0,2,0,3,0,0,33.0654,8.1,95.8,0.0,148.0,2.0,634.0
847,12,23.0,1.0,0.0,299.0,0.0,8,0,2,0,3,0,0,32.7731,7.75,95.45,1.0,149.0,3.0,637.0
848,12,23.0,0.0,0.0,299.0,0.0,10,0,0,0,3,0,0,32.3538,7.4,94.95,0.0,149.0,0.0,637.0
849,13,24.0,1.0,0.0,299.0,0.0,7,0,2,0,4,0,0,32.0,7.05,94.45,0.0,149.0,2.0,639.0
850,13,23.0,0.0,1.0,300.0,0.0,8,1,0,0,4,0,0,31.6192,6.7,93.95,1.0,150.0,1.0,640.0
851,13,24.0,1.0,0.0,300.0,0.0,9,0,0,0,4,0,0,31.2115,6.35,93.6,0.0,150.0,0.0,640.0
852,13,24.0,0.0,0.0,300.0,0.0,9,0,0,0,4,0,0,30.8038,6.0,93.25,0.0,150.0,0.0,640.0
853,13,24.0,0.0,0.0,300.0,0.0,8,0,0,0,4,1,0,30.3846,5.65,92.9,0.0,150.0,0.0,640.0
854,13,23.0,0.0,1.0,301.0,0.0,6,1,1,1,3,1,0,30.0192,5.3,92.4,0.0,150.0,1.0,641.0
855,13,23.0,1.0,1.0,302.0,0.0,7,1,0,1,3,1,0,30.3527,4.95,91.9,0.0,150.0,0.0,641.0
856,13,21.0,0.0,2.0,304.0,0.0,6,2,0,1,3,1,0,30.6977,4.6,91.4,0.0,150.0,0.0,641.0
857,12,20.0,0.0,1.0,305.0,0.0,7,1,0,2,2,1,0,31.0658,4.25,91.05,0.0,150.0,0.0,641.0
858,12,20.0,0.0,0.0,305.0,0.0,8,0,0,2,2,1,0,32.2088,7.3,90.7,0.0,150.0,0.0,641.0
859,14,22.0,2.0,0.0,305.0,0.0,8,0,0,2,2,1,0,33.3519,6.95,90.35,0.0,150.0,0.0,641.0
860,14,22.0,0.0,0.0,305.0,0.0,8,0,1,2,1,1,0,34.5219,6.6,90.0,0.0,150.0,1.0,642.0
861,14,22.0,0.0,0.0,305.0,0.0,8,0,0,2,2,1,0,35.665,6.25,89.65,0.0,150.0,0.0,642.0
862,14,22.0,0.0,0.0,305.0,0.0,8,0,0,2,2,1,0,36.8081,5.9,89.3,0.0,150.0,0.0,642.0
863,15,23.0,1.0,0.0,305.0,0.0,8,0,1,2,1,1,0,37.955,5.9,90.915,0.0,150.0,1.0,643.0
864,14,23.0,0.0,0.0,305.0,0.0,8,0,1,1,3,0,0,39.075,5.9,99.65,1.0,151.0,2.0,645.0
865,15,24.0,1.0,0.0,305.0,0.0,8,0,0,1,3,1,0,39.4308,5.55,99.3,0.0,151.0,0.0,645.0
866,15,24.0,0.0,0.0,305.0,0.0,7,0,1,1,3,1,0,39.8519,5.2,98.95,0.0,151.0,1.0,646.0
867,15,25.0,1.0,0.0,305.0,0.0,9,0,0,1,3,0,0,40.1923,4.85,99.65,0.0,151.0,0.0,646.0
868,15,23.0,0.0,2.0,307.0,0.0,7,2,0,1,3,0,0,40.555,8.6,99.3,0.0,151.0,0.0,646.0
869,14,23.0,0.0,0.0,307.0,0.0,9,0,0,1,3,0,0,40.9408,8.25,98.95,0.0,151.0,0.0,646.0
870,14,23.0,0.0,0.0,307.0,0.0,9,0,0,1,3,0,0,41.3265,7.9,98.6,0.0,151.0,0.0,646.0
871,15,23.0,1.0,1.0,308.0,0.0,8,1,0,1,3,0,0,41.7123,7.55,98.25,0.0,151.0,0.0,646.0
872,14,23.0,0.0,0.0,308.0,0.0,8,0,0,1,3,1,0,42.1096,7.2,97.9,0.0,151.0,0.0,646.0
873,14,23.0,0.0,0.0,308.0,0.0,7,0,1,1,3,1,0,42.5608,6.85,97.55,0.0,151.0,1.0,647.0
874,14,23.0,0.0,0.0,308.0,0.0,8,0,0,1,3,1,0,43.0119,6.5,97.2,1.0,152.0,1.0,648.0
875,16,25.0,2.0,0.0,308.0,0.0,8,0,0,1,3,1,0,43.4362,6.15,96.85,0.0,152.0,0.0,648.0
876,16,25.0,0.0,0.0,308.0,0.0,8,0,0,1,3,1,0,43.8604,5.8,96.5,0.0,152.0,0.0,648.0
877,16,26.0,1.0,0.0,308.0,0.0,7,0,2,0,4,0,0,44.2962,5.45,99.65,0.0,152.0,2.0,650.0
878,16,26.0,0.0,0.0,308.0,0.0,8,0,1,0,4,0,0,44.0,5.1,99.3,1.0,153.0,2.0,652.0
879,16,26.0,0.0,0.0,308.0,0.0,8,0,0,0,4,1,0,43.6154,4.75,98.95,0.0,153.0,0.0,652.0
880,16,26.0,0.0,0.0,308.0,0.0,8,0,0,0,4,1,0,43.2462,4.4,98.6,0.0,153.0,0.0,652.0
881,16,25.0,0.0,1.0,309.0,0.0,6,1,1,1,3,1,0,42.9038,4.05,98.25,0.0,153.0,1.0,653.0
882,16,25.0,0.0,0.0,309.0,0.0,6,0,3,1,2,1,0,43.3919,8.0,97.9,0.0,153.0,3.0,656.0
883,18,26.0,2.0,1.0,310.0,0.0,6,1,1,1,3,1,0,43.8531,7.65,97.55,1.0,154.0,2.0,658.0
884,17,26.0,0.0,0.0,310.0,0.0,7,0,2,1,2,1,0,44.3142,7.3,97.2,0.0,154.0,2.0,660.0
885,18,27.0,1.0,0.0,310.0,0.0,8,0,2,2,0,1,0,44.8023,7.3,96.85,1.0,155.0,3.0,663.0
886,18,27.0,0.0,0.0,310.0,0.0,7,0,0,2,2,2,0,45.9608,7.3,96.5,1.0,156.0,1.0,664.0
887,18,27.0,0.0,0.0,310.0,0.0,6,0,1,2,2,2,0,47.1577,6.95,96.15,0.0,156.0,1.0,665.0
888,18,27.0,0.0,0.0,310.0,0.0,6,0,1,2,2,2,0,48.3931,6.6,95.8,1.0,157.0,2.0,667.0
889,18,27.0,0.0,0.0,310.0,0.0,7,0,0,3,1,2,0,49.5631,6.25,95.45,0.0,157.0,0.0,667.0
890,18,27.0,0.0,0.0,310.0,0.0,5,0,1,3,1,3,0,51.5196,10.7,95.1,0.0,157.0,1.0,668.0
891,19,29.0,2.0,0.0,310.0,0.0,6,0,1,2,2,2,0,53.4262,10.35,99.65,0.0,157.0,1.0,669.0
892,19,29.0,0.0,0.0,310.0,0.0,4,0,3,2,2,2,0,54.6331,10.0,99.3,1.0,158.0,3.0,672.0
893,19,27.0,0.0,2.0,312.0,0.0,3,2,2,2,2,2,0,55.8785,9.65,98.95,1.0,159.0,3.0,675.0
894,18,27.0,0.0,0.0,312.0,0.0,6,0,1,2,2,2,0,57.1085,9.3,98.6,1.0,160.0,2.0,677.0
895,20,28.0,2.0,1.0,313.0,0.0,7,1,0,1,3,1,0,58.2192,8.95,99.65,0.0,160.0,0.0,677.0
896,19,28.0,0.0,0.0,313.0,0.0,8,0,0,1,3,1,0,58.6212,8.6,99.3,0.0,160.0,0.0,677.0
897,19,28.0,0.0,0.0,313.0,0.0,8,0,0,1,3,1,0,59.0231,8.25,98.95,0.0,160.0,0.0,677.0
898,19,28.0,0.0,0.0,313.0,0.0,8,0,0,1,3,1,0,59.425,7.9,98.6,0.0,160.0,0.0,677.0
899,19,29.0,1.0,0.0,313.0,0.0,9,0,0,0,4,0,0,59.7615,7.55,99.65,0.0,160.0,0.0,677.0
900,19,28.0,0.0,1.0,314.0,0.0,7,1,1,0,4,0,0,59.3923,7.2,99.3,0.0,160.0,1.0,678.0
901,18,28.0,0.0,0.0,314.0,0.0,8,0,1,0,4,0,0,59.0462,6.85,98.95,0.0,160.0,1.0,679.0
902,18,28.0,0.0,0.0,314.0,0.0,9,0,1,0,3,0,0,58.6885,6.5,98.6,0.0,160.0,1.0,680.0
903,18,28.0,0.0,0.0,314.0,0.0,8,0,2,0,3,0,0,58.3577,6.15,98.25,0.0,160.0,2.0,682.0
904,18,27.0,0.0,1.0,315.0,0.0,8,1,1,0,3,0,0,58.0154,5.8,97.9,1.0,161.0,2.0,684.0
905,19,28.0,2.0,1.0,316.0,0.0,8,1,0,0,4,0,0,57.6308,5.45,97.55,0.0,161.0,0.0,684.0
906,18,27.0,0.0,1.0,317.0,0.0,8,1,0,0,4,0,0,57.2577,5.1,97.2,0.0,161.0,0.0,684.0
907,19,29.0,2.0,0.0,317.0,0.0,9,0,0,0,4,0,0,56.8962,4.75,96.85,0.0,161.0,0.0,684.0
908,19,29.0,0.0,0.0,317.0,0.0,9,0,0,0,4,0,0,56.5346,4.4,96.5,0.0,161.0,0.0,684.0
909,19,28.0,0.0,1.0,318.0,0.0,8,1,0,1,3,0,0,56.1731,4.05,96.15,0.0,161.0,0.0,684.0
910,19,28.0,0.0,0.0,318.0,0.0,9,0,0,1,3,0,0,56.5881,8.55,95.8,0.0,161.0,0.0,684.0
911,19,28.0,0.0,0.0,318.0,0.0,8,0,1,1,3,0,0,57.0185,8.2,95.45,0.0,161.0,1.0,685.0
912,19,28.0,0.0,0.0,318.0,0.0,9,0,0,1,3,0,0,57.4219,7.85,95.1,0.0,161.0,0.0,685.0
913,19,28.0,0.0,0.0,318.0,0.0,9,0,0,2,2,0,0,57.8023,7.5,94.75,0.0,161.0,0.0,685.0
914,19,28.0,0.0,0.0,318.0,0.0,9,0,0,2,2,0,0,58.9096,7.65,94.4,0.0,161.0,0.0,685.0
915,21,30.0,2.0,0.0,318.0,0.0,9,0,0,2,2,0,0,60.0169,7.3,94.05,0.0,161.0,0.0,685.0
916,21,30.0,0.0,0.0,318.0,0.0,9,0,0,3,1,0,0,61.1242,6.95,93.7,0.0,161.0,0.0,685.0
917,21,30.0,0.0,0.0,318.0,0.0,9,0,0,3,1,0,0,62.9742,10.3,93.35,0.0,161.0,0.0,685.0
918,21,30.0,0.0,0.0,318.0,0.0,7,0,2,3,1,0,0,64.8896,9.95,93.0,0.0,161.0,2.0,687.0
919,22,32.0,2.0,0.0,318.0,0.0,9,0,1,2,1,0,0,66.7665,9.6,99.65,1.0,162.0,2.0,689.0
920,22,32.0,0.0,0.0,318.0,0.0,10,0,0,2,1,0,0,67.8285,9.25,99.3,0.0,162.0,0.0,689.0
921,22,30.0,0.0,2.0,320.0,0.0,8,2,0,2,1,0,0,68.8788,8.9,98.95,0.0,162.0,0.0,689.0
922,20,30.0,0.0,0.0,320.0,0.0,10,0,0,2,1,0,0,69.9523,8.55,98.6,0.0,162.0,0.0,689.0
923,20,30.0,1.0,1.0,321.0,0.0,9,1,0,2,1,0,0,70.9988,8.2,99.65,0.0,162.0,0.0,689.0
924,20,30.0,0.0,0.0,321.0,0.0,10,0,0,2,1,0,0,72.0785,14.35,99.3,0.0,162.0,0.0,689.0
925,21,30.0,1.0,1.0,322.0,0.0,8,1,1,2,1,0,0,73.185,14.0,98.95,0.0,162.0,1.0,690.0
926,19,30.0,0.0,0.0,322.0,0.0,10,0,1,1,1,0,0,74.3146,13.65,99.65,1.0,163.0,2.0,692.0
927,19,30.0,0.0,0.0,322.0,0.0,10,0,1,1,1,0,0,74.69,13.3,99.3,0.0,163.0,1.0,693.0
928,19,30.0,0.0,0.0,322.0,0.0,9,0,2,1,1,0,0,75.1154,12.95,98.95,0.0,163.0,2.0,695.0
929,19,30.0,0.0,0.0,322.0,0.0,10,0,1,1,1,0,0,75.5408,12.6,98.6,1.0,164.0,2.0,697.0
930,19,30.0,0.0,0.0,322.0,0.0,10,0,1,1,1,0,0,75.9162,12.25,98.25,0.0,164.0,1.0,698.0
931,21,32.0,2.0,0.0,322.0,0.0,11,0,0,1,1,0,0,76.2646,11.9,97.9,0.0,164.0,0.0,698.0
932,21,32.0,0.0,0.0,322.0,0.0,11,0,0,1,1,0,0,76.6015,11.55,97.55,0.0,164.0,0.0,698.0
933,21,33.0,1.0,0.0,322.0,0.0,11,0,1,0,1,0,0,76.9385,11.2,99.65,0.0,164.0,1.0,699.0
934,21,33.0,0.0,0.0,322.0,0.0,12,0,0,0,1,0,0,76.5308,10.85,99.3,0.0,164.0,0.0,699.0
935,22,31.0,1.0,3.0,325.0,0.0,9,3,0,0,1,0,0,76.1115,10.5,98.95,0.0,164.0,0.0,699.0
936,19,31.0,0.0,0.0,325.0,0.0,12,0,0,0,1,0,0,75.7269,10.15,98.6,0.0,164.0,0.0,699.0
937,19,31.0,0.0,0.0,325.0,0.0,12,0,0,0,1,0,0,75.3423,9.8,98.25,0.0,164.0,0.0,699.0
938,19,31.0,0.0,0.0,325.0,0.0,12,0,0,0,1,0,0,74.9462,9.45,97.9,0.0,164.0,0.0,699.0
939,20,32.0,1.0,0.0,325.0,0.0,12,0,0,0,1,0,0,74.55,9.1,97.55,0.0,164.0,0.0,699.0
940,20,31.0,0.0,1.0,326.0,0.0,10,1,1,0,1,0,0,74.1808,8.75,97.2,0.0,164.0,1.0,700.0
941,19,31.0,0.0,0.0,326.0,0.0,10,0,2,1,0,0,0,73.85,8.4,96.85,0.0,164.0,2.0,702.0
942,19,31.0,0.0,0.0,326.0,0.0,11,0,1,1,0,0,0,74.2508,17.56,96.5,1.0,165.0,2.0,704.0
943,20,31.0,1.0,1.0,327.0,0.0,11,1,0,1,0,0,0,74.5862,26.72,96.15,0.0,165.0,0.0,704.0
944,19,31.0,0.0,0.0,327.0,0.0,12,0,0,1,0,0,0,74.91,35.88,95.8,0.0,165.0,0.0,704.0
945,20,31.0,1.0,1.0,328.0,0.0,11,1,0,1,0,0,0,75.2338,45.04,95.45,0.0,165.0,0.0,704.0
946,19,31.0,0.0,0.0,328.0,0.0,11,0,1,1,0,0,0,75.5846,48.9,95.1,0.0,165.0,1.0,705.0
947,21,33.0,2.0,0.0,328.0,0.0,12,0,0,1,0,0,0,75.9085,48.55,94.75,0.0,165.0,0.0,705.0
948,21,33.0,0.0,0.0,328.0,0.0,12,0,0,1,0,0,0,76.2208,48.2,94.25,0.0,165.0,0.0,705.0
949,21,33.0,0.0,0.0,328.0,0.0,11,0,1,1,0,0,0,76.5715,47.85,93.75,0.0,165.0,1.0,706.0
950,21,32.0,0.0,1.0,329.0,0.0,11,1,0,1,0,0,0,76.8838,47.5,93.25,0.0,165.0,0.0,706.0
951,19,32.0,0.0,0.0,329.0,0.0,13,0,0,0,0,0,0,77.1808,47.15,99.65,0.0,165.0,0.0,706.0
952,19,32.0,0.0,0.0,329.0,0.0,13,0,0,0,0,0,0,76.7731,46.8,99.3,0.0,165.0,0.0,706.0
953,19,32.0,0.0,0.0,329.0,0.0,13,0,0,0,0,0,0,76.3538,46.45,98.95,0.0,165.0,0.0,706.0
954,19,31.0,0.0,1.0,330.0,0.0,12,1,0,0,0,0,0,75.9231,46.1,98.6,0.0,165.0,0.0,706.0
955,21,34.0,3.0,0.0,330.0,0.0,11,0,2,0,0,0,0,75.5692,45.75,98.25,0.0,165.0,2.0,708.0
956,21,32.0,0.0,2.0,332.0,0.0,8,2,3,0,0,0,0,75.2808,45.75,97.9,1.0,166.0,4.0,712.0
957,19,32.0,0.0,0.0,332.0,0.0,12,0,1,0,0,0,0,74.9385,45.75,97.55,1.0,167.0,2.0,714.0
958,19,31.0,0.0,1.0,333.0,0.0,12,1,0,0,0,0,0,74.5308,45.4,97.2,0.0,167.0,0.0,714.0
959,18,31.0,0.0,0.0,333.0,0.0,13,0,0,0,0,0,0,74.1231,45.05,96.85,0.0,167.0,0.0,714.0
960,18,31.0,0.0,0.0,333.0,0.0,11,0,2,0,0,0,0,73.7692,44.7,96.5,0.0,167.0,2.0,716.0
961,19,32.0,1.0,0.0,333.0,0.0,12,0,1,0,0,0,0,73.4154,44.35,96.15,1.0,168.0,2.0,718.0
962,19,32.0,0.0,0.0,333.0,0.0,13,0,0,0,0,0,0,72.9846,44.0,95.8,0.0,168.0,0.0,718.0
963,20,31.0,1.0,2.0,335.0,0.0,11,2,0,0,0,0,0,72.5538,43.65,95.45,0.0,168.0,0.0,718.0
964,18,31.0,0.0,0.0,335.0,0.0,11,0,2,0,0,0,0,72.2231,43.3,95.1,0.0,168.0,2.0,720.0
965,19,31.0,1.0,1.0,336.0,0.0,9,1,3,0,0,0,0,71.9462,43.3,94.75,1.0,169.0,4.0,724.0
966,18,31.0,0.0,0.0,336.0,0.0,11,0,2,0,0,0,0,71.5923,42.95,94.75,0.0,169.0,2.0,726.0
967,19,32.0,1.0,0.0,336.0,0.0,11,0,2,0,0,0,0,71.2923,42.45,94.75,1.0,170.0,3.0,729.0
968,19,32.0,0.0,0.0,336.0,0.0,13,0,0,0,0,0,0,70.9,41.95,94.4,1.0,171.0,1.0,730.0
969,19,32.0,0.0,0.0,336.0,0.0,13,0,0,0,0,0,0,70.4692,41.45,94.05,0.0,171.0,0.0,730.0
970,19,32.0,0.0,0.0,336.0,0.0,12,0,1,0,0,0,0,70.0538,40.95,93.7,0.0,171.0,1.0,731.0
971,20,32.0,1.0,1.0,337.0,0.0,11,1,1,0,0,0,0,69.6385,40.45,93.35,0.0,171.0,1.0,732.0
972,19,31.0,0.0,1.0,338.0,0.0,12,1,0,0,0,0,0,69.1846,39.95,93.0,0.0,171.0,0.0,732.0
973,18,29.0,0.0,2.0,340.0,0.0,11,2,0,0,0,0,0,68.7423,39.45,92.65,0.0,171.0,0.0,732.0
974,16,29.0,0.0,0.0,340.0,0.0,13,0,0,0,0,0,0,68.3115,38.95,92.3,0.0,171.0,0.0,732.0
975,18,31.0,2.0,0.0,340.0,0.0,13,0,0,0,0,0,0,67.8808,38.45,91.95,0.0,171.0,0.0,732.0
976,18,31.0,0.0,0.0,340.0,0.0,13,0,0,0,0,0,0,67.4385,37.95,91.6,0.0,171.0,0.0,732.0
977,18,29.0,0.0,2.0,342.0,0.0,11,2,0,0,0,0,0,66.9962,37.45,91.25,0.0,171.0,0.0,732.0
978,16,29.0,0.0,0.0,342.0,0.0,13,0,0,0,0,0,0,66.5769,36.95,90.9,0.0,171.0,0.0,732.0
979,18,31.0,2.0,0.0,342.0,0.0,13,0,0,0,0,0,0,66.1577,36.45,90.55,0.0,171.0,0.0,732.0
980,18,30.0,0.0,1.0,343.0,0.0,12,1,0,0,0,0,0,65.7385,35.95,90.2,0.0,171.0,0.0,732.0
981,17,30.0,0.0,0.0,343.0,0.0,13,0,0,0,0,0,0,65.3308,35.6,89.85,0.0,171.0,0.0,732.0
982,17,30.0,0.0,0.0,343.0,0.0,13,0,0,0,0,0,0,64.9115,35.25,89.5,0.0,171.0,0.0,732.0
983,17,30.0,0.0,0.0,343.0,0.0,12,0,1,0,0,0,0,64.5192,34.9,89.15,0.0,171.0,1.0,733.0
984,17,27.0,0.0,3.0,346.0,0.0,10,3,0,0,0,0,0,64.0885,34.55,88.8,0.0,171.0,0.0,733.0
985,15,28.0,1.0,0.0,346.0,0.0,13,0,0,0,0,0,0,63.6923,34.2,88.45,0.0,171.0,0.0,733.0
986,15,28.0,0.0,0.0,346.0,0.0,13,0,0,0,0,0,0,63.2962,33.85,88.1,0.0,171.0,0.0,733.0
987,16,28.0,1.0,1.0,347.0,0.0,12,1,0,0,0,0,0,62.9,33.5,87.75,0.0,171.0,0.0,733.0
988,15,28.0,0.0,0.0,347.0,0.0,13,0,0,0,0,0,0,62.5154,33.15,87.4,0.0,171.0,0.0,733.0
989,16,29.0,1.0,0.0,347.0,0.0,13,0,0,0,0,0,0,62.1308,32.8,87.05,0.0,171.0,0.0,733.0
990,16,29.0,0.0,0.0,347.0,0.0,11,0,2,0,0,0,0,61.8,32.45,87.05,0.0,171.0,2.0,735.0
991,17,30.0,1.0,0.0,347.0,0.0,12,0,1,0,0,0,0,61.4462,31.95,87.05,1.0,172.0,2.0,737.0
992,17,29.0,0.0,1.0,348.0,0.0,12,1,0,0,0,0,0,61.0385,31.45,86.7,0.0,172.0,0.0,737.0
993,16,29.0,0.0,0.0,348.0,0.0,11,0,2,0,0,0,0,60.6962,30.95,86.35,0.0,172.0,2.0,739.0
994,16,29.0,0.0,0.0,348.0,0.0,12,0,1,0,0,0,0,60.3538,30.45,86.0,1.0,173.0,2.0,741.0
995,18,31.0,2.0,0.0,348.0,0.0,13,0,0,0,0,0,0,59.9462,29.95,85.5,0.0,173.0,0.0,741.0
996,18,31.0,0.0,0.0,348.0,0.0,12,0,1,0,0,0,0,59.5654,29.45,85.0,0.0,173.0,1.0,742.0
997,18,30.0,0.0,1.0,349.0,0.0,10,1,2,0,0,0,0,59.2231,28.95,84.5,0.0,173.0,2.0,744.0
998,17,30.0,0.0,0.0,349.0,0.0,10,0,3,0,0,0,0,58.9692,28.45,84.5,1.0,174.0,4.0,748.0
999,17,30.0,0.0,0.0,349.0,0.0,12,0,1,0,0,0,0,58.6385,27.95,84.5,1.0,175.0,2.0,750.0
1000,17,30.0,0.0,0.0,349.0,0.0,12,0,1,0,0,0,0,58.2577,27.45,84.0,0.0,175.0,1.0,751.0
1001,17,30.0,0.0,0.0,349.0,0.0,11,0,2,0,0,0,0,57.9538,26.95,84.0,0.0,175.0,2.0,753.0
1002,17,30.0,0.0,0.0,349.0,0.0,13,0,0,0,0,0,0,57.5346,26.45,83.5,0.0,175.0,0.0,753.0
1003,20,33.0,3.0,0.0,349.0,0.0,13,0,0,0,0,0,0,57.1154,25.95,83.0,0.0,175.0,0.0,753.0
1004,20,32.0,0.0,1.0,350.0,0.0,12,1,0,0,0,0,0,56.6962,25.45,82.5,0.0,175.0,0.0,753.0
1005,20,32.0,1.0,1.0,351.0,0.0,11,1,1,0,0,0,0,56.3038,24.95,82.0,0.0,175.0,1.0,754.0
1006,19,32.0,0.0,0.0,351.0,0.0,11,0,2,0,0,0,0,55.9615,24.6,82.0,0.0,175.0,2.0,756.0
1007,19,32.0,0.0,0.0,351.0,0.0,9,0,4,0,0,0,0,55.7231,24.25,82.0,1.0,176.0,5.0,761.0
1008,19,32.0,0.0,0.0,351.0,0.0,11,0,2,0,0,0,0,55.4231,23.9,81.5,2.0,178.0,4.0,765.0
1009,19,32.0,0.0,0.0,351.0,0.0,13,0,0,0,0,0,0,55.0077,23.55,81.0,1.0,179.0,1.0,766.0
1010,19,32.0,0.0,0.0,351.0,0.0,13,0,0,0,0,0,0,54.5654,23.2,80.5,0.0,179.0,0.0,766.0
1011,20,33.0,1.0,0.0,351.0,0.0,11,0,2,0,0,0,0,54.2154,22.85,80.0,0.0,179.0,2.0,768.0
1012,20,33.0,0.0,0.0,351.0,0.0,11,0,2,0,0,0,0,53.9038,22.5,79.5,1.0,180.0,3.0,771.0
1013,20,32.0,0.0,1.0,352.0,0.0,11,1,1,0,0,0,0,53.5654,22.15,79.0,1.0,181.0,2.0,773.0
1014,19,32.0,0.0,0.0,352.0,0.0,13,0,0,0,0,0,0,53.1231,21.8,78.5,0.0,181.0,0.0,773.0
1015,21,34.0,2.0,0.0,352.0,0.0,12,0,1,0,0,0,0,52.7462,21.3,78.0,0.0,181.0,1.0,774.0
1016,21,32.0,0.0,2.0,354.0,0.0,11,2,0,0,0,0,0,52.3692,20.8,77.5,1.0,182.0,1.0,775.0
1017,20,33.0,1.0,0.0,354.0,0.0,13,0,0,0,0,0,0,51.9385,20.3,77.0,0.0,182.0,0.0,775.0
1018,20,32.0,0.0,1.0,355.0,0.0,11,1,1,0,0,0,0,51.5346,19.8,76.5,0.0,182.0,1.0,776.0
1019,20,33.0,1.0,0.0,355.0,0.0,12,0,1,0,0,0,0,51.1423,19.3,76.0,0.0,182.0,1.0,777.0
1020,20,33.0,0.0,0.0,355.0,0.0,12,0,1,0,0,0,0,50.7654,18.8,75.5,1.0,183.0,2.0,779.0
1021,20,32.0,0.0,1.0,356.0,0.0,10,1,2,0,0,0,0,50.3769,18.3,75.0,0.0,183.0,2.0,781.0
1022,19,31.0,0.0,1.0,357.0,0.0,9,1,3,0,0,0,0,50.0769,17.8,75.0,1.0,184.0,4.0,785.0
1023,18,31.0,0.0,0.0,357.0,0.0,11,0,2,0,0,0,0,49.7615,17.8,74.5,1.0,185.0,3.0,788.0
1024,18,30.0,0.0,1.0,358.0,0.0,10,1,2,0,0,0,0,49.4192,17.8,74.5,0.0,185.0,2.0,790.0
1025,18,31.0,1.0,0.0,358.0,0.0,13,0,0,0,0,0,0,49.0115,17.3,74.0,0.0,185.0,0.0,790.0
1026,18,30.0,0.0,1.0,359.0,0.0,10,1,2,0,0,0,0,48.6577,16.8,73.5,0.0,185.0,2.0,792.0
1027,19,31.0,2.0,1.0,360.0,0.0,10,1,2,0,0,0,0,48.3423,16.3,73.0,1.0,186.0,3.0,795.0
1028,18,31.0,0.0,0.0,360.0,0.0,13,0,0,0,0,0,0,47.9577,15.8,72.65,0.0,186.0,0.0,795.0
1029,18,31.0,0.0,0.0,360.0,0.0,13,0,0,0,0,0,0,47.5615,15.3,72.3,0.0,186.0,0.0,795.0
1030,18,30.0,0.0,1.0,361.0,0.0,12,1,0,0,0,0,0,47.1654,14.8,71.95,0.0,186.0,0.0,795.0
1031,19,31.0,1.0,0.0,361.0,0.0,11,0,1,0,1,0,0,46.8077,14.45,71.6,0.0,186.0,1.0,796.0
1032,19,31.0,0.0,0.0,361.0,0.0,12,0,0,0,1,0,0,46.4,14.1,71.25,0.0,186.0,0.0,796.0
1033,19,31.0,0.0,0.0,361.0,0.0,9,0,3,0,1,0,0,46.0731,13.75,70.9,0.0,186.0,3.0,799.0
1034,19,30.0,0.0,1.0,362.0,0.0,8,1,3,0,1,0,0,45.8115,13.4,70.4,2.0,188.0,5.0,804.0
1035,20,31.0,2.0,1.0,363.0,0.0,9,1,2,0,1,0,0,45.4692,13.05,69.9,0.0,188.0,2.0,806.0
1036,19,31.0,0.0,0.0,363.0,0.0,9,0,3,0,1,0,0,45.2038,12.7,69.4,1.0,189.0,4.0,810.0
1037,19,31.0,0.0,0.0,363.0,0.0,12,0,0,0,1,0,0,44.8346,12.35,68.9,1.0,190.0,1.0,811.0
1038,19,31.0,0.0,0.0,363.0,0.0,12,0,0,0,1,0,0,44.4154,12.0,68.4,0.0,190.0,0.0,811.0
1039,20,32.0,1.0,0.0,363.0,0.0,12,0,0,0,1,0,0,43.9962,11.65,67.9,0.0,190.0,0.0,811.0
1040,20,31.0,0.0,1.0,364.0,0.0,11,1,0,0,1,0,0,43.5769,11.3,67.4,0.0,190.0,0.0,811.0
1041,19,31.0,0.0,0.0,364.0,0.0,12,0,0,0,1,0,0,43.1577,10.95,66.9,0.0,190.0,0.0,811.0
1042,19,31.0,0.0,0.0,364.0,0.0,11,0,1,0,1,0,0,42.7654,10.6,66.4,0.0,190.0,1.0,812.0
1043,20,32.0,1.0,0.0,364.0,0.0,11,0,1,1,0,0,0,42.3731,10.25,65.9,0.0,190.0,1.0,813.0
1044,20,31.0,0.0,1.0,365.0,0.0,11,1,0,1,0,0,0,42.6596,19.225,65.4,0.0,190.0,0.0,813.0
1045,21,33.0,2.0,0.0,365.0,0.0,12,0,0,1,0,0,0,42.9462,23.05,64.9,0.0,190.0,0.0,813.0
1046,21,32.0,0.0,1.0,366.0,0.0,11,1,0,1,0,0,0,43.2327,22.7,64.4,0.0,190.0,0.0,813.0
1047,20,31.0,0.0,1.0,367.0,0.0,11,1,0,1,0,0,0,43.5192,22.35,63.9,0.0,190.0,0.0,813.0
1048,19,30.0,0.0,1.0,368.0,0.0,11,1,0,1,0,0,0,43.8173,22.0,63.4,0.0,190.0,0.0,813.0
1049,18,30.0,0.0,0.0,368.0,0.0,12,0,0,1,0,0,0,44.1269,21.65,64.1,0.0,190.0,0.0,813.0
1050,18,29.0,0.0,1.0,369.0,0.0,11,1,0,1,0,0,0,44.425,21.3,73.075,0.0,190.0,0.0,813.0
1051,19,30.0,2.0,1.0,370.0,0.0,11,1,0,1,0,0,0,44.7346,20.95,82.05,0.0,190.0,0.0,813.0
1052,18,30.0,0.0,0.0,370.0,0.0,12,0,0,1,0,0,0,45.0442,20.6,91.025,0.0,190.0,0.0,813.0
1053,17,28.0,0.0,2.0,372.0,0.0,11,2,0,0,0,0,0,45.3154,20.1,99.65,0.0,190.0,0.0,813.0
1054,15,28.0,0.0,0.0,372.0,0.0,13,0,0,0,0,0,0,44.9192,19.6,99.3,0.0,190.0,0.0,813.0
1055,16,27.0,1.0,2.0,374.0,0.0,11,2,0,0,0,0,0,44.5231,19.1,98.95,0.0,190.0,0.0,813.0
1056,14,27.0,0.0,0.0,374.0,0.0,11,0,2,0,0,0,0,44.2154,18.75,98.6,0.0,190.0,2.0,815.0
1057,14,27.0,0.0,0.0,374.0,0.0,13,0,0,0,0,0,0,43.8423,18.4,98.25,0.0,190.0,0.0,815.0
1058,14,27.0,0.0,0.0,374.0,0.0,12,0,1,0,0,0,0,43.4962,18.05,97.9,0.0,190.0,1.0,816.0
1059,16,29.0,2.0,0.0,374.0,0.0,13,0,0,0,0,0,0,43.1115,17.7,97.55,0.0,190.0,0.0,816.0
1060,16,29.0,0.0,0.0,374.0,0.0,9,0,4,0,0,0,0,42.8577,17.35,97.2,0.0,190.0,4.0,820.0
1061,16,29.0,0.0,0.0,374.0,0.0,12,0,1,0,0,0,0,42.5269,17.0,96.85,1.0,191.0,2.0,822.0
1062,16,29.0,0.0,0.0,374.0,0.0,13,0,0,0,0,0,0,42.1308,16.65,96.5,0.0,191.0,0.0,822.0
1063,17,30.0,1.0,0.0,374.0,0.0,12,0,1,0,0,0,0,41.7731,16.3,96.15,0.0,191.0,1.0,823.0
1064,17,29.0,0.0,1.0,375.0,0.0,11,1,1,0,0,0,0,41.4423,15.95,95.8,1.0,192.0,2.0,825.0
1065,17,30.0,1.0,0.0,375.0,0.0,13,0,0,0,0,0,0,41.0577,15.6,95.45,0.0,192.0,0.0,825.0
1066,17,30.0,0.0,0.0,375.0,0.0,11,0,2,0,0,0,0,40.7154,15.25,95.1,0.0,192.0,2.0,827.0
1067,18,30.0,1.0,1.0,376.0,0.0,10,1,1,0,1,0,0,40.3846,14.9,94.75,1.0,193.0,2.0,829.0
1068,17,30.0,0.0,0.0,376.0,0.0,12,0,0,0,1,0,0,40.0,14.55,94.4,0.0,193.0,0.0,829.0
1069,17,30.0,0.0,0.0,376.0,0.0,10,0,2,0,1,0,0,39.6577,14.2,94.05,0.0,193.0,2.0,831.0
1070,17,29.0,0.0,1.0,377.0,0.0,10,1,1,0,1,0,0,39.3038,13.85,93.7,1.0,194.0,2.0,833.0
1071,16,28.0,0.0,1.0,378.0,0.0,10,1,1,0,1,0,0,38.9731,13.5,93.35,1.0,195.0,2.0,835.0
1072,16,28.0,0.0,0.0,378.0,0.0,12,0,0,0,1,0,0,38.5885,13.15,93.0,0.0,195.0,0.0,835.0
1073,17,29.0,1.0,0.0,378.0,0.0,10,0,2,0,1,0,0,38.2692,12.8,92.5,0.0,195.0,2.0,837.0
1074,17,29.0,0.0,0.0,378.0,0.0,12,0,0,0,1,0,0,37.8731,12.45,92.0,0.0,195.0,0.0,837.0
1075,20,32.0,3.0,0.0,378.0,0.0,11,0,1,0,1,0,0,37.5038,12.1,91.5,0.0,195.0,1.0,838.0
1076,20,32.0,0.0,0.0,378.0,0.0,10,0,2,0,1,0,0,37.1731,11.75,91.5,0.0,195.0,2.0,840.0
1077,20,32.0,0.0,0.0,378.0,0.0,11,0,1,0,1,0,0,36.8308,11.4,91.5,1.0,196.0,2.0,842.0
1078,20,30.0,0.0,2.0,380.0,0.0,10,2,0,0,1,0,0,36.4,11.05,91.0,0.0,196.0,0.0,842.0
1079,18,30.0,0.0,0.0,380.0,0.0,11,0,1,0,1,0,0,36.0462,10.7,91.0,0.0,196.0,1.0,843.0
1080,18,30.0,0.0,0.0,380.0,0.0,12,0,0,0,1,0,0,35.6154,10.35,90.5,0.0,196.0,0.0,843.0
1081,18,30.0,0.0,0.0,380.0,0.0,10,0,2,0,1,0,0,35.2615,10.0,90.0,0.0,196.0,2.0,845.0
1082,18,30.0,0.0,0.0,380.0,0.0,12,0,0,0,1,0,0,34.8308,9.65,89.5,0.0,196.0,0.0,845.0
1083,19,31.0,1.0,0.0,380.0,0.0,12,0,0,0,1,0,0,34.3769,9.3,89.0,0.0,196.0,0.0,845.0
1084,19,31.0,0.0,0.0,380.0,0.0,12,0,0,0,1,0,0,33.9231,8.95,88.5,0.0,196.0,0.0,845.0
1085,20,29.0,1.0,3.0,383.0,0.0,8,3,1,0,1,0,0,33.4962,8.6,88.0,0.0,196.0,1.0,846.0
1086,17,29.0,0.0,0.0,383.0,0.0,12,0,0,0,1,0,0,33.0538,8.25,87.5,0.0,196.0,0.0,846.0
1087,19,31.0,2.0,0.0,383.0,0.0,12,0,0,0,1,0,0,32.6,7.9,87.0,0.0,196.0,0.0,846.0
1088,19,31.0,0.0,0.0,383.0,0.0,10,0,0,0,3,0,0,32.1462,7.55,86.5,0.0,196.0,0.0,846.0
1089,19,31.0,0.0,0.0,383.0,0.0,10,0,0,1,2,0,0,31.7154,7.2,86.0,0.0,196.0,0.0,846.0
1090,19,31.0,0.0,0.0,383.0,0.0,10,0,0,1,2,0,0,32.0138,13.95,85.5,0.0,196.0,0.0,846.0
1091,20,32.0,1.0,0.0,383.0,0.0,10,0,0,1,2,0,0,32.3123,13.6,85.0,0.0,196.0,0.0,846.0
1092,20,31.0,0.0,1.0,384.0,0.0,9,1,0,1,2,0,0,32.6108,13.25,84.5,0.0,196.0,0.0,846.0
1093,19,30.0,0.0,1.0,385.0,0.0,9,1,0,1,2,0,0,32.9208,12.9,84.0,0.0,196.0,0.0,846.0
1094,19,28.0,0.0,2.0,387.0,0.0,8,2,0,1,2,0,0,33.2423,12.55,83.5,0.0,196.0,0.0,846.0
1095,19,28.0,1.0,1.0,388.0,0.0,8,1,0,1,3,0,0,33.5869,12.2,83.0,0.0,196.0,0.0,846.0
1096,18,28.0,0.0,0.0,388.0,0.0,9,0,0,1,3,0,0,33.9315,11.85,82.5,0.0,196.0,0.0,846.0
1097,18,28.0,0.0,0.0,388.0,0.0,9,0,0,1,3,0,0,34.2762,11.5,82.0,0.0,196.0,0.0,846.0
1098,18,27.0,0.0,1.0,389.0,0.0,8,1,0,1,3,0,0,34.6208,11.15,90.72,0.0,196.0,0.0,846.0
1099,19,29.0,2.0,0.0,389.0,0.0,10,0,0,0,3,0,0,34.95,10.8,99.65,0.0,196.0,0.0,846.0
1100,19,29.0,0.0,0.0,389.0,0.0,10,0,0,0,3,0,0,34.5654,10.45,99.3,0.0,196.0,0.0,846.0
1101,20,29.0,1.0,1.0,390.0,0.0,9,1,0,0,3,0,0,34.1692,10.1,98.95,0.0,196.0,0.0,846.0
1102,19,29.0,0.0,0.0,390.0,0.0,9,0,1,0,3,0,0,33.8,9.75,98.6,0.0,196.0,1.0,847.0
1103,19,29.0,0.0,0.0,390.0,0.0,9,0,2,0,2,0,0,33.4346,9.45,98.25,0.0,196.0,2.0,849.0
1104,19,29.0,0.0,0.0,390.0,0.0,9,0,1,0,3,0,0,33.0692,9.1,97.9,1.0,197.0,2.0,851.0
1105,20,30.0,1.0,0.0,390.0,0.0,9,0,1,0,3,0,0,32.6769,8.75,97.55,0.0,197.0,1.0,852.0
1106,20,30.0,0.0,0.0,390.0,0.0,9,0,1,0,3,0,0,32.2846,8.4,97.2,0.0,197.0,1.0,853.0
1107,21,29.0,1.0,2.0,392.0,0.0,7,2,1,1,2,0,0,31.8923,8.05,96.85,0.0,197.0,1.0,854.0
1108,19,28.0,0.0,1.0,393.0,0.0,8,1,1,1,2,0,0,32.2458,8.35,96.5,0.0,197.0,1.0,855.0
1109,18,27.0,0.0,1.0,394.0,0.0,9,1,0,1,2,0,0,32.5838,8.0,96.15,0.0,197.0,0.0,855.0
1110,17,27.0,0.0,0.0,394.0,0.0,10,0,0,1,2,0,0,32.9335,7.65,95.8,0.0,197.0,0.0,855.0
1111,18,28.0,1.0,0.0,394.0,0.0,9,0,0,1,3,0,0,33.2831,7.3,95.45,0.0,197.0,0.0,855.0
1112,18,28.0,0.0,0.0,394.0,0.0,9,0,0,2,2,0,0,33.6442,6.95,95.1,0.0,197.0,0.0,855.0
1113,18,26.0,0.0,2.0,396.0,0.0,6,2,1,2,2,0,0,34.7608,6.6,94.75,0.0,197.0,1.0,856.0
1114,17,26.0,0.0,0.0,396.0,0.0,9,0,0,2,2,0,0,35.8735,6.25,94.4,0.0,197.0,0.0,856.0
1115,20,29.0,3.0,0.0,396.0,0.0,9,0,0,2,2,0,0,36.9862,5.9,94.05,0.0,197.0,0.0,856.0
1116,20,29.0,0.0,0.0,396.0,0.0,8,0,0,2,2,1,0,38.0988,5.55,93.7,0.0,197.0,0.0,856.0
1117,20,29.0,0.0,0.0,396.0,0.0,9,0,1,1,2,0,0,39.2,5.55,99.65,0.0,197.0,1.0,857.0
1118,20,29.0,0.0,0.0,396.0,0.0,9,0,0,1,3,0,0,39.5669,5.2,99.3,0.0,197.0,0.0,857.0
1119,20,29.0,0.0,0.0,396.0,0.0,8,0,1,2,2,0,0,39.9608,4.85,98.95,0.0,197.0,1.0,858.0
1120,20,29.0,0.0,0.0,396.0,0.0,9,0,0,2,2,0,0,41.075,11.55,98.6,0.0,197.0,0.0,858.0
1121,20,28.0,0.0,1.0,397.0,0.0,8,1,0,2,2,0,0,42.1892,11.2,98.25,0.0,197.0,0.0,858.0
1122,18,28.0,0.0,0.0,397.0,0.0,9,0,0,1,3,0,0,43.2765,10.85,99.65,0.0,197.0,0.0,858.0
1123,20,30.0,2.0,0.0,397.0,0.0,9,0,0,1,3,0,0,43.6623,10.5,99.3,0.0,197.0,0.0,858.0
1124,20,30.0,0.0,0.0,397.0,0.0,8,0,1,1,3,0,0,44.0865,10.15,98.95,0.0,197.0,1.0,859.0
1125,21,31.0,1.0,0.0,397.0,0.0,8,0,1,1,3,0,0,44.5377,9.8,98.6,1.0,198.0,2.0,861.0
1126,21,31.0,0.0,0.0,397.0,0.0,9,0,0,1,3,0,0,44.9119,9.45,98.25,0.0,198.0,0.0,861.0
1127,21,31.0,0.0,0.0,397.0,0.0,8,0,1,1,3,0,0,45.3131,9.1,97.9,0.0,198.0,1.0,862.0
1128,21,31.0,0.0,0.0,397.0,0.0,9,0,0,1,3,0,0,45.6873,8.75,97.55,0.0,198.0,0.0,862.0
1129,21,32.0,1.0,0.0,397.0,0.0,10,0,0,0,3,0,0,46.0231,8.4,99.65,0.0,198.0,0.0,862.0
1130,21,32.0,0.0,0.0,397.0,0.0,9,0,1,0,3,0,0,45.6538,8.05,99.3,0.0,198.0,1.0,863.0
1131,22,33.0,1.0,0.0,397.0,0.0,9,0,1,0,3,0,0,45.3115,7.7,98.95,1.0,199.0,2.0,865.0
1132,22,33.0,0.0,0.0,397.0,0.0,10,0,0,0,3,0,0,44.8923,7.35,98.6,0.0,199.0,0.0,865.0
1133,22,32.0,0.0,1.0,398.0,0.0,8,1,1,0,3,0,0,44.5115,7.0,98.25,0.0,199.0,1.0,866.0
1134,21,32.0,0.0,0.0,398.0,0.0,9,0,1,1,2,0,0,44.1308,6.65,97.9,0.0,199.0,1.0,867.0
1135,23,34.0,2.0,0.0,398.0,0.0,8,0,2,1,2,0,0,44.5465,6.3,97.55,1.0,200.0,3.0,870.0
1136,23,33.0,0.0,1.0,399.0,0.0,9,1,0,1,2,0,0,44.87,5.95,97.2,0.0,200.0,0.0,870.0
1137,22,33.0,0.0,0.0,399.0,0.0,10,0,0,2,1,0,0,45.205,5.6,96.85,0.0,200.0,0.0,870.0
1138,22,33.0,0.0,0.0,399.0,0.0,10,0,0,2,1,0,0,46.2815,9.15,96.5,0.0,200.0,0.0,870.0
1139,23,33.0,1.0,1.0,400.0,0.0,9,1,0,2,1,0,0,47.3581,8.8,96.15,0.0,200.0,0.0,870.0
1140,23,31.0,0.0,2.0,402.0,0.0,8,2,0,2,1,0,0,48.4462,8.45,95.8,0.0,200.0,0.0,870.0
1141,22,30.0,0.0,1.0,403.0,0.0,8,1,0,3,1,0,0,49.5573,8.1,95.45,0.0,200.0,0.0,870.0
1142,21,30.0,0.0,0.0,403.0,0.0,9,0,0,3,1,0,0,51.4138,14.15,95.1,0.0,200.0,0.0,870.0
1143,22,31.0,1.0,0.0,403.0,0.0,9,0,0,3,1,0,0,53.2588,13.8,94.6,0.0,200.0,0.0,870.0
1144,21,31.0,0.0,0.0,403.0,0.0,10,0,0,2,1,0,0,55.0769,13.45,99.65,0.0,200.0,0.0,870.0
1145,22,31.0,1.0,1.0,404.0,0.0,8,1,0,2,2,0,0,56.1792,13.1,99.3,0.0,200.0,0.0,870.0
1146,22,31.0,0.0,0.0,404.0,0.0,9,0,0,2,2,0,0,57.2815,12.75,98.95,0.0,200.0,0.0,870.0
1147,23,32.0,2.0,1.0,405.0,0.0,8,1,0,1,3,0,0,58.3569,12.4,99.65,0.0,200.0,0.0,870.0
1148,23,32.0,0.0,0.0,405.0,0.0,8,0,0,1,3,1,0,58.7292,12.05,99.3,0.0,200.0,0.0,870.0
1149,23,32.0,0.0,0.0,405.0,0.0,8,0,0,1,3,1,0,59.1285,11.7,98.95,0.0,200.0,0.0,870.0
1150,23,32.0,0.0,0.0,405.0,0.0,8,0,0,1,3,1,0,59.5162,11.35,98.6,0.0,200.0,0.0,870.0
1151,22,32.0,0.0,0.0,405.0,0.0,9,0,0,0,4,0,0,59.8385,11.0,99.65,0.0,200.0,0.0,870.0
1152,22,32.0,0.0,0.0,405.0,0.0,9,0,0,0,4,0,0,59.4538,10.65,99.3,0.0,200.0,0.0,870.0
1153,22,32.0,0.0,0.0,405.0,0.0,9,0,0,0,4,0,0,59.0692,10.3,98.95,0.0,200.0,0.0,870.0
1154,22,32.0,0.0,0.0,405.0,0.0,9,0,0,0,4,0,0,58.6846,9.95,98.6,0.0,200.0,0.0,870.0
1155,24,34.0,2.0,0.0,405.0,0.0,9,0,0,0,4,0,0,58.2885,9.6,98.25,0.0,200.0,0.0,870.0
1156,24,34.0,0.0,0.0,405.0,0.0,8,0,2,0,3,0,0,57.9577,9.25,97.9,0.0,200.0,2.0,872.0
1157,25,35.0,1.0,0.0,405.0,0.0,9,0,1,0,3,0,0,57.6154,8.9,97.55,1.0,201.0,2.0,874.0
1158,25,35.0,0.0,0.0,405.0,0.0,9,0,0,0,4,0,0,57.1962,8.55,97.2,0.0,201.0,0.0,874.0
1159,26,36.0,1.0,0.0,405.0,0.0,9,0,0,0,4,0,0,56.7654,8.2,96.85,0.0,201.0,0.0,874.0
1160,26,36.0,0.0,0.0,405.0,0.0,9,0,1,0,3,0,0,56.3615,7.85,96.5,0.0,201.0,1.0,875.0
1161,26,33.0,0.0,3.0,408.0,0.0,3,3,4,0,3,0,0,56.0615,7.5,96.15,0.0,201.0,4.0,879.0
1162,23,32.0,0.0,1.0,409.0,0.0,6,1,3,0,3,0,0,55.8346,7.15,95.8,2.0,203.0,5.0,884.0
1163,24,33.0,1.0,0.0,409.0,0.0,9,0,0,0,4,0,0,55.45,6.8,95.45,0.0,203.0,0.0,884.0
1164,24,33.0,0.0,0.0,409.0,0.0,9,0,0,0,4,0,0,55.0654,6.45,95.1,0.0,203.0,0.0,884.0
1165,25,34.0,1.0,0.0,409.0,0.0,8,0,1,2,2,0,0,54.6962,6.1,94.75,0.0,203.0,1.0,885.0
1166,25,34.0,0.0,0.0,409.0,0.0,8,0,1,2,2,0,0,55.8096,9.05,94.4,0.0,203.0,1.0,886.0
1167,25,32.0,0.0,2.0,411.0,0.0,7,2,0,2,2,0,0,56.8962,8.7,94.05,0.0,203.0,0.0,886.0
1168,23,31.0,0.0,1.0,412.0,0.0,8,1,0,2,2,0,0,58.0058,8.35,93.7,0.0,203.0,0.0,886.0
1169,22,31.0,0.0,0.0,412.0,0.0,8,0,1,2,2,0,0,59.1538,8.0,93.35,0.0,203.0,1.0,887.0
1170,22,31.0,0.0,0.0,412.0,0.0,8,0,1,2,2,0,0,60.3288,7.65,93.0,1.0,204.0,2.0,889.0
1171,25,34.0,3.0,0.0,412.0,0.0,9,0,0,2,2,0,0,61.45,7.3,92.65,0.0,204.0,0.0,889.0
1172,25,34.0,0.0,0.0,412.0,0.0,9,0,0,2,2,0,0,62.5596,6.95,92.3,0.0,204.0,0.0,889.0
1173,25,34.0,0.0,0.0,412.0,0.0,9,0,1,2,1,0,0,63.6962,6.95,91.95,0.0,204.0,1.0,890.0
1174,25,33.0,0.0,1.0,413.0,0.0,7,1,0,2,2,1,0,64.8212,6.95,91.6,1.0,205.0,1.0,891.0
1175,24,34.0,1.0,0.0,413.0,0.0,10,0,0,0,3,0,0,65.8885,6.6,99.65,0.0,205.0,0.0,891.0
1176,24,34.0,0.0,0.0,413.0,0.0,10,0,0,0,3,0,0,65.5269,6.25,99.3,0.0,205.0,0.0,891.0
1177,24,34.0,0.0,0.0,413.0,0.0,10,0,0,1,2,0,0,65.1654,5.9,98.95,0.0,205.0,0.0,891.0
1178,24,34.0,0.0,0.0,413.0,0.0,10,0,0,1,2,0,0,65.5185,5.55,98.6,0.0,205.0,0.0,891.0
1179,25,35.0,1.0,0.0,413.0,0.0,10,0,0,1,2,0,0,65.8715,5.2,98.25,0.0,205.0,0.0,891.0
1180,25,34.0,0.0,1.0,414.0,0.0,9,1,0,1,2,0,0,66.2246,4.85,97.9,0.0,205.0,0.0,891.0
1181,24,33.0,0.0,1.0,415.0,0.0,9,1,0,1,2,0,0,66.5892,4.5,97.55,0.0,205.0,0.0,891.0
1182,23,33.0,0.0,0.0,415.0,0.0,9,0,1,2,1,0,0,66.9808,4.15,97.2,0.0,205.0,1.0,892.0
1183,24,34.0,1.0,0.0,415.0,0.0,9,0,1,2,1,0,0,68.1481,11.75,96.85,0.0,205.0,1.0,893.0
1184,24,34.0,0.0,0.0,415.0,0.0,7,0,4,2,0,0,0,69.3962,11.75,96.85,0.0,205.0,4.0,897.0
1185,26,36.0,2.0,0.0,415.0,0.0,8,0,3,2,0,0,0,70.6712,11.75,96.85,2.0,207.0,5.0,902.0
1186,26,35.0,0.0,1.0,416.0,0.0,9,1,0,2,1,0,0,71.8385,11.4,96.5,1.0,208.0,1.0,903.0
1187,25,35.0,1.0,1.0,417.0,0.0,10,1,0,1,1,0,0,72.9404,11.05,99.65,0.0,208.0,0.0,903.0
1188,24,35.0,0.0,0.0,417.0,0.0,10,0,1,1,1,0,0,73.3585,10.7,99.3,0.0,208.0,1.0,904.0
1189,24,35.0,0.0,0.0,417.0,0.0,10,0,1,1,1,0,0,73.765,10.35,98.95,0.0,208.0,1.0,905.0
1190,24,35.0,0.0,0.0,417.0,0.0,11,0,0,1,1,0,0,74.1446,10.0,98.6,0.0,208.0,0.0,905.0
1191,24,34.0,0.0,1.0,418.0,0.0,10,1,0,1,1,0,0,74.5242,9.65,98.25,0.0,208.0,0.0,905.0
1192,22,34.0,0.0,0.0,418.0,0.0,12,0,0,0,1,0,0,74.8885,9.3,99.65,0.0,208.0,0.0,905.0
1193,22,34.0,0.0,0.0,418.0,0.0,11,0,1,0,1,0,0,74.5308,8.95,99.3,0.0,208.0,1.0,906.0
1194,22,34.0,0.0,0.0,418.0,0.0,12,0,0,1,0,0,0,74.1462,8.6,98.95,0.0,208.0,0.0,906.0
1195,25,37.0,3.0,0.0,418.0,0.0,12,0,0,1,0,0,0,74.4915,17.74,98.6,0.0,208.0,0.0,906.0
1196,25,37.0,0.0,0.0,418.0,0.0,12,0,0,1,0,0,0,74.8254,26.88,98.25,0.0,208.0,0.0,906.0
1197,25,37.0,0.0,0.0,418.0,0.0,12,0,0,1,0,0,0,75.1477,36.02,97.9,0.0,208.0,0.0,906.0
1198,25,36.0,0.0,1.0,419.0,0.0,11,1,0,1,0,0,0,75.47,40.35,97.55,0.0,208.0,0.0,906.0
1199,25,36.0,1.0,1.0,420.0,0.0,11,1,0,1,0,0,0,75.7923,39.85,97.2,0.0,208.0,0.0,906.0
1200,24,36.0,0.0,0.0,420.0,0.0,12,0,0,1,0,0,0,76.1031,39.35,96.85,0.0,208.0,0.0,906.0
1201,24,35.0,0.0,1.0,421.0,0.0,11,1,0,1,0,0,0,76.3908,38.85,96.5,0.0,208.0,0.0,906.0
1202,23,33.0,0.0,2.0,423.0,0.0,10,2,0,1,0,0,0,76.69,38.35,96.15,0.0,208.0,0.0,906.0
1203,22,33.0,1.0,1.0,424.0,0.0,11,1,0,1,0,0,0,77.0123,37.85,95.8,0.0,208.0,0.0,906.0
1204,20,33.0,0.0,0.0,424.0,0.0,13,0,0,0,0,0,0,77.3192,37.5,99.65,0.0,208.0,0.0,906.0
1205,21,34.0,1.0,0.0,424.0,0.0,13,0,0,0,0,0,0,76.9231,37.15,99.3,0.0,208.0,0.0,906.0
1206,21,34.0,0.0,0.0,424.0,0.0,13,0,0,0,0,0,0,76.5269,36.8,98.95,0.0,208.0,0.0,906.0
1207,22,34.0,1.0,1.0,425.0,0.0,12,1,0,0,0,0,0,76.1308,36.45,98.6,0.0,208.0,0.0,906.0
1208,21,34.0,0.0,0.0,425.0,0.0,12,0,1,0,0,0,0,75.7615,36.1,98.25,0.0,208.0,1.0,907.0
1209,21,33.0,0.0,1.0,426.0,0.0,11,1,1,0,0,0,0,75.3923,35.75,97.9,0.0,208.0,1.0,908.0
1210,20,33.0,0.0,0.0,426.0,0.0,11,0,2,0,0,0,0,75.0615,35.4,97.55,0.0,208.0,2.0,910.0
1211,21,34.0,1.0,0.0,426.0,0.0,11,0,2,0,0,0,0,74.7308,35.05,97.2,0.0,208.0,2.0,912.0
1212,21,34.0,0.0,0.0,426.0,0.0,10,0,3,0,0,0,0,74.4423,34.7,96.85,1.0,209.0,4.0,916.0
1213,22,35.0,1.0,0.0,426.0,0.0,12,0,1,0,0,0,0,74.0885,34.35,96.5,1.0,210.0,2.0,918.0
1214,22,35.0,0.0,0.0,426.0,0.0,13,0,0,0,0,0,0,73.6808,34.0,96.15,0.0,210.0,0.0,918.0
1215,23,35.0,1.0,1.0,427.0,0.0,11,1,1,0,0,0,0,73.3,33.5,95.8,0.0,210.0,1.0,919.0
1216,22,35.0,0.0,0.0,427.0,0.0,13,0,0,0,0,0,0,72.8923,33.0,95.45,0.0,210.0,0.0,919.0
1217,22,35.0,0.0,0.0,427.0,0.0,13,0,0,0,0,0,0,72.4731,32.5,95.1,0.0,210.0,0.0,919.0
1218,22,34.0,0.0,1.0,428.0,0.0,12,1,0,0,0,0,0,72.0538,32.0,94.75,0.0,210.0,0.0,919.0
1219,23,36.0,2.0,0.0,428.0,0.0,13,0,0,0,0,0,0,71.6346,31.5,94.4,0.0,210.0,0.0,919.0
1220,23,36.0,0.0,0.0,428.0,0.0,12,0,1,0,0,0,0,71.2192,31.0,94.05,0.0,210.0,1.0,920.0
1221,23,36.0,0.0,0.0,428.0,0.0,12,0,1,0,0,0,0,70.8423,30.5,93.7,1.0,211.0,2.0,922.0
1222,23,35.0,0.0,1.0,429.0,0.0,11,1,1,0,0,0,0,70.4269,30.0,93.35,0.0,211.0,1.0,923.0
1223,22,35.0,0.0,0.0,429.0,0.0,13,0,0,0,0,0,0,69.9962,29.5,93.0,0.0,211.0,0.0,923.0
1224,22,35.0,0.0,0.0,429.0,0.0,13,0,0,0,0,0,0,69.5538,29.0,92.5,0.0,211.0,0.0,923.0
1225,23,33.0,1.0,3.0,432.0,0.0,10,3,0,0,0,0,0,69.1115,28.5,92.0,0.0,211.0,0.0,923.0
1226,20,33.0,0.0,0.0,432.0,0.0,12,0,1,0,0,0,0,68.7308,28.0,91.5,0.0,211.0,1.0,924.0
1227,22,35.0,2.0,0.0,432.0,0.0,10,0,3,0,0,0,0,68.4423,27.5,91.0,1.0,212.0,4.0,928.0
1228,22,34.0,0.0,1.0,433.0,0.0,10,1,2,0,0,0,0,68.1269,27.0,90.5,1.0,213.0,3.0,931.0
1229,21,33.0,0.0,1.0,434.0,0.0,11,1,1,0,0,0,0,67.7577,26.5,90.5,0.0,213.0,1.0,932.0
1230,20,33.0,0.0,0.0,434.0,0.0,9,0,4,0,0,0,0,67.5077,26.5,90.5,1.0,214.0,5.0,937.0
1231,21,34.0,1.0,0.0,434.0,0.0,12,0,1,0,0,0,0,67.1538,26.0,90.0,1.0,215.0,2.0,939.0
1232,21,33.0,0.0,1.0,435.0,0.0,9,1,3,0,0,0,0,66.8654,26.0,89.5,1.0,216.0,4.0,943.0
1233,20,33.0,0.0,0.0,435.0,0.0,13,0,0,0,0,0,0,66.4962,25.5,89.0,1.0,217.0,1.0,944.0
1234,20,33.0,0.0,0.0,435.0,0.0,12,0,1,0,0,0,0,66.1654,25.5,88.5,0.0,217.0,1.0,945.0
1235,22,35.0,2.0,0.0,435.0,0.0,13,0,0,0,0,0,0,65.8346,25.5,88.0,1.0,218.0,1.0,946.0
1236,22,35.0,0.0,0.0,435.0,0.0,11,0,2,0,0,0,0,65.5308,25.0,87.5,0.0,218.0,2.0,948.0
1237,22,35.0,0.0,0.0,435.0,0.0,12,0,1,0,0,0,0,65.2,24.5,87.0,1.0,219.0,2.0,950.0
1238,22,35.0,0.0,0.0,435.0,0.0,13,0,0,0,0,0,0,64.8038,24.0,86.5,0.0,219.0,0.0,950.0
1239,22,34.0,0.0,1.0,436.0,0.0,12,1,0,0,0,0,0,64.3962,23.5,86.0,0.0,219.0,0.0,950.0
1240,21,33.0,0.0,1.0,437.0,0.0,12,1,0,0,0,0,0,64.0,23.0,85.5,0.0,219.0,0.0,950.0
1241,21,34.0,1.0,0.0,437.0,0.0,13,0,0,0,0,0,0,63.6154,22.5,85.15,0.0,219.0,0.0,950.0
1242,21,33.0,0.0,1.0,438.0,0.0,12,1,0,0,0,0,0,63.2308,22.0,84.8,0.0,219.0,0.0,950.0
1243,22,35.0,2.0,0.0,438.0,0.0,11,0,2,0,0,0,0,62.9231,22.0,84.8,0.0,219.0,2.0,952.0
1244,22,35.0,0.0,0.0,438.0,0.0,9,0,4,0,0,0,0,62.6808,22.0,84.8,0.0,219.0,4.0,956.0
1245,23,36.0,1.0,0.0,438.0,0.0,11,0,2,0,0,0,0,62.4269,22.0,84.8,2.0,221.0,4.0,960.0
1246,23,36.0,0.0,0.0,438.0,0.0,13,0,0,0,0,0,0,62.0423,21.5,84.45,0.0,221.0,0.0,960.0
1247,23,36.0,0.0,0.0,438.0,0.0,11,0,2,0,0,0,0,61.7615,21.5,84.1,0.0,221.0,2.0,962.0
1248,23,35.0,0.0,1.0,439.0,0.0,11,1,1,0,0,0,0,61.4462,21.5,83.75,1.0,222.0,2.0,964.0
1249,22,35.0,0.0,0.0,439.0,0.0,13,0,0,0,0,0,0,61.0385,21.0,83.4,0.0,222.0,0.0,964.0
1250,22,34.0,0.0,1.0,440.0,0.0,11,1,1,0,0,0,0,60.6462,20.5,83.05,0.0,222.0,1.0,965.0
1251,22,35.0,1.0,0.0,440.0,0.0,13,0,0,0,0,0,0,60.2269,20.0,82.7,0.0,222.0,0.0,965.0
1252,22,34.0,0.0,1.0,441.0,0.0,12,1,0,0,0,0,0,59.7846,19.5,82.35,0.0,222.0,0.0,965.0
1253,21,34.0,0.0,0.0,441.0,0.0,13,0,0,0,0,0,0,59.3538,19.0,82.0,0.0,222.0,0.0,965.0
1254,21,34.0,0.0,0.0,441.0,0.0,13,0,0,0,0,0,0,58.9115,18.5,81.65,0.0,222.0,0.0,965.0
1255,24,36.0,3.0,1.0,442.0,0.0,12,1,0,0,0,0,0,58.4692,18.0,81.3,0.0,222.0,0.0,965.0
1256,23,35.0,0.0,1.0,443.0,0.0,12,1,0,0,0,0,0,58.0385,17.5,80.95,0.0,222.0,0.0,965.0
1257,22,35.0,0.0,0.0,443.0,0.0,13,0,0,0,0,0,0,57.6192,17.0,80.6,0.0,222.0,0.0,965.0
1258,22,35.0,0.0,0.0,443.0,0.0,13,0,0,0,0,0,0,57.2,16.5,80.25,0.0,222.0,0.0,965.0
1259,23,34.0,1.0,2.0,445.0,0.0,11,2,0,0,0,0,0,56.7808,16.0,79.9,0.0,222.0,0.0,965.0
1260,21,33.0,0.0,1.0,446.0,0.0,12,1,0,0,0,0,0,56.3731,15.65,79.55,0.0,222.0,0.0,965.0
1261,20,32.0,0.0,1.0,447.0,0.0,12,1,0,0,0,0,0,55.9769,15.3,79.2,0.0,222.0,0.0,965.0
1262,19,32.0,0.0,0.0,447.0,0.0,11,0,1,0,1,0,0,55.6308,14.95,78.85,0.0,222.0,1.0,966.0
1263,19,32.0,0.0,0.0,447.0,0.0,11,0,2,0,0,0,0,55.3269,14.95,78.5,1.0,223.0,3.0,969.0
1264,19,32.0,0.0,0.0,447.0,0.0,11,0,2,0,0,0,0,54.9731,14.95,78.0,0.0,223.0,2.0,971.0
1265,20,33.0,1.0,0.0,447.0,0.0,11,0,1,0,1,0,0,54.5923,14.6,77.5,0.0,223.0,1.0,972.0
1266,20,32.0,0.0,1.0,448.0,0.0,11,1,1,0,0,0,0,54.2115,14.6,77.0,0.0,223.0,1.0,973.0
1267,21,33.0,2.0,1.0,449.0,0.0,11,1,0,0,1,0,0,53.8154,14.25,76.65,0.0,223.0,0.0,973.0
1268,20,32.0,0.0,1.0,450.0,0.0,11,1,0,0,1,0,0,53.4308,13.9,76.3,0.0,223.0,0.0,973.0
1269,20,33.0,1.0,0.0,450.0,0.0,12,0,0,0,1,0,0,53.0577,13.55,75.95,0.0,223.0,0.0,973.0
1270,20,33.0,0.0,0.0,450.0,0.0,12,0,0,0,1,0,0,52.6615,13.2,75.6,0.0,223.0,0.0,973.0
1271,20,33.0,0.0,0.0,450.0,0.0,12,0,0,0,1,0,0,52.2538,12.85,75.25,0.0,223.0,0.0,973.0
1272,20,32.0,0.0,1.0,451.0,0.0,11,1,0,0,1,0,0,51.8346,12.5,74.9,0.0,223.0,0.0,973.0
1273,20,32.0,0.0,0.0,451.0,0.0,10,0,2,0,1,0,0,51.4808,12.15,74.55,0.0,223.0,2.0,975.0
1274,20,31.0,0.0,1.0,452.0,0.0,8,1,3,0,1,0,0,51.1923,11.8,74.2,1.0,224.0,4.0,979.0
1275,21,33.0,2.0,0.0,452.0,0.0,12,0,1,0,0,0,0,50.8885,11.8,73.85,2.0,226.0,3.0,982.0
1276,21,33.0,0.0,0.0,452.0,0.0,12,0,0,0,1,0,0,50.4923,11.45,73.5,0.0,226.0,0.0,982.0
1277,21,33.0,0.0,0.0,452.0,0.0,12,0,0,0,1,0,0,50.0962,11.1,73.15,0.0,226.0,0.0,982.0
1278,21,33.0,0.0,0.0,452.0,0.0,11,0,2,0,0,0,0,49.7538,11.1,72.8,0.0,226.0,2.0,984.0
1279,22,33.0,1.0,1.0,453.0,0.0,8,1,4,0,0,0,0,49.4769,11.1,72.45,0.0,226.0,4.0,988.0
1280,21,32.0,0.0,1.0,454.0,0.0,11,1,1,0,0,0,0,49.1346,11.1,72.1,1.0,227.0,2.0,990.0
1281,20,32.0,0.0,0.0,454.0,0.0,12,0,0,0,1,0,0,48.7385,10.75,71.75,0.0,227.0,0.0,990.0
1282,20,32.0,0.0,0.0,454.0,0.0,11,0,1,0,1,0,0,48.3692,10.4,71.4,0.0,227.0,1.0,991.0
1283,22,34.0,2.0,0.0,454.0,0.0,11,0,1,0,1,0,0,48.0,10.05,71.05,0.0,227.0,1.0,992.0
1284,22,33.0,0.0,1.0,455.0,0.0,9,1,2,0,1,0,0,47.6462,9.7,70.55,0.0,227.0,2.0,994.0
1285,22,34.0,1.0,0.0,455.0,0.0,9,0,3,0,1,0,0,47.3423,9.35,70.05,0.0,227.0,3.0,997.0
1286,22,34.0,0.0,0.0,455.0,0.0,10,0,2,0,1,0,0,47.0269,9.0,69.55,1.0,228.0,3.0,1000.0
1287,22,34.0,0.0,0.0,455.0,0.0,8,0,4,0,1,0,0,46.7769,8.65,69.05,1.0,229.0,5.0,1005.0
1288,22,34.0,0.0,0.0,455.0,0.0,9,0,3,0,1,0,0,46.4731,8.3,68.55,0.0,229.0,3.0,1008.0
1289,22,33.0,0.0,1.0,456.0,0.0,9,1,2,0,1,0,0,46.1962,7.95,68.05,2.0,231.0,4.0,1012.0
1290,21,33.0,0.0,0.0,456.0,0.0,12,0,0,0,1,0,0,45.8,7.6,67.55,0.0,231.0,0.0,1012.0
1291,23,33.0,2.0,2.0,458.0,0.0,9,2,1,0,1,0,0,45.4308,7.25,67.05,0.0,231.0,1.0,1013.0
1292,21,33.0,0.0,0.0,458.0,0.0,12,0,0,0,1,0,0,45.0346,6.9,66.55,0.0,231.0,0.0,1013.0
1293,21,33.0,0.0,0.0,458.0,0.0,12,0,0,0,1,0,0,44.6269,6.55,66.05,0.0,231.0,0.0,1013.0
1294,21,32.0,0.0,1.0,459.0,0.0,11,1,0,0,1,0,0,44.2192,6.2,65.55,0.0,231.0,0.0,1013.0
1295,21,33.0,1.0,0.0,459.0,0.0,12,0,0,0,1,0,0,43.8231,5.85,65.05,0.0,231.0,0.0,1013.0
1296,21,33.0,0.0,0.0,459.0,0.0,12,0,0,1,0,0,0,43.4269,5.5,64.55,0.0,231.0,0.0,1013.0
1297,22,33.0,1.0,1.0,460.0,0.0,10,1,1,1,0,0,0,43.8231,14.95,64.05,0.0,231.0,1.0,1014.0
1298,21,33.0,0.0,0.0,460.0,0.0,10,0,2,1,0,0,0,44.2846,24.25,63.7,1.0,232.0,3.0,1017.0
1299,22,34.0,1.0,0.0,460.0,0.0,12,0,0,1,0,0,0,44.6808,23.75,63.35,1.0,233.0,1.0,1018.0
1300,22,34.0,0.0,0.0,460.0,0.0,11,0,1,1,0,0,0,45.0885,23.25,63.0,0.0,233.0,1.0,1019.0
1301,22,34.0,0.0,0.0,460.0,0.0,9,0,3,1,0,0,0,45.5385,23.25,62.65,0.0,233.0,3.0,1022.0
1302,22,34.0,0.0,0.0,460.0,0.0,12,0,0,1,0,0,0,45.8731,22.75,62.2,0.0,233.0,0.0,1022.0
1303,23,35.0,1.0,0.0,460.0,0.0,12,0,0,1,0,0,0,46.2077,22.25,71.65,0.0,233.0,0.0,1022.0
1304,23,34.0,0.0,1.0,461.0,0.0,9,1,2,1,0,0,0,46.6077,21.75,81.1,0.0,233.0,2.0,1024.0
1305,23,34.0,1.0,1.0,462.0,0.0,10,1,1,1,0,0,0,47.0192,21.25,90.55,1.0,234.0,2.0,1026.0
1306,21,33.0,0.0,1.0,463.0,0.0,12,1,0,0,0,0,0,47.35,20.9,99.65,0.0,234.0,0.0,1026.0
1307,21,33.0,1.0,1.0,464.0,0.0,12,1,0,0,0,0,0,46.9654,20.55,99.3,0.0,234.0,0.0,1026.0
1308,20,32.0,0.0,1.0,465.0,0.0,11,1,1,0,0,0,0,46.6192,20.2,98.95,0.0,234.0,1.0,1027.0
1309,19,32.0,0.0,0.0,465.0,0.0,13,0,0,0,0,0,0,46.2731,19.85,98.6,1.0,235.0,1.0,1028.0
1310,19,32.0,0.0,0.0,465.0,0.0,13,0,0,0,0,0,0,45.8654,19.5,98.25,0.0,235.0,0.0,1028.0
1311,20,33.0,1.0,0.0,465.0,0.0,13,0,0,0,0,0,0,45.4577,19.15,97.9,0.0,235.0,0.0,1028.0
1312,20,33.0,0.0,0.0,465.0,0.0,13,0,0,0,0,0,0,45.05,18.8,97.55,0.0,235.0,0.0,1028.0
1313,20,33.0,0.0,0.0,465.0,0.0,10,0,3,0,0,0,0,44.7231,18.8,97.2,0.0,235.0,3.0,1031.0
1314,20,32.0,0.0,1.0,466.0,0.0,9,1,3,0,0,0,0,44.4346,18.8,96.85,1.0,236.0,4.0,1035.0
1315,22,35.0,3.0,0.0,466.0,0.0,10,0,3,0,0,0,0,44.1462,18.8,96.5,1.0,237.0,4.0,1039.0
1316,22,35.0,0.0,0.0,466.0,0.0,12,0,1,0,0,0,0,43.7923,18.45,96.15,1.0,238.0,2.0,1041.0
1317,22,35.0,0.0,0.0,466.0,0.0,12,0,1,0,0,0,0,43.4231,18.1,95.8,0.0,238.0,1.0,1042.0
1318,22,34.0,0.0,1.0,467.0,0.0,11,1,1,0,0,0,0,43.0538,17.75,95.45,0.0,238.0,1.0,1043.0
1319,21,34.0,0.0,0.0,467.0,0.0,12,0,1,0,0,0,0,42.6731,17.4,95.1,0.0,238.0,1.0,1044.0
1320,21,34.0,0.0,0.0,467.0,0.0,13,0,0,0,0,0,0,42.2538,17.05,94.75,0.0,238.0,0.0,1044.0
1321,21,34.0,0.0,0.0,467.0,0.0,13,0,0,0,0,0,0,41.8346,16.7,94.4,0.0,238.0,0.0,1044.0
1322,21,33.0,0.0,1.0,468.0,0.0,10,1,2,0,0,0,0,41.4692,16.7,94.05,0.0,238.0,2.0,1046.0
1323,21,33.0,1.0,1.0,469.0,0.0,11,1,1,0,0,0,0,41.1038,16.7,93.7,1.0,239.0,2.0,1048.0
1324,20,33.0,0.0,0.0,469.0,0.0,13,0,0,0,0,0,0,40.6846,16.35,93.35,0.0,239.0,0.0,1048.0
1325,22,35.0,2.0,0.0,469.0,0.0,11,0,2,0,0,0,0,40.3077,16.35,93.0,0.0,239.0,2.0,1050.0
1326,22,35.0,0.0,0.0,469.0,0.0,11,0,2,0,0,0,0,39.9308,16.0,93.0,0.0,239.0,2.0,1052.0
1327,23,36.0,1.0,0.0,469.0,0.0,13,0,0,0,0,0,0,39.5,15.65,92.65,0.0,239.0,0.0,1052.0
1328,23,36.0,0.0,0.0,469.0,0.0,13,0,0,0,0,0,0,39.0692,15.3,92.3,0.0,239.0,0.0,1052.0
1329,23,36.0,0.0,0.0,469.0,0.0,12,0,0,0,1,0,0,38.6154,14.8,91.95,0.0,239.0,0.0,1052.0
1330,23,35.0,0.0,1.0,470.0,0.0,8,1,3,0,1,0,0,38.2654,14.45,91.95,0.0,239.0,3.0,1055.0
1331,23,34.0,1.0,2.0,472.0,0.0,7,2,3,0,1,0,0,37.9538,14.1,91.6,1.0,240.0,4.0,1059.0
1332,21,34.0,0.0,0.0,472.0,0.0,11,0,1,0,1,0,0,37.6,13.75,91.25,1.0,241.0,2.0,1061.0
1333,21,34.0,0.0,0.0,472.0,0.0,11,0,1,0,1,0,0,37.2462,13.4,90.9,0.0,241.0,1.0,1062.0
1334,21,34.0,0.0,0.0,472.0,0.0,9,0,3,0,1,0,0,36.9577,13.05,90.4,1.0,242.0,4.0,1066.0
1335,22,35.0,1.0,0.0,472.0,0.0,9,0,3,0,1,0,0,36.6577,12.7,89.9,1.0,243.0,4.0,1070.0
1336,22,34.0,0.0,1.0,473.0,0.0,11,1,0,0,1,0,0,36.2538,12.35,89.4,1.0,244.0,1.0,1071.0
1337,21,34.0,0.0,0.0,473.0,0.0,11,0,1,0,1,0,0,35.8769,12.0,88.9,0.0,244.0,1.0,1072.0
1338,21,33.0,0.0,1.0,474.0,0.0,8,1,3,0,1,0,0,35.5269,11.65,88.4,0.0,244.0,3.0,1075.0
1339,23,34.0,3.0,2.0,476.0,0.0,9,2,2,0,0,0,0,35.1885,11.65,87.9,1.0,245.0,3.0,1078.0
1340,22,34.0,0.0,0.0,476.0,0.0,11,1,0,0,1,0,0,34.8077,11.3,87.4,0.0,245.0,0.0,1078.0
1341,22,34.0,0.0,0.0,476.0,0.0,11,1,0,0,1,0,0,34.4038,10.95,86.9,0.0,245.0,0.0,1078.0
1342,22,34.0,0.0,0.0,476.0,0.0,11,1,0,0,1,0,0,33.9885,10.6,86.4,0.0,245.0,0.0,1078.0
1343,22,34.0,0.0,0.0,476.0,0.0,9,1,2,0,1,0,0,33.6385,10.25,85.9,0.0,245.0,2.0,1080.0
1344,22,33.0,0.0,1.0,477.0,0.0,7,2,3,0,1,0,0,33.3538,9.9,85.4,1.0,246.0,4.0,1084.0
1345,22,34.0,1.0,0.0,477.0,0.0,11,1,0,0,1,0,0,32.9885,9.55,84.9,1.0,247.0,1.0,1085.0
1346,22,33.0,0.0,1.0,478.0,0.0,10,2,0,0,1,0,0,32.5846,9.2,84.4,0.0,247.0,0.0,1085.0
1347,23,33.0,1.0,1.0,479.0,0.0,9,2,1,0,1,0,0,32.2077,8.85,84.05,0.0,247.0,1.0,1086.0
1348,23,33.0,0.0,0.0,479.0,0.0,10,2,0,0,1,0,0,31.8308,8.5,83.7,0.0,247.0,0.0,1086.0
1349,23,32.0,0.0,1.0,480.0,0.0,9,2,0,0,2,0,0,31.4269,8.15,83.35,0.0,247.0,0.0,1086.0
1350,23,32.0,0.0,0.0,480.0,0.0,9,2,0,0,2,0,0,31.0615,7.8,83.0,0.0,247.0,0.0,1086.0
1351,23,33.0,1.0,0.0,480.0,0.0,10,1,0,0,2,0,0,30.6692,7.45,82.65,0.0,247.0,0.0,1086.0
1352,23,33.0,0.0,0.0,480.0,0.0,9,1,1,0,2,0,0,30.3038,7.1,82.3,0.0,247.0,1.0,1087.0
1353,23,34.0,1.0,0.0,480.0,0.0,9,0,3,1,0,0,0,29.9654,6.75,82.3,0.0,247.0,3.0,1090.0
1354,23,33.0,0.0,1.0,481.0,0.0,8,1,2,1,1,0,0,30.3712,15.45,82.3,1.0,248.0,3.0,1093.0
1355,24,34.0,2.0,1.0,482.0,0.0,10,1,0,1,1,0,0,30.7077,15.1,81.95,0.0,248.0,0.0,1093.0
1356,23,32.0,0.0,2.0,484.0,0.0,9,2,0,1,1,0,0,31.0558,14.75,81.6,0.0,248.0,0.0,1093.0
1357,22,32.0,0.0,0.0,484.0,0.0,10,1,0,1,1,0,0,31.4423,14.4,81.25,0.0,248.0,0.0,1093.0
1358,22,31.0,0.0,1.0,485.0,0.0,9,2,0,1,1,0,0,31.8288,14.05,80.9,0.0,248.0,0.0,1093.0
1359,21,30.0,0.0,1.0,486.0,0.0,7,2,2,1,1,0,0,32.2808,13.7,80.55,0.0,248.0,2.0,1095.0
1360,21,30.0,0.0,0.0,486.0,0.0,9,2,0,1,1,0,0,32.7173,13.35,80.2,0.0,248.0,0.0,1095.0
1361,21,30.0,0.0,0.0,486.0,0.0,8,2,1,1,1,0,0,33.1808,13.0,81.35,0.0,248.0,1.0,1096.0
1362,21,30.0,0.0,0.0,486.0,0.0,7,2,2,1,1,0,0,33.6712,12.65,90.675,0.0,248.0,2.0,1098.0
1363,22,32.0,2.0,0.0,486.0,0.0,9,2,1,0,1,0,0,34.1346,12.3,99.65,1.0,249.0,2.0,1100.0
1364,22,32.0,0.0,0.0,486.0,0.0,9,2,1,0,1,0,0,33.8423,11.95,99.3,0.0,249.0,1.0,1101.0
1365,22,33.0,1.0,0.0,486.0,0.0,9,1,1,0,2,0,0,33.5346,11.6,98.95,0.0,249.0,1.0,1102.0
1366,22,33.0,0.0,0.0,486.0,0.0,11,0,1,0,1,0,0,33.1769,11.25,98.6,0.0,249.0,1.0,1103.0
1367,23,34.0,1.0,0.0,486.0,0.0,11,0,0,0,2,0,0,32.7923,10.9,98.25,0.0,249.0,0.0,1103.0
1368,23,33.0,0.0,1.0,487.0,0.0,10,1,0,1,1,0,0,32.4077,10.55,97.9,0.0,249.0,0.0,1103.0
1369,22,33.0,0.0,0.0,487.0,0.0,11,0,0,1,1,0,0,32.7496,13.6,97.55,0.0,249.0,0.0,1103.0
1370,22,33.0,0.0,0.0,487.0,0.0,10,0,0,1,2,0,0,33.0915,13.25,97.2,0.0,249.0,0.0,1103.0
1371,23,34.0,1.0,0.0,487.0,0.0,9,0,1,1,2,0,0,33.4719,12.9,96.85,0.0,249.0,1.0,1104.0
1372,23,34.0,0.0,0.0,487.0,0.0,8,0,1,1,3,0,0,33.8792,12.55,96.5,1.0,250.0,2.0,1106.0
1373,23,34.0,0.0,0.0,487.0,0.0,8,0,0,1,3,1,0,34.2212,12.2,96.15,0.0,250.0,0.0,1106.0
1374,23,34.0,0.0,0.0,487.0,0.0,6,0,2,1,3,1,0,34.6438,11.85,95.8,0.0,250.0,2.0,1108.0
1375,25,36.0,2.0,0.0,487.0,0.0,5,0,3,1,3,1,0,35.1319,11.5,95.45,1.0,251.0,4.0,1112.0
1376,25,36.0,0.0,0.0,487.0,0.0,7,0,1,1,3,1,0,35.5662,11.15,95.1,1.0,252.0,2.0,1114.0
1377,25,36.0,0.0,0.0,487.0,0.0,7,0,0,1,3,2,0,35.935,10.8,94.75,0.0,252.0,0.0,1114.0
1378,25,36.0,0.0,0.0,487.0,0.0,8,0,0,0,4,1,0,36.2885,10.45,99.65,0.0,252.0,0.0,1114.0
1379,26,37.0,1.0,0.0,487.0,0.0,8,0,1,0,3,1,0,35.9692,10.1,99.3,0.0,252.0,1.0,1115.0
1380,26,37.0,0.0,0.0,487.0,0.0,8,0,1,0,3,1,0,35.65,9.75,98.95,0.0,252.0,1.0,1116.0
1381,27,38.0,1.0,0.0,487.0,0.0,7,0,1,0,4,1,0,35.3308,9.4,98.6,0.0,252.0,1.0,1117.0
1382,27,38.0,0.0,0.0,487.0,0.0,7,0,1,0,4,1,0,35.0385,9.05,98.25,1.0,253.0,2.0,1119.0
1383,27,38.0,0.0,0.0,487.0,0.0,8,0,0,0,4,1,0,34.6808,8.7,97.9,0.0,253.0,0.0,1119.0
1384,27,38.0,0.0,0.0,487.0,0.0,8,0,0,0,4,1,0,34.3115,8.35,97.55,0.0,253.0,0.0,1119.0
1385,28,39.0,1.0,0.0,487.0,0.0,8,0,0,0,4,1,0,33.9423,8.0,97.2,0.0,253.0,0.0,1119.0
1386,28,39.0,0.0,0.0,487.0,0.0,8,0,0,0,4,1,0,33.5731,7.65,96.85,0.0,253.0,0.0,1119.0
1387,30,41.0,2.0,0.0,487.0,0.0,8,0,0,0,4,1,0,33.2038,7.3,96.5,0.0,253.0,0.0,1119.0
1388,30,41.0,0.0,0.0,487.0,0.0,6,0,2,0,4,1,0,32.8885,6.95,96.15,0.0,253.0,2.0,1121.0
1389,30,41.0,0.0,0.0,487.0,0.0,7,0,1,0,4,1,0,32.5731,6.6,95.8,1.0,254.0,2.0,1123.0
1390,30,41.0,0.0,0.0,487.0,0.0,8,0,0,0,4,1,0,32.1923,6.25,95.45,0.0,254.0,0.0,1123.0
1391,30,41.0,0.0,0.0,487.0,0.0,8,0,0,0,4,1,0,31.8115,5.9,95.1,0.0,254.0,0.0,1123.0
1392,30,40.0,0.0,1.0,488.0,0.0,7,1,0,0,4,1,0,31.4192,5.55,94.6,0.0,254.0,0.0,1123.0
1393,29,40.0,0.0,0.0,488.0,0.0,7,0,0,1,3,2,0,31.0385,5.2,94.1,0.0,254.0,0.0,1123.0
1394,29,39.0,0.0,1.0,489.0,0.0,6,1,0,2,2,2,0,31.4392,4.85,93.6,0.0,254.0,0.0,1123.0
1395,31,42.0,3.0,0.0,489.0,0.0,7,0,0,2,2,2,0,32.5988,7.05,93.25,0.0,254.0,0.0,1123.0
1396,31,42.0,0.0,0.0,489.0,0.0,7,0,1,3,0,2,0,33.7738,6.7,92.9,0.0,254.0,1.0,1124.0
1397,31,42.0,0.0,0.0,489.0,0.0,7,0,0,3,1,2,0,35.6935,8.85,92.55,1.0,255.0,1.0,1125.0
1398,31,41.0,0.0,1.0,490.0,0.0,6,1,0,3,1,2,0,37.5746,8.5,92.05,0.0,255.0,0.0,1125.0
1399,32,42.0,1.0,0.0,490.0,0.0,7,0,0,3,1,2,0,39.4673,8.15,91.55,0.0,255.0,0.0,1125.0
1400,32,40.0,0.0,2.0,492.0,0.0,5,2,0,4,0,2,0,41.36,7.8,91.05,0.0,255.0,0.0,1125.0
1401,30,39.0,0.0,1.0,493.0,0.0,5,1,0,4,0,3,0,44.0119,14.6,90.7,0.0,255.0,0.0,1125.0
1402,29,39.0,0.0,0.0,493.0,0.0,6,0,0,4,0,3,0,46.7138,14.6,90.69,0.0,255.0,0.0,1125.0
1403,30,40.0,1.0,0.0,493.0,0.0,7,0,0,3,1,2,0,49.3504,14.55,99.65,0.0,255.0,0.0,1125.0
1404,30,40.0,0.0,0.0,493.0,0.0,8,0,0,2,2,1,0,51.2169,14.2,99.65,0.0,255.0,0.0,1125.0
1405,31,41.0,1.0,0.0,493.0,0.0,8,0,1,2,1,1,0,52.3669,14.2,99.3,0.0,255.0,1.0,1126.0
1406,30,39.0,0.0,2.0,495.0,0.0,6,2,2,1,2,0,0,53.49,13.85,99.65,0.0,255.0,2.0,1128.0
1407,29,38.0,0.0,1.0,496.0,0.0,7,1,1,1,2,1,0,53.9454,13.5,99.3,1.0,256.0,2.0,1130.0
1408,28,38.0,0.0,0.0,496.0,0.0,8,0,0,1,3,1,0,54.3585,13.15,98.95,0.0,256.0,0.0,1130.0
1409,29,39.0,1.0,0.0,496.0,0.0,7,0,1,1,3,1,0,54.7985,12.8,98.6,0.0,256.0,1.0,1131.0
1410,28,39.0,0.0,0.0,496.0,0.0,9,0,0,0,4,0,0,55.1577,12.45,99.65,0.0,256.0,0.0,1131.0
1411,30,41.0,2.0,0.0,496.0,0.0,8,0,1,0,4,0,0,54.8346,12.1,99.3,0.0,256.0,1.0,1132.0
1412,30,41.0,0.0,0.0,496.0,0.0,9,0,0,0,4,0,0,54.4846,11.75,98.95,0.0,256.0,0.0,1132.0
1413,30,41.0,0.0,0.0,496.0,0.0,9,0,0,0,4,0,0,54.1346,11.4,98.6,0.0,256.0,0.0,1132.0
1414,30,41.0,0.0,0.0,496.0,0.0,9,0,0,0,4,0,0,53.7846,11.05,98.25,0.0,256.0,0.0,1132.0
1415,31,42.0,1.0,0.0,496.0,0.0,9,0,0,0,4,0,0,53.4346,10.7,97.9,0.0,256.0,0.0,1132.0
1416,31,42.0,0.0,0.0,496.0,0.0,9,0,0,0,4,0,0,53.0846,10.35,97.55,0.0,256.0,0.0,1132.0
1417,31,42.0,0.0,0.0,496.0,0.0,8,0,1,0,4,0,0,52.7615,10.0,97.2,0.0,256.0,1.0,1133.0
1418,31,42.0,0.0,0.0,496.0,0.0,6,0,3,0,4,0,0,52.4923,9.65,96.85,0.0,256.0,3.0,1136.0
1419,32,43.0,1.0,0.0,496.0,0.0,8,0,1,0,4,0,0,52.1846,9.3,96.5,1.0,257.0,2.0,1138.0
1420,32,43.0,0.0,0.0,496.0,0.0,8,0,1,0,4,0,0,51.85,8.95,96.15,0.0,257.0,1.0,1139.0
1421,32,43.0,0.0,0.0,496.0,0.0,9,0,1,0,3,0,0,51.5038,8.6,95.8,0.0,257.0,1.0,1140.0
1422,32,43.0,0.0,0.0,496.0,0.0,6,0,2,1,3,1,0,51.1846,8.25,95.45,0.0,257.0,2.0,1142.0
1423,34,45.0,2.0,0.0,496.0,0.0,5,0,3,1,3,1,0,51.6604,7.9,95.1,0.0,257.0,3.0,1145.0
1424,34,45.0,0.0,0.0,496.0,0.0,6,0,2,1,3,1,0,52.1362,7.55,94.75,1.0,258.0,3.0,1148.0
1425,35,46.0,1.0,0.0,496.0,0.0,7,0,1,2,2,1,0,52.535,7.2,94.25,0.0,258.0,1.0,1149.0
1426,35,46.0,0.0,0.0,496.0,0.0,8,0,0,2,2,1,0,53.6396,6.85,93.75,0.0,258.0,0.0,1149.0
1427,36,46.0,1.0,1.0,497.0,0.0,7,1,0,2,2,1,0,54.7442,6.5,93.25,0.0,258.0,0.0,1149.0
1428,35,46.0,0.0,0.0,497.0,0.0,8,0,0,2,2,1,0,55.8488,6.15,92.9,0.0,258.0,0.0,1149.0
1429,35,46.0,0.0,0.0,497.0,0.0,7,0,1,2,2,1,0,56.9804,5.8,92.55,0.0,258.0,1.0,1150.0
1430,35,46.0,0.0,0.0,497.0,0.0,8,0,0,3,1,1,0,58.085,5.45,92.2,0.0,258.0,0.0,1150.0
1431,35,45.0,0.0,1.0,498.0,0.0,7,1,0,3,1,1,0,59.9165,5.1,91.7,0.0,258.0,0.0,1150.0
1432,35,45.0,0.0,0.0,498.0,0.0,9,0,0,3,1,0,0,61.7058,4.75,99.65,0.0,258.0,0.0,1150.0
1433,35,44.0,0.0,1.0,499.0,0.0,7,1,0,3,1,1,0,63.5519,14.05,99.3,0.0,258.0,0.0,1150.0
1434,35,43.0,0.0,1.0,500.0,0.0,7,1,0,3,1,1,0,65.4365,13.7,98.95,0.0,258.0,0.0,1150.0
1435,36,46.0,3.0,0.0,500.0,0.0,9,0,0,2,2,0,0,67.2788,13.35,99.65,0.0,258.0,0.0,1150.0
1436,36,46.0,0.0,0.0,500.0,0.0,7,0,2,2,2,0,0,68.4808,13.0,99.3,0.0,258.0,2.0,1152.0
1437,37,47.0,1.0,0.0,500.0,0.0,8,0,2,2,1,0,0,69.6981,13.0,98.95,1.0,259.0,3.0,1155.0
1438,37,47.0,0.0,0.0,500.0,0.0,8,0,2,2,1,0,0,70.8769,13.0,98.6,0.0,259.0,2.0,1157.0
1439,37,47.0,0.0,0.0,500.0,0.0,7,0,3,2,1,0,0,72.1481,13.0,98.25,1.0,260.0,4.0,1161.0
1440,36,47.0,0.0,0.0,500.0,0.0,10,0,0,1,2,0,0,73.2462,12.65,99.65,0.0,260.0,0.0,1161.0
1441,36,47.0,0.0,0.0,500.0,0.0,8,0,2,1,2,0,0,73.6635,12.3,99.3,0.0,260.0,2.0,1163.0
1442,36,47.0,0.0,0.0,500.0,0.0,10,0,1,0,2,0,0,74.0538,11.95,99.65,1.0,261.0,2.0,1165.0
1443,37,48.0,1.0,0.0,500.0,0.0,11,0,0,0,2,0,0,73.6462,11.6,99.3,0.0,261.0,0.0,1165.0
1444,37,48.0,0.0,0.0,500.0,0.0,11,0,0,0,2,0,0,73.2269,11.25,98.95,0.0,261.0,0.0,1165.0
1445,38,49.0,1.0,0.0,500.0,0.0,11,0,1,0,1,0,0,72.8346,10.9,98.6,0.0,261.0,1.0,1166.0
1446,38,49.0,0.0,0.0,500.0,0.0,10,0,1,0,2,0,0,72.4423,10.55,98.25,0.0,261.0,1.0,1167.0
1447,39,49.0,1.0,1.0,501.0,0.0,8,1,2,0,2,0,0,72.1154,10.2,97.9,1.0,262.0,3.0,1170.0
1448,38,49.0,0.0,0.0,501.0,0.0,10,0,1,0,2,0,0,71.7731,9.85,97.55,1.0,263.0,2.0,1172.0
1449,38,48.0,0.0,1.0,502.0,0.0,10,1,0,0,2,0,0,71.3538,9.5,97.2,0.0,263.0,0.0,1172.0
1450,37,48.0,0.0,0.0,502.0,0.0,11,0,0,0,2,0,0,70.9346,9.15,96.85,0.0,263.0,0.0,1172.0
1451,39,50.0,2.0,0.0,502.0,0.0,11,0,0,0,2,0,0,70.5154,8.8,96.5,0.0,263.0,0.0,1172.0
1452,39,49.0,0.0,1.0,503.0,0.0,10,1,0,0,2,0,0,70.0962,8.45,96.15,0.0,263.0,0.0,1172.0
1453,38,49.0,0.0,0.0,503.0,0.0,11,0,0,0,2,0,0,69.6769,8.1,95.8,0.0,263.0,0.0,1172.0
1454,38,49.0,0.0,0.0,503.0,0.0,10,0,1,0,2,0,0,69.2962,7.75,95.45,0.0,263.0,1.0,1173.0
1455,39,49.0,1.0,1.0,504.0,0.0,10,1,0,0,2,0,0,68.8654,7.4,95.1,0.0,263.0,0.0,1173.0
1456,38,49.0,0.0,0.0,504.0,0.0,11,0,0,1,1,0,0,68.4462,7.05,94.75,0.0,263.0,0.0,1173.0
1457,38,47.0,0.0,2.0,506.0,0.0,8,2,1,1,1,0,0,68.7915,6.7,94.4,0.0,263.0,1.0,1174.0
1458,36,46.0,0.0,1.0,507.0,0.0,8,1,2,1,1,0,0,69.2138,6.35,94.05,1.0,264.0,3.0,1177.0
1459,37,48.0,2.0,0.0,507.0,0.0,10,0,1,2,0,0,0,69.6208,6.0,93.7,1.0,265.0,2.0,1179.0
1460,37,47.0,0.0,1.0,508.0,0.0,10,1,0,2,0,0,0,70.7123,15.4,93.35,0.0,265.0,0.0,1179.0
1461,36,47.0,0.0,0.0,508.0,0.0,10,0,1,2,0,0,0,71.8423,24.8,93.35,0.0,265.0,1.0,1180.0
1462,36,46.0,0.0,1.0,509.0,0.0,9,1,1,2,0,0,0,72.9992,34.2,93.35,1.0,266.0,2.0,1182.0
1463,35,46.0,0.0,0.0,509.0,0.0,11,0,0,2,0,0,0,74.1138,41.05,93.0,0.0,266.0,0.0,1182.0
1464,35,46.0,0.0,0.0,509.0,0.0,10,0,1,2,0,0,0,75.2554,40.7,92.65,0.0,266.0,1.0,1183.0
1465,37,48.0,2.0,0.0,509.0,0.0,10,0,1,2,0,0,0,76.3854,40.35,92.3,0.0,266.0,1.0,1184.0
1466,36,48.0,0.0,0.0,509.0,0.0,11,0,1,1,0,0,0,77.4885,40.0,99.65,0.0,266.0,1.0,1185.0
1467,37,49.0,1.0,0.0,509.0,0.0,11,0,1,1,0,0,0,77.8808,39.65,99.3,0.0,266.0,1.0,1186.0
1468,37,49.0,0.0,0.0,509.0,0.0,10,0,2,1,0,0,0,78.3,39.3,98.95,0.0,266.0,2.0,1188.0
1469,36,49.0,0.0,0.0,509.0,0.0,12,0,1,0,0,0,0,78.6923,38.95,99.65,1.0,267.0,2.0,1190.0
1470,36,48.0,0.0,1.0,510.0,0.0,12,1,0,0,0,0,0,78.2846,38.6,99.3,0.0,267.0,0.0,1190.0
1471,36,48.0,1.0,1.0,511.0,0.0,12,1,0,0,0,0,0,77.8885,38.25,98.95,0.0,267.0,0.0,1190.0
1472,35,47.0,0.0,1.0,512.0,0.0,12,1,0,0,0,0,0,77.5038,37.9,98.6,0.0,267.0,0.0,1190.0
1473,34,47.0,0.0,0.0,512.0,0.0,12,0,1,0,0,0,0,77.1462,37.55,98.25,0.0,267.0,1.0,1191.0
1474,34,47.0,0.0,0.0,512.0,0.0,11,0,2,0,0,0,0,76.8423,37.05,97.9,1.0,268.0,3.0,1194.0
1475,36,49.0,2.0,0.0,512.0,0.0,13,0,0,0,0,0,0,76.4462,36.55,97.55,0.0,268.0,0.0,1194.0
1476,36,48.0,0.0,1.0,513.0,0.0,11,1,1,0,0,0,0,76.0769,36.05,97.2,0.0,268.0,1.0,1195.0
1477,35,48.0,0.0,0.0,513.0,0.0,13,0,0,0,0,0,0,75.6923,35.55,96.85,0.0,268.0,0.0,1195.0
1478,35,48.0,0.0,0.0,513.0,0.0,13,0,0,0,0,0,0,75.3077,35.05,96.5,0.0,268.0,0.0,1195.0
1479,36,48.0,1.0,1.0,514.0,0.0,12,1,0,0,0,0,0,74.9115,34.55,96.15,0.0,268.0,0.0,1195.0
1480,35,48.0,0.0,0.0,514.0,0.0,13,0,0,0,0,0,0,74.5269,34.05,95.8,0.0,268.0,0.0,1195.0
1481,35,47.0,0.0,1.0,515.0,0.0,12,1,0,0,0,0,0,74.1308,33.55,95.45,0.0,268.0,0.0,1195.0
1482,34,47.0,0.0,0.0,515.0,0.0,13,0,0,0,0,0,0,73.7462,33.05,95.1,0.0,268.0,0.0,1195.0
1483,36,49.0,2.0,0.0,515.0,0.0,13,0,0,0,0,0,0,73.3615,32.55,94.75,0.0,268.0,0.0,1195.0
1484,36,49.0,0.0,0.0,515.0,0.0,13,0,0,0,0,0,0,72.9423,32.05,94.4,0.0,268.0,0.0,1195.0
1485,37,50.0,1.0,0.0,515.0,0.0,12,0,1,0,0,0,0,72.5269,31.55,94.05,0.0,268.0,1.0,1196.0
1486,37,49.0,0.0,1.0,516.0,0.0,10,1,2,0,0,0,0,72.1769,31.55,93.7,1.0,269.0,3.0,1199.0
1487,36,48.0,0.0,1.0,517.0,0.0,12,1,0,0,0,0,0,71.7462,31.05,93.35,0.0,269.0,0.0,1199.0
1488,35,48.0,0.0,0.0,517.0,0.0,12,0,1,0,0,0,0,71.3808,31.05,93.0,0.0,269.0,1.0,1200.0
1489,35,47.0,0.0,1.0,518.0,0.0,12,1,0,0,0,0,0,70.9885,31.05,92.65,1.0,270.0,1.0,1201.0
1490,34,47.0,0.0,0.0,518.0,0.0,12,0,1,0,0,0,0,70.5962,30.55,92.3,0.0,270.0,1.0,1202.0
1491,35,46.0,1.0,2.0,520.0,0.0,11,2,0,0,0,0,0,70.1654,30.05,91.95,0.0,270.0,0.0,1202.0
1492,33,46.0,0.0,0.0,520.0,0.0,13,0,0,0,0,0,0,69.7462,29.55,91.45,0.0,270.0,0.0,1202.0
1493,34,46.0,1.0,1.0,521.0,0.0,11,1,1,0,0,0,0,69.3538,29.05,90.95,0.0,270.0,1.0,1203.0
1494,33,46.0,0.0,0.0,521.0,0.0,12,0,1,0,0,0,0,68.9731,28.55,90.45,0.0,270.0,1.0,1204.0
1495,35,47.0,2.0,1.0,522.0,0.0,10,1,2,0,0,0,0,68.6308,28.05,90.45,0.0,270.0,2.0,1206.0
1496,34,47.0,0.0,0.0,522.0,0.0,12,0,1,0,0,0,0,68.3,27.55,90.45,1.0,271.0,2.0,1208.0
1497,34,47.0,0.0,0.0,522.0,0.0,13,0,0,0,0,0,0,67.8923,27.05,89.95,0.0,271.0,0.0,1208.0
1498,34,47.0,0.0,0.0,522.0,0.0,13,0,0,0,0,0,0,67.4846,26.55,89.45,0.0,271.0,0.0,1208.0
1499,35,47.0,1.0,1.0,523.0,0.0,12,1,0,0,0,0,0,67.0769,26.05,88.95,0.0,271.0,0.0,1208.0
1500,34,47.0,0.0,0.0,523.0,0.0,13,0,0,0,0,0,0,66.6692,25.7,88.45,0.0,271.0,0.0,1208.0
1501,34,46.0,0.0,1.0,524.0,0.0,12,1,0,0,0,0,0,66.25,25.35,87.95,0.0,271.0,0.0,1208.0
1502,33,45.0,0.0,1.0,525.0,0.0,12,1,0,0,0,0,0,65.8308,25.0,87.6,0.0,271.0,0.0,1208.0
1503,32,45.0,0.0,0.0,525.0,0.0,13,0,0,0,0,0,0,65.4231,24.65,87.25,0.0,271.0,0.0,1208.0
1504,32,44.0,0.0,1.0,526.0,0.0,10,1,2,0,0,0,0,65.0808,24.3,86.95,0.0,271.0,2.0,1210.0
1505,32,45.0,1.0,0.0,526.0,0.0,10,0,3,0,0,0,0,64.7808,23.95,86.95,1.0,272.0,4.0,1214.0
1506,32,45.0,0.0,0.0,526.0,0.0,11,0,2,0,0,0,0,64.4538,23.6,86.6,1.0,273.0,3.0,1217.0
1507,35,48.0,3.0,0.0,526.0,0.0,13,0,0,0,0,0,0,64.0231,23.25,86.25,0.0,273.0,0.0,1217.0
1508,35,47.0,0.0,1.0,527.0,0.0,12,1,0,0,0,0,0,63.5923,22.9,85.9,0.0,273.0,0.0,1217.0
1509,34,47.0,0.0,0.0,527.0,0.0,13,0,0,0,0,0,0,63.1731,22.55,85.55,0.0,273.0,0.0,1217.0
1510,34,47.0,0.0,0.0,527.0,0.0,11,0,2,0,0,0,0,62.7962,22.2,85.05,0.0,273.0,2.0,1219.0
1511,34,46.0,0.0,1.0,528.0,0.0,11,1,1,0,0,0,0,62.4192,21.85,84.55,1.0,274.0,2.0,1221.0
1512,33,45.0,0.0,1.0,529.0,0.0,11,1,1,0,0,0,0,62.0269,21.5,84.1,0.0,274.0,1.0,1222.0
1513,32,45.0,0.0,0.0,529.0,0.0,11,0,2,0,0,0,0,61.7,21.15,84.05,1.0,275.0,3.0,1225.0
1514,32,45.0,0.0,0.0,529.0,0.0,10,0,3,0,0,0,0,61.4,20.8,84.05,1.0,276.0,4.0,1229.0
1515,34,47.0,2.0,0.0,529.0,0.0,12,0,1,0,0,0,0,61.0346,20.45,83.55,1.0,277.0,2.0,1231.0
1516,34,47.0,0.0,0.0,529.0,0.0,13,0,0,0,0,0,0,60.6038,20.1,83.05,0.0,277.0,0.0,1231.0
1517,34,47.0,0.0,0.0,529.0,0.0,13,0,0,0,0,0,0,60.1731,19.75,82.55,0.0,277.0,0.0,1231.0
1518,34,46.0,0.0,1.0,530.0,0.0,12,1,0,0,0,0,0,59.7423,19.4,82.05,0.0,277.0,0.0,1231.0
1519,34,46.0,1.0,1.0,531.0,0.0,12,1,0,0,0,0,0,59.3231,19.05,81.55,0.0,277.0,0.0,1231.0
1520,33,46.0,0.0,0.0,531.0,0.0,9,0,4,0,0,0,0,59.0462,19.05,81.05,0.0,277.0,4.0,1235.0
1521,34,47.0,1.0,0.0,531.0,0.0,11,0,2,0,0,0,0,58.7308,19.05,80.6,1.0,278.0,3.0,1238.0
1522,34,46.0,0.0,1.0,532.0,0.0,11,1,1,0,0,0,0,58.3769,19.05,80.1,1.0,279.0,2.0,1240.0
1523,34,47.0,1.0,0.0,532.0,0.0,13,0,0,0,0,0,0,57.9962,18.7,80.1,0.0,279.0,0.0,1240.0
1524,34,47.0,0.0,0.0,532.0,0.0,13,0,0,0,0,0,0,57.5769,18.35,79.6,0.0,279.0,0.0,1240.0
1525,35,48.0,1.0,0.0,532.0,0.0,13,0,0,0,0,0,0,57.1577,18.0,79.1,0.0,279.0,0.0,1240.0
1526,35,48.0,0.0,0.0,532.0,0.0,13,0,0,0,0,0,0,56.7385,17.65,78.65,0.0,279.0,0.0,1240.0
1527,35,48.0,0.0,0.0,532.0,0.0,13,0,0,0,0,0,0,56.2962,17.3,78.3,0.0,279.0,0.0,1240.0
1528,35,47.0,0.0,1.0,533.0,0.0,11,1,1,0,0,0,0,55.8923,16.95,77.95,0.0,279.0,1.0,1241.0
1529,34,46.0,0.0,1.0,534.0,0.0,9,1,3,0,0,0,0,55.5423,16.6,77.95,0.0,279.0,3.0,1244.0
1530,33,46.0,0.0,0.0,534.0,0.0,9,0,4,0,0,0,0,55.2923,16.25,77.95,1.0,280.0,5.0,1249.0
1531,35,48.0,2.0,0.0,534.0,0.0,11,0,2,0,0,0,0,55.0154,16.25,77.6,2.0,282.0,4.0,1253.0
1532,35,48.0,0.0,0.0,534.0,0.0,13,0,0,0,0,0,0,54.5962,15.9,77.25,0.0,282.0,0.0,1253.0
1533,35,47.0,0.0,1.0,535.0,0.0,11,1,1,0,0,0,0,54.2038,15.9,76.9,0.0,282.0,1.0,1254.0
1534,34,47.0,0.0,0.0,535.0,0.0,13,0,0,0,0,0,0,53.7846,15.55,76.55,0.0,282.0,0.0,1254.0
1535,36,49.0,2.0,0.0,535.0,0.0,13,0,0,0,0,0,0,53.3654,15.2,76.2,0.0,282.0,0.0,1254.0
1536,36,49.0,0.0,0.0,535.0,0.0,12,0,0,0,1,0,0,52.9462,14.85,75.85,0.0,282.0,0.0,1254.0
1537,36,48.0,0.0,1.0,536.0,0.0,10,1,1,0,1,0,0,52.5538,14.5,75.5,0.0,282.0,1.0,1255.0
1538,35,47.0,0.0,1.0,537.0,0.0,10,1,1,0,1,0,0,52.1615,14.15,75.15,0.0,282.0,1.0,1256.0
1539,36,46.0,1.0,2.0,539.0,0.0,8,2,2,0,1,0,0,51.7962,13.8,74.65,0.0,282.0,2.0,1258.0
1540,34,45.0,0.0,1.0,540.0,0.0,10,1,1,0,1,0,0,51.4538,13.45,74.15,1.0,283.0,2.0,1260.0
1541,33,44.0,0.0,1.0,541.0,0.0,11,1,0,0,1,0,0,51.0692,13.1,73.65,0.0,283.0,0.0,1260.0
1542,32,44.0,0.0,0.0,541.0,0.0,12,0,0,0,1,0,0,50.6846,12.75,73.3,0.0,283.0,0.0,1260.0
1543,33,45.0,1.0,0.0,541.0,0.0,12,0,0,0,1,0,0,50.2885,12.4,72.95,0.0,283.0,0.0,1260.0
1544,33,45.0,0.0,0.0,541.0,0.0,12,0,0,0,1,0,0,49.8923,12.05,72.6,0.0,283.0,0.0,1260.0
1545,34,46.0,1.0,0.0,541.0,0.0,12,0,0,0,1,0,0,49.4962,11.7,72.25,0.0,283.0,0.0,1260.0
1546,34,46.0,0.0,0.0,541.0,0.0,12,0,0,0,1,0,0,49.1,11.35,71.9,0.0,283.0,0.0,1260.0
1547,35,47.0,1.0,0.0,541.0,0.0,12,0,0,0,1,0,0,48.7038,11.0,71.55,0.0,283.0,0.0,1260.0
1548,35,47.0,0.0,0.0,541.0,0.0,11,0,1,0,1,0,0,48.3462,10.65,71.2,0.0,283.0,1.0,1261.0
1549,36,46.0,1.0,2.0,543.0,0.0,10,2,0,1,0,0,0,47.95,10.3,70.85,0.0,283.0,0.0,1261.0
1550,34,46.0,0.0,0.0,543.0,0.0,10,0,2,1,0,0,0,48.3592,19.27,70.5,0.0,283.0,2.0,1263.0
1551,34,46.0,0.0,0.0,543.0,0.0,10,0,2,1,0,0,0,48.7954,28.24,70.15,1.0,284.0,3.0,1266.0
1552,34,46.0,0.0,0.0,543.0,0.0,11,0,1,1,0,0,0,49.1546,29.05,69.8,0.0,284.0,1.0,1267.0
1553,34,46.0,0.0,0.0,543.0,0.0,12,0,0,1,0,0,0,49.4754,28.55,69.45,0.0,284.0,0.0,1267.0
1554,34,46.0,0.0,0.0,543.0,0.0,11,0,1,1,0,0,0,49.8231,28.05,69.1,0.0,284.0,1.0,1268.0
1555,37,48.0,3.0,1.0,544.0,0.0,10,1,1,1,0,0,0,50.1592,27.55,68.75,0.0,284.0,1.0,1269.0
1556,36,47.0,0.0,1.0,545.0,0.0,11,1,0,1,0,0,0,50.4685,27.2,73.09,0.0,284.0,0.0,1269.0
1557,35,47.0,0.0,0.0,545.0,0.0,11,0,1,1,0,0,0,50.8162,26.85,82.06,0.0,284.0,1.0,1270.0
1558,35,47.0,0.0,0.0,545.0,0.0,10,0,2,1,0,0,0,51.2177,26.5,91.03,1.0,285.0,3.0,1273.0
1559,34,47.0,0.0,0.0,545.0,0.0,12,0,1,0,0,0,0,51.5538,26.15,99.65,1.0,286.0,2.0,1275.0
1560,34,47.0,0.0,0.0,545.0,0.0,11,0,2,0,0,0,0,51.2,25.8,99.3,0.0,286.0,2.0,1277.0
1561,34,47.0,0.0,0.0,545.0,0.0,11,0,2,0,0,0,0,50.8731,25.45,98.95,1.0,287.0,3.0,1280.0
1562,34,47.0,0.0,0.0,545.0,0.0,11,0,2,0,0,0,0,50.5192,25.1,98.6,0.0,287.0,2.0,1282.0
1563,36,49.0,2.0,0.0,545.0,0.0,12,0,1,0,0,0,0,50.1654,24.75,98.25,1.0,288.0,2.0,1284.0
1564,36,48.0,0.0,1.0,546.0,0.0,12,1,0,0,0,0,0,49.7346,24.4,97.9,0.0,288.0,0.0,1284.0
1565,36,48.0,1.0,1.0,547.0,0.0,12,1,0,0,0,0,0,49.3154,24.05,97.55,0.0,288.0,0.0,1284.0
1566,35,47.0,0.0,1.0,548.0,0.0,12,1,0,0,0,0,0,48.8962,23.7,97.2,0.0,288.0,0.0,1284.0
1567,35,48.0,1.0,0.0,548.0,0.0,13,0,0,0,0,0,0,48.4885,23.35,96.85,0.0,288.0,0.0,1284.0
1568,35,47.0,0.0,1.0,549.0,0.0,12,1,0,0,0,0,0,48.0808,23.0,96.5,0.0,288.0,0.0,1284.0
1569,34,46.0,0.0,1.0,550.0,0.0,11,1,1,0,0,0,0,47.7,22.5,96.15,0.0,288.0,1.0,1285.0
1570,33,46.0,0.0,0.0,550.0,0.0,13,0,0,0,0,0,0,47.3038,22.0,95.8,0.0,288.0,0.0,1285.0
1571,34,46.0,1.0,1.0,551.0,0.0,12,1,0,0,0,0,0,46.8962,21.5,95.45,0.0,288.0,0.0,1285.0
1572,33,46.0,0.0,0.0,551.0,0.0,12,0,1,0,0,0,0,46.5385,21.5,95.1,0.0,288.0,1.0,1286.0
1573,33,46.0,0.0,0.0,551.0,0.0,11,0,2,0,0,0,0,46.1962,21.5,94.75,0.0,288.0,2.0,1288.0
1574,33,45.0,0.0,1.0,552.0,0.0,11,1,1,0,0,0,0,45.8538,21.5,94.4,1.0,289.0,2.0,1290.0
1575,33,46.0,1.0,0.0,552.0,0.0,13,0,0,0,0,0,0,45.4462,21.0,94.05,0.0,289.0,0.0,1290.0
1576,33,46.0,0.0,0.0,552.0,0.0,13,0,0,0,0,0,0,45.0385,20.5,93.7,0.0,289.0,0.0,1290.0
1577,34,47.0,1.0,0.0,552.0,0.0,13,0,0,0,0,0,0,44.6192,20.0,93.35,0.0,289.0,0.0,1290.0
1578,34,47.0,0.0,0.0,552.0,0.0,13,0,0,0,0,0,0,44.1885,19.5,93.0,0.0,289.0,0.0,1290.0
1579,36,49.0,2.0,0.0,552.0,0.0,13,0,0,0,0,0,0,43.7462,19.0,92.65,0.0,289.0,0.0,1290.0
1580,36,49.0,0.0,0.0,552.0,0.0,12,0,1,0,0,0,0,43.3423,18.5,92.3,0.0,289.0,1.0,1291.0
1581,36,47.0,0.0,2.0,554.0,0.0,11,2,0,0,0,0,0,42.9,18.0,91.95,0.0,289.0,0.0,1291.0
1582,34,47.0,0.0,0.0,554.0,0.0,12,0,1,0,0,0,0,42.5077,17.65,91.6,0.0,289.0,1.0,1292.0
1583,34,46.0,0.0,1.0,555.0,0.0,12,1,0,0,0,0,0,42.0885,17.3,91.25,0.0,289.0,0.0,1292.0
1584,33,45.0,0.0,1.0,556.0,0.0,12,1,0,0,0,0,0,41.6577,16.95,90.9,0.0,289.0,0.0,1292.0
1585,33,46.0,1.0,0.0,556.0,0.0,13,0,0,0,0,0,0,41.2269,16.6,90.55,0.0,289.0,0.0,1292.0
1586,33,45.0,0.0,1.0,557.0,0.0,11,1,1,0,0,0,0,40.8115,16.25,90.05,0.0,289.0,1.0,1293.0
1587,33,43.0,1.0,3.0,560.0,0.0,10,3,0,0,0,0,0,40.3692,15.75,89.55,0.0,289.0,0.0,1293.0
1588,30,43.0,0.0,0.0,560.0,0.0,13,0,0,0,0,0,0,39.95,15.4,89.05,0.0,289.0,0.0,1293.0
1589,30,43.0,0.0,0.0,560.0,0.0,12,0,1,0,0,0,0,39.5577,15.05,89.05,0.0,289.0,1.0,1294.0
1590,30,43.0,0.0,0.0,560.0,0.0,11,0,0,0,2,0,0,39.1269,14.7,88.55,0.0,289.0,0.0,1294.0
1591,32,45.0,2.0,0.0,560.0,0.0,11,0,0,0,2,0,0,38.7077,14.35,88.05,0.0,289.0,0.0,1294.0
1592,32,45.0,0.0,0.0,560.0,0.0,11,0,1,0,1,0,0,38.3154,14.0,87.55,0.0,289.0,1.0,1295.0
1593,32,45.0,0.0,0.0,560.0,0.0,10,0,1,0,2,0,0,37.9231,13.65,87.05,0.0,289.0,1.0,1296.0
1594,32,45.0,0.0,0.0,560.0,0.0,11,0,0,0,2,0,0,37.5038,13.3,86.55,0.0,289.0,0.0,1296.0
1595,34,46.0,2.0,1.0,561.0,0.0,10,1,0,0,2,0,0,37.0846,12.95,86.05,0.0,289.0,0.0,1296.0
1596,33,44.0,0.0,2.0,563.0,0.0,9,2,0,0,2,0,0,36.6769,12.6,85.55,0.0,289.0,0.0,1296.0
1597,32,43.0,0.0,1.0,564.0,0.0,7,1,3,0,2,0,0,36.3962,12.25,85.2,0.0,289.0,3.0,1299.0
1598,31,43.0,0.0,0.0,564.0,0.0,9,0,2,0,2,0,0,36.1154,11.9,84.85,1.0,290.0,3.0,1302.0
1599,31,43.0,0.0,0.0,564.0,0.0,11,0,0,0,2,0,0,35.7308,11.55,84.5,0.0,290.0,0.0,1302.0
1600,31,42.0,0.0,1.0,565.0,0.0,10,1,1,0,1,0,0,35.3731,11.2,84.15,0.0,290.0,1.0,1303.0
1601,31,42.0,0.0,0.0,565.0,0.0,9,0,2,0,2,0,0,35.0808,10.85,83.8,1.0,291.0,3.0,1306.0
1602,31,42.0,0.0,0.0,565.0,0.0,9,0,2,0,2,0,0,34.7769,10.5,83.45,1.0,292.0,3.0,1309.0
1603,33,44.0,2.0,0.0,565.0,0.0,11,0,0,0,2,0,0,34.3808,10.15,82.95,0.0,292.0,0.0,1309.0
1604,33,43.0,0.0,1.0,566.0,0.0,9,1,1,0,2,0,0,34.0115,9.8,82.45,0.0,292.0,1.0,1310.0
1605,34,45.0,2.0,0.0,566.0,0.0,9,0,2,0,2,0,0,33.6808,9.45,81.95,0.0,292.0,2.0,1312.0
1606,34,45.0,0.0,0.0,566.0,0.0,11,0,1,0,1,0,0,33.3115,9.45,81.45,0.0,292.0,1.0,1313.0
1607,34,44.0,0.0,1.0,567.0,0.0,10,1,0,0,2,0,0,32.9154,9.1,80.95,0.0,292.0,0.0,1313.0
1608,33,44.0,0.0,0.0,567.0,0.0,11,0,0,0,2,0,0,32.5308,8.75,80.6,0.0,292.0,0.0,1313.0
1609,33,44.0,0.0,0.0,567.0,0.0,11,0,0,0,2,0,0,32.1462,8.4,80.25,0.0,292.0,0.0,1313.0
1610,33,44.0,0.0,0.0,567.0,0.0,11,0,0,0,2,0,0,31.7615,8.05,79.9,0.0,292.0,0.0,1313.0
1611,34,44.0,1.0,1.0,568.0,0.0,10,1,0,0,2,0,0,31.3769,7.7,79.55,0.0,292.0,0.0,1313.0
1612,33,44.0,0.0,0.0,568.0,0.0,11,0,0,0,2,0,0,30.9808,7.35,79.2,0.0,292.0,0.0,1313.0
1613,33,44.0,0.0,0.0,568.0,0.0,11,0,0,0,2,0,0,30.5846,7.0,78.85,0.0,292.0,0.0,1313.0
1614,33,44.0,0.0,0.0,568.0,0.0,10,0,1,0,2,0,0,30.2154,6.65,78.5,0.0,292.0,1.0,1314.0
1615,35,46.0,2.0,0.0,568.0,0.0,11,0,0,1,1,0,0,29.8077,6.3,78.15,0.0,292.0,0.0,1314.0
1616,35,45.0,0.0,1.0,569.0,0.0,10,1,0,1,1,0,0,30.1477,6.85,77.8,0.0,292.0,0.0,1314.0
1617,34,44.0,0.0,1.0,570.0,0.0,10,1,0,2,0,0,0,30.4762,6.5,77.3,0.0,292.0,0.0,1314.0
1618,33,44.0,0.0,0.0,570.0,0.0,11,0,0,2,0,0,0,31.5277,15.85,76.8,0.0,292.0,0.0,1314.0
1619,35,46.0,2.0,0.0,570.0,0.0,10,0,0,2,1,0,0,32.5792,17.85,76.3,0.0,292.0,0.0,1314.0
1620,35,45.0,0.0,1.0,571.0,0.0,9,1,0,2,1,0,0,33.6308,17.5,75.8,0.0,292.0,0.0,1314.0
1621,34,44.0,0.0,1.0,572.0,0.0,9,1,0,2,1,0,0,34.6938,17.15,75.3,0.0,292.0,0.0,1314.0
1622,34,43.0,0.0,1.0,573.0,0.0,9,1,0,2,1,0,0,35.7685,16.8,74.8,0.0,292.0,0.0,1314.0
1623,33,43.0,0.0,0.0,573.0,0.0,9,0,1,2,1,0,0,36.87,16.3,81.26,0.0,292.0,1.0,1315.0
1624,33,43.0,0.0,0.0,573.0,0.0,9,0,1,2,1,0,0,37.9985,15.8,90.63,1.0,293.0,2.0,1317.0
1625,33,43.0,1.0,1.0,574.0,0.0,10,1,0,1,1,0,0,39.0731,15.3,99.65,1.0,294.0,1.0,1318.0
1626,32,42.0,0.0,1.0,575.0,0.0,7,1,2,1,2,0,0,39.4538,14.8,99.3,0.0,294.0,2.0,1320.0
1627,33,44.0,2.0,0.0,575.0,0.0,10,0,1,0,2,0,0,39.8423,14.45,99.65,1.0,295.0,2.0,1322.0
1628,33,43.0,0.0,1.0,576.0,0.0,9,1,2,0,1,0,0,39.5,14.45,99.3,0.0,295.0,2.0,1324.0
1629,32,43.0,0.0,0.0,576.0,0.0,10,0,1,0,2,0,0,39.1692,14.45,98.95,1.0,296.0,2.0,1326.0
1630,32,43.0,0.0,0.0,576.0,0.0,10,0,1,0,2,0,0,38.8115,14.1,98.6,0.0,296.0,1.0,1327.0
1631,32,43.0,0.0,0.0,576.0,0.0,8,0,3,1,1,0,0,38.5192,13.75,98.25,0.0,296.0,3.0,1330.0
1632,32,42.0,0.0,1.0,577.0,0.0,8,1,1,1,2,0,0,38.8731,13.4,97.9,1.0,297.0,2.0,1332.0
1633,32,43.0,1.0,0.0,577.0,0.0,10,0,0,1,2,0,0,39.1846,13.05,97.55,0.0,297.0,0.0,1332.0
1634,32,43.0,0.0,0.0,577.0,0.0,9,0,1,1,2,0,0,39.5346,12.7,97.2,0.0,297.0,1.0,1333.0
1635,34,45.0,2.0,0.0,577.0,0.0,8,0,1,1,3,0,0,39.9115,12.35,96.85,1.0,298.0,2.0,1335.0
1636,34,45.0,0.0,0.0,577.0,0.0,9,0,0,1,3,0,0,40.2346,12.0,96.5,0.0,298.0,0.0,1335.0
1637,34,45.0,0.0,0.0,577.0,0.0,8,0,1,1,3,0,0,40.5731,11.65,96.15,0.0,298.0,1.0,1336.0
1638,34,45.0,0.0,0.0,577.0,0.0,9,0,0,1,3,0,0,40.8846,11.3,95.8,0.0,298.0,0.0,1336.0
1639,35,45.0,1.0,1.0,578.0,0.0,8,1,0,1,3,0,0,41.1962,10.95,95.45,0.0,298.0,0.0,1336.0
1640,35,45.0,0.0,0.0,578.0,0.0,9,0,0,1,3,0,0,41.4962,10.6,95.1,0.0,298.0,0.0,1336.0
1641,35,45.0,0.0,0.0,578.0,0.0,10,0,0,0,3,0,0,41.7577,10.25,99.65,0.0,298.0,0.0,1336.0
1642,35,45.0,0.0,0.0,578.0,0.0,10,0,0,0,3,0,0,41.3615,9.9,99.3,0.0,298.0,0.0,1336.0
1643,36,46.0,1.0,0.0,578.0,0.0,10,0,0,0,3,0,0,40.9654,9.55,98.95,0.0,298.0,0.0,1336.0
1644,36,46.0,0.0,0.0,578.0,0.0,9,0,1,0,3,0,0,40.6077,9.2,98.6,0.0,298.0,1.0,1337.0
1645,37,47.0,1.0,0.0,578.0,0.0,9,0,1,0,3,0,0,40.2654,8.85,98.25,1.0,299.0,2.0,1339.0
1646,37,47.0,0.0,0.0,578.0,0.0,10,0,0,0,3,0,0,39.8577,8.5,97.9,0.0,299.0,0.0,1339.0
1647,38,47.0,1.0,1.0,579.0,0.0,9,1,0,0,3,0,0,39.45,8.15,97.55,0.0,299.0,0.0,1339.0
1648,37,47.0,0.0,0.0,579.0,0.0,10,0,0,0,3,0,0,39.0538,7.8,97.2,0.0,299.0,0.0,1339.0
1649,37,47.0,0.0,0.0,579.0,0.0,10,0,0,0,3,0,0,38.6577,7.45,96.85,0.0,299.0,0.0,1339.0
1650,37,47.0,0.0,0.0,579.0,0.0,10,0,0,0,3,0,0,38.2615,7.1,96.5,0.0,299.0,0.0,1339.0
1651,39,47.0,2.0,2.0,581.0,0.0,6,2,1,1,3,0,0,37.8577,6.75,96.15,0.0,299.0,1.0,1340.0
1652,37,47.0,0.0,0.0,581.0,0.0,9,0,0,1,3,0,0,38.2058,7.65,95.8,0.0,299.0,0.0,1340.0
1653,37,44.0,0.0,3.0,584.0,0.0,6,3,0,1,3,0,0,38.5538,7.3,95.45,0.0,299.0,0.0,1340.0
1654,35,44.0,0.0,0.0,584.0,0.0,9,0,0,2,2,0,0,38.9365,6.95,95.1,0.0,299.0,0.0,1340.0
1655,36,44.0,1.0,1.0,585.0,0.0,6,1,1,2,2,1,0,40.0888,7.7,94.75,0.0,299.0,1.0,1341.0
1656,36,44.0,0.0,0.0,585.0,0.0,7,0,1,2,2,1,0,41.3065,7.35,94.4,1.0,300.0,2.0,1343.0
1657,36,44.0,0.0,0.0,585.0,0.0,8,0,1,2,1,1,0,42.4973,7.35,94.05,0.0,300.0,1.0,1344.0
1658,36,44.0,0.0,0.0,585.0,0.0,8,0,0,2,2,1,0,43.6881,7.35,93.7,1.0,301.0,1.0,1345.0
1659,37,45.0,1.0,0.0,585.0,0.0,7,0,1,2,2,1,0,44.8788,7.0,93.35,0.0,301.0,1.0,1346.0
1660,37,45.0,0.0,0.0,585.0,0.0,7,0,1,2,2,1,0,46.0965,6.65,93.0,1.0,302.0,2.0,1348.0
1661,37,46.0,1.0,0.0,585.0,0.0,9,0,0,1,3,0,0,47.2065,6.3,99.65,0.0,302.0,0.0,1348.0
1662,37,46.0,0.0,0.0,585.0,0.0,9,0,0,2,2,0,0,47.5877,5.95,99.3,0.0,302.0,0.0,1348.0
1663,38,47.0,1.0,0.0,585.0,0.0,9,0,0,2,2,0,0,48.7192,10.7,98.95,0.0,302.0,0.0,1348.0
1664,37,47.0,0.0,0.0,585.0,0.0,7,0,1,1,3,1,0,49.8392,10.35,99.65,0.0,302.0,1.0,1349.0
1665,38,48.0,1.0,0.0,585.0,0.0,6,0,2,1,3,1,0,50.3088,10.0,99.3,0.0,302.0,2.0,1351.0
1666,38,48.0,0.0,0.0,585.0,0.0,7,0,1,1,3,1,0,50.7785,9.65,98.95,1.0,303.0,2.0,1353.0
1667,39,49.0,1.0,0.0,585.0,0.0,6,0,2,1,3,1,0,51.2365,9.3,98.6,0.0,303.0,2.0,1355.0
1668,39,49.0,0.0,0.0,585.0,0.0,8,0,0,2,2,1,0,51.6292,8.95,98.25,0.0,303.0,0.0,1355.0
1669,39,49.0,0.0,0.0,585.0,0.0,7,0,1,2,2,1,0,52.7762,11.55,97.9,0.0,303.0,1.0,1356.0
1670,39,49.0,0.0,0.0,585.0,0.0,8,0,0,2,2,1,0,53.8846,11.2,97.55,0.0,303.0,0.0,1356.0
1671,39,49.0,0.0,0.0,585.0,0.0,8,0,0,2,2,1,0,54.9931,10.85,97.2,0.0,303.0,0.0,1356.0
1672,39,48.0,0.0,1.0,586.0,0.0,8,1,0,1,3,0,0,56.0477,10.5,99.65,0.0,303.0,0.0,1356.0
1673,38,48.0,0.0,0.0,586.0,0.0,9,0,0,1,3,0,0,56.3904,10.15,99.3,0.0,303.0,0.0,1356.0
1674,38,48.0,0.0,0.0,586.0,0.0,9,0,0,1,3,0,0,56.7215,9.8,98.95,0.0,303.0,0.0,1356.0
1675,42,51.0,4.0,1.0,587.0,0.0,8,1,0,1,3,0,0,57.0527,9.45,98.6,0.0,303.0,0.0,1356.0
1676,41,49.0,0.0,2.0,589.0,0.0,7,2,0,1,3,0,0,57.3954,9.1,98.25,0.0,303.0,0.0,1356.0
1677,39,49.0,0.0,0.0,589.0,0.0,9,0,0,1,3,0,0,57.7496,8.75,97.9,0.0,303.0,0.0,1356.0
1678,39,49.0,0.0,0.0,589.0,0.0,10,0,0,0,3,0,0,58.0769,8.4,99.65,0.0,303.0,0.0,1356.0
1679,39,49.0,0.0,0.0,589.0,0.0,9,0,1,1,2,0,0,57.7308,8.05,99.3,0.0,303.0,1.0,1357.0
1680,39,49.0,0.0,0.0,589.0,0.0,10,0,0,1,2,0,0,58.0704,7.7,98.95,0.0,303.0,0.0,1357.0
1681,39,48.0,0.0,1.0,590.0,0.0,9,1,0,1,2,0,0,58.41,7.35,98.6,0.0,303.0,0.0,1357.0
1682,38,47.0,0.0,1.0,591.0,0.0,9,1,0,1,2,0,0,58.7612,7.0,98.25,0.0,303.0,0.0,1357.0
1683,38,48.0,1.0,0.0,591.0,0.0,10,0,0,1,2,0,0,59.1123,6.65,97.9,0.0,303.0,0.0,1357.0
1684,38,48.0,0.0,0.0,591.0,0.0,10,0,0,2,1,0,0,59.4635,6.3,97.55,0.0,303.0,0.0,1357.0
1685,39,49.0,1.0,0.0,591.0,0.0,10,0,0,2,1,0,0,60.5392,10.0,97.2,0.0,303.0,0.0,1357.0
1686,39,48.0,0.0,1.0,592.0,0.0,9,1,0,2,1,0,0,61.615,9.65,96.85,0.0,303.0,0.0,1357.0
1687,39,49.0,1.0,0.0,592.0,0.0,10,0,0,3,0,0,0,62.6908,9.3,96.5,0.0,303.0,0.0,1357.0
1688,39,48.0,0.0,1.0,593.0,0.0,6,1,3,3,0,0,0,64.595,15.45,96.15,0.0,303.0,3.0,1360.0
1689,38,49.0,1.0,0.0,593.0,0.0,10,0,1,2,0,0,0,66.4838,15.1,99.65,2.0,305.0,3.0,1363.0
1690,38,49.0,0.0,0.0,593.0,0.0,10,0,0,2,1,0,0,67.56,14.75,99.3,0.0,305.0,0.0,1363.0
1691,39,50.0,1.0,0.0,593.0,0.0,8,0,1,2,2,0,0,68.6746,14.4,98.95,0.0,305.0,1.0,1364.0
1692,39,50.0,0.0,0.0,593.0,0.0,8,0,1,2,2,0,0,69.7662,14.05,98.6,0.0,305.0,1.0,1365.0
1693,39,50.0,0.0,0.0,593.0,0.0,9,0,0,2,2,0,0,70.8077,13.7,98.25,0.0,305.0,0.0,1365.0
1694,39,49.0,0.0,1.0,594.0,0.0,9,1,0,1,2,0,0,71.8223,13.35,99.65,0.0,305.0,0.0,1365.0
1695,39,50.0,1.0,0.0,594.0,0.0,10,0,0,1,2,0,0,72.1162,13.0,99.3,0.0,305.0,0.0,1365.0
1696,39,48.0,0.0,2.0,596.0,0.0,7,2,1,1,2,0,0,72.4485,12.65,98.95,0.0,305.0,1.0,1366.0
1697,37,48.0,0.0,0.0,596.0,0.0,11,0,0,0,2,0,0,72.7385,12.3,99.65,0.0,305.0,0.0,1366.0
1698,37,47.0,0.0,1.0,597.0,0.0,9,1,1,0,2,0,0,72.3692,11.95,99.3,0.0,305.0,1.0,1367.0
1699,38,48.0,2.0,1.0,598.0,0.0,8,1,2,0,2,0,0,72.0385,11.6,98.95,0.0,305.0,2.0,1369.0
1700,37,48.0,0.0,0.0,598.0,0.0,10,0,1,0,2,0,0,71.7192,11.25,98.6,1.0,306.0,2.0,1371.0
1701,37,47.0,0.0,1.0,599.0,0.0,9,1,1,0,2,0,0,71.3731,10.9,98.25,0.0,306.0,1.0,1372.0
1702,36,47.0,0.0,0.0,599.0,0.0,10,0,1,0,2,0,0,71.0269,10.55,97.9,0.0,306.0,1.0,1373.0
1703,37,47.0,1.0,1.0,600.0,0.0,8,1,2,0,2,0,0,70.7462,10.2,97.55,1.0,307.0,3.0,1376.0
1704,36,46.0,0.0,1.0,601.0,0.0,10,1,0,0,2,0,0,70.3846,9.85,97.2,0.0,307.0,0.0,1376.0
1705,36,47.0,1.0,0.0,601.0,0.0,11,0,0,0,2,0,0,70.0231,9.5,96.85,0.0,307.0,0.0,1376.0
1706,36,47.0,0.0,0.0,601.0,0.0,11,0,0,0,2,0,0,69.6615,9.15,96.5,0.0,307.0,0.0,1376.0
1707,37,48.0,1.0,0.0,601.0,0.0,10,0,1,0,2,0,0,69.3269,8.8,96.15,0.0,307.0,1.0,1377.0
1708,37,48.0,0.0,0.0,601.0,0.0,11,0,0,0,2,0,0,68.9538,8.45,95.8,0.0,307.0,0.0,1377.0
1709,37,48.0,0.0,0.0,601.0,0.0,10,0,2,0,1,0,0,68.6462,8.1,95.45,0.0,307.0,2.0,1379.0
1710,37,48.0,0.0,0.0,601.0,0.0,11,0,1,0,1,0,0,68.3385,7.75,95.1,1.0,308.0,2.0,1381.0
1711,38,49.0,1.0,0.0,601.0,0.0,11,0,0,0,2,0,0,67.9654,7.4,94.75,0.0,308.0,0.0,1381.0
1712,38,49.0,0.0,0.0,601.0,0.0,11,0,0,0,2,0,0,67.5923,7.05,94.4,0.0,308.0,0.0,1381.0
1713,38,49.0,0.0,0.0,601.0,0.0,11,0,0,1,1,0,0,67.2077,6.7,94.05,0.0,308.0,0.0,1381.0
1714,38,49.0,0.0,0.0,601.0,0.0,11,0,0,1,1,0,0,67.5677,7.25,93.7,0.0,308.0,0.0,1381.0
1715,40,51.0,2.0,0.0,601.0,0.0,11,0,0,1,1,0,0,67.9277,6.9,93.35,0.0,308.0,0.0,1381.0
1716,40,50.0,0.0,1.0,602.0,0.0,9,1,1,1,1,0,0,68.3146,6.55,93.35,0.0,308.0,1.0,1382.0
1717,40,51.0,1.0,0.0,602.0,0.0,10,0,1,1,1,0,0,68.7131,6.2,93.0,0.0,308.0,1.0,1383.0
1718,40,51.0,0.0,0.0,602.0,0.0,10,0,1,1,1,0,0,69.1,5.85,92.65,0.0,308.0,1.0,1384.0
1719,40,50.0,0.0,1.0,603.0,0.0,8,1,2,1,1,0,0,69.5023,5.5,92.3,0.0,308.0,2.0,1386.0
1720,39,49.0,0.0,1.0,604.0,0.0,9,1,1,1,1,0,0,69.9162,5.15,91.95,1.0,309.0,2.0,1388.0
1721,38,49.0,0.0,0.0,604.0,0.0,10,0,1,1,1,0,0,70.3146,4.8,91.6,0.0,309.0,1.0,1389.0
1722,38,49.0,0.0,0.0,604.0,0.0,8,0,3,1,1,0,0,70.7823,4.45,91.25,0.0,309.0,3.0,1392.0
1723,39,51.0,2.0,0.0,604.0,0.0,10,0,2,0,1,0,0,71.1846,4.1,99.65,1.0,310.0,3.0,1395.0
1724,39,51.0,0.0,0.0,604.0,0.0,11,0,1,1,0,0,0,70.8154,3.75,99.3,0.0,310.0,1.0,1396.0
1725,40,52.0,1.0,0.0,604.0,0.0,11,0,1,1,0,0,0,71.2288,13.375,98.95,0.0,310.0,1.0,1397.0
1726,40,52.0,0.0,0.0,604.0,0.0,11,0,1,1,0,0,0,71.6154,23.0,98.6,0.0,310.0,1.0,1398.0
1727,40,52.0,0.0,0.0,604.0,0.0,12,0,0,1,0,0,0,71.9635,32.625,98.25,0.0,310.0,0.0,1398.0
1728,40,51.0,0.0,1.0,605.0,0.0,10,1,1,1,0,0,0,72.3385,35.35,97.9,0.0,310.0,1.0,1399.0
1729,39,51.0,0.0,0.0,605.0,0.0,12,0,0,1,0,0,0,72.6865,34.85,97.55,0.0,310.0,0.0,1399.0
1730,39,51.0,0.0,0.0,605.0,0.0,12,0,0,1,0,0,0,73.0346,34.35,97.2,0.0,310.0,0.0,1399.0
1731,41,53.0,2.0,0.0,605.0,0.0,10,0,2,1,0,0,0,73.4481,33.85,96.85,0.0,310.0,2.0,1401.0
1732,41,53.0,0.0,0.0,605.0,0.0,11,0,1,1,0,0,0,73.8615,33.35,96.5,1.0,311.0,2.0,1403.0
1733,41,51.0,0.0,2.0,607.0,0.0,10,2,0,1,0,0,0,74.2096,32.85,96.15,0.0,311.0,0.0,1403.0
1734,38,51.0,0.0,0.0,607.0,0.0,11,0,2,0,0,0,0,74.6077,32.5,99.65,0.0,311.0,2.0,1405.0
1735,40,52.0,2.0,1.0,608.0,0.0,11,1,1,0,0,0,0,74.2654,32.15,99.3,1.0,312.0,2.0,1407.0
1736,39,52.0,0.0,0.0,608.0,0.0,13,0,0,0,0,0,0,73.8577,31.8,98.95,0.0,312.0,0.0,1407.0
1737,39,51.0,0.0,1.0,609.0,0.0,11,1,1,0,0,0,0,73.5269,31.45,98.6,0.0,312.0,1.0,1408.0
1738,38,50.0,0.0,1.0,610.0,0.0,12,1,0,0,0,0,0,73.1308,31.1,98.25,0.0,312.0,0.0,1408.0
1739,38,51.0,1.0,0.0,610.0,0.0,12,0,1,0,0,0,0,72.7731,30.75,97.9,0.0,312.0,1.0,1409.0
1740,38,51.0,0.0,0.0,610.0,0.0,13,0,0,0,0,0,0,72.3885,30.4,97.55,0.0,312.0,0.0,1409.0
1741,38,51.0,0.0,0.0,610.0,0.0,10,0,3,0,0,0,0,72.1077,30.05,97.2,0.0,312.0,3.0,1412.0
1742,38,50.0,0.0,1.0,611.0,0.0,10,1,2,0,0,0,0,71.8808,29.7,96.85,3.0,315.0,5.0,1417.0
1743,37,50.0,0.0,0.0,611.0,0.0,13,0,0,0,0,0,0,71.4962,29.35,96.5,0.0,315.0,0.0,1417.0
1744,37,50.0,0.0,0.0,611.0,0.0,13,0,0,0,0,0,0,71.1,29.0,96.15,0.0,315.0,0.0,1417.0
1745,39,52.0,2.0,0.0,611.0,0.0,13,0,0,0,0,0,0,70.7038,28.65,95.8,0.0,315.0,0.0,1417.0
1746,39,52.0,0.0,0.0,611.0,0.0,12,0,1,0,0,0,0,70.3231,28.15,95.45,0.0,315.0,1.0,1418.0
1747,41,54.0,2.0,0.0,611.0,0.0,11,0,2,0,0,0,0,69.9462,27.65,95.45,0.0,315.0,2.0,1420.0
1748,41,54.0,0.0,0.0,611.0,0.0,9,0,4,0,0,0,0,69.6615,27.15,95.1,1.0,316.0,5.0,1425.0
1749,41,54.0,0.0,0.0,611.0,0.0,12,0,1,0,0,0,0,69.3,26.65,94.6,2.0,318.0,3.0,1428.0
1750,41,53.0,0.0,1.0,612.0,0.0,12,1,0,0,0,0,0,68.8462,26.15,94.1,0.0,318.0,0.0,1428.0
1751,40,52.0,0.0,1.0,613.0,0.0,11,1,1,0,0,0,0,68.4423,25.65,93.6,0.0,318.0,1.0,1429.0
1752,39,52.0,0.0,0.0,613.0,0.0,8,0,5,0,0,0,0,68.2192,25.15,93.25,1.0,319.0,6.0,1435.0
1753,39,52.0,0.0,0.0,613.0,0.0,11,0,2,0,0,0,0,67.8808,24.65,92.9,1.0,320.0,3.0,1438.0
1754,39,51.0,0.0,1.0,614.0,0.0,11,1,1,0,0,0,0,67.4654,24.15,92.55,0.0,320.0,1.0,1439.0
1755,40,53.0,2.0,0.0,614.0,0.0,11,0,2,0,0,0,0,67.0769,23.8,92.2,0.0,320.0,2.0,1441.0
1756,40,52.0,0.0,1.0,615.0,0.0,9,1,3,0,0,0,0,66.7654,23.45,91.85,1.0,321.0,4.0,1445.0
1757,39,50.0,0.0,2.0,617.0,0.0,10,2,1,0,0,0,0,66.4115,23.1,91.5,1.0,322.0,2.0,1447.0
1758,37,50.0,0.0,0.0,617.0,0.0,13,0,0,0,0,0,0,65.9923,22.75,91.15,0.0,322.0,0.0,1447.0
1759,39,52.0,2.0,0.0,617.0,0.0,13,0,0,0,0,0,0,65.5731,22.4,90.8,0.0,322.0,0.0,1447.0
1760,39,52.0,0.0,0.0,617.0,0.0,13,0,0,0,0,0,0,65.1538,22.05,90.45,0.0,322.0,0.0,1447.0
1761,39,52.0,0.0,0.0,617.0,0.0,13,0,0,0,0,0,0,64.7346,21.7,90.1,0.0,322.0,0.0,1447.0
1762,39,52.0,0.0,0.0,617.0,0.0,13,0,0,0,0,0,0,64.3154,21.35,89.75,0.0,322.0,0.0,1447.0
1763,40,52.0,1.0,1.0,618.0,0.0,10,1,2,0,0,0,0,63.95,20.85,89.75,0.0,322.0,2.0,1449.0
1764,39,50.0,0.0,2.0,620.0,0.0,9,2,2,0,0,0,0,63.5962,20.35,89.4,0.0,322.0,2.0,1451.0
1765,38,51.0,1.0,0.0,620.0,0.0,11,0,2,0,0,0,0,63.2808,19.85,89.05,1.0,323.0,3.0,1454.0
1766,38,51.0,0.0,0.0,620.0,0.0,11,0,2,0,0,0,0,62.9385,19.35,88.55,0.0,323.0,2.0,1456.0
1767,38,51.0,0.0,0.0,620.0,0.0,12,0,1,0,0,0,0,62.5962,18.85,88.05,1.0,324.0,2.0,1458.0
1768,38,51.0,0.0,0.0,620.0,0.0,12,0,1,0,0,0,0,62.2038,18.35,87.55,0.0,324.0,1.0,1459.0
1769,38,51.0,0.0,0.0,620.0,0.0,11,0,2,0,0,0,0,61.8385,17.85,87.05,0.0,324.0,2.0,1461.0
1770,38,51.0,0.0,0.0,620.0,0.0,11,0,2,0,0,0,0,61.5,17.35,86.55,1.0,325.0,3.0,1464.0
1771,40,52.0,2.0,1.0,621.0,0.0,12,1,0,0,0,0,0,61.0692,16.85,86.05,0.0,325.0,0.0,1464.0
1772,39,52.0,0.0,0.0,621.0,0.0,11,0,2,0,0,0,0,60.7154,16.5,85.55,0.0,325.0,2.0,1466.0
1773,40,52.0,1.0,1.0,622.0,0.0,12,1,0,0,0,0,0,60.2962,16.15,85.05,0.0,325.0,0.0,1466.0
1774,39,50.0,0.0,2.0,624.0,0.0,11,2,0,0,0,0,0,59.8769,15.8,84.55,0.0,325.0,0.0,1466.0
1775,38,51.0,1.0,0.0,624.0,0.0,10,0,3,0,0,0,0,59.55,15.45,84.05,0.0,325.0,3.0,1469.0
1776,38,51.0,0.0,0.0,624.0,0.0,12,0,1,0,0,0,0,59.1846,15.1,83.55,1.0,326.0,2.0,1471.0
1777,38,51.0,0.0,0.0,624.0,0.0,12,0,0,0,1,0,0,58.7654,14.75,83.05,0.0,326.0,0.0,1471.0
1778,38,51.0,0.0,0.0,624.0,0.0,12,0,0,0,1,0,0,58.3346,14.4,82.55,0.0,326.0,0.0,1471.0
1779,39,52.0,1.0,0.0,624.0,0.0,12,0,0,0,1,0,0,57.8923,14.05,82.05,0.0,326.0,0.0,1471.0
1780,39,49.0,0.0,3.0,627.0,0.0,9,3,0,0,1,0,0,57.45,13.7,81.55,0.0,326.0,0.0,1471.0
1781,37,47.0,0.0,2.0,629.0,0.0,10,2,0,0,1,0,0,57.0423,13.35,81.2,0.0,326.0,0.0,1471.0
1782,35,47.0,0.0,0.0,629.0,0.0,11,0,1,0,1,0,0,56.6846,13.0,80.85,0.0,326.0,1.0,1472.0
1783,36,47.0,1.0,1.0,630.0,0.0,10,1,1,0,1,0,0,56.3654,12.65,80.5,1.0,327.0,2.0,1474.0
1784,35,47.0,0.0,0.0,630.0,0.0,12,0,0,0,1,0,0,55.9808,12.3,80.15,0.0,327.0,0.0,1474.0
1785,36,47.0,1.0,1.0,631.0,0.0,10,1,1,0,1,0,0,55.6346,11.95,79.8,0.0,327.0,1.0,1475.0
1786,35,47.0,0.0,0.0,631.0,0.0,12,0,0,0,1,0,0,55.2615,11.6,79.45,0.0,327.0,0.0,1475.0
1787,37,49.0,2.0,0.0,631.0,0.0,12,0,0,0,1,0,0,54.8654,11.25,79.1,0.0,327.0,0.0,1475.0
1788,37,48.0,0.0,1.0,632.0,0.0,9,1,2,0,1,0,0,54.5231,10.9,78.75,0.0,327.0,2.0,1477.0
1789,36,48.0,0.0,0.0,632.0,0.0,11,0,1,0,1,0,0,54.1923,10.55,78.4,1.0,328.0,2.0,1479.0
1790,36,48.0,0.0,0.0,632.0,0.0,12,0,0,0,1,0,0,53.8077,10.2,78.05,0.0,328.0,0.0,1479.0
1791,36,48.0,0.0,0.0,632.0,0.0,10,0,2,0,1,0,0,53.4769,9.85,77.7,0.0,328.0,2.0,1481.0
1792,36,48.0,0.0,0.0,632.0,0.0,10,0,2,1,0,0,0,53.1462,9.5,77.35,0.0,328.0,2.0,1483.0
1793,36,48.0,0.0,0.0,632.0,0.0,11,0,1,1,0,0,0,53.5385,18.55,77.0,1.0,329.0,2.0,1485.0
1794,36,48.0,0.0,0.0,632.0,0.0,12,0,0,1,0,0,0,53.8654,27.6,76.65,0.0,329.0,0.0,1485.0
1795,39,50.0,3.0,1.0,633.0,0.0,11,1,0,1,0,0,0,54.1923,36.05,76.3,0.0,329.0,0.0,1485.0
1796,38,50.0,0.0,0.0,633.0,0.0,12,0,0,1,0,0,0,54.5077,35.55,75.8,0.0,329.0,0.0,1485.0
1797,38,48.0,0.0,2.0,635.0,0.0,9,2,1,1,0,0,0,54.85,35.05,75.3,0.0,329.0,1.0,1486.0
1798,36,48.0,0.0,0.0,635.0,0.0,10,0,2,1,0,0,0,55.2423,34.55,74.8,0.0,329.0,2.0,1488.0
1799,36,48.0,0.0,0.0,635.0,0.0,10,0,2,1,0,0,0,55.6462,34.05,74.3,0.0,329.0,2.0,1490.0
1800,36,48.0,0.0,0.0,635.0,0.0,10,0,2,1,0,0,0,56.1038,33.55,81.9,2.0,331.0,4.0,1494.0
1801,37,48.0,1.0,1.0,636.0,0.0,9,1,2,1,0,0,0,56.4962,33.05,90.95,0.0,331.0,2.0,1496.0
1802,35,48.0,0.0,0.0,636.0,0.0,10,0,3,0,0,0,0,56.9154,32.7,99.65,1.0,332.0,4.0,1500.0
1803,36,49.0,1.0,0.0,636.0,0.0,13,0,0,0,0,0,0,56.5308,32.35,99.3,0.0,332.0,0.0,1500.0
1804,36,49.0,0.0,0.0,636.0,0.0,13,0,0,0,0,0,0,56.1346,32.0,98.95,0.0,332.0,0.0,1500.0
1805,37,50.0,1.0,0.0,636.0,0.0,12,0,1,0,0,0,0,55.7654,31.65,98.6,0.0,332.0,1.0,1501.0
1806,37,49.0,0.0,1.0,637.0,0.0,12,1,0,0,0,0,0,55.3577,31.3,98.25,0.0,332.0,0.0,1501.0
1807,37,50.0,1.0,0.0,637.0,0.0,13,0,0,0,0,0,0,54.9385,30.95,97.9,0.0,332.0,0.0,1501.0
1808,37,50.0,0.0,0.0,637.0,0.0,13,0,0,0,0,0,0,54.5077,30.6,97.55,0.0,332.0,0.0,1501.0
1809,37,50.0,0.0,0.0,637.0,0.0,9,0,4,0,0,0,0,54.2077,30.6,97.2,0.0,332.0,4.0,1505.0
1810,37,49.0,0.0,1.0,638.0,0.0,11,1,1,0,0,0,0,53.8423,30.4,96.85,1.0,333.0,2.0,1507.0
1811,37,50.0,1.0,0.0,638.0,0.0,13,0,0,0,0,0,0,53.4231,29.9,96.5,0.0,333.0,0.0,1507.0
1812,37,50.0,0.0,0.0,638.0,0.0,13,0,0,0,0,0,0,53.0038,29.4,96.15,0.0,333.0,0.0,1507.0
1813,37,50.0,0.0,0.0,638.0,0.0,13,0,0,0,0,0,0,52.5846,28.9,95.8,0.0,333.0,0.0,1507.0
1814,37,48.0,0.0,2.0,640.0,0.0,11,2,0,0,0,0,0,52.1654,28.4,95.45,0.0,333.0,0.0,1507.0
1815,37,49.0,2.0,1.0,641.0,0.0,11,1,1,0,0,0,0,51.7731,27.9,94.95,0.0,333.0,1.0,1508.0
1816,36,49.0,0.0,0.0,641.0,0.0,13,0,0,0,0,0,0,51.3654,27.55,94.45,0.0,333.0,0.0,1508.0
1817,36,48.0,0.0,1.0,642.0,0.0,12,1,0,0,0,0,0,50.9577,27.2,93.95,0.0,333.0,0.0,1508.0
1818,35,48.0,0.0,0.0,642.0,0.0,13,0,0,0,0,0,0,50.5615,26.85,93.6,0.0,333.0,0.0,1508.0
1819,37,50.0,2.0,0.0,642.0,0.0,12,0,1,0,0,0,0,50.1808,26.5,93.25,0.0,333.0,1.0,1509.0
1820,37,49.0,0.0,1.0,643.0,0.0,11,1,1,0,0,0,0,49.7885,26.15,92.9,0.0,333.0,1.0,1510.0
1821,36,49.0,0.0,0.0,643.0,0.0,12,0,1,0,0,0,0,49.4346,25.7,92.55,1.0,334.0,2.0,1512.0
1822,36,48.0,0.0,1.0,644.0,0.0,10,1,2,0,0,0,0,49.0808,25.2,92.2,0.0,334.0,2.0,1514.0
1823,35,48.0,0.0,0.0,644.0,0.0,11,0,2,0,0,0,0,48.7654,24.7,91.85,0.0,334.0,2.0,1516.0
1824,35,48.0,0.0,0.0,644.0,0.0,13,0,0,0,0,0,0,48.3731,24.2,91.5,1.0,335.0,1.0,1517.0
1825,36,49.0,1.0,0.0,644.0,0.0,13,0,0,0,0,0,0,47.9538,23.7,91.15,0.0,335.0,0.0,1517.0
1826,36,48.0,0.0,1.0,645.0,0.0,11,1,1,0,0,0,0,47.5731,23.2,90.8,0.0,335.0,1.0,1518.0
1827,36,49.0,1.0,0.0,645.0,0.0,11,0,2,0,0,0,0,47.2577,23.2,90.45,1.0,336.0,3.0,1521.0
1828,36,49.0,0.0,0.0,645.0,0.0,11,0,2,0,0,0,0,46.9154,23.2,90.1,0.0,336.0,2.0,1523.0
1829,37,50.0,1.0,0.0,645.0,0.0,10,0,3,0,0,0,0,46.6269,23.2,89.75,1.0,337.0,4.0,1527.0
1830,37,50.0,0.0,0.0,645.0,0.0,13,0,0,0,0,0,0,46.2077,22.85,89.4,0.0,337.0,0.0,1527.0
1831,38,51.0,1.0,0.0,645.0,0.0,12,0,1,0,0,0,0,45.8269,22.5,89.05,0.0,337.0,1.0,1528.0
1832,38,50.0,0.0,1.0,646.0,0.0,11,1,1,0,0,0,0,45.4115,22.15,88.7,0.0,337.0,1.0,1529.0
1833,37,50.0,0.0,0.0,646.0,0.0,11,0,2,0,0,0,0,45.0577,21.8,88.35,0.0,337.0,2.0,1531.0
1834,37,50.0,0.0,0.0,646.0,0.0,10,0,3,0,0,0,0,44.7692,21.45,88.35,1.0,338.0,4.0,1535.0
1835,39,52.0,2.0,0.0,646.0,0.0,12,0,1,0,0,0,0,44.4038,21.1,88.35,1.0,339.0,2.0,1537.0
1836,39,52.0,0.0,0.0,646.0,0.0,13,0,0,0,0,0,0,43.9731,20.75,88.0,0.0,339.0,0.0,1537.0
1837,39,52.0,0.0,0.0,646.0,0.0,13,0,0,0,0,0,0,43.5423,20.4,87.65,0.0,339.0,0.0,1537.0
1838,39,51.0,0.0,1.0,647.0,0.0,12,1,0,0,0,0,0,43.1,20.05,87.3,0.0,339.0,0.0,1537.0
1839,38,50.0,0.0,1.0,648.0,0.0,11,1,1,0,0,0,0,42.7077,19.7,86.95,0.0,339.0,1.0,1538.0
1840,37,50.0,0.0,0.0,648.0,0.0,12,0,1,0,0,0,0,42.3269,19.35,86.6,0.0,339.0,1.0,1539.0
1841,37,50.0,0.0,0.0,648.0,0.0,11,0,2,0,0,0,0,42.0,19.0,86.1,1.0,340.0,3.0,1542.0
1842,37,49.0,0.0,1.0,649.0,0.0,11,1,1,0,0,0,0,41.6231,18.65,85.6,1.0,341.0,2.0,1544.0
1843,39,52.0,3.0,0.0,649.0,0.0,12,0,1,0,0,0,0,41.2308,18.3,85.1,0.0,341.0,1.0,1545.0
1844,39,52.0,0.0,0.0,649.0,0.0,10,0,3,0,0,0,0,40.9038,17.95,84.6,0.0,341.0,3.0,1548.0
1845,40,53.0,1.0,0.0,649.0,0.0,11,0,2,0,0,0,0,40.5885,17.6,84.1,1.0,342.0,3.0,1551.0
1846,40,53.0,0.0,0.0,649.0,0.0,12,0,1,0,0,0,0,40.2346,17.25,83.6,1.0,343.0,2.0,1553.0
1847,40,53.0,0.0,0.0,649.0,0.0,13,0,0,0,0,0,0,39.7923,16.9,83.1,0.0,343.0,0.0,1553.0
1848,40,51.0,0.0,2.0,651.0,0.0,10,2,1,0,0,0,0,39.3769,16.55,82.6,0.0,343.0,1.0,1554.0
1849,38,51.0,0.0,0.0,651.0,0.0,11,0,2,0,0,0,0,39.0,16.05,82.25,0.0,343.0,2.0,1556.0
1850,38,51.0,0.0,0.0,651.0,0.0,12,0,1,0,0,0,0,38.6231,15.55,81.9,1.0,344.0,2.0,1558.0
1851,39,52.0,1.0,0.0,651.0,0.0,13,0,0,0,0,0,0,38.1923,15.05,81.55,0.0,344.0,0.0,1558.0
1852,39,52.0,0.0,0.0,651.0,0.0,11,0,1,0,1,0,0,37.8154,14.55,81.2,0.0,344.0,1.0,1559.0
1853,39,52.0,0.0,0.0,651.0,0.0,11,0,0,0,2,0,0,37.4115,14.2,80.85,1.0,345.0,1.0,1560.0
1854,39,50.0,0.0,2.0,653.0,0.0,7,2,2,0,2,0,0,37.0577,13.85,80.5,0.0,345.0,2.0,1562.0
1855,40,51.0,2.0,1.0,654.0,0.0,8,1,2,0,2,0,0,36.7654,13.5,80.15,1.0,346.0,3.0,1565.0
1856,40,51.0,0.0,0.0,654.0,0.0,11,0,0,0,2,0,0,36.4077,13.15,79.8,1.0,347.0,1.0,1566.0
1857,41,51.0,1.0,1.0,655.0,0.0,10,1,0,0,2,0,0,36.0,12.8,79.45,0.0,347.0,0.0,1566.0
1858,40,51.0,0.0,0.0,655.0,0.0,11,0,1,0,1,0,0,35.6308,12.45,79.1,0.0,347.0,1.0,1567.0
1859,41,51.0,1.0,1.0,656.0,0.0,9,1,1,0,2,0,0,35.25,12.1,79.1,0.0,347.0,1.0,1568.0
1860,41,51.0,0.0,0.0,656.0,0.0,9,1,1,0,2,0,0,34.9346,11.75,79.1,1.0,348.0,2.0,1570.0
1861,41,51.0,0.0,0.0,656.0,0.0,10,1,0,0,2,0,0,34.5654,11.4,78.75,0.0,348.0,0.0,1570.0
1862,41,49.0,0.0,2.0,658.0,0.0,8,3,0,0,2,0,0,34.1962,11.05,78.4,0.0,348.0,0.0,1570.0
1863,38,49.0,0.0,0.0,658.0,0.0,11,0,0,0,2,0,0,33.8115,10.7,78.05,0.0,348.0,0.0,1570.0
1864,38,49.0,0.0,0.0,658.0,0.0,8,0,3,0,2,0,0,33.5192,10.35,77.7,0.0,348.0,3.0,1573.0
1865,39,49.0,1.0,1.0,659.0,0.0,9,1,1,0,2,0,0,33.15,10.0,77.2,0.0,348.0,1.0,1574.0
1866,38,49.0,0.0,0.0,659.0,0.0,10,0,1,0,2,0,0,32.7808,9.65,76.7,0.0,348.0,1.0,1575.0
1867,40,51.0,2.0,0.0,659.0,0.0,10,0,1,0,2,0,0,32.4231,9.3,76.2,0.0,348.0,1.0,1576.0
1868,40,50.0,0.0,1.0,660.0,0.0,8,1,2,1,1,0,0,32.1077,8.95,75.7,1.0,349.0,3.0,1579.0
1869,39,49.0,0.0,1.0,661.0,0.0,8,1,2,1,1,0,0,32.4927,9.55,75.2,0.0,349.0,2.0,1581.0
1870,38,49.0,0.0,0.0,661.0,0.0,8,0,2,1,2,0,0,32.9162,9.2,74.7,1.0,350.0,3.0,1584.0
1871,39,50.0,1.0,0.0,661.0,0.0,9,0,1,1,2,0,0,33.3127,8.85,74.2,1.0,351.0,2.0,1586.0
1872,39,50.0,0.0,0.0,661.0,0.0,9,0,1,1,2,0,0,33.6823,8.5,73.7,0.0,351.0,1.0,1587.0
1873,39,49.0,0.0,1.0,662.0,0.0,8,1,1,1,2,0,0,34.0788,8.15,73.2,1.0,352.0,2.0,1589.0
1874,38,49.0,0.0,0.0,662.0,0.0,10,0,0,1,2,0,0,34.4331,7.8,72.85,0.0,352.0,0.0,1589.0
1875,40,51.0,2.0,0.0,662.0,0.0,9,0,1,1,2,0,0,34.8027,7.45,72.685,0.0,352.0,1.0,1590.0
1876,40,51.0,0.0,0.0,662.0,0.0,6,0,4,1,2,0,0,35.2646,7.1,81.79,0.0,352.0,4.0,1594.0
1877,40,50.0,0.0,1.0,663.0,0.0,7,1,2,1,2,0,0,35.7265,6.75,90.895,2.0,354.0,4.0,1598.0
1878,39,50.0,0.0,0.0,663.0,0.0,11,0,0,0,2,0,0,36.0423,6.4,99.65,0.0,354.0,0.0,1598.0
1879,40,51.0,1.0,0.0,663.0,0.0,11,0,0,0,2,0,0,35.6577,6.05,99.3,0.0,354.0,0.0,1598.0
1880,40,51.0,0.0,0.0,663.0,0.0,8,0,3,0,2,0,0,35.3769,5.7,98.95,0.0,354.0,3.0,1601.0
1881,40,50.0,0.0,1.0,664.0,0.0,9,1,1,0,2,0,0,35.0346,5.35,98.6,1.0,355.0,2.0,1603.0
1882,39,50.0,0.0,0.0,664.0,0.0,11,0,0,0,2,0,0,34.6385,5.0,98.25,0.0,355.0,0.0,1603.0
1883,40,50.0,1.0,1.0,665.0,0.0,10,1,0,0,2,0,0,34.2423,4.65,97.9,0.0,355.0,0.0,1603.0
1884,39,50.0,0.0,0.0,665.0,0.0,11,0,0,0,2,0,0,33.8462,4.3,97.55,0.0,355.0,0.0,1603.0
1885,41,52.0,2.0,0.0,665.0,0.0,11,0,0,0,2,0,0,33.4385,3.95,97.2,0.0,355.0,0.0,1603.0
1886,41,52.0,0.0,0.0,665.0,0.0,11,0,0,0,2,0,0,33.0308,3.6,96.85,0.0,355.0,0.0,1603.0
1887,41,52.0,0.0,0.0,665.0,0.0,11,0,0,1,1,0,0,32.6115,3.25,96.5,0.0,355.0,0.0,1603.0
1888,41,51.0,0.0,1.0,666.0,0.0,10,1,0,1,1,0,0,32.9635,8.55,96.15,0.0,355.0,0.0,1603.0
1889,40,50.0,0.0,1.0,667.0,0.0,8,1,2,1,1,0,0,33.3808,8.2,95.8,0.0,355.0,2.0,1605.0
1890,39,50.0,0.0,0.0,667.0,0.0,8,0,3,1,1,0,0,33.875,7.85,95.45,1.0,356.0,4.0,1609.0
1891,41,52.0,2.0,0.0,667.0,0.0,9,0,2,2,0,0,0,34.3538,7.5,95.1,1.0,357.0,3.0,1612.0
1892,41,52.0,0.0,0.0,667.0,0.0,11,0,0,2,0,0,0,35.4673,16.75,94.75,0.0,357.0,0.0,1612.0
1893,41,51.0,0.0,1.0,668.0,0.0,9,1,1,2,0,0,0,36.6077,16.9,94.4,0.0,357.0,1.0,1613.0
1894,40,51.0,0.0,0.0,668.0,0.0,11,0,0,2,0,0,0,37.7327,16.55,94.05,0.0,357.0,0.0,1613.0
1895,41,52.0,1.0,0.0,668.0,0.0,11,0,0,2,0,0,0,38.8577,16.2,93.7,0.0,357.0,0.0,1613.0
1896,41,52.0,0.0,0.0,668.0,0.0,11,0,0,2,0,0,0,39.9712,15.7,93.35,0.0,357.0,0.0,1613.0
1897,40,52.0,0.0,0.0,668.0,0.0,11,0,1,1,0,0,0,41.0846,15.2,99.65,0.0,357.0,1.0,1614.0
1898,40,52.0,0.0,0.0,668.0,0.0,11,0,0,1,1,0,0,41.4269,14.7,99.3,0.0,357.0,0.0,1614.0
1899,42,54.0,2.0,0.0,668.0,0.0,10,0,1,1,1,0,0,41.8192,14.35,98.95,0.0,357.0,1.0,1615.0
1900,42,54.0,0.0,0.0,668.0,0.0,10,0,0,1,2,0,0,42.1615,14.0,98.6,0.0,357.0,0.0,1615.0
1901,42,54.0,0.0,0.0,668.0,0.0,9,0,1,0,3,0,0,42.5038,13.65,99.65,0.0,357.0,1.0,1616.0
1902,42,53.0,0.0,1.0,669.0,0.0,9,1,0,0,3,0,0,42.1192,13.3,99.3,0.0,357.0,0.0,1616.0
1903,42,54.0,1.0,0.0,669.0,0.0,8,0,2,0,3,0,0,41.8,12.95,98.95,0.0,357.0,2.0,1618.0
1904,42,54.0,0.0,0.0,669.0,0.0,8,0,1,0,4,0,0,41.4577,12.6,98.6,1.0,358.0,2.0,1620.0
1905,43,55.0,1.0,0.0,669.0,0.0,9,0,0,0,4,0,0,41.0731,12.25,98.25,0.0,358.0,0.0,1620.0
1906,43,54.0,0.0,1.0,670.0,0.0,8,1,0,0,4,0,0,40.6885,11.9,97.9,0.0,358.0,0.0,1620.0
1907,44,55.0,1.0,0.0,670.0,0.0,9,0,0,0,4,0,0,40.3154,11.55,97.55,0.0,358.0,0.0,1620.0
1908,44,55.0,0.0,0.0,670.0,0.0,7,0,2,0,4,0,0,40.0077,11.2,97.2,0.0,358.0,2.0,1622.0
1909,44,55.0,0.0,0.0,670.0,0.0,8,0,1,0,4,0,0,39.6885,10.85,96.85,1.0,359.0,2.0,1624.0
1910,44,55.0,0.0,0.0,670.0,0.0,9,0,0,0,4,0,0,39.2923,10.5,96.5,0.0,359.0,0.0,1624.0
1911,44,54.0,0.0,1.0,671.0,0.0,8,1,1,0,3,0,0,38.9115,10.15,96.15,0.0,359.0,1.0,1625.0
1912,44,54.0,0.0,0.0,671.0,0.0,9,0,0,0,4,0,0,38.5154,9.8,95.8,0.0,359.0,0.0,1625.0
1913,45,55.0,1.0,0.0,671.0,0.0,8,0,1,0,4,0,0,38.1462,9.45,95.45,0.0,359.0,1.0,1626.0
1914,45,55.0,0.0,0.0,671.0,0.0,8,0,2,1,2,0,0,37.8038,9.1,95.1,0.0,359.0,2.0,1628.0
1915,48,57.0,3.0,1.0,672.0,0.0,7,1,1,1,3,0,0,38.1877,9.6,94.75,1.0,360.0,2.0,1630.0
1916,47,57.0,0.0,0.0,672.0,0.0,8,0,2,1,2,0,0,38.5946,9.25,94.4,0.0,360.0,2.0,1632.0
1917,47,57.0,0.0,0.0,672.0,0.0,9,0,0,1,3,0,0,38.9631,8.9,94.05,1.0,361.0,1.0,1633.0
1918,47,57.0,0.0,0.0,672.0,0.0,9,0,0,1,3,0,0,39.3046,8.55,93.7,0.0,361.0,0.0,1633.0
1919,47,57.0,0.0,0.0,672.0,0.0,9,0,0,1,3,0,0,39.6462,8.2,93.35,0.0,361.0,0.0,1633.0
1920,47,56.0,0.0,1.0,673.0,0.0,8,1,0,1,3,0,0,39.9877,7.85,93.0,0.0,361.0,0.0,1633.0
1921,46,54.0,0.0,2.0,675.0,0.0,6,2,1,2,2,0,0,40.3446,7.5,92.65,0.0,361.0,1.0,1634.0
1922,45,54.0,0.0,0.0,675.0,0.0,7,0,1,2,2,1,0,41.4323,7.15,92.3,0.0,361.0,1.0,1635.0
1923,46,54.0,1.0,1.0,676.0,0.0,7,1,0,3,1,1,0,42.52,6.8,91.95,0.0,361.0,0.0,1635.0
1924,46,53.0,0.0,1.0,677.0,0.0,6,2,0,2,2,1,0,44.3246,7.3,99.65,0.0,361.0,0.0,1635.0
1925,47,54.0,1.0,0.0,677.0,0.0,7,1,1,2,1,1,0,45.4954,6.95,99.3,0.0,361.0,1.0,1636.0
1926,47,54.0,0.0,0.0,677.0,0.0,7,1,0,2,2,1,0,46.6662,6.6,98.95,1.0,362.0,1.0,1637.0
1927,48,56.0,2.0,0.0,677.0,0.0,8,0,0,2,2,1,0,47.7831,6.25,98.6,0.0,362.0,0.0,1637.0
1928,48,56.0,0.0,0.0,677.0,0.0,8,0,0,2,2,1,0,48.9,5.9,98.25,0.0,362.0,0.0,1637.0
1929,48,55.0,0.0,1.0,678.0,0.0,7,1,0,2,2,1,0,50.0169,5.55,97.9,0.0,362.0,0.0,1637.0
1930,47,55.0,0.0,0.0,678.0,0.0,8,0,0,3,1,1,0,51.1223,5.2,97.55,0.0,362.0,0.0,1637.0
1931,47,56.0,1.0,0.0,678.0,0.0,9,0,0,2,2,0,0,52.9185,12.65,99.65,0.0,362.0,0.0,1637.0
1932,47,56.0,0.0,0.0,678.0,0.0,9,0,0,2,2,0,0,54.0223,12.3,99.3,0.0,362.0,0.0,1637.0
1933,46,54.0,0.0,2.0,680.0,0.0,8,2,0,1,2,0,0,55.0992,11.95,99.65,0.0,362.0,0.0,1637.0
1934,45,54.0,0.0,0.0,680.0,0.0,9,1,0,1,2,0,0,55.4977,11.6,99.3,0.0,362.0,0.0,1637.0
1935,45,55.0,1.0,0.0,680.0,0.0,10,0,0,1,2,0,0,55.8692,11.25,98.95,0.0,362.0,0.0,1637.0
1936,45,55.0,0.0,0.0,680.0,0.0,10,0,0,1,2,0,0,56.2292,10.9,98.6,0.0,362.0,0.0,1637.0
1937,45,55.0,0.0,0.0,680.0,0.0,9,0,1,1,2,0,0,56.6046,10.55,98.25,0.0,362.0,1.0,1638.0
1938,45,55.0,0.0,0.0,680.0,0.0,10,0,0,1,2,0,0,56.9415,10.2,97.9,0.0,362.0,0.0,1638.0
1939,47,56.0,2.0,1.0,681.0,0.0,8,1,0,1,3,0,0,57.2785,9.85,97.55,0.0,362.0,0.0,1638.0
1940,46,55.0,0.0,1.0,682.0,0.0,9,1,0,0,3,0,0,57.5885,9.5,99.65,0.0,362.0,0.0,1638.0
1941,46,55.0,1.0,1.0,683.0,0.0,8,1,1,0,3,0,0,57.2077,9.15,99.3,0.0,362.0,1.0,1639.0
1942,45,54.0,0.0,1.0,684.0,0.0,7,1,2,0,3,0,0,56.8769,8.8,98.95,0.0,362.0,2.0,1641.0
1943,44,54.0,0.0,0.0,684.0,0.0,9,0,2,0,2,0,0,56.5846,8.45,98.6,1.0,363.0,3.0,1644.0
1944,44,54.0,0.0,0.0,684.0,0.0,10,0,0,0,3,0,0,56.2,8.1,98.25,0.0,363.0,0.0,1644.0
1945,45,54.0,1.0,1.0,685.0,0.0,9,1,0,0,3,0,0,55.8154,7.75,97.9,0.0,363.0,0.0,1644.0
1946,44,54.0,0.0,0.0,685.0,0.0,8,0,2,0,3,0,0,55.5077,7.4,97.55,0.0,363.0,2.0,1646.0
1947,45,55.0,1.0,0.0,685.0,0.0,9,0,1,0,3,0,0,55.2,7.05,97.2,1.0,364.0,2.0,1648.0
1948,45,55.0,0.0,0.0,685.0,0.0,10,0,0,1,2,0,0,54.8269,6.7,96.85,0.0,364.0,0.0,1648.0
1949,45,55.0,0.0,0.0,685.0,0.0,10,0,0,2,1,0,0,55.1835,6.35,96.5,0.0,364.0,0.0,1648.0
1950,45,54.0,0.0,1.0,686.0,0.0,8,1,0,3,1,0,0,56.2758,11.45,96.15,0.0,364.0,0.0,1648.0
1951,46,55.0,1.0,0.0,686.0,0.0,9,0,0,3,1,0,0,58.0992,14.6,95.8,0.0,364.0,0.0,1648.0
1952,46,55.0,0.0,0.0,686.0,0.0,9,0,0,3,1,0,0,59.9227,14.25,95.45,0.0,364.0,0.0,1648.0
1953,46,55.0,0.0,0.0,686.0,0.0,9,0,0,3,1,0,0,61.7462,13.9,95.1,0.0,364.0,0.0,1648.0
1954,46,55.0,0.0,0.0,686.0,0.0,9,0,0,3,1,0,0,63.5696,13.55,94.75,0.0,364.0,0.0,1648.0
1955,49,58.0,3.0,0.0,686.0,0.0,8,0,0,3,1,1,0,65.3931,13.2,94.4,0.0,364.0,0.0,1648.0
1956,49,58.0,0.0,0.0,686.0,0.0,8,0,0,3,1,1,0,67.2435,12.85,94.05,0.0,364.0,0.0,1648.0
1957,49,58.0,0.0,0.0,686.0,0.0,8,0,0,3,1,1,0,69.0823,12.5,93.7,0.0,364.0,0.0,1648.0
1958,49,58.0,0.0,0.0,686.0,0.0,9,0,0,2,2,0,0,70.8442,12.15,99.65,0.0,364.0,0.0,1648.0
1959,48,58.0,0.0,0.0,686.0,0.0,9,0,1,1,2,0,0,71.8919,11.8,99.65,0.0,364.0,1.0,1649.0
1960,47,58.0,0.0,0.0,686.0,0.0,11,0,0,0,2,0,0,72.1654,11.45,99.65,0.0,364.0,0.0,1649.0
1961,47,56.0,0.0,2.0,688.0,0.0,9,2,0,0,2,0,0,71.7462,11.1,99.3,0.0,364.0,0.0,1649.0
1962,45,56.0,0.0,0.0,688.0,0.0,10,0,2,0,1,0,0,71.4038,11.1,98.95,0.0,364.0,2.0,1651.0
1963,47,58.0,2.0,0.0,688.0,0.0,10,0,1,0,2,0,0,71.0231,10.75,98.6,0.0,364.0,1.0,1652.0
1964,47,57.0,0.0,1.0,689.0,0.0,10,1,0,0,2,0,0,70.6154,10.4,98.25,0.0,364.0,0.0,1652.0
1965,47,57.0,1.0,1.0,690.0,0.0,10,1,0,0,2,0,0,70.2192,10.05,97.9,0.0,364.0,0.0,1652.0
1966,46,57.0,0.0,0.0,690.0,0.0,11,0,0,1,1,0,0,69.8346,9.7,97.55,0.0,364.0,0.0,1652.0
1967,46,56.0,0.0,1.0,691.0,0.0,10,1,0,1,1,0,0,70.1715,11.45,97.2,0.0,364.0,0.0,1652.0
1968,45,56.0,0.0,0.0,691.0,0.0,11,0,0,1,1,0,0,70.4969,11.1,96.85,0.0,364.0,0.0,1652.0
1969,46,57.0,1.0,0.0,691.0,0.0,11,0,0,1,1,0,0,70.8223,10.75,96.5,0.0,364.0,0.0,1652.0
1970,46,57.0,0.0,0.0,691.0,0.0,10,0,1,1,1,0,0,71.1746,10.4,96.5,0.0,364.0,1.0,1653.0
1971,47,58.0,1.0,0.0,691.0,0.0,11,0,0,1,1,0,0,71.4885,10.05,96.15,0.0,364.0,0.0,1653.0
1972,47,58.0,0.0,0.0,691.0,0.0,11,0,0,1,1,0,0,71.8023,9.7,95.8,0.0,364.0,0.0,1653.0
1973,47,56.0,0.0,2.0,693.0,0.0,9,2,0,1,1,0,0,72.1162,9.35,95.45,0.0,364.0,0.0,1653.0
1974,45,55.0,0.0,1.0,694.0,0.0,10,1,0,2,0,0,0,72.4415,9.0,95.1,0.0,364.0,0.0,1653.0
1975,46,57.0,2.0,0.0,694.0,0.0,10,0,1,2,0,0,0,73.5438,18.1,94.75,0.0,364.0,1.0,1654.0
1976,45,57.0,0.0,0.0,694.0,0.0,10,0,2,1,0,0,0,74.6462,27.2,99.65,0.0,364.0,2.0,1656.0
1977,45,56.0,0.0,1.0,695.0,0.0,9,1,2,1,0,0,0,75.0692,30.25,99.3,1.0,365.0,3.0,1659.0
1978,44,56.0,0.0,0.0,695.0,0.0,9,0,3,1,0,0,0,75.5308,29.9,98.95,1.0,366.0,4.0,1663.0
1979,45,56.0,1.0,1.0,696.0,0.0,10,1,1,1,0,0,0,75.9385,29.55,98.6,1.0,367.0,2.0,1665.0
1980,44,56.0,0.0,0.0,696.0,0.0,12,0,0,1,0,0,0,76.2808,29.2,98.25,0.0,367.0,0.0,1665.0
1981,44,56.0,0.0,0.0,696.0,0.0,11,0,1,1,0,0,0,76.65,28.85,97.9,0.0,367.0,1.0,1666.0
1982,44,56.0,0.0,0.0,696.0,0.0,12,0,0,1,0,0,0,76.9923,28.5,97.55,0.0,367.0,0.0,1666.0
1983,45,57.0,1.0,0.0,696.0,0.0,12,0,0,1,0,0,0,77.3115,28.0,97.2,0.0,367.0,0.0,1666.0
1984,44,57.0,0.0,0.0,696.0,0.0,11,0,2,0,0,0,0,77.6577,27.5,99.65,0.0,367.0,2.0,1668.0
1985,45,58.0,1.0,0.0,696.0,0.0,12,0,1,0,0,0,0,77.3038,27.0,99.3,1.0,368.0,2.0,1670.0
1986,45,58.0,0.0,0.0,696.0,0.0,12,0,1,0,0,0,0,76.9115,26.5,98.95,0.0,368.0,1.0,1671.0
1987,47,60.0,2.0,0.0,696.0,0.0,13,0,0,0,0,0,0,76.4692,26.0,98.6,0.0,368.0,0.0,1671.0
1988,47,60.0,0.0,0.0,696.0,0.0,12,0,1,0,0,0,0,76.0654,25.5,98.25,0.0,368.0,1.0,1672.0
1989,47,58.0,0.0,2.0,698.0,0.0,11,2,0,0,0,0,0,75.6115,25.0,97.9,0.0,368.0,0.0,1672.0
1990,45,58.0,0.0,0.0,698.0,0.0,11,0,2,0,0,0,0,75.2577,24.65,97.55,0.0,368.0,2.0,1674.0
1991,45,58.0,0.0,0.0,698.0,0.0,13,0,0,0,0,0,0,74.8269,24.3,97.2,0.0,368.0,0.0,1674.0
1992,45,58.0,0.0,0.0,698.0,0.0,13,0,0,0,0,0,0,74.3962,23.95,96.85,0.0,368.0,0.0,1674.0
1993,45,56.0,0.0,2.0,700.0,0.0,11,2,0,0,0,0,0,73.9654,23.6,96.5,0.0,368.0,0.0,1674.0
1994,43,56.0,0.0,0.0,700.0,0.0,13,0,0,0,0,0,0,73.5577,23.25,96.15,0.0,368.0,0.0,1674.0
1995,45,58.0,2.0,0.0,700.0,0.0,13,0,0,0,0,0,0,73.1385,22.9,95.8,0.0,368.0,0.0,1674.0
1996,45,58.0,0.0,0.0,700.0,0.0,13,0,0,0,0,0,0,72.7192,22.55,95.45,0.0,368.0,0.0,1674.0
1997,46,58.0,1.0,1.0,701.0,0.0,12,1,0,0,0,0,0,72.2885,22.2,95.1,0.0,368.0,0.0,1674.0
1998,45,58.0,0.0,0.0,701.0,0.0,13,0,0,0,0,0,0,71.8692,21.85,94.75,0.0,368.0,0.0,1674.0
1999,46,58.0,1.0,1.0,702.0,0.0,12,1,0,0,0,0,0,71.4385,21.5,94.25,0.0,368.0,0.0,1674.0
2000,45,57.0,0.0,1.0,703.0,0.0,11,1,1,0,0,0,0,71.0577,21.15,93.75,0.0,368.0,1.0,1675.0
2001,44,55.0,0.0,2.0,705.0,0.0,11,2,0,0,0,0,0,70.65,20.8,93.25,0.0,368.0,0.0,1675.0
2002,42,54.0,0.0,1.0,706.0,0.0,12,1,0,0,0,0,0,70.2538,20.45,92.9,0.0,368.0,0.0,1675.0
2003,42,55.0,1.0,0.0,706.0,0.0,13,0,0,0,0,0,0,69.8692,20.1,92.55,0.0,368.0,0.0,1675.0
2004,42,54.0,0.0,1.0,707.0,0.0,12,1,0,0,0,0,0,69.4615,19.6,92.2,0.0,368.0,0.0,1675.0
2005,42,55.0,1.0,0.0,707.0,0.0,12,0,1,0,0,0,0,69.1038,19.1,91.85,0.0,368.0,1.0,1676.0
2006,42,54.0,0.0,1.0,708.0,0.0,11,1,1,0,0,0,0,68.7731,19.1,91.5,1.0,369.0,2.0,1678.0
2007,41,54.0,0.0,0.0,708.0,0.0,13,0,0,0,0,0,0,68.3769,18.6,91.15,0.0,369.0,0.0,1678.0
2008,41,54.0,0.0,0.0,708.0,0.0,11,0,2,0,0,0,0,68.0346,18.1,90.8,0.0,369.0,2.0,1680.0
2009,41,54.0,0.0,0.0,708.0,0.0,11,0,2,0,0,0,0,67.7308,18.1,90.45,1.0,370.0,3.0,1683.0
2010,41,54.0,0.0,0.0,708.0,0.0,12,0,1,0,0,0,0,67.3385,18.1,90.1,1.0,371.0,1.0,1684.0
2011,44,57.0,3.0,0.0,708.0,0.0,13,0,0,0,0,0,0,66.9462,17.6,89.75,0.0,371.0,0.0,1684.0
2012,44,57.0,0.0,0.0,708.0,0.0,12,0,1,0,0,0,0,66.5808,17.6,89.4,0.0,371.0,1.0,1685.0
2013,44,56.0,0.0,1.0,709.0,0.0,12,1,0,0,0,0,0,66.1769,17.6,89.05,1.0,372.0,1.0,1686.0
2014,43,56.0,0.0,0.0,709.0,0.0,13,0,0,0,0,0,0,65.7462,17.1,88.7,0.0,372.0,0.0,1686.0
2015,44,57.0,1.0,0.0,709.0,0.0,11,0,2,0,0,0,0,65.3692,16.6,88.35,0.0,372.0,2.0,1688.0
2016,44,57.0,0.0,0.0,709.0,0.0,12,0,1,0,0,0,0,64.9923,16.1,88.0,1.0,373.0,2.0,1690.0
2017,44,56.0,0.0,1.0,710.0,0.0,10,1,2,0,0,0,0,64.6269,15.6,87.65,0.0,373.0,2.0,1692.0
2018,43,56.0,0.0,0.0,710.0,0.0,11,0,2,0,0,0,0,64.3154,15.1,87.3,1.0,374.0,3.0,1695.0
2019,44,56.0,1.0,1.0,711.0,0.0,10,1,2,0,0,0,0,63.9385,15.1,86.95,0.0,374.0,2.0,1697.0
2020,43,54.0,0.0,2.0,713.0,0.0,7,2,4,0,0,0,0,63.6538,15.1,86.95,1.0,375.0,5.0,1702.0
2021,41,54.0,0.0,0.0,713.0,0.0,11,0,1,0,1,0,0,63.3154,14.6,86.95,2.0,377.0,3.0,1705.0
2022,41,54.0,0.0,0.0,713.0,0.0,12,0,0,0,1,0,0,62.9077,14.25,86.6,0.0,377.0,0.0,1705.0
2023,42,55.0,1.0,0.0,713.0,0.0,12,0,0,0,1,0,0,62.5,13.9,86.25,0.0,377.0,0.0,1705.0
2024,42,54.0,0.0,1.0,714.0,0.0,11,1,0,0,1,0,0,62.0923,13.55,85.9,0.0,377.0,0.0,1705.0
2025,43,55.0,2.0,1.0,715.0,0.0,10,1,1,0,1,0,0,61.7115,13.2,85.55,0.0,377.0,1.0,1706.0
2026,42,55.0,0.0,0.0,715.0,0.0,12,0,0,0,1,0,0,61.3154,12.85,85.2,0.0,377.0,0.0,1706.0
2027,43,56.0,1.0,0.0,715.0,0.0,12,0,0,0,1,0,0,60.9192,12.5,84.85,0.0,377.0,0.0,1706.0
2028,43,56.0,0.0,0.0,715.0,0.0,12,0,0,0,1,0,0,60.5231,12.15,84.5,0.0,377.0,0.0,1706.0
2029,43,55.0,0.0,1.0,716.0,0.0,11,1,0,0,1,0,0,60.1269,11.8,84.15,0.0,377.0,0.0,1706.0
2030,43,55.0,0.0,0.0,716.0,0.0,12,0,0,0,1,0,0,59.7423,11.45,83.8,0.0,377.0,0.0,1706.0
2031,43,54.0,0.0,1.0,717.0,0.0,10,1,1,0,1,0,0,59.3846,11.1,83.45,0.0,377.0,1.0,1707.0
2032,42,54.0,0.0,0.0,717.0,0.0,12,0,0,0,1,0,0,59.0115,10.75,83.1,0.0,377.0,0.0,1707.0
2033,42,54.0,0.0,0.0,717.0,0.0,12,0,0,0,1,0,0,58.6385,10.4,82.75,0.0,377.0,0.0,1707.0
2034,42,54.0,0.0,0.0,717.0,0.0,12,0,0,0,1,0,0,58.2538,10.05,82.4,0.0,377.0,0.0,1707.0
2035,45,57.0,3.0,0.0,717.0,0.0,10,0,2,0,1,0,0,57.9115,9.7,82.4,0.0,377.0,2.0,1709.0
2036,45,57.0,0.0,0.0,717.0,0.0,9,0,3,0,1,0,0,57.6346,9.35,82.4,1.0,378.0,4.0,1713.0
2037,45,56.0,0.0,1.0,718.0,0.0,8,1,3,0,1,0,0,57.3577,9.0,82.05,1.0,379.0,4.0,1717.0
2038,44,56.0,0.0,0.0,718.0,0.0,11,0,1,0,1,0,0,57.0154,8.65,81.7,1.0,380.0,2.0,1719.0
2039,45,56.0,1.0,1.0,719.0,0.0,11,1,0,0,1,0,0,56.6192,8.3,81.35,0.0,380.0,0.0,1719.0
2040,44,56.0,0.0,0.0,719.0,0.0,12,0,0,0,1,0,0,56.2,7.95,81.0,0.0,380.0,0.0,1719.0
2041,44,56.0,0.0,0.0,719.0,0.0,10,0,2,0,1,0,0,55.8231,7.6,80.65,0.0,380.0,2.0,1721.0
2042,44,55.0,0.0,1.0,720.0,0.0,10,1,1,0,1,0,0,55.4231,7.25,80.15,1.0,381.0,2.0,1723.0
2043,44,55.0,1.0,1.0,721.0,0.0,11,1,0,0,1,0,0,54.9808,6.9,79.65,0.0,381.0,0.0,1723.0
2044,43,55.0,0.0,0.0,721.0,0.0,11,0,1,0,1,0,0,54.5769,6.55,79.15,0.0,381.0,1.0,1724.0
2045,44,55.0,1.0,1.0,722.0,0.0,11,1,0,0,1,0,0,54.1462,6.2,78.65,0.0,381.0,0.0,1724.0
2046,43,53.0,0.0,2.0,724.0,0.0,10,2,0,1,0,0,0,53.7269,5.85,78.15,0.0,381.0,0.0,1724.0
2047,42,53.0,1.0,1.0,725.0,0.0,11,1,0,1,0,0,0,54.0819,15.265,77.8,0.0,381.0,0.0,1724.0
2048,41,53.0,0.0,0.0,725.0,0.0,10,0,2,1,0,0,0,54.4908,24.68,77.45,0.0,381.0,2.0,1726.0
2049,41,53.0,0.0,0.0,725.0,0.0,9,0,3,1,0,0,0,54.965,32.4,77.1,1.0,382.0,4.0,1730.0
2050,41,53.0,0.0,0.0,725.0,0.0,11,0,1,1,0,0,0,55.3738,32.4,76.75,1.0,383.0,2.0,1732.0
2051,42,54.0,1.0,0.0,725.0,0.0,12,0,0,1,0,0,0,55.7173,32.05,76.4,0.0,383.0,0.0,1732.0
2052,42,54.0,0.0,0.0,725.0,0.0,12,0,0,1,0,0,0,56.0608,31.7,76.05,0.0,383.0,0.0,1732.0
2053,43,55.0,1.0,0.0,725.0,0.0,12,0,0,1,0,0,0,56.4042,31.35,75.7,0.0,383.0,0.0,1732.0
2054,43,55.0,0.0,0.0,725.0,0.0,12,0,0,1,0,0,0,56.7477,31.0,81.17,0.0,383.0,0.0,1732.0
2055,44,55.0,1.0,1.0,726.0,0.0,10,1,1,1,0,0,0,57.1065,30.65,90.585,0.0,383.0,1.0,1733.0
2056,42,55.0,0.0,0.0,726.0,0.0,13,0,0,0,0,0,0,57.4115,30.3,99.65,0.0,383.0,0.0,1733.0
2057,42,53.0,0.0,2.0,728.0,0.0,10,2,1,0,0,0,0,57.0192,30.3,99.3,0.0,383.0,1.0,1734.0
2058,40,53.0,0.0,0.0,728.0,0.0,13,0,0,0,0,0,0,56.6231,29.95,98.95,0.0,383.0,0.0,1734.0
2059,42,55.0,2.0,0.0,728.0,0.0,13,0,0,0,0,0,0,56.2269,29.6,98.6,0.0,383.0,0.0,1734.0
2060,42,54.0,0.0,1.0,729.0,0.0,11,1,1,0,0,0,0,55.8462,29.25,98.25,0.0,383.0,1.0,1735.0
2061,41,54.0,0.0,0.0,729.0,0.0,11,0,2,0,0,0,0,55.5154,28.9,97.9,0.0,383.0,2.0,1737.0
2062,41,54.0,0.0,0.0,729.0,0.0,11,0,2,0,0,0,0,55.2115,28.55,97.55,1.0,384.0,3.0,1740.0
2063,41,53.0,0.0,1.0,730.0,0.0,12,1,0,0,0,0,0,54.8308,28.2,97.2,1.0,385.0,1.0,1741.0
2064,40,52.0,0.0,1.0,731.0,0.0,12,1,0,0,0,0,0,54.4346,27.85,96.85,0.0,385.0,0.0,1741.0
2065,40,53.0,1.0,0.0,731.0,0.0,13,0,0,0,0,0,0,54.0385,27.35,96.5,0.0,385.0,0.0,1741.0
2066,40,53.0,0.0,0.0,731.0,0.0,13,0,0,0,0,0,0,53.6308,26.85,96.15,0.0,385.0,0.0,1741.0
2067,42,55.0,2.0,0.0,731.0,0.0,12,0,1,0,0,0,0,53.25,26.35,95.8,0.0,385.0,1.0,1742.0
2068,42,55.0,0.0,0.0,731.0,0.0,9,0,4,0,0,0,0,53.0115,26.35,95.45,1.0,386.0,5.0,1747.0
2069,42,55.0,0.0,0.0,731.0,0.0,11,0,2,0,0,0,0,52.6962,25.85,94.95,1.0,387.0,3.0,1750.0
2070,42,55.0,0.0,0.0,731.0,0.0,12,0,1,0,0,0,0,52.3154,25.85,94.45,0.0,387.0,1.0,1751.0
2071,43,55.0,1.0,1.0,732.0,0.0,12,1,0,0,0,0,0,51.8962,25.35,93.95,0.0,387.0,0.0,1751.0
2072,42,54.0,0.0,1.0,733.0,0.0,10,1,2,0,0,0,0,51.5423,24.85,93.6,0.0,387.0,2.0,1753.0
2073,41,53.0,0.0,1.0,734.0,0.0,10,1,2,0,0,0,0,51.2269,24.35,93.25,1.0,388.0,3.0,1756.0
2074,40,53.0,0.0,0.0,734.0,0.0,13,0,0,0,0,0,0,50.8308,23.85,92.9,0.0,388.0,0.0,1756.0
2075,42,55.0,2.0,0.0,734.0,0.0,13,0,0,0,0,0,0,50.4115,23.35,92.4,0.0,388.0,0.0,1756.0
2076,42,55.0,0.0,0.0,734.0,0.0,11,0,2,0,0,0,0,50.0462,23.35,91.9,0.0,388.0,2.0,1758.0
2077,42,54.0,0.0,1.0,735.0,0.0,9,1,3,0,0,0,0,49.7077,22.85,91.4,0.0,388.0,3.0,1761.0
2078,41,54.0,0.0,0.0,735.0,0.0,11,0,2,0,0,0,0,49.4077,22.35,91.05,2.0,390.0,4.0,1765.0
2079,41,52.0,0.0,2.0,737.0,0.0,11,2,0,0,0,0,0,48.9769,21.85,90.7,0.0,390.0,0.0,1765.0
2080,39,51.0,0.0,1.0,738.0,0.0,11,1,1,0,0,0,0,48.5962,21.35,90.35,0.0,390.0,1.0,1766.0
2081,39,51.0,1.0,1.0,739.0,0.0,12,1,0,0,0,0,0,48.2,20.85,90.0,0.0,390.0,0.0,1766.0
2082,38,51.0,0.0,0.0,739.0,0.0,13,0,0,0,0,0,0,47.8038,20.35,89.65,0.0,390.0,0.0,1766.0
2083,40,52.0,2.0,1.0,740.0,0.0,12,1,0,0,0,0,0,47.3962,19.85,89.3,0.0,390.0,0.0,1766.0
2084,39,52.0,0.0,0.0,740.0,0.0,12,0,1,0,0,0,0,47.0385,19.5,88.95,0.0,390.0,1.0,1767.0
2085,40,53.0,1.0,0.0,740.0,0.0,12,0,1,0,0,0,0,46.6692,19.15,88.6,0.0,390.0,1.0,1768.0
2086,40,53.0,0.0,0.0,740.0,0.0,13,0,0,0,0,0,0,46.2615,18.8,88.25,0.0,390.0,0.0,1768.0
2087,40,53.0,0.0,0.0,740.0,0.0,12,0,1,0,0,0,0,45.8923,18.45,87.9,0.0,390.0,1.0,1769.0
2088,40,53.0,0.0,0.0,740.0,0.0,13,0,0,0,0,0,0,45.4846,18.1,87.55,0.0,390.0,0.0,1769.0
2089,40,52.0,0.0,1.0,741.0,0.0,12,1,0,0,0,0,0,45.0769,17.75,87.2,0.0,390.0,0.0,1769.0
2090,39,52.0,0.0,0.0,741.0,0.0,13,0,0,0,0,0,0,44.6692,17.4,86.85,0.0,390.0,0.0,1769.0
2091,40,52.0,1.0,1.0,742.0,0.0,12,1,0,0,0,0,0,44.25,17.05,86.5,0.0,390.0,0.0,1769.0
2092,39,52.0,0.0,0.0,742.0,0.0,12,0,1,0,0,0,0,43.8692,16.7,86.15,0.0,390.0,1.0,1770.0
2093,39,51.0,0.0,1.0,743.0,0.0,10,1,2,0,0,0,0,43.5538,16.35,85.8,1.0,391.0,3.0,1773.0
2094,38,51.0,0.0,0.0,743.0,0.0,12,0,1,0,0,0,0,43.2231,16.0,85.45,1.0,392.0,2.0,1775.0
2095,41,54.0,3.0,0.0,743.0,0.0,13,0,0,0,0,0,0,42.8154,15.65,85.1,0.0,392.0,0.0,1775.0
2096,41,53.0,0.0,1.0,744.0,0.0,11,1,1,0,0,0,0,42.4462,15.3,84.75,0.0,392.0,1.0,1776.0
2097,40,52.0,0.0,1.0,745.0,0.0,8,1,3,0,1,0,0,42.1538,14.95,84.4,0.0,392.0,3.0,1779.0
2098,40,51.0,0.0,1.0,746.0,0.0,8,1,3,0,1,0,0,41.9269,14.6,84.05,2.0,394.0,5.0,1784.0
2099,40,52.0,1.0,0.0,746.0,0.0,11,0,1,0,1,0,0,41.5846,14.25,83.7,1.0,395.0,2.0,1786.0
2100,40,52.0,0.0,0.0,746.0,0.0,11,0,1,0,1,0,0,41.2038,13.9,83.35,0.0,395.0,1.0,1787.0
2101,40,52.0,0.0,0.0,746.0,0.0,12,0,0,0,1,0,0,40.7962,13.55,83.0,0.0,395.0,0.0,1787.0
2102,40,52.0,0.0,0.0,746.0,0.0,12,0,0,0,1,0,0,40.3769,13.2,82.5,0.0,395.0,0.0,1787.0
2103,40,52.0,0.0,0.0,746.0,0.0,12,0,0,0,1,0,0,39.9577,12.85,82.0,0.0,395.0,0.0,1787.0
2104,40,52.0,0.0,0.0,746.0,0.0,11,0,1,0,1,0,0,39.5654,12.5,81.5,0.0,395.0,1.0,1788.0
2105,41,53.0,1.0,0.0,746.0,0.0,12,0,0,0,1,0,0,39.1462,12.15,81.0,0.0,395.0,0.0,1788.0
2106,41,53.0,0.0,0.0,746.0,0.0,12,0,0,0,1,0,0,38.7269,11.8,80.5,0.0,395.0,0.0,1788.0
2107,43,54.0,2.0,1.0,747.0,0.0,9,1,2,0,1,0,0,38.3731,11.45,80.0,0.0,395.0,2.0,1790.0
2108,42,53.0,0.0,1.0,748.0,0.0,10,1,1,0,1,0,0,38.0192,11.1,79.5,1.0,396.0,2.0,1792.0
2109,42,54.0,1.0,0.0,748.0,0.0,12,0,0,0,1,0,0,37.6,10.75,79.15,0.0,396.0,0.0,1792.0
2110,42,54.0,0.0,0.0,748.0,0.0,11,0,1,1,0,0,0,37.2192,10.4,78.8,0.0,396.0,1.0,1793.0
2111,42,53.0,0.0,1.0,749.0,0.0,11,1,0,1,0,0,0,37.5162,18.9,78.45,0.0,396.0,0.0,1793.0
2112,41,52.0,0.0,1.0,750.0,0.0,10,1,1,1,0,0,0,37.8631,18.4,78.1,0.0,396.0,1.0,1794.0
2113,40,52.0,0.0,0.0,750.0,0.0,12,0,0,1,0,0,0,38.1831,17.9,77.75,0.0,396.0,0.0,1794.0
2114,40,52.0,0.0,0.0,750.0,0.0,9,0,3,1,0,0,0,38.5954,17.4,77.4,0.0,396.0,3.0,1797.0
2115,42,54.0,2.0,0.0,750.0,0.0,9,0,3,1,0,0,0,39.0231,16.9,77.05,1.0,397.0,4.0,1801.0
2116,42,53.0,0.0,1.0,751.0,0.0,10,1,1,1,0,0,0,39.3854,16.4,76.7,1.0,398.0,2.0,1803.0
2117,41,53.0,0.0,0.0,751.0,0.0,11,0,1,1,0,0,0,39.7438,15.9,76.35,0.0,398.0,1.0,1804.0
2118,41,51.0,0.0,2.0,753.0,0.0,10,2,0,1,0,0,0,40.0523,15.4,82.08,0.0,398.0,0.0,1804.0
2119,40,52.0,1.0,0.0,753.0,0.0,11,0,1,1,0,0,0,40.4108,15.05,91.04,0.0,398.0,1.0,1805.0
2120,39,51.0,0.0,1.0,754.0,0.0,10,1,1,0,1,0,0,40.7423,14.7,99.65,0.0,398.0,1.0,1806.0
2121,39,51.0,0.0,0.0,754.0,0.0,12,0,0,0,1,0,0,40.3577,14.35,99.3,0.0,398.0,0.0,1806.0
2122,39,50.0,0.0,1.0,755.0,0.0,11,1,0,0,1,0,0,39.9731,14.0,98.95,0.0,398.0,0.0,1806.0
2123,40,52.0,2.0,0.0,755.0,0.0,11,0,1,0,1,0,0,39.6269,13.65,98.6,0.0,398.0,1.0,1807.0
2124,40,52.0,0.0,0.0,755.0,0.0,12,0,0,0,1,0,0,39.2423,13.3,98.25,0.0,398.0,0.0,1807.0
2125,41,52.0,1.0,1.0,756.0,0.0,11,1,0,0,1,0,0,38.8577,12.95,97.9,0.0,398.0,0.0,1807.0
2126,40,51.0,0.0,1.0,757.0,0.0,10,1,1,0,1,0,0,38.5115,12.6,97.55,0.0,398.0,1.0,1808.0
2127,39,51.0,0.0,0.0,757.0,0.0,12,0,0,0,1,0,0,38.1385,12.25,97.2,0.0,398.0,0.0,1808.0
2128,39,50.0,0.0,1.0,758.0,0.0,11,1,0,0,1,0,0,37.7654,11.9,96.85,0.0,398.0,0.0,1808.0
2129,38,50.0,0.0,0.0,758.0,0.0,12,0,0,0,1,0,0,37.3923,11.55,96.5,0.0,398.0,0.0,1808.0
2130,38,50.0,0.0,0.0,758.0,0.0,12,0,0,0,1,0,0,37.0192,11.2,96.15,0.0,398.0,0.0,1808.0
2131,40,52.0,2.0,0.0,758.0,0.0,12,0,0,0,1,0,0,36.6462,10.85,95.8,0.0,398.0,0.0,1808.0
2132,40,51.0,0.0,1.0,759.0,0.0,10,1,0,0,2,0,0,36.2731,10.5,95.45,0.0,398.0,0.0,1808.0
2133,39,51.0,0.0,0.0,759.0,0.0,8,0,3,0,2,0,0,35.9923,10.15,95.45,0.0,398.0,3.0,1811.0
2134,39,51.0,0.0,0.0,759.0,0.0,11,0,0,0,2,0,0,35.6308,9.8,95.1,0.0,398.0,0.0,1811.0
2135,40,52.0,1.0,0.0,759.0,0.0,10,0,1,1,1,0,0,35.2846,9.45,95.1,0.0,398.0,1.0,1812.0
2136,40,52.0,0.0,0.0,759.0,0.0,11,0,0,1,1,0,0,35.6235,13.3,94.75,0.0,398.0,0.0,1812.0
2137,41,53.0,1.0,0.0,759.0,0.0,10,0,1,1,1,0,0,35.9892,12.95,94.4,0.0,398.0,1.0,1813.0
2138,41,53.0,0.0,0.0,759.0,0.0,9,0,2,1,1,0,0,36.3819,12.6,94.05,0.0,398.0,2.0,1815.0
2139,42,54.0,1.0,0.0,759.0,0.0,8,0,3,1,1,0,0,36.84,12.25,94.05,1.0,399.0,4.0,1819.0
2140,42,54.0,0.0,0.0,759.0,0.0,9,0,2,1,1,0,0,37.2712,11.9,93.7,1.0,400.0,3.0,1822.0
2141,42,54.0,0.0,0.0,759.0,0.0,10,0,1,1,1,0,0,37.6523,11.55,93.7,1.0,401.0,2.0,1824.0
2142,42,54.0,0.0,0.0,759.0,0.0,10,0,1,1,1,0,0,37.995,11.2,93.35,0.0,401.0,1.0,1825.0
2143,43,55.0,1.0,0.0,759.0,0.0,8,0,3,1,1,0,0,38.3915,10.85,93.35,0.0,401.0,3.0,1828.0
2144,43,54.0,0.0,1.0,760.0,0.0,7,1,2,1,2,0,0,38.7881,10.5,93.35,1.0,402.0,3.0,1831.0
2145,43,55.0,1.0,0.0,760.0,0.0,10,0,1,0,2,0,0,39.1269,10.15,99.65,0.0,402.0,1.0,1832.0
2146,43,54.0,0.0,1.0,761.0,0.0,9,1,0,0,3,0,0,38.7192,9.8,99.3,0.0,402.0,0.0,1832.0
2147,43,55.0,1.0,0.0,761.0,0.0,8,0,2,0,3,0,0,38.4,9.45,98.95,0.0,402.0,2.0,1834.0
2148,43,55.0,0.0,0.0,761.0,0.0,9,0,1,0,3,0,0,38.0808,9.1,98.6,1.0,403.0,2.0,1836.0
2149,43,54.0,0.0,1.0,762.0,0.0,9,1,0,0,3,0,0,37.6962,8.75,98.25,0.0,403.0,0.0,1836.0
2150,43,53.0,0.0,1.0,763.0,0.0,9,1,0,0,3,0,0,37.3115,8.4,97.9,0.0,403.0,0.0,1836.0
2151,43,54.0,1.0,0.0,763.0,0.0,10,0,0,0,3,0,0,36.9385,8.05,97.55,0.0,403.0,0.0,1836.0
2152,43,53.0,0.0,1.0,764.0,0.0,8,1,1,0,3,0,0,36.5923,7.7,97.2,0.0,403.0,1.0,1837.0
2153,43,52.0,0.0,1.0,765.0,0.0,7,1,2,0,3,0,0,36.3,7.35,96.85,1.0,404.0,3.0,1840.0
2154,42,52.0,0.0,0.0,765.0,0.0,10,0,1,0,2,0,0,35.9923,7.0,96.5,1.0,405.0,2.0,1842.0
2155,45,55.0,3.0,0.0,765.0,0.0,10,0,0,1,2,0,0,35.6192,6.65,96.15,0.0,405.0,0.0,1842.0
2156,45,55.0,0.0,0.0,765.0,0.0,8,0,2,1,2,0,0,36.045,10.75,95.8,0.0,405.0,2.0,1844.0
2157,45,55.0,0.0,0.0,765.0,0.0,8,0,1,1,3,0,0,36.4708,10.4,95.45,1.0,406.0,2.0,1846.0
2158,45,55.0,0.0,0.0,765.0,0.0,9,0,0,1,3,0,0,36.8542,10.05,95.1,0.0,406.0,0.0,1846.0
2159,45,54.0,0.0,1.0,766.0,0.0,8,1,0,1,3,0,0,37.2146,9.7,94.75,0.0,406.0,0.0,1846.0
2160,44,54.0,0.0,0.0,766.0,0.0,8,0,1,1,3,0,0,37.625,9.35,94.4,0.0,406.0,1.0,1847.0
2161,44,54.0,0.0,0.0,766.0,0.0,8,0,1,1,3,0,0,38.0238,9.0,94.05,0.0,406.0,1.0,1848.0
2162,44,53.0,0.0,1.0,767.0,0.0,8,1,0,1,3,0,0,38.3958,8.65,93.7,0.0,406.0,0.0,1848.0
2163,44,54.0,1.0,0.0,767.0,0.0,8,0,1,1,3,0,0,38.7946,8.3,93.35,0.0,406.0,1.0,1849.0
2164,44,54.0,0.0,0.0,767.0,0.0,7,0,2,1,3,0,0,39.2204,7.95,93.35,0.0,406.0,2.0,1851.0
2165,45,56.0,2.0,0.0,767.0,0.0,6,0,3,0,4,0,0,39.6846,7.6,99.65,1.0,407.0,4.0,1855.0
2166,45,56.0,0.0,0.0,767.0,0.0,8,0,1,0,4,0,0,39.3769,7.25,99.3,1.0,408.0,2.0,1857.0
2167,46,57.0,1.0,0.0,767.0,0.0,9,0,0,0,4,0,0,39.0038,6.9,98.95,0.0,408.0,0.0,1857.0
2168,46,57.0,0.0,0.0,767.0,0.0,9,0,0,0,4,0,0,38.6308,6.55,98.6,0.0,408.0,0.0,1857.0
2169,46,57.0,0.0,0.0,767.0,0.0,9,0,0,0,4,0,0,38.2462,6.2,98.25,0.0,408.0,0.0,1857.0
2170,46,57.0,0.0,0.0,767.0,0.0,9,0,0,0,4,0,0,37.8615,5.85,97.9,0.0,408.0,0.0,1857.0
2171,47,57.0,1.0,1.0,768.0,0.0,6,1,2,0,4,0,0,37.5423,5.5,97.55,0.0,408.0,2.0,1859.0
2172,46,57.0,0.0,0.0,768.0,0.0,7,0,2,0,4,0,0,37.2615,5.15,97.2,1.0,409.0,3.0,1862.0
2173,46,57.0,0.0,0.0,768.0,0.0,8,0,1,0,4,0,0,36.8923,4.8,96.85,1.0,410.0,1.0,1863.0
2174,46,57.0,0.0,0.0,768.0,0.0,9,0,0,1,3,0,0,36.4962,4.45,96.5,0.0,410.0,0.0,1863.0
2175,47,57.0,1.0,1.0,769.0,0.0,7,1,1,1,3,0,0,36.8969,4.1,96.15,0.0,410.0,1.0,1864.0
2176,47,57.0,0.0,0.0,769.0,0.0,7,0,1,1,3,1,0,37.2977,3.75,95.8,0.0,410.0,1.0,1865.0
2177,47,57.0,0.0,0.0,769.0,0.0,7,0,1,2,2,1,0,37.7369,3.4,95.45,0.0,410.0,1.0,1866.0
2178,47,56.0,0.0,1.0,770.0,0.0,7,1,0,2,2,1,0,38.9192,7.3,95.1,0.0,410.0,0.0,1866.0
2179,49,59.0,3.0,0.0,770.0,0.0,8,0,0,2,2,1,0,40.1015,6.95,94.6,0.0,410.0,0.0,1866.0
2180,49,59.0,0.0,0.0,770.0,0.0,8,0,0,3,1,1,0,41.2838,6.6,94.1,0.0,410.0,0.0,1866.0
2181,49,58.0,0.0,1.0,771.0,0.0,7,1,0,3,1,1,0,43.2115,9.05,93.6,0.0,410.0,0.0,1866.0
2182,48,58.0,0.0,0.0,771.0,0.0,8,0,0,3,1,1,0,45.1277,8.7,93.25,0.0,410.0,0.0,1866.0
2183,48,57.0,0.0,1.0,772.0,0.0,7,1,0,3,1,1,0,47.0323,8.35,92.9,0.0,410.0,0.0,1866.0
2184,47,57.0,0.0,0.0,772.0,0.0,9,0,0,2,2,0,0,48.8946,8.0,99.65,0.0,410.0,0.0,1866.0
2185,48,57.0,1.0,1.0,773.0,0.0,8,1,0,2,2,0,0,50.0254,7.65,99.3,0.0,410.0,0.0,1866.0
2186,47,57.0,0.0,0.0,773.0,0.0,8,0,0,2,2,1,0,51.1677,7.3,98.95,0.0,410.0,0.0,1866.0
2187,48,58.0,1.0,0.0,773.0,0.0,8,0,0,1,3,1,0,52.2946,6.95,99.65,0.0,410.0,0.0,1866.0
2188,48,58.0,0.0,0.0,773.0,0.0,7,0,1,1,3,1,0,52.7438,6.6,99.3,0.0,410.0,1.0,1867.0
2189,48,58.0,0.0,0.0,773.0,0.0,8,0,0,1,3,1,0,53.1546,6.25,98.95,0.0,410.0,0.0,1867.0
2190,48,58.0,0.0,0.0,773.0,0.0,9,0,0,1,3,0,0,53.5115,5.9,99.65,0.0,410.0,0.0,1867.0
2191,49,59.0,1.0,0.0,773.0,0.0,9,0,0,1,3,0,0,53.9008,12.0,99.3,0.0,410.0,0.0,1867.0
2192,49,59.0,0.0,0.0,773.0,0.0,8,0,2,1,2,0,0,54.3438,11.65,98.95,0.0,410.0,2.0,1869.0
2193,50,60.0,1.0,0.0,773.0,0.0,8,0,4,1,0,0,0,54.8792,11.65,98.6,1.0,411.0,5.0,1874.0
2194,50,60.0,0.0,0.0,773.0,0.0,8,0,3,1,1,0,0,55.3877,11.65,98.25,1.0,412.0,4.0,1878.0
2195,52,61.0,2.0,1.0,774.0,0.0,8,1,1,1,2,0,0,55.8192,11.65,97.9,1.0,413.0,2.0,1880.0
2196,51,61.0,0.0,0.0,774.0,0.0,9,0,0,1,3,0,0,56.2085,11.3,97.55,0.0,413.0,0.0,1880.0
2197,51,61.0,0.0,0.0,774.0,0.0,9,0,0,1,3,0,0,56.5977,10.95,97.2,0.0,413.0,0.0,1880.0
2198,51,61.0,0.0,0.0,774.0,0.0,8,0,1,1,3,0,0,57.0023,10.6,96.85,0.0,413.0,1.0,1881.0
2199,51,61.0,0.0,0.0,774.0,0.0,8,0,2,1,2,0,0,57.4338,10.25,96.5,0.0,413.0,2.0,1883.0
2200,50,60.0,0.0,1.0,775.0,0.0,9,1,1,0,2,0,0,57.8269,9.9,99.65,1.0,414.0,2.0,1885.0
2201,50,60.0,0.0,0.0,775.0,0.0,10,0,0,0,3,0,0,57.4538,9.55,99.3,0.0,414.0,0.0,1885.0
2202,50,60.0,0.0,0.0,775.0,0.0,9,0,2,1,1,0,0,57.1346,9.2,98.95,0.0,414.0,2.0,1887.0
2203,52,62.0,2.0,0.0,775.0,0.0,9,0,1,1,2,0,0,57.5346,8.85,98.6,1.0,415.0,2.0,1889.0
2204,52,62.0,0.0,0.0,775.0,0.0,10,0,0,1,2,0,0,57.8692,8.5,98.25,0.0,415.0,0.0,1889.0
2205,53,63.0,1.0,0.0,775.0,0.0,10,0,0,1,2,0,0,58.2038,8.15,97.9,0.0,415.0,0.0,1889.0
2206,53,63.0,0.0,0.0,775.0,0.0,10,0,0,1,2,0,0,58.5269,7.8,97.55,0.0,415.0,0.0,1889.0
2207,54,64.0,1.0,0.0,775.0,0.0,10,0,0,1,2,0,0,58.8269,7.45,97.2,0.0,415.0,0.0,1889.0
2208,54,62.0,0.0,2.0,777.0,0.0,8,2,0,1,2,0,0,59.1269,7.1,96.85,0.0,415.0,0.0,1889.0
2209,52,61.0,0.0,1.0,778.0,0.0,9,1,0,2,1,0,0,59.4385,6.75,96.5,0.0,415.0,0.0,1889.0
2210,51,61.0,0.0,0.0,778.0,0.0,10,0,0,2,1,0,0,60.4942,8.9,96.15,0.0,415.0,0.0,1889.0
2211,52,62.0,1.0,0.0,778.0,0.0,10,0,0,2,1,0,0,61.55,8.55,95.8,0.0,415.0,0.0,1889.0
2212,51,60.0,0.0,2.0,780.0,0.0,8,2,2,1,0,0,0,62.6327,8.55,99.65,0.0,415.0,2.0,1891.0
2213,50,60.0,0.0,0.0,780.0,0.0,9,1,1,1,1,0,0,63.0577,8.2,99.3,0.0,415.0,1.0,1892.0
2214,50,59.0,0.0,1.0,781.0,0.0,8,2,1,1,1,0,0,63.4712,7.85,98.95,0.0,415.0,1.0,1893.0
2215,51,60.0,2.0,1.0,782.0,0.0,6,2,3,1,1,0,0,63.9615,7.5,98.6,0.0,415.0,3.0,1896.0
2216,50,60.0,0.0,0.0,782.0,0.0,9,1,1,2,0,0,0,64.4635,7.15,98.25,2.0,417.0,3.0,1899.0
2217,50,60.0,0.0,0.0,782.0,0.0,10,1,0,2,0,0,0,65.6027,16.0,97.9,0.0,417.0,0.0,1899.0
2218,50,60.0,0.0,0.0,782.0,0.0,10,1,0,2,0,0,0,66.7419,16.0,97.55,0.0,417.0,0.0,1899.0
2219,50,61.0,1.0,0.0,782.0,0.0,11,1,0,1,0,0,0,67.8542,16.0,99.65,0.0,417.0,0.0,1899.0
2220,50,61.0,0.0,0.0,782.0,0.0,11,1,0,1,0,0,0,68.2377,16.0,99.3,0.0,417.0,0.0,1899.0
2221,50,62.0,1.0,0.0,782.0,0.0,12,0,0,1,0,0,0,68.5942,15.65,98.95,0.0,417.0,0.0,1899.0
2222,50,62.0,0.0,0.0,782.0,0.0,11,0,1,1,0,0,0,68.9777,15.3,98.6,0.0,417.0,1.0,1900.0
2223,50,62.0,0.0,0.0,782.0,0.0,10,0,1,1,1,0,0,69.3496,14.95,98.25,0.0,417.0,1.0,1901.0
2224,50,62.0,0.0,0.0,782.0,0.0,9,0,2,1,1,0,0,69.76,14.6,97.9,0.0,417.0,2.0,1903.0
2225,51,62.0,1.0,1.0,783.0,0.0,9,1,1,1,1,0,0,70.1588,14.25,97.55,1.0,418.0,2.0,1905.0
2226,50,62.0,0.0,0.0,783.0,0.0,11,0,0,0,2,0,0,70.4654,13.9,99.65,0.0,418.0,0.0,1905.0
2227,52,64.0,2.0,0.0,783.0,0.0,11,0,0,0,2,0,0,70.0577,13.55,99.3,0.0,418.0,0.0,1905.0
2228,52,63.0,0.0,1.0,784.0,0.0,10,1,0,0,2,0,0,69.65,13.2,98.95,0.0,418.0,0.0,1905.0
2229,51,62.0,0.0,1.0,785.0,0.0,10,1,0,0,2,0,0,69.2423,12.85,98.6,0.0,418.0,0.0,1905.0
2230,51,62.0,0.0,0.0,785.0,0.0,10,0,1,0,2,0,0,68.8846,12.5,98.25,0.0,418.0,1.0,1906.0
2231,51,62.0,0.0,0.0,785.0,0.0,11,0,0,0,2,0,0,68.4885,12.15,97.9,0.0,418.0,0.0,1906.0
2232,51,61.0,0.0,1.0,786.0,0.0,9,1,1,0,2,0,0,68.1308,11.8,97.55,0.0,418.0,1.0,1907.0
2233,50,61.0,0.0,0.0,786.0,0.0,9,0,3,0,1,0,0,67.8385,11.45,97.2,0.0,418.0,3.0,1910.0
2234,50,61.0,0.0,0.0,786.0,0.0,10,0,1,0,2,0,0,67.5192,11.1,96.85,1.0,419.0,2.0,1912.0
2235,53,64.0,3.0,0.0,786.0,0.0,11,0,0,0,2,0,0,67.1346,10.75,96.5,0.0,419.0,0.0,1912.0
2236,53,64.0,0.0,0.0,786.0,0.0,11,0,0,1,1,0,0,66.75,10.4,96.15,0.0,419.0,0.0,1912.0
2237,53,63.0,0.0,1.0,787.0,0.0,10,1,0,1,1,0,0,67.0815,11.4,95.8,0.0,419.0,0.0,1912.0
2238,52,63.0,0.0,0.0,787.0,0.0,10,0,1,1,1,0,0,67.4515,11.05,95.45,0.0,419.0,1.0,1913.0
2239,53,63.0,1.0,1.0,788.0,0.0,10,1,0,1,1,0,0,67.7831,10.7,95.1,0.0,419.0,0.0,1913.0
2240,52,63.0,0.0,0.0,788.0,0.0,11,0,0,1,1,0,0,68.1262,10.35,94.75,0.0,419.0,0.0,1913.0
2241,52,63.0,0.0,0.0,788.0,0.0,11,0,0,1,1,0,0,68.4577,10.0,94.25,0.0,419.0,0.0,1913.0
2242,52,63.0,0.0,0.0,788.0,0.0,11,0,0,1,1,0,0,68.7892,9.65,93.75,0.0,419.0,0.0,1913.0
2243,53,63.0,1.0,1.0,789.0,0.0,8,1,2,1,1,0,0,69.1631,9.3,93.25,0.0,419.0,2.0,1915.0
2244,52,63.0,0.0,0.0,789.0,0.0,9,0,2,1,1,0,0,69.5523,8.95,92.9,1.0,420.0,3.0,1918.0
2245,53,63.0,1.0,1.0,790.0,0.0,10,1,0,1,1,0,0,69.8377,8.6,92.55,0.0,420.0,0.0,1918.0
2246,51,62.0,0.0,1.0,791.0,0.0,10,1,1,0,1,0,0,70.1346,8.25,99.65,0.0,420.0,1.0,1919.0
2247,50,62.0,0.0,0.0,791.0,0.0,12,0,0,0,1,0,0,69.7154,7.9,99.3,0.0,420.0,0.0,1919.0
2248,50,62.0,0.0,0.0,791.0,0.0,12,0,0,0,1,0,0,69.2962,7.55,98.95,0.0,420.0,0.0,1919.0
2249,51,63.0,1.0,0.0,791.0,0.0,11,0,1,0,1,0,0,68.9038,7.2,98.6,0.0,420.0,1.0,1920.0
2250,51,63.0,0.0,0.0,791.0,0.0,12,0,0,1,0,0,0,68.4846,6.85,98.25,0.0,420.0,0.0,1920.0
2251,53,65.0,2.0,0.0,791.0,0.0,12,0,0,1,0,0,0,68.8088,16.165,97.9,0.0,420.0,0.0,1920.0
2252,53,65.0,0.0,0.0,791.0,0.0,12,0,0,1,0,0,0,69.1215,25.05,97.55,0.0,420.0,0.0,1920.0
2253,53,64.0,0.0,1.0,792.0,0.0,11,1,0,1,0,0,0,69.4342,24.55,97.2,0.0,420.0,0.0,1920.0
2254,52,63.0,0.0,1.0,793.0,0.0,11,1,0,1,0,0,0,69.7585,24.05,96.85,0.0,420.0,0.0,1920.0
2255,52,64.0,1.0,0.0,793.0,0.0,10,0,2,1,0,0,0,70.1596,23.7,96.5,0.0,420.0,2.0,1922.0
2256,52,64.0,0.0,0.0,793.0,0.0,10,0,2,1,0,0,0,70.5992,23.35,96.15,1.0,421.0,3.0,1925.0
2257,52,63.0,0.0,1.0,794.0,0.0,9,1,2,1,0,0,0,71.0273,23.35,95.8,1.0,422.0,3.0,1928.0
2258,51,63.0,0.0,0.0,794.0,0.0,12,0,0,1,0,0,0,71.39,23.0,95.45,1.0,423.0,1.0,1929.0
2259,52,64.0,1.0,0.0,794.0,0.0,11,0,1,1,0,0,0,71.7642,22.65,95.1,0.0,423.0,1.0,1930.0
2260,51,62.0,0.0,2.0,796.0,0.0,9,2,2,0,0,0,0,72.1769,22.3,99.65,1.0,424.0,3.0,1933.0
2261,49,62.0,0.0,0.0,796.0,0.0,13,0,0,0,0,0,0,71.7923,21.95,99.3,0.0,424.0,0.0,1933.0
2262,49,62.0,0.0,0.0,796.0,0.0,13,0,0,0,0,0,0,71.4077,21.6,98.95,0.0,424.0,0.0,1933.0
2263,51,64.0,2.0,0.0,796.0,0.0,9,0,4,0,0,0,0,71.1538,21.25,98.6,0.0,424.0,4.0,1937.0
2264,51,63.0,0.0,1.0,797.0,0.0,8,1,4,0,0,0,0,70.9423,20.9,98.25,2.0,426.0,6.0,1943.0
2265,51,64.0,1.0,0.0,797.0,0.0,11,0,2,0,0,0,0,70.65,20.55,97.9,1.0,427.0,3.0,1946.0
2266,51,64.0,0.0,0.0,797.0,0.0,11,0,2,0,0,0,0,70.3308,20.2,97.55,0.0,427.0,2.0,1948.0
2267,52,65.0,1.0,0.0,797.0,0.0,11,0,2,0,0,0,0,70.0269,19.85,97.2,1.0,428.0,3.0,1951.0
2268,52,64.0,0.0,1.0,798.0,0.0,12,1,0,0,0,0,0,69.6308,19.5,96.85,0.0,428.0,0.0,1951.0
2269,51,64.0,0.0,0.0,798.0,0.0,9,0,4,0,0,0,0,69.3654,19.15,96.5,0.0,428.0,4.0,1955.0
2270,51,64.0,0.0,0.0,798.0,0.0,11,0,2,0,0,0,0,69.0385,18.8,96.15,1.0,429.0,3.0,1958.0
2271,51,64.0,0.0,0.0,798.0,0.0,13,0,0,0,0,0,0,68.6308,18.45,95.8,0.0,429.0,0.0,1958.0
2272,51,64.0,0.0,0.0,798.0,0.0,12,0,1,0,0,0,0,68.25,18.1,95.45,0.0,429.0,1.0,1959.0
2273,51,64.0,0.0,0.0,798.0,0.0,13,0,0,0,0,0,0,67.8423,17.75,95.1,0.0,429.0,0.0,1959.0
2274,51,63.0,0.0,1.0,799.0,0.0,12,1,0,0,0,0,0,67.4231,17.25,94.75,0.0,429.0,0.0,1959.0
2275,53,65.0,3.0,1.0,800.0,0.0,11,1,1,0,0,0,0,67.0308,16.75,94.4,0.0,429.0,1.0,1960.0
2276,52,65.0,0.0,0.0,800.0,0.0,12,0,1,0,0,0,0,66.65,16.25,94.05,0.0,429.0,1.0,1961.0
2277,53,65.0,1.0,1.0,801.0,0.0,12,1,0,0,0,0,0,66.2423,15.75,93.7,0.0,429.0,0.0,1961.0
2278,52,65.0,0.0,0.0,801.0,0.0,12,0,1,0,0,0,0,65.8846,15.75,93.35,0.0,429.0,1.0,1962.0
2279,52,65.0,0.0,0.0,801.0,0.0,13,0,0,0,0,0,0,65.4885,15.25,93.0,0.0,429.0,0.0,1962.0
2280,52,64.0,0.0,1.0,802.0,0.0,11,1,0,0,1,0,0,65.0923,14.75,92.65,0.0,429.0,0.0,1962.0
2281,52,64.0,0.0,0.0,802.0,0.0,11,0,1,0,1,0,0,64.7346,14.4,92.3,0.0,429.0,1.0,1963.0
2282,52,62.0,0.0,2.0,804.0,0.0,8,2,2,0,1,0,0,64.4038,14.05,91.95,0.0,429.0,2.0,1965.0
2283,51,63.0,1.0,0.0,804.0,0.0,10,0,2,0,1,0,0,64.1231,13.7,91.95,1.0,430.0,3.0,1968.0
2284,51,63.0,0.0,0.0,804.0,0.0,9,0,3,0,1,0,0,63.8577,13.35,91.95,1.0,431.0,4.0,1972.0
2285,52,64.0,1.0,0.0,804.0,0.0,12,0,0,0,1,0,0,63.4846,13.0,91.6,0.0,431.0,0.0,1972.0
2286,52,64.0,0.0,0.0,804.0,0.0,11,0,1,0,1,0,0,63.1385,12.65,91.25,0.0,431.0,1.0,1973.0
2287,53,65.0,1.0,0.0,804.0,0.0,12,0,0,0,1,0,0,62.7808,12.3,90.9,1.0,432.0,1.0,1974.0
2288,53,65.0,0.0,0.0,804.0,0.0,12,0,0,0,1,0,0,62.3962,11.95,90.55,0.0,432.0,0.0,1974.0
2289,53,63.0,0.0,2.0,806.0,0.0,9,2,1,0,1,0,0,62.0269,11.6,90.2,0.0,432.0,1.0,1975.0
2290,51,63.0,0.0,0.0,806.0,0.0,12,0,0,0,1,0,0,61.6538,11.25,89.85,0.0,432.0,0.0,1975.0
2291,53,65.0,2.0,0.0,806.0,0.0,10,0,2,0,1,0,0,61.3231,10.9,89.5,0.0,432.0,2.0,1977.0
2292,53,65.0,0.0,0.0,806.0,0.0,11,0,1,0,1,0,0,60.9923,10.55,89.15,1.0,433.0,2.0,1979.0
2293,53,65.0,0.0,0.0,806.0,0.0,12,0,0,0,1,0,0,60.5962,10.2,88.8,0.0,433.0,0.0,1979.0
2294,53,65.0,0.0,0.0,806.0,0.0,11,0,1,0,1,0,0,60.2385,9.85,88.45,0.0,433.0,1.0,1980.0
2295,54,66.0,1.0,0.0,806.0,0.0,12,0,0,1,0,0,0,59.8308,9.5,88.1,0.0,433.0,0.0,1980.0
2296,54,66.0,0.0,0.0,806.0,0.0,11,0,1,1,0,0,0,60.1731,18.55,87.75,0.0,433.0,1.0,1981.0
2297,54,66.0,0.0,0.0,806.0,0.0,10,0,2,1,0,0,0,60.5692,27.6,87.4,1.0,434.0,3.0,1984.0
2298,54,66.0,0.0,0.0,806.0,0.0,12,0,0,1,0,0,0,60.8615,36.65,87.05,0.0,434.0,0.0,1984.0
2299,56,67.0,2.0,1.0,807.0,0.0,10,1,1,1,0,0,0,61.1808,41.75,86.7,0.0,434.0,1.0,1985.0
2300,55,67.0,0.0,0.0,807.0,0.0,9,0,3,1,0,0,0,61.6,41.25,86.35,0.0,434.0,3.0,1988.0
2301,55,67.0,0.0,0.0,807.0,0.0,10,0,2,1,0,0,0,62.0077,40.75,86.0,1.0,435.0,3.0,1991.0
2302,55,67.0,0.0,0.0,807.0,0.0,9,0,3,1,0,0,0,62.4038,40.25,85.65,0.0,435.0,3.0,1994.0
2303,55,66.0,0.0,1.0,808.0,0.0,9,1,2,1,0,0,0,62.8,39.75,85.3,1.0,436.0,3.0,1997.0
2304,54,65.0,0.0,1.0,809.0,0.0,6,1,5,1,0,0,0,63.2769,39.25,90.95,1.0,437.0,6.0,2003.0
2305,54,65.0,2.0,2.0,811.0,0.0,9,2,2,0,0,0,0,63.6615,38.75,99.65,1.0,438.0,3.0,2006.0
2306,52,64.0,0.0,1.0,812.0,0.0,10,1,2,0,0,0,0,63.3615,38.25,99.3,0.0,438.0,2.0,2008.0
2307,52,65.0,1.0,0.0,812.0,0.0,12,0,1,0,0,0,0,62.9962,37.75,98.95,0.0,438.0,1.0,2009.0
2308,52,65.0,0.0,0.0,812.0,0.0,12,0,1,0,0,0,0,62.6038,37.25,98.6,0.0,438.0,1.0,2010.0
2309,52,65.0,0.0,0.0,812.0,0.0,11,0,2,0,0,0,0,62.2769,36.75,98.25,1.0,439.0,3.0,2013.0
2310,52,65.0,0.0,0.0,812.0,0.0,12,0,1,0,0,0,0,61.9,36.25,97.9,1.0,440.0,2.0,2015.0
2311,53,66.0,1.0,0.0,812.0,0.0,12,0,1,0,0,0,0,61.5077,35.75,97.55,0.0,440.0,1.0,2016.0
2312,53,66.0,0.0,0.0,812.0,0.0,11,0,2,0,0,0,0,61.1538,35.25,97.2,0.0,440.0,2.0,2018.0
2313,53,65.0,0.0,1.0,813.0,0.0,10,1,2,0,0,0,0,60.8269,34.75,96.85,1.0,441.0,3.0,2021.0
2314,52,65.0,0.0,0.0,813.0,0.0,12,0,1,0,0,0,0,60.4231,34.25,96.5,0.0,441.0,1.0,2022.0
2315,54,66.0,2.0,1.0,814.0,0.0,9,1,3,0,0,0,0,60.0962,33.75,96.15,0.0,441.0,3.0,2025.0
2316,53,66.0,0.0,0.0,814.0,0.0,11,0,2,0,0,0,0,59.8077,33.25,95.8,2.0,443.0,4.0,2029.0
2317,53,66.0,0.0,0.0,814.0,0.0,12,0,1,0,0,0,0,59.4038,32.75,95.45,0.0,443.0,1.0,2030.0
2318,53,66.0,0.0,0.0,814.0,0.0,12,0,1,0,0,0,0,58.9885,32.25,94.95,0.0,443.0,1.0,2031.0
2319,54,67.0,1.0,0.0,814.0,0.0,9,0,4,0,0,0,0,58.6769,32.25,94.45,0.0,443.0,4.0,2035.0
2320,54,66.0,0.0,1.0,815.0,0.0,11,1,1,0,0,0,0,58.3538,32.25,93.95,3.0,446.0,4.0,2039.0
2321,53,66.0,0.0,0.0,815.0,0.0,12,0,1,0,0,0,0,57.9269,31.75,93.6,0.0,446.0,1.0,2040.0
2322,53,66.0,0.0,0.0,815.0,0.0,13,0,0,0,0,0,0,57.4731,31.25,93.25,0.0,446.0,0.0,2040.0
2323,55,67.0,2.0,1.0,816.0,0.0,9,1,3,0,0,0,0,57.1115,31.25,92.9,0.0,446.0,3.0,2043.0
2324,54,67.0,0.0,0.0,816.0,0.0,11,0,2,0,0,0,0,56.7385,31.25,92.4,1.0,447.0,3.0,2046.0
2325,55,68.0,1.0,0.0,816.0,0.0,11,0,2,0,0,0,0,56.3385,31.25,91.9,0.0,447.0,2.0,2048.0
2326,55,67.0,0.0,1.0,817.0,0.0,7,1,5,0,0,0,0,56.0308,31.25,91.4,0.0,447.0,5.0,2053.0
2327,54,66.0,0.0,1.0,818.0,0.0,10,1,2,0,0,0,0,55.7077,31.25,91.05,2.0,449.0,4.0,2057.0
2328,53,65.0,0.0,1.0,819.0,0.0,12,1,0,0,0,0,0,55.2538,30.75,90.7,0.0,449.0,0.0,2057.0
2329,52,65.0,0.0,0.0,819.0,0.0,13,0,0,0,0,0,0,54.8115,30.25,90.35,0.0,449.0,0.0,2057.0
2330,52,64.0,0.0,1.0,820.0,0.0,9,1,3,0,0,0,0,54.4846,29.75,90.0,0.0,449.0,3.0,2060.0
2331,52,65.0,1.0,0.0,820.0,0.0,13,0,0,0,0,0,0,54.0538,29.25,89.65,0.0,449.0,0.0,2060.0
2332,52,64.0,0.0,1.0,821.0,0.0,12,1,0,0,0,0,0,53.6231,28.75,89.3,0.0,449.0,0.0,2060.0
2333,52,65.0,1.0,0.0,821.0,0.0,13,0,0,0,0,0,0,53.2038,28.25,88.95,0.0,449.0,0.0,2060.0
2334,52,65.0,0.0,0.0,821.0,0.0,13,0,0,0,0,0,0,52.7846,27.75,88.6,0.0,449.0,0.0,2060.0
2335,54,66.0,2.0,1.0,822.0,0.0,12,1,0,0,0,0,0,52.3538,27.25,88.25,0.0,449.0,0.0,2060.0
2336,53,66.0,0.0,0.0,822.0,0.0,13,0,0,0,0,0,0,51.9346,26.9,87.9,0.0,449.0,0.0,2060.0
2337,53,65.0,0.0,1.0,823.0,0.0,12,1,0,0,0,0,0,51.5154,26.55,87.55,0.0,449.0,0.0,2060.0
2338,52,63.0,0.0,2.0,825.0,0.0,11,2,0,0,0,0,0,51.0962,26.2,87.2,0.0,449.0,0.0,2060.0
2339,51,64.0,1.0,0.0,825.0,0.0,12,0,1,0,0,0,0,50.7385,25.85,86.85,0.0,449.0,1.0,2061.0
2340,51,63.0,0.0,1.0,826.0,0.0,11,1,1,0,0,0,0,50.4077,25.85,86.5,1.0,450.0,2.0,2063.0
2341,50,63.0,0.0,0.0,826.0,0.0,11,0,2,0,0,0,0,50.0885,25.5,86.15,0.0,450.0,2.0,2065.0
2342,50,63.0,0.0,0.0,826.0,0.0,11,0,2,0,0,0,0,49.7962,25.15,86.15,1.0,451.0,3.0,2068.0
2343,50,62.0,0.0,1.0,827.0,0.0,12,1,0,0,0,0,0,49.4115,24.8,85.8,0.0,451.0,0.0,2068.0
2344,49,62.0,0.0,0.0,827.0,0.0,12,0,1,0,0,0,0,49.0654,24.45,85.45,0.0,451.0,1.0,2069.0
2345,50,63.0,1.0,0.0,827.0,0.0,13,0,0,0,0,0,0,48.6923,24.1,85.1,0.0,451.0,0.0,2069.0
2346,50,63.0,0.0,0.0,827.0,0.0,12,0,1,0,0,0,0,48.3231,23.75,84.75,0.0,451.0,1.0,2070.0
2347,53,66.0,3.0,0.0,827.0,0.0,13,0,0,0,0,0,0,47.9154,23.4,84.4,0.0,451.0,0.0,2070.0
2348,53,66.0,0.0,0.0,827.0,0.0,13,0,0,0,0,0,0,47.4962,23.05,83.9,0.0,451.0,0.0,2070.0
2349,53,66.0,0.0,0.0,827.0,0.0,12,0,1,0,0,0,0,47.1154,22.7,83.4,0.0,451.0,1.0,2071.0
2350,53,66.0,0.0,0.0,827.0,0.0,12,0,1,0,0,0,0,46.7115,22.35,82.9,0.0,451.0,1.0,2072.0
2351,53,66.0,0.0,0.0,827.0,0.0,12,0,1,0,0,0,0,46.3346,22.0,82.4,1.0,452.0,2.0,2074.0
2352,53,65.0,0.0,1.0,828.0,0.0,11,1,1,0,0,0,0,45.9077,21.5,81.9,0.0,452.0,1.0,2075.0
2353,52,63.0,0.0,2.0,830.0,0.0,11,2,0,0,0,0,0,45.4538,21.0,81.4,0.0,452.0,0.0,2075.0
2354,50,63.0,0.0,0.0,830.0,0.0,12,0,1,0,0,0,0,45.0269,20.5,80.9,0.0,452.0,1.0,2076.0
2355,52,65.0,2.0,0.0,830.0,0.0,13,0,0,0,0,0,0,44.5731,20.0,80.4,0.0,452.0,0.0,2076.0
2356,52,65.0,0.0,0.0,830.0,0.0,13,0,0,0,0,0,0,44.1192,19.5,79.9,0.0,452.0,0.0,2076.0
2357,52,65.0,0.0,0.0,830.0,0.0,13,0,0,0,0,0,0,43.6654,19.0,79.4,0.0,452.0,0.0,2076.0
2358,52,65.0,0.0,0.0,830.0,0.0,12,0,1,0,0,0,0,43.25,18.5,78.9,0.0,452.0,1.0,2077.0
2359,53,66.0,1.0,0.0,830.0,0.0,11,0,2,0,0,0,0,42.8615,18.0,78.4,0.0,452.0,2.0,2079.0
2360,53,66.0,0.0,0.0,830.0,0.0,12,0,1,0,0,0,0,42.4731,17.5,77.9,1.0,453.0,2.0,2081.0
2361,54,66.0,1.0,1.0,831.0,0.0,12,1,0,0,0,0,0,42.0192,17.0,77.4,0.0,453.0,0.0,2081.0
2362,53,66.0,0.0,0.0,831.0,0.0,13,0,0,0,0,0,0,41.5769,16.65,76.9,0.0,453.0,0.0,2081.0
2363,54,65.0,1.0,2.0,833.0,0.0,10,2,1,0,0,0,0,41.1615,16.3,76.4,0.0,453.0,1.0,2082.0
2364,52,65.0,0.0,0.0,833.0,0.0,13,0,0,0,0,0,0,40.7423,15.95,75.9,0.0,453.0,0.0,2082.0
2365,53,66.0,1.0,0.0,833.0,0.0,13,0,0,0,0,0,0,40.3115,15.6,75.4,0.0,453.0,0.0,2082.0
2366,53,64.0,0.0,2.0,835.0,0.0,11,2,0,0,0,0,0,39.8692,15.1,74.9,0.0,453.0,0.0,2082.0
2367,51,64.0,0.0,0.0,835.0,0.0,10,0,2,0,1,0,0,39.5038,14.6,74.55,0.0,453.0,2.0,2084.0
2368,51,62.0,0.0,2.0,837.0,0.0,7,2,3,0,1,0,0,39.2038,14.25,74.2,1.0,454.0,4.0,2088.0
2369,50,61.0,0.0,1.0,838.0,0.0,10,1,1,0,1,0,0,38.8615,13.9,73.85,1.0,455.0,2.0,2090.0
2370,49,61.0,0.0,0.0,838.0,0.0,10,0,2,0,1,0,0,38.5308,13.55,73.5,0.0,455.0,2.0,2092.0
2371,51,63.0,2.0,0.0,838.0,0.0,11,0,1,0,1,0,0,38.2269,13.2,73.15,1.0,456.0,2.0,2094.0
2372,51,63.0,0.0,0.0,838.0,0.0,12,0,0,0,1,0,0,37.8192,12.85,72.8,0.0,456.0,0.0,2094.0
2373,51,63.0,0.0,0.0,838.0,0.0,12,0,0,0,1,0,0,37.45,12.5,72.45,0.0,456.0,0.0,2094.0
2374,51,63.0,0.0,0.0,838.0,0.0,12,0,0,0,1,0,0,37.0308,12.15,72.1,0.0,456.0,0.0,2094.0
2375,53,65.0,2.0,0.0,838.0,0.0,12,0,0,0,1,0,0,36.6115,11.8,71.75,0.0,456.0,0.0,2094.0
2376,53,65.0,0.0,0.0,838.0,0.0,10,0,2,0,1,0,0,36.2577,11.45,71.4,0.0,456.0,2.0,2096.0
2377,53,65.0,0.0,0.0,838.0,0.0,11,0,1,0,1,0,0,35.8923,11.1,71.05,1.0,457.0,2.0,2098.0
2378,53,63.0,0.0,2.0,840.0,0.0,10,2,0,0,1,0,0,35.4615,10.75,70.7,0.0,457.0,0.0,2098.0
2379,52,64.0,1.0,0.0,840.0,0.0,12,0,0,0,1,0,0,35.0423,10.4,70.35,0.0,457.0,0.0,2098.0
2380,52,64.0,0.0,0.0,840.0,0.0,12,0,0,0,1,0,0,34.6231,10.05,70.0,0.0,457.0,0.0,2098.0
2381,52,64.0,0.0,0.0,840.0,0.0,11,0,1,0,1,0,0,34.2423,9.7,69.65,0.0,457.0,1.0,2099.0
2382,52,64.0,0.0,0.0,840.0,0.0,11,0,1,1,0,0,0,33.8885,9.35,69.3,1.0,458.0,2.0,2101.0
2383,53,64.0,1.0,1.0,841.0,0.0,11,1,0,1,0,0,0,34.1935,15.3,68.95,0.0,458.0,0.0,2101.0
2384,52,64.0,0.0,0.0,841.0,0.0,9,0,2,1,1,0,0,34.5754,14.8,68.6,0.0,458.0,2.0,2103.0
2385,53,65.0,1.0,0.0,841.0,0.0,10,0,1,1,1,0,0,34.9304,14.45,68.25,0.0,458.0,1.0,2104.0
2386,53,65.0,0.0,0.0,841.0,0.0,10,0,1,1,1,0,0,35.3123,14.1,67.9,1.0,459.0,2.0,2106.0
2387,54,65.0,1.0,1.0,842.0,0.0,10,1,0,1,1,0,0,35.6288,13.75,67.55,0.0,459.0,0.0,2106.0
2388,53,65.0,0.0,0.0,842.0,0.0,10,0,1,1,1,0,0,35.9838,13.4,67.2,0.0,459.0,1.0,2107.0
2389,54,65.0,1.0,1.0,843.0,0.0,10,1,0,1,1,0,0,36.3004,13.05,72.805,0.0,459.0,0.0,2107.0
2390,53,65.0,0.0,0.0,843.0,0.0,11,0,0,1,1,0,0,36.6169,12.7,81.87,0.0,459.0,0.0,2107.0
2391,53,64.0,0.0,1.0,844.0,0.0,9,1,2,1,0,0,0,36.9873,12.7,90.935,0.0,459.0,2.0,2109.0
2392,52,64.0,0.0,0.0,844.0,0.0,11,0,1,0,1,0,0,37.3423,12.7,99.65,1.0,460.0,2.0,2111.0
2393,52,64.0,0.0,0.0,844.0,0.0,12,0,0,0,1,0,0,36.9231,12.35,99.3,0.0,460.0,0.0,2111.0
2394,52,64.0,0.0,0.0,844.0,0.0,11,0,0,0,2,0,0,36.4808,12.0,98.95,0.0,460.0,0.0,2111.0
2395,55,66.0,3.0,1.0,845.0,0.0,10,1,0,0,2,0,0,36.05,11.65,98.6,0.0,460.0,0.0,2111.0
2396,55,65.0,0.0,1.0,846.0,0.0,10,1,0,0,2,0,0,35.6308,11.3,98.25,0.0,460.0,0.0,2111.0
2397,54,65.0,0.0,0.0,846.0,0.0,11,0,0,0,2,0,0,35.2231,10.95,97.9,0.0,460.0,0.0,2111.0
2398,54,65.0,0.0,0.0,846.0,0.0,10,0,1,0,2,0,0,34.8423,10.6,97.55,0.0,460.0,1.0,2112.0
2399,54,65.0,0.0,0.0,846.0,0.0,10,0,1,0,2,0,0,34.4885,10.25,97.2,1.0,461.0,2.0,2114.0
2400,54,64.0,0.0,1.0,847.0,0.0,10,1,0,0,2,0,0,34.0808,9.9,96.85,0.0,461.0,0.0,2114.0
2401,53,63.0,0.0,1.0,848.0,0.0,10,1,0,0,2,0,0,33.6846,9.55,96.5,0.0,461.0,0.0,2114.0
2402,53,63.0,0.0,0.0,848.0,0.0,9,1,1,0,2,0,0,33.3654,9.2,96.15,0.0,461.0,1.0,2115.0
2403,54,65.0,2.0,0.0,848.0,0.0,11,0,0,0,2,0,0,33.0192,8.85,95.8,1.0,462.0,1.0,2116.0
2404,54,64.0,0.0,1.0,849.0,0.0,9,1,1,0,2,0,0,32.6385,8.5,95.45,0.0,462.0,1.0,2117.0
2405,55,65.0,1.0,0.0,849.0,0.0,8,1,1,0,3,0,0,32.3346,8.15,95.1,1.0,463.0,2.0,2119.0
2406,55,64.0,0.0,1.0,850.0,0.0,9,1,0,0,3,0,0,31.9269,7.8,94.75,0.0,463.0,0.0,2119.0
2407,55,65.0,1.0,0.0,850.0,0.0,9,0,2,0,2,0,0,31.5846,7.8,94.4,0.0,463.0,2.0,2121.0
2408,55,65.0,0.0,0.0,850.0,0.0,9,0,2,0,2,0,0,31.2308,7.8,94.05,0.0,463.0,2.0,2123.0
2409,55,64.0,0.0,1.0,851.0,0.0,9,1,1,0,2,0,0,30.8654,7.8,93.7,1.0,464.0,2.0,2125.0
2410,55,64.0,0.0,0.0,851.0,0.0,8,1,1,0,3,0,0,30.5,7.45,93.2,0.0,464.0,1.0,2126.0
2411,56,64.0,1.0,1.0,852.0,0.0,8,2,0,0,3,0,0,30.0962,7.1,92.7,0.0,464.0,0.0,2126.0
2412,54,64.0,0.0,0.0,852.0,0.0,9,0,1,0,3,0,0,29.7038,6.75,92.2,0.0,464.0,1.0,2127.0
2413,54,64.0,0.0,0.0,852.0,0.0,9,0,0,0,4,0,0,29.2846,6.4,91.7,0.0,464.0,0.0,2127.0
2414,54,63.0,0.0,1.0,853.0,0.0,7,1,1,0,4,0,0,28.9038,6.05,91.2,0.0,464.0,1.0,2128.0
2415,54,64.0,1.0,0.0,853.0,0.0,9,0,0,0,4,0,0,28.5077,5.7,90.7,0.0,464.0,0.0,2128.0
2416,54,63.0,0.0,1.0,854.0,0.0,8,1,0,0,4,0,0,28.1115,5.35,90.2,0.0,464.0,0.0,2128.0
2417,54,63.0,1.0,1.0,855.0,0.0,7,1,0,0,4,1,0,27.7269,5.0,89.7,0.0,464.0,0.0,2128.0
2418,54,63.0,0.0,0.0,855.0,0.0,8,0,0,0,4,1,0,27.3808,4.65,89.2,0.0,464.0,0.0,2128.0
2419,56,65.0,2.0,0.0,855.0,0.0,6,0,3,1,2,1,0,27.1269,4.3,89.2,0.0,464.0,3.0,2131.0
2420,56,64.0,0.0,1.0,856.0,0.0,7,1,1,1,2,1,0,27.5842,3.95,88.7,1.0,465.0,2.0,2133.0
2421,55,64.0,0.0,0.0,856.0,0.0,8,0,0,2,2,1,0,27.9877,3.6,88.2,0.0,465.0,0.0,2133.0
2422,55,64.0,0.0,0.0,856.0,0.0,8,0,0,2,2,1,0,29.1481,9.65,87.7,0.0,465.0,0.0,2133.0
2423,55,64.0,0.0,0.0,856.0,0.0,8,0,0,2,2,1,0,30.3085,9.3,87.2,0.0,465.0,0.0,2133.0
2424,55,63.0,0.0,1.0,857.0,0.0,7,1,0,2,2,1,0,31.4688,8.95,86.7,0.0,465.0,0.0,2133.0
2425,55,64.0,1.0,0.0,857.0,0.0,7,0,0,2,2,2,0,32.6408,8.6,86.2,0.0,465.0,0.0,2133.0
2426,55,64.0,0.0,0.0,857.0,0.0,7,0,0,2,2,2,0,33.8512,8.25,85.7,0.0,465.0,0.0,2133.0
2427,56,65.0,1.0,0.0,857.0,0.0,5,0,1,2,2,3,0,35.0769,7.9,85.7,0.0,465.0,1.0,2134.0
2428,56,65.0,0.0,0.0,857.0,0.0,6,0,0,2,2,3,0,36.3027,7.55,90.605,0.0,465.0,0.0,2134.0
2429,56,65.0,0.0,0.0,857.0,0.0,7,0,0,1,3,2,0,37.4746,7.2,99.65,0.0,465.0,0.0,2134.0
2430,56,64.0,0.0,1.0,858.0,0.0,5,1,1,1,3,2,0,37.9508,6.85,99.3,0.0,465.0,1.0,2135.0
2431,57,66.0,2.0,0.0,858.0,0.0,8,0,1,0,3,1,0,38.3846,6.85,99.65,0.0,465.0,1.0,2136.0
2432,57,66.0,0.0,0.0,858.0,0.0,6,0,2,0,4,1,0,38.1038,6.5,99.3,0.0,465.0,2.0,2138.0
2433,57,65.0,0.0,1.0,859.0,0.0,6,1,1,1,3,1,0,37.8115,6.15,98.95,1.0,466.0,2.0,2140.0
2434,56,65.0,0.0,0.0,859.0,0.0,6,0,2,2,2,1,0,38.2681,7.6,98.6,0.0,466.0,2.0,2142.0
2435,58,67.0,2.0,0.0,859.0,0.0,6,0,2,2,2,1,0,39.4892,12.4,98.25,1.0,467.0,3.0,2145.0
2436,58,67.0,0.0,0.0,859.0,0.0,8,0,0,2,2,1,0,40.6296,12.05,97.9,0.0,467.0,0.0,2145.0
2437,58,67.0,0.0,0.0,859.0,0.0,7,0,1,2,2,1,0,41.8085,11.7,97.55,0.0,467.0,1.0,2146.0
2438,58,67.0,0.0,0.0,859.0,0.0,8,0,0,2,2,1,0,42.9488,11.35,97.2,0.0,467.0,0.0,2146.0
2439,58,67.0,0.0,0.0,859.0,0.0,8,0,0,2,2,1,0,44.0892,11.0,96.85,0.0,467.0,0.0,2146.0
2440,58,67.0,0.0,0.0,859.0,0.0,7,0,1,2,2,1,0,45.2681,10.65,96.5,0.0,467.0,1.0,2147.0
2441,58,67.0,0.0,0.0,859.0,0.0,8,0,0,2,2,1,0,46.3969,10.3,96.15,0.0,467.0,0.0,2147.0
2442,58,67.0,0.0,0.0,859.0,0.0,8,0,0,2,2,1,0,47.5258,9.95,95.8,0.0,467.0,0.0,2147.0
2443,59,67.0,2.0,2.0,861.0,0.0,7,2,0,1,3,0,0,48.5892,9.6,99.65,0.0,467.0,0.0,2147.0
2444,57,67.0,0.0,0.0,861.0,0.0,10,0,0,0,3,0,0,48.9269,9.25,99.65,0.0,467.0,0.0,2147.0
2445,59,69.0,2.0,0.0,861.0,0.0,10,0,0,0,3,0,0,48.5423,8.9,99.3,0.0,467.0,0.0,2147.0
2446,59,69.0,0.0,0.0,861.0,0.0,10,0,0,0,3,0,0,48.1577,8.55,98.95,0.0,467.0,0.0,2147.0
2447,59,69.0,0.0,0.0,861.0,0.0,10,0,1,0,2,0,0,47.7885,8.2,98.6,0.0,467.0,1.0,2148.0
2448,59,69.0,0.0,0.0,861.0,0.0,8,0,2,0,3,0,0,47.4577,7.85,98.25,0.0,467.0,2.0,2150.0
2449,59,68.0,0.0,1.0,862.0,0.0,8,1,1,1,2,0,0,47.1269,7.5,97.9,1.0,468.0,2.0,2152.0
2450,58,68.0,0.0,0.0,862.0,0.0,10,0,0,1,2,0,0,47.4738,7.15,97.55,0.0,468.0,0.0,2152.0
2451,59,69.0,1.0,0.0,862.0,0.0,10,0,0,1,2,0,0,47.8092,6.8,97.2,0.0,468.0,0.0,2152.0
2452,59,69.0,0.0,0.0,862.0,0.0,10,0,0,1,2,0,0,48.1446,6.45,96.85,0.0,468.0,0.0,2152.0
2453,59,69.0,0.0,0.0,862.0,0.0,9,0,0,1,3,0,0,48.4685,6.1,96.5,0.0,468.0,0.0,2152.0
2454,59,67.0,0.0,2.0,864.0,0.0,7,2,0,1,3,0,0,48.8038,5.75,96.15,0.0,468.0,0.0,2152.0
2455,60,67.0,2.0,2.0,866.0,0.0,6,2,0,1,3,1,0,49.1777,5.4,95.8,0.0,468.0,0.0,2152.0
2456,59,67.0,0.0,0.0,866.0,0.0,8,0,0,2,2,1,0,49.5746,5.05,95.45,0.0,468.0,0.0,2152.0
2457,59,67.0,0.0,0.0,866.0,0.0,8,0,0,2,2,1,0,50.7288,9.55,95.1,0.0,468.0,0.0,2152.0
2458,59,67.0,0.0,0.0,866.0,0.0,5,0,3,2,2,1,0,51.9638,9.2,94.75,0.0,468.0,3.0,2155.0
2459,60,69.0,2.0,0.0,866.0,0.0,8,0,1,2,2,0,0,53.1181,8.85,99.65,1.0,469.0,2.0,2157.0
2460,60,68.0,0.0,1.0,867.0,0.0,8,1,0,2,2,0,0,54.2304,12.3,99.3,0.0,469.0,0.0,2157.0
2461,59,68.0,0.0,0.0,867.0,0.0,8,0,1,2,2,0,0,55.3812,11.95,98.95,0.0,469.0,1.0,2158.0
2462,59,68.0,0.0,0.0,867.0,0.0,9,0,0,2,2,0,0,56.505,11.6,98.6,0.0,469.0,0.0,2158.0
2463,59,68.0,0.0,0.0,867.0,0.0,9,0,0,2,2,0,0,57.6288,11.25,98.25,0.0,469.0,0.0,2158.0
2464,59,68.0,0.0,0.0,867.0,0.0,8,0,1,2,2,0,0,58.7681,10.9,97.9,0.0,469.0,1.0,2159.0
2465,60,69.0,1.0,0.0,867.0,0.0,6,0,4,2,1,0,0,59.9881,10.9,97.55,0.0,469.0,4.0,2163.0
2466,59,69.0,0.0,0.0,867.0,0.0,9,0,1,1,2,0,0,61.1812,10.9,99.65,3.0,472.0,4.0,2167.0
2467,61,71.0,2.0,0.0,867.0,0.0,10,0,0,1,2,0,0,61.5362,10.55,99.3,0.0,472.0,0.0,2167.0
2468,61,71.0,0.0,0.0,867.0,0.0,10,0,0,1,2,0,0,61.8912,10.2,98.95,0.0,472.0,0.0,2167.0
2469,60,70.0,0.0,1.0,868.0,0.0,10,1,0,0,2,0,0,62.2192,9.85,99.65,0.0,472.0,0.0,2167.0
2470,59,69.0,0.0,1.0,869.0,0.0,10,1,1,0,1,0,0,61.85,9.85,99.3,0.0,472.0,1.0,2168.0
2471,58,69.0,0.0,0.0,869.0,0.0,11,0,0,0,2,0,0,61.4538,9.5,98.95,0.0,472.0,0.0,2168.0
2472,58,69.0,0.0,0.0,869.0,0.0,11,0,0,0,2,0,0,61.0462,9.15,98.6,0.0,472.0,0.0,2168.0
2473,59,70.0,1.0,0.0,869.0,0.0,10,0,2,0,1,0,0,60.7038,8.8,98.25,0.0,472.0,2.0,2170.0
2474,59,69.0,0.0,1.0,870.0,0.0,6,1,5,0,1,0,0,60.4808,8.45,97.9,1.0,473.0,6.0,2176.0
2475,60,71.0,2.0,0.0,870.0,0.0,10,0,2,0,1,0,0,60.1923,8.1,97.55,2.0,475.0,4.0,2180.0
2476,60,71.0,0.0,0.0,870.0,0.0,10,0,1,0,2,0,0,59.8346,7.75,97.2,0.0,475.0,1.0,2181.0
2477,60,71.0,0.0,0.0,870.0,0.0,11,0,1,0,1,0,0,59.4654,7.75,96.85,0.0,475.0,1.0,2182.0
2478,60,71.0,0.0,0.0,870.0,0.0,9,0,2,0,2,0,0,59.1231,7.4,96.5,0.0,475.0,2.0,2184.0
2479,61,72.0,1.0,0.0,870.0,0.0,8,0,4,0,1,0,0,58.8846,7.4,96.15,1.0,476.0,5.0,2189.0
2480,61,71.0,0.0,1.0,871.0,0.0,8,1,1,0,3,0,0,58.5808,7.4,95.8,2.0,478.0,3.0,2192.0
2481,60,71.0,0.0,0.0,871.0,0.0,9,0,1,0,3,0,0,58.2231,7.05,95.45,0.0,478.0,1.0,2193.0
2482,60,71.0,0.0,0.0,871.0,0.0,9,0,1,1,2,0,0,57.8538,6.7,95.1,0.0,478.0,1.0,2194.0
2483,61,72.0,1.0,0.0,871.0,0.0,10,0,0,1,2,0,0,58.1862,6.35,94.75,0.0,478.0,0.0,2194.0
2484,61,71.0,0.0,1.0,872.0,0.0,8,1,0,1,3,0,0,58.5185,6.0,94.4,0.0,478.0,0.0,2194.0
2485,62,72.0,1.0,0.0,872.0,0.0,9,0,0,1,3,0,0,58.8738,5.65,94.05,0.0,478.0,0.0,2194.0
2486,62,72.0,0.0,0.0,872.0,0.0,9,0,0,1,3,0,0,59.2292,5.3,93.7,0.0,478.0,0.0,2194.0
2487,63,73.0,1.0,0.0,872.0,0.0,8,0,1,1,3,0,0,59.6231,4.95,93.35,0.0,478.0,1.0,2195.0
2488,63,73.0,0.0,0.0,872.0,0.0,8,0,1,1,3,0,0,60.0323,4.6,93.0,1.0,479.0,2.0,2197.0
2489,63,73.0,0.0,0.0,872.0,0.0,9,0,0,1,3,0,0,60.3646,4.25,92.65,0.0,479.0,0.0,2197.0
2490,63,72.0,0.0,1.0,873.0,0.0,6,1,2,1,3,0,0,60.7623,3.9,92.65,0.0,479.0,2.0,2199.0
2491,64,74.0,2.0,0.0,873.0,0.0,9,0,0,1,3,0,0,61.0946,3.55,92.3,0.0,479.0,0.0,2199.0
2492,63,74.0,0.0,0.0,873.0,0.0,10,0,0,0,3,0,0,61.3885,3.2,99.65,0.0,479.0,0.0,2199.0
2493,63,74.0,0.0,0.0,873.0,0.0,10,0,0,0,3,0,0,60.9692,2.85,99.3,0.0,479.0,0.0,2199.0
2494,63,73.0,0.0,1.0,874.0,0.0,9,1,0,0,3,0,0,60.55,2.5,98.95,0.0,479.0,0.0,2199.0
2495,63,73.0,1.0,1.0,875.0,0.0,9,1,0,0,3,0,0,60.1423,2.15,98.6,0.0,479.0,0.0,2199.0
2496,62,72.0,0.0,1.0,876.0,0.0,9,1,0,0,3,0,0,59.7462,1.8,98.25,0.0,479.0,0.0,2199.0
2497,61,71.0,0.0,1.0,877.0,0.0,8,1,2,1,1,0,0,59.4154,1.8,98.25,0.0,479.0,2.0,2201.0
2498,61,70.0,0.0,1.0,878.0,0.0,8,1,2,1,1,0,0,59.8519,1.8,98.25,1.0,480.0,3.0,2204.0
2499,61,71.0,1.0,0.0,878.0,0.0,10,0,0,1,2,0,0,60.2192,1.45,97.9,0.0,480.0,0.0,2204.0
2500,61,71.0,0.0,0.0,878.0,0.0,9,0,2,1,1,0,0,60.6288,1.45,97.55,0.0,480.0,2.0,2206.0
2501,62,71.0,1.0,1.0,879.0,0.0,9,1,0,1,2,0,0,60.9731,1.1,97.2,0.0,480.0,0.0,2206.0
2502,61,71.0,0.0,0.0,879.0,0.0,10,0,0,1,2,0,0,61.3288,0.75,96.85,0.0,480.0,0.0,2206.0
2503,62,72.0,1.0,0.0,879.0,0.0,10,0,0,1,2,0,0,61.6846,0.4,96.5,0.0,480.0,0.0,2206.0
2504,62,72.0,0.0,0.0,879.0,0.0,10,0,0,2,1,0,0,62.0288,0.05,96.15,0.0,480.0,0.0,2206.0
2505,63,73.0,1.0,0.0,879.0,0.0,10,0,0,2,1,0,0,63.1573,7.45,95.8,0.0,480.0,0.0,2206.0
2506,63,73.0,0.0,0.0,879.0,0.0,6,0,4,3,0,0,0,64.405,7.1,95.45,0.0,480.0,4.0,2210.0
2507,63,73.0,1.0,1.0,880.0,0.0,7,1,2,2,1,0,0,66.3673,16.39,99.65,2.0,482.0,4.0,2214.0
2508,63,73.0,0.0,0.0,880.0,0.0,10,0,1,2,0,0,0,67.5469,17.5,99.3,0.0,482.0,1.0,2215.0
2509,63,73.0,0.0,0.0,880.0,0.0,10,0,0,2,1,0,0,68.6996,17.15,98.95,0.0,482.0,0.0,2215.0
2510,63,73.0,0.0,0.0,880.0,0.0,10,0,0,2,1,0,0,69.8523,16.8,98.6,0.0,482.0,0.0,2215.0
2511,63,72.0,0.0,1.0,881.0,0.0,9,1,0,2,1,0,0,70.9819,16.45,98.25,0.0,482.0,0.0,2215.0
2512,62,72.0,0.0,0.0,881.0,0.0,10,0,0,2,1,0,0,72.1231,16.1,97.9,0.0,482.0,0.0,2215.0
2513,62,72.0,0.0,0.0,881.0,0.0,8,0,2,2,1,0,0,73.3296,15.75,97.55,0.0,482.0,2.0,2217.0
2514,61,71.0,0.0,1.0,882.0,0.0,9,1,1,1,1,0,0,74.5092,15.4,99.65,1.0,483.0,2.0,2219.0
2515,64,75.0,4.0,0.0,882.0,0.0,11,0,0,1,1,0,0,74.8662,15.05,99.3,0.0,483.0,0.0,2219.0
2516,63,75.0,0.0,0.0,882.0,0.0,12,0,0,0,1,0,0,75.1846,14.7,99.65,0.0,483.0,0.0,2219.0
2517,63,74.0,0.0,1.0,883.0,0.0,11,1,0,0,1,0,0,74.7885,14.35,99.3,0.0,483.0,0.0,2219.0
2518,62,72.0,0.0,2.0,885.0,0.0,10,2,0,0,1,0,0,74.4038,14.0,98.95,0.0,483.0,0.0,2219.0
2519,60,72.0,0.0,0.0,885.0,0.0,12,0,0,0,1,0,0,74.0308,13.65,98.6,0.0,483.0,0.0,2219.0
2520,60,72.0,0.0,0.0,885.0,0.0,12,0,0,0,1,0,0,73.6462,13.3,98.25,0.0,483.0,0.0,2219.0
2521,60,72.0,0.0,0.0,885.0,0.0,12,0,0,0,1,0,0,73.2615,12.95,97.9,0.0,483.0,0.0,2219.0
2522,60,72.0,0.0,0.0,885.0,0.0,11,0,1,0,1,0,0,72.9154,12.6,97.55,0.0,483.0,1.0,2220.0
2523,61,72.0,1.0,1.0,886.0,0.0,11,1,0,0,1,0,0,72.5308,12.25,97.2,0.0,483.0,0.0,2220.0
2524,60,72.0,0.0,0.0,886.0,0.0,12,0,0,0,1,0,0,72.1462,11.9,96.85,0.0,483.0,0.0,2220.0
2525,61,73.0,1.0,0.0,886.0,0.0,12,0,0,0,1,0,0,71.75,11.55,96.5,0.0,483.0,0.0,2220.0
2526,61,73.0,0.0,0.0,886.0,0.0,11,0,1,0,1,0,0,71.3923,11.2,96.15,0.0,483.0,1.0,2221.0
2527,62,73.0,1.0,1.0,887.0,0.0,9,1,2,0,1,0,0,71.0385,10.85,95.8,0.0,483.0,2.0,2223.0
2528,61,72.0,0.0,1.0,888.0,0.0,9,1,2,0,1,0,0,70.7231,10.5,95.45,1.0,484.0,3.0,2226.0
2529,61,73.0,1.0,0.0,888.0,0.0,10,0,2,0,1,0,0,70.3808,10.15,95.1,1.0,485.0,2.0,2228.0
2530,61,73.0,0.0,0.0,888.0,0.0,12,0,0,1,0,0,0,69.9846,9.8,94.75,0.0,485.0,0.0,2228.0
2531,62,73.0,1.0,1.0,889.0,0.0,10,1,1,1,0,0,0,70.3362,18.82,94.4,0.0,485.0,1.0,2229.0
2532,61,73.0,0.0,0.0,889.0,0.0,12,0,0,1,0,0,0,70.6723,27.84,94.05,0.0,485.0,0.0,2229.0
2533,61,73.0,0.0,0.0,889.0,0.0,10,0,2,1,0,0,0,71.0623,36.86,93.7,0.0,485.0,2.0,2231.0
2534,61,73.0,0.0,0.0,889.0,0.0,11,0,1,1,0,0,0,71.4408,45.88,93.35,1.0,486.0,2.0,2233.0
2535,62,73.0,1.0,1.0,890.0,0.0,11,1,0,1,0,0,0,71.7423,45.65,92.85,0.0,486.0,0.0,2233.0
2536,61,73.0,0.0,0.0,890.0,0.0,11,0,1,1,0,0,0,72.0938,45.3,92.35,0.0,486.0,1.0,2234.0
2537,61,73.0,0.0,0.0,890.0,0.0,9,0,3,1,0,0,0,72.4877,45.3,91.85,0.0,486.0,3.0,2237.0
2538,61,73.0,0.0,0.0,890.0,0.0,9,0,3,1,0,0,0,72.9315,45.3,91.35,1.0,487.0,4.0,2241.0
2539,63,75.0,2.0,0.0,890.0,0.0,11,0,1,1,0,0,0,73.2985,44.95,91.25,1.0,488.0,2.0,2243.0
2540,62,74.0,0.0,1.0,891.0,0.0,12,1,0,0,0,0,0,73.5615,44.6,99.65,0.0,488.0,0.0,2243.0
2541,61,74.0,0.0,0.0,891.0,0.0,12,0,1,0,0,0,0,73.1692,44.25,99.3,0.0,488.0,1.0,2244.0
2542,61,73.0,0.0,1.0,892.0,0.0,12,1,0,0,0,0,0,72.75,43.9,98.95,0.0,488.0,0.0,2244.0
2543,61,74.0,1.0,0.0,892.0,0.0,10,0,3,0,0,0,0,72.4346,43.9,98.6,0.0,488.0,3.0,2247.0
2544,61,73.0,0.0,1.0,893.0,0.0,11,1,1,0,0,0,0,72.0808,43.9,98.25,1.0,489.0,2.0,2249.0
2545,61,73.0,1.0,1.0,894.0,0.0,12,1,0,0,0,0,0,71.6615,43.55,97.9,0.0,489.0,0.0,2249.0
2546,60,73.0,0.0,0.0,894.0,0.0,12,0,1,0,0,0,0,71.2808,43.55,97.55,0.0,489.0,1.0,2250.0
2547,61,74.0,1.0,0.0,894.0,0.0,12,0,1,0,0,0,0,70.8885,43.2,97.2,0.0,489.0,1.0,2251.0
2548,61,73.0,0.0,1.0,895.0,0.0,12,1,0,0,0,0,0,70.4692,42.85,96.85,0.0,489.0,0.0,2251.0
2549,60,72.0,0.0,1.0,896.0,0.0,12,1,0,0,0,0,0,70.0615,42.5,96.5,0.0,489.0,0.0,2251.0
2550,59,72.0,0.0,0.0,896.0,0.0,13,0,0,0,0,0,0,69.6423,42.0,96.15,0.0,489.0,0.0,2251.0
2551,60,73.0,1.0,0.0,896.0,0.0,13,0,0,0,0,0,0,69.2231,41.5,95.8,0.0,489.0,0.0,2251.0
2552,60,73.0,0.0,0.0,896.0,0.0,11,0,2,0,0,0,0,68.8692,41.0,95.45,0.0,489.0,2.0,2253.0
2553,60,73.0,0.0,0.0,896.0,0.0,12,0,1,0,0,0,0,68.5154,40.5,95.1,1.0,490.0,2.0,2255.0
2554,60,72.0,0.0,1.0,897.0,0.0,12,1,0,0,0,0,0,68.0962,40.0,94.75,0.0,490.0,0.0,2255.0
2555,61,74.0,2.0,0.0,897.0,0.0,12,0,1,0,0,0,0,67.7154,39.5,94.4,0.0,490.0,1.0,2256.0
2556,61,74.0,0.0,0.0,897.0,0.0,9,0,4,0,0,0,0,67.4269,39.0,94.05,0.0,490.0,4.0,2260.0
2557,62,75.0,1.0,0.0,897.0,0.0,10,0,3,0,0,0,0,67.1769,38.5,93.7,2.0,492.0,5.0,2265.0
2558,62,74.0,0.0,1.0,898.0,0.0,12,1,0,0,0,0,0,66.8346,38.0,93.35,2.0,494.0,2.0,2267.0
2559,61,74.0,0.0,0.0,898.0,0.0,12,0,1,0,0,0,0,66.4654,37.5,93.0,0.0,494.0,1.0,2268.0
2560,61,74.0,0.0,0.0,898.0,0.0,9,0,4,0,0,0,0,66.1885,37.5,92.65,0.0,494.0,4.0,2272.0
2561,61,74.0,0.0,0.0,898.0,0.0,11,0,2,0,0,0,0,65.9269,37.5,92.15,3.0,497.0,5.0,2277.0
2562,61,74.0,0.0,0.0,898.0,0.0,13,0,0,0,0,0,0,65.5077,37.0,91.65,0.0,497.0,0.0,2277.0
2563,63,76.0,2.0,0.0,898.0,0.0,13,0,0,0,0,0,0,65.0885,36.5,91.15,0.0,497.0,0.0,2277.0
2564,63,76.0,0.0,0.0,898.0,0.0,11,0,2,0,0,0,0,64.7346,36.0,90.65,0.0,497.0,2.0,2279.0
2565,64,77.0,1.0,0.0,898.0,0.0,11,0,2,0,0,0,0,64.4192,36.0,90.15,1.0,498.0,3.0,2282.0
2566,64,77.0,0.0,0.0,898.0,0.0,12,0,1,0,0,0,0,64.0269,35.5,89.65,0.0,498.0,1.0,2283.0
2567,64,76.0,0.0,1.0,899.0,0.0,10,1,2,0,0,0,0,63.6885,35.5,89.15,1.0,499.0,3.0,2286.0
2568,63,76.0,0.0,0.0,899.0,0.0,13,0,0,0,0,0,0,63.2577,35.0,88.8,0.0,499.0,0.0,2286.0
2569,63,74.0,0.0,2.0,901.0,0.0,9,2,2,0,0,0,0,62.9423,35.0,88.45,0.0,499.0,2.0,2288.0
2570,61,74.0,0.0,0.0,901.0,0.0,11,0,2,0,0,0,0,62.6769,35.0,88.1,2.0,501.0,4.0,2292.0
2571,63,76.0,2.0,0.0,901.0,0.0,11,0,2,0,0,0,0,62.3231,34.5,87.75,0.0,501.0,2.0,2294.0
2572,63,76.0,0.0,0.0,901.0,0.0,11,0,2,0,0,0,0,61.9808,34.0,87.4,0.0,501.0,2.0,2296.0
2573,63,76.0,0.0,0.0,901.0,0.0,11,0,2,0,0,0,0,61.6654,33.5,87.05,1.0,502.0,3.0,2299.0
2574,63,76.0,0.0,0.0,901.0,0.0,13,0,0,0,0,0,0,61.2462,33.0,86.7,0.0,502.0,0.0,2299.0
2575,65,78.0,2.0,0.0,901.0,0.0,13,0,0,0,0,0,0,60.8154,32.5,86.35,0.0,502.0,0.0,2299.0
2576,65,78.0,0.0,0.0,901.0,0.0,13,0,0,0,0,0,0,60.3846,32.0,86.0,0.0,502.0,0.0,2299.0
2577,65,78.0,0.0,0.0,901.0,0.0,10,0,3,0,0,0,0,60.0692,31.5,85.65,0.0,502.0,3.0,2302.0
2578,65,78.0,0.0,0.0,901.0,0.0,10,0,3,0,0,0,0,59.7923,31.5,85.3,1.0,503.0,4.0,2306.0
2579,66,79.0,1.0,0.0,901.0,0.0,12,0,1,0,0,0,0,59.4154,31.5,84.95,1.0,504.0,2.0,2308.0
2580,66,79.0,0.0,0.0,901.0,0.0,11,0,2,0,0,0,0,59.0385,31.0,84.6,0.0,504.0,2.0,2310.0
2581,66,79.0,0.0,0.0,901.0,0.0,10,0,3,0,0,0,0,58.7,30.5,84.25,0.0,504.0,3.0,2313.0
2582,66,79.0,0.0,0.0,901.0,0.0,10,0,3,0,0,0,0,58.4385,30.0,83.9,2.0,506.0,5.0,2318.0
2583,66,79.0,0.0,0.0,901.0,0.0,13,0,0,0,0,0,0,58.0115,29.5,83.4,1.0,507.0,1.0,2319.0
2584,66,79.0,0.0,0.0,901.0,0.0,8,0,5,0,0,0,0,57.7154,29.0,83.4,0.0,507.0,5.0,2324.0
2585,68,81.0,2.0,0.0,901.0,0.0,9,0,4,0,0,0,0,57.4308,29.0,82.9,1.0,508.0,5.0,2329.0
2586,68,81.0,0.0,0.0,901.0,0.0,10,0,3,0,0,0,0,57.0962,29.0,82.4,1.0,509.0,4.0,2333.0
2587,70,83.0,2.0,0.0,901.0,0.0,12,0,1,0,0,0,0,56.6846,28.5,81.9,1.0,510.0,2.0,2335.0
2588,70,83.0,0.0,0.0,901.0,0.0,13,0,0,0,0,0,0,56.2077,28.0,81.4,0.0,510.0,0.0,2335.0
2589,70,83.0,0.0,0.0,901.0,0.0,11,0,2,0,0,0,0,55.8077,28.0,80.9,0.0,510.0,2.0,2337.0
2590,70,83.0,0.0,0.0,901.0,0.0,10,0,3,0,0,0,0,55.4846,28.0,80.4,1.0,511.0,4.0,2341.0
2591,70,82.0,0.0,1.0,902.0,0.0,11,1,1,0,0,0,0,55.0846,27.5,79.9,1.0,512.0,2.0,2343.0
2592,69,82.0,0.0,0.0,902.0,0.0,12,0,1,0,0,0,0,54.6577,27.0,79.4,0.0,512.0,1.0,2344.0
2593,69,81.0,0.0,1.0,903.0,0.0,9,1,3,0,0,0,0,54.2846,27.0,78.9,0.0,512.0,3.0,2347.0
2594,68,81.0,0.0,0.0,903.0,0.0,11,0,2,0,0,0,0,53.9231,27.0,78.4,1.0,513.0,3.0,2350.0
2595,70,83.0,2.0,0.0,903.0,0.0,12,0,1,0,0,0,0,53.4962,26.5,77.9,0.0,513.0,1.0,2351.0
2596,70,83.0,0.0,0.0,903.0,0.0,13,0,0,0,0,0,0,53.0308,26.0,77.4,0.0,513.0,0.0,2351.0
2597,70,82.0,0.0,1.0,904.0,0.0,10,1,2,0,0,0,0,52.6308,25.5,76.9,0.0,513.0,2.0,2353.0
2598,69,80.0,0.0,2.0,906.0,0.0,10,2,1,0,0,0,0,52.2308,25.0,76.4,1.0,514.0,2.0,2355.0
2599,69,82.0,2.0,0.0,906.0,0.0,13,0,0,0,0,0,0,51.7885,24.5,76.05,0.0,514.0,0.0,2355.0
2600,69,81.0,0.0,1.0,907.0,0.0,10,1,2,0,0,0,0,51.4231,24.5,75.7,0.0,514.0,2.0,2357.0
2601,68,81.0,0.0,0.0,907.0,0.0,12,0,1,0,0,0,0,51.0692,24.0,75.35,1.0,515.0,2.0,2359.0
2602,68,80.0,0.0,1.0,908.0,0.0,12,1,0,0,0,0,0,50.6385,23.5,75.0,0.0,515.0,0.0,2359.0
2603,68,81.0,1.0,0.0,908.0,0.0,12,0,1,0,0,0,0,50.2577,23.15,74.65,0.0,515.0,1.0,2360.0
2604,68,80.0,0.0,1.0,909.0,0.0,12,1,0,0,0,0,0,49.8269,22.8,74.15,0.0,515.0,0.0,2360.0
2605,68,81.0,1.0,0.0,909.0,0.0,13,0,0,0,0,0,0,49.4077,22.45,73.65,0.0,515.0,0.0,2360.0
2606,68,79.0,0.0,2.0,911.0,0.0,11,2,0,0,0,0,0,48.9885,22.1,73.15,0.0,515.0,0.0,2360.0
2607,66,79.0,0.0,0.0,911.0,0.0,13,0,0,0,0,0,0,48.5923,21.75,72.8,0.0,515.0,0.0,2360.0
2608,66,79.0,0.0,0.0,911.0,0.0,12,0,1,0,0,0,0,48.2231,21.4,72.45,0.0,515.0,1.0,2361.0
2609,66,78.0,0.0,1.0,912.0,0.0,10,1,2,0,0,0,0,47.8923,21.05,72.1,0.0,515.0,2.0,2363.0
2610,65,78.0,0.0,0.0,912.0,0.0,10,0,3,0,0,0,0,47.6154,20.55,71.75,1.0,516.0,4.0,2367.0
2611,67,79.0,2.0,1.0,913.0,0.0,12,1,0,0,0,0,0,47.2077,20.05,71.4,0.0,516.0,0.0,2367.0
2612,66,78.0,0.0,1.0,914.0,0.0,8,1,4,0,0,0,0,46.9308,19.55,71.05,0.0,516.0,4.0,2371.0
2613,66,79.0,1.0,0.0,914.0,0.0,11,0,2,0,0,0,0,46.6654,19.05,70.7,2.0,518.0,4.0,2375.0
2614,66,79.0,0.0,0.0,914.0,0.0,12,0,1,0,0,0,0,46.2962,18.55,70.35,0.0,518.0,1.0,2376.0
2615,67,80.0,1.0,0.0,914.0,0.0,12,0,1,0,0,0,0,45.9154,18.05,70.0,0.0,518.0,1.0,2377.0
2616,67,80.0,0.0,0.0,914.0,0.0,11,0,2,0,0,0,0,45.5731,17.55,69.65,0.0,518.0,2.0,2379.0
2617,67,80.0,0.0,0.0,914.0,0.0,12,0,1,0,0,0,0,45.2308,17.05,69.3,1.0,519.0,2.0,2381.0
2618,67,79.0,0.0,1.0,915.0,0.0,10,1,2,0,0,0,0,44.8538,16.55,68.95,0.0,519.0,2.0,2383.0
2619,67,79.0,1.0,1.0,916.0,0.0,10,1,2,0,0,0,0,44.4769,16.05,68.95,0.0,519.0,2.0,2385.0
2620,66,79.0,0.0,0.0,916.0,0.0,12,0,1,0,0,0,0,44.1115,15.55,68.95,1.0,520.0,2.0,2387.0
2621,66,77.0,0.0,2.0,918.0,0.0,11,2,0,0,0,0,0,43.6923,15.05,68.6,0.0,520.0,0.0,2387.0
2622,64,76.0,0.0,1.0,919.0,0.0,11,1,0,0,1,0,0,43.2962,14.7,68.25,0.0,520.0,0.0,2387.0
2623,64,77.0,1.0,0.0,919.0,0.0,9,0,4,0,0,0,0,43.0308,14.7,67.9,0.0,520.0,4.0,2391.0
2624,64,77.0,0.0,0.0,919.0,0.0,11,0,1,0,1,0,0,42.7115,14.35,67.55,1.0,521.0,2.0,2393.0
2625,65,78.0,1.0,0.0,919.0,0.0,12,0,0,0,1,0,0,42.3154,14.0,67.2,0.0,521.0,0.0,2393.0
2626,65,78.0,0.0,0.0,919.0,0.0,11,0,1,0,1,0,0,41.9577,13.65,66.85,0.0,521.0,1.0,2394.0
2627,67,80.0,2.0,0.0,919.0,0.0,9,0,3,0,1,0,0,41.6423,13.3,66.5,0.0,521.0,3.0,2397.0
2628,67,79.0,0.0,1.0,920.0,0.0,11,1,1,0,0,0,0,41.3,13.3,66.15,1.0,522.0,2.0,2399.0
2629,66,78.0,0.0,1.0,921.0,0.0,11,1,0,0,1,0,0,40.9038,12.95,65.8,0.0,522.0,0.0,2399.0
2630,65,78.0,0.0,0.0,921.0,0.0,12,0,0,0,1,0,0,40.5192,12.6,65.45,0.0,522.0,0.0,2399.0
2631,65,78.0,0.0,0.0,921.0,0.0,10,0,2,0,1,0,0,40.1885,12.25,65.1,0.0,522.0,2.0,2401.0
2632,65,78.0,0.0,0.0,921.0,0.0,10,0,2,0,1,0,0,39.8731,11.9,64.6,1.0,523.0,3.0,2404.0
2633,65,78.0,0.0,0.0,921.0,0.0,9,0,3,0,1,0,0,39.5577,11.55,64.1,0.0,523.0,3.0,2407.0
2634,65,77.0,0.0,1.0,922.0,0.0,6,1,5,0,1,0,0,39.3346,11.2,63.6,1.0,524.0,6.0,2413.0
2635,67,80.0,3.0,0.0,922.0,0.0,10,0,2,0,1,0,0,39.0308,10.85,63.1,1.0,525.0,3.0,2416.0
2636,67,79.0,0.0,1.0,923.0,0.0,11,1,0,0,1,0,0,38.6231,10.5,62.6,0.0,525.0,0.0,2416.0
2637,66,79.0,0.0,0.0,923.0,0.0,11,0,1,0,1,0,0,38.2423,10.15,62.1,0.0,525.0,1.0,2417.0
2638,66,79.0,0.0,0.0,923.0,0.0,10,0,2,0,1,0,0,37.9,9.8,62.1,0.0,525.0,2.0,2419.0
2639,66,79.0,0.0,0.0,923.0,0.0,9,0,3,0,1,0,0,37.6231,9.45,62.1,1.0,526.0,4.0,2423.0
2640,66,79.0,0.0,0.0,923.0,0.0,11,0,1,0,1,0,0,37.2808,9.1,61.6,1.0,527.0,2.0,2425.0
2641,67,80.0,1.0,0.0,923.0,0.0,12,0,0,0,1,0,0,36.8615,8.75,61.1,0.0,527.0,0.0,2425.0
2642,67,79.0,0.0,1.0,924.0,0.0,11,1,0,0,1,0,0,36.4308,8.4,60.6,0.0,527.0,0.0,2425.0
2643,67,80.0,1.0,0.0,924.0,0.0,12,0,0,0,1,0,0,36.0115,8.05,60.1,0.0,527.0,0.0,2425.0
2644,67,79.0,0.0,1.0,925.0,0.0,11,1,0,1,0,0,0,35.5808,7.7,59.6,0.0,527.0,0.0,2425.0
2645,67,80.0,1.0,0.0,925.0,0.0,11,0,1,1,0,0,0,35.9369,16.45,59.6,0.0,527.0,1.0,2426.0
2646,67,80.0,0.0,0.0,925.0,0.0,12,0,0,1,0,0,0,36.2546,16.1,59.1,0.0,527.0,0.0,2426.0
2647,68,79.0,1.0,2.0,927.0,0.0,10,2,0,1,0,0,0,36.5492,15.75,58.6,0.0,527.0,0.0,2426.0
2648,67,79.0,0.0,0.0,927.0,0.0,12,0,0,1,0,0,0,36.8554,15.4,58.1,0.0,527.0,0.0,2426.0
2649,67,78.0,0.0,1.0,928.0,0.0,9,1,2,1,0,0,0,37.2269,15.4,58.1,0.0,527.0,2.0,2428.0
2650,66,78.0,0.0,0.0,928.0,0.0,11,0,1,1,0,0,0,37.61,15.4,63.08,1.0,528.0,2.0,2430.0
2651,67,79.0,1.0,0.0,928.0,0.0,11,0,1,1,0,0,0,37.9431,15.05,72.31,0.0,528.0,1.0,2431.0
2652,67,79.0,0.0,0.0,928.0,0.0,9,0,2,1,1,0,0,38.3146,14.7,81.54,0.0,528.0,2.0,2433.0
2653,67,78.0,0.0,1.0,929.0,0.0,9,1,1,1,1,0,0,38.6862,14.35,90.77,1.0,529.0,2.0,2435.0
2654,66,77.0,0.0,1.0,930.0,0.0,11,1,0,0,1,0,0,38.9769,14.0,99.65,0.0,529.0,0.0,2435.0
2655,67,78.0,2.0,1.0,931.0,0.0,11,1,0,0,1,0,0,38.5692,13.65,99.3,0.0,529.0,0.0,2435.0
2656,66,78.0,0.0,0.0,931.0,0.0,12,0,0,0,1,0,0,38.1731,13.3,98.95,0.0,529.0,0.0,2435.0
2657,66,77.0,0.0,1.0,932.0,0.0,11,1,0,0,1,0,0,37.7769,12.95,98.6,0.0,529.0,0.0,2435.0
2658,65,77.0,0.0,0.0,932.0,0.0,10,0,2,0,1,0,0,37.4462,12.6,98.25,0.0,529.0,2.0,2437.0
2659,67,79.0,2.0,0.0,932.0,0.0,11,0,0,0,2,0,0,37.0615,12.25,97.9,0.0,529.0,0.0,2437.0
2660,67,78.0,0.0,1.0,933.0,0.0,10,1,0,0,2,0,0,36.6654,11.9,97.55,0.0,529.0,0.0,2437.0
2661,66,78.0,0.0,0.0,933.0,0.0,9,0,2,0,2,0,0,36.3462,11.55,97.2,0.0,529.0,2.0,2439.0
2662,66,77.0,0.0,1.0,934.0,0.0,10,1,0,0,2,0,0,35.9615,11.2,96.85,0.0,529.0,0.0,2439.0
2663,66,77.0,0.0,0.0,934.0,0.0,9,0,2,0,2,0,0,35.6308,10.85,96.5,0.0,529.0,2.0,2441.0
2664,66,77.0,0.0,0.0,934.0,0.0,10,0,1,0,2,0,0,35.2731,10.5,96.15,0.0,529.0,1.0,2442.0
2665,67,78.0,1.0,0.0,934.0,0.0,11,0,0,0,2,0,0,34.8885,10.15,95.8,0.0,529.0,0.0,2442.0
2666,67,78.0,0.0,0.0,934.0,0.0,11,0,0,0,2,0,0,34.5038,9.8,95.45,0.0,529.0,0.0,2442.0
2667,68,79.0,1.0,0.0,934.0,0.0,11,0,0,0,2,0,0,34.1192,9.45,95.1,0.0,529.0,0.0,2442.0
2668,68,79.0,0.0,0.0,934.0,0.0,10,0,1,0,2,0,0,33.7615,9.1,94.75,0.0,529.0,1.0,2443.0
2669,69,80.0,1.0,0.0,934.0,0.0,5,0,6,0,2,0,0,33.5615,8.75,94.4,0.0,529.0,6.0,2449.0
2670,69,80.0,0.0,0.0,934.0,0.0,8,0,2,0,3,0,0,33.3077,8.4,94.05,2.0,531.0,4.0,2453.0
2671,70,81.0,1.0,0.0,934.0,0.0,9,0,2,0,2,0,0,32.9654,8.05,93.7,0.0,531.0,2.0,2455.0
2672,70,81.0,0.0,0.0,934.0,0.0,7,0,4,0,2,0,0,32.7269,7.7,93.35,1.0,532.0,5.0,2460.0
2673,70,81.0,0.0,0.0,934.0,0.0,8,0,2,1,2,0,0,32.4615,7.35,93.35,2.0,534.0,4.0,2464.0
2674,70,81.0,0.0,0.0,934.0,0.0,10,0,0,1,2,0,0,32.805,9.65,93.0,0.0,534.0,0.0,2464.0
2675,72,83.0,2.0,0.0,934.0,0.0,10,0,0,1,2,0,0,33.1485,9.3,92.65,0.0,534.0,0.0,2464.0
2676,72,83.0,0.0,0.0,934.0,0.0,10,0,0,1,2,0,0,33.4804,8.95,92.3,0.0,534.0,0.0,2464.0
2677,72,83.0,0.0,0.0,934.0,0.0,9,0,0,1,3,0,0,33.8123,8.6,91.95,0.0,534.0,0.0,2464.0
2678,72,83.0,0.0,0.0,934.0,0.0,9,0,0,1,3,0,0,34.1442,8.25,91.6,0.0,534.0,0.0,2464.0
2679,72,83.0,0.0,0.0,934.0,0.0,9,0,0,1,3,0,0,34.4646,7.9,91.25,0.0,534.0,0.0,2464.0
2680,72,83.0,0.0,0.0,934.0,0.0,9,0,0,1,3,0,0,34.785,7.55,90.9,0.0,534.0,0.0,2464.0
2681,72,83.0,0.0,0.0,934.0,0.0,9,0,0,1,3,0,0,35.0823,7.2,90.4,0.0,534.0,0.0,2464.0
2682,72,82.0,0.0,1.0,935.0,0.0,7,1,0,1,3,1,0,35.3796,6.85,90.735,0.0,534.0,0.0,2464.0
2683,74,85.0,3.0,0.0,935.0,0.0,8,0,1,1,3,0,0,35.7,6.5,100.0,0.0,534.0,1.0,2465.0
2684,74,85.0,0.0,0.0,935.0,0.0,9,0,0,1,3,0,0,36.0538,10.5,100.0,1.0,535.0,1.0,2466.0
2685,75,86.0,1.0,0.0,935.0,0.0,9,0,0,1,3,0,0,36.3808,10.15,99.65,0.0,535.0,0.0,2466.0
2686,75,86.0,0.0,0.0,935.0,0.0,8,0,2,1,2,0,0,36.7615,9.8,99.3,0.0,535.0,2.0,2468.0
2687,75,86.0,0.0,0.0,935.0,0.0,9,0,1,1,2,0,0,37.1308,9.45,98.95,1.0,536.0,2.0,2470.0
2688,75,85.0,0.0,1.0,936.0,0.0,8,1,0,1,3,0,0,37.4462,9.1,98.6,0.0,536.0,0.0,2470.0
2689,74,83.0,0.0,2.0,938.0,0.0,7,2,0,1,3,0,0,37.7731,8.75,98.25,0.0,536.0,0.0,2470.0
2690,72,83.0,0.0,0.0,938.0,0.0,9,0,0,1,3,0,0,38.1231,8.4,97.9,0.0,536.0,0.0,2470.0
2691,73,84.0,1.0,0.0,938.0,0.0,8,0,0,1,3,1,0,38.4731,8.05,97.55,0.0,536.0,0.0,2470.0
2692,73,83.0,0.0,1.0,939.0,0.0,7,1,0,1,3,1,0,38.8615,7.7,97.2,0.0,536.0,0.0,2470.0
2693,72,83.0,0.0,0.0,939.0,0.0,9,0,0,0,4,0,0,39.2077,7.35,99.65,0.0,536.0,0.0,2470.0
2694,72,83.0,0.0,0.0,939.0,0.0,9,0,0,1,3,0,0,38.8346,7.0,99.3,0.0,536.0,0.0,2470.0
2695,74,84.0,2.0,1.0,940.0,0.0,8,1,0,1,3,0,0,39.1796,6.65,98.95,0.0,536.0,0.0,2470.0
2696,73,84.0,0.0,0.0,940.0,0.0,9,0,0,1,3,0,0,39.5362,6.3,98.6,0.0,536.0,0.0,2470.0
2697,74,84.0,1.0,1.0,941.0,0.0,7,1,1,1,3,0,0,39.9196,5.95,98.25,0.0,536.0,1.0,2471.0
2698,73,84.0,0.0,0.0,941.0,0.0,9,0,0,2,2,0,0,40.2762,5.6,97.9,0.0,536.0,0.0,2471.0
2699,74,85.0,1.0,0.0,941.0,0.0,9,0,0,2,2,0,0,41.3742,9.65,97.55,0.0,536.0,0.0,2471.0
2700,74,85.0,0.0,0.0,941.0,0.0,8,0,1,2,2,0,0,42.4992,9.3,97.2,0.0,536.0,1.0,2472.0
2701,74,85.0,0.0,0.0,941.0,0.0,8,0,1,2,2,0,0,43.6512,8.95,96.85,1.0,537.0,2.0,2474.0
2702,74,84.0,0.0,1.0,942.0,0.0,8,1,0,2,2,0,0,44.7377,8.6,96.5,0.0,537.0,0.0,2474.0
2703,73,82.0,0.0,2.0,944.0,0.0,7,2,1,2,1,0,0,45.8512,8.6,96.15,0.0,537.0,1.0,2475.0
2704,71,81.0,0.0,1.0,945.0,0.0,9,1,0,1,2,0,0,46.9608,8.6,99.65,1.0,538.0,1.0,2476.0
2705,71,82.0,1.0,0.0,945.0,0.0,10,0,0,1,2,0,0,47.3523,8.25,99.3,0.0,538.0,0.0,2476.0
2706,71,82.0,0.0,0.0,945.0,0.0,10,0,0,1,2,0,0,47.7438,7.9,98.95,0.0,538.0,0.0,2476.0
2707,73,83.0,2.0,1.0,946.0,0.0,9,1,0,1,2,0,0,48.1238,7.55,98.6,0.0,538.0,0.0,2476.0
2708,72,83.0,0.0,0.0,946.0,0.0,11,0,0,0,2,0,0,48.4769,7.2,99.65,0.0,538.0,0.0,2476.0
2709,72,82.0,0.0,1.0,947.0,0.0,10,1,0,0,2,0,0,48.1038,6.85,99.3,0.0,538.0,0.0,2476.0
2710,72,82.0,0.0,0.0,947.0,0.0,10,1,0,1,1,0,0,47.7462,6.5,98.95,0.0,538.0,0.0,2476.0
2711,72,83.0,1.0,0.0,947.0,0.0,11,0,0,1,1,0,0,48.0962,8.05,98.6,0.0,538.0,0.0,2476.0
2712,72,83.0,0.0,0.0,947.0,0.0,10,0,1,1,1,0,0,48.4731,7.7,98.25,0.0,538.0,1.0,2477.0
2713,72,83.0,0.0,0.0,947.0,0.0,10,0,1,1,1,0,0,48.8615,7.35,97.9,0.0,538.0,1.0,2478.0
2714,72,83.0,0.0,0.0,947.0,0.0,10,0,1,1,1,0,0,49.2885,7.0,97.55,1.0,539.0,2.0,2480.0
2715,74,85.0,2.0,0.0,947.0,0.0,9,0,0,1,3,0,0,49.6385,6.65,97.2,0.0,539.0,0.0,2480.0
2716,74,85.0,0.0,0.0,947.0,0.0,8,0,1,1,3,0,0,50.0269,6.3,96.85,0.0,539.0,1.0,2481.0
2717,74,85.0,0.0,0.0,947.0,0.0,9,0,0,1,3,0,0,50.3769,5.95,96.5,0.0,539.0,0.0,2481.0
2718,74,85.0,0.0,0.0,947.0,0.0,7,0,2,1,3,0,0,50.8038,5.6,96.15,0.0,539.0,2.0,2483.0
2719,75,86.0,1.0,0.0,947.0,0.0,7,0,2,1,3,0,0,51.2692,5.25,95.8,1.0,540.0,3.0,2486.0
2720,75,86.0,0.0,0.0,947.0,0.0,10,0,0,0,3,0,0,51.5923,4.9,99.65,0.0,540.0,0.0,2486.0
2721,75,86.0,0.0,0.0,947.0,0.0,10,0,0,0,3,0,0,51.1962,4.55,99.3,0.0,540.0,0.0,2486.0
2722,75,86.0,0.0,0.0,947.0,0.0,10,0,0,0,3,0,0,50.8,4.2,98.95,0.0,540.0,0.0,2486.0
2723,76,87.0,1.0,0.0,947.0,0.0,9,0,1,0,3,0,0,50.4308,3.85,98.6,0.0,540.0,1.0,2487.0
2724,76,86.0,0.0,1.0,948.0,0.0,9,1,0,0,3,0,0,50.0346,3.5,98.25,0.0,540.0,0.0,2487.0
2725,77,87.0,2.0,1.0,949.0,0.0,9,1,0,0,3,0,0,49.65,3.15,97.9,0.0,540.0,0.0,2487.0
2726,76,86.0,0.0,1.0,950.0,0.0,9,1,0,0,3,0,0,49.2654,2.8,97.55,0.0,540.0,0.0,2487.0
2727,76,86.0,0.0,0.0,950.0,0.0,10,0,0,1,2,0,0,48.8808,2.45,97.2,0.0,540.0,0.0,2487.0
2728,76,86.0,0.0,0.0,950.0,0.0,10,0,1,1,1,0,0,49.2388,2.1,96.85,0.0,540.0,1.0,2488.0
2729,76,86.0,0.0,0.0,950.0,0.0,8,0,2,2,1,0,0,49.6392,1.75,96.5,1.0,541.0,3.0,2491.0
2730,76,85.0,0.0,1.0,951.0,0.0,8,1,1,2,1,0,0,50.7838,10.25,96.15,1.0,542.0,2.0,2493.0
2731,77,86.0,2.0,1.0,952.0,0.0,8,1,1,2,1,0,0,51.9246,9.9,95.8,0.0,542.0,1.0,2494.0
2732,76,86.0,0.0,0.0,952.0,0.0,10,0,0,2,1,0,0,53.0385,9.55,95.45,0.0,542.0,0.0,2494.0
2733,76,86.0,0.0,0.0,952.0,0.0,10,0,0,3,0,0,0,54.1523,9.2,95.1,0.0,542.0,0.0,2494.0
2734,76,86.0,0.0,0.0,952.0,0.0,10,0,0,3,0,0,0,55.9915,16.65,94.75,0.0,542.0,0.0,2494.0
2735,77,86.0,1.0,1.0,953.0,0.0,9,1,0,3,0,0,0,57.8192,16.3,94.25,0.0,542.0,0.0,2494.0
2736,76,85.0,0.0,1.0,954.0,0.0,9,1,0,3,0,0,0,59.6469,15.95,93.75,0.0,542.0,0.0,2494.0
2737,74,84.0,0.0,1.0,955.0,0.0,10,1,0,2,0,0,0,61.4592,15.6,99.65,0.0,542.0,0.0,2494.0
2738,73,84.0,0.0,0.0,955.0,0.0,10,0,1,2,0,0,0,62.6212,15.25,99.3,0.0,542.0,1.0,2495.0
2739,74,85.0,2.0,1.0,956.0,0.0,10,1,0,1,1,0,0,63.7062,14.9,99.65,0.0,542.0,0.0,2495.0
2740,74,85.0,0.0,0.0,956.0,0.0,11,0,0,1,1,0,0,64.0469,14.55,99.3,0.0,542.0,0.0,2495.0
2741,74,85.0,0.0,0.0,956.0,0.0,9,0,2,1,1,0,0,64.4531,14.55,98.95,0.0,542.0,2.0,2497.0
2742,74,85.0,0.0,0.0,956.0,0.0,10,0,2,1,0,0,0,64.8862,14.55,98.6,1.0,543.0,3.0,2500.0
2743,74,86.0,1.0,0.0,956.0,0.0,10,0,2,0,1,0,0,65.2423,14.2,99.65,0.0,543.0,2.0,2502.0
2744,74,86.0,0.0,0.0,956.0,0.0,10,0,1,0,2,0,0,64.9,13.85,99.3,1.0,544.0,2.0,2504.0
2745,75,85.0,1.0,2.0,958.0,0.0,8,2,0,0,3,0,0,64.5154,13.5,98.95,0.0,544.0,0.0,2504.0
2746,75,85.0,0.0,0.0,958.0,0.0,10,0,0,0,3,0,0,64.1538,13.15,98.6,0.0,544.0,0.0,2504.0
2747,76,86.0,1.0,0.0,958.0,0.0,10,0,0,0,3,0,0,63.7923,12.8,98.25,0.0,544.0,0.0,2504.0
2748,76,86.0,0.0,0.0,958.0,0.0,10,0,0,0,3,0,0,63.4077,12.45,97.9,0.0,544.0,0.0,2504.0
2749,76,86.0,0.0,0.0,958.0,0.0,9,0,3,0,1,0,0,63.1038,12.45,97.55,0.0,544.0,3.0,2507.0
2750,76,86.0,0.0,0.0,958.0,0.0,9,0,1,0,3,0,0,62.7731,12.45,97.2,1.0,545.0,2.0,2509.0
2751,76,86.0,0.0,0.0,958.0,0.0,10,0,0,0,3,0,0,62.3885,12.1,96.85,0.0,545.0,0.0,2509.0
2752,76,86.0,0.0,0.0,958.0,0.0,9,0,1,0,3,0,0,62.0577,12.0,96.5,0.0,545.0,1.0,2510.0
2753,77,87.0,1.0,0.0,958.0,0.0,9,0,0,0,4,0,0,61.6885,11.65,96.15,1.0,546.0,1.0,2511.0
2754,77,87.0,0.0,0.0,958.0,0.0,9,0,0,0,4,0,0,61.2923,11.3,95.8,0.0,546.0,0.0,2511.0
2755,80,89.0,3.0,1.0,959.0,0.0,8,1,0,0,4,0,0,60.8846,10.95,95.45,0.0,546.0,0.0,2511.0
2756,79,89.0,0.0,0.0,959.0,0.0,9,0,0,0,4,0,0,60.4654,10.6,95.1,0.0,546.0,0.0,2511.0
2757,79,87.0,0.0,2.0,961.0,0.0,7,2,1,0,3,0,0,60.0731,10.25,94.75,0.0,546.0,1.0,2512.0
2758,78,87.0,0.0,0.0,961.0,0.0,9,0,0,0,4,0,0,59.6769,9.9,94.4,0.0,546.0,0.0,2512.0
2759,78,87.0,0.0,0.0,961.0,0.0,9,0,0,1,3,0,0,59.2692,9.55,94.05,0.0,546.0,0.0,2512.0
2760,78,87.0,0.0,0.0,961.0,0.0,9,0,1,1,2,0,0,59.6112,9.65,93.7,0.0,546.0,1.0,2513.0
2761,78,86.0,0.0,1.0,962.0,0.0,7,1,2,1,2,0,0,59.98,9.35,93.35,0.0,546.0,2.0,2515.0
2762,77,86.0,0.0,0.0,962.0,0.0,9,0,1,1,2,0,0,60.3604,9.0,93.0,1.0,547.0,2.0,2517.0
2763,78,86.0,1.0,1.0,963.0,0.0,7,1,1,1,3,0,0,60.7254,8.65,92.65,0.0,547.0,1.0,2518.0
2764,77,86.0,0.0,0.0,963.0,0.0,9,0,2,1,1,0,0,61.1173,8.65,92.3,0.0,547.0,2.0,2520.0
2765,78,87.0,1.0,0.0,963.0,0.0,8,0,2,2,1,0,0,61.5477,8.65,91.95,1.0,548.0,3.0,2523.0
2766,78,87.0,0.0,0.0,963.0,0.0,9,0,1,2,1,0,0,62.6646,8.3,91.6,1.0,549.0,2.0,2525.0
2767,80,89.0,2.0,0.0,963.0,0.0,9,0,0,2,2,0,0,63.7162,7.95,91.25,0.0,549.0,0.0,2525.0
2768,80,89.0,0.0,0.0,963.0,0.0,9,0,0,2,2,0,0,64.7677,7.6,90.955,0.0,549.0,0.0,2525.0
2769,79,88.0,0.0,1.0,964.0,0.0,8,1,1,2,1,0,0,65.8308,7.25,99.65,0.0,549.0,1.0,2526.0
2770,78,87.0,0.0,1.0,965.0,0.0,9,1,1,2,0,0,0,66.9385,8.25,99.3,0.0,549.0,1.0,2527.0
2771,78,88.0,1.0,0.0,965.0,0.0,9,0,1,2,1,0,0,68.0577,7.9,98.95,0.0,549.0,1.0,2528.0
2772,78,88.0,0.0,0.0,965.0,0.0,10,0,0,2,1,0,0,69.1269,7.55,98.6,0.0,549.0,0.0,2528.0
2773,78,88.0,0.0,0.0,965.0,0.0,10,0,0,2,1,0,0,70.1846,7.2,98.25,0.0,549.0,0.0,2528.0
2774,78,88.0,0.0,0.0,965.0,0.0,10,0,0,2,1,0,0,71.2308,6.85,97.9,0.0,549.0,0.0,2528.0
2775,78,89.0,1.0,0.0,965.0,0.0,11,0,0,1,1,0,0,72.25,6.5,99.65,0.0,549.0,0.0,2528.0
2776,78,89.0,0.0,0.0,965.0,0.0,10,0,1,1,1,0,0,72.6096,6.15,99.3,0.0,549.0,1.0,2529.0
2777,78,88.0,0.0,1.0,966.0,0.0,10,1,0,1,1,0,0,72.9423,5.8,98.95,0.0,549.0,0.0,2529.0
2778,77,88.0,0.0,0.0,966.0,0.0,10,0,1,1,1,0,0,73.325,5.45,98.6,0.0,549.0,1.0,2530.0
2779,78,90.0,2.0,0.0,966.0,0.0,12,0,0,0,1,0,0,73.6423,5.1,99.65,0.0,549.0,0.0,2530.0
2780,78,90.0,0.0,0.0,966.0,0.0,12,0,0,0,1,0,0,73.2346,4.75,99.3,0.0,549.0,0.0,2530.0
2781,79,91.0,1.0,0.0,966.0,0.0,10,0,2,0,1,0,0,72.9038,4.4,98.95,0.0,549.0,2.0,2532.0
2782,79,91.0,0.0,0.0,966.0,0.0,11,0,1,0,1,0,0,72.5615,4.05,98.6,1.0,550.0,2.0,2534.0
2783,79,90.0,0.0,1.0,967.0,0.0,11,1,0,0,1,0,0,72.1423,3.7,98.25,0.0,550.0,0.0,2534.0
2784,78,89.0,0.0,1.0,968.0,0.0,11,1,0,0,1,0,0,71.7346,3.35,97.9,0.0,550.0,0.0,2534.0
2785,78,90.0,1.0,0.0,968.0,0.0,12,0,0,0,1,0,0,71.3154,3.0,97.55,0.0,550.0,0.0,2534.0
2786,78,90.0,0.0,0.0,968.0,0.0,12,0,0,1,0,0,0,70.8962,2.65,97.2,0.0,550.0,0.0,2534.0
2787,79,91.0,1.0,0.0,968.0,0.0,11,0,1,1,0,0,0,71.2912,12.385,96.85,0.0,550.0,1.0,2535.0
2788,79,89.0,0.0,2.0,970.0,0.0,10,2,0,1,0,0,0,71.6362,22.12,96.5,0.0,550.0,0.0,2535.0
2789,77,89.0,0.0,0.0,970.0,0.0,12,0,0,1,0,0,0,72.0042,31.855,96.15,0.0,550.0,0.0,2535.0
2790,77,88.0,0.0,1.0,971.0,0.0,10,1,1,1,0,0,0,72.3992,41.59,95.8,0.0,550.0,1.0,2536.0
2791,77,89.0,1.0,0.0,971.0,0.0,12,0,0,1,0,0,0,72.7788,50.45,95.45,0.0,550.0,0.0,2536.0
2792,77,89.0,0.0,0.0,971.0,0.0,12,0,0,1,0,0,0,73.1585,49.95,95.1,0.0,550.0,0.0,2536.0
2793,77,88.0,0.0,1.0,972.0,0.0,9,1,2,1,0,0,0,73.6035,49.45,94.75,0.0,550.0,2.0,2538.0
2794,76,87.0,0.0,1.0,973.0,0.0,10,1,1,1,0,0,0,74.01,49.1,94.4,0.0,550.0,1.0,2539.0
2795,78,89.0,3.0,1.0,974.0,0.0,7,1,4,1,0,0,0,74.5204,48.75,94.05,0.0,550.0,4.0,2543.0
2796,76,89.0,0.0,0.0,974.0,0.0,11,0,2,0,0,0,0,75.0154,48.4,99.65,2.0,552.0,4.0,2547.0
2797,76,89.0,0.0,0.0,974.0,0.0,13,0,0,0,0,0,0,74.6423,48.05,99.3,0.0,552.0,0.0,2547.0
2798,76,89.0,0.0,0.0,974.0,0.0,12,0,1,0,0,0,0,74.2962,47.7,98.95,0.0,552.0,1.0,2548.0
2799,76,89.0,0.0,0.0,974.0,0.0,13,0,0,0,0,0,0,73.9231,47.35,98.6,0.0,552.0,0.0,2548.0
2800,76,89.0,0.0,0.0,974.0,0.0,13,0,0,0,0,0,0,73.5154,46.85,98.25,0.0,552.0,0.0,2548.0
2801,76,89.0,0.0,0.0,974.0,0.0,11,0,2,0,0,0,0,73.1731,46.35,97.9,0.0,552.0,2.0,2550.0
2802,76,89.0,0.0,0.0,974.0,0.0,12,0,1,0,0,0,0,72.7692,45.85,97.55,0.0,552.0,1.0,2551.0
2803,78,90.0,2.0,1.0,975.0,0.0,12,1,0,0,0,0,0,72.3385,45.35,97.2,0.0,552.0,0.0,2551.0
2804,77,90.0,0.0,0.0,975.0,0.0,12,0,1,0,0,0,0,71.9462,44.85,96.85,0.0,552.0,1.0,2552.0
2805,78,91.0,1.0,0.0,975.0,0.0,10,0,3,0,0,0,0,71.6308,44.35,96.5,0.0,552.0,3.0,2555.0
2806,78,91.0,0.0,0.0,975.0,0.0,13,0,0,0,0,0,0,71.2115,43.85,96.15,0.0,552.0,0.0,2555.0
2807,78,91.0,0.0,0.0,975.0,0.0,13,0,0,0,0,0,0,70.7808,43.35,95.8,0.0,552.0,0.0,2555.0
2808,78,89.0,0.0,2.0,977.0,0.0,11,2,0,0,0,0,0,70.3385,42.85,95.45,0.0,552.0,0.0,2555.0
2809,77,89.0,1.0,1.0,978.0,0.0,12,1,0,0,0,0,0,69.8962,42.35,95.1,0.0,552.0,0.0,2555.0
2810,76,89.0,0.0,0.0,978.0,0.0,12,0,1,0,0,0,0,69.4923,41.85,94.75,0.0,552.0,1.0,2556.0
2811,77,89.0,1.0,1.0,979.0,0.0,12,1,0,0,0,0,0,69.05,41.35,94.4,0.0,552.0,0.0,2556.0
2812,76,89.0,0.0,0.0,979.0,0.0,13,0,0,0,0,0,0,68.6192,40.85,94.05,0.0,552.0,0.0,2556.0
2813,76,89.0,0.0,0.0,979.0,0.0,13,0,0,0,0,0,0,68.1885,40.35,93.7,0.0,552.0,0.0,2556.0
2814,76,89.0,0.0,0.0,979.0,0.0,13,0,0,0,0,0,0,67.7346,39.85,93.35,0.0,552.0,0.0,2556.0
2815,78,88.0,2.0,3.0,982.0,0.0,10,3,0,0,0,0,0,67.2808,39.35,93.0,0.0,552.0,0.0,2556.0
2816,75,87.0,0.0,1.0,983.0,0.0,12,1,0,0,0,0,0,66.85,38.85,92.65,0.0,552.0,0.0,2556.0
2817,74,85.0,0.0,2.0,985.0,0.0,9,2,2,0,0,0,0,66.4962,38.35,92.15,0.0,552.0,2.0,2558.0
2818,72,85.0,0.0,0.0,985.0,0.0,12,0,1,0,0,0,0,66.1654,38.0,91.65,1.0,553.0,2.0,2560.0
2819,73,86.0,1.0,0.0,985.0,0.0,13,0,0,0,0,0,0,65.7577,37.65,91.15,0.0,553.0,0.0,2560.0
2820,73,86.0,0.0,0.0,985.0,0.0,13,0,0,0,0,0,0,65.35,37.3,90.65,0.0,553.0,0.0,2560.0
2821,73,86.0,0.0,0.0,985.0,0.0,13,0,0,0,0,0,0,64.9308,36.95,90.15,0.0,553.0,0.0,2560.0
2822,73,86.0,0.0,0.0,985.0,0.0,12,0,1,0,0,0,0,64.5385,36.6,89.65,0.0,553.0,1.0,2561.0
2823,74,87.0,1.0,0.0,985.0,0.0,11,0,2,0,0,0,0,64.2115,36.25,89.15,1.0,554.0,3.0,2564.0
2824,74,86.0,0.0,1.0,986.0,0.0,11,1,1,0,0,0,0,63.8308,35.9,88.65,0.0,554.0,1.0,2565.0
2825,74,86.0,1.0,1.0,987.0,0.0,11,1,1,0,0,0,0,63.45,35.55,88.15,0.0,554.0,1.0,2566.0
2826,73,86.0,0.0,0.0,987.0,0.0,12,0,1,0,0,0,0,63.1077,35.05,87.8,1.0,555.0,2.0,2568.0
2827,75,87.0,2.0,1.0,988.0,0.0,11,1,1,0,0,0,0,62.7269,34.55,87.8,0.0,555.0,1.0,2569.0
2828,74,87.0,0.0,0.0,988.0,0.0,12,0,1,0,0,0,0,62.3692,34.05,87.45,0.0,555.0,1.0,2570.0
2829,74,86.0,0.0,1.0,989.0,0.0,12,1,0,0,0,0,0,61.95,33.55,87.1,0.0,555.0,0.0,2570.0
2830,73,85.0,0.0,1.0,990.0,0.0,12,1,0,0,0,0,0,61.5308,33.05,86.75,0.0,555.0,0.0,2570.0
2831,72,85.0,0.0,0.0,990.0,0.0,12,0,1,0,0,0,0,61.15,32.55,86.4,0.0,555.0,1.0,2571.0
2832,72,84.0,0.0,1.0,991.0,0.0,11,1,1,0,0,0,0,60.8077,32.05,86.05,1.0,556.0,2.0,2573.0
2833,71,84.0,0.0,0.0,991.0,0.0,13,0,0,0,0,0,0,60.4115,31.55,85.7,0.0,556.0,0.0,2573.0
2834,71,84.0,0.0,0.0,991.0,0.0,10,0,3,0,0,0,0,60.1192,31.05,85.35,0.0,556.0,3.0,2576.0
2835,73,86.0,2.0,0.0,991.0,0.0,12,0,1,0,0,0,0,59.7885,30.55,85.0,1.0,557.0,2.0,2578.0
2836,73,85.0,0.0,1.0,992.0,0.0,11,1,1,0,0,0,0,59.4692,30.05,84.65,1.0,558.0,2.0,2580.0
2837,73,85.0,1.0,1.0,993.0,0.0,12,1,0,0,0,0,0,59.0731,29.55,84.3,0.0,558.0,0.0,2580.0
2838,72,85.0,0.0,0.0,993.0,0.0,13,0,0,0,0,0,0,58.6654,29.2,83.95,0.0,558.0,0.0,2580.0
2839,73,86.0,1.0,0.0,993.0,0.0,11,0,2,0,0,0,0,58.3346,28.85,83.6,0.0,558.0,2.0,2582.0
2840,73,86.0,0.0,0.0,993.0,0.0,12,0,1,0,0,0,0,58.0038,28.5,83.25,1.0,559.0,2.0,2584.0
2841,73,86.0,0.0,0.0,993.0,0.0,12,0,1,0,0,0,0,57.6231,28.15,83.25,0.0,559.0,1.0,2585.0
2842,73,86.0,0.0,0.0,993.0,0.0,11,0,2,0,0,0,0,57.3077,27.8,83.25,1.0,560.0,3.0,2588.0
2843,74,86.0,1.0,1.0,994.0,0.0,12,1,0,0,0,0,0,56.9,27.45,82.9,0.0,560.0,0.0,2588.0
2844,73,86.0,0.0,0.0,994.0,0.0,11,0,2,0,0,0,0,56.5462,26.95,82.55,0.0,560.0,2.0,2590.0
2845,74,87.0,1.0,0.0,994.0,0.0,11,0,2,0,0,0,0,56.2308,26.95,82.2,1.0,561.0,3.0,2593.0
2846,74,86.0,0.0,1.0,995.0,0.0,11,1,1,0,0,0,0,55.8769,26.45,81.85,1.0,562.0,2.0,2595.0
2847,73,86.0,0.0,0.0,995.0,0.0,13,0,0,0,0,0,0,55.4808,25.95,81.5,0.0,562.0,0.0,2595.0
2848,73,86.0,0.0,0.0,995.0,0.0,10,0,3,0,0,0,0,55.1769,25.95,81.15,0.0,562.0,3.0,2598.0
2849,73,86.0,0.0,0.0,995.0,0.0,13,0,0,0,0,0,0,54.7808,25.45,80.8,0.0,562.0,0.0,2598.0
2850,73,86.0,0.0,0.0,995.0,0.0,12,0,1,0,0,0,0,54.4115,24.95,80.45,0.0,562.0,1.0,2599.0
2851,76,89.0,3.0,0.0,995.0,0.0,12,0,1,0,0,0,0,54.0423,24.45,80.1,0.0,562.0,1.0,2600.0
2852,76,88.0,0.0,1.0,996.0,0.0,12,1,0,0,0,0,0,53.6462,23.95,79.75,0.0,562.0,0.0,2600.0
2853,75,87.0,0.0,1.0,997.0,0.0,12,1,0,0,0,0,0,53.25,23.45,79.4,0.0,562.0,0.0,2600.0
2854,74,87.0,0.0,0.0,997.0,0.0,13,0,0,0,0,0,0,52.8654,22.95,79.05,0.0,562.0,0.0,2600.0
2855,75,88.0,1.0,0.0,997.0,0.0,13,0,0,0,0,0,0,52.4692,22.45,78.7,0.0,562.0,0.0,2600.0
2856,75,88.0,0.0,0.0,997.0,0.0,11,0,2,0,0,0,0,52.1154,21.95,78.2,0.0,562.0,2.0,2602.0
2857,75,88.0,0.0,0.0,997.0,0.0,12,0,1,0,0,0,0,51.7346,21.45,77.7,0.0,562.0,1.0,2603.0
2858,75,88.0,0.0,0.0,997.0,0.0,10,0,3,0,0,0,0,51.4346,20.95,77.2,1.0,563.0,4.0,2607.0
2859,76,88.0,1.0,1.0,998.0,0.0,11,1,1,0,0,0,0,51.0577,20.45,76.7,1.0,564.0,2.0,2609.0
2860,75,87.0,0.0,1.0,999.0,0.0,11,1,1,0,0,0,0,50.6538,20.1,76.2,0.0,564.0,1.0,2610.0
2861,74,86.0,0.0,1.0,1000.0,0.0,9,1,3,0,0,0,0,50.3423,20.1,75.7,1.0,565.0,4.0,2614.0
2862,73,86.0,0.0,0.0,1000.0,0.0,11,0,2,0,0,0,0,50.0154,19.75,75.2,1.0,566.0,3.0,2617.0
2863,74,86.0,1.0,1.0,1001.0,0.0,12,1,0,0,0,0,0,49.5731,19.4,74.7,0.0,566.0,0.0,2617.0
2864,73,86.0,0.0,0.0,1001.0,0.0,13,0,0,0,0,0,0,49.1308,19.05,74.2,0.0,566.0,0.0,2617.0
2865,75,88.0,2.0,0.0,1001.0,0.0,12,0,1,0,0,0,0,48.7269,18.7,73.7,0.0,566.0,1.0,2618.0
2866,75,88.0,0.0,0.0,1001.0,0.0,13,0,0,0,0,0,0,48.2846,18.35,73.2,0.0,566.0,0.0,2618.0
2867,76,88.0,1.0,1.0,1002.0,0.0,11,1,1,0,0,0,0,47.8692,18.0,72.7,0.0,566.0,1.0,2619.0
2868,75,87.0,0.0,1.0,1003.0,0.0,11,1,1,0,0,0,0,47.4654,17.65,72.7,0.0,566.0,1.0,2620.0
2869,74,87.0,0.0,0.0,1003.0,0.0,13,0,0,0,0,0,0,47.0346,17.3,72.2,0.0,566.0,0.0,2620.0
2870,74,87.0,0.0,0.0,1003.0,0.0,13,0,0,0,0,0,0,46.6038,16.95,71.7,0.0,566.0,0.0,2620.0
2871,74,86.0,0.0,1.0,1004.0,0.0,12,1,0,0,0,0,0,46.1731,16.6,71.2,0.0,566.0,0.0,2620.0
2872,73,85.0,0.0,1.0,1005.0,0.0,12,1,0,0,0,0,0,45.7538,16.25,70.7,0.0,566.0,0.0,2620.0
2873,72,84.0,0.0,1.0,1006.0,0.0,12,1,0,0,0,0,0,45.3346,15.9,70.2,0.0,566.0,0.0,2620.0
2874,71,84.0,0.0,0.0,1006.0,0.0,13,0,0,0,0,0,0,44.9269,15.55,69.7,0.0,566.0,0.0,2620.0
2875,74,86.0,3.0,1.0,1007.0,0.0,8,1,4,0,0,0,0,44.6269,15.55,69.2,0.0,566.0,4.0,2624.0
2876,73,86.0,0.0,0.0,1007.0,0.0,12,0,1,0,0,0,0,44.3115,15.55,68.7,2.0,568.0,3.0,2627.0
2877,73,86.0,0.0,0.0,1007.0,0.0,11,0,2,0,0,0,0,43.9692,15.2,68.7,0.0,568.0,2.0,2629.0
2878,73,85.0,0.0,1.0,1008.0,0.0,11,1,0,0,1,0,0,43.55,14.85,68.2,0.0,568.0,0.0,2629.0
2879,73,86.0,1.0,0.0,1008.0,0.0,9,0,3,0,1,0,0,43.2346,14.5,67.85,0.0,568.0,3.0,2632.0
2880,73,86.0,0.0,0.0,1008.0,0.0,11,0,1,0,1,0,0,42.9077,14.15,67.5,2.0,570.0,3.0,2635.0
2881,73,85.0,0.0,1.0,1009.0,0.0,10,1,1,0,1,0,0,42.5038,13.8,67.5,0.0,570.0,1.0,2636.0
2882,73,85.0,0.0,0.0,1009.0,0.0,12,0,0,0,1,0,0,42.0846,13.45,67.15,0.0,570.0,0.0,2636.0
2883,74,86.0,1.0,0.0,1009.0,0.0,12,0,0,0,1,0,0,41.6654,13.1,66.8,0.0,570.0,0.0,2636.0
2884,74,86.0,0.0,0.0,1009.0,0.0,12,0,0,0,1,0,0,41.2462,12.75,66.45,0.0,570.0,0.0,2636.0
2885,75,87.0,1.0,0.0,1009.0,0.0,11,0,1,0,1,0,0,40.8538,12.4,66.1,0.0,570.0,1.0,2637.0
2886,75,87.0,0.0,0.0,1009.0,0.0,11,0,1,0,1,0,0,40.45,12.05,65.75,0.0,570.0,1.0,2638.0
2887,76,88.0,1.0,0.0,1009.0,0.0,12,0,0,0,1,0,0,40.0192,11.7,65.4,0.0,570.0,0.0,2638.0
2888,76,87.0,0.0,1.0,1010.0,0.0,11,1,0,0,1,0,0,39.5885,11.35,65.05,0.0,570.0,0.0,2638.0
2889,75,86.0,0.0,1.0,1011.0,0.0,11,1,0,0,1,0,0,39.1692,11.0,64.7,0.0,570.0,0.0,2638.0
2890,74,86.0,0.0,0.0,1011.0,0.0,12,0,0,0,1,0,0,38.75,10.65,64.35,0.0,570.0,0.0,2638.0
2891,75,85.0,1.0,2.0,1013.0,0.0,10,2,0,0,1,0,0,38.3308,10.3,64.0,0.0,570.0,0.0,2638.0
2892,73,84.0,0.0,1.0,1014.0,0.0,10,1,1,0,1,0,0,37.9615,9.95,63.65,0.0,570.0,1.0,2639.0
2893,73,85.0,1.0,0.0,1014.0,0.0,11,0,1,1,0,0,0,37.6154,9.6,63.3,0.0,570.0,1.0,2640.0
2894,73,85.0,0.0,0.0,1014.0,0.0,12,0,0,1,0,0,0,37.9415,18.64,62.8,0.0,570.0,0.0,2640.0
2895,74,86.0,1.0,0.0,1014.0,0.0,12,0,0,1,0,0,0,38.2677,18.7,62.3,0.0,570.0,0.0,2640.0
2896,74,85.0,0.0,1.0,1015.0,0.0,10,1,1,1,0,0,0,38.6092,18.2,61.8,0.0,570.0,1.0,2641.0
2897,73,84.0,0.0,1.0,1016.0,0.0,11,1,0,1,0,0,0,38.9123,17.7,61.45,0.0,570.0,0.0,2641.0
2898,72,83.0,0.0,1.0,1017.0,0.0,11,1,0,1,0,0,0,39.2269,17.35,61.1,0.0,570.0,0.0,2641.0
2899,73,85.0,2.0,0.0,1017.0,0.0,12,0,0,1,0,0,0,39.5531,17.0,63.84,0.0,570.0,0.0,2641.0
2900,73,85.0,0.0,0.0,1017.0,0.0,12,0,0,1,0,0,0,39.8792,16.65,72.88,0.0,570.0,0.0,2641.0
2901,73,85.0,0.0,0.0,1017.0,0.0,12,0,0,1,0,0,0,40.2054,16.3,81.92,0.0,570.0,0.0,2641.0
2902,73,84.0,0.0,1.0,1018.0,0.0,9,1,2,1,0,0,0,40.5969,15.95,90.96,0.0,570.0,2.0,2643.0
2903,71,84.0,0.0,0.0,1018.0,0.0,12,0,1,0,0,0,0,40.9731,15.6,99.65,1.0,571.0,2.0,2645.0
2904,71,83.0,0.0,1.0,1019.0,0.0,11,1,1,0,0,0,0,40.6038,15.25,99.3,0.0,571.0,1.0,2646.0
2905,71,84.0,1.0,0.0,1019.0,0.0,12,0,0,0,1,0,0,40.2077,14.9,98.95,0.0,571.0,0.0,2646.0
2906,71,83.0,0.0,1.0,1020.0,0.0,11,1,0,0,1,0,0,39.8115,14.55,98.6,0.0,571.0,0.0,2646.0
2907,72,84.0,2.0,1.0,1021.0,0.0,11,1,0,0,1,0,0,39.4154,14.2,98.25,0.0,571.0,0.0,2646.0
2908,72,84.0,0.0,0.0,1021.0,0.0,9,0,2,0,2,0,0,39.0846,13.85,97.9,0.0,571.0,2.0,2648.0
2909,72,83.0,0.0,1.0,1022.0,0.0,9,1,1,0,2,0,0,38.7654,13.5,97.55,1.0,572.0,2.0,2650.0
2910,72,83.0,0.0,0.0,1022.0,0.0,11,0,0,0,2,0,0,38.3923,13.15,97.2,0.0,572.0,0.0,2650.0
2911,73,84.0,1.0,0.0,1022.0,0.0,10,0,1,0,2,0,0,38.0346,12.8,96.85,0.0,572.0,1.0,2651.0
2912,73,84.0,0.0,0.0,1022.0,0.0,10,0,1,0,2,0,0,37.7154,12.45,96.5,1.0,573.0,2.0,2653.0
2913,73,83.0,0.0,1.0,1023.0,0.0,9,1,0,0,3,0,0,37.3308,12.1,96.15,0.0,573.0,0.0,2653.0
2914,72,83.0,0.0,0.0,1023.0,0.0,9,0,1,0,3,0,0,36.9846,11.75,95.8,0.0,573.0,1.0,2654.0
2915,74,85.0,2.0,0.0,1023.0,0.0,9,0,1,0,3,0,0,36.6769,11.4,95.45,1.0,574.0,2.0,2656.0
2916,74,85.0,0.0,0.0,1023.0,0.0,10,0,0,0,3,0,0,36.3038,11.05,95.1,0.0,574.0,0.0,2656.0
2917,74,85.0,0.0,0.0,1023.0,0.0,10,0,0,0,3,0,0,35.9192,10.7,94.75,0.0,574.0,0.0,2656.0
2918,74,85.0,0.0,0.0,1023.0,0.0,10,0,0,0,3,0,0,35.5231,10.35,94.4,0.0,574.0,0.0,2656.0
2919,74,84.0,0.0,1.0,1024.0,0.0,9,1,0,0,3,0,0,35.1269,10.0,94.05,0.0,574.0,0.0,2656.0
2920,74,83.0,0.0,1.0,1025.0,0.0,9,1,0,0,3,0,0,34.7423,9.65,93.7,0.0,574.0,0.0,2656.0
2921,74,84.0,1.0,0.0,1025.0,0.0,10,0,1,0,2,0,0,34.3962,9.65,93.35,0.0,574.0,1.0,2657.0
2922,74,84.0,0.0,0.0,1025.0,0.0,9,0,2,0,2,0,0,34.0769,9.65,93.0,0.0,574.0,2.0,2659.0
2923,76,86.0,2.0,0.0,1025.0,0.0,9,0,2,0,2,0,0,33.7731,9.6,92.65,1.0,575.0,3.0,2662.0
2924,76,86.0,0.0,0.0,1025.0,0.0,8,0,2,1,2,0,0,33.4462,9.25,92.3,1.0,576.0,3.0,2665.0
2925,77,86.0,1.0,1.0,1026.0,0.0,9,1,1,1,1,0,0,33.8304,8.9,91.95,1.0,577.0,2.0,2667.0
2926,76,85.0,0.0,1.0,1027.0,0.0,9,1,1,1,1,0,0,34.1992,8.55,91.6,0.0,577.0,1.0,2668.0
2927,75,85.0,0.0,0.0,1027.0,0.0,8,0,3,1,1,0,0,34.6604,8.2,91.6,0.0,577.0,3.0,2671.0
2928,75,85.0,0.0,0.0,1027.0,0.0,8,0,2,1,2,0,0,35.0677,7.85,91.6,1.0,578.0,3.0,2674.0
2929,75,85.0,0.0,0.0,1027.0,0.0,10,0,0,1,2,0,0,35.3827,7.5,91.25,0.0,578.0,0.0,2674.0
2930,75,85.0,0.0,0.0,1027.0,0.0,10,0,0,1,2,0,0,35.6977,7.15,90.9,0.0,578.0,0.0,2674.0
2931,76,85.0,1.0,1.0,1028.0,0.0,9,1,0,1,2,0,0,36.0012,6.8,90.55,0.0,578.0,0.0,2674.0
2932,75,84.0,0.0,1.0,1029.0,0.0,9,1,0,1,2,0,0,36.3046,6.45,90.05,0.0,578.0,0.0,2674.0
2933,74,84.0,0.0,0.0,1029.0,0.0,10,0,0,1,2,0,0,36.6081,6.1,91.105,0.0,578.0,0.0,2674.0
2934,73,84.0,0.0,0.0,1029.0,0.0,10,0,1,1,1,0,0,36.9115,5.75,100.0,0.0,578.0,1.0,2675.0
2935,76,87.0,3.0,0.0,1029.0,0.0,11,0,0,1,1,0,0,37.2827,6.5,100.0,1.0,579.0,1.0,2676.0
2936,76,87.0,0.0,0.0,1029.0,0.0,10,0,0,1,2,0,0,37.6269,6.15,99.65,0.0,579.0,0.0,2676.0
2937,76,87.0,0.0,0.0,1029.0,0.0,8,0,2,1,2,0,0,38.0365,5.8,99.3,0.0,579.0,2.0,2678.0
2938,76,87.0,0.0,0.0,1029.0,0.0,8,0,2,1,2,0,0,38.4962,5.45,98.95,1.0,580.0,3.0,2681.0
2939,77,87.0,1.0,1.0,1030.0,0.0,9,1,0,1,2,0,0,38.8404,5.1,98.6,0.0,580.0,0.0,2681.0
2940,76,87.0,0.0,0.0,1030.0,0.0,9,0,1,1,2,0,0,39.2231,4.75,98.25,0.0,580.0,1.0,2682.0
2941,76,86.0,0.0,1.0,1031.0,0.0,9,1,0,1,2,0,0,39.5673,4.4,97.9,0.0,580.0,0.0,2682.0
2942,75,86.0,0.0,0.0,1031.0,0.0,10,0,0,1,2,0,0,39.9231,4.05,97.55,0.0,580.0,0.0,2682.0
2943,75,86.0,0.0,0.0,1031.0,0.0,9,0,0,1,3,0,0,40.2788,3.7,97.2,0.0,580.0,0.0,2682.0
2944,75,85.0,0.0,1.0,1032.0,0.0,9,1,0,0,3,0,0,40.6077,3.35,99.65,0.0,580.0,0.0,2682.0
2945,76,86.0,1.0,0.0,1032.0,0.0,10,0,0,0,3,0,0,40.2231,3.0,99.3,0.0,580.0,0.0,2682.0
2946,76,86.0,0.0,0.0,1032.0,0.0,10,0,0,0,3,0,0,39.8269,2.65,98.95,0.0,580.0,0.0,2682.0
2947,78,88.0,2.0,0.0,1032.0,0.0,9,0,1,1,2,0,0,39.4577,2.3,98.6,0.0,580.0,1.0,2683.0
2948,78,88.0,0.0,0.0,1032.0,0.0,10,0,1,1,1,0,0,39.8669,10.8,98.25,0.0,580.0,1.0,2684.0
2949,79,88.0,1.0,1.0,1033.0,0.0,9,1,0,1,2,0,0,40.2492,10.45,97.9,0.0,580.0,0.0,2684.0
2950,78,88.0,0.0,0.0,1033.0,0.0,10,0,0,1,2,0,0,40.6431,10.1,97.55,0.0,580.0,0.0,2684.0
2951,78,88.0,0.0,0.0,1033.0,0.0,9,0,2,1,1,0,0,41.0908,10.1,97.2,0.0,580.0,2.0,2686.0
2952,78,87.0,0.0,1.0,1034.0,0.0,9,1,1,1,1,0,0,41.5385,10.1,96.85,1.0,581.0,2.0,2688.0
2953,77,87.0,0.0,0.0,1034.0,0.0,9,0,2,1,1,0,0,41.9631,9.75,96.85,0.0,581.0,2.0,2690.0
2954,77,87.0,0.0,0.0,1034.0,0.0,10,0,1,1,1,0,0,42.3762,9.4,96.85,1.0,582.0,2.0,2692.0
2955,79,89.0,2.0,0.0,1034.0,0.0,10,0,0,1,2,0,0,42.7238,9.05,96.5,0.0,582.0,0.0,2692.0
2956,79,88.0,0.0,1.0,1035.0,0.0,9,1,0,1,2,0,0,43.0715,8.7,96.15,0.0,582.0,0.0,2692.0
2957,77,88.0,0.0,0.0,1035.0,0.0,10,0,0,0,3,0,0,43.4038,8.35,99.65,0.0,582.0,0.0,2692.0
2958,77,88.0,0.0,0.0,1035.0,0.0,9,0,1,0,3,0,0,43.0115,8.0,99.3,0.0,582.0,1.0,2693.0
2959,78,89.0,1.0,0.0,1035.0,0.0,9,0,0,0,4,0,0,42.5923,7.65,98.95,0.0,582.0,0.0,2693.0
2960,78,89.0,0.0,0.0,1035.0,0.0,9,0,0,0,4,0,0,42.1846,7.3,98.6,0.0,582.0,0.0,2693.0
2961,78,88.0,0.0,1.0,1036.0,0.0,8,1,0,0,4,0,0,41.7769,6.95,98.25,0.0,582.0,0.0,2693.0
2962,78,87.0,0.0,1.0,1037.0,0.0,7,1,1,0,4,0,0,41.4192,6.6,97.9,0.0,582.0,1.0,2694.0
2963,79,89.0,2.0,0.0,1037.0,0.0,9,0,0,1,3,0,0,41.0346,6.25,97.55,0.0,582.0,0.0,2694.0
2964,79,89.0,0.0,0.0,1037.0,0.0,9,0,0,1,3,0,0,41.3804,5.9,97.2,0.0,582.0,0.0,2694.0
2965,80,90.0,1.0,0.0,1037.0,0.0,9,0,0,2,2,0,0,41.7262,5.55,96.85,0.0,582.0,0.0,2694.0
2966,80,89.0,0.0,1.0,1038.0,0.0,7,1,1,2,2,0,0,42.8523,11.35,96.5,0.0,582.0,1.0,2695.0
2967,80,89.0,0.0,0.0,1038.0,0.0,8,0,1,2,2,0,0,43.9785,11.0,96.15,0.0,582.0,1.0,2696.0
2968,80,89.0,0.0,0.0,1038.0,0.0,7,0,2,2,2,0,0,45.1431,10.65,95.8,0.0,582.0,2.0,2698.0
2969,80,88.0,0.0,1.0,1039.0,0.0,7,1,1,2,2,0,0,46.3077,10.3,95.45,1.0,583.0,2.0,2700.0
2970,79,88.0,0.0,0.0,1039.0,0.0,9,0,0,3,1,0,0,47.4069,9.95,95.1,0.0,583.0,0.0,2700.0
2971,81,90.0,2.0,0.0,1039.0,0.0,9,0,0,3,1,0,0,49.2177,9.6,94.75,0.0,583.0,0.0,2700.0
2972,81,89.0,0.0,1.0,1040.0,0.0,6,1,2,3,1,0,0,51.0938,9.25,94.4,0.0,583.0,2.0,2702.0
2973,79,89.0,0.0,0.0,1040.0,0.0,9,0,1,2,1,0,0,52.9546,8.9,99.65,1.0,584.0,2.0,2704.0
2974,79,89.0,0.0,0.0,1040.0,0.0,10,0,0,2,1,0,0,54.0465,8.55,99.3,0.0,584.0,0.0,2704.0
2975,79,90.0,1.0,0.0,1040.0,0.0,11,0,0,1,1,0,0,55.0885,8.2,99.65,0.0,584.0,0.0,2704.0
2976,79,90.0,0.0,0.0,1040.0,0.0,9,0,2,1,1,0,0,55.4808,7.85,99.3,0.0,584.0,2.0,2706.0
2977,80,90.0,1.0,1.0,1041.0,0.0,6,1,4,1,1,0,0,55.9269,7.5,98.95,0.0,584.0,4.0,2710.0
2978,79,90.0,0.0,0.0,1041.0,0.0,9,0,2,1,1,0,0,56.3731,7.15,98.6,2.0,586.0,4.0,2714.0
2979,80,90.0,1.0,1.0,1042.0,0.0,10,1,0,2,0,0,0,56.6885,6.8,98.25,0.0,586.0,0.0,2714.0
2980,78,90.0,0.0,0.0,1042.0,0.0,10,0,1,1,1,0,0,57.7592,14.75,99.65,0.0,586.0,1.0,2715.0
2981,78,90.0,0.0,0.0,1042.0,0.0,11,0,0,1,1,0,0,58.1185,14.4,99.3,0.0,586.0,0.0,2715.0
2982,78,90.0,0.0,0.0,1042.0,0.0,11,0,0,1,1,0,0,58.4777,14.05,98.95,0.0,586.0,0.0,2715.0
2983,79,91.0,1.0,0.0,1042.0,0.0,11,0,0,1,1,0,0,58.8254,13.7,98.6,0.0,586.0,0.0,2715.0
2984,79,91.0,0.0,0.0,1042.0,0.0,10,0,0,1,2,0,0,59.1731,13.35,98.25,0.0,586.0,0.0,2715.0
2985,80,92.0,1.0,0.0,1042.0,0.0,10,0,0,1,2,0,0,59.5323,13.0,97.9,0.0,586.0,0.0,2715.0
2986,80,89.0,0.0,3.0,1045.0,0.0,6,3,1,1,2,0,0,59.8954,12.65,97.55,0.0,586.0,1.0,2716.0
2987,80,90.0,1.0,0.0,1045.0,0.0,10,0,0,1,2,0,0,60.2431,12.3,97.2,0.0,586.0,0.0,2716.0
2988,80,90.0,0.0,0.0,1045.0,0.0,9,0,1,1,2,0,0,60.6177,11.95,96.85,0.0,586.0,1.0,2717.0
2989,79,89.0,0.0,1.0,1046.0,0.0,10,1,0,0,2,0,0,60.9385,11.6,99.65,0.0,586.0,0.0,2717.0
2990,78,89.0,0.0,0.0,1046.0,0.0,11,0,0,0,2,0,0,60.5538,11.25,99.3,0.0,586.0,0.0,2717.0
2991,79,90.0,1.0,0.0,1046.0,0.0,11,0,0,0,2,0,0,60.1692,10.9,98.95,0.0,586.0,0.0,2717.0
2992,79,89.0,0.0,1.0,1047.0,0.0,9,1,2,0,1,0,0,59.8385,10.9,98.6,0.0,586.0,2.0,2719.0
2993,78,88.0,0.0,1.0,1048.0,0.0,10,1,1,0,1,0,0,59.5077,10.9,98.25,1.0,587.0,2.0,2721.0
2994,77,88.0,0.0,0.0,1048.0,0.0,10,0,0,0,3,0,0,59.1231,10.55,97.9,0.0,587.0,0.0,2721.0
2995,80,90.0,3.0,1.0,1049.0,0.0,9,1,1,0,2,0,0,58.7654,10.55,97.55,0.0,587.0,1.0,2722.0
2996,79,90.0,0.0,0.0,1049.0,0.0,10,0,0,0,3,0,0,58.3923,10.2,97.2,0.0,587.0,0.0,2722.0
2997,79,90.0,0.0,0.0,1049.0,0.0,10,0,0,0,3,0,0,57.9962,9.85,96.85,0.0,587.0,0.0,2722.0
2998,79,90.0,0.0,0.0,1049.0,0.0,10,0,0,0,3,0,0,57.6,9.5,96.5,0.0,587.0,0.0,2722.0
2999,79,89.0,0.0,1.0,1050.0,0.0,9,1,1,0,2,0,0,57.2308,9.5,96.15,0.0,587.0,1.0,2723.0
3000,78,89.0,0.0,0.0,1050.0,0.0,9,0,2,0,2,0,0,56.9,9.15,95.8,0.0,587.0,2.0,2725.0
3001,78,89.0,0.0,0.0,1050.0,0.0,8,0,3,0,2,0,0,56.6462,8.8,95.45,1.0,588.0,4.0,2729.0
3002,78,89.0,0.0,0.0,1050.0,0.0,8,0,2,0,3,0,0,56.3038,8.45,95.1,0.0,588.0,2.0,2731.0
3003,79,90.0,1.0,0.0,1050.0,0.0,8,0,1,0,4,0,0,55.9615,8.1,94.75,1.0,589.0,2.0,2733.0
3004,79,90.0,0.0,0.0,1050.0,0.0,9,0,0,0,4,0,0,55.5654,7.75,94.4,0.0,589.0,0.0,2733.0
3005,81,91.0,2.0,1.0,1051.0,0.0,8,1,0,0,4,0,0,55.1692,7.4,94.05,0.0,589.0,0.0,2733.0
3006,80,91.0,0.0,0.0,1051.0,0.0,9,0,0,0,4,0,0,54.7731,7.05,93.7,0.0,589.0,0.0,2733.0
3007,81,91.0,1.0,1.0,1052.0,0.0,8,1,0,0,4,0,0,54.3769,6.7,93.35,0.0,589.0,0.0,2733.0
3008,80,90.0,0.0,1.0,1053.0,0.0,7,1,1,1,3,0,0,54.0192,6.35,93.0,0.0,589.0,1.0,2734.0
3009,80,90.0,0.0,0.0,1053.0,0.0,9,0,0,1,3,0,0,54.3935,6.7,92.65,0.0,589.0,0.0,2734.0
3010,80,90.0,0.0,0.0,1053.0,0.0,9,0,0,1,3,0,0,54.7677,6.35,92.3,0.0,589.0,0.0,2734.0
3011,81,91.0,1.0,0.0,1053.0,0.0,9,0,0,1,3,0,0,55.1419,6.0,91.95,0.0,589.0,0.0,2734.0
3012,81,91.0,0.0,0.0,1053.0,0.0,9,0,0,2,2,0,0,55.5046,5.65,91.6,0.0,589.0,0.0,2734.0
3013,81,91.0,0.0,0.0,1053.0,0.0,8,0,2,2,1,0,0,56.6404,5.3,91.25,0.0,589.0,2.0,2736.0
3014,81,91.0,0.0,0.0,1053.0,0.0,9,0,1,3,0,0,0,57.7762,4.95,90.9,1.0,590.0,2.0,2738.0
3015,82,92.0,1.0,0.0,1053.0,0.0,9,0,0,3,1,0,0,59.6162,11.15,90.55,0.0,590.0,0.0,2738.0
3016,82,92.0,0.0,0.0,1053.0,0.0,9,0,0,3,1,0,0,61.4562,10.8,90.2,0.0,590.0,0.0,2738.0
3017,82,92.0,0.0,0.0,1053.0,0.0,9,0,0,3,1,0,0,63.2962,10.45,90.635,0.0,590.0,0.0,2738.0
3018,81,91.0,0.0,1.0,1054.0,0.0,9,1,0,2,1,0,0,65.1092,10.1,99.65,0.0,590.0,0.0,2738.0
3019,83,94.0,3.0,0.0,1054.0,0.0,9,0,1,2,1,0,0,66.2404,9.75,99.3,0.0,590.0,1.0,2739.0
3020,83,93.0,0.0,1.0,1055.0,0.0,8,1,1,2,1,0,0,67.3715,9.4,98.95,0.0,590.0,1.0,2740.0
3021,82,93.0,0.0,0.0,1055.0,0.0,10,0,0,2,1,0,0,68.4758,9.05,98.6,0.0,590.0,0.0,2740.0
3022,82,93.0,0.0,0.0,1055.0,0.0,11,0,0,1,1,0,0,69.5531,8.7,99.65,0.0,590.0,0.0,2740.0
3023,82,92.0,0.0,1.0,1056.0,0.0,10,1,0,1,1,0,0,69.9035,8.35,99.3,0.0,590.0,0.0,2740.0
3024,81,91.0,0.0,1.0,1057.0,0.0,10,2,0,0,1,0,0,70.2654,8.0,99.65,0.0,590.0,0.0,2740.0
3025,81,92.0,1.0,0.0,1057.0,0.0,11,1,0,0,1,0,0,69.9077,7.65,99.3,0.0,590.0,0.0,2740.0
3026,81,91.0,0.0,1.0,1058.0,0.0,10,2,0,0,1,0,0,69.5385,7.3,98.95,0.0,590.0,0.0,2740.0
3027,81,92.0,1.0,0.0,1058.0,0.0,11,1,0,0,1,0,0,69.1808,6.95,98.6,0.0,590.0,0.0,2740.0
3028,81,92.0,0.0,0.0,1058.0,0.0,11,1,0,0,1,0,0,68.8231,6.6,98.25,0.0,590.0,0.0,2740.0
3029,81,92.0,0.0,0.0,1058.0,0.0,11,1,0,0,1,0,0,68.4538,6.25,97.9,0.0,590.0,0.0,2740.0
3030,81,91.0,0.0,1.0,1059.0,0.0,10,2,0,0,1,0,0,68.0846,5.9,97.55,0.0,590.0,0.0,2740.0
3031,81,91.0,1.0,1.0,1060.0,0.0,9,2,1,0,1,0,0,67.7538,5.55,97.2,0.0,590.0,1.0,2741.0
3032,80,91.0,0.0,0.0,1060.0,0.0,11,1,0,0,1,0,0,67.4077,5.2,96.85,0.0,590.0,0.0,2741.0
3033,80,92.0,1.0,0.0,1060.0,0.0,12,0,0,0,1,0,0,67.0346,4.85,96.5,0.0,590.0,0.0,2741.0
3034,80,90.0,0.0,2.0,1062.0,0.0,9,2,1,1,0,0,0,66.6769,4.5,96.15,0.0,590.0,1.0,2742.0
3035,80,92.0,2.0,0.0,1062.0,0.0,12,0,0,1,0,0,0,67.0769,14.05,95.8,0.0,590.0,0.0,2742.0
3036,80,92.0,0.0,0.0,1062.0,0.0,10,0,1,1,1,0,0,67.5038,14.7,95.45,0.0,590.0,1.0,2743.0
3037,80,92.0,0.0,0.0,1062.0,0.0,11,0,0,1,1,0,0,67.8923,14.35,95.1,0.0,590.0,0.0,2743.0
3038,80,92.0,0.0,0.0,1062.0,0.0,11,0,0,1,1,0,0,68.2692,14.0,94.75,0.0,590.0,0.0,2743.0
3039,80,92.0,0.0,0.0,1062.0,0.0,11,0,0,1,1,0,0,68.6231,13.65,94.4,0.0,590.0,0.0,2743.0
3040,80,92.0,0.0,0.0,1062.0,0.0,10,0,1,1,1,0,0,69.0038,13.3,94.05,0.0,590.0,1.0,2744.0
3041,80,91.0,0.0,1.0,1063.0,0.0,10,1,0,1,1,0,0,69.3462,12.95,93.7,0.0,590.0,0.0,2744.0
3042,80,91.0,0.0,0.0,1063.0,0.0,10,0,1,1,1,0,0,69.7269,12.6,93.35,0.0,590.0,1.0,2745.0
3043,82,92.0,2.0,1.0,1064.0,0.0,8,1,2,1,1,0,0,70.1462,12.25,93.0,0.0,590.0,2.0,2747.0
3044,80,91.0,0.0,1.0,1065.0,0.0,9,1,2,0,1,0,0,70.55,11.9,99.65,0.0,590.0,2.0,2749.0
3045,80,92.0,1.0,0.0,1065.0,0.0,10,0,2,0,1,0,0,70.2577,11.55,99.3,1.0,591.0,3.0,2752.0
3046,80,92.0,0.0,0.0,1065.0,0.0,11,0,1,0,1,0,0,69.9269,11.2,98.95,1.0,592.0,2.0,2754.0
3047,81,91.0,1.0,2.0,1067.0,0.0,9,2,1,0,1,0,0,69.5577,10.85,98.6,0.0,592.0,1.0,2755.0
3048,79,91.0,0.0,0.0,1067.0,0.0,12,0,0,0,1,0,0,69.1731,10.5,98.25,0.0,592.0,0.0,2755.0
3049,79,91.0,0.0,0.0,1067.0,0.0,12,0,0,1,0,0,0,68.7885,10.15,97.9,0.0,592.0,0.0,2755.0
3050,79,91.0,0.0,0.0,1067.0,0.0,12,0,0,1,0,0,0,69.1104,19.135,97.55,0.0,592.0,0.0,2755.0
3051,80,91.0,1.0,1.0,1068.0,0.0,11,1,0,1,0,0,0,69.4208,28.12,97.2,0.0,592.0,0.0,2755.0
3052,79,91.0,0.0,0.0,1068.0,0.0,12,0,0,1,0,0,0,69.7312,37.105,96.85,0.0,592.0,0.0,2755.0
3053,79,90.0,0.0,1.0,1069.0,0.0,7,1,4,1,0,0,0,70.1723,41.7,96.5,0.0,592.0,4.0,2759.0
3054,78,90.0,0.0,0.0,1069.0,0.0,11,0,1,1,0,0,0,70.5981,41.7,96.15,2.0,594.0,3.0,2762.0
3055,80,92.0,2.0,0.0,1069.0,0.0,11,0,1,1,0,0,0,70.9469,41.2,95.8,0.0,594.0,1.0,2763.0
3056,80,92.0,0.0,0.0,1069.0,0.0,12,0,0,1,0,0,0,71.2688,40.7,95.45,0.0,594.0,0.0,2763.0
3057,80,92.0,0.0,0.0,1069.0,0.0,12,0,0,1,0,0,0,71.5677,40.2,94.95,0.0,594.0,0.0,2763.0
3058,80,90.0,0.0,2.0,1071.0,0.0,10,2,0,1,0,0,0,71.8665,39.7,94.45,0.0,594.0,0.0,2763.0
3059,78,91.0,1.0,0.0,1071.0,0.0,13,0,0,0,0,0,0,72.1385,39.2,99.65,0.0,594.0,0.0,2763.0
3060,78,91.0,0.0,0.0,1071.0,0.0,12,0,1,0,0,0,0,71.7346,38.7,99.3,0.0,594.0,1.0,2764.0
3061,79,92.0,1.0,0.0,1071.0,0.0,12,0,1,0,0,0,0,71.3692,38.7,98.95,1.0,595.0,2.0,2766.0
3062,79,92.0,0.0,0.0,1071.0,0.0,13,0,0,0,0,0,0,70.9154,38.2,98.6,0.0,595.0,0.0,2766.0
3063,79,92.0,0.0,0.0,1071.0,0.0,10,0,3,0,0,0,0,70.6038,38.2,98.25,0.0,595.0,3.0,2769.0
3064,79,91.0,0.0,1.0,1072.0,0.0,11,1,1,0,0,0,0,70.2808,38.2,97.9,2.0,597.0,3.0,2772.0
3065,79,92.0,1.0,0.0,1072.0,0.0,11,0,2,0,0,0,0,69.9308,37.7,97.55,0.0,597.0,2.0,2774.0
3066,79,92.0,0.0,0.0,1072.0,0.0,10,0,3,0,0,0,0,69.7346,37.2,97.2,2.0,599.0,5.0,2779.0
3067,81,94.0,2.0,0.0,1072.0,0.0,13,0,0,0,0,0,0,69.3846,36.7,96.85,1.0,600.0,1.0,2780.0
3068,81,94.0,0.0,0.0,1072.0,0.0,13,0,0,0,0,0,0,69.0077,36.2,96.5,0.0,600.0,0.0,2780.0
3069,81,94.0,0.0,0.0,1072.0,0.0,13,0,0,0,0,0,0,68.6308,35.7,96.15,0.0,600.0,0.0,2780.0
3070,81,94.0,0.0,0.0,1072.0,0.0,11,0,2,0,0,0,0,68.3308,35.2,95.8,0.0,600.0,2.0,2782.0
3071,81,93.0,0.0,1.0,1073.0,0.0,10,1,2,0,0,0,0,67.9308,34.7,95.45,0.0,600.0,2.0,2784.0
3072,80,91.0,0.0,2.0,1075.0,0.0,10,2,1,0,0,0,0,67.5423,34.2,95.1,1.0,601.0,2.0,2786.0
3073,78,90.0,0.0,1.0,1076.0,0.0,10,1,2,0,0,0,0,67.1885,34.2,94.75,0.0,601.0,2.0,2788.0
3074,77,90.0,0.0,0.0,1076.0,0.0,12,0,1,0,0,0,0,66.8462,34.2,94.4,1.0,602.0,2.0,2790.0
3075,80,92.0,3.0,1.0,1077.0,0.0,11,1,1,0,0,0,0,66.4538,33.7,94.05,0.0,602.0,1.0,2791.0
3076,79,90.0,0.0,2.0,1079.0,0.0,10,2,1,0,0,0,0,66.05,33.2,93.7,0.0,602.0,1.0,2792.0
3077,77,90.0,0.0,0.0,1079.0,0.0,9,0,4,0,0,0,0,65.7846,33.2,93.35,0.0,602.0,4.0,2796.0
3078,77,90.0,0.0,0.0,1079.0,0.0,11,0,2,0,0,0,0,65.5192,33.2,93.35,2.0,604.0,4.0,2800.0
3079,78,91.0,1.0,0.0,1079.0,0.0,11,0,2,0,0,0,0,65.2038,32.7,93.35,1.0,605.0,3.0,2803.0
3080,78,90.0,0.0,1.0,1080.0,0.0,11,1,1,0,0,0,0,64.8115,32.2,93.0,1.0,606.0,1.0,2804.0
3081,78,90.0,0.0,0.0,1080.0,0.0,12,1,0,0,0,0,0,64.4038,31.7,92.65,0.0,606.0,0.0,2804.0
3082,77,90.0,0.0,0.0,1080.0,0.0,13,0,0,0,0,0,0,63.9962,31.2,92.3,0.0,606.0,0.0,2804.0
3083,78,90.0,1.0,1.0,1081.0,0.0,12,1,0,0,0,0,0,63.5654,30.7,91.95,0.0,606.0,0.0,2804.0
3084,77,90.0,0.0,0.0,1081.0,0.0,13,0,0,0,0,0,0,63.1462,30.2,91.6,0.0,606.0,0.0,2804.0
3085,78,90.0,1.0,1.0,1082.0,0.0,12,1,0,0,0,0,0,62.7269,29.7,91.25,0.0,606.0,0.0,2804.0
3086,77,90.0,0.0,0.0,1082.0,0.0,10,0,3,0,0,0,0,62.4115,29.2,90.9,0.0,606.0,3.0,2807.0
3087,77,89.0,0.0,1.0,1083.0,0.0,11,1,1,0,0,0,0,62.0808,28.7,90.55,1.0,607.0,2.0,2809.0
3088,76,87.0,0.0,2.0,1085.0,0.0,10,2,1,0,0,0,0,61.7115,28.35,90.55,0.0,607.0,1.0,2810.0
3089,75,88.0,1.0,0.0,1085.0,0.0,13,0,0,0,0,0,0,61.3769,28.0,90.2,0.0,607.0,0.0,2810.0
3090,75,88.0,0.0,0.0,1085.0,0.0,11,0,2,0,0,0,0,61.0346,27.65,89.85,0.0,607.0,2.0,2812.0
3091,77,90.0,2.0,0.0,1085.0,0.0,11,0,2,0,0,0,0,60.6923,27.65,89.35,0.0,607.0,2.0,2814.0
3092,77,90.0,0.0,0.0,1085.0,0.0,11,0,2,0,0,0,0,60.3654,27.65,88.85,1.0,608.0,3.0,2817.0
3093,77,90.0,0.0,0.0,1085.0,0.0,13,0,0,0,0,0,0,59.9462,27.3,88.35,0.0,608.0,0.0,2817.0
3094,77,90.0,0.0,0.0,1085.0,0.0,13,0,0,0,0,0,0,59.5154,26.95,87.85,0.0,608.0,0.0,2817.0
3095,78,91.0,1.0,0.0,1085.0,0.0,10,0,3,0,0,0,0,59.1654,26.95,87.35,0.0,608.0,3.0,2820.0
3096,78,91.0,0.0,0.0,1085.0,0.0,12,0,1,0,0,0,0,58.8038,26.95,86.85,2.0,610.0,3.0,2823.0
3097,78,90.0,0.0,1.0,1086.0,0.0,12,1,0,0,0,0,0,58.3385,26.6,86.35,0.0,610.0,0.0,2823.0
3098,77,89.0,0.0,1.0,1087.0,0.0,10,1,2,0,0,0,0,57.95,26.6,85.85,0.0,610.0,2.0,2825.0
3099,77,90.0,1.0,0.0,1087.0,0.0,12,0,1,0,0,0,0,57.5846,26.25,85.35,1.0,611.0,2.0,2827.0
3100,77,90.0,0.0,0.0,1087.0,0.0,13,0,0,0,0,0,0,57.1423,25.9,84.85,0.0,611.0,0.0,2827.0
3101,77,90.0,0.0,0.0,1087.0,0.0,12,0,1,0,0,0,0,56.7154,25.9,84.35,0.0,611.0,1.0,2828.0
3102,77,89.0,0.0,1.0,1088.0,0.0,12,1,0,0,0,0,0,56.2615,25.55,83.85,0.0,611.0,0.0,2828.0
3103,78,91.0,2.0,0.0,1088.0,0.0,13,0,0,0,0,0,0,55.8077,25.05,83.5,0.0,611.0,0.0,2828.0
3104,78,90.0,0.0,1.0,1089.0,0.0,12,1,0,0,0,0,0,55.3538,24.55,83.15,0.0,611.0,0.0,2828.0
3105,78,90.0,1.0,1.0,1090.0,0.0,12,1,0,0,0,0,0,54.9,24.05,82.8,0.0,611.0,0.0,2828.0
3106,77,90.0,0.0,0.0,1090.0,0.0,13,0,0,0,0,0,0,54.4577,23.55,82.45,0.0,611.0,0.0,2828.0
3107,78,90.0,1.0,1.0,1091.0,0.0,12,1,0,0,0,0,0,54.0038,23.05,82.1,0.0,611.0,0.0,2828.0
3108,77,90.0,0.0,0.0,1091.0,0.0,13,0,0,0,0,0,0,53.5615,22.55,81.75,0.0,611.0,0.0,2828.0
3109,77,90.0,0.0,0.0,1091.0,0.0,11,0,2,0,0,0,0,53.1846,22.05,81.75,0.0,611.0,2.0,2830.0
3110,77,90.0,0.0,0.0,1091.0,0.0,12,0,1,0,0,0,0,52.8077,21.55,81.75,1.0,612.0,2.0,2832.0
3111,77,90.0,0.0,0.0,1091.0,0.0,13,0,0,0,0,0,0,52.3654,21.05,81.4,0.0,612.0,0.0,2832.0
3112,77,90.0,0.0,0.0,1091.0,0.0,11,0,2,0,0,0,0,52.0,20.55,81.05,0.0,612.0,2.0,2834.0
3113,77,88.0,0.0,2.0,1093.0,0.0,10,2,1,0,0,0,0,51.6346,20.05,80.7,1.0,613.0,2.0,2836.0
3114,75,87.0,0.0,1.0,1094.0,0.0,9,1,3,0,0,0,0,51.2846,19.55,80.7,0.0,613.0,3.0,2839.0
3115,77,90.0,3.0,0.0,1094.0,0.0,10,0,3,0,0,0,0,50.9692,19.05,80.7,0.0,613.0,3.0,2842.0
3116,77,89.0,0.0,1.0,1095.0,0.0,9,1,3,0,0,0,0,50.6923,18.55,80.7,1.0,614.0,4.0,2846.0
3117,77,90.0,1.0,0.0,1095.0,0.0,12,0,1,0,0,0,0,50.3615,18.05,80.35,1.0,615.0,2.0,2848.0
3118,77,90.0,0.0,0.0,1095.0,0.0,13,0,0,0,0,0,0,49.9538,17.55,80.0,0.0,615.0,0.0,2848.0
3119,77,90.0,0.0,0.0,1095.0,0.0,13,0,0,0,0,0,0,49.5346,17.05,79.65,0.0,615.0,0.0,2848.0
3120,77,90.0,0.0,0.0,1095.0,0.0,13,0,0,0,0,0,0,49.1154,16.55,79.3,0.0,615.0,0.0,2848.0
3121,77,90.0,0.0,0.0,1095.0,0.0,13,0,0,0,0,0,0,48.6846,16.05,78.95,0.0,615.0,0.0,2848.0
3122,77,90.0,0.0,0.0,1095.0,0.0,9,0,4,0,0,0,0,48.3962,15.55,78.6,0.0,615.0,4.0,2852.0
3123,78,91.0,1.0,0.0,1095.0,0.0,10,0,3,0,0,0,0,48.1231,15.05,78.25,2.0,617.0,5.0,2857.0
3124,78,91.0,0.0,0.0,1095.0,0.0,11,0,1,0,1,0,0,47.7192,14.55,77.9,0.0,617.0,1.0,2858.0
3125,79,92.0,1.0,0.0,1095.0,0.0,11,0,1,0,1,0,0,47.3654,14.2,77.55,1.0,618.0,2.0,2860.0
3126,79,92.0,0.0,0.0,1095.0,0.0,10,0,2,0,1,0,0,47.0,13.85,77.05,0.0,618.0,2.0,2862.0
3127,80,93.0,1.0,0.0,1095.0,0.0,10,0,2,0,1,0,0,46.6731,13.5,76.55,1.0,619.0,3.0,2865.0
3128,80,92.0,0.0,1.0,1096.0,0.0,11,1,0,0,1,0,0,46.2308,13.15,76.05,0.0,619.0,0.0,2865.0
3129,79,92.0,0.0,0.0,1096.0,0.0,11,0,1,0,1,0,0,45.8269,12.8,75.7,0.0,619.0,1.0,2866.0
3130,79,92.0,0.0,0.0,1096.0,0.0,12,0,0,0,1,0,0,45.3846,12.45,75.35,0.0,619.0,0.0,2866.0
3131,81,92.0,2.0,2.0,1098.0,0.0,8,2,2,0,1,0,0,44.9962,12.1,75.0,0.0,619.0,2.0,2868.0
3132,79,92.0,0.0,0.0,1098.0,0.0,10,0,3,0,0,0,0,44.6846,12.1,74.65,1.0,620.0,4.0,2872.0
3133,79,91.0,0.0,1.0,1099.0,0.0,9,1,2,0,1,0,0,44.3346,11.75,74.65,1.0,621.0,3.0,2875.0
3134,78,90.0,0.0,1.0,1100.0,0.0,9,1,3,0,0,0,0,44.0192,11.75,74.3,0.0,621.0,3.0,2878.0
3135,78,90.0,1.0,1.0,1101.0,0.0,8,1,3,0,1,0,0,43.7423,11.4,74.3,1.0,622.0,4.0,2882.0
3136,78,90.0,0.0,0.0,1101.0,0.0,11,0,1,0,1,0,0,43.4,11.05,74.3,1.0,623.0,2.0,2884.0
3137,78,90.0,0.0,0.0,1101.0,0.0,12,0,0,0,1,0,0,43.0038,10.7,73.95,0.0,623.0,0.0,2884.0
3138,78,90.0,0.0,0.0,1101.0,0.0,12,0,0,0,1,0,0,42.6077,10.35,73.6,0.0,623.0,0.0,2884.0
3139,80,92.0,2.0,0.0,1101.0,0.0,12,0,0,0,1,0,0,42.2115,10.0,73.25,0.0,623.0,0.0,2884.0
3140,80,91.0,0.0,1.0,1102.0,0.0,11,1,0,0,1,0,0,41.8038,9.65,72.9,0.0,623.0,0.0,2884.0
3141,79,91.0,0.0,0.0,1102.0,0.0,11,0,1,0,1,0,0,41.4462,9.3,72.55,0.0,623.0,1.0,2885.0
3142,79,90.0,0.0,1.0,1103.0,0.0,10,1,1,0,1,0,0,41.0923,8.95,72.2,1.0,624.0,2.0,2887.0
3143,78,90.0,0.0,0.0,1103.0,0.0,12,0,0,0,1,0,0,40.6731,8.6,71.7,0.0,624.0,0.0,2887.0
3144,78,90.0,0.0,0.0,1103.0,0.0,11,0,1,0,1,0,0,40.2808,8.25,71.2,0.0,624.0,1.0,2888.0
3145,80,92.0,2.0,0.0,1103.0,0.0,12,0,0,0,1,0,0,39.8615,7.9,70.7,0.0,624.0,0.0,2888.0
3146,80,92.0,0.0,0.0,1103.0,0.0,12,0,0,0,1,0,0,39.4423,7.55,70.2,0.0,624.0,0.0,2888.0
3147,81,93.0,1.0,0.0,1103.0,0.0,12,0,0,0,1,0,0,39.0231,7.2,69.7,0.0,624.0,0.0,2888.0
3148,81,92.0,0.0,1.0,1104.0,0.0,11,1,0,0,1,0,0,38.6038,6.85,69.2,0.0,624.0,0.0,2888.0
3149,80,91.0,0.0,1.0,1105.0,0.0,9,1,2,0,1,0,0,38.2615,6.5,68.7,0.0,624.0,2.0,2890.0
3150,79,90.0,0.0,1.0,1106.0,0.0,10,1,1,0,1,0,0,37.9308,6.15,68.35,1.0,625.0,2.0,2892.0
3151,79,91.0,1.0,0.0,1106.0,0.0,12,0,0,0,1,0,0,37.5346,5.8,68.0,0.0,625.0,0.0,2892.0
3152,79,91.0,0.0,0.0,1106.0,0.0,8,0,3,0,2,0,0,37.2692,5.45,67.65,0.0,625.0,3.0,2895.0
3153,79,91.0,0.0,0.0,1106.0,0.0,10,0,1,0,2,0,0,37.0154,5.1,67.3,2.0,627.0,3.0,2898.0
3154,79,91.0,0.0,0.0,1106.0,0.0,11,0,0,0,2,0,0,36.6192,4.75,66.95,0.0,627.0,0.0,2898.0
3155,81,93.0,2.0,0.0,1106.0,0.0,11,0,0,0,2,0,0,36.2231,4.4,66.6,0.0,627.0,0.0,2898.0
3156,81,92.0,0.0,1.0,1107.0,0.0,9,1,1,0,2,0,0,35.8423,4.05,66.25,0.0,627.0,1.0,2899.0
3157,81,92.0,0.0,0.0,1107.0,0.0,9,0,1,0,3,0,0,35.5115,3.7,65.9,1.0,628.0,2.0,2901.0
3158,81,92.0,0.0,0.0,1107.0,0.0,10,0,0,0,3,0,0,35.1154,3.35,65.55,0.0,628.0,0.0,2901.0
3159,82,93.0,1.0,0.0,1107.0,0.0,9,0,1,0,3,0,0,34.7577,3.0,65.2,0.0,628.0,1.0,2902.0
3160,82,93.0,0.0,0.0,1107.0,0.0,9,0,1,0,3,0,0,34.3885,2.65,65.2,0.0,628.0,1.0,2903.0
3161,82,93.0,0.0,0.0,1107.0,0.0,7,0,3,0,3,0,0,34.1346,2.3,65.2,1.0,629.0,4.0,2907.0
3162,82,93.0,0.0,0.0,1107.0,0.0,9,0,1,0,3,0,0,33.7923,1.95,64.85,1.0,630.0,2.0,2909.0
3163,84,95.0,2.0,0.0,1107.0,0.0,10,0,0,0,3,0,0,33.3731,1.6,64.5,0.0,630.0,0.0,2909.0
3164,84,93.0,0.0,2.0,1109.0,0.0,8,2,0,1,2,0,0,32.9538,1.25,64.15,0.0,630.0,0.0,2909.0
3165,83,94.0,1.0,0.0,1109.0,0.0,9,0,1,1,2,0,0,33.3827,10.95,63.8,0.0,630.0,1.0,2910.0
3166,83,93.0,0.0,1.0,1110.0,0.0,9,1,0,1,2,0,0,33.7731,10.6,63.45,0.0,630.0,0.0,2910.0
3167,82,92.0,0.0,1.0,1111.0,0.0,8,1,1,1,2,0,0,34.1904,10.25,62.95,0.0,630.0,1.0,2911.0
3168,81,92.0,0.0,0.0,1111.0,0.0,10,0,0,1,2,0,0,34.5692,9.9,62.45,0.0,630.0,0.0,2911.0
3169,81,92.0,0.0,0.0,1111.0,0.0,10,0,0,1,2,0,0,34.9481,9.55,61.95,0.0,630.0,0.0,2911.0
3170,81,91.0,0.0,1.0,1112.0,0.0,8,1,1,1,2,0,0,35.3538,9.2,61.45,0.0,630.0,1.0,2912.0
3171,82,92.0,1.0,0.0,1112.0,0.0,8,0,2,1,2,0,0,35.7865,8.85,70.375,0.0,630.0,2.0,2914.0
3172,82,92.0,0.0,0.0,1112.0,0.0,9,0,1,1,2,0,0,36.2192,8.5,80.25,1.0,631.0,2.0,2916.0
3173,83,93.0,1.0,0.0,1112.0,0.0,10,0,1,1,1,0,0,36.625,8.15,90.125,0.0,631.0,1.0,2917.0
3174,82,93.0,0.0,0.0,1112.0,0.0,11,0,0,0,2,0,0,37.0038,7.8,99.65,0.0,631.0,0.0,2917.0
3175,84,95.0,2.0,0.0,1112.0,0.0,10,0,1,1,1,0,0,36.65,7.45,99.3,0.0,631.0,1.0,2918.0
3176,84,95.0,0.0,0.0,1112.0,0.0,8,0,3,1,1,0,0,37.0646,7.1,98.95,0.0,631.0,3.0,2921.0
3177,84,95.0,0.0,0.0,1112.0,0.0,9,0,2,1,1,0,0,37.5177,6.75,98.6,2.0,633.0,4.0,2925.0
3178,84,95.0,0.0,0.0,1112.0,0.0,11,0,0,1,1,0,0,37.8554,6.4,98.25,1.0,634.0,1.0,2926.0
3179,85,96.0,1.0,0.0,1112.0,0.0,11,0,0,1,1,0,0,38.1546,6.05,97.9,0.0,634.0,0.0,2926.0
3180,85,96.0,0.0,0.0,1112.0,0.0,11,0,0,1,1,0,0,38.4538,5.7,97.55,0.0,634.0,0.0,2926.0
3181,85,96.0,0.0,0.0,1112.0,0.0,11,0,0,1,1,0,0,38.7415,5.35,97.2,0.0,634.0,0.0,2926.0
3182,85,95.0,0.0,1.0,1113.0,0.0,10,1,0,1,1,0,0,39.0292,5.0,96.85,0.0,634.0,0.0,2926.0
3183,84,95.0,0.0,0.0,1113.0,0.0,11,0,0,1,1,0,0,39.3169,4.65,96.5,0.0,634.0,0.0,2926.0
3184,84,94.0,0.0,1.0,1114.0,0.0,9,1,1,1,1,0,0,39.6431,4.3,96.15,0.0,634.0,1.0,2927.0
3185,83,95.0,1.0,0.0,1114.0,0.0,11,0,1,0,1,0,0,39.9923,3.95,99.65,1.0,635.0,2.0,2929.0
3186,83,94.0,0.0,1.0,1115.0,0.0,11,1,0,0,1,0,0,39.5615,3.6,99.3,0.0,635.0,0.0,2929.0
3187,85,97.0,3.0,0.0,1115.0,0.0,12,0,0,0,1,0,0,39.1308,3.25,98.95,0.0,635.0,0.0,2929.0
3188,85,96.0,0.0,1.0,1116.0,0.0,9,1,2,0,1,0,0,38.7769,2.9,98.6,0.0,635.0,2.0,2931.0
3189,84,95.0,0.0,1.0,1117.0,0.0,10,1,1,0,1,0,0,38.4346,2.55,98.25,1.0,636.0,2.0,2933.0
3190,83,94.0,0.0,1.0,1118.0,0.0,11,1,0,0,1,0,0,38.0269,2.2,97.9,0.0,636.0,0.0,2933.0
3191,82,94.0,0.0,0.0,1118.0,0.0,12,0,0,0,1,0,0,37.6308,1.85,97.55,0.0,636.0,0.0,2933.0
3192,82,94.0,0.0,0.0,1118.0,0.0,11,0,1,0,1,0,0,37.2615,1.5,97.55,0.0,636.0,1.0,2934.0
3193,82,94.0,0.0,0.0,1118.0,0.0,12,0,0,1,0,0,0,36.8654,1.15,97.2,0.0,636.0,0.0,2934.0
3194,82,92.0,0.0,2.0,1120.0,0.0,10,2,0,1,0,0,0,37.2565,11.035,96.85,0.0,636.0,0.0,2934.0
3195,83,94.0,2.0,0.0,1120.0,0.0,11,1,0,1,0,0,0,37.6977,16.0,96.5,0.0,636.0,0.0,2934.0
3196,83,93.0,0.0,1.0,1121.0,0.0,10,2,0,1,0,0,0,38.1273,15.65,96.15,0.0,636.0,0.0,2934.0
3197,82,93.0,0.0,0.0,1121.0,0.0,11,1,0,1,0,0,0,38.5569,15.3,95.8,0.0,636.0,0.0,2934.0
3198,82,92.0,0.0,1.0,1122.0,0.0,9,2,0,1,1,0,0,38.9865,14.95,95.45,0.0,636.0,0.0,2934.0
3199,82,93.0,1.0,0.0,1122.0,0.0,10,0,0,1,2,0,0,39.4008,14.6,95.1,0.0,636.0,0.0,2934.0
3200,82,92.0,0.0,1.0,1123.0,0.0,9,1,0,1,2,0,0,39.815,14.25,94.75,0.0,636.0,0.0,2934.0
3201,82,93.0,1.0,0.0,1123.0,0.0,10,0,0,1,2,0,0,40.2292,13.9,94.4,0.0,636.0,0.0,2934.0
3202,82,93.0,0.0,0.0,1123.0,0.0,9,0,0,1,3,0,0,40.6319,13.55,94.05,0.0,636.0,0.0,2934.0
3203,83,94.0,1.0,0.0,1123.0,0.0,9,0,1,0,3,0,0,41.0346,13.2,99.65,0.0,636.0,1.0,2935.0
3204,83,94.0,0.0,0.0,1123.0,0.0,10,0,0,0,3,0,0,40.65,12.85,99.3,0.0,636.0,0.0,2935.0
3205,84,95.0,1.0,0.0,1123.0,0.0,10,0,0,0,3,0,0,40.2654,12.5,98.95,0.0,636.0,0.0,2935.0
3206,84,95.0,0.0,0.0,1123.0,0.0,8,0,2,0,3,0,0,39.9231,12.15,98.6,0.0,636.0,2.0,2937.0
3207,84,95.0,0.0,0.0,1123.0,0.0,8,0,2,0,3,0,0,39.6192,11.8,98.25,1.0,637.0,3.0,2940.0
3208,84,95.0,0.0,0.0,1123.0,0.0,8,0,1,0,4,0,0,39.2885,11.45,97.9,1.0,638.0,2.0,2942.0
3209,84,95.0,0.0,0.0,1123.0,0.0,9,0,0,0,4,0,0,38.8808,11.1,97.55,0.0,638.0,0.0,2942.0
3210,84,94.0,0.0,1.0,1124.0,0.0,8,1,0,0,4,0,0,38.4731,10.75,97.2,0.0,638.0,0.0,2942.0
3211,86,96.0,2.0,0.0,1124.0,0.0,9,0,0,0,4,0,0,38.0769,10.4,96.85,0.0,638.0,0.0,2942.0
3212,86,96.0,0.0,0.0,1124.0,0.0,8,0,2,1,2,0,0,37.7346,10.05,96.5,0.0,638.0,2.0,2944.0
3213,86,95.0,0.0,1.0,1125.0,0.0,7,1,2,1,2,0,0,38.1381,10.6,96.15,1.0,639.0,3.0,2947.0
3214,85,94.0,0.0,1.0,1126.0,0.0,6,1,2,1,3,0,0,38.5262,10.25,95.8,0.0,639.0,2.0,2949.0
3215,86,96.0,2.0,0.0,1126.0,0.0,8,0,1,1,3,0,0,38.9258,9.9,95.45,1.0,640.0,2.0,2951.0
3216,86,96.0,0.0,0.0,1126.0,0.0,7,0,2,1,3,0,0,39.3138,9.55,95.1,0.0,640.0,2.0,2953.0
3217,86,96.0,0.0,0.0,1126.0,0.0,8,0,1,1,3,0,0,39.7019,9.2,94.75,1.0,641.0,2.0,2955.0
3218,86,96.0,0.0,0.0,1126.0,0.0,7,0,2,1,3,0,0,40.09,8.85,94.4,0.0,641.0,2.0,2957.0
3219,87,97.0,1.0,0.0,1126.0,0.0,8,0,1,1,3,0,0,40.4665,8.5,94.05,1.0,642.0,2.0,2959.0
3220,87,97.0,0.0,0.0,1126.0,0.0,9,0,0,2,2,0,0,40.7892,8.15,93.7,0.0,642.0,0.0,2959.0
3221,87,96.0,0.0,1.0,1127.0,0.0,7,1,1,2,2,0,0,41.8708,7.8,93.35,0.0,642.0,1.0,2960.0
3222,86,96.0,0.0,0.0,1127.0,0.0,10,0,1,1,1,0,0,42.9254,7.8,99.65,0.0,642.0,1.0,2961.0
3223,87,97.0,1.0,0.0,1127.0,0.0,9,0,1,1,2,0,0,43.2881,7.45,99.3,0.0,642.0,1.0,2962.0
3224,87,97.0,0.0,0.0,1127.0,0.0,9,0,0,2,2,0,0,43.6123,7.1,98.95,0.0,642.0,0.0,2962.0
3225,88,97.0,1.0,1.0,1128.0,0.0,7,1,1,2,2,0,0,44.705,9.85,98.6,0.0,642.0,1.0,2963.0
3226,88,97.0,0.0,0.0,1128.0,0.0,9,0,0,2,2,0,0,45.7708,9.5,98.25,0.0,642.0,0.0,2963.0
3227,89,97.0,1.0,1.0,1129.0,0.0,8,1,0,2,2,0,0,46.8365,9.15,97.9,0.0,642.0,0.0,2963.0
3228,88,96.0,0.0,1.0,1130.0,0.0,7,1,0,2,2,1,0,47.9023,8.8,97.55,0.0,642.0,0.0,2963.0
3229,88,96.0,1.0,1.0,1131.0,0.0,7,1,0,2,2,1,0,49.0065,8.45,97.2,0.0,642.0,0.0,2963.0
3230,86,96.0,0.0,0.0,1131.0,0.0,9,0,0,1,3,0,0,50.0685,8.1,99.65,0.0,642.0,0.0,2963.0
3231,86,95.0,0.0,1.0,1132.0,0.0,8,1,0,1,3,0,0,50.4254,7.75,99.3,0.0,642.0,0.0,2963.0
3232,86,95.0,0.0,0.0,1132.0,0.0,8,0,1,1,3,0,0,50.8208,7.4,98.95,0.0,642.0,1.0,2964.0
3233,86,95.0,0.0,0.0,1132.0,0.0,8,0,1,1,3,0,0,51.2546,7.05,98.6,1.0,643.0,2.0,2966.0
3234,85,95.0,0.0,0.0,1132.0,0.0,10,0,0,0,3,0,0,51.5962,6.7,99.65,0.0,643.0,0.0,2966.0
3235,88,98.0,3.0,0.0,1132.0,0.0,9,0,1,0,3,0,0,51.2615,6.35,99.3,0.0,643.0,1.0,2967.0
3236,88,98.0,0.0,0.0,1132.0,0.0,10,0,0,0,3,0,0,50.8885,6.0,98.95,0.0,643.0,0.0,2967.0
3237,88,98.0,0.0,0.0,1132.0,0.0,10,0,0,0,3,0,0,50.5038,5.65,98.6,0.0,643.0,0.0,2967.0
3238,88,97.0,0.0,1.0,1133.0,0.0,9,1,1,0,2,0,0,50.1462,5.65,98.25,0.0,643.0,1.0,2968.0
3239,87,97.0,0.0,0.0,1133.0,0.0,9,0,2,0,2,0,0,49.8269,5.65,98.25,0.0,643.0,2.0,2970.0
3240,87,97.0,0.0,0.0,1133.0,0.0,10,0,1,0,2,0,0,49.4962,5.65,98.25,1.0,644.0,2.0,2972.0
3241,87,96.0,0.0,1.0,1134.0,0.0,9,1,1,0,2,0,0,49.1269,5.3,97.9,0.0,644.0,1.0,2973.0
3242,86,96.0,0.0,0.0,1134.0,0.0,9,0,0,0,4,0,0,48.7423,4.95,97.55,0.0,644.0,0.0,2973.0
3243,88,97.0,2.0,1.0,1135.0,0.0,8,1,0,0,4,0,0,48.3577,4.6,97.2,0.0,644.0,0.0,2973.0
3244,87,97.0,0.0,0.0,1135.0,0.0,9,0,0,1,3,0,0,47.9846,4.25,96.85,0.0,644.0,0.0,2973.0
3245,88,98.0,1.0,0.0,1135.0,0.0,9,0,0,1,3,0,0,48.375,7.75,96.5,0.0,644.0,0.0,2973.0
3246,88,98.0,0.0,0.0,1135.0,0.0,8,0,1,1,2,1,0,48.7808,7.75,96.15,0.0,644.0,1.0,2974.0
3247,89,99.0,1.0,0.0,1135.0,0.0,8,0,0,1,3,1,0,49.2019,7.75,95.8,1.0,645.0,1.0,2975.0
3248,89,99.0,0.0,0.0,1135.0,0.0,8,0,0,1,3,1,0,49.5846,7.4,95.45,0.0,645.0,0.0,2975.0
3249,89,98.0,0.0,1.0,1136.0,0.0,6,1,1,1,3,1,0,50.0058,7.05,95.1,0.0,645.0,1.0,2976.0
3250,89,97.0,0.0,1.0,1137.0,0.0,7,1,0,1,3,1,0,50.4385,6.7,94.75,1.0,646.0,1.0,2977.0
3251,89,97.0,1.0,1.0,1138.0,0.0,7,1,0,2,2,1,0,50.8442,6.35,94.4,0.0,646.0,0.0,2977.0
3252,89,97.0,0.0,0.0,1138.0,0.0,7,0,1,2,2,1,0,52.0358,6.55,94.05,0.0,646.0,1.0,2978.0
3253,89,97.0,0.0,0.0,1138.0,0.0,7,0,2,2,1,1,0,53.2427,6.2,93.7,0.0,646.0,2.0,2980.0
3254,88,97.0,0.0,0.0,1138.0,0.0,8,0,1,1,3,0,0,54.3958,5.85,99.65,1.0,647.0,2.0,2982.0
3255,89,98.0,1.0,0.0,1138.0,0.0,9,0,1,1,2,0,0,54.7738,5.5,99.3,0.0,647.0,1.0,2983.0
3256,89,98.0,0.0,0.0,1138.0,0.0,8,0,2,1,2,0,0,55.1904,5.15,98.95,0.0,647.0,2.0,2985.0
3257,90,98.0,1.0,1.0,1139.0,0.0,7,1,2,2,1,0,0,55.6338,4.8,98.6,1.0,648.0,3.0,2988.0
3258,89,98.0,0.0,0.0,1139.0,0.0,6,0,3,2,2,0,0,56.8481,9.95,98.25,0.0,648.0,3.0,2991.0
3259,91,100.0,2.0,0.0,1139.0,0.0,7,0,3,2,1,0,0,58.1008,9.6,97.9,1.0,649.0,4.0,2995.0
3260,91,100.0,0.0,0.0,1139.0,0.0,9,0,0,2,2,0,0,59.1996,9.25,97.55,0.0,649.0,0.0,2995.0
3261,90,100.0,0.0,0.0,1139.0,0.0,10,0,0,1,2,0,0,60.2485,8.9,99.65,0.0,649.0,0.0,2995.0
3262,90,100.0,0.0,0.0,1139.0,0.0,9,0,1,1,2,0,0,60.6154,8.55,99.3,0.0,649.0,1.0,2996.0
3263,90,100.0,0.0,0.0,1139.0,0.0,10,0,1,1,1,0,0,61.0092,8.55,98.95,1.0,650.0,2.0,2998.0
3264,90,100.0,0.0,0.0,1139.0,0.0,9,0,0,1,3,0,0,61.3377,8.2,98.6,0.0,650.0,0.0,2998.0
3265,91,101.0,1.0,0.0,1139.0,0.0,9,0,0,1,3,0,0,61.6777,7.85,98.25,0.0,650.0,0.0,2998.0
3266,91,99.0,0.0,2.0,1141.0,0.0,7,2,0,1,3,0,0,62.0062,7.5,97.9,0.0,650.0,0.0,2998.0
3267,90,99.0,1.0,1.0,1142.0,0.0,9,1,0,0,3,0,0,62.3308,7.15,99.65,0.0,650.0,0.0,2998.0
3268,89,98.0,0.0,1.0,1143.0,0.0,9,1,0,0,3,0,0,61.9346,6.8,99.3,0.0,650.0,0.0,2998.0
3269,88,98.0,0.0,0.0,1143.0,0.0,10,0,0,0,3,0,0,61.55,6.45,98.95,0.0,650.0,0.0,2998.0
3270,88,98.0,0.0,0.0,1143.0,0.0,10,0,0,0,3,0,0,61.1538,6.1,98.6,0.0,650.0,0.0,2998.0
3271,90,99.0,2.0,1.0,1144.0,0.0,9,1,0,0,3,0,0,60.7577,5.75,98.25,0.0,650.0,0.0,2998.0
3272,89,99.0,0.0,0.0,1144.0,0.0,9,0,1,0,3,0,0,60.4115,5.4,97.9,0.0,650.0,1.0,2999.0
3273,89,99.0,0.0,0.0,1144.0,0.0,9,0,1,0,3,0,0,60.0538,5.05,97.55,0.0,650.0,1.0,3000.0
3274,89,99.0,0.0,0.0,1144.0,0.0,9,0,1,0,3,0,0,59.7231,4.7,97.2,1.0,651.0,2.0,3002.0
3275,91,101.0,2.0,0.0,1144.0,0.0,10,0,0,0,3,0,0,59.3269,4.35,96.85,0.0,651.0,0.0,3002.0
3276,91,100.0,0.0,1.0,1145.0,0.0,9,1,0,0,3,0,0,58.9308,4.0,96.5,0.0,651.0,0.0,3002.0
3277,90,99.0,0.0,1.0,1146.0,0.0,8,1,1,1,2,0,0,58.5615,3.65,96.15,0.0,651.0,1.0,3003.0
3278,89,99.0,0.0,0.0,1146.0,0.0,9,0,1,1,2,0,0,58.9988,7.3,95.8,1.0,652.0,2.0,3005.0
3279,89,99.0,0.0,0.0,1146.0,0.0,9,0,1,2,1,0,0,59.4092,6.95,95.8,0.0,652.0,1.0,3006.0
3280,89,99.0,0.0,0.0,1146.0,0.0,10,0,0,2,1,0,0,60.5238,8.95,95.45,0.0,652.0,0.0,3006.0
3281,89,99.0,0.0,0.0,1146.0,0.0,10,0,0,2,1,0,0,61.6385,8.6,95.1,0.0,652.0,0.0,3006.0
3282,89,99.0,0.0,0.0,1146.0,0.0,10,0,0,2,1,0,0,62.7415,8.25,94.75,0.0,652.0,0.0,3006.0
3283,91,101.0,2.0,0.0,1146.0,0.0,8,0,2,2,1,0,0,63.9215,7.9,94.4,0.0,652.0,2.0,3008.0
3284,91,101.0,0.0,0.0,1146.0,0.0,9,0,1,3,0,0,0,65.1015,7.55,94.05,1.0,653.0,2.0,3010.0
3285,93,102.0,2.0,1.0,1147.0,0.0,9,1,0,3,0,0,0,66.9196,15.25,93.7,0.0,653.0,0.0,3010.0
3286,92,102.0,0.0,0.0,1147.0,0.0,9,0,0,3,1,0,0,68.7492,14.75,93.35,0.0,653.0,0.0,3010.0
3287,91,101.0,0.0,1.0,1148.0,0.0,9,1,0,2,1,0,0,70.5519,14.4,99.65,0.0,653.0,0.0,3010.0
3288,91,101.0,0.0,0.0,1148.0,0.0,10,0,0,2,1,0,0,71.625,14.05,99.3,0.0,653.0,0.0,3010.0
3289,90,100.0,0.0,1.0,1149.0,0.0,10,1,0,1,1,0,0,72.6712,13.7,99.65,0.0,653.0,0.0,3010.0
3290,89,99.0,0.0,1.0,1150.0,0.0,10,1,0,1,1,0,0,73.0015,13.35,99.3,0.0,653.0,0.0,3010.0
3291,89,100.0,1.0,0.0,1150.0,0.0,11,0,0,1,1,0,0,73.3319,13.0,98.95,0.0,653.0,0.0,3010.0
3292,89,100.0,0.0,0.0,1150.0,0.0,11,0,0,1,1,0,0,73.6508,12.65,98.6,0.0,653.0,0.0,3010.0
3293,89,99.0,0.0,1.0,1151.0,0.0,10,1,0,1,1,0,0,73.9696,12.3,98.25,0.0,653.0,0.0,3010.0
3294,87,99.0,0.0,0.0,1151.0,0.0,12,0,0,0,1,0,0,74.2731,11.95,99.65,0.0,653.0,0.0,3010.0
3295,89,101.0,2.0,0.0,1151.0,0.0,12,0,0,0,1,0,0,73.8654,11.6,99.3,0.0,653.0,0.0,3010.0
3296,89,101.0,0.0,0.0,1151.0,0.0,12,0,0,0,1,0,0,73.4577,11.25,98.95,0.0,653.0,0.0,3010.0
3297,89,101.0,0.0,0.0,1151.0,0.0,12,0,0,0,1,0,0,73.05,10.9,98.6,0.0,653.0,0.0,3010.0
3298,89,101.0,0.0,0.0,1151.0,0.0,12,0,0,0,1,0,0,72.6423,10.55,98.25,0.0,653.0,0.0,3010.0
3299,91,102.0,2.0,1.0,1152.0,0.0,9,1,2,1,0,0,0,72.3,10.2,97.9,0.0,653.0,2.0,3012.0
3300,90,102.0,0.0,0.0,1152.0,0.0,11,0,1,1,0,0,0,72.6869,19.18,97.55,1.0,654.0,2.0,3014.0
3301,90,102.0,0.0,0.0,1152.0,0.0,12,0,0,1,0,0,0,72.9969,28.16,97.2,0.0,654.0,0.0,3014.0
3302,90,102.0,0.0,0.0,1152.0,0.0,11,0,1,1,0,0,0,73.3454,37.14,96.85,0.0,654.0,1.0,3015.0
3303,90,102.0,0.0,0.0,1152.0,0.0,12,0,0,1,0,0,0,73.6554,46.12,96.5,0.0,654.0,0.0,3015.0
3304,90,101.0,0.0,1.0,1153.0,0.0,11,1,0,1,0,0,0,73.9654,47.55,96.15,0.0,654.0,0.0,3015.0
3305,90,102.0,1.0,0.0,1153.0,0.0,12,0,0,1,0,0,0,74.2754,47.2,95.8,0.0,654.0,0.0,3015.0
3306,90,101.0,0.0,1.0,1154.0,0.0,11,1,0,1,0,0,0,74.5854,46.85,95.45,0.0,654.0,0.0,3015.0
3307,91,102.0,2.0,1.0,1155.0,0.0,11,1,0,1,0,0,0,74.9069,46.5,95.1,0.0,654.0,0.0,3015.0
3308,90,102.0,0.0,0.0,1155.0,0.0,12,0,0,1,0,0,0,75.24,46.15,94.75,0.0,654.0,0.0,3015.0
3309,89,102.0,0.0,0.0,1155.0,0.0,12,0,1,0,0,0,0,75.55,45.8,99.65,0.0,654.0,1.0,3016.0
3310,89,101.0,0.0,1.0,1156.0,0.0,12,1,0,0,0,0,0,75.1423,45.45,99.3,0.0,654.0,0.0,3016.0
3311,88,101.0,0.0,0.0,1156.0,0.0,12,0,1,0,0,0,0,74.7731,45.1,98.95,0.0,654.0,1.0,3017.0
3312,88,101.0,0.0,0.0,1156.0,0.0,12,0,1,0,0,0,0,74.4308,44.75,98.6,1.0,655.0,2.0,3019.0
3313,89,102.0,1.0,0.0,1156.0,0.0,12,0,1,0,0,0,0,74.05,44.4,98.25,0.0,655.0,1.0,3020.0
3314,89,102.0,0.0,0.0,1156.0,0.0,12,0,1,0,0,0,0,73.6462,43.9,97.9,0.0,655.0,1.0,3021.0
3315,91,104.0,2.0,0.0,1156.0,0.0,13,0,0,0,0,0,0,73.2038,43.4,97.55,0.0,655.0,0.0,3021.0
3316,91,102.0,0.0,2.0,1158.0,0.0,11,2,0,0,0,0,0,72.7615,42.9,97.2,0.0,655.0,0.0,3021.0
3317,89,102.0,0.0,0.0,1158.0,0.0,13,0,0,0,0,0,0,72.3423,42.55,96.85,0.0,655.0,0.0,3021.0
3318,89,102.0,0.0,0.0,1158.0,0.0,10,0,3,0,0,0,0,72.0154,42.2,96.5,0.0,655.0,3.0,3024.0
3319,90,102.0,1.0,1.0,1159.0,0.0,12,1,0,0,0,0,0,71.5846,41.85,96.15,0.0,655.0,0.0,3024.0
3320,89,101.0,0.0,1.0,1160.0,0.0,12,1,0,0,0,0,0,71.1538,41.35,95.8,0.0,655.0,0.0,3024.0
3321,88,100.0,0.0,1.0,1161.0,0.0,11,1,1,0,0,0,0,70.7731,40.85,95.45,0.0,655.0,1.0,3025.0
3322,87,99.0,0.0,1.0,1162.0,0.0,12,1,0,0,0,0,0,70.3538,40.35,95.1,0.0,655.0,0.0,3025.0
3323,87,98.0,1.0,2.0,1164.0,0.0,11,2,0,0,0,0,0,69.9346,40.0,94.75,0.0,655.0,0.0,3025.0
3324,85,98.0,0.0,0.0,1164.0,0.0,13,0,0,0,0,0,0,69.5269,39.65,94.4,0.0,655.0,0.0,3025.0
3325,86,99.0,1.0,0.0,1164.0,0.0,12,0,1,0,0,0,0,69.1462,39.3,94.05,0.0,655.0,1.0,3026.0
3326,86,99.0,0.0,0.0,1164.0,0.0,13,0,0,0,0,0,0,68.7385,38.95,93.7,0.0,655.0,0.0,3026.0
3327,87,100.0,1.0,0.0,1164.0,0.0,13,0,0,0,0,0,0,68.3308,38.6,93.35,0.0,655.0,0.0,3026.0
3328,87,100.0,0.0,0.0,1164.0,0.0,13,0,0,0,0,0,0,67.9115,38.25,93.0,0.0,655.0,0.0,3026.0
3329,87,100.0,0.0,0.0,1164.0,0.0,12,0,1,0,0,0,0,67.5192,38.25,92.65,0.0,655.0,1.0,3027.0
3330,87,100.0,0.0,0.0,1164.0,0.0,13,0,0,0,0,0,0,67.1,37.9,92.3,0.0,655.0,0.0,3027.0
3331,89,102.0,2.0,0.0,1164.0,0.0,13,0,0,0,0,0,0,66.6808,37.55,91.95,0.0,655.0,0.0,3027.0
3332,89,101.0,0.0,1.0,1165.0,0.0,12,1,0,0,0,0,0,66.2615,37.2,91.6,0.0,655.0,0.0,3027.0
3333,88,100.0,0.0,1.0,1166.0,0.0,12,1,0,0,0,0,0,65.8423,36.85,91.25,0.0,655.0,0.0,3027.0
3334,87,100.0,0.0,0.0,1166.0,0.0,11,0,2,0,0,0,0,65.4885,36.5,90.9,0.0,655.0,2.0,3029.0
3335,88,101.0,1.0,0.0,1166.0,0.0,12,0,1,0,0,0,0,65.1077,36.15,90.55,0.0,655.0,1.0,3030.0
3336,88,100.0,0.0,1.0,1167.0,0.0,10,1,2,0,0,0,0,64.7692,35.8,90.2,1.0,656.0,3.0,3033.0
3337,87,100.0,0.0,0.0,1167.0,0.0,12,0,1,0,0,0,0,64.3769,35.45,89.7,0.0,656.0,1.0,3034.0
3338,87,100.0,0.0,0.0,1167.0,0.0,11,0,2,0,0,0,0,64.0115,35.1,89.2,0.0,656.0,2.0,3036.0
3339,88,101.0,1.0,0.0,1167.0,0.0,12,0,1,0,0,0,0,63.6346,34.75,88.7,1.0,657.0,2.0,3038.0
3340,88,100.0,0.0,1.0,1168.0,0.0,12,1,0,0,0,0,0,63.2038,34.4,88.2,0.0,657.0,0.0,3038.0
3341,88,99.0,1.0,2.0,1170.0,0.0,8,2,3,0,0,0,0,62.9,34.05,88.2,0.0,657.0,3.0,3041.0
3342,86,99.0,0.0,0.0,1170.0,0.0,10,0,3,0,0,0,0,62.6346,33.7,87.7,1.0,658.0,4.0,3045.0
3343,87,100.0,1.0,0.0,1170.0,0.0,12,0,1,0,0,0,0,62.3077,33.35,87.2,2.0,660.0,3.0,3048.0
3344,87,100.0,0.0,0.0,1170.0,0.0,13,0,0,0,0,0,0,61.9,33.0,86.7,0.0,660.0,0.0,3048.0
3345,88,101.0,1.0,0.0,1170.0,0.0,11,0,2,0,0,0,0,61.5577,32.65,86.7,0.0,660.0,2.0,3050.0
3346,88,101.0,0.0,0.0,1170.0,0.0,12,0,1,0,0,0,0,61.2308,32.15,86.7,2.0,662.0,3.0,3053.0
3347,89,102.0,1.0,0.0,1170.0,0.0,13,0,0,0,0,0,0,60.8115,31.65,86.2,0.0,662.0,0.0,3053.0
3348,89,102.0,0.0,0.0,1170.0,0.0,13,0,0,0,0,0,0,60.3808,31.15,85.7,0.0,662.0,0.0,3053.0
3349,89,102.0,0.0,0.0,1170.0,0.0,11,0,2,0,0,0,0,60.0154,30.65,85.2,0.0,662.0,2.0,3055.0
3350,89,101.0,0.0,1.0,1171.0,0.0,11,1,1,0,0,0,0,59.65,30.15,84.7,1.0,663.0,2.0,3057.0
3351,88,99.0,0.0,2.0,1173.0,0.0,5,2,6,0,0,0,0,59.4038,30.15,84.7,0.0,663.0,6.0,3063.0
3352,86,99.0,0.0,0.0,1173.0,0.0,9,0,4,0,0,0,0,59.2077,30.15,84.7,3.0,666.0,7.0,3070.0
3353,86,99.0,0.0,0.0,1173.0,0.0,13,0,0,0,0,0,0,58.8,29.65,84.2,0.0,666.0,0.0,3070.0
3354,86,99.0,0.0,0.0,1173.0,0.0,10,0,3,0,0,0,0,58.4846,29.15,83.7,0.0,666.0,3.0,3073.0
3355,90,103.0,4.0,0.0,1173.0,0.0,11,0,2,0,0,0,0,58.2077,28.65,83.2,2.0,668.0,4.0,3077.0
3356,90,102.0,0.0,1.0,1174.0,0.0,11,1,1,0,0,0,0,57.8154,28.15,82.7,0.0,668.0,1.0,3078.0
3357,89,102.0,0.0,0.0,1174.0,0.0,11,0,2,0,0,0,0,57.45,27.65,82.2,0.0,668.0,2.0,3080.0
3358,89,102.0,0.0,0.0,1174.0,0.0,13,0,0,0,0,0,0,57.0308,27.15,81.7,0.0,668.0,0.0,3080.0
3359,89,101.0,0.0,1.0,1175.0,0.0,10,1,2,0,0,0,0,56.6769,26.65,81.7,0.0,668.0,2.0,3082.0
3360,88,101.0,0.0,0.0,1175.0,0.0,12,0,1,0,0,0,0,56.3346,26.15,81.7,1.0,669.0,2.0,3084.0
3361,88,101.0,0.0,0.0,1175.0,0.0,12,0,1,0,0,0,0,55.9423,25.65,81.2,0.0,669.0,1.0,3085.0
3362,88,100.0,0.0,1.0,1176.0,0.0,12,1,0,0,0,0,0,55.5,25.15,80.7,0.0,669.0,0.0,3085.0
3363,88,101.0,1.0,0.0,1176.0,0.0,12,0,1,0,0,0,0,55.1077,24.65,80.2,0.0,669.0,1.0,3086.0
3364,88,100.0,0.0,1.0,1177.0,0.0,12,1,0,0,0,0,0,54.6769,24.15,79.7,0.0,669.0,0.0,3086.0
3365,88,101.0,1.0,0.0,1177.0,0.0,12,0,1,0,0,0,0,54.2846,23.65,79.2,0.0,669.0,1.0,3087.0
3366,88,98.0,0.0,3.0,1180.0,0.0,10,3,0,0,0,0,0,53.8654,23.15,78.7,0.0,669.0,0.0,3087.0
3367,86,99.0,1.0,0.0,1180.0,0.0,10,0,3,0,0,0,0,53.5731,22.8,78.35,0.0,669.0,3.0,3090.0
3368,86,99.0,0.0,0.0,1180.0,0.0,11,0,2,0,0,0,0,53.3077,22.8,78.0,2.0,671.0,4.0,3094.0
3369,87,99.0,1.0,1.0,1181.0,0.0,12,1,0,0,0,0,0,52.9115,22.45,77.65,0.0,671.0,0.0,3094.0
3370,86,99.0,0.0,0.0,1181.0,0.0,12,0,1,0,0,0,0,52.5423,22.1,77.3,0.0,671.0,1.0,3095.0
3371,87,100.0,1.0,0.0,1181.0,0.0,13,0,0,0,0,0,0,52.1462,21.75,76.95,0.0,671.0,0.0,3095.0
3372,87,100.0,0.0,0.0,1181.0,0.0,13,0,0,0,0,0,0,51.7385,21.4,76.6,0.0,671.0,0.0,3095.0
3373,87,100.0,0.0,0.0,1181.0,0.0,13,0,0,0,0,0,0,51.3308,21.05,76.25,0.0,671.0,0.0,3095.0
3374,87,100.0,0.0,0.0,1181.0,0.0,13,0,0,0,0,0,0,50.9231,20.7,75.9,0.0,671.0,0.0,3095.0
3375,88,101.0,1.0,0.0,1181.0,0.0,11,0,2,0,0,0,0,50.5692,20.35,75.9,0.0,671.0,2.0,3097.0
3376,88,99.0,0.0,2.0,1183.0,0.0,9,2,2,0,0,0,0,50.2538,20.0,75.55,1.0,672.0,3.0,3100.0
3377,86,99.0,0.0,0.0,1183.0,0.0,13,0,0,0,0,0,0,49.8846,19.65,75.2,1.0,673.0,1.0,3101.0
3378,86,97.0,0.0,2.0,1185.0,0.0,10,2,1,0,0,0,0,49.4923,19.3,74.7,0.0,673.0,1.0,3102.0
3379,86,99.0,2.0,0.0,1185.0,0.0,12,0,1,0,0,0,0,49.1615,18.95,74.2,1.0,674.0,2.0,3104.0
3380,86,99.0,0.0,0.0,1185.0,0.0,13,0,0,0,0,0,0,48.7538,18.45,73.7,0.0,674.0,0.0,3104.0
3381,86,99.0,0.0,0.0,1185.0,0.0,12,0,1,0,0,0,0,48.3846,17.95,73.2,0.0,674.0,1.0,3105.0
3382,86,98.0,0.0,1.0,1186.0,0.0,8,1,4,0,0,0,0,48.1077,17.45,72.7,0.0,674.0,4.0,3109.0
3383,86,99.0,1.0,0.0,1186.0,0.0,11,0,2,0,0,0,0,47.8423,16.95,72.2,2.0,676.0,4.0,3113.0
3384,86,99.0,0.0,0.0,1186.0,0.0,11,0,2,0,0,0,0,47.4885,16.45,71.7,0.0,676.0,2.0,3115.0
3385,87,100.0,1.0,0.0,1186.0,0.0,13,0,0,0,0,0,0,47.0808,15.95,71.2,0.0,676.0,0.0,3115.0
3386,87,100.0,0.0,0.0,1186.0,0.0,12,0,1,0,0,0,0,46.7,15.45,70.7,0.0,676.0,1.0,3116.0
3387,88,100.0,1.0,1.0,1187.0,0.0,8,1,3,0,1,0,0,46.3731,14.95,70.2,0.0,676.0,3.0,3119.0
3388,87,100.0,0.0,0.0,1187.0,0.0,9,0,3,0,1,0,0,46.0962,14.6,69.85,1.0,677.0,4.0,3123.0
3389,87,100.0,0.0,0.0,1187.0,0.0,11,0,1,0,1,0,0,45.7654,14.25,69.5,1.0,678.0,2.0,3125.0
3390,87,100.0,0.0,0.0,1187.0,0.0,12,0,0,0,1,0,0,45.3692,13.9,69.15,0.0,678.0,0.0,3125.0
3391,88,100.0,1.0,1.0,1188.0,0.0,11,1,0,0,1,0,0,44.9615,13.55,68.8,0.0,678.0,0.0,3125.0
3392,87,100.0,0.0,0.0,1188.0,0.0,12,0,0,0,1,0,0,44.5654,13.2,68.45,0.0,678.0,0.0,3125.0
3393,87,100.0,0.0,0.0,1188.0,0.0,9,0,3,0,1,0,0,44.25,12.85,68.1,0.0,678.0,3.0,3128.0
3394,87,99.0,0.0,1.0,1189.0,0.0,10,1,1,0,1,0,0,43.8962,12.5,67.75,1.0,679.0,2.0,3130.0
3395,88,101.0,2.0,0.0,1189.0,0.0,12,0,0,0,1,0,0,43.4885,12.15,67.4,0.0,679.0,0.0,3130.0
3396,88,101.0,0.0,0.0,1189.0,0.0,11,0,1,0,1,0,0,43.1077,11.8,67.05,0.0,679.0,1.0,3131.0
3397,89,101.0,1.0,1.0,1190.0,0.0,10,1,1,0,1,0,0,42.7154,11.45,66.7,0.0,679.0,1.0,3132.0
3398,88,100.0,0.0,1.0,1191.0,0.0,11,1,0,0,1,0,0,42.3077,11.1,66.35,0.0,679.0,0.0,3132.0
3399,88,100.0,0.0,0.0,1191.0,0.0,12,0,0,0,1,0,0,41.9115,10.75,66.0,0.0,679.0,0.0,3132.0
3400,88,100.0,0.0,0.0,1191.0,0.0,11,0,1,0,1,0,0,41.5308,10.4,66.0,0.0,679.0,1.0,3133.0
3401,88,100.0,0.0,0.0,1191.0,0.0,11,0,1,0,1,0,0,41.15,10.05,65.65,0.0,679.0,1.0,3134.0
3402,88,100.0,0.0,0.0,1191.0,0.0,11,0,1,0,1,0,0,40.7692,9.7,65.3,0.0,679.0,1.0,3135.0
3403,90,102.0,2.0,0.0,1191.0,0.0,12,0,1,0,0,0,0,40.4154,9.7,64.95,1.0,680.0,2.0,3137.0
3404,90,102.0,0.0,0.0,1191.0,0.0,11,0,1,0,1,0,0,40.0115,9.35,64.6,0.0,680.0,1.0,3138.0
3405,91,103.0,1.0,0.0,1191.0,0.0,11,0,1,0,1,0,0,39.6077,9.0,64.6,0.0,680.0,1.0,3139.0
3406,91,102.0,0.0,1.0,1192.0,0.0,10,1,1,0,1,0,0,39.2038,8.65,64.25,0.0,680.0,1.0,3140.0
3407,90,100.0,0.0,2.0,1194.0,0.0,10,2,0,0,1,0,0,38.7731,8.3,63.9,0.0,680.0,0.0,3140.0
3408,88,100.0,0.0,0.0,1194.0,0.0,10,0,2,0,1,0,0,38.4192,7.95,63.9,0.0,680.0,2.0,3142.0
3409,88,98.0,0.0,2.0,1196.0,0.0,7,2,3,0,1,0,0,38.1308,7.6,63.9,1.0,681.0,4.0,3146.0
3410,86,97.0,0.0,1.0,1197.0,0.0,10,1,1,0,1,0,0,37.8,7.25,63.4,2.0,683.0,2.0,3148.0
3411,87,99.0,2.0,0.0,1197.0,0.0,11,0,0,0,2,0,0,37.4538,6.9,63.4,0.0,683.0,0.0,3148.0
3412,87,99.0,0.0,0.0,1197.0,0.0,11,0,0,0,2,0,0,37.1462,6.55,63.4,0.0,683.0,0.0,3148.0
3413,87,98.0,0.0,1.0,1198.0,0.0,10,1,0,0,2,0,0,36.7885,6.2,63.4,0.0,683.0,0.0,3148.0
3414,87,98.0,0.0,0.0,1198.0,0.0,9,0,2,0,2,0,0,36.4577,5.85,62.9,0.0,683.0,2.0,3150.0
3415,89,99.0,2.0,1.0,1199.0,0.0,9,1,1,0,2,0,0,36.1269,5.5,62.4,1.0,684.0,2.0,3152.0
3416,88,99.0,0.0,0.0,1199.0,0.0,11,0,0,0,2,0,0,35.7538,5.15,61.9,0.0,684.0,0.0,3152.0
3417,88,99.0,0.0,0.0,1199.0,0.0,10,0,1,0,2,0,0,35.4077,4.8,61.4,0.0,684.0,1.0,3153.0
3418,88,99.0,0.0,0.0,1199.0,0.0,11,0,0,0,2,0,0,35.0346,4.45,60.9,0.0,684.0,0.0,3153.0
3419,89,100.0,1.0,0.0,1199.0,0.0,11,0,0,0,2,0,0,34.6615,4.1,60.4,0.0,684.0,0.0,3153.0
3420,89,100.0,0.0,0.0,1199.0,0.0,11,0,0,0,2,0,0,34.2654,3.75,59.9,0.0,684.0,0.0,3153.0
3421,89,100.0,0.0,0.0,1199.0,0.0,11,0,0,1,1,0,0,33.8577,3.4,59.4,0.0,684.0,0.0,3153.0
3422,89,99.0,0.0,1.0,1200.0,0.0,10,1,1,1,0,0,0,34.2354,11.45,58.9,0.0,684.0,1.0,3154.0
3423,88,99.0,0.0,0.0,1200.0,0.0,8,0,3,1,1,0,0,34.7169,11.45,58.4,1.0,685.0,4.0,3158.0
3424,88,99.0,0.0,0.0,1200.0,0.0,10,0,1,1,1,0,0,35.1446,11.1,57.9,1.0,686.0,2.0,3160.0
3425,90,101.0,2.0,0.0,1200.0,0.0,11,0,1,1,0,0,0,35.5338,11.1,57.4,0.0,686.0,1.0,3161.0
3426,90,99.0,0.0,2.0,1202.0,0.0,8,2,1,1,1,0,0,35.9231,10.75,56.9,0.0,686.0,1.0,3162.0
3427,90,101.0,2.0,0.0,1202.0,0.0,10,0,0,1,2,0,0,36.2969,10.4,61.36,0.0,686.0,0.0,3162.0
3428,90,101.0,0.0,0.0,1202.0,0.0,10,0,0,1,2,0,0,36.6708,10.05,71.02,0.0,686.0,0.0,3162.0
3429,90,100.0,0.0,1.0,1203.0,0.0,9,1,0,1,2,0,0,37.0446,9.7,80.68,0.0,686.0,0.0,3162.0
3430,89,100.0,0.0,0.0,1203.0,0.0,10,0,0,1,2,0,0,37.43,9.35,90.34,0.0,686.0,0.0,3162.0
3431,89,100.0,0.0,0.0,1203.0,0.0,11,0,0,0,2,0,0,37.7885,9.0,99.65,0.0,686.0,0.0,3162.0
3432,89,99.0,0.0,1.0,1204.0,0.0,10,1,0,0,2,0,0,37.4038,8.65,99.3,0.0,686.0,0.0,3162.0
3433,88,99.0,0.0,0.0,1204.0,0.0,11,0,0,0,2,0,0,37.0192,8.3,98.95,0.0,686.0,0.0,3162.0
3434,88,99.0,0.0,0.0,1204.0,0.0,11,0,1,0,1,0,0,36.6615,7.95,98.6,0.0,686.0,1.0,3163.0
3435,90,101.0,2.0,0.0,1204.0,0.0,9,0,3,0,1,0,0,36.3577,7.6,98.25,0.0,686.0,3.0,3166.0
3436,90,101.0,0.0,0.0,1204.0,0.0,10,0,2,0,1,0,0,36.0423,7.25,97.9,1.0,687.0,3.0,3169.0
3437,90,101.0,0.0,0.0,1204.0,0.0,11,0,0,0,2,0,0,35.6346,6.9,97.55,0.0,687.0,0.0,3169.0
3438,90,101.0,0.0,0.0,1204.0,0.0,11,0,0,0,2,0,0,35.2269,6.55,97.2,0.0,687.0,0.0,3169.0
3439,92,102.0,2.0,1.0,1205.0,0.0,10,1,0,0,2,0,0,34.8077,6.2,96.85,0.0,687.0,0.0,3169.0
3440,91,102.0,0.0,0.0,1205.0,0.0,11,0,0,0,2,0,0,34.3885,5.85,96.5,0.0,687.0,0.0,3169.0
3441,91,102.0,0.0,0.0,1205.0,0.0,11,0,0,0,2,0,0,33.9577,5.5,96.15,0.0,687.0,0.0,3169.0
3442,91,102.0,0.0,0.0,1205.0,0.0,11,0,0,0,2,0,0,33.5269,5.15,95.8,0.0,687.0,0.0,3169.0
3443,92,102.0,1.0,1.0,1206.0,0.0,10,1,0,0,2,0,0,33.0962,4.8,95.45,0.0,687.0,0.0,3169.0
3444,91,100.0,0.0,2.0,1208.0,0.0,9,2,0,0,2,0,0,32.6654,4.45,95.1,0.0,687.0,0.0,3169.0
3445,90,100.0,1.0,1.0,1209.0,0.0,10,1,0,0,2,0,0,32.2577,4.1,94.75,0.0,687.0,0.0,3169.0
3446,89,99.0,0.0,1.0,1210.0,0.0,8,1,1,0,3,0,0,31.8885,3.75,94.4,0.0,687.0,1.0,3170.0
3447,89,99.0,0.0,0.0,1210.0,0.0,10,0,0,0,3,0,0,31.4808,3.4,94.05,0.0,687.0,0.0,3170.0
3448,89,99.0,0.0,0.0,1210.0,0.0,10,0,0,1,2,0,0,31.0731,3.05,93.7,0.0,687.0,0.0,3170.0
3449,89,98.0,0.0,1.0,1211.0,0.0,8,1,1,1,2,0,0,31.465,8.3,93.35,0.0,687.0,1.0,3171.0
3450,88,98.0,0.0,0.0,1211.0,0.0,10,0,0,1,2,0,0,31.8415,7.95,93.0,0.0,687.0,0.0,3171.0
3451,90,100.0,2.0,0.0,1211.0,0.0,10,0,0,1,2,0,0,32.2181,7.6,92.65,0.0,687.0,0.0,3171.0
3452,90,99.0,0.0,1.0,1212.0,0.0,9,1,0,1,2,0,0,32.5946,7.25,92.3,0.0,687.0,0.0,3171.0
3453,90,99.0,1.0,1.0,1213.0,0.0,9,1,1,1,1,0,0,32.9865,6.9,91.95,0.0,687.0,1.0,3172.0
3454,89,98.0,0.0,1.0,1214.0,0.0,9,1,0,1,2,0,0,33.3631,6.55,91.6,0.0,687.0,0.0,3172.0
3455,89,97.0,1.0,2.0,1216.0,0.0,8,2,0,2,1,0,0,33.7512,6.2,91.25,0.0,687.0,0.0,3172.0
3456,88,97.0,0.0,0.0,1216.0,0.0,9,0,0,2,2,0,0,34.9108,11.5,90.9,0.0,687.0,0.0,3172.0
3457,88,97.0,0.0,0.0,1216.0,0.0,9,0,0,2,2,0,0,36.0704,11.15,90.55,0.0,687.0,0.0,3172.0
3458,87,96.0,0.0,1.0,1217.0,0.0,8,1,1,1,2,0,0,37.2185,10.8,99.65,0.0,687.0,1.0,3173.0
3459,87,97.0,1.0,0.0,1217.0,0.0,9,0,1,1,2,0,0,37.6592,10.45,99.3,1.0,688.0,2.0,3175.0
3460,87,97.0,0.0,0.0,1217.0,0.0,10,0,0,1,2,0,0,38.0462,10.1,98.95,0.0,688.0,0.0,3175.0
3461,87,97.0,0.0,0.0,1217.0,0.0,9,0,1,1,2,0,0,38.46,9.75,98.6,0.0,688.0,1.0,3176.0
3462,87,97.0,0.0,0.0,1217.0,0.0,8,0,1,1,3,0,0,38.8623,9.4,98.25,0.0,688.0,1.0,3177.0
3463,88,98.0,1.0,0.0,1217.0,0.0,8,0,1,1,3,0,0,39.2915,9.05,97.9,1.0,689.0,2.0,3179.0
3464,88,97.0,0.0,1.0,1218.0,0.0,8,1,0,1,3,0,0,39.6669,8.7,97.55,0.0,689.0,0.0,3179.0
3465,88,98.0,1.0,0.0,1218.0,0.0,9,0,1,0,3,0,0,40.0308,8.35,99.65,0.0,689.0,1.0,3180.0
3466,88,98.0,0.0,0.0,1218.0,0.0,10,0,0,0,3,0,0,39.6462,8.0,99.3,0.0,689.0,0.0,3180.0
3467,90,99.0,2.0,1.0,1219.0,0.0,9,1,0,1,2,0,0,39.2615,7.65,98.95,0.0,689.0,0.0,3180.0
3468,89,99.0,0.0,0.0,1219.0,0.0,10,0,0,1,2,0,0,39.6258,10.0,98.6,0.0,689.0,0.0,3180.0
3469,89,99.0,0.0,0.0,1219.0,0.0,10,0,0,1,2,0,0,39.9785,9.65,98.25,0.0,689.0,0.0,3180.0
3470,89,99.0,0.0,0.0,1219.0,0.0,9,0,0,1,3,0,0,40.3312,9.3,97.9,0.0,689.0,0.0,3180.0
3471,89,96.0,0.0,3.0,1222.0,0.0,4,3,2,2,2,0,0,40.7262,8.95,97.55,0.0,689.0,2.0,3182.0
3472,87,96.0,0.0,0.0,1222.0,0.0,8,0,1,2,2,0,0,41.8831,11.4,97.2,1.0,690.0,2.0,3184.0
3473,87,96.0,0.0,0.0,1222.0,0.0,9,0,0,2,2,0,0,42.9862,11.05,96.85,0.0,690.0,0.0,3184.0
3474,87,96.0,0.0,0.0,1222.0,0.0,9,0,0,2,2,0,0,44.0777,10.7,96.5,0.0,690.0,0.0,3184.0
3475,90,99.0,3.0,0.0,1222.0,0.0,9,0,0,2,2,0,0,45.1577,10.35,96.15,0.0,690.0,0.0,3184.0
3476,90,99.0,0.0,0.0,1222.0,0.0,9,0,0,2,2,0,0,46.2377,10.0,95.8,0.0,690.0,0.0,3184.0
3477,89,98.0,0.0,1.0,1223.0,0.0,8,1,1,1,2,0,0,47.3062,9.65,99.65,0.0,690.0,1.0,3185.0
3478,88,98.0,0.0,0.0,1223.0,0.0,10,0,0,1,2,0,0,47.6488,9.3,99.3,0.0,690.0,0.0,3185.0
3479,88,97.0,0.0,1.0,1224.0,0.0,7,1,1,1,3,0,0,47.9954,8.95,99.3,0.0,690.0,1.0,3186.0
3480,88,97.0,0.0,0.0,1224.0,0.0,8,0,1,1,2,1,0,48.3919,8.6,99.3,1.0,691.0,2.0,3188.0
3481,88,98.0,1.0,0.0,1224.0,0.0,9,0,0,0,4,0,0,48.7192,8.25,99.65,0.0,691.0,0.0,3188.0
3482,88,98.0,0.0,0.0,1224.0,0.0,8,0,2,0,3,0,0,48.4,7.9,99.3,0.0,691.0,2.0,3190.0
3483,89,99.0,1.0,0.0,1224.0,0.0,9,0,1,0,3,0,0,48.0692,7.55,98.95,1.0,692.0,2.0,3192.0
3484,89,99.0,0.0,0.0,1224.0,0.0,9,0,0,1,3,0,0,47.6731,7.2,98.6,0.0,692.0,0.0,3192.0
3485,90,100.0,1.0,0.0,1224.0,0.0,9,0,0,1,3,0,0,47.9931,6.85,98.25,0.0,692.0,0.0,3192.0
3486,90,100.0,0.0,0.0,1224.0,0.0,9,0,0,2,2,0,0,48.3131,6.5,97.9,0.0,692.0,0.0,3192.0
3487,91,100.0,1.0,1.0,1225.0,0.0,8,1,1,2,1,0,0,49.4062,12.25,97.55,0.0,692.0,1.0,3193.0
3488,90,100.0,0.0,0.0,1225.0,0.0,9,0,0,2,2,0,0,50.4838,11.9,97.2,0.0,692.0,0.0,3193.0
3489,90,99.0,0.0,1.0,1226.0,0.0,8,1,0,2,2,0,0,51.5615,11.55,96.85,0.0,692.0,0.0,3193.0
3490,89,98.0,0.0,1.0,1227.0,0.0,7,1,1,2,2,0,0,52.6892,11.2,96.5,0.0,692.0,1.0,3194.0
3491,90,99.0,1.0,0.0,1227.0,0.0,8,0,1,2,2,0,0,53.8285,10.85,96.15,0.0,692.0,1.0,3195.0
3492,90,98.0,0.0,1.0,1228.0,0.0,8,1,0,2,2,0,0,54.9177,10.5,95.8,0.0,692.0,0.0,3195.0
3493,89,98.0,0.0,0.0,1228.0,0.0,9,0,0,2,2,0,0,56.0185,10.15,95.45,0.0,692.0,0.0,3195.0
3494,88,98.0,0.0,0.0,1228.0,0.0,10,0,0,1,2,0,0,57.0923,9.8,99.65,0.0,692.0,0.0,3195.0
3495,90,100.0,2.0,0.0,1228.0,0.0,10,0,0,1,2,0,0,57.4654,9.45,99.3,0.0,692.0,0.0,3195.0
3496,89,100.0,0.0,0.0,1228.0,0.0,11,0,0,0,2,0,0,57.8,9.1,99.65,0.0,692.0,0.0,3195.0
3497,89,100.0,0.0,0.0,1228.0,0.0,10,0,1,0,2,0,0,57.4423,8.75,99.3,0.0,692.0,1.0,3196.0
3498,89,99.0,0.0,1.0,1229.0,0.0,9,1,1,0,2,0,0,57.0731,8.4,98.95,0.0,692.0,1.0,3197.0
3499,90,101.0,2.0,0.0,1229.0,0.0,11,0,0,0,2,0,0,56.6769,8.05,98.6,0.0,692.0,0.0,3197.0
3500,90,101.0,0.0,0.0,1229.0,0.0,11,0,0,0,2,0,0,56.2808,7.7,98.25,0.0,692.0,0.0,3197.0
3501,90,101.0,0.0,0.0,1229.0,0.0,11,0,0,0,2,0,0,55.8846,7.35,97.9,0.0,692.0,0.0,3197.0
3502,90,101.0,0.0,0.0,1229.0,0.0,11,0,0,0,2,0,0,55.4885,7.0,97.55,0.0,692.0,0.0,3197.0
3503,90,101.0,0.0,0.0,1229.0,0.0,11,0,0,0,2,0,0,55.0923,6.65,97.2,0.0,692.0,0.0,3197.0
3504,90,100.0,0.0,1.0,1230.0,0.0,10,1,0,1,1,0,0,54.6846,6.3,96.85,0.0,692.0,0.0,3197.0
3505,90,100.0,1.0,1.0,1231.0,0.0,10,1,0,1,1,0,0,55.0246,6.8,96.5,0.0,692.0,0.0,3197.0
3506,89,99.0,0.0,1.0,1232.0,0.0,10,1,0,1,1,0,0,55.3531,6.45,96.15,0.0,692.0,0.0,3197.0
3507,89,99.0,1.0,1.0,1233.0,0.0,10,1,0,1,1,0,0,55.6931,6.1,95.8,0.0,692.0,0.0,3197.0
3508,88,99.0,0.0,0.0,1233.0,0.0,10,0,0,1,2,0,0,56.0446,5.75,95.45,0.0,692.0,0.0,3197.0
3509,89,100.0,1.0,0.0,1233.0,0.0,9,0,1,1,2,0,0,56.4231,5.4,95.1,0.0,692.0,1.0,3198.0
3510,89,100.0,0.0,0.0,1233.0,0.0,10,0,0,2,1,0,0,56.7631,5.05,94.6,0.0,692.0,0.0,3198.0
3511,90,101.0,1.0,0.0,1233.0,0.0,10,0,0,2,1,0,0,57.8604,13.65,94.1,0.0,692.0,0.0,3198.0
3512,90,100.0,0.0,1.0,1234.0,0.0,9,1,0,2,1,0,0,58.9462,13.3,93.6,0.0,692.0,0.0,3198.0
3513,89,99.0,0.0,1.0,1235.0,0.0,9,1,0,2,1,0,0,60.0435,12.95,93.25,0.0,692.0,0.0,3198.0
3514,88,99.0,0.0,0.0,1235.0,0.0,10,0,1,1,1,0,0,61.1408,12.6,99.65,0.0,692.0,1.0,3199.0
3515,90,101.0,2.0,0.0,1235.0,0.0,11,0,0,1,1,0,0,61.4788,12.25,99.3,0.0,692.0,0.0,3199.0
3516,90,101.0,0.0,0.0,1235.0,0.0,11,0,0,1,1,0,0,61.8054,11.9,98.95,0.0,692.0,0.0,3199.0
3517,90,101.0,0.0,0.0,1235.0,0.0,7,0,2,1,3,0,0,62.1858,11.55,98.6,0.0,692.0,2.0,3201.0
3518,90,100.0,0.0,1.0,1236.0,0.0,7,1,2,1,2,0,0,62.6008,11.55,98.25,0.0,692.0,2.0,3203.0
3519,90,100.0,0.0,0.0,1236.0,0.0,9,0,1,1,2,0,0,62.9888,11.55,97.9,0.0,692.0,1.0,3204.0
3520,89,99.0,0.0,1.0,1237.0,0.0,9,1,0,0,3,0,0,63.3231,11.2,99.65,0.0,692.0,0.0,3204.0
3521,89,99.0,0.0,0.0,1237.0,0.0,10,0,0,0,3,0,0,62.9385,10.85,99.3,0.0,692.0,0.0,3204.0
3522,89,98.0,0.0,1.0,1238.0,0.0,9,1,0,0,3,0,0,62.5538,10.5,98.95,0.0,692.0,0.0,3204.0
3523,91,101.0,3.0,0.0,1238.0,0.0,10,0,0,0,3,0,0,62.1692,10.15,98.6,0.0,692.0,0.0,3204.0
3524,91,101.0,0.0,0.0,1238.0,0.0,10,0,0,0,3,0,0,61.7731,9.8,98.25,0.0,692.0,0.0,3204.0
3525,92,101.0,1.0,1.0,1239.0,0.0,9,1,0,0,3,0,0,61.3769,9.45,97.9,0.0,692.0,0.0,3204.0
3526,91,101.0,0.0,0.0,1239.0,0.0,10,0,1,0,2,0,0,61.0077,9.45,97.55,0.0,692.0,1.0,3205.0
3527,91,101.0,0.0,0.0,1239.0,0.0,10,0,1,0,2,0,0,60.6269,9.1,97.2,0.0,692.0,1.0,3206.0
3528,91,100.0,0.0,1.0,1240.0,0.0,9,1,0,0,3,0,0,60.2192,8.75,96.85,0.0,692.0,0.0,3206.0
3529,90,99.0,0.0,1.0,1241.0,0.0,9,1,0,0,3,0,0,59.8231,8.4,96.5,0.0,692.0,0.0,3206.0
3530,89,98.0,0.0,1.0,1242.0,0.0,9,1,0,0,3,0,0,59.4269,8.05,96.15,0.0,692.0,0.0,3206.0
3531,89,99.0,1.0,0.0,1242.0,0.0,10,0,1,0,2,0,0,59.0692,7.7,95.8,0.0,692.0,1.0,3207.0
3532,89,99.0,0.0,0.0,1242.0,0.0,8,0,1,0,4,0,0,58.7115,7.35,95.45,0.0,692.0,1.0,3208.0
3533,89,99.0,0.0,0.0,1242.0,0.0,9,0,0,0,4,0,0,58.3269,7.0,95.1,0.0,692.0,0.0,3208.0
3534,89,99.0,0.0,0.0,1242.0,0.0,9,0,0,0,4,0,0,57.9423,6.65,94.75,0.0,692.0,0.0,3208.0
3535,91,101.0,2.0,0.0,1242.0,0.0,9,0,0,0,4,0,0,57.5462,6.3,94.4,0.0,692.0,0.0,3208.0
3536,91,100.0,0.0,1.0,1243.0,0.0,8,1,0,0,4,0,0,57.15,5.95,94.05,0.0,692.0,0.0,3208.0
3537,91,101.0,1.0,0.0,1243.0,0.0,9,0,0,0,4,0,0,56.7654,5.6,93.7,0.0,692.0,0.0,3208.0
3538,91,101.0,0.0,0.0,1243.0,0.0,9,0,0,0,4,0,0,56.3692,5.25,93.35,0.0,692.0,0.0,3208.0
3539,92,102.0,1.0,0.0,1243.0,0.0,9,0,0,1,3,0,0,55.9615,4.9,93.0,0.0,692.0,0.0,3208.0
3540,92,102.0,0.0,0.0,1243.0,0.0,8,0,1,2,2,0,0,56.3508,6.75,92.65,0.0,692.0,1.0,3209.0
3541,92,99.0,0.0,3.0,1246.0,0.0,5,3,1,2,2,0,0,57.5112,6.95,92.3,1.0,693.0,2.0,3211.0
3542,90,99.0,0.0,0.0,1246.0,0.0,9,0,0,2,2,0,0,58.6408,6.6,91.95,0.0,693.0,0.0,3211.0
3543,90,99.0,0.0,0.0,1246.0,0.0,8,0,1,2,2,0,0,59.7973,6.25,91.6,0.0,693.0,1.0,3212.0
3544,90,99.0,0.0,0.0,1246.0,0.0,9,0,0,2,2,0,0,60.9269,5.9,91.25,0.0,693.0,0.0,3212.0
3545,91,100.0,1.0,0.0,1246.0,0.0,9,0,0,2,2,0,0,62.0565,5.55,90.9,0.0,693.0,0.0,3212.0
3546,91,100.0,0.0,0.0,1246.0,0.0,9,0,0,2,2,0,0,63.1862,5.2,90.55,0.0,693.0,0.0,3212.0
3547,93,102.0,2.0,0.0,1246.0,0.0,9,0,0,2,2,0,0,64.3158,4.85,90.2,0.0,693.0,0.0,3212.0
3548,93,102.0,0.0,0.0,1246.0,0.0,9,0,0,3,1,0,0,65.4454,4.5,90.49,0.0,693.0,0.0,3212.0
3549,92,101.0,0.0,1.0,1247.0,0.0,6,1,3,3,0,0,0,67.3542,4.15,99.65,0.0,693.0,3.0,3215.0
3550,90,101.0,0.0,0.0,1247.0,0.0,10,0,1,2,0,0,0,69.2419,13.735,99.65,1.0,694.0,2.0,3217.0
3551,91,102.0,1.0,0.0,1247.0,0.0,10,0,1,2,0,0,0,70.3854,23.32,99.3,0.0,694.0,1.0,3218.0
3552,91,101.0,0.0,1.0,1248.0,0.0,10,1,0,2,0,0,0,71.4788,32.905,98.95,0.0,694.0,0.0,3218.0
3553,90,100.0,0.0,1.0,1249.0,0.0,8,1,2,2,0,0,0,72.6377,42.49,98.6,0.0,694.0,2.0,3220.0
3554,89,100.0,0.0,0.0,1249.0,0.0,10,0,1,2,0,0,0,73.7965,52.075,98.25,1.0,695.0,2.0,3222.0
3555,91,102.0,2.0,0.0,1249.0,0.0,11,0,0,2,0,0,0,74.9015,52.55,97.9,0.0,695.0,0.0,3222.0
3556,91,102.0,0.0,0.0,1249.0,0.0,11,0,0,2,0,0,0,75.995,52.2,97.55,0.0,695.0,0.0,3222.0
3557,91,101.0,0.0,1.0,1250.0,0.0,10,1,0,2,0,0,0,77.0885,51.85,97.2,0.0,695.0,0.0,3222.0
3558,89,100.0,0.0,1.0,1251.0,0.0,11,1,0,1,0,0,0,78.1665,51.5,99.65,0.0,695.0,0.0,3222.0
3559,88,101.0,1.0,0.0,1251.0,0.0,13,0,0,0,0,0,0,78.5308,51.15,99.65,0.0,695.0,0.0,3222.0
3560,88,101.0,0.0,0.0,1251.0,0.0,13,0,0,0,0,0,0,78.1577,50.8,99.3,0.0,695.0,0.0,3222.0
3561,88,100.0,0.0,1.0,1252.0,0.0,11,1,1,0,0,0,0,77.8,50.45,98.95,0.0,695.0,1.0,3223.0
3562,87,100.0,0.0,0.0,1252.0,0.0,13,0,0,0,0,0,0,77.4269,50.1,98.6,0.0,695.0,0.0,3223.0
3563,88,101.0,1.0,0.0,1252.0,0.0,13,0,0,0,0,0,0,77.0423,49.75,98.25,0.0,695.0,0.0,3223.0
3564,88,101.0,0.0,0.0,1252.0,0.0,13,0,0,0,0,0,0,76.6577,49.4,97.9,0.0,695.0,0.0,3223.0
3565,90,103.0,2.0,0.0,1252.0,0.0,13,0,0,0,0,0,0,76.2731,49.05,97.55,0.0,695.0,0.0,3223.0
3566,90,103.0,0.0,0.0,1252.0,0.0,12,0,1,0,0,0,0,75.9038,48.55,97.2,0.0,695.0,1.0,3224.0
3567,90,103.0,0.0,0.0,1252.0,0.0,12,0,1,0,0,0,0,75.5731,48.05,96.85,1.0,696.0,2.0,3226.0
3568,90,103.0,0.0,0.0,1252.0,0.0,13,0,0,0,0,0,0,75.1654,47.55,96.5,0.0,696.0,0.0,3226.0
3569,90,103.0,0.0,0.0,1252.0,0.0,12,0,1,0,0,0,0,74.7962,47.05,96.15,0.0,696.0,1.0,3227.0
3570,90,102.0,0.0,1.0,1253.0,0.0,11,1,1,0,0,0,0,74.4269,47.05,95.8,0.0,696.0,1.0,3228.0
3571,91,104.0,2.0,0.0,1253.0,0.0,13,0,0,0,0,0,0,74.0308,46.55,95.45,0.0,696.0,0.0,3228.0
3572,91,104.0,0.0,0.0,1253.0,0.0,11,0,2,0,0,0,0,73.6885,46.55,95.1,0.0,696.0,2.0,3230.0
3573,91,104.0,0.0,0.0,1253.0,0.0,11,0,2,0,0,0,0,73.3731,46.55,95.1,1.0,697.0,3.0,3233.0
3574,91,104.0,0.0,0.0,1253.0,0.0,11,0,2,0,0,0,0,73.0577,46.05,95.1,1.0,698.0,3.0,3236.0
3575,92,104.0,1.0,1.0,1254.0,0.0,12,1,0,0,0,0,0,72.65,45.55,94.75,0.0,698.0,0.0,3236.0
3576,91,103.0,0.0,1.0,1255.0,0.0,12,1,0,0,0,0,0,72.2423,45.2,94.4,0.0,698.0,0.0,3236.0
3577,90,103.0,0.0,0.0,1255.0,0.0,13,0,0,0,0,0,0,71.8346,44.85,94.05,0.0,698.0,0.0,3236.0
3578,90,101.0,0.0,2.0,1257.0,0.0,11,2,0,0,0,0,0,71.4154,44.5,93.7,0.0,698.0,0.0,3236.0
3579,90,103.0,2.0,0.0,1257.0,0.0,13,0,0,0,0,0,0,71.0192,44.15,93.35,0.0,698.0,0.0,3236.0
3580,90,102.0,0.0,1.0,1258.0,0.0,11,1,1,0,0,0,0,70.6615,43.8,93.0,0.0,698.0,1.0,3237.0
3581,89,102.0,0.0,0.0,1258.0,0.0,13,0,0,0,0,0,0,70.2769,43.45,92.65,0.0,698.0,0.0,3237.0
3582,89,102.0,0.0,0.0,1258.0,0.0,13,0,0,0,0,0,0,69.8577,43.1,92.3,0.0,698.0,0.0,3237.0
3583,90,103.0,1.0,0.0,1258.0,0.0,13,0,0,0,0,0,0,69.4385,42.75,91.95,0.0,698.0,0.0,3237.0
3584,90,101.0,0.0,2.0,1260.0,0.0,10,2,1,0,0,0,0,69.0346,42.4,91.6,0.0,698.0,1.0,3238.0
3585,89,102.0,1.0,0.0,1260.0,0.0,10,0,3,0,0,0,0,68.7192,42.4,91.25,0.0,698.0,3.0,3241.0
3586,89,102.0,0.0,0.0,1260.0,0.0,12,0,1,0,0,0,0,68.3769,42.05,90.9,1.0,699.0,2.0,3243.0
3587,90,102.0,1.0,1.0,1261.0,0.0,12,1,0,0,0,0,0,67.9577,41.55,90.55,0.0,699.0,0.0,3243.0
3588,89,101.0,0.0,1.0,1262.0,0.0,12,1,0,0,0,0,0,67.55,41.05,90.2,0.0,699.0,0.0,3243.0
3589,88,100.0,0.0,1.0,1263.0,0.0,10,1,2,0,0,0,0,67.2192,40.55,89.85,0.0,699.0,2.0,3245.0
3590,87,100.0,0.0,0.0,1263.0,0.0,12,0,1,0,0,0,0,66.9,40.05,89.5,1.0,700.0,2.0,3247.0
3591,87,100.0,0.0,0.0,1263.0,0.0,13,0,0,0,0,0,0,66.5154,39.55,89.15,0.0,700.0,0.0,3247.0
3592,87,100.0,0.0,0.0,1263.0,0.0,13,0,0,0,0,0,0,66.1308,39.05,88.8,0.0,700.0,0.0,3247.0
3593,88,101.0,1.0,0.0,1263.0,0.0,12,0,1,0,0,0,0,65.7731,38.55,88.45,0.0,700.0,1.0,3248.0
3594,88,101.0,0.0,0.0,1263.0,0.0,11,0,2,0,0,0,0,65.4423,38.05,88.1,0.0,700.0,2.0,3250.0
3595,91,104.0,3.0,0.0,1263.0,0.0,11,0,2,0,0,0,0,65.0885,37.55,87.75,0.0,700.0,2.0,3252.0
3596,91,104.0,0.0,0.0,1263.0,0.0,11,0,2,0,0,0,0,64.7615,37.05,87.4,1.0,701.0,3.0,3255.0
3597,91,104.0,0.0,0.0,1263.0,0.0,12,0,1,0,0,0,0,64.3808,36.55,87.05,1.0,702.0,1.0,3256.0
3598,91,103.0,0.0,1.0,1264.0,0.0,12,1,0,0,0,0,0,64.0154,36.05,86.7,0.0,702.0,0.0,3256.0
3599,90,103.0,0.0,0.0,1264.0,0.0,11,0,2,0,0,0,0,63.7,35.55,86.35,0.0,702.0,2.0,3258.0
3600,90,102.0,0.0,1.0,1265.0,0.0,11,1,1,0,0,0,0,63.3192,35.05,86.0,0.0,702.0,1.0,3259.0
3601,89,100.0,0.0,2.0,1267.0,0.0,10,2,1,0,0,0,0,62.9385,34.55,85.5,0.0,702.0,1.0,3260.0
3602,87,100.0,0.0,0.0,1267.0,0.0,11,0,2,0,0,0,0,62.5846,34.2,85.0,0.0,702.0,2.0,3262.0
3603,88,101.0,1.0,0.0,1267.0,0.0,11,0,2,0,0,0,0,62.2577,34.2,84.5,1.0,703.0,3.0,3265.0
3604,88,101.0,0.0,0.0,1267.0,0.0,12,0,1,0,0,0,0,61.8923,34.2,84.0,1.0,704.0,2.0,3267.0
3605,89,102.0,1.0,0.0,1267.0,0.0,12,0,1,0,0,0,0,61.5,33.85,83.5,0.0,704.0,1.0,3268.0
3606,89,102.0,0.0,0.0,1267.0,0.0,10,0,3,0,0,0,0,61.2115,33.5,83.0,1.0,705.0,4.0,3272.0
3607,91,103.0,2.0,1.0,1268.0,0.0,12,1,0,0,0,0,0,60.7692,33.15,82.5,0.0,705.0,0.0,3272.0
3608,90,103.0,0.0,0.0,1268.0,0.0,11,0,2,0,0,0,0,60.4038,32.8,82.0,0.0,705.0,2.0,3274.0
3609,90,103.0,0.0,0.0,1268.0,0.0,12,0,1,0,0,0,0,60.0269,32.45,81.5,1.0,706.0,2.0,3276.0
3610,90,103.0,0.0,0.0,1268.0,0.0,12,0,1,0,0,0,0,59.6231,32.1,81.0,0.0,706.0,1.0,3277.0
3611,91,104.0,1.0,0.0,1268.0,0.0,12,0,1,0,0,0,0,59.2192,31.75,80.5,0.0,706.0,1.0,3278.0
3612,91,103.0,0.0,1.0,1269.0,0.0,12,1,0,0,0,0,0,58.7885,31.4,80.0,0.0,706.0,0.0,3278.0
3613,90,103.0,0.0,0.0,1269.0,0.0,13,0,0,0,0,0,0,58.3692,31.05,79.65,0.0,706.0,0.0,3278.0
3614,90,102.0,0.0,1.0,1270.0,0.0,12,1,0,0,0,0,0,57.95,30.7,79.3,0.0,706.0,0.0,3278.0
3615,90,102.0,1.0,1.0,1271.0,0.0,12,1,0,0,0,0,0,57.5308,30.35,78.95,0.0,706.0,0.0,3278.0
3616,89,101.0,0.0,1.0,1272.0,0.0,10,1,2,0,0,0,0,57.1769,30.0,78.95,0.0,706.0,2.0,3280.0
3617,88,100.0,0.0,1.0,1273.0,0.0,11,1,1,0,0,0,0,56.7962,29.65,78.6,0.0,706.0,1.0,3281.0
3618,87,98.0,0.0,2.0,1275.0,0.0,10,2,1,0,0,0,0,56.4308,29.3,78.25,1.0,707.0,2.0,3283.0
3619,87,100.0,2.0,0.0,1275.0,0.0,11,0,2,0,0,0,0,56.0885,29.3,78.25,0.0,707.0,2.0,3285.0
3620,87,98.0,0.0,2.0,1277.0,0.0,9,2,2,0,0,0,0,55.7731,29.3,78.25,1.0,708.0,3.0,3288.0
3621,86,99.0,1.0,0.0,1277.0,0.0,13,0,0,0,0,0,0,55.3885,28.95,77.9,0.0,708.0,0.0,3288.0
3622,86,99.0,0.0,0.0,1277.0,0.0,13,0,0,0,0,0,0,55.0038,28.6,77.55,0.0,708.0,0.0,3288.0
3623,86,99.0,0.0,0.0,1277.0,0.0,12,0,1,0,0,0,0,54.6577,28.25,77.2,0.0,708.0,1.0,3289.0
3624,86,99.0,0.0,0.0,1277.0,0.0,11,0,2,0,0,0,0,54.3269,27.9,76.85,0.0,708.0,2.0,3291.0
3625,87,100.0,1.0,0.0,1277.0,0.0,11,0,2,0,0,0,0,54.0231,27.55,76.5,1.0,709.0,3.0,3294.0
3626,87,99.0,0.0,1.0,1278.0,0.0,11,1,1,0,0,0,0,53.6923,27.2,76.15,1.0,710.0,2.0,3296.0
3627,87,100.0,1.0,0.0,1278.0,0.0,12,0,1,0,0,0,0,53.3115,26.85,75.8,0.0,710.0,1.0,3297.0
3628,87,100.0,0.0,0.0,1278.0,0.0,11,0,2,0,0,0,0,52.9731,26.5,75.3,1.0,711.0,3.0,3300.0
3629,87,99.0,0.0,1.0,1279.0,0.0,10,1,2,0,0,0,0,52.6192,26.15,74.8,0.0,711.0,2.0,3302.0
3630,86,98.0,0.0,1.0,1280.0,0.0,10,1,2,0,0,0,0,52.2923,25.8,74.3,1.0,712.0,3.0,3305.0
3631,86,99.0,1.0,0.0,1280.0,0.0,13,0,0,0,0,0,0,51.9115,25.45,73.8,1.0,713.0,1.0,3306.0
3632,86,99.0,0.0,0.0,1280.0,0.0,11,0,2,0,0,0,0,51.5692,25.1,73.3,0.0,713.0,2.0,3308.0
3633,86,98.0,0.0,1.0,1281.0,0.0,8,1,4,0,0,0,0,51.3192,24.75,72.8,1.0,714.0,5.0,3313.0
3634,85,98.0,0.0,0.0,1281.0,0.0,11,0,2,0,0,0,0,51.0038,24.25,72.45,1.0,715.0,3.0,3316.0
3635,88,101.0,3.0,0.0,1281.0,0.0,12,0,1,0,0,0,0,50.6615,24.25,72.1,1.0,716.0,2.0,3318.0
3636,88,100.0,0.0,1.0,1282.0,0.0,11,1,1,0,0,0,0,50.2923,23.75,71.75,0.0,716.0,1.0,3319.0
3637,87,100.0,0.0,0.0,1282.0,0.0,13,0,0,0,0,0,0,49.8846,23.25,71.4,0.0,716.0,0.0,3319.0
3638,87,100.0,0.0,0.0,1282.0,0.0,11,0,2,0,0,0,0,49.5423,23.25,71.05,0.0,716.0,2.0,3321.0
3639,87,100.0,0.0,0.0,1282.0,0.0,8,0,5,0,0,0,0,49.3192,23.25,71.05,1.0,717.0,6.0,3327.0
3640,87,100.0,0.0,0.0,1282.0,0.0,9,0,4,0,0,0,0,49.0692,22.75,70.7,1.0,718.0,5.0,3332.0
3641,87,100.0,0.0,0.0,1282.0,0.0,11,0,2,0,0,0,0,48.7923,22.25,70.35,2.0,720.0,4.0,3336.0
3642,87,98.0,0.0,2.0,1284.0,0.0,11,2,0,0,0,0,0,48.3846,21.75,70.0,0.0,720.0,0.0,3336.0
3643,87,100.0,2.0,0.0,1284.0,0.0,12,0,1,0,0,0,0,48.0269,21.25,70.0,0.0,720.0,1.0,3337.0
3644,87,100.0,0.0,0.0,1284.0,0.0,12,0,1,0,0,0,0,47.6731,20.75,70.0,1.0,721.0,2.0,3339.0
3645,88,101.0,1.0,0.0,1284.0,0.0,13,0,0,0,0,0,0,47.2654,20.25,69.65,0.0,721.0,0.0,3339.0
3646,88,100.0,0.0,1.0,1285.0,0.0,11,1,1,0,0,0,0,46.8846,19.75,69.3,0.0,721.0,1.0,3340.0
3647,87,100.0,0.0,0.0,1285.0,0.0,13,0,0,0,0,0,0,46.4885,19.25,68.95,0.0,721.0,0.0,3340.0
3648,87,100.0,0.0,0.0,1285.0,0.0,12,0,1,0,0,0,0,46.1192,18.75,68.6,0.0,721.0,1.0,3341.0
3649,88,100.0,1.0,1.0,1286.0,0.0,10,1,2,0,0,0,0,45.8038,18.75,68.6,1.0,722.0,3.0,3344.0
3650,87,100.0,0.0,0.0,1286.0,0.0,13,0,0,0,0,0,0,45.4077,18.25,68.25,0.0,722.0,0.0,3344.0
3651,88,101.0,1.0,0.0,1286.0,0.0,13,0,0,0,0,0,0,45.0,17.75,67.9,0.0,722.0,0.0,3344.0
3652,88,101.0,0.0,0.0,1286.0,0.0,10,0,3,0,0,0,0,44.6962,17.25,67.55,0.0,722.0,3.0,3347.0
3653,88,101.0,0.0,0.0,1286.0,0.0,12,0,1,0,0,0,0,44.3538,16.75,67.2,1.0,723.0,2.0,3349.0
3654,88,101.0,0.0,0.0,1286.0,0.0,12,0,1,0,0,0,0,43.95,16.25,67.2,0.0,723.0,1.0,3350.0
3655,90,102.0,2.0,1.0,1287.0,0.0,12,1,0,0,0,0,0,43.5192,15.75,66.85,0.0,723.0,0.0,3350.0
3656,89,102.0,0.0,0.0,1287.0,0.0,13,0,0,0,0,0,0,43.0885,15.25,66.5,0.0,723.0,0.0,3350.0
3657,89,102.0,0.0,0.0,1287.0,0.0,11,0,1,0,1,0,0,42.6962,14.75,66.15,0.0,723.0,1.0,3351.0
3658,89,101.0,0.0,1.0,1288.0,0.0,10,1,1,0,1,0,0,42.3038,14.4,65.8,0.0,723.0,1.0,3352.0
3659,89,102.0,1.0,0.0,1288.0,0.0,12,0,0,0,1,0,0,41.8846,14.05,65.45,0.0,723.0,0.0,3352.0
3660,89,101.0,0.0,1.0,1289.0,0.0,11,1,0,0,1,0,0,41.4654,13.7,65.1,0.0,723.0,0.0,3352.0
3661,89,101.0,0.0,0.0,1289.0,0.0,12,0,0,0,1,0,0,41.0462,13.35,64.6,0.0,723.0,0.0,3352.0
3662,89,101.0,0.0,0.0,1289.0,0.0,12,0,0,0,1,0,0,40.6269,13.0,64.1,0.0,723.0,0.0,3352.0
3663,90,101.0,1.0,1.0,1290.0,0.0,11,1,0,0,1,0,0,40.2077,12.65,63.6,0.0,723.0,0.0,3352.0
3664,89,99.0,0.0,2.0,1292.0,0.0,10,2,0,0,1,0,0,39.8,12.3,63.1,0.0,723.0,0.0,3352.0
3665,88,100.0,1.0,0.0,1292.0,0.0,11,0,1,0,1,0,0,39.4538,11.95,62.6,0.0,723.0,1.0,3353.0
3666,88,100.0,0.0,0.0,1292.0,0.0,12,0,1,0,0,0,0,39.1346,11.95,62.1,1.0,724.0,2.0,3355.0
3667,90,101.0,2.0,1.0,1293.0,0.0,11,1,0,0,1,0,0,38.7385,11.6,61.6,0.0,724.0,0.0,3355.0
3668,89,101.0,0.0,0.0,1293.0,0.0,12,0,1,0,0,0,0,38.3692,11.6,61.25,0.0,724.0,1.0,3356.0
3669,89,100.0,0.0,1.0,1294.0,0.0,11,1,0,0,1,0,0,37.9615,11.25,60.9,0.0,724.0,0.0,3356.0
3670,88,100.0,0.0,0.0,1294.0,0.0,10,0,2,0,1,0,0,37.6192,10.9,60.9,0.0,724.0,2.0,3358.0
3671,88,99.0,0.0,1.0,1295.0,0.0,9,1,2,0,1,0,0,37.3038,10.55,60.9,1.0,725.0,3.0,3361.0
3672,87,99.0,0.0,0.0,1295.0,0.0,11,0,1,0,1,0,0,36.9731,10.2,60.55,1.0,726.0,2.0,3363.0
3673,87,99.0,0.0,0.0,1295.0,0.0,10,0,3,0,0,0,0,36.6846,10.2,60.55,1.0,727.0,4.0,3367.0
3674,87,99.0,0.0,0.0,1295.0,0.0,10,0,2,0,1,0,0,36.3423,9.85,60.2,0.0,727.0,2.0,3369.0
3675,89,101.0,2.0,0.0,1295.0,0.0,11,0,1,0,1,0,0,36.0,9.5,59.85,1.0,728.0,2.0,3371.0
3676,89,101.0,0.0,0.0,1295.0,0.0,12,0,0,0,1,0,0,35.5923,9.15,59.5,0.0,728.0,0.0,3371.0
3677,90,102.0,1.0,0.0,1295.0,0.0,12,0,0,0,1,0,0,35.1846,8.8,59.15,0.0,728.0,0.0,3371.0
3678,90,102.0,0.0,0.0,1295.0,0.0,12,0,0,0,1,0,0,34.7769,8.45,58.8,0.0,728.0,0.0,3371.0
3679,91,103.0,1.0,0.0,1295.0,0.0,12,0,0,0,1,0,0,34.3577,8.1,58.45,0.0,728.0,0.0,3371.0
3680,91,102.0,0.0,1.0,1296.0,0.0,11,1,0,0,1,0,0,33.9154,7.75,57.95,0.0,728.0,0.0,3371.0
3681,90,101.0,0.0,1.0,1297.0,0.0,11,1,0,0,1,0,0,33.4846,7.4,57.45,0.0,728.0,0.0,3371.0
3682,89,101.0,0.0,0.0,1297.0,0.0,11,0,1,0,1,0,0,33.1038,7.05,56.95,0.0,728.0,1.0,3372.0
3683,90,102.0,1.0,0.0,1297.0,0.0,12,0,1,0,0,0,0,32.75,7.05,56.45,1.0,729.0,2.0,3374.0
3684,90,102.0,0.0,0.0,1297.0,0.0,12,0,0,0,1,0,0,32.3308,6.7,55.95,0.0,729.0,0.0,3374.0
3685,91,103.0,1.0,0.0,1297.0,0.0,12,0,1,0,0,0,0,31.9385,6.7,55.45,0.0,729.0,1.0,3375.0
3686,91,102.0,0.0,1.0,1298.0,0.0,11,1,0,0,1,0,0,31.5077,6.35,54.95,0.0,729.0,0.0,3375.0
3687,90,102.0,0.0,0.0,1298.0,0.0,12,0,0,0,1,0,0,31.0769,6.0,54.45,0.0,729.0,0.0,3375.0
3688,90,100.0,0.0,2.0,1300.0,0.0,9,2,1,0,1,0,0,30.6846,5.65,53.95,0.0,729.0,1.0,3376.0
3689,88,100.0,0.0,0.0,1300.0,0.0,12,0,0,0,1,0,0,30.2654,5.3,53.45,0.0,729.0,0.0,3376.0
3690,88,99.0,0.0,1.0,1301.0,0.0,10,1,0,0,2,0,0,29.8462,4.95,52.95,0.0,729.0,0.0,3376.0
3691,90,102.0,3.0,0.0,1301.0,0.0,9,0,2,0,2,0,0,29.5038,4.6,52.45,0.0,729.0,2.0,3378.0
3692,90,102.0,0.0,0.0,1301.0,0.0,10,0,1,0,2,0,0,29.1615,4.25,51.95,1.0,730.0,2.0,3380.0
3693,90,102.0,0.0,0.0,1301.0,0.0,11,0,0,0,2,0,0,28.7423,3.9,51.45,0.0,730.0,0.0,3380.0
3694,90,101.0,0.0,1.0,1302.0,0.0,10,1,0,0,2,0,0,28.3231,3.55,50.95,0.0,730.0,0.0,3380.0
3695,90,100.0,1.0,2.0,1304.0,0.0,9,2,0,0,2,0,0,27.9154,3.2,50.6,0.0,730.0,0.0,3380.0
3696,89,100.0,0.0,0.0,1304.0,0.0,11,0,0,1,1,0,0,27.5308,2.85,50.25,0.0,730.0,0.0,3380.0
3697,89,99.0,0.0,1.0,1305.0,0.0,9,1,1,1,1,0,0,27.9473,12.25,49.9,0.0,730.0,1.0,3381.0
3698,88,99.0,0.0,0.0,1305.0,0.0,11,0,0,1,1,0,0,28.3485,11.9,49.55,0.0,730.0,0.0,3381.0
3699,89,100.0,1.0,0.0,1305.0,0.0,11,0,0,2,0,0,0,28.7381,11.55,49.2,0.0,730.0,0.0,3381.0
3700,89,99.0,0.0,1.0,1306.0,0.0,10,1,0,2,0,0,0,29.835,15.45,48.85,0.0,730.0,0.0,3381.0
3701,88,99.0,0.0,0.0,1306.0,0.0,11,0,0,2,0,0,0,30.9435,15.05,51.425,0.0,730.0,0.0,3381.0
3702,88,99.0,0.0,0.0,1306.0,0.0,8,0,1,2,2,0,0,32.0788,14.55,61.14,0.0,730.0,1.0,3382.0
3703,89,100.0,1.0,0.0,1306.0,0.0,9,0,0,2,2,0,0,33.1988,14.2,70.855,0.0,730.0,0.0,3382.0
3704,89,100.0,0.0,0.0,1306.0,0.0,7,0,2,2,2,0,0,34.3727,13.85,80.57,0.0,730.0,2.0,3384.0
3705,91,102.0,2.0,0.0,1306.0,0.0,8,0,1,2,2,0,0,35.4965,13.5,90.285,0.0,730.0,1.0,3385.0
3706,90,102.0,0.0,0.0,1306.0,0.0,10,0,0,1,2,0,0,36.5435,13.15,99.65,0.0,730.0,0.0,3385.0
3707,91,102.0,1.0,1.0,1307.0,0.0,8,1,0,1,3,0,0,36.8431,12.8,99.3,0.0,730.0,0.0,3385.0
3708,90,102.0,0.0,0.0,1307.0,0.0,9,0,0,1,3,0,0,37.1542,12.45,98.95,0.0,730.0,0.0,3385.0
3709,90,102.0,0.0,0.0,1307.0,0.0,10,0,0,0,3,0,0,37.4385,12.1,99.65,0.0,730.0,0.0,3385.0
3710,90,102.0,0.0,0.0,1307.0,0.0,9,0,0,0,4,0,0,37.0308,11.75,99.3,0.0,730.0,0.0,3385.0
3711,90,102.0,0.0,0.0,1307.0,0.0,8,0,1,0,4,0,0,36.6615,11.4,98.95,0.0,730.0,1.0,3386.0
3712,90,102.0,0.0,0.0,1307.0,0.0,8,0,1,0,4,0,0,36.3192,11.05,98.6,1.0,731.0,2.0,3388.0
3713,90,101.0,0.0,1.0,1308.0,0.0,8,1,0,0,4,0,0,35.9115,10.7,98.25,0.0,731.0,0.0,3388.0
3714,89,100.0,0.0,1.0,1309.0,0.0,8,1,0,0,4,0,0,35.5154,10.35,97.9,0.0,731.0,0.0,3388.0
3715,91,102.0,3.0,1.0,1310.0,0.0,8,1,0,0,4,0,0,35.1308,10.0,97.55,0.0,731.0,0.0,3388.0
3716,90,101.0,0.0,1.0,1311.0,0.0,7,1,1,0,4,0,0,34.7962,9.65,97.2,0.0,731.0,1.0,3389.0
3717,90,101.0,0.0,0.0,1311.0,0.0,7,0,1,0,4,1,0,34.4615,9.3,96.85,0.0,731.0,1.0,3390.0
3718,90,101.0,0.0,0.0,1311.0,0.0,7,0,1,0,4,1,0,34.1923,8.95,96.5,1.0,732.0,2.0,3392.0
3719,91,102.0,1.0,0.0,1311.0,0.0,8,0,0,0,4,1,0,33.8462,8.6,96.15,0.0,732.0,0.0,3392.0
3720,91,102.0,0.0,0.0,1311.0,0.0,8,0,0,0,4,1,0,33.5,8.25,95.8,0.0,732.0,0.0,3392.0
3721,91,101.0,0.0,1.0,1312.0,0.0,6,1,2,0,3,1,0,33.2077,8.1,95.45,0.0,732.0,2.0,3394.0
3722,90,101.0,0.0,0.0,1312.0,0.0,6,0,3,0,3,1,0,32.9692,7.75,95.1,1.0,733.0,4.0,3398.0
3723,91,102.0,1.0,0.0,1312.0,0.0,7,0,1,0,4,1,0,32.6769,7.4,94.75,1.0,734.0,2.0,3400.0
3724,91,102.0,0.0,0.0,1312.0,0.0,8,0,0,0,4,1,0,32.3308,7.05,94.4,0.0,734.0,0.0,3400.0
3725,92,103.0,1.0,0.0,1312.0,0.0,7,0,2,0,3,1,0,32.0269,7.05,94.05,0.0,734.0,2.0,3402.0
3726,92,103.0,0.0,0.0,1312.0,0.0,8,0,0,0,4,1,0,31.6692,6.7,93.7,0.0,734.0,0.0,3402.0
3727,93,102.0,1.0,2.0,1314.0,0.0,6,2,0,0,4,1,0,31.3,6.35,93.2,0.0,734.0,0.0,3402.0
3728,91,101.0,0.0,1.0,1315.0,0.0,7,1,0,0,4,1,0,30.9423,6.0,92.7,0.0,734.0,0.0,3402.0
3729,91,101.0,0.0,0.0,1315.0,0.0,8,0,0,0,4,1,0,30.5731,5.65,92.2,0.0,734.0,0.0,3402.0
3730,91,101.0,0.0,0.0,1315.0,0.0,7,0,1,0,4,1,0,30.2423,5.3,91.7,0.0,734.0,1.0,3403.0
3731,92,101.0,1.0,1.0,1316.0,0.0,7,1,0,2,2,1,0,29.8731,4.95,91.2,0.0,734.0,0.0,3403.0
3732,92,101.0,0.0,0.0,1316.0,0.0,8,0,0,2,2,1,0,31.0112,4.6,90.85,0.0,734.0,0.0,3403.0
3733,93,102.0,1.0,0.0,1316.0,0.0,8,0,0,3,1,1,0,32.1492,4.25,90.5,0.0,734.0,0.0,3403.0
3734,93,102.0,0.0,0.0,1316.0,0.0,8,0,0,3,1,1,0,34.0385,3.9,90.15,0.0,734.0,0.0,3403.0
3735,94,103.0,1.0,0.0,1316.0,0.0,8,0,0,3,1,1,0,35.9277,3.55,89.8,0.0,734.0,0.0,3403.0
3736,94,103.0,0.0,0.0,1316.0,0.0,8,0,0,4,0,1,0,37.8054,3.2,89.45,0.0,734.0,0.0,3403.0
3737,94,102.0,0.0,1.0,1317.0,0.0,6,1,1,4,0,1,0,40.47,12.88,88.95,0.0,734.0,1.0,3404.0
3738,93,102.0,0.0,0.0,1317.0,0.0,8,0,0,4,0,1,0,43.1077,14.7,88.45,0.0,734.0,0.0,3404.0
3739,95,104.0,2.0,0.0,1317.0,0.0,8,0,0,4,0,1,0,45.7454,14.7,87.95,0.0,734.0,0.0,3404.0
3740,95,104.0,0.0,0.0,1317.0,0.0,6,0,2,4,0,1,0,48.4485,14.7,90.745,0.0,734.0,2.0,3406.0
3741,93,104.0,0.0,0.0,1317.0,0.0,8,0,1,2,2,0,0,51.0592,14.35,99.65,1.0,735.0,2.0,3408.0
3742,93,104.0,0.0,0.0,1317.0,0.0,8,0,1,2,2,0,0,52.2127,14.0,99.3,0.0,735.0,1.0,3409.0
3743,93,103.0,0.0,1.0,1318.0,0.0,9,1,0,1,2,0,0,53.3008,13.65,99.65,0.0,735.0,0.0,3409.0
3744,93,103.0,0.0,0.0,1318.0,0.0,9,0,1,1,2,0,0,53.7146,13.3,99.3,0.0,735.0,1.0,3410.0
3745,94,104.0,1.0,0.0,1318.0,0.0,10,0,1,1,1,0,0,54.1554,12.95,98.95,1.0,736.0,2.0,3412.0
3746,93,104.0,0.0,0.0,1318.0,0.0,10,0,2,0,1,0,0,54.5692,12.95,99.65,0.0,736.0,2.0,3414.0
3747,95,106.0,2.0,0.0,1318.0,0.0,10,0,2,0,1,0,0,54.2654,12.95,99.3,1.0,737.0,3.0,3417.0
3748,95,106.0,0.0,0.0,1318.0,0.0,10,0,0,0,3,0,0,53.8692,12.6,98.95,0.0,737.0,0.0,3417.0
3749,95,106.0,0.0,0.0,1318.0,0.0,10,0,1,0,2,0,0,53.5,12.4,98.6,0.0,737.0,1.0,3418.0
3750,95,106.0,0.0,0.0,1318.0,0.0,10,0,0,0,3,0,0,53.1038,12.05,98.25,0.0,737.0,0.0,3418.0
3751,96,106.0,1.0,1.0,1319.0,0.0,9,1,0,0,3,0,0,52.7077,11.7,97.9,0.0,737.0,0.0,3418.0
3752,95,105.0,0.0,1.0,1320.0,0.0,9,1,0,0,3,0,0,52.3115,11.35,97.55,0.0,737.0,0.0,3418.0
3753,94,105.0,0.0,0.0,1320.0,0.0,10,0,0,0,3,0,0,51.9154,11.0,97.2,0.0,737.0,0.0,3418.0
3754,94,104.0,0.0,1.0,1321.0,0.0,9,1,0,0,3,0,0,51.5192,10.65,96.85,0.0,737.0,0.0,3418.0
3755,96,106.0,2.0,0.0,1321.0,0.0,8,0,3,0,2,0,0,51.2154,10.5,96.5,0.0,737.0,3.0,3421.0
3756,96,106.0,0.0,0.0,1321.0,0.0,9,0,1,0,3,0,0,50.8731,10.15,96.15,1.0,738.0,2.0,3423.0
3757,96,106.0,0.0,0.0,1321.0,0.0,10,0,0,0,3,0,0,50.4769,9.8,95.8,0.0,738.0,0.0,3423.0
3758,96,106.0,0.0,0.0,1321.0,0.0,10,0,0,0,3,0,0,50.0692,9.45,95.45,0.0,738.0,0.0,3423.0
3759,96,105.0,0.0,1.0,1322.0,0.0,8,1,0,0,4,0,0,49.6615,9.1,95.1,0.0,738.0,0.0,3423.0
3760,96,103.0,0.0,2.0,1324.0,0.0,6,2,1,0,4,0,0,49.3038,8.75,94.75,0.0,738.0,1.0,3424.0
3761,95,104.0,1.0,0.0,1324.0,0.0,9,0,0,0,4,0,0,48.9308,8.4,94.4,0.0,738.0,0.0,3424.0
3762,95,104.0,0.0,0.0,1324.0,0.0,9,0,0,1,3,0,0,48.5577,8.05,94.05,0.0,738.0,0.0,3424.0
3763,97,106.0,2.0,0.0,1324.0,0.0,8,0,1,1,3,0,0,48.9346,7.7,93.7,0.0,738.0,1.0,3425.0
3764,97,106.0,0.0,0.0,1324.0,0.0,9,0,0,1,3,0,0,49.2615,7.35,93.35,0.0,738.0,0.0,3425.0
3765,98,107.0,1.0,0.0,1324.0,0.0,8,0,2,2,1,0,0,49.6538,7.0,93.0,0.0,738.0,2.0,3427.0
3766,98,105.0,0.0,2.0,1326.0,0.0,6,2,1,2,2,0,0,50.7873,6.65,92.65,1.0,739.0,2.0,3429.0
3767,96,105.0,0.0,0.0,1326.0,0.0,9,0,0,2,2,0,0,51.8554,6.3,92.3,0.0,739.0,0.0,3429.0
3768,96,105.0,0.0,0.0,1326.0,0.0,7,0,2,2,2,0,0,52.9888,5.95,91.95,0.0,739.0,2.0,3431.0
3769,96,105.0,0.0,0.0,1326.0,0.0,9,0,0,2,2,0,0,54.0569,5.6,91.6,0.0,739.0,0.0,3431.0
3770,96,105.0,0.0,0.0,1326.0,0.0,9,0,0,2,2,0,0,55.125,5.25,91.25,0.0,739.0,0.0,3431.0
3771,97,106.0,1.0,0.0,1326.0,0.0,8,0,0,2,2,1,0,56.1931,4.9,90.95,0.0,739.0,0.0,3431.0
3772,97,105.0,0.0,1.0,1327.0,0.0,8,1,0,1,3,0,0,57.2342,4.55,99.65,0.0,739.0,0.0,3431.0
3773,96,104.0,0.0,1.0,1328.0,0.0,7,1,1,1,3,0,0,57.6177,4.2,99.65,0.0,739.0,1.0,3432.0
3774,96,104.0,0.0,0.0,1328.0,0.0,8,1,0,1,3,0,0,58.0012,3.85,99.3,0.0,739.0,0.0,3432.0
3775,97,107.0,3.0,0.0,1328.0,0.0,9,0,2,0,2,0,0,58.3962,3.85,99.65,0.0,739.0,2.0,3434.0
3776,97,107.0,0.0,0.0,1328.0,0.0,9,0,1,0,3,0,0,58.0654,3.5,99.3,1.0,740.0,2.0,3436.0
3777,97,107.0,0.0,0.0,1328.0,0.0,10,0,0,0,3,0,0,57.6692,3.15,98.95,0.0,740.0,0.0,3436.0
3778,97,107.0,0.0,0.0,1328.0,0.0,8,0,1,0,4,0,0,57.3,2.8,98.6,0.0,740.0,1.0,3437.0
3779,98,108.0,1.0,0.0,1328.0,0.0,9,0,0,1,3,0,0,56.8923,2.45,98.25,0.0,740.0,0.0,3437.0
3780,98,108.0,0.0,0.0,1328.0,0.0,8,0,1,1,3,0,0,57.2888,7.7,97.9,0.0,740.0,1.0,3438.0
3781,98,107.0,0.0,1.0,1329.0,0.0,8,1,0,2,2,0,0,57.6469,7.35,97.55,0.0,740.0,0.0,3438.0
3782,98,105.0,0.0,2.0,1331.0,0.0,7,2,0,2,2,0,0,58.7562,10.85,97.2,0.0,740.0,0.0,3438.0
3783,96,105.0,0.0,0.0,1331.0,0.0,9,0,1,2,1,0,0,59.9154,10.85,96.85,0.0,740.0,1.0,3439.0
3784,96,104.0,0.0,1.0,1332.0,0.0,8,1,0,2,2,0,0,61.0746,10.85,96.5,1.0,741.0,1.0,3440.0
3785,96,105.0,1.0,0.0,1332.0,0.0,8,0,1,2,2,0,0,62.2569,10.5,96.15,0.0,741.0,1.0,3441.0
3786,96,104.0,0.0,1.0,1333.0,0.0,8,1,0,2,2,0,0,63.4008,10.15,95.8,0.0,741.0,0.0,3441.0
3787,97,106.0,2.0,0.0,1333.0,0.0,7,0,2,2,2,0,0,64.5985,9.8,95.45,0.0,741.0,2.0,3443.0
3788,97,106.0,0.0,0.0,1333.0,0.0,7,0,1,3,1,1,0,65.7962,9.45,95.1,1.0,742.0,2.0,3445.0
3789,97,106.0,1.0,1.0,1334.0,0.0,8,1,0,2,2,0,0,67.6365,11.05,99.65,0.0,742.0,0.0,3445.0
3790,97,106.0,0.0,0.0,1334.0,0.0,8,0,1,2,2,0,0,68.7535,10.7,99.3,0.0,742.0,1.0,3446.0
3791,96,106.0,0.0,0.0,1334.0,0.0,8,0,2,1,2,0,0,69.8704,10.35,99.65,0.0,742.0,2.0,3448.0
3792,96,105.0,0.0,1.0,1335.0,0.0,8,1,1,1,2,0,0,70.2746,10.0,99.3,1.0,743.0,2.0,3450.0
3793,95,105.0,0.0,0.0,1335.0,0.0,10,0,0,1,2,0,0,70.6365,9.65,98.95,0.0,743.0,0.0,3450.0
3794,95,105.0,0.0,0.0,1335.0,0.0,10,0,0,2,1,0,0,70.9985,9.3,98.6,0.0,743.0,0.0,3450.0
3795,97,107.0,2.0,0.0,1335.0,0.0,10,0,0,2,1,0,0,72.085,12.3,98.25,0.0,743.0,0.0,3450.0
3796,97,107.0,0.0,0.0,1335.0,0.0,9,0,1,2,1,0,0,73.1869,11.95,97.9,0.0,743.0,1.0,3451.0
3797,97,107.0,0.0,0.0,1335.0,0.0,10,0,0,2,1,0,0,74.2504,11.6,97.55,0.0,743.0,0.0,3451.0
3798,96,107.0,0.0,0.0,1335.0,0.0,11,0,0,1,1,0,0,75.2754,11.25,99.65,0.0,743.0,0.0,3451.0
3799,97,108.0,1.0,0.0,1335.0,0.0,11,0,0,1,1,0,0,75.6038,10.9,99.3,0.0,743.0,0.0,3451.0
3800,97,108.0,0.0,0.0,1335.0,0.0,11,0,0,1,1,0,0,75.9208,10.55,98.95,0.0,743.0,0.0,3451.0
3801,97,107.0,0.0,1.0,1336.0,0.0,10,1,0,1,1,0,0,76.2377,10.2,98.6,0.0,743.0,0.0,3451.0
3802,96,107.0,0.0,0.0,1336.0,0.0,11,0,0,1,1,0,0,76.5662,9.85,98.25,0.0,743.0,0.0,3451.0
3803,98,107.0,2.0,2.0,1338.0,0.0,9,2,0,1,1,0,0,76.8831,9.5,97.9,0.0,743.0,0.0,3451.0
3804,95,107.0,0.0,0.0,1338.0,0.0,12,0,0,0,1,0,0,77.1846,9.15,99.65,0.0,743.0,0.0,3451.0
3805,96,108.0,1.0,0.0,1338.0,0.0,12,0,0,0,1,0,0,76.7885,8.8,99.3,0.0,743.0,0.0,3451.0
3806,96,106.0,0.0,2.0,1340.0,0.0,10,2,0,0,1,0,0,76.3808,8.45,98.95,0.0,743.0,0.0,3451.0
3807,94,105.0,0.0,1.0,1341.0,0.0,11,1,0,0,1,0,0,75.9962,8.1,98.6,0.0,743.0,0.0,3451.0
3808,93,105.0,0.0,0.0,1341.0,0.0,12,0,0,0,1,0,0,75.6231,7.75,98.25,0.0,743.0,0.0,3451.0
3809,93,105.0,0.0,0.0,1341.0,0.0,12,0,0,0,1,0,0,75.25,7.4,97.9,0.0,743.0,0.0,3451.0
3810,93,105.0,0.0,0.0,1341.0,0.0,11,0,1,0,1,0,0,74.9154,7.05,97.55,0.0,743.0,1.0,3452.0
3811,95,107.0,2.0,0.0,1341.0,0.0,10,0,2,0,1,0,0,74.5962,6.7,97.2,0.0,743.0,2.0,3454.0
3812,95,107.0,0.0,0.0,1341.0,0.0,11,0,1,0,1,0,0,74.2769,6.35,96.85,1.0,744.0,2.0,3456.0
3813,95,107.0,0.0,0.0,1341.0,0.0,12,0,0,1,0,0,0,73.8923,6.0,96.5,0.0,744.0,0.0,3456.0
3814,95,107.0,0.0,0.0,1341.0,0.0,11,0,1,1,0,0,0,74.2962,15.4,96.15,0.0,744.0,1.0,3457.0
3815,96,107.0,1.0,1.0,1342.0,0.0,9,1,2,1,0,0,0,74.7538,24.8,95.8,1.0,745.0,3.0,3460.0
3816,95,106.0,0.0,1.0,1343.0,0.0,11,1,0,1,0,0,0,75.1192,34.2,95.45,0.0,745.0,0.0,3460.0
3817,95,107.0,1.0,0.0,1343.0,0.0,10,0,2,1,0,0,0,75.5385,43.6,95.1,0.0,745.0,2.0,3462.0
3818,95,107.0,0.0,0.0,1343.0,0.0,12,0,0,1,0,0,0,75.8923,53.0,94.6,0.0,745.0,0.0,3462.0
3819,96,108.0,1.0,0.0,1343.0,0.0,12,0,0,1,0,0,0,76.2462,54.95,94.1,0.0,745.0,0.0,3462.0
3820,96,107.0,0.0,1.0,1344.0,0.0,11,1,0,1,0,0,0,76.6,54.6,93.6,0.0,745.0,0.0,3462.0
3821,95,107.0,0.0,0.0,1344.0,0.0,12,0,0,1,0,0,0,76.9538,54.25,93.25,0.0,745.0,0.0,3462.0
3822,95,106.0,0.0,1.0,1345.0,0.0,9,1,2,1,0,0,0,77.3615,53.9,92.9,0.0,745.0,2.0,3464.0
3823,94,107.0,1.0,0.0,1345.0,0.0,12,0,1,0,0,0,0,77.7538,53.55,99.65,1.0,746.0,2.0,3466.0
3824,94,107.0,0.0,0.0,1345.0,0.0,13,0,0,0,0,0,0,77.3577,53.2,99.3,0.0,746.0,0.0,3466.0
3825,95,108.0,1.0,0.0,1345.0,0.0,13,0,0,0,0,0,0,76.95,52.85,98.95,0.0,746.0,0.0,3466.0
3826,95,107.0,0.0,1.0,1346.0,0.0,12,1,0,0,0,0,0,76.5308,52.5,98.6,0.0,746.0,0.0,3466.0
3827,95,108.0,1.0,0.0,1346.0,0.0,13,0,0,0,0,0,0,76.1115,52.15,98.25,0.0,746.0,0.0,3466.0
3828,95,108.0,0.0,0.0,1346.0,0.0,12,0,1,0,0,0,0,75.7308,51.8,97.9,0.0,746.0,1.0,3467.0
3829,95,108.0,0.0,0.0,1346.0,0.0,12,0,1,0,0,0,0,75.3885,51.45,97.55,1.0,747.0,2.0,3469.0
3830,95,108.0,0.0,0.0,1346.0,0.0,12,0,1,0,0,0,0,74.9962,51.1,97.2,0.0,747.0,1.0,3470.0
3831,96,109.0,1.0,0.0,1346.0,0.0,11,0,2,0,0,0,0,74.6692,51.1,96.85,1.0,748.0,3.0,3473.0
3832,96,108.0,0.0,1.0,1347.0,0.0,12,1,0,0,0,0,0,74.25,50.75,96.5,0.0,748.0,0.0,3473.0
3833,95,108.0,0.0,0.0,1347.0,0.0,13,0,0,0,0,0,0,73.8423,50.4,96.15,0.0,748.0,0.0,3473.0
3834,95,107.0,0.0,1.0,1348.0,0.0,11,1,1,0,0,0,0,73.4615,50.05,95.8,0.0,748.0,1.0,3474.0
3835,97,110.0,3.0,0.0,1348.0,0.0,13,0,0,0,0,0,0,73.0654,49.7,95.45,0.0,748.0,0.0,3474.0
3836,97,110.0,0.0,0.0,1348.0,0.0,13,0,0,0,0,0,0,72.6577,49.35,95.1,0.0,748.0,0.0,3474.0
3837,97,110.0,0.0,0.0,1348.0,0.0,12,0,1,0,0,0,0,72.2769,49.0,94.75,0.0,748.0,1.0,3475.0
3838,97,109.0,0.0,1.0,1349.0,0.0,10,1,2,0,0,0,0,71.9385,48.65,94.4,1.0,749.0,3.0,3478.0
3839,96,109.0,0.0,0.0,1349.0,0.0,13,0,0,0,0,0,0,71.5346,48.15,94.05,1.0,750.0,1.0,3479.0
3840,96,109.0,0.0,0.0,1349.0,0.0,13,0,0,0,0,0,0,71.0923,47.65,93.7,0.0,750.0,0.0,3479.0
3841,96,108.0,0.0,1.0,1350.0,0.0,12,1,0,0,0,0,0,70.65,47.15,93.35,0.0,750.0,0.0,3479.0
3842,95,107.0,0.0,1.0,1351.0,0.0,11,1,1,0,0,0,0,70.2462,46.8,93.0,0.0,750.0,1.0,3480.0
3843,95,108.0,1.0,0.0,1351.0,0.0,13,0,0,0,0,0,0,69.8269,46.45,92.65,0.0,750.0,0.0,3480.0
3844,95,108.0,0.0,0.0,1351.0,0.0,11,0,2,0,0,0,0,69.4615,46.1,92.3,0.0,750.0,2.0,3482.0
3845,97,110.0,2.0,0.0,1351.0,0.0,11,0,2,0,0,0,0,69.1231,45.75,91.95,1.0,751.0,3.0,3485.0
3846,97,109.0,0.0,1.0,1352.0,0.0,10,1,2,0,0,0,0,68.7731,45.4,91.6,1.0,752.0,3.0,3488.0
3847,97,109.0,1.0,1.0,1353.0,0.0,9,1,3,0,0,0,0,68.4846,45.05,91.25,1.0,753.0,4.0,3492.0
3848,96,109.0,0.0,0.0,1353.0,0.0,13,0,0,0,0,0,0,68.1308,44.7,90.9,2.0,755.0,2.0,3494.0
3849,96,108.0,0.0,1.0,1354.0,0.0,11,1,1,0,0,0,0,67.75,44.35,90.55,0.0,755.0,1.0,3495.0
3850,95,108.0,0.0,0.0,1354.0,0.0,11,0,2,0,0,0,0,67.3962,44.0,90.2,0.0,755.0,2.0,3497.0
3851,96,109.0,1.0,0.0,1354.0,0.0,10,0,3,0,0,0,0,67.0692,43.65,89.85,0.0,755.0,3.0,3500.0
3852,96,108.0,0.0,1.0,1355.0,0.0,10,1,2,0,0,0,0,66.7308,43.3,89.35,1.0,756.0,3.0,3503.0
3853,95,108.0,0.0,0.0,1355.0,0.0,13,0,0,0,0,0,0,66.35,42.9,88.85,1.0,757.0,1.0,3504.0
3854,95,107.0,0.0,1.0,1356.0,0.0,12,1,0,0,0,0,0,65.9308,42.4,88.35,0.0,757.0,0.0,3504.0
3855,95,108.0,1.0,0.0,1356.0,0.0,13,0,0,0,0,0,0,65.5231,41.9,87.85,0.0,757.0,0.0,3504.0
3856,95,108.0,0.0,0.0,1356.0,0.0,12,0,1,0,0,0,0,65.1538,41.4,87.35,0.0,757.0,1.0,3505.0
3857,95,108.0,0.0,0.0,1356.0,0.0,12,0,1,0,0,0,0,64.8115,40.9,86.85,1.0,758.0,2.0,3507.0
3858,95,107.0,0.0,1.0,1357.0,0.0,12,1,0,0,0,0,0,64.4038,40.4,86.35,0.0,758.0,0.0,3507.0
3859,97,109.0,3.0,1.0,1358.0,0.0,11,1,1,0,0,0,0,64.0346,40.05,85.85,0.0,758.0,1.0,3508.0
3860,96,108.0,0.0,1.0,1359.0,0.0,11,1,1,0,0,0,0,63.6769,39.7,85.35,0.0,758.0,1.0,3509.0
3861,95,108.0,0.0,0.0,1359.0,0.0,13,0,0,0,0,0,0,63.3038,39.35,85.0,0.0,758.0,0.0,3509.0
3862,95,107.0,0.0,1.0,1360.0,0.0,12,1,0,0,0,0,0,62.9308,39.0,84.65,0.0,758.0,0.0,3509.0
3863,94,107.0,0.0,0.0,1360.0,0.0,12,0,1,0,0,0,0,62.5846,38.5,84.3,0.0,758.0,1.0,3510.0
3864,94,107.0,0.0,0.0,1360.0,0.0,13,0,0,0,0,0,0,62.1885,38.0,83.95,0.0,758.0,0.0,3510.0
3865,95,107.0,1.0,1.0,1361.0,0.0,12,1,0,0,0,0,0,61.7808,37.5,83.6,0.0,758.0,0.0,3510.0
3866,94,107.0,0.0,0.0,1361.0,0.0,13,0,0,0,0,0,0,61.3846,37.15,83.25,0.0,758.0,0.0,3510.0
3867,95,107.0,1.0,1.0,1362.0,0.0,11,1,1,0,0,0,0,61.0269,36.8,82.9,0.0,758.0,1.0,3511.0
3868,94,106.0,0.0,1.0,1363.0,0.0,11,1,1,0,0,0,0,60.6346,36.8,82.55,0.0,758.0,1.0,3512.0
3869,93,106.0,0.0,0.0,1363.0,0.0,11,0,2,0,0,0,0,60.2923,36.45,82.55,0.0,758.0,2.0,3514.0
3870,93,106.0,0.0,0.0,1363.0,0.0,12,0,1,0,0,0,0,59.9385,36.1,82.55,1.0,759.0,2.0,3516.0
3871,94,107.0,1.0,0.0,1363.0,0.0,13,0,0,0,0,0,0,59.5192,35.75,82.2,0.0,759.0,0.0,3516.0
3872,94,106.0,0.0,1.0,1364.0,0.0,12,1,0,0,0,0,0,59.1,35.4,81.85,0.0,759.0,0.0,3516.0
3873,94,107.0,1.0,0.0,1364.0,0.0,11,0,2,0,0,0,0,58.7577,35.05,81.5,0.0,759.0,2.0,3518.0
3874,94,107.0,0.0,0.0,1364.0,0.0,12,0,1,0,0,0,0,58.4154,34.7,81.15,1.0,760.0,2.0,3520.0
3875,96,109.0,2.0,0.0,1364.0,0.0,13,0,0,0,0,0,0,57.9962,34.35,80.8,0.0,760.0,0.0,3520.0
3876,96,109.0,0.0,0.0,1364.0,0.0,13,0,0,0,0,0,0,57.5769,34.0,80.45,0.0,760.0,0.0,3520.0
3877,96,109.0,0.0,0.0,1364.0,0.0,13,0,0,0,0,0,0,57.1577,33.65,80.1,0.0,760.0,0.0,3520.0
3878,96,108.0,0.0,1.0,1365.0,0.0,12,1,0,0,0,0,0,56.7385,33.3,79.75,0.0,760.0,0.0,3520.0
3879,95,107.0,0.0,1.0,1366.0,0.0,11,1,1,0,0,0,0,56.3462,32.95,79.4,0.0,760.0,1.0,3521.0
3880,94,107.0,0.0,0.0,1366.0,0.0,11,0,2,0,0,0,0,55.9808,32.6,78.9,0.0,760.0,2.0,3523.0
3881,94,105.0,0.0,2.0,1368.0,0.0,10,2,1,0,0,0,0,55.6154,32.25,78.4,1.0,761.0,2.0,3525.0
3882,92,103.0,0.0,2.0,1370.0,0.0,11,2,0,0,0,0,0,55.1962,31.85,77.9,0.0,761.0,0.0,3525.0
3883,92,105.0,2.0,0.0,1370.0,0.0,13,0,0,0,0,0,0,54.7654,31.35,77.4,0.0,761.0,0.0,3525.0
3884,92,105.0,0.0,0.0,1370.0,0.0,13,0,0,0,0,0,0,54.3346,30.85,76.9,0.0,761.0,0.0,3525.0
3885,93,106.0,1.0,0.0,1370.0,0.0,13,0,0,0,0,0,0,53.9038,30.35,76.4,0.0,761.0,0.0,3525.0
3886,93,106.0,0.0,0.0,1370.0,0.0,13,0,0,0,0,0,0,53.4615,29.85,75.9,0.0,761.0,0.0,3525.0
3887,94,107.0,1.0,0.0,1370.0,0.0,13,0,0,0,0,0,0,53.0192,29.35,75.4,0.0,761.0,0.0,3525.0
3888,94,106.0,0.0,1.0,1371.0,0.0,12,1,0,0,0,0,0,52.5769,28.85,74.9,0.0,761.0,0.0,3525.0
3889,93,106.0,0.0,0.0,1371.0,0.0,13,0,0,0,0,0,0,52.1346,28.35,74.4,0.0,761.0,0.0,3525.0
3890,93,106.0,0.0,0.0,1371.0,0.0,11,0,2,0,0,0,0,51.7692,28.35,73.9,0.0,761.0,2.0,3527.0
3891,94,106.0,1.0,1.0,1372.0,0.0,11,1,1,0,0,0,0,51.4038,28.3,73.4,1.0,762.0,2.0,3529.0
3892,93,106.0,0.0,0.0,1372.0,0.0,10,0,3,0,0,0,0,51.0769,27.8,72.9,0.0,762.0,3.0,3532.0
3893,93,106.0,0.0,0.0,1372.0,0.0,12,0,1,0,0,0,0,50.7115,27.3,72.4,1.0,763.0,2.0,3534.0
3894,93,106.0,0.0,0.0,1372.0,0.0,12,0,1,0,0,0,0,50.2846,26.8,71.9,0.0,763.0,1.0,3535.0
3895,95,105.0,2.0,3.0,1375.0,0.0,9,3,1,0,0,0,0,49.8962,26.3,71.4,1.0,764.0,2.0,3537.0
3896,92,105.0,0.0,0.0,1375.0,0.0,13,0,0,0,0,0,0,49.4769,25.95,70.9,0.0,764.0,0.0,3537.0
3897,92,104.0,0.0,1.0,1376.0,0.0,12,1,0,0,0,0,0,49.0577,25.6,70.4,0.0,764.0,0.0,3537.0
3898,91,104.0,0.0,0.0,1376.0,0.0,13,0,0,0,0,0,0,48.65,25.25,70.05,0.0,764.0,0.0,3537.0
3899,92,105.0,1.0,0.0,1376.0,0.0,13,0,0,0,0,0,0,48.2308,24.85,69.7,0.0,764.0,0.0,3537.0
3900,92,105.0,0.0,0.0,1376.0,0.0,11,0,2,0,0,0,0,47.8654,24.35,69.35,0.0,764.0,2.0,3539.0
3901,93,106.0,1.0,0.0,1376.0,0.0,10,0,3,0,0,0,0,47.5769,24.35,69.35,1.0,765.0,4.0,3543.0
3902,93,106.0,0.0,0.0,1376.0,0.0,12,0,1,0,0,0,0,47.2115,23.85,69.35,1.0,766.0,2.0,3545.0
3903,93,105.0,0.0,1.0,1377.0,0.0,11,1,1,0,0,0,0,46.8192,23.85,69.0,0.0,766.0,1.0,3546.0
3904,92,105.0,0.0,0.0,1377.0,0.0,13,0,0,0,0,0,0,46.4,23.35,68.65,0.0,766.0,0.0,3546.0
3905,93,105.0,1.0,1.0,1378.0,0.0,12,1,0,0,0,0,0,45.9808,22.85,68.3,0.0,766.0,0.0,3546.0
3906,92,105.0,0.0,0.0,1378.0,0.0,12,0,1,0,0,0,0,45.6,22.35,67.95,0.0,766.0,1.0,3547.0
3907,94,106.0,2.0,1.0,1379.0,0.0,10,1,2,0,0,0,0,45.2462,21.85,67.6,0.0,766.0,2.0,3549.0
3908,93,105.0,0.0,1.0,1380.0,0.0,10,1,2,0,0,0,0,44.9192,21.5,67.25,1.0,767.0,3.0,3552.0
3909,92,105.0,0.0,0.0,1380.0,0.0,11,0,2,0,0,0,0,44.5885,21.15,67.25,0.0,767.0,2.0,3554.0
3910,92,104.0,0.0,1.0,1381.0,0.0,11,1,1,0,0,0,0,44.2462,20.8,67.25,1.0,768.0,2.0,3556.0
3911,91,104.0,0.0,0.0,1381.0,0.0,13,0,0,0,0,0,0,43.85,20.45,66.9,0.0,768.0,0.0,3556.0
3912,91,104.0,0.0,0.0,1381.0,0.0,11,0,2,0,0,0,0,43.5192,20.1,66.55,0.0,768.0,2.0,3558.0
3913,91,104.0,0.0,0.0,1381.0,0.0,11,0,2,0,0,0,0,43.1654,20.1,66.2,0.0,768.0,2.0,3560.0
3914,91,104.0,0.0,0.0,1381.0,0.0,11,0,2,0,0,0,0,42.8385,20.1,65.85,1.0,769.0,3.0,3563.0
3915,94,106.0,3.0,1.0,1382.0,0.0,10,1,2,0,0,0,0,42.4846,19.75,65.5,0.0,769.0,2.0,3565.0
3916,93,106.0,0.0,0.0,1382.0,0.0,13,0,0,0,0,0,0,42.0769,19.4,65.15,0.0,769.0,0.0,3565.0
3917,93,106.0,0.0,0.0,1382.0,0.0,13,0,0,0,0,0,0,41.6577,19.05,64.8,0.0,769.0,0.0,3565.0
3918,93,106.0,0.0,0.0,1382.0,0.0,13,0,0,0,0,0,0,41.2385,18.7,64.45,0.0,769.0,0.0,3565.0
3919,94,107.0,1.0,0.0,1382.0,0.0,10,0,3,0,0,0,0,40.9115,18.7,63.95,0.0,769.0,3.0,3568.0
3920,94,106.0,0.0,1.0,1383.0,0.0,10,1,2,0,0,0,0,40.6115,18.7,63.45,2.0,771.0,4.0,3572.0
3921,93,106.0,0.0,0.0,1383.0,0.0,12,0,1,0,0,0,0,40.2192,18.35,62.95,0.0,771.0,1.0,3573.0
3922,93,106.0,0.0,0.0,1383.0,0.0,12,0,1,0,0,0,0,39.8269,18.35,62.45,0.0,771.0,1.0,3574.0
3923,94,107.0,1.0,0.0,1383.0,0.0,12,0,1,0,0,0,0,39.4346,18.35,61.95,0.0,771.0,1.0,3575.0
3924,94,106.0,0.0,1.0,1384.0,0.0,11,1,1,0,0,0,0,39.0538,18.0,61.45,0.0,771.0,1.0,3576.0
3925,94,107.0,1.0,0.0,1384.0,0.0,13,0,0,0,0,0,0,38.6346,17.65,60.95,0.0,771.0,0.0,3576.0
3926,94,107.0,0.0,0.0,1384.0,0.0,10,0,3,0,0,0,0,38.3077,17.65,60.45,0.0,771.0,3.0,3579.0
3927,94,107.0,0.0,0.0,1384.0,0.0,11,0,2,0,0,0,0,37.9808,17.55,60.45,1.0,772.0,3.0,3582.0
3928,94,107.0,0.0,0.0,1384.0,0.0,10,0,3,0,0,0,0,37.7038,17.2,60.45,1.0,773.0,4.0,3586.0
3929,95,108.0,1.0,0.0,1384.0,0.0,10,0,3,0,0,0,0,37.4154,16.85,59.95,1.0,774.0,4.0,3590.0
3930,95,108.0,0.0,0.0,1384.0,0.0,10,0,3,0,0,0,0,37.1385,16.5,59.45,1.0,775.0,4.0,3594.0
3931,97,109.0,2.0,1.0,1385.0,0.0,10,1,2,0,0,0,0,36.8115,16.15,58.95,1.0,776.0,3.0,3597.0
3932,96,109.0,0.0,0.0,1385.0,0.0,13,0,0,0,0,0,0,36.3923,15.65,58.45,0.0,776.0,0.0,3597.0
3933,96,109.0,0.0,0.0,1385.0,0.0,13,0,0,0,0,0,0,35.9731,15.15,57.95,0.0,776.0,0.0,3597.0
3934,96,109.0,0.0,0.0,1385.0,0.0,11,0,2,0,0,0,0,35.6077,15.15,57.45,0.0,776.0,2.0,3599.0
3935,97,110.0,1.0,0.0,1385.0,0.0,8,0,4,0,1,0,0,35.3346,14.85,56.95,1.0,777.0,5.0,3604.0
3936,97,110.0,0.0,0.0,1385.0,0.0,10,0,1,0,2,0,0,34.9577,14.5,56.45,1.0,778.0,2.0,3606.0
3937,97,110.0,0.0,0.0,1385.0,0.0,11,0,0,0,2,0,0,34.5269,14.15,55.95,0.0,778.0,0.0,3606.0
3938,97,109.0,0.0,1.0,1386.0,0.0,10,1,0,0,2,0,0,34.0962,13.8,55.45,0.0,778.0,0.0,3606.0
3939,98,109.0,1.0,1.0,1387.0,0.0,10,1,0,0,2,0,0,33.6769,13.45,55.1,0.0,778.0,0.0,3606.0
3940,97,109.0,0.0,0.0,1387.0,0.0,10,0,1,0,2,0,0,33.2962,13.1,54.75,0.0,778.0,1.0,3607.0
3941,97,109.0,0.0,0.0,1387.0,0.0,11,0,0,0,2,0,0,32.8769,12.75,54.4,0.0,778.0,0.0,3607.0
3942,97,107.0,0.0,2.0,1389.0,0.0,7,2,2,0,2,0,0,32.5231,12.4,54.05,0.0,778.0,2.0,3609.0
3943,97,108.0,2.0,1.0,1390.0,0.0,10,1,0,0,2,0,0,32.1154,12.05,53.7,0.0,778.0,0.0,3609.0
3944,96,108.0,0.0,0.0,1390.0,0.0,11,0,0,0,2,0,0,31.7192,11.7,53.35,0.0,778.0,0.0,3609.0
3945,97,108.0,1.0,1.0,1391.0,0.0,9,1,1,0,2,0,0,31.35,11.35,53.0,0.0,778.0,1.0,3610.0
3946,96,108.0,0.0,0.0,1391.0,0.0,11,0,0,1,1,0,0,30.9538,11.0,52.65,0.0,778.0,0.0,3610.0
3947,97,109.0,1.0,0.0,1391.0,0.0,9,0,2,1,1,0,0,31.3462,10.8,52.3,0.0,778.0,2.0,3612.0
3948,97,109.0,0.0,0.0,1391.0,0.0,9,0,2,1,1,0,0,31.7654,10.45,51.95,1.0,779.0,3.0,3615.0
3949,97,109.0,0.0,0.0,1391.0,0.0,11,0,0,1,1,0,0,32.0577,10.1,51.6,0.0,779.0,0.0,3615.0
3950,97,109.0,0.0,0.0,1391.0,0.0,11,0,0,1,1,0,0,32.35,9.75,51.25,0.0,779.0,0.0,3615.0
3951,97,107.0,0.0,2.0,1393.0,0.0,8,2,1,1,1,0,0,32.6462,9.4,55.5,0.0,779.0,1.0,3616.0
3952,96,107.0,0.0,0.0,1393.0,0.0,11,0,0,1,1,0,0,32.9385,9.05,64.4,0.0,779.0,0.0,3616.0
3953,96,107.0,0.0,0.0,1393.0,0.0,11,0,0,1,1,0,0,33.2192,8.7,73.3,0.0,779.0,0.0,3616.0
3954,96,106.0,0.0,1.0,1394.0,0.0,10,1,0,1,1,0,0,33.5,8.35,82.2,0.0,779.0,0.0,3616.0
3955,98,109.0,3.0,0.0,1394.0,0.0,11,0,0,1,1,0,0,33.7923,8.0,91.1,0.0,779.0,0.0,3616.0
3956,97,109.0,0.0,0.0,1394.0,0.0,11,0,0,0,2,0,0,34.0577,7.65,99.65,0.0,779.0,0.0,3616.0
3957,98,110.0,1.0,0.0,1394.0,0.0,11,0,0,0,2,0,0,33.6385,7.3,99.3,0.0,779.0,0.0,3616.0
3958,98,109.0,0.0,1.0,1395.0,0.0,10,1,0,1,1,0,0,33.2192,6.95,98.95,0.0,779.0,0.0,3616.0
3959,97,108.0,0.0,1.0,1396.0,0.0,9,1,1,1,1,0,0,33.5696,13.65,98.6,0.0,779.0,1.0,3617.0
3960,97,108.0,0.0,0.0,1396.0,0.0,11,0,0,1,1,0,0,33.9046,13.3,98.25,0.0,779.0,0.0,3617.0
3961,97,107.0,0.0,1.0,1397.0,0.0,10,1,0,1,1,0,0,34.2396,12.95,97.9,0.0,779.0,0.0,3617.0
3962,96,106.0,0.0,1.0,1398.0,0.0,10,1,0,1,1,0,0,34.5746,12.6,97.55,0.0,779.0,0.0,3617.0
3963,96,106.0,1.0,1.0,1399.0,0.0,9,1,1,1,1,0,0,34.9365,12.25,97.2,0.0,779.0,1.0,3618.0
3964,95,105.0,0.0,1.0,1400.0,0.0,9,1,1,1,1,0,0,35.3369,11.9,96.85,1.0,780.0,2.0,3620.0
3965,95,105.0,1.0,1.0,1401.0,0.0,9,1,0,2,1,0,0,35.6835,11.55,96.5,0.0,780.0,0.0,3620.0
3966,95,105.0,0.0,0.0,1401.0,0.0,10,0,0,2,1,0,0,36.7373,14.55,96.15,0.0,780.0,0.0,3620.0
3967,96,106.0,1.0,0.0,1401.0,0.0,7,0,3,2,1,0,0,37.8835,14.2,95.8,0.0,780.0,3.0,3623.0
3968,95,106.0,0.0,0.0,1401.0,0.0,10,0,1,1,1,0,0,38.9758,13.85,99.65,1.0,781.0,2.0,3625.0
3969,95,106.0,0.0,0.0,1401.0,0.0,11,0,0,1,1,0,0,39.2869,13.5,99.3,0.0,781.0,0.0,3625.0
3970,95,106.0,0.0,0.0,1401.0,0.0,11,0,0,1,1,0,0,39.5865,13.15,98.95,0.0,781.0,0.0,3625.0
3971,97,108.0,2.0,0.0,1401.0,0.0,8,0,3,1,1,0,0,39.99,12.8,98.6,0.0,781.0,3.0,3628.0
3972,97,106.0,0.0,2.0,1403.0,0.0,7,2,2,1,1,0,0,40.355,12.45,98.25,0.0,781.0,2.0,3630.0
3973,95,106.0,0.0,0.0,1403.0,0.0,9,0,1,1,2,0,0,40.7431,12.1,97.9,1.0,782.0,2.0,3632.0
3974,95,106.0,0.0,0.0,1403.0,0.0,10,0,0,1,2,0,0,41.0658,11.75,97.55,0.0,782.0,0.0,3632.0
3975,96,107.0,1.0,0.0,1403.0,0.0,8,0,2,0,3,0,0,41.4269,11.4,99.65,0.0,782.0,2.0,3634.0
3976,96,106.0,0.0,1.0,1404.0,0.0,6,1,3,0,3,0,0,41.1731,11.05,99.3,1.0,783.0,4.0,3638.0
3977,95,105.0,0.0,1.0,1405.0,0.0,8,1,1,0,3,0,0,40.8654,10.7,98.95,1.0,784.0,2.0,3640.0
3978,95,105.0,0.0,0.0,1405.0,0.0,9,0,1,0,3,0,0,40.5308,10.35,98.6,0.0,784.0,1.0,3641.0
3979,97,107.0,2.0,0.0,1405.0,0.0,8,0,2,0,3,0,0,40.2231,10.0,98.25,0.0,784.0,2.0,3643.0
3980,97,107.0,0.0,0.0,1405.0,0.0,9,0,1,1,2,0,0,39.9154,9.65,97.9,1.0,785.0,2.0,3645.0
3981,97,106.0,0.0,1.0,1406.0,0.0,9,1,0,1,2,0,0,40.2758,11.95,97.55,0.0,785.0,0.0,3645.0
3982,96,106.0,0.0,0.0,1406.0,0.0,10,0,0,1,2,0,0,40.6246,11.6,97.2,0.0,785.0,0.0,3645.0
3983,96,106.0,0.0,0.0,1406.0,0.0,8,0,2,1,2,0,0,41.0273,11.25,96.85,0.0,785.0,2.0,3647.0
3984,96,106.0,0.0,0.0,1406.0,0.0,8,0,1,1,3,0,0,41.43,10.9,96.5,1.0,786.0,2.0,3649.0
3985,98,108.0,2.0,0.0,1406.0,0.0,8,0,1,2,2,0,0,41.8173,10.55,96.15,0.0,786.0,1.0,3650.0
3986,98,108.0,0.0,0.0,1406.0,0.0,6,0,3,2,2,0,0,43.0119,10.95,95.8,1.0,787.0,4.0,3654.0
3987,99,109.0,1.0,0.0,1406.0,0.0,9,0,0,2,2,0,0,44.0758,10.6,95.45,0.0,787.0,0.0,3654.0
3988,99,109.0,0.0,0.0,1406.0,0.0,9,0,0,2,2,0,0,45.1281,10.25,94.95,0.0,787.0,0.0,3654.0
3989,99,109.0,0.0,0.0,1406.0,0.0,9,0,0,2,2,0,0,46.1804,9.9,94.45,0.0,787.0,0.0,3654.0
3990,98,108.0,0.0,1.0,1407.0,0.0,9,1,0,1,2,0,0,47.2058,9.55,99.65,0.0,787.0,0.0,3654.0
3991,98,108.0,1.0,1.0,1408.0,0.0,9,1,0,1,2,0,0,47.5477,9.2,99.3,0.0,787.0,0.0,3654.0
3992,97,108.0,0.0,0.0,1408.0,0.0,8,0,1,1,3,0,0,47.9281,8.85,98.95,0.0,787.0,1.0,3655.0
3993,97,107.0,0.0,1.0,1409.0,0.0,6,1,4,1,1,0,0,48.4162,8.5,98.6,1.0,788.0,5.0,3660.0
3994,97,107.0,0.0,0.0,1409.0,0.0,9,0,1,1,2,0,0,48.835,8.15,98.25,1.0,789.0,2.0,3662.0
3995,98,109.0,2.0,0.0,1409.0,0.0,10,0,0,0,3,0,0,49.1615,7.8,99.65,0.0,789.0,0.0,3662.0
3996,98,109.0,0.0,0.0,1409.0,0.0,10,0,0,1,2,0,0,48.7885,7.45,99.3,0.0,789.0,0.0,3662.0
3997,98,109.0,0.0,0.0,1409.0,0.0,10,0,0,1,2,0,0,49.1542,11.05,98.95,0.0,789.0,0.0,3662.0
3998,98,109.0,0.0,0.0,1409.0,0.0,10,0,0,1,2,0,0,49.5085,10.7,98.6,0.0,789.0,0.0,3662.0
3999,99,110.0,1.0,0.0,1409.0,0.0,10,0,0,1,2,0,0,49.8512,10.35,98.25,0.0,789.0,0.0,3662.0
4000,99,110.0,0.0,0.0,1409.0,0.0,9,0,2,1,1,0,0,50.2592,10.0,97.9,0.0,789.0,2.0,3664.0
4001,99,110.0,0.0,0.0,1409.0,0.0,10,0,1,1,1,0,0,50.6673,9.65,97.55,1.0,790.0,2.0,3666.0
4002,99,110.0,0.0,0.0,1409.0,0.0,10,0,0,1,2,0,0,50.9985,9.3,97.2,0.0,790.0,0.0,3666.0
4003,101,112.0,2.0,0.0,1409.0,0.0,10,0,1,1,1,0,0,51.3565,8.95,96.85,0.0,790.0,1.0,3667.0
4004,101,110.0,0.0,2.0,1411.0,0.0,8,2,0,1,2,0,0,51.6646,8.6,96.5,0.0,790.0,0.0,3667.0
4005,100,111.0,1.0,0.0,1411.0,0.0,10,0,0,1,2,0,0,51.9958,8.25,96.15,0.0,790.0,0.0,3667.0
4006,99,110.0,0.0,1.0,1412.0,0.0,10,1,0,0,2,0,0,52.3,7.9,99.65,0.0,790.0,0.0,3667.0
4007,99,110.0,0.0,0.0,1412.0,0.0,11,0,0,0,2,0,0,51.9038,7.55,99.3,0.0,790.0,0.0,3667.0
4008,99,109.0,0.0,1.0,1413.0,0.0,10,1,0,1,1,0,0,51.4846,7.2,98.95,0.0,790.0,0.0,3667.0
4009,98,109.0,0.0,0.0,1413.0,0.0,8,0,1,1,3,0,0,51.8446,10.15,98.6,0.0,790.0,1.0,3668.0
4010,98,109.0,0.0,0.0,1413.0,0.0,8,0,1,1,3,0,0,52.2277,9.8,98.25,0.0,790.0,1.0,3669.0
4011,99,110.0,1.0,0.0,1413.0,0.0,9,0,1,1,2,0,0,52.6377,9.45,97.9,1.0,791.0,2.0,3671.0
4012,99,109.0,0.0,1.0,1414.0,0.0,8,1,0,1,3,0,0,52.9823,9.1,97.55,0.0,791.0,0.0,3671.0
4013,99,110.0,1.0,0.0,1414.0,0.0,8,0,1,1,3,0,0,53.3654,8.75,97.2,0.0,791.0,1.0,3672.0
4014,99,109.0,0.0,1.0,1415.0,0.0,8,1,1,1,2,0,0,53.7754,8.4,96.85,1.0,792.0,2.0,3674.0
4015,100,111.0,2.0,0.0,1415.0,0.0,9,0,0,1,3,0,0,54.1315,8.05,96.5,0.0,792.0,0.0,3674.0
4016,100,111.0,0.0,0.0,1415.0,0.0,8,0,1,1,3,0,0,54.4915,7.7,96.15,0.0,792.0,1.0,3675.0
4017,100,111.0,0.0,0.0,1415.0,0.0,7,0,2,1,3,0,0,54.8785,7.35,95.8,0.0,792.0,2.0,3677.0
4018,100,110.0,0.0,1.0,1416.0,0.0,8,1,1,0,3,0,0,55.2385,7.0,99.65,1.0,793.0,2.0,3679.0
4019,100,109.0,1.0,2.0,1418.0,0.0,8,2,0,0,3,0,0,54.8692,6.65,99.3,1.0,794.0,1.0,3680.0
4020,99,109.0,0.0,0.0,1418.0,0.0,9,0,1,0,3,0,0,54.5346,6.3,98.95,0.0,794.0,1.0,3681.0
4021,99,109.0,0.0,0.0,1418.0,0.0,10,0,0,0,3,0,0,54.1615,5.95,98.6,0.0,794.0,0.0,3681.0
4022,99,109.0,0.0,0.0,1418.0,0.0,7,0,3,1,2,0,0,53.8923,5.6,98.25,0.0,794.0,3.0,3684.0
4023,99,109.0,0.0,0.0,1418.0,0.0,8,0,2,1,2,0,0,54.3377,9.7,97.9,0.0,794.0,2.0,3686.0
4024,99,109.0,0.0,0.0,1418.0,0.0,9,0,1,1,2,0,0,54.7831,9.35,97.55,1.0,795.0,2.0,3688.0
4025,100,110.0,1.0,0.0,1418.0,0.0,9,0,1,1,2,0,0,55.19,9.0,97.2,0.0,795.0,1.0,3689.0
4026,100,109.0,0.0,1.0,1419.0,0.0,9,1,0,1,2,0,0,55.57,8.65,96.85,0.0,795.0,0.0,3689.0
4027,102,112.0,3.0,0.0,1419.0,0.0,10,0,0,1,2,0,0,55.95,8.3,96.5,0.0,795.0,0.0,3689.0
4028,102,112.0,0.0,0.0,1419.0,0.0,10,0,0,1,2,0,0,56.33,7.95,96.15,0.0,795.0,0.0,3689.0
4029,102,112.0,0.0,0.0,1419.0,0.0,10,0,0,1,2,0,0,56.71,7.6,95.8,0.0,795.0,0.0,3689.0
4030,102,112.0,0.0,0.0,1419.0,0.0,7,0,3,1,2,0,0,57.1938,7.25,95.45,0.0,795.0,3.0,3692.0
4031,102,112.0,0.0,0.0,1419.0,0.0,9,0,1,1,2,0,0,57.6277,6.9,95.1,1.0,796.0,2.0,3694.0
4032,101,112.0,0.0,0.0,1419.0,0.0,9,0,1,1,2,0,0,57.9615,6.55,99.65,0.0,796.0,1.0,3695.0
4033,101,111.0,0.0,1.0,1420.0,0.0,9,1,0,1,2,0,0,58.2935,6.2,99.3,0.0,796.0,0.0,3695.0
4034,101,110.0,0.0,1.0,1421.0,0.0,8,1,1,1,2,0,0,58.6638,5.85,98.95,0.0,796.0,1.0,3696.0
4035,102,112.0,2.0,0.0,1421.0,0.0,10,0,0,1,2,0,0,58.9958,5.5,98.6,0.0,796.0,0.0,3696.0
4036,102,111.0,0.0,1.0,1422.0,0.0,9,1,0,2,1,0,0,59.3277,5.15,98.25,0.0,796.0,0.0,3696.0
4037,101,111.0,0.0,0.0,1422.0,0.0,10,0,0,2,1,0,0,60.4277,12.75,97.9,0.0,796.0,0.0,3696.0
4038,101,111.0,0.0,0.0,1422.0,0.0,10,0,0,2,1,0,0,61.5162,12.4,97.55,0.0,796.0,0.0,3696.0
4039,102,112.0,1.0,0.0,1422.0,0.0,10,0,1,2,0,0,0,62.62,12.4,97.2,0.0,796.0,1.0,3697.0
4040,102,112.0,0.0,0.0,1422.0,0.0,7,0,3,2,1,0,0,63.8123,12.05,96.85,0.0,796.0,3.0,3700.0
4041,103,113.0,1.0,0.0,1422.0,0.0,9,0,1,2,1,0,0,64.9931,11.7,96.5,2.0,798.0,3.0,3703.0
4042,102,113.0,0.0,0.0,1422.0,0.0,10,0,0,1,2,0,0,66.0315,11.35,99.65,0.0,798.0,0.0,3703.0
4043,103,113.0,1.0,1.0,1423.0,0.0,8,1,1,1,2,0,0,66.4073,11.0,99.3,0.0,798.0,1.0,3704.0
4044,102,113.0,0.0,0.0,1423.0,0.0,8,0,2,1,2,0,0,66.8215,10.65,98.95,0.0,798.0,2.0,3706.0
4045,103,113.0,1.0,1.0,1424.0,0.0,9,1,0,1,2,0,0,67.1704,10.3,98.6,0.0,798.0,0.0,3706.0
4046,102,113.0,0.0,0.0,1424.0,0.0,11,0,0,0,2,0,0,67.5038,9.95,99.65,0.0,798.0,0.0,3706.0
4047,102,112.0,0.0,1.0,1425.0,0.0,9,1,1,0,2,0,0,67.1346,9.6,99.3,0.0,798.0,1.0,3707.0
4048,101,112.0,0.0,0.0,1425.0,0.0,10,0,1,0,2,0,0,66.7654,9.25,98.95,0.0,798.0,1.0,3708.0
4049,101,112.0,0.0,0.0,1425.0,0.0,10,0,1,0,2,0,0,66.3962,8.9,98.6,0.0,798.0,1.0,3709.0
4050,101,111.0,0.0,1.0,1426.0,0.0,8,1,2,0,2,0,0,66.0538,8.55,98.25,0.0,798.0,2.0,3711.0
4051,102,113.0,2.0,0.0,1426.0,0.0,10,0,1,0,2,0,0,65.7115,8.2,97.9,1.0,799.0,2.0,3713.0
4052,102,113.0,0.0,0.0,1426.0,0.0,11,0,0,0,2,0,0,65.3038,7.85,97.55,0.0,799.0,0.0,3713.0
4053,102,113.0,0.0,0.0,1426.0,0.0,10,0,0,0,3,0,0,64.8962,7.5,97.2,0.0,799.0,0.0,3713.0
4054,102,113.0,0.0,0.0,1426.0,0.0,9,0,1,0,3,0,0,64.5269,7.15,96.85,0.0,799.0,1.0,3714.0
4055,104,115.0,2.0,0.0,1426.0,0.0,10,0,0,0,3,0,0,64.1192,6.8,96.5,0.0,799.0,0.0,3714.0
4056,104,115.0,0.0,0.0,1426.0,0.0,10,0,1,0,2,0,0,63.7269,6.45,96.15,0.0,799.0,1.0,3715.0
4057,104,114.0,0.0,1.0,1427.0,0.0,9,1,0,0,3,0,0,63.3077,6.1,95.8,0.0,799.0,0.0,3715.0
4058,103,113.0,0.0,1.0,1428.0,0.0,9,1,0,0,3,0,0,62.9,5.75,95.45,0.0,799.0,0.0,3715.0
4059,103,114.0,1.0,0.0,1428.0,0.0,9,0,1,0,3,0,0,62.5423,5.4,95.1,0.0,799.0,1.0,3716.0
4060,103,113.0,0.0,1.0,1429.0,0.0,9,1,0,1,2,0,0,62.1346,5.05,94.75,0.0,799.0,0.0,3716.0
4061,103,113.0,0.0,0.0,1429.0,0.0,10,0,0,1,2,0,0,62.4958,8.3,94.4,0.0,799.0,0.0,3716.0
4062,103,113.0,0.0,0.0,1429.0,0.0,7,0,3,1,2,0,0,62.9723,7.95,94.05,0.0,799.0,3.0,3719.0
4063,104,114.0,1.0,0.0,1429.0,0.0,8,0,2,1,2,0,0,63.4373,7.6,94.05,1.0,800.0,3.0,3722.0
4064,104,114.0,0.0,0.0,1429.0,0.0,10,0,0,1,2,0,0,63.7869,7.25,93.7,0.0,800.0,0.0,3722.0
4065,105,115.0,1.0,0.0,1429.0,0.0,9,0,1,1,2,0,0,64.175,6.9,93.35,0.0,800.0,1.0,3723.0
4066,105,114.0,0.0,1.0,1430.0,0.0,9,1,0,1,2,0,0,64.5131,6.55,92.85,0.0,800.0,0.0,3723.0
4067,105,114.0,1.0,1.0,1431.0,0.0,9,1,0,1,2,0,0,64.8512,6.2,92.35,0.0,800.0,0.0,3723.0
4068,104,114.0,0.0,0.0,1431.0,0.0,10,0,0,1,2,0,0,65.1892,5.85,91.85,0.0,800.0,0.0,3723.0
4069,105,115.0,1.0,0.0,1431.0,0.0,10,0,0,1,2,0,0,65.5273,5.5,91.35,0.0,800.0,0.0,3723.0
4070,104,113.0,0.0,2.0,1433.0,0.0,9,2,0,0,2,0,0,65.8385,5.15,99.65,0.0,800.0,0.0,3723.0
4071,102,112.0,0.0,1.0,1434.0,0.0,9,1,1,0,2,0,0,65.4692,4.8,99.3,0.0,800.0,1.0,3724.0
4072,101,112.0,0.0,0.0,1434.0,0.0,11,0,0,0,2,0,0,65.0846,4.45,98.95,0.0,800.0,0.0,3724.0
4073,101,110.0,0.0,2.0,1436.0,0.0,9,2,1,0,1,0,0,64.7269,4.45,98.6,0.0,800.0,1.0,3725.0
4074,99,109.0,0.0,1.0,1437.0,0.0,10,1,0,0,2,0,0,64.3538,4.1,98.25,0.0,800.0,0.0,3725.0
4075,101,112.0,3.0,0.0,1437.0,0.0,11,0,0,0,2,0,0,63.9923,3.75,97.9,0.0,800.0,0.0,3725.0
4076,101,111.0,0.0,1.0,1438.0,0.0,10,1,0,0,2,0,0,63.6192,3.4,97.55,0.0,800.0,0.0,3725.0
4077,100,111.0,0.0,0.0,1438.0,0.0,11,0,0,0,2,0,0,63.2577,3.05,97.2,0.0,800.0,0.0,3725.0
4078,100,111.0,0.0,0.0,1438.0,0.0,11,0,0,0,2,0,0,62.8846,2.7,96.85,0.0,800.0,0.0,3725.0
4079,100,111.0,0.0,0.0,1438.0,0.0,10,0,1,0,2,0,0,62.55,2.35,96.5,0.0,800.0,1.0,3726.0
4080,100,111.0,0.0,0.0,1438.0,0.0,11,0,0,1,1,0,0,62.1769,2.0,96.15,0.0,800.0,0.0,3726.0
4081,100,111.0,0.0,0.0,1438.0,0.0,11,0,0,1,1,0,0,62.5573,1.65,95.8,0.0,800.0,0.0,3726.0
4082,100,111.0,0.0,0.0,1438.0,0.0,10,0,1,1,1,0,0,62.9415,1.3,95.45,0.0,800.0,1.0,3727.0
4083,102,113.0,2.0,0.0,1438.0,0.0,9,0,2,1,1,0,0,63.3642,0.95,95.1,0.0,800.0,2.0,3729.0
4084,102,113.0,0.0,0.0,1438.0,0.0,9,0,2,2,0,0,0,63.7523,0.6,94.6,0.0,800.0,2.0,3731.0
4085,103,114.0,1.0,0.0,1438.0,0.0,9,0,2,2,0,0,0,64.9588,10.54,94.1,1.0,801.0,3.0,3734.0
4086,103,113.0,0.0,1.0,1439.0,0.0,9,1,1,2,0,0,0,66.1269,20.48,93.6,1.0,802.0,2.0,3736.0
4087,103,114.0,1.0,0.0,1439.0,0.0,10,0,1,2,0,0,0,67.3065,30.42,93.25,1.0,803.0,2.0,3738.0
4088,103,112.0,0.0,2.0,1441.0,0.0,9,2,0,2,0,0,0,68.4208,40.36,92.9,0.0,803.0,0.0,3738.0
4089,101,112.0,0.0,0.0,1441.0,0.0,11,0,0,2,0,0,0,69.5465,50.3,92.55,0.0,803.0,0.0,3738.0
4090,100,112.0,0.0,0.0,1441.0,0.0,12,0,0,1,0,0,0,70.6338,51.65,99.65,0.0,803.0,0.0,3738.0
4091,101,113.0,1.0,0.0,1441.0,0.0,12,0,0,1,0,0,0,70.9946,51.3,99.3,0.0,803.0,0.0,3738.0
4092,101,111.0,0.0,2.0,1443.0,0.0,10,2,0,1,0,0,0,71.3554,50.95,98.95,0.0,803.0,0.0,3738.0
4093,99,111.0,0.0,0.0,1443.0,0.0,12,0,0,1,0,0,0,71.7277,50.6,98.6,0.0,803.0,0.0,3738.0
4094,98,111.0,0.0,0.0,1443.0,0.0,11,0,2,0,0,0,0,72.15,50.25,99.65,0.0,803.0,2.0,3740.0
4095,99,112.0,1.0,0.0,1443.0,0.0,12,0,1,0,0,0,0,71.7962,49.9,99.3,1.0,804.0,2.0,3742.0
4096,99,112.0,0.0,0.0,1443.0,0.0,12,0,1,0,0,0,0,71.4038,49.55,98.95,0.0,804.0,1.0,3743.0
4097,100,113.0,1.0,0.0,1443.0,0.0,10,0,3,0,0,0,0,71.1154,49.2,98.6,1.0,805.0,4.0,3747.0
4098,100,112.0,0.0,1.0,1444.0,0.0,12,1,0,0,0,0,0,70.6962,48.85,98.25,0.0,805.0,0.0,3747.0
4099,101,111.0,2.0,3.0,1447.0,0.0,10,3,0,0,0,0,0,70.2885,48.5,97.9,0.0,805.0,0.0,3747.0
4100,98,111.0,0.0,0.0,1447.0,0.0,13,0,0,0,0,0,0,69.9154,48.15,97.55,0.0,805.0,0.0,3747.0
4101,98,111.0,0.0,0.0,1447.0,0.0,13,0,0,0,0,0,0,69.5308,47.8,97.2,0.0,805.0,0.0,3747.0
4102,98,110.0,0.0,1.0,1448.0,0.0,12,1,0,0,0,0,0,69.1346,47.45,96.85,0.0,805.0,0.0,3747.0
4103,97,110.0,0.0,0.0,1448.0,0.0,13,0,0,0,0,0,0,68.7385,47.1,96.5,0.0,805.0,0.0,3747.0
4104,97,109.0,0.0,1.0,1449.0,0.0,12,1,0,0,0,0,0,68.3423,46.75,96.15,0.0,805.0,0.0,3747.0
4105,97,109.0,1.0,1.0,1450.0,0.0,10,1,2,0,0,0,0,68.0115,46.4,95.8,0.0,805.0,2.0,3749.0
4106,96,109.0,0.0,0.0,1450.0,0.0,12,0,1,0,0,0,0,67.6923,46.05,95.45,1.0,806.0,2.0,3751.0
4107,97,110.0,1.0,0.0,1450.0,0.0,13,0,0,0,0,0,0,67.3192,45.7,95.1,0.0,806.0,0.0,3751.0
4108,97,109.0,0.0,1.0,1451.0,0.0,11,1,1,0,0,0,0,66.9731,45.35,94.75,0.0,806.0,1.0,3752.0
4109,96,109.0,0.0,0.0,1451.0,0.0,13,0,0,0,0,0,0,66.6115,45.0,94.4,0.0,806.0,0.0,3752.0
4110,96,109.0,0.0,0.0,1451.0,0.0,11,0,2,0,0,0,0,66.3038,44.65,94.05,0.0,806.0,2.0,3754.0
4111,98,111.0,2.0,0.0,1451.0,0.0,11,0,2,0,0,0,0,65.9731,44.3,93.7,0.0,806.0,2.0,3756.0
4112,98,111.0,0.0,0.0,1451.0,0.0,12,0,1,0,0,0,0,65.6308,43.8,93.35,1.0,807.0,2.0,3758.0
4113,98,111.0,0.0,0.0,1451.0,0.0,13,0,0,0,0,0,0,65.2,43.3,92.85,0.0,807.0,0.0,3758.0
4114,98,111.0,0.0,0.0,1451.0,0.0,12,0,1,0,0,0,0,64.8346,42.8,92.35,0.0,807.0,1.0,3759.0
4115,100,113.0,2.0,0.0,1451.0,0.0,13,0,0,0,0,0,0,64.4423,42.3,91.85,0.0,807.0,0.0,3759.0
4116,100,113.0,0.0,0.0,1451.0,0.0,13,0,0,0,0,0,0,64.0115,41.8,91.35,0.0,807.0,0.0,3759.0
4117,100,113.0,0.0,0.0,1451.0,0.0,12,0,1,0,0,0,0,63.6077,41.3,91.35,0.0,807.0,1.0,3760.0
4118,100,111.0,0.0,2.0,1453.0,0.0,10,2,1,0,0,0,0,63.1808,40.8,90.85,0.0,807.0,1.0,3761.0
4119,98,111.0,0.0,0.0,1453.0,0.0,11,0,2,0,0,0,0,62.8154,40.3,90.35,0.0,807.0,2.0,3763.0
4120,98,111.0,0.0,0.0,1453.0,0.0,12,0,1,0,0,0,0,62.4385,39.8,89.85,1.0,808.0,2.0,3765.0
4121,98,111.0,0.0,0.0,1453.0,0.0,8,0,5,0,0,0,0,62.1538,39.3,89.35,0.0,808.0,5.0,3770.0
4122,98,110.0,0.0,1.0,1454.0,0.0,10,1,2,0,0,0,0,61.8308,38.8,88.85,2.0,810.0,4.0,3774.0
4123,99,112.0,2.0,0.0,1454.0,0.0,13,0,0,0,0,0,0,61.4269,38.45,88.35,1.0,811.0,1.0,3775.0
4124,99,112.0,0.0,0.0,1454.0,0.0,11,0,2,0,0,0,0,61.0769,38.1,87.85,0.0,811.0,2.0,3777.0
4125,101,113.0,2.0,1.0,1455.0,0.0,12,1,0,0,0,0,0,60.6615,37.75,87.35,1.0,812.0,1.0,3778.0
4126,100,111.0,0.0,2.0,1457.0,0.0,11,2,0,0,0,0,0,60.2192,37.4,86.85,0.0,812.0,0.0,3778.0
4127,98,110.0,0.0,1.0,1458.0,0.0,12,1,0,0,0,0,0,59.8,37.05,86.35,0.0,812.0,0.0,3778.0
4128,97,110.0,0.0,0.0,1458.0,0.0,13,0,0,0,0,0,0,59.3923,36.7,86.0,0.0,812.0,0.0,3778.0
4129,97,110.0,0.0,0.0,1458.0,0.0,13,0,0,0,0,0,0,58.9731,36.35,85.65,0.0,812.0,0.0,3778.0
4130,97,110.0,0.0,0.0,1458.0,0.0,13,0,0,0,0,0,0,58.5538,36.0,85.3,0.0,812.0,0.0,3778.0
4131,98,111.0,1.0,0.0,1458.0,0.0,13,0,0,0,0,0,0,58.1346,35.65,84.95,0.0,812.0,0.0,3778.0
4132,98,110.0,0.0,1.0,1459.0,0.0,10,1,2,0,0,0,0,57.7808,35.3,84.95,0.0,812.0,2.0,3780.0
4133,97,110.0,0.0,0.0,1459.0,0.0,13,0,0,0,0,0,0,57.4,34.95,84.6,1.0,813.0,1.0,3781.0
4134,97,110.0,0.0,0.0,1459.0,0.0,13,0,0,0,0,0,0,56.9808,34.6,84.25,0.0,813.0,0.0,3781.0
4135,99,111.0,2.0,1.0,1460.0,0.0,12,1,0,0,0,0,0,56.5615,34.25,83.9,0.0,813.0,0.0,3781.0
4136,98,111.0,0.0,0.0,1460.0,0.0,12,0,1,0,0,0,0,56.1808,33.9,83.55,0.0,813.0,1.0,3782.0
4137,98,110.0,0.0,1.0,1461.0,0.0,12,1,0,0,0,0,0,55.7731,33.55,83.2,0.0,813.0,0.0,3782.0
4138,97,109.0,0.0,1.0,1462.0,0.0,12,1,0,0,0,0,0,55.3654,33.2,82.85,0.0,813.0,0.0,3782.0
4139,98,111.0,2.0,0.0,1462.0,0.0,13,0,0,0,0,0,0,54.9577,32.85,82.5,0.0,813.0,0.0,3782.0
4140,98,111.0,0.0,0.0,1462.0,0.0,12,0,1,0,0,0,0,54.5654,32.5,82.15,0.0,813.0,1.0,3783.0
4141,98,111.0,0.0,0.0,1462.0,0.0,10,0,3,0,0,0,0,54.2269,32.15,81.65,0.0,813.0,3.0,3786.0
4142,98,110.0,0.0,1.0,1463.0,0.0,9,1,3,0,0,0,0,53.9154,31.65,81.15,1.0,814.0,4.0,3790.0
4143,97,110.0,0.0,0.0,1463.0,0.0,11,0,2,0,0,0,0,53.5885,31.15,80.65,1.0,815.0,3.0,3793.0
4144,97,110.0,0.0,0.0,1463.0,0.0,13,0,0,0,0,0,0,53.1577,30.65,80.15,0.0,815.0,0.0,3793.0
4145,98,111.0,1.0,0.0,1463.0,0.0,13,0,0,0,0,0,0,52.7269,30.15,79.65,0.0,815.0,0.0,3793.0
4146,98,110.0,0.0,1.0,1464.0,0.0,11,1,1,0,0,0,0,52.3346,29.65,79.15,0.0,815.0,1.0,3794.0
4147,99,112.0,2.0,0.0,1464.0,0.0,13,0,0,0,0,0,0,51.9154,29.15,78.65,0.0,815.0,0.0,3794.0
4148,99,111.0,0.0,1.0,1465.0,0.0,11,1,1,0,0,0,0,51.5346,28.65,78.15,0.0,815.0,1.0,3795.0
4149,98,110.0,0.0,1.0,1466.0,0.0,12,1,0,0,0,0,0,51.1154,28.3,77.65,0.0,815.0,0.0,3795.0
4150,97,110.0,0.0,0.0,1466.0,0.0,13,0,0,0,0,0,0,50.7077,27.95,77.15,0.0,815.0,0.0,3795.0
4151,97,110.0,0.0,0.0,1466.0,0.0,12,0,1,0,0,0,0,50.3154,27.6,76.65,0.0,815.0,1.0,3796.0
4152,97,110.0,0.0,0.0,1466.0,0.0,12,0,1,0,0,0,0,49.9615,27.25,76.15,1.0,816.0,2.0,3798.0
4153,98,111.0,1.0,0.0,1466.0,0.0,12,0,1,0,0,0,0,49.5808,26.9,75.65,0.0,816.0,1.0,3799.0
4154,98,111.0,0.0,0.0,1466.0,0.0,12,0,1,0,0,0,0,49.2385,26.55,75.15,1.0,817.0,2.0,3801.0
4155,100,113.0,2.0,0.0,1466.0,0.0,13,0,0,0,0,0,0,48.8077,26.2,74.65,0.0,817.0,0.0,3801.0
4156,100,113.0,0.0,0.0,1466.0,0.0,12,0,1,0,0,0,0,48.4038,25.85,74.15,0.0,817.0,1.0,3802.0
4157,100,113.0,0.0,0.0,1466.0,0.0,13,0,0,0,0,0,0,47.95,25.5,73.65,0.0,817.0,0.0,3802.0
4158,100,113.0,0.0,0.0,1466.0,0.0,12,0,1,0,0,0,0,47.5346,25.15,73.15,0.0,817.0,1.0,3803.0
4159,101,112.0,1.0,2.0,1468.0,0.0,8,2,3,0,0,0,0,47.1846,24.8,72.65,0.0,817.0,3.0,3806.0
4160,99,112.0,0.0,0.0,1468.0,0.0,12,0,1,0,0,0,0,46.8577,24.45,72.15,2.0,819.0,3.0,3809.0
4161,99,111.0,0.0,1.0,1469.0,0.0,12,1,0,0,0,0,0,46.4269,24.1,71.65,0.0,819.0,0.0,3809.0
4162,98,111.0,0.0,0.0,1469.0,0.0,13,0,0,0,0,0,0,45.9846,23.6,71.15,0.0,819.0,0.0,3809.0
4163,99,111.0,1.0,1.0,1470.0,0.0,12,1,0,0,0,0,0,45.5423,23.1,70.65,0.0,819.0,0.0,3809.0
4164,98,111.0,0.0,0.0,1470.0,0.0,12,0,1,0,0,0,0,45.1385,22.6,70.3,0.0,819.0,1.0,3810.0
4165,99,109.0,1.0,3.0,1473.0,0.0,9,3,1,0,0,0,0,44.75,22.1,69.95,1.0,820.0,2.0,3812.0
4166,96,109.0,0.0,0.0,1473.0,0.0,12,0,1,0,0,0,0,44.3692,21.6,69.6,0.0,820.0,1.0,3813.0
4167,97,109.0,1.0,1.0,1474.0,0.0,10,1,2,0,0,0,0,44.0154,21.1,69.25,0.0,820.0,2.0,3815.0
4168,96,109.0,0.0,0.0,1474.0,0.0,12,0,1,0,0,0,0,43.6346,20.6,68.9,0.0,820.0,1.0,3816.0
4169,96,109.0,0.0,0.0,1474.0,0.0,12,0,1,0,0,0,0,43.2538,20.1,68.55,0.0,820.0,1.0,3817.0
4170,96,109.0,0.0,0.0,1474.0,0.0,13,0,0,0,0,0,0,42.8462,19.6,68.2,0.0,820.0,0.0,3817.0
4171,98,111.0,2.0,0.0,1474.0,0.0,12,0,1,0,0,0,0,42.4654,19.1,67.85,0.0,820.0,1.0,3818.0
4172,98,109.0,0.0,2.0,1476.0,0.0,11,2,0,0,0,0,0,42.0462,18.6,67.5,0.0,820.0,0.0,3818.0
4173,96,108.0,0.0,1.0,1477.0,0.0,12,1,0,0,0,0,0,41.6269,18.1,67.15,0.0,820.0,0.0,3818.0
4174,95,108.0,0.0,0.0,1477.0,0.0,13,0,0,0,0,0,0,41.2192,17.6,66.8,0.0,820.0,0.0,3818.0
4175,96,108.0,1.0,1.0,1478.0,0.0,12,1,0,0,0,0,0,40.8115,17.1,66.45,0.0,820.0,0.0,3818.0
4176,95,108.0,0.0,0.0,1478.0,0.0,13,0,0,0,0,0,0,40.4038,16.75,66.1,0.0,820.0,0.0,3818.0
4177,95,107.0,0.0,1.0,1479.0,0.0,11,1,1,0,0,0,0,40.0346,16.4,65.75,0.0,820.0,1.0,3819.0
4178,94,106.0,0.0,1.0,1480.0,0.0,12,1,0,0,0,0,0,39.6269,16.05,65.4,0.0,820.0,0.0,3819.0
4179,94,107.0,1.0,0.0,1480.0,0.0,13,0,0,0,0,0,0,39.2308,15.7,65.05,0.0,820.0,0.0,3819.0
4180,94,107.0,0.0,0.0,1480.0,0.0,10,0,3,0,0,0,0,38.9154,15.35,65.05,0.0,820.0,3.0,3822.0
4181,95,108.0,1.0,0.0,1480.0,0.0,12,0,1,0,0,0,0,38.6,15.0,65.05,2.0,822.0,3.0,3825.0
4182,95,107.0,0.0,1.0,1481.0,0.0,11,1,0,0,1,0,0,38.1808,14.65,64.7,0.0,822.0,0.0,3825.0
4183,95,108.0,1.0,0.0,1481.0,0.0,12,0,0,0,1,0,0,37.7615,14.3,64.35,0.0,822.0,0.0,3825.0
4184,95,108.0,0.0,0.0,1481.0,0.0,12,0,0,0,1,0,0,37.3423,13.95,64.0,0.0,822.0,0.0,3825.0
4185,96,108.0,1.0,1.0,1482.0,0.0,11,1,0,0,1,0,0,36.9231,13.6,63.65,0.0,822.0,0.0,3825.0
4186,95,108.0,0.0,0.0,1482.0,0.0,12,0,0,0,1,0,0,36.5038,13.25,63.3,0.0,822.0,0.0,3825.0
4187,96,109.0,1.0,0.0,1482.0,0.0,11,0,1,0,1,0,0,36.1,12.9,62.95,0.0,822.0,1.0,3826.0
4188,96,109.0,0.0,0.0,1482.0,0.0,12,0,0,0,1,0,0,35.6692,12.55,62.6,0.0,822.0,0.0,3826.0
4189,96,108.0,0.0,1.0,1483.0,0.0,11,1,0,0,1,0,0,35.2385,12.2,62.25,0.0,822.0,0.0,3826.0
4190,96,107.0,0.0,1.0,1484.0,0.0,9,1,2,0,1,0,0,34.8846,11.85,61.9,0.0,822.0,2.0,3828.0
4191,95,107.0,0.0,0.0,1484.0,0.0,10,0,2,0,1,0,0,34.5692,11.5,61.9,1.0,823.0,3.0,3831.0
4192,95,107.0,0.0,0.0,1484.0,0.0,9,0,3,0,1,0,0,34.2423,11.5,61.9,0.0,823.0,3.0,3834.0
4193,95,107.0,0.0,0.0,1484.0,0.0,9,0,2,0,2,0,0,33.9654,11.5,61.9,2.0,825.0,4.0,3838.0
4194,95,107.0,0.0,0.0,1484.0,0.0,8,0,3,0,2,0,0,33.65,11.15,61.55,0.0,825.0,3.0,3841.0
4195,99,111.0,4.0,0.0,1484.0,0.0,8,0,3,0,2,0,0,33.4269,11.15,61.55,1.0,826.0,4.0,3845.0
4196,99,111.0,0.0,0.0,1484.0,0.0,10,0,0,0,3,0,0,33.1269,11.15,61.55,2.0,828.0,2.0,3847.0
4197,99,111.0,0.0,0.0,1484.0,0.0,9,0,1,0,3,0,0,32.7846,10.8,61.2,0.0,828.0,1.0,3848.0
4198,99,111.0,0.0,0.0,1484.0,0.0,9,0,1,0,3,0,0,32.4308,10.45,61.2,0.0,828.0,1.0,3849.0
4199,99,111.0,0.0,0.0,1484.0,0.0,9,0,1,0,3,0,0,32.0769,10.1,61.2,0.0,828.0,1.0,3850.0
4200,99,109.0,0.0,2.0,1486.0,0.0,8,2,0,0,3,0,0,31.7231,9.75,61.2,1.0,829.0,1.0,3851.0
4201,97,109.0,0.0,0.0,1486.0,0.0,10,0,0,0,3,0,0,31.3538,9.4,61.2,0.0,829.0,0.0,3851.0
4202,97,108.0,0.0,1.0,1487.0,0.0,9,1,0,0,3,0,0,30.9846,9.05,61.2,0.0,829.0,0.0,3851.0
4203,98,109.0,1.0,0.0,1487.0,0.0,9,0,1,0,3,0,0,30.6654,8.7,61.2,0.0,829.0,1.0,3852.0
4204,98,109.0,0.0,0.0,1487.0,0.0,8,0,2,0,3,0,0,30.3346,8.35,60.85,0.0,829.0,2.0,3854.0
4205,99,109.0,1.0,1.0,1488.0,0.0,8,1,2,0,2,0,0,30.0308,8.0,60.5,1.0,830.0,3.0,3857.0
4206,98,109.0,0.0,0.0,1488.0,0.0,10,0,0,0,3,0,0,29.6462,7.65,60.15,0.0,830.0,0.0,3857.0
4207,99,110.0,1.0,0.0,1488.0,0.0,9,0,1,0,3,0,0,29.3,7.3,59.8,0.0,830.0,1.0,3858.0
4208,99,109.0,0.0,1.0,1489.0,0.0,9,1,0,0,3,0,0,28.9538,6.95,59.45,1.0,831.0,1.0,3859.0
4209,99,110.0,1.0,0.0,1489.0,0.0,10,0,0,0,3,0,0,28.5808,6.6,59.1,0.0,831.0,0.0,3859.0
4210,99,110.0,0.0,0.0,1489.0,0.0,10,0,0,0,3,0,0,28.1846,6.25,58.75,0.0,831.0,0.0,3859.0
4211,100,111.0,1.0,0.0,1489.0,0.0,9,0,1,0,3,0,0,27.8154,5.9,58.4,0.0,831.0,1.0,3860.0
4212,100,111.0,0.0,0.0,1489.0,0.0,10,0,0,0,3,0,0,27.3962,5.55,58.05,0.0,831.0,0.0,3860.0
4213,100,110.0,0.0,1.0,1490.0,0.0,9,1,0,0,3,0,0,26.9654,5.2,57.7,0.0,831.0,0.0,3860.0
4214,99,110.0,0.0,0.0,1490.0,0.0,9,0,0,1,3,0,0,26.5462,4.85,57.35,0.0,831.0,0.0,3860.0
4215,100,110.0,1.0,1.0,1491.0,0.0,8,1,0,1,3,0,0,26.87,4.5,57.0,0.0,831.0,0.0,3860.0
4216,100,110.0,0.0,0.0,1491.0,0.0,8,0,0,1,3,1,0,27.2208,4.15,56.65,0.0,831.0,0.0,3860.0
4217,100,109.0,0.0,1.0,1492.0,0.0,7,1,0,1,3,1,0,27.5715,3.8,56.3,0.0,831.0,0.0,3860.0
4218,100,109.0,0.0,0.0,1492.0,0.0,8,0,0,1,3,1,0,27.9338,3.45,55.95,0.0,831.0,0.0,3860.0
4219,102,111.0,2.0,0.0,1492.0,0.0,7,0,1,2,2,1,0,28.3231,3.1,55.6,0.0,831.0,1.0,3861.0
4220,102,111.0,0.0,0.0,1492.0,0.0,7,0,1,2,2,1,0,29.4662,2.75,63.36,0.0,831.0,1.0,3862.0
4221,102,110.0,0.0,1.0,1493.0,0.0,6,1,0,2,2,2,0,30.5592,2.4,72.52,0.0,831.0,0.0,3862.0
4222,102,110.0,0.0,0.0,1493.0,0.0,6,0,1,3,1,2,0,31.7177,2.05,81.68,0.0,831.0,1.0,3863.0
4223,103,111.0,1.0,0.0,1493.0,0.0,6,0,2,3,0,2,0,33.7219,11.845,90.84,1.0,832.0,3.0,3866.0
4224,102,111.0,0.0,0.0,1493.0,0.0,8,0,1,2,1,1,0,35.6454,11.85,99.65,1.0,833.0,2.0,3868.0
4225,103,111.0,1.0,1.0,1494.0,0.0,7,1,0,2,2,1,0,36.7988,11.5,99.3,0.0,833.0,0.0,3868.0
4226,102,109.0,0.0,2.0,1496.0,0.0,4,2,2,2,2,1,0,38.0177,11.15,98.95,0.0,833.0,2.0,3870.0
4227,101,110.0,1.0,0.0,1496.0,0.0,7,0,1,2,2,1,0,39.2596,10.8,98.6,1.0,834.0,2.0,3872.0
4228,101,110.0,0.0,0.0,1496.0,0.0,7,0,1,2,2,1,0,40.4746,10.45,98.25,0.0,834.0,1.0,3873.0
4229,101,110.0,0.0,0.0,1496.0,0.0,8,0,2,1,2,0,0,41.6512,10.1,99.65,0.0,834.0,2.0,3875.0
4230,101,110.0,0.0,0.0,1496.0,0.0,9,0,0,1,3,0,0,42.0469,9.75,99.3,0.0,834.0,0.0,3875.0
4231,102,111.0,1.0,0.0,1496.0,0.0,9,0,0,1,3,0,0,42.4312,9.4,98.95,0.0,834.0,0.0,3875.0
4232,101,111.0,0.0,0.0,1496.0,0.0,9,0,2,0,2,0,0,42.8538,9.05,99.65,0.0,834.0,2.0,3877.0
4233,101,111.0,0.0,0.0,1496.0,0.0,10,0,1,0,2,0,0,42.5231,8.7,99.3,1.0,835.0,2.0,3879.0
4234,101,111.0,0.0,0.0,1496.0,0.0,10,0,0,0,3,0,0,42.1269,8.35,98.95,0.0,835.0,0.0,3879.0
4235,103,113.0,2.0,0.0,1496.0,0.0,10,0,0,0,3,0,0,41.7308,8.0,98.6,0.0,835.0,0.0,3879.0
4236,103,112.0,0.0,1.0,1497.0,0.0,9,1,0,0,3,0,0,41.3231,7.65,98.25,0.0,835.0,0.0,3879.0
4237,103,112.0,1.0,1.0,1498.0,0.0,9,1,0,0,3,0,0,40.9269,7.3,97.9,0.0,835.0,0.0,3879.0
4238,102,111.0,0.0,1.0,1499.0,0.0,9,1,0,0,3,0,0,40.5308,6.95,97.55,0.0,835.0,0.0,3879.0
4239,101,111.0,0.0,0.0,1499.0,0.0,9,0,1,0,3,0,0,40.1846,6.6,97.2,0.0,835.0,1.0,3880.0
4240,101,110.0,0.0,1.0,1500.0,0.0,7,1,1,0,4,0,0,39.8385,6.25,96.85,0.0,835.0,1.0,3881.0
4241,101,110.0,0.0,0.0,1500.0,0.0,7,0,2,2,2,0,0,39.5308,5.9,96.5,0.0,835.0,2.0,3883.0
4242,101,110.0,0.0,0.0,1500.0,0.0,8,0,1,2,2,0,0,40.6942,10.8,96.15,1.0,836.0,2.0,3885.0
4243,103,111.0,2.0,1.0,1501.0,0.0,8,1,0,2,2,0,0,41.7923,10.45,95.8,0.0,836.0,0.0,3885.0
4244,102,109.0,0.0,2.0,1503.0,0.0,7,2,0,2,2,0,0,42.9019,10.1,95.45,0.0,836.0,0.0,3885.0
4245,101,110.0,1.0,0.0,1503.0,0.0,9,0,0,2,2,0,0,44.0346,9.75,95.1,0.0,836.0,0.0,3885.0
4246,101,110.0,0.0,0.0,1503.0,0.0,8,0,1,2,2,0,0,45.1942,9.4,94.75,0.0,836.0,1.0,3886.0
4247,101,110.0,0.0,0.0,1503.0,0.0,7,0,2,2,2,0,0,46.3692,9.05,94.4,0.0,836.0,2.0,3888.0
4248,101,110.0,0.0,0.0,1503.0,0.0,8,0,1,2,2,0,0,47.5442,8.7,94.05,1.0,837.0,2.0,3890.0
4249,101,110.0,0.0,0.0,1503.0,0.0,9,0,0,2,2,0,0,48.6654,8.35,93.7,0.0,837.0,0.0,3890.0
4250,101,110.0,0.0,0.0,1503.0,0.0,9,0,0,2,2,0,0,49.775,8.0,93.35,0.0,837.0,0.0,3890.0
4251,101,112.0,2.0,0.0,1503.0,0.0,11,0,0,0,2,0,0,50.8308,7.65,99.65,0.0,837.0,0.0,3890.0
4252,101,112.0,0.0,0.0,1503.0,0.0,9,0,2,0,2,0,0,50.5,7.65,99.65,0.0,837.0,2.0,3892.0
4253,101,112.0,0.0,0.0,1503.0,0.0,8,0,3,0,2,0,0,50.2346,7.65,99.65,1.0,838.0,4.0,3896.0
4254,101,112.0,0.0,0.0,1503.0,0.0,10,0,1,1,1,0,0,49.9038,7.3,99.3,1.0,839.0,2.0,3898.0
4255,103,114.0,2.0,0.0,1503.0,0.0,9,0,1,2,1,0,0,50.2977,9.8,98.95,0.0,839.0,1.0,3899.0
4256,103,114.0,0.0,0.0,1503.0,0.0,10,0,0,2,1,0,0,51.3738,13.5,98.6,0.0,839.0,0.0,3899.0
4257,103,114.0,0.0,0.0,1503.0,0.0,10,0,0,2,1,0,0,52.4385,13.15,98.25,0.0,839.0,0.0,3899.0
4258,103,114.0,0.0,0.0,1503.0,0.0,10,0,0,2,1,0,0,53.5031,12.8,97.9,0.0,839.0,0.0,3899.0
4259,104,114.0,1.0,1.0,1504.0,0.0,8,1,0,2,2,0,0,54.5562,12.45,97.55,0.0,839.0,0.0,3899.0
4260,104,114.0,0.0,0.0,1504.0,0.0,9,0,0,2,2,0,0,55.6208,12.1,97.2,0.0,839.0,0.0,3899.0
4261,104,114.0,0.0,0.0,1504.0,0.0,8,0,1,2,2,0,0,56.7238,11.75,96.85,0.0,839.0,1.0,3900.0
4262,104,114.0,0.0,0.0,1504.0,0.0,7,0,2,2,2,0,0,57.8654,11.4,96.5,0.0,839.0,2.0,3902.0
4263,104,113.0,0.0,1.0,1505.0,0.0,7,1,1,2,2,0,0,58.9954,11.05,96.15,1.0,840.0,2.0,3904.0
4264,103,113.0,0.0,0.0,1505.0,0.0,10,0,0,1,2,0,0,60.0215,10.7,99.65,0.0,840.0,0.0,3904.0
4265,104,115.0,2.0,0.0,1505.0,0.0,9,0,2,0,2,0,0,60.3731,10.35,99.65,0.0,840.0,2.0,3906.0
4266,104,115.0,0.0,0.0,1505.0,0.0,11,0,0,0,2,0,0,59.9654,10.0,99.3,0.0,840.0,0.0,3906.0
4267,106,116.0,2.0,1.0,1506.0,0.0,9,1,0,0,3,0,0,59.5577,9.65,98.95,0.0,840.0,0.0,3906.0
4268,105,116.0,0.0,0.0,1506.0,0.0,10,0,0,0,3,0,0,59.1731,9.3,98.6,0.0,840.0,0.0,3906.0
4269,105,114.0,0.0,2.0,1508.0,0.0,8,2,0,0,3,0,0,58.7769,8.95,98.25,0.0,840.0,0.0,3906.0
4270,104,114.0,0.0,0.0,1508.0,0.0,10,0,0,0,3,0,0,58.3923,8.6,97.9,0.0,840.0,0.0,3906.0
4271,104,113.0,0.0,1.0,1509.0,0.0,9,1,0,0,3,0,0,58.0077,8.25,97.55,0.0,840.0,0.0,3906.0
4272,103,112.0,0.0,1.0,1510.0,0.0,9,1,0,1,2,0,0,57.6346,7.9,97.2,0.0,840.0,0.0,3906.0
4273,102,112.0,0.0,0.0,1510.0,0.0,10,0,0,1,2,0,0,57.9969,10.0,96.85,0.0,840.0,0.0,3906.0
4274,102,112.0,0.0,0.0,1510.0,0.0,10,0,0,1,2,0,0,58.3477,9.65,96.5,0.0,840.0,0.0,3906.0
4275,104,114.0,2.0,0.0,1510.0,0.0,10,0,0,1,2,0,0,58.6985,9.3,96.15,0.0,840.0,0.0,3906.0
4276,104,114.0,0.0,0.0,1510.0,0.0,9,0,1,1,2,0,0,59.0877,8.95,95.8,0.0,840.0,1.0,3907.0
4277,104,113.0,0.0,1.0,1511.0,0.0,9,1,0,1,2,0,0,59.4154,8.6,95.45,0.0,840.0,0.0,3907.0
4278,103,113.0,0.0,0.0,1511.0,0.0,10,0,0,1,2,0,0,59.7431,8.25,94.95,0.0,840.0,0.0,3907.0
4279,105,115.0,2.0,0.0,1511.0,0.0,10,0,0,1,2,0,0,60.0708,7.9,94.45,0.0,840.0,0.0,3907.0
4280,105,114.0,0.0,1.0,1512.0,0.0,8,1,1,1,2,0,0,60.4254,7.55,93.95,0.0,840.0,1.0,3908.0
4281,104,114.0,0.0,0.0,1512.0,0.0,9,0,2,2,0,0,0,60.8569,7.2,93.6,1.0,841.0,3.0,3911.0
4282,103,114.0,0.0,0.0,1512.0,0.0,9,0,2,1,1,0,0,61.9638,9.95,99.65,0.0,841.0,2.0,3913.0
4283,104,115.0,1.0,0.0,1512.0,0.0,10,0,2,1,0,0,0,62.3892,9.95,99.3,1.0,842.0,3.0,3916.0
4284,104,114.0,0.0,1.0,1513.0,0.0,10,1,0,1,1,0,0,62.6992,9.6,98.95,0.0,842.0,0.0,3916.0
4285,104,114.0,1.0,1.0,1514.0,0.0,9,1,0,1,2,0,0,63.0208,9.25,98.6,0.0,842.0,0.0,3916.0
4286,104,112.0,0.0,2.0,1516.0,0.0,8,2,0,1,2,0,0,63.3538,8.9,98.25,0.0,842.0,0.0,3916.0
4287,102,112.0,0.0,0.0,1516.0,0.0,10,0,0,1,2,0,0,63.71,8.55,97.9,0.0,842.0,0.0,3916.0
4288,102,112.0,0.0,0.0,1516.0,0.0,9,0,1,1,2,0,0,64.1046,8.2,97.55,0.0,842.0,1.0,3917.0
4289,102,112.0,0.0,0.0,1516.0,0.0,10,0,0,1,2,0,0,64.4608,7.85,97.2,0.0,842.0,0.0,3917.0
4290,102,112.0,0.0,0.0,1516.0,0.0,10,0,1,1,1,0,0,64.8438,7.5,96.85,0.0,842.0,1.0,3918.0
4291,103,114.0,2.0,0.0,1516.0,0.0,10,0,2,0,1,0,0,65.2269,7.15,99.65,0.0,842.0,2.0,3920.0
4292,103,113.0,0.0,1.0,1517.0,0.0,10,1,1,0,1,0,0,64.8962,6.8,99.3,1.0,843.0,2.0,3922.0
4293,103,114.0,1.0,0.0,1517.0,0.0,11,0,0,0,2,0,0,64.5231,6.45,98.95,0.0,843.0,0.0,3922.0
4294,103,113.0,0.0,1.0,1518.0,0.0,10,1,0,0,2,0,0,64.15,6.1,98.6,0.0,843.0,0.0,3922.0
4295,103,113.0,1.0,1.0,1519.0,0.0,10,1,0,0,2,0,0,63.7769,5.75,98.25,0.0,843.0,0.0,3922.0
4296,102,113.0,0.0,0.0,1519.0,0.0,10,0,1,1,1,0,0,63.4538,5.4,97.9,0.0,843.0,1.0,3923.0
4297,102,113.0,0.0,0.0,1519.0,0.0,11,0,1,1,0,0,0,63.8623,11.75,97.55,0.0,843.0,1.0,3924.0
4298,102,113.0,0.0,0.0,1519.0,0.0,10,0,2,1,0,0,0,64.2977,11.75,97.2,0.0,843.0,2.0,3926.0
4299,103,114.0,1.0,0.0,1519.0,0.0,8,0,4,1,0,0,0,64.8254,11.75,96.85,1.0,844.0,5.0,3931.0
4300,103,114.0,0.0,0.0,1519.0,0.0,9,0,2,1,1,0,0,65.2992,11.4,96.5,1.0,845.0,3.0,3934.0
4301,103,114.0,0.0,0.0,1519.0,0.0,11,0,0,1,1,0,0,65.6577,11.05,96.15,0.0,845.0,0.0,3934.0
4302,103,114.0,0.0,0.0,1519.0,0.0,11,0,0,1,1,0,0,66.0162,10.7,95.8,0.0,845.0,0.0,3934.0
4303,104,115.0,1.0,0.0,1519.0,0.0,8,0,3,1,1,0,0,66.4554,10.35,95.3,0.0,845.0,3.0,3937.0
4304,104,115.0,0.0,0.0,1519.0,0.0,10,0,1,1,1,0,0,66.8946,10.0,94.8,2.0,847.0,3.0,3940.0
4305,105,116.0,1.0,0.0,1519.0,0.0,10,0,2,1,0,0,0,67.2954,10.0,94.3,0.0,847.0,2.0,3942.0
4306,104,116.0,0.0,0.0,1519.0,0.0,11,0,2,0,0,0,0,67.7077,10.0,99.65,1.0,848.0,3.0,3945.0
4307,106,118.0,2.0,0.0,1519.0,0.0,10,0,2,0,1,0,0,67.3423,9.65,99.3,0.0,848.0,2.0,3947.0
4308,106,115.0,0.0,3.0,1522.0,0.0,8,3,1,0,1,0,0,66.9769,9.3,98.95,1.0,849.0,2.0,3949.0
4309,103,114.0,0.0,1.0,1523.0,0.0,10,1,1,0,1,0,0,66.6077,8.95,98.6,0.0,849.0,1.0,3950.0
4310,102,114.0,0.0,0.0,1523.0,0.0,11,0,1,0,1,0,0,66.2769,8.6,98.25,1.0,850.0,2.0,3952.0
4311,102,114.0,0.0,0.0,1523.0,0.0,12,0,0,0,1,0,0,65.8808,8.25,97.9,0.0,850.0,0.0,3952.0
4312,102,114.0,0.0,0.0,1523.0,0.0,12,0,0,0,1,0,0,65.4731,7.9,97.55,0.0,850.0,0.0,3952.0
4313,102,114.0,0.0,0.0,1523.0,0.0,12,0,0,0,1,0,0,65.0538,7.55,97.2,0.0,850.0,0.0,3952.0
4314,102,114.0,0.0,0.0,1523.0,0.0,11,0,0,0,2,0,0,64.6231,7.2,96.85,0.0,850.0,0.0,3952.0
4315,105,116.0,3.0,1.0,1524.0,0.0,9,1,1,0,2,0,0,64.2308,6.85,96.5,0.0,850.0,1.0,3953.0
4316,104,116.0,0.0,0.0,1524.0,0.0,10,0,1,0,2,0,0,63.8615,6.5,96.15,0.0,850.0,1.0,3954.0
4317,104,116.0,0.0,0.0,1524.0,0.0,10,0,1,0,2,0,0,63.5192,6.15,95.8,1.0,851.0,2.0,3956.0
4318,104,115.0,0.0,1.0,1525.0,0.0,9,1,1,0,2,0,0,63.1385,5.8,95.45,0.0,851.0,1.0,3957.0
4319,103,115.0,0.0,0.0,1525.0,0.0,8,0,3,1,1,0,0,62.8346,5.45,95.1,0.0,851.0,3.0,3960.0
4320,103,115.0,0.0,0.0,1525.0,0.0,10,0,1,1,1,0,0,63.2581,12.8,94.75,1.0,852.0,2.0,3962.0
4321,104,116.0,1.0,0.0,1525.0,0.0,11,0,0,1,1,0,0,63.6162,12.45,94.4,0.0,852.0,0.0,3962.0
4322,104,115.0,0.0,1.0,1526.0,0.0,10,1,0,1,1,0,0,63.9627,12.1,94.05,0.0,852.0,0.0,3962.0
4323,104,116.0,1.0,0.0,1526.0,0.0,11,0,0,1,1,0,0,64.3208,11.75,93.7,0.0,852.0,0.0,3962.0
4324,104,116.0,0.0,0.0,1526.0,0.0,10,0,0,1,2,0,0,64.6788,11.4,93.35,0.0,852.0,0.0,3962.0
4325,105,117.0,1.0,0.0,1526.0,0.0,9,0,1,1,2,0,0,65.0638,11.05,93.0,0.0,852.0,1.0,3963.0
4326,105,117.0,0.0,0.0,1526.0,0.0,10,0,0,1,2,0,0,65.4104,10.7,92.65,0.0,852.0,0.0,3963.0
4327,106,117.0,1.0,1.0,1527.0,0.0,7,1,2,1,2,0,0,65.8223,10.35,92.3,0.0,852.0,2.0,3965.0
4328,105,117.0,0.0,0.0,1527.0,0.0,9,0,1,1,2,0,0,66.2458,10.0,91.95,1.0,853.0,2.0,3967.0
4329,104,117.0,0.0,0.0,1527.0,0.0,9,0,2,0,2,0,0,66.6423,9.65,99.65,0.0,853.0,2.0,3969.0
4330,104,116.0,0.0,1.0,1528.0,0.0,9,1,1,0,2,0,0,66.3115,9.3,99.3,1.0,854.0,2.0,3971.0
4331,105,117.0,1.0,0.0,1528.0,0.0,11,0,0,0,2,0,0,65.9269,8.95,98.95,0.0,854.0,0.0,3971.0
4332,105,116.0,0.0,1.0,1529.0,0.0,10,1,0,0,2,0,0,65.5423,8.6,98.6,0.0,854.0,0.0,3971.0
4333,105,116.0,0.0,0.0,1529.0,0.0,11,0,0,0,2,0,0,65.1577,8.25,98.25,0.0,854.0,0.0,3971.0
4334,105,116.0,0.0,0.0,1529.0,0.0,11,0,0,0,2,0,0,64.75,7.9,97.9,0.0,854.0,0.0,3971.0
4335,107,118.0,2.0,0.0,1529.0,0.0,10,0,1,0,2,0,0,64.3692,7.55,97.55,0.0,854.0,1.0,3972.0
4336,107,118.0,0.0,0.0,1529.0,0.0,10,0,2,0,1,0,0,64.0269,7.55,97.2,0.0,854.0,2.0,3974.0
4337,107,117.0,0.0,1.0,1530.0,0.0,10,1,1,0,1,0,0,63.6731,7.55,96.85,1.0,855.0,2.0,3976.0
4338,106,117.0,0.0,0.0,1530.0,0.0,11,0,0,0,2,0,0,63.2538,7.2,96.5,0.0,855.0,0.0,3976.0
4339,108,118.0,2.0,1.0,1531.0,0.0,9,1,2,0,1,0,0,62.8885,7.2,96.5,0.0,855.0,2.0,3978.0
4340,107,117.0,0.0,1.0,1532.0,0.0,10,1,1,0,1,0,0,62.5231,7.2,96.5,1.0,856.0,2.0,3980.0
4341,106,116.0,0.0,1.0,1533.0,0.0,10,1,0,0,2,0,0,62.1038,6.85,96.15,0.0,856.0,0.0,3980.0
4342,105,115.0,0.0,1.0,1534.0,0.0,10,1,0,0,2,0,0,61.6846,6.5,95.8,0.0,856.0,0.0,3980.0
4343,104,115.0,0.0,0.0,1534.0,0.0,11,0,0,0,2,0,0,61.2769,6.15,95.45,0.0,856.0,0.0,3980.0
4344,104,115.0,0.0,0.0,1534.0,0.0,11,0,0,0,2,0,0,60.8692,5.8,95.1,0.0,856.0,0.0,3980.0
4345,105,115.0,1.0,1.0,1535.0,0.0,10,1,0,0,2,0,0,60.4615,5.45,94.75,0.0,856.0,0.0,3980.0
4346,104,115.0,0.0,0.0,1535.0,0.0,11,0,0,0,2,0,0,60.0654,5.1,94.4,0.0,856.0,0.0,3980.0
4347,105,116.0,1.0,0.0,1535.0,0.0,11,0,0,0,2,0,0,59.6692,4.75,94.05,0.0,856.0,0.0,3980.0
4348,105,116.0,0.0,0.0,1535.0,0.0,11,0,0,0,2,0,0,59.2731,4.4,93.7,0.0,856.0,0.0,3980.0
4349,106,116.0,1.0,1.0,1536.0,0.0,7,1,3,1,1,0,0,58.9692,4.05,93.35,0.0,856.0,3.0,3983.0
4350,105,116.0,0.0,0.0,1536.0,0.0,9,0,2,2,0,0,0,59.4412,3.7,92.85,2.0,858.0,4.0,3987.0
4351,106,117.0,1.0,0.0,1536.0,0.0,10,0,1,2,0,0,0,60.6269,13.33,92.35,1.0,859.0,2.0,3989.0
4352,106,116.0,0.0,1.0,1537.0,0.0,9,1,1,2,0,0,0,61.7742,22.96,91.85,0.0,859.0,1.0,3990.0
4353,105,116.0,0.0,0.0,1537.0,0.0,11,0,0,2,0,0,0,62.91,32.59,91.35,0.0,859.0,0.0,3990.0
4354,105,115.0,0.0,1.0,1538.0,0.0,10,1,0,2,0,0,0,64.0458,42.22,90.85,0.0,859.0,0.0,3990.0
4355,106,117.0,2.0,0.0,1538.0,0.0,10,0,1,2,0,0,0,65.1931,51.85,90.35,0.0,859.0,1.0,3991.0
4356,106,115.0,0.0,2.0,1540.0,0.0,8,2,1,2,0,0,0,66.3673,51.7,89.85,1.0,860.0,2.0,3993.0
4357,104,115.0,0.0,0.0,1540.0,0.0,10,0,1,2,0,0,0,67.5492,51.35,89.5,0.0,860.0,1.0,3994.0
4358,104,115.0,0.0,0.0,1540.0,0.0,11,0,0,2,0,0,0,68.6927,51.0,90.615,0.0,860.0,0.0,3994.0
4359,103,115.0,0.0,0.0,1540.0,0.0,9,0,3,1,0,0,0,69.9015,50.65,99.65,0.0,860.0,3.0,3997.0
4360,102,115.0,0.0,0.0,1540.0,0.0,12,0,1,0,0,0,0,70.3615,50.3,99.65,2.0,862.0,3.0,4000.0
4361,102,115.0,0.0,0.0,1540.0,0.0,13,0,0,0,0,0,0,69.9885,49.95,99.3,0.0,862.0,0.0,4000.0
4362,102,115.0,0.0,0.0,1540.0,0.0,11,0,2,0,0,0,0,69.6692,49.6,98.95,0.0,862.0,2.0,4002.0
4363,105,118.0,3.0,0.0,1540.0,0.0,11,0,2,0,0,0,0,69.3769,49.25,98.6,1.0,863.0,3.0,4005.0
4364,105,118.0,0.0,0.0,1540.0,0.0,13,0,0,0,0,0,0,69.0038,48.9,98.25,0.0,863.0,0.0,4005.0
4365,106,118.0,1.0,1.0,1541.0,0.0,10,1,2,0,0,0,0,68.6846,48.55,97.9,0.0,863.0,2.0,4007.0
4366,105,117.0,0.0,1.0,1542.0,0.0,12,1,0,0,0,0,0,68.3231,48.2,97.55,0.0,863.0,0.0,4007.0
4367,104,117.0,0.0,0.0,1542.0,0.0,13,0,0,0,0,0,0,67.9731,47.85,97.2,0.0,863.0,0.0,4007.0
4368,104,117.0,0.0,0.0,1542.0,0.0,12,0,1,0,0,0,0,67.65,47.5,96.85,0.0,863.0,1.0,4008.0
4369,104,117.0,0.0,0.0,1542.0,0.0,13,0,0,0,0,0,0,67.3269,47.15,96.5,1.0,864.0,1.0,4009.0
4370,104,117.0,0.0,0.0,1542.0,0.0,13,0,0,0,0,0,0,66.9654,46.8,96.15,0.0,864.0,0.0,4009.0
4371,105,118.0,1.0,0.0,1542.0,0.0,13,0,0,0,0,0,0,66.5923,46.45,95.8,0.0,864.0,0.0,4009.0
4372,105,118.0,0.0,0.0,1542.0,0.0,13,0,0,0,0,0,0,66.2192,46.1,95.45,0.0,864.0,0.0,4009.0
4373,105,118.0,0.0,0.0,1542.0,0.0,13,0,0,0,0,0,0,65.8346,45.75,95.1,0.0,864.0,0.0,4009.0
4374,105,118.0,0.0,0.0,1542.0,0.0,12,0,1,0,0,0,0,65.4885,45.4,94.75,0.0,864.0,1.0,4010.0
4375,107,120.0,2.0,0.0,1542.0,0.0,12,0,1,0,0,0,0,65.1577,45.05,94.4,1.0,865.0,2.0,4012.0
4376,107,120.0,0.0,0.0,1542.0,0.0,13,0,0,0,0,0,0,64.7615,44.7,94.05,0.0,865.0,0.0,4012.0
4377,108,120.0,1.0,1.0,1543.0,0.0,11,1,1,0,0,0,0,64.3808,44.35,93.7,0.0,865.0,1.0,4013.0
4378,107,120.0,0.0,0.0,1543.0,0.0,12,0,1,0,0,0,0,64.0,44.0,93.35,0.0,865.0,1.0,4014.0
4379,108,121.0,1.0,0.0,1543.0,0.0,12,0,1,0,0,0,0,63.6192,43.65,93.0,0.0,865.0,1.0,4015.0
4380,108,120.0,0.0,1.0,1544.0,0.0,10,1,2,0,0,0,0,63.2192,43.3,92.5,0.0,865.0,2.0,4017.0
4381,107,120.0,0.0,0.0,1544.0,0.0,11,0,2,0,0,0,0,62.8577,42.95,92.5,1.0,866.0,3.0,4020.0
4382,107,119.0,0.0,1.0,1545.0,0.0,12,1,0,0,0,0,0,62.4192,42.45,92.5,1.0,867.0,1.0,4021.0
4383,106,118.0,0.0,1.0,1546.0,0.0,12,1,0,0,0,0,0,61.9538,41.95,92.0,0.0,867.0,0.0,4021.0
4384,105,118.0,0.0,0.0,1546.0,0.0,12,0,1,0,0,0,0,61.5385,41.45,91.5,0.0,867.0,1.0,4022.0
4385,106,118.0,1.0,1.0,1547.0,0.0,12,1,0,0,0,0,0,61.0846,40.95,91.0,0.0,867.0,0.0,4022.0
4386,105,118.0,0.0,0.0,1547.0,0.0,13,0,0,0,0,0,0,60.6423,40.45,90.5,0.0,867.0,0.0,4022.0
4387,107,119.0,2.0,1.0,1548.0,0.0,12,1,0,0,0,0,0,60.2,39.95,90.0,0.0,867.0,0.0,4022.0
4388,106,119.0,0.0,0.0,1548.0,0.0,13,0,0,0,0,0,0,59.7692,39.45,89.5,0.0,867.0,0.0,4022.0
4389,106,118.0,0.0,1.0,1549.0,0.0,12,1,0,0,0,0,0,59.3269,38.95,89.0,0.0,867.0,0.0,4022.0
4390,105,118.0,0.0,0.0,1549.0,0.0,9,0,4,0,0,0,0,59.0154,38.95,88.5,0.0,867.0,4.0,4026.0
4391,106,118.0,1.0,1.0,1550.0,0.0,9,1,3,0,0,0,0,58.7038,38.45,88.35,1.0,868.0,4.0,4030.0
4392,105,118.0,0.0,0.0,1550.0,0.0,12,0,1,0,0,0,0,58.3385,37.95,88.0,1.0,869.0,2.0,4032.0
4393,105,118.0,0.0,0.0,1550.0,0.0,11,0,2,0,0,0,0,57.9731,37.95,88.0,0.0,869.0,2.0,4034.0
4394,105,118.0,0.0,0.0,1550.0,0.0,13,0,0,0,0,0,0,57.5692,37.45,88.0,1.0,870.0,1.0,4035.0
4395,107,120.0,2.0,0.0,1550.0,0.0,13,0,0,0,0,0,0,57.1385,36.95,87.65,0.0,870.0,0.0,4035.0
4396,107,120.0,0.0,0.0,1550.0,0.0,13,0,0,0,0,0,0,56.7077,36.45,87.3,0.0,870.0,0.0,4035.0
4397,107,119.0,0.0,1.0,1551.0,0.0,12,1,0,0,0,0,0,56.2654,35.95,86.95,0.0,870.0,0.0,4035.0
4398,106,118.0,0.0,1.0,1552.0,0.0,11,1,1,0,0,0,0,55.8731,35.45,86.6,0.0,870.0,1.0,4036.0
4399,106,118.0,1.0,1.0,1553.0,0.0,10,1,2,0,0,0,0,55.5077,35.1,86.25,0.0,870.0,2.0,4038.0
4400,105,118.0,0.0,0.0,1553.0,0.0,12,0,1,0,0,0,0,55.1538,34.75,85.9,1.0,871.0,2.0,4040.0
4401,105,117.0,0.0,1.0,1554.0,0.0,9,1,3,0,0,0,0,54.8269,34.4,85.55,0.0,871.0,3.0,4043.0
4402,104,117.0,0.0,0.0,1554.0,0.0,12,0,1,0,0,0,0,54.4731,34.05,85.2,1.0,872.0,2.0,4045.0
4403,105,118.0,1.0,0.0,1554.0,0.0,13,0,0,0,0,0,0,54.0538,33.7,84.85,0.0,872.0,0.0,4045.0
4404,105,118.0,0.0,0.0,1554.0,0.0,13,0,0,0,0,0,0,53.6346,33.35,84.5,0.0,872.0,0.0,4045.0
4405,107,120.0,2.0,0.0,1554.0,0.0,9,0,4,0,0,0,0,53.3346,33.0,84.0,0.0,872.0,4.0,4049.0
4406,107,120.0,0.0,0.0,1554.0,0.0,9,0,4,0,0,0,0,53.1115,32.65,83.5,2.0,874.0,6.0,4055.0
4407,107,120.0,0.0,0.0,1554.0,0.0,12,0,1,0,0,0,0,52.7346,32.3,83.0,1.0,875.0,2.0,4057.0
4408,107,120.0,0.0,0.0,1554.0,0.0,11,0,2,0,0,0,0,52.3462,31.95,82.5,0.0,875.0,2.0,4059.0
4409,107,118.0,0.0,2.0,1556.0,0.0,10,2,1,0,0,0,0,51.9692,31.6,82.0,1.0,876.0,2.0,4061.0
4410,105,117.0,0.0,1.0,1557.0,0.0,11,1,1,0,0,0,0,51.5769,31.25,81.5,0.0,876.0,1.0,4062.0
4411,106,119.0,2.0,0.0,1557.0,0.0,12,0,1,0,0,0,0,51.2346,30.9,81.0,1.0,877.0,2.0,4064.0
4412,106,119.0,0.0,0.0,1557.0,0.0,13,0,0,0,0,0,0,50.8154,30.55,80.5,0.0,877.0,0.0,4064.0
4413,106,119.0,0.0,0.0,1557.0,0.0,13,0,0,0,0,0,0,50.3962,30.2,80.0,0.0,877.0,0.0,4064.0
4414,106,118.0,0.0,1.0,1558.0,0.0,11,1,1,0,0,0,0,49.9923,30.2,79.5,0.0,877.0,1.0,4065.0
4415,106,119.0,1.0,0.0,1558.0,0.0,11,0,2,0,0,0,0,49.6385,30.2,79.0,0.0,877.0,2.0,4067.0
4416,106,119.0,0.0,0.0,1558.0,0.0,12,0,1,0,0,0,0,49.2846,30.2,78.5,1.0,878.0,2.0,4069.0
4417,106,119.0,0.0,0.0,1558.0,0.0,12,0,1,0,0,0,0,48.8808,29.7,78.0,0.0,878.0,1.0,4070.0
4418,106,118.0,0.0,1.0,1559.0,0.0,11,1,1,0,0,0,0,48.4923,29.2,77.5,1.0,879.0,2.0,4072.0
4419,107,120.0,2.0,0.0,1559.0,0.0,11,0,2,0,0,0,0,48.1154,29.2,77.15,0.0,879.0,2.0,4074.0
4420,107,119.0,0.0,1.0,1560.0,0.0,11,1,1,0,0,0,0,47.7385,29.2,76.8,1.0,880.0,2.0,4076.0
4421,106,119.0,0.0,0.0,1560.0,0.0,11,0,2,0,0,0,0,47.3615,28.7,76.8,0.0,880.0,2.0,4078.0
4422,106,119.0,0.0,0.0,1560.0,0.0,10,0,3,0,0,0,0,47.05,28.2,76.8,1.0,881.0,4.0,4082.0
4423,107,119.0,1.0,1.0,1561.0,0.0,10,1,2,0,0,0,0,46.7115,27.7,76.45,1.0,882.0,3.0,4085.0
4424,106,117.0,0.0,2.0,1563.0,0.0,10,2,1,0,0,0,0,46.3192,27.2,76.1,0.0,882.0,1.0,4086.0
4425,105,118.0,1.0,0.0,1563.0,0.0,12,0,1,0,0,0,0,45.9385,26.7,75.75,0.0,882.0,1.0,4087.0
4426,105,118.0,0.0,0.0,1563.0,0.0,13,0,0,0,0,0,0,45.5077,26.2,75.4,0.0,882.0,0.0,4087.0
4427,106,119.0,1.0,0.0,1563.0,0.0,13,0,0,0,0,0,0,45.0769,25.7,75.05,0.0,882.0,0.0,4087.0
4428,106,117.0,0.0,2.0,1565.0,0.0,9,2,2,0,0,0,0,44.7115,25.2,74.7,0.0,882.0,2.0,4089.0
4429,104,116.0,0.0,1.0,1566.0,0.0,9,1,3,0,0,0,0,44.4231,24.7,74.7,1.0,883.0,4.0,4093.0
4430,103,116.0,0.0,0.0,1566.0,0.0,12,0,1,0,0,0,0,44.0808,24.2,74.7,1.0,884.0,2.0,4095.0
4431,103,116.0,0.0,0.0,1566.0,0.0,12,0,1,0,0,0,0,43.7,23.7,74.35,0.0,884.0,1.0,4096.0
4432,103,116.0,0.0,0.0,1566.0,0.0,13,0,0,0,0,0,0,43.2808,23.2,74.0,0.0,884.0,0.0,4096.0
4433,104,115.0,1.0,2.0,1568.0,0.0,11,2,0,0,0,0,0,42.8615,22.7,73.65,0.0,884.0,0.0,4096.0
4434,102,115.0,0.0,0.0,1568.0,0.0,13,0,0,0,0,0,0,42.4538,22.35,73.3,0.0,884.0,0.0,4096.0
4435,105,118.0,3.0,0.0,1568.0,0.0,11,0,2,0,0,0,0,42.1,22.0,73.3,0.0,884.0,2.0,4098.0
4436,105,118.0,0.0,0.0,1568.0,0.0,11,0,2,0,0,0,0,41.7731,21.65,73.3,1.0,885.0,3.0,4101.0
4437,105,116.0,0.0,2.0,1570.0,0.0,10,2,1,0,0,0,0,41.3923,21.3,73.3,0.0,885.0,1.0,4102.0
4438,103,116.0,0.0,0.0,1570.0,0.0,11,0,2,0,0,0,0,41.0885,20.95,73.3,1.0,886.0,3.0,4105.0
4439,103,116.0,0.0,0.0,1570.0,0.0,13,0,0,0,0,0,0,40.6923,20.45,72.95,0.0,886.0,0.0,4105.0
4440,103,116.0,0.0,0.0,1570.0,0.0,9,0,4,0,0,0,0,40.4423,19.95,72.95,0.0,886.0,4.0,4109.0
4441,103,114.0,0.0,2.0,1572.0,0.0,10,2,1,0,0,0,0,40.1923,19.45,72.95,3.0,889.0,4.0,4113.0
4442,101,113.0,0.0,1.0,1573.0,0.0,10,1,2,0,0,0,0,39.9,19.1,72.95,0.0,889.0,2.0,4115.0
4443,101,114.0,1.0,0.0,1573.0,0.0,11,0,2,0,0,0,0,39.6462,18.75,72.6,1.0,890.0,3.0,4118.0
4444,101,114.0,0.0,0.0,1573.0,0.0,11,0,2,0,0,0,0,39.3923,18.4,72.25,1.0,891.0,3.0,4121.0
4445,102,115.0,1.0,0.0,1573.0,0.0,13,0,0,0,0,0,0,39.0577,18.05,71.9,0.0,891.0,0.0,4121.0
4446,102,115.0,0.0,0.0,1573.0,0.0,12,0,1,0,0,0,0,38.75,17.7,71.55,0.0,891.0,1.0,4122.0
4447,104,117.0,2.0,0.0,1573.0,0.0,13,0,0,0,0,0,0,38.3885,17.35,71.2,0.0,891.0,0.0,4122.0
4448,104,117.0,0.0,0.0,1573.0,0.0,13,0,0,0,0,0,0,38.0269,17.0,70.85,0.0,891.0,0.0,4122.0
4449,104,117.0,0.0,0.0,1573.0,0.0,13,0,0,0,0,0,0,37.6538,16.65,70.5,0.0,891.0,0.0,4122.0
4450,104,117.0,0.0,0.0,1573.0,0.0,13,0,0,0,0,0,0,37.2808,16.3,70.15,0.0,891.0,0.0,4122.0
4451,105,118.0,1.0,0.0,1573.0,0.0,12,0,1,0,0,0,0,36.9231,15.95,69.8,0.0,891.0,1.0,4123.0
4452,105,118.0,0.0,0.0,1573.0,0.0,13,0,0,0,0,0,0,36.5154,15.6,69.3,0.0,891.0,0.0,4123.0
4453,105,118.0,0.0,0.0,1573.0,0.0,12,0,1,0,0,0,0,36.1346,15.25,68.8,0.0,891.0,1.0,4124.0
4454,105,117.0,0.0,1.0,1574.0,0.0,11,1,0,0,1,0,0,35.6923,14.9,68.3,0.0,891.0,0.0,4124.0
4455,105,118.0,1.0,0.0,1574.0,0.0,11,0,1,0,1,0,0,35.2885,14.55,67.95,0.0,891.0,1.0,4125.0
4456,105,117.0,0.0,1.0,1575.0,0.0,9,1,2,0,1,0,0,34.9231,14.2,67.6,0.0,891.0,2.0,4127.0
4457,104,117.0,0.0,0.0,1575.0,0.0,11,0,1,0,1,0,0,34.5692,13.85,67.25,1.0,892.0,2.0,4129.0
4458,104,117.0,0.0,0.0,1575.0,0.0,10,0,2,0,1,0,0,34.1923,13.5,66.75,0.0,892.0,2.0,4131.0
4459,106,118.0,2.0,1.0,1576.0,0.0,9,1,1,0,2,0,0,33.8154,13.15,66.25,1.0,893.0,2.0,4133.0
4460,105,115.0,0.0,3.0,1579.0,0.0,8,3,0,0,2,0,0,33.3962,12.8,65.75,0.0,893.0,0.0,4133.0
4461,103,116.0,1.0,0.0,1579.0,0.0,10,0,1,0,2,0,0,33.05,12.45,65.4,0.0,893.0,1.0,4134.0
4462,103,115.0,0.0,1.0,1580.0,0.0,10,1,0,0,2,0,0,32.6654,12.1,65.05,0.0,893.0,0.0,4134.0
4463,103,115.0,0.0,0.0,1580.0,0.0,8,0,2,0,3,0,0,32.3346,11.75,64.7,0.0,893.0,2.0,4136.0
4464,103,115.0,0.0,0.0,1580.0,0.0,9,0,1,0,3,0,0,32.0038,11.4,64.2,1.0,894.0,2.0,4138.0
4465,104,116.0,1.0,0.0,1580.0,0.0,9,0,1,0,3,0,0,31.6462,11.05,63.7,0.0,894.0,1.0,4139.0
4466,104,115.0,0.0,1.0,1581.0,0.0,8,1,1,0,3,0,0,31.3038,10.7,63.2,1.0,895.0,2.0,4141.0
4467,105,116.0,1.0,0.0,1581.0,0.0,10,0,0,0,3,0,0,30.9192,10.35,62.85,0.0,895.0,0.0,4141.0
4468,105,116.0,0.0,0.0,1581.0,0.0,9,0,1,0,3,0,0,30.5731,10.0,62.5,0.0,895.0,1.0,4142.0
4469,105,116.0,0.0,0.0,1581.0,0.0,9,0,1,1,2,0,0,30.2154,9.65,62.15,0.0,895.0,1.0,4143.0
4470,105,116.0,0.0,0.0,1581.0,0.0,10,0,0,1,2,0,0,30.5412,10.9,61.8,0.0,895.0,0.0,4143.0
4471,106,117.0,1.0,0.0,1581.0,0.0,9,0,1,1,2,0,0,30.8938,10.55,61.45,0.0,895.0,1.0,4144.0
4472,106,117.0,0.0,0.0,1581.0,0.0,9,0,1,1,2,0,0,31.2465,10.2,61.1,0.0,895.0,1.0,4145.0
4473,106,116.0,0.0,1.0,1582.0,0.0,9,1,0,2,1,0,0,31.5608,9.85,60.75,0.0,895.0,0.0,4145.0
4474,105,116.0,0.0,0.0,1582.0,0.0,9,0,1,2,1,0,0,32.6454,11.05,60.4,0.0,895.0,1.0,4146.0
4475,108,118.0,3.0,1.0,1583.0,0.0,9,1,0,2,1,0,0,33.6915,10.7,63.86,0.0,895.0,0.0,4146.0
4476,107,118.0,0.0,0.0,1583.0,0.0,10,0,0,2,1,0,0,34.7492,10.35,72.895,0.0,895.0,0.0,4146.0
4477,107,118.0,0.0,0.0,1583.0,0.0,8,0,2,2,1,0,0,35.8608,10.0,81.93,0.0,895.0,2.0,4148.0
4478,107,117.0,0.0,1.0,1584.0,0.0,5,1,4,2,1,0,0,37.0646,9.65,90.965,1.0,896.0,5.0,4153.0
4479,106,117.0,0.0,0.0,1584.0,0.0,8,0,3,1,1,0,0,38.2146,9.3,99.65,1.0,897.0,4.0,4157.0
4480,106,116.0,0.0,1.0,1585.0,0.0,9,1,0,1,2,0,0,38.5888,8.95,99.3,1.0,898.0,1.0,4158.0
4481,106,116.0,0.0,0.0,1585.0,0.0,10,0,0,1,2,0,0,38.9477,8.6,98.95,0.0,898.0,0.0,4158.0
4482,106,116.0,0.0,0.0,1585.0,0.0,8,0,1,1,3,0,0,39.3335,8.25,98.6,0.0,898.0,1.0,4159.0
4483,107,118.0,2.0,0.0,1585.0,0.0,8,0,2,0,3,0,0,39.7308,7.9,99.65,0.0,898.0,2.0,4161.0
4484,107,118.0,0.0,0.0,1585.0,0.0,9,0,1,0,3,0,0,39.4231,7.55,99.3,1.0,899.0,2.0,4163.0
4485,108,119.0,1.0,0.0,1585.0,0.0,9,0,1,0,3,0,0,39.0769,7.2,98.95,0.0,899.0,1.0,4164.0
4486,108,119.0,0.0,0.0,1585.0,0.0,10,0,0,1,2,0,0,38.7038,6.85,98.6,0.0,899.0,0.0,4164.0
4487,108,119.0,0.0,0.0,1585.0,0.0,8,0,2,1,2,0,0,39.1396,12.45,98.25,0.0,899.0,2.0,4166.0
4488,108,119.0,0.0,0.0,1585.0,0.0,9,0,1,1,2,0,0,39.5408,12.1,97.9,1.0,900.0,2.0,4168.0
4489,109,119.0,1.0,1.0,1586.0,0.0,9,1,0,1,2,0,0,39.8881,11.75,97.55,0.0,900.0,0.0,4168.0
4490,108,119.0,0.0,0.0,1586.0,0.0,7,0,4,1,1,0,0,40.3546,11.75,97.2,0.0,900.0,4.0,4172.0
4491,109,120.0,1.0,0.0,1586.0,0.0,7,0,4,1,1,0,0,40.8327,11.4,96.85,0.0,900.0,4.0,4176.0
4492,109,120.0,0.0,0.0,1586.0,0.0,10,0,1,1,1,0,0,41.2838,11.05,96.5,2.0,902.0,3.0,4179.0
4493,109,120.0,0.0,0.0,1586.0,0.0,9,0,0,1,3,0,0,41.6427,10.7,96.15,0.0,902.0,0.0,4179.0
4494,109,120.0,0.0,0.0,1586.0,0.0,9,0,0,1,3,0,0,42.0015,10.35,95.8,0.0,902.0,0.0,4179.0
4495,111,122.0,2.0,0.0,1586.0,0.0,8,0,1,1,3,0,0,42.3988,10.0,95.45,0.0,902.0,1.0,4180.0
4496,110,122.0,0.0,0.0,1586.0,0.0,9,0,0,0,4,0,0,42.7192,9.65,99.65,0.0,902.0,0.0,4180.0
4497,110,122.0,0.0,0.0,1586.0,0.0,9,0,0,0,4,0,0,42.3346,9.3,99.3,0.0,902.0,0.0,4180.0
4498,110,121.0,0.0,1.0,1587.0,0.0,6,1,2,0,4,0,0,42.0154,8.95,98.95,0.0,902.0,2.0,4182.0
4499,111,122.0,1.0,0.0,1587.0,0.0,9,0,0,0,4,0,0,41.6423,8.6,98.6,0.0,902.0,0.0,4182.0
4500,111,121.0,0.0,1.0,1588.0,0.0,6,1,2,0,4,0,0,41.3346,8.25,98.25,0.0,902.0,2.0,4184.0
4501,111,121.0,0.0,0.0,1588.0,0.0,9,0,1,0,3,0,0,41.0385,8.25,97.9,1.0,903.0,2.0,4186.0
4502,111,121.0,0.0,0.0,1588.0,0.0,8,0,1,0,4,0,0,40.7038,7.9,97.55,0.0,903.0,1.0,4187.0
4503,112,122.0,1.0,0.0,1588.0,0.0,8,0,1,0,4,0,0,40.3846,7.55,97.2,1.0,904.0,2.0,4189.0
4504,112,122.0,0.0,0.0,1588.0,0.0,8,0,1,0,4,0,0,40.0385,7.2,96.85,0.0,904.0,1.0,4190.0
4505,113,123.0,1.0,0.0,1588.0,0.0,9,0,0,1,3,0,0,39.6654,6.85,96.5,0.0,904.0,0.0,4190.0
4506,113,123.0,0.0,0.0,1588.0,0.0,9,0,0,1,3,0,0,40.0215,6.5,96.15,0.0,904.0,0.0,4190.0
4507,115,125.0,2.0,0.0,1588.0,0.0,9,0,0,1,3,0,0,40.3777,6.15,95.8,0.0,904.0,0.0,4190.0
4508,115,125.0,0.0,0.0,1588.0,0.0,8,0,2,1,2,0,0,40.7646,6.15,95.3,0.0,904.0,2.0,4192.0
4509,115,123.0,0.0,2.0,1590.0,0.0,3,2,4,1,3,0,0,41.2554,6.15,95.3,1.0,905.0,5.0,4197.0
4510,113,123.0,0.0,0.0,1590.0,0.0,7,0,2,1,3,0,0,41.6923,5.8,94.8,1.0,906.0,3.0,4200.0
4511,113,122.0,0.0,1.0,1591.0,0.0,7,1,1,1,3,0,0,42.0908,5.45,94.8,1.0,907.0,2.0,4202.0
4512,112,122.0,0.0,0.0,1591.0,0.0,9,0,0,2,2,0,0,42.4354,5.1,94.3,0.0,907.0,0.0,4202.0
4513,112,122.0,0.0,0.0,1591.0,0.0,7,0,2,2,2,0,0,43.5565,4.75,93.8,0.0,907.0,2.0,4204.0
4514,112,122.0,0.0,0.0,1591.0,0.0,8,0,1,2,2,0,0,44.6777,4.4,93.3,1.0,908.0,2.0,4206.0
4515,113,122.0,2.0,2.0,1593.0,0.0,7,2,0,1,3,0,0,45.7181,4.05,99.65,0.0,908.0,0.0,4206.0
4516,112,122.0,0.0,0.0,1593.0,0.0,9,0,0,1,3,0,0,46.0677,3.7,99.3,0.0,908.0,0.0,4206.0
4517,113,123.0,1.0,0.0,1593.0,0.0,9,0,0,2,2,0,0,46.4173,3.35,98.95,0.0,908.0,0.0,4206.0
4518,113,122.0,0.0,1.0,1594.0,0.0,8,1,0,2,2,0,0,47.5065,3.0,98.6,0.0,908.0,0.0,4206.0
4519,113,123.0,1.0,0.0,1594.0,0.0,9,0,0,2,2,0,0,48.5958,2.65,98.25,0.0,908.0,0.0,4206.0
4520,113,123.0,0.0,0.0,1594.0,0.0,9,0,0,2,2,0,0,49.6735,2.3,97.9,0.0,908.0,0.0,4206.0
4521,113,123.0,0.0,0.0,1594.0,0.0,9,0,0,2,2,0,0,50.7512,1.95,97.55,0.0,908.0,0.0,4206.0
4522,112,122.0,0.0,1.0,1595.0,0.0,9,1,0,1,2,0,0,51.8019,1.6,99.65,0.0,908.0,0.0,4206.0
4523,112,123.0,1.0,0.0,1595.0,0.0,10,0,0,1,2,0,0,52.1569,1.25,99.3,0.0,908.0,0.0,4206.0
4524,112,121.0,0.0,2.0,1597.0,0.0,8,2,0,1,2,0,0,52.5119,0.9,98.95,0.0,908.0,0.0,4206.0
4525,111,121.0,1.0,1.0,1598.0,0.0,9,1,0,2,1,0,0,52.89,0.55,98.6,0.0,908.0,0.0,4206.0
4526,111,121.0,0.0,0.0,1598.0,0.0,10,0,0,2,1,0,0,54.0715,10.495,98.25,0.0,908.0,0.0,4206.0
4527,110,121.0,0.0,0.0,1598.0,0.0,11,0,0,1,1,0,0,55.2262,10.65,99.65,0.0,908.0,0.0,4206.0
4528,110,121.0,0.0,0.0,1598.0,0.0,11,0,0,1,1,0,0,55.6681,10.3,99.3,0.0,908.0,0.0,4206.0
4529,110,121.0,0.0,0.0,1598.0,0.0,11,0,0,1,1,0,0,56.11,9.95,98.95,0.0,908.0,0.0,4206.0
4530,110,121.0,0.0,0.0,1598.0,0.0,11,0,0,1,1,0,0,56.5404,9.6,98.6,0.0,908.0,0.0,4206.0
4531,113,124.0,3.0,0.0,1598.0,0.0,10,0,0,2,1,0,0,56.9708,9.25,98.25,0.0,908.0,0.0,4206.0
4532,113,124.0,0.0,0.0,1598.0,0.0,10,0,0,2,1,0,0,58.1262,14.35,97.9,0.0,908.0,0.0,4206.0
4533,113,124.0,0.0,0.0,1598.0,0.0,10,0,0,2,1,0,0,59.27,14.0,97.55,0.0,908.0,0.0,4206.0
4534,113,124.0,0.0,0.0,1598.0,0.0,9,0,1,2,1,0,0,60.4292,13.65,97.2,0.0,908.0,1.0,4207.0
4535,113,125.0,1.0,0.0,1598.0,0.0,11,0,0,1,1,0,0,61.5346,13.3,99.65,0.0,908.0,0.0,4207.0
4536,113,124.0,0.0,1.0,1599.0,0.0,10,1,0,1,1,0,0,61.875,12.95,99.3,0.0,908.0,0.0,4207.0
4537,112,123.0,0.0,1.0,1600.0,0.0,10,1,0,1,1,0,0,62.2269,12.6,98.95,0.0,908.0,0.0,4207.0
4538,112,123.0,0.0,0.0,1600.0,0.0,10,0,1,1,1,0,0,62.6058,12.25,98.6,0.0,908.0,1.0,4208.0
4539,113,124.0,1.0,0.0,1600.0,0.0,10,0,1,1,1,0,0,62.9731,12.25,98.25,0.0,908.0,1.0,4209.0
4540,113,124.0,0.0,0.0,1600.0,0.0,9,0,1,1,2,0,0,63.3635,11.9,97.9,0.0,908.0,1.0,4210.0
4541,113,124.0,0.0,0.0,1600.0,0.0,11,0,0,0,2,0,0,63.6885,11.55,99.65,0.0,908.0,0.0,4210.0
4542,113,124.0,0.0,0.0,1600.0,0.0,10,0,1,0,2,0,0,63.3423,11.2,99.3,0.0,908.0,1.0,4211.0
4543,114,124.0,1.0,1.0,1601.0,0.0,9,1,1,0,2,0,0,62.9846,10.85,98.95,0.0,908.0,1.0,4212.0
4544,113,124.0,0.0,0.0,1601.0,0.0,9,0,2,0,2,0,0,62.6654,10.5,98.6,0.0,908.0,2.0,4214.0
4545,115,126.0,2.0,0.0,1601.0,0.0,9,0,2,0,2,0,0,62.3615,10.15,98.25,1.0,909.0,3.0,4217.0
4546,115,126.0,0.0,0.0,1601.0,0.0,11,0,1,0,1,0,0,61.9923,9.8,97.9,0.0,909.0,1.0,4218.0
4547,116,127.0,1.0,0.0,1601.0,0.0,9,0,3,0,1,0,0,61.6885,9.8,97.55,0.0,909.0,3.0,4221.0
4548,116,127.0,0.0,0.0,1601.0,0.0,11,0,0,0,2,0,0,61.2808,9.45,97.2,0.0,909.0,0.0,4221.0
4549,116,127.0,0.0,0.0,1601.0,0.0,9,0,2,0,2,0,0,60.9385,9.1,96.85,0.0,909.0,2.0,4223.0
4550,116,126.0,0.0,1.0,1602.0,0.0,8,1,2,0,2,0,0,60.6231,8.75,96.5,1.0,910.0,3.0,4226.0
4551,115,124.0,0.0,2.0,1604.0,0.0,7,2,2,0,2,0,0,60.2692,8.4,96.15,0.0,910.0,2.0,4228.0
4552,113,124.0,0.0,0.0,1604.0,0.0,9,0,1,0,3,0,0,59.9385,8.05,95.8,1.0,911.0,2.0,4230.0
4553,113,124.0,0.0,0.0,1604.0,0.0,10,0,0,0,3,0,0,59.5423,7.7,95.45,0.0,911.0,0.0,4230.0
4554,113,124.0,0.0,0.0,1604.0,0.0,9,0,1,0,3,0,0,59.1731,7.35,95.1,0.0,911.0,1.0,4231.0
4555,116,127.0,3.0,0.0,1604.0,0.0,8,0,2,0,3,0,0,58.8692,7.0,94.75,1.0,912.0,3.0,4234.0
4556,116,126.0,0.0,1.0,1605.0,0.0,9,1,0,0,3,0,0,58.4615,6.65,94.4,0.0,912.0,0.0,4234.0
4557,116,126.0,0.0,0.0,1605.0,0.0,8,0,2,0,3,0,0,58.1423,6.3,94.05,0.0,912.0,2.0,4236.0
4558,116,126.0,0.0,0.0,1605.0,0.0,9,0,1,0,3,0,0,57.8231,5.95,93.7,1.0,913.0,2.0,4238.0
4559,117,127.0,1.0,0.0,1605.0,0.0,9,0,1,0,3,0,0,57.4538,5.6,93.35,0.0,913.0,1.0,4239.0
4560,117,127.0,0.0,0.0,1605.0,0.0,8,0,2,0,3,0,0,57.1115,5.25,93.0,0.0,913.0,2.0,4241.0
4561,117,127.0,0.0,0.0,1605.0,0.0,10,0,1,0,2,0,0,56.7308,4.9,92.65,0.0,913.0,1.0,4242.0
4562,117,127.0,0.0,0.0,1605.0,0.0,10,0,0,0,3,0,0,56.3231,4.55,92.3,0.0,913.0,0.0,4242.0
4563,118,128.0,1.0,0.0,1605.0,0.0,9,0,1,0,3,0,0,55.9423,4.2,92.3,0.0,913.0,1.0,4243.0
4564,118,127.0,0.0,1.0,1606.0,0.0,9,1,0,0,3,0,0,55.5346,3.85,91.95,0.0,913.0,0.0,4243.0
4565,118,127.0,1.0,1.0,1607.0,0.0,8,1,1,0,3,0,0,55.1769,3.5,91.6,0.0,913.0,1.0,4244.0
4566,117,127.0,0.0,0.0,1607.0,0.0,10,0,0,1,2,0,0,54.7923,3.15,91.25,0.0,913.0,0.0,4244.0
4567,118,127.0,1.0,1.0,1608.0,0.0,9,1,0,2,1,0,0,55.16,2.8,90.9,0.0,913.0,0.0,4244.0
4568,117,126.0,0.0,1.0,1609.0,0.0,9,1,0,2,1,0,0,56.3138,9.65,90.55,0.0,913.0,0.0,4244.0
4569,116,126.0,0.0,0.0,1609.0,0.0,10,0,0,2,1,0,0,57.4562,9.3,90.05,0.0,913.0,0.0,4244.0
4570,116,125.0,0.0,1.0,1610.0,0.0,9,1,0,2,1,0,0,58.5985,8.95,89.55,0.0,913.0,0.0,4244.0
4571,116,126.0,1.0,0.0,1610.0,0.0,10,0,0,2,1,0,0,59.7292,8.6,89.05,0.0,913.0,0.0,4244.0
4572,116,126.0,0.0,0.0,1610.0,0.0,10,0,0,2,1,0,0,60.8485,8.25,88.55,0.0,913.0,0.0,4244.0
4573,117,126.0,1.0,1.0,1611.0,0.0,9,1,1,2,0,0,0,61.9946,8.25,88.05,0.0,913.0,1.0,4245.0
4574,116,125.0,0.0,1.0,1612.0,0.0,9,1,0,2,1,0,0,63.1254,7.9,87.55,0.0,913.0,0.0,4245.0
4575,116,126.0,1.0,0.0,1612.0,0.0,10,0,0,2,1,0,0,64.2677,7.55,90.57,0.0,913.0,0.0,4245.0
4576,115,126.0,0.0,0.0,1612.0,0.0,9,0,2,1,1,0,0,65.4138,7.2,99.65,0.0,913.0,2.0,4247.0
4577,114,126.0,0.0,0.0,1612.0,0.0,8,0,4,0,1,0,0,65.8846,6.85,99.65,0.0,913.0,4.0,4251.0
4578,114,125.0,0.0,1.0,1613.0,0.0,7,1,4,0,1,0,0,65.6615,6.5,99.3,2.0,915.0,6.0,4257.0
4579,115,127.0,2.0,0.0,1613.0,0.0,11,0,1,0,1,0,0,65.3192,6.15,98.95,1.0,916.0,2.0,4259.0
4580,115,126.0,0.0,1.0,1614.0,0.0,10,1,1,0,1,0,0,64.9654,5.8,98.6,1.0,917.0,2.0,4261.0
4581,114,126.0,0.0,0.0,1614.0,0.0,12,0,0,0,1,0,0,64.5692,5.45,98.25,0.0,917.0,0.0,4261.0
4582,114,126.0,0.0,0.0,1614.0,0.0,11,0,0,0,2,0,0,64.1615,5.1,97.9,0.0,917.0,0.0,4261.0
4583,114,126.0,0.0,0.0,1614.0,0.0,11,0,0,0,2,0,0,63.7654,4.75,97.55,0.0,917.0,0.0,4261.0
4584,114,126.0,0.0,0.0,1614.0,0.0,9,0,2,1,1,0,0,63.4346,4.4,97.2,0.0,917.0,2.0,4263.0
4585,115,127.0,1.0,0.0,1614.0,0.0,10,0,1,1,1,0,0,63.8662,13.75,96.85,1.0,918.0,2.0,4265.0
4586,115,127.0,0.0,0.0,1614.0,0.0,11,0,0,1,1,0,0,64.2323,13.4,96.5,0.0,918.0,0.0,4265.0
4587,117,129.0,2.0,0.0,1614.0,0.0,11,0,0,1,1,0,0,64.5985,13.05,96.15,0.0,918.0,0.0,4265.0
4588,117,128.0,0.0,1.0,1615.0,0.0,10,1,0,1,1,0,0,64.9646,12.7,95.8,0.0,918.0,0.0,4265.0
4589,116,128.0,0.0,0.0,1615.0,0.0,11,0,1,1,0,0,0,65.3692,12.7,95.45,0.0,918.0,1.0,4266.0
4590,116,128.0,0.0,0.0,1615.0,0.0,10,0,2,1,0,0,0,65.7892,12.7,95.1,0.0,918.0,2.0,4268.0
4591,117,129.0,1.0,0.0,1615.0,0.0,10,0,2,1,0,0,0,66.2362,12.7,94.75,1.0,919.0,3.0,4271.0
4592,117,128.0,0.0,1.0,1616.0,0.0,8,1,2,1,1,0,0,66.6946,12.35,94.4,1.0,920.0,3.0,4274.0
4593,117,128.0,0.0,0.0,1616.0,0.0,8,0,3,1,1,0,0,67.1531,12.0,94.05,0.0,920.0,3.0,4277.0
4594,116,128.0,0.0,0.0,1616.0,0.0,10,0,2,0,1,0,0,67.5962,11.65,99.65,1.0,921.0,3.0,4280.0
4595,118,129.0,2.0,1.0,1617.0,0.0,11,1,0,0,1,0,0,67.2115,11.3,99.3,0.0,921.0,0.0,4280.0
4596,117,129.0,0.0,0.0,1617.0,0.0,12,0,0,0,1,0,0,66.8385,10.95,98.95,0.0,921.0,0.0,4280.0
4597,117,128.0,0.0,1.0,1618.0,0.0,11,1,0,0,1,0,0,66.4423,10.6,98.6,0.0,921.0,0.0,4280.0
4598,116,128.0,0.0,0.0,1618.0,0.0,12,0,0,0,1,0,0,66.0462,10.25,98.25,0.0,921.0,0.0,4280.0
4599,116,128.0,0.0,0.0,1618.0,0.0,12,0,0,0,1,0,0,65.6385,9.9,97.9,0.0,921.0,0.0,4280.0
4600,116,128.0,0.0,0.0,1618.0,0.0,12,0,0,0,1,0,0,65.2308,9.55,97.55,0.0,921.0,0.0,4280.0
4601,117,127.0,1.0,2.0,1620.0,0.0,10,2,0,1,0,0,0,64.8115,9.2,97.2,0.0,921.0,0.0,4280.0
4602,115,127.0,0.0,0.0,1620.0,0.0,10,0,2,1,0,0,0,65.2062,15.55,96.85,0.0,921.0,2.0,4282.0
4603,117,128.0,2.0,1.0,1621.0,0.0,10,1,1,1,0,0,0,65.5892,15.05,96.5,1.0,922.0,2.0,4284.0
4604,116,128.0,0.0,0.0,1621.0,0.0,11,0,0,1,1,0,0,65.9185,14.55,96.15,0.0,922.0,0.0,4284.0
4605,117,129.0,1.0,0.0,1621.0,0.0,11,0,0,1,1,0,0,66.2477,14.2,95.8,0.0,922.0,0.0,4284.0
4606,117,128.0,0.0,1.0,1622.0,0.0,9,1,1,1,1,0,0,66.6038,13.85,95.3,0.0,922.0,1.0,4285.0
4607,117,127.0,0.0,1.0,1623.0,0.0,10,1,0,1,1,0,0,66.9331,13.5,94.8,0.0,922.0,0.0,4285.0
4608,116,127.0,0.0,0.0,1623.0,0.0,11,0,0,1,1,0,0,67.2738,13.15,94.3,0.0,922.0,0.0,4285.0
4609,116,127.0,0.0,0.0,1623.0,0.0,10,0,1,1,1,0,0,67.6531,12.8,94.3,0.0,922.0,1.0,4286.0
4610,116,127.0,0.0,0.0,1623.0,0.0,8,0,4,1,0,0,0,68.1131,12.8,94.3,0.0,922.0,4.0,4290.0
4611,116,128.0,1.0,0.0,1623.0,0.0,11,0,2,0,0,0,0,68.5462,12.8,99.65,2.0,924.0,4.0,4294.0
4612,116,128.0,0.0,0.0,1623.0,0.0,12,0,0,0,1,0,0,68.1385,12.45,99.3,0.0,924.0,0.0,4294.0
4613,116,127.0,0.0,1.0,1624.0,0.0,11,1,0,0,1,0,0,67.7308,12.1,98.95,0.0,924.0,0.0,4294.0
4614,115,127.0,0.0,0.0,1624.0,0.0,12,0,0,0,1,0,0,67.3346,11.75,98.6,0.0,924.0,0.0,4294.0
4615,118,129.0,3.0,1.0,1625.0,0.0,11,1,0,0,1,0,0,66.9269,11.4,98.25,0.0,924.0,0.0,4294.0
4616,117,129.0,0.0,0.0,1625.0,0.0,11,0,1,0,1,0,0,66.5692,11.05,97.9,0.0,924.0,1.0,4295.0
4617,117,129.0,0.0,0.0,1625.0,0.0,12,0,0,0,1,0,0,66.1731,10.7,97.55,0.0,924.0,0.0,4295.0
4618,117,129.0,0.0,0.0,1625.0,0.0,12,0,0,0,1,0,0,65.7654,10.35,97.2,0.0,924.0,0.0,4295.0
4619,118,130.0,1.0,0.0,1625.0,0.0,12,0,0,0,1,0,0,65.3462,10.0,96.85,0.0,924.0,0.0,4295.0
4620,118,129.0,0.0,1.0,1626.0,0.0,11,1,0,0,1,0,0,64.9154,9.65,96.5,0.0,924.0,0.0,4295.0
4621,117,129.0,0.0,0.0,1626.0,0.0,12,0,0,0,1,0,0,64.4846,9.3,96.15,0.0,924.0,0.0,4295.0
4622,117,128.0,0.0,1.0,1627.0,0.0,10,1,1,0,1,0,0,64.0577,8.95,96.15,0.0,924.0,1.0,4296.0
4623,116,127.0,0.0,1.0,1628.0,0.0,11,1,0,0,1,0,0,63.6154,8.6,95.8,0.0,924.0,0.0,4296.0
4624,115,126.0,0.0,1.0,1629.0,0.0,9,1,2,0,1,0,0,63.2615,8.25,95.45,0.0,924.0,2.0,4298.0
4625,115,127.0,1.0,0.0,1629.0,0.0,11,0,1,0,1,0,0,62.9077,7.9,95.1,1.0,925.0,2.0,4300.0
4626,115,127.0,0.0,0.0,1629.0,0.0,9,0,3,0,1,0,0,62.5808,7.55,94.75,0.0,925.0,3.0,4303.0
4627,117,129.0,2.0,0.0,1629.0,0.0,11,0,1,0,1,0,0,62.2269,7.2,94.4,1.0,926.0,2.0,4305.0
4628,117,129.0,0.0,0.0,1629.0,0.0,11,0,1,0,1,0,0,61.8346,6.85,94.05,0.0,926.0,1.0,4306.0
4629,118,129.0,1.0,1.0,1630.0,0.0,11,1,0,0,1,0,0,61.4038,6.5,93.7,0.0,926.0,0.0,4306.0
4630,117,128.0,0.0,1.0,1631.0,0.0,11,1,0,0,1,0,0,60.9846,6.15,93.35,0.0,926.0,0.0,4306.0
4631,116,127.0,0.0,1.0,1632.0,0.0,11,1,0,0,1,0,0,60.5769,5.8,93.0,0.0,926.0,0.0,4306.0
4632,115,126.0,0.0,1.0,1633.0,0.0,11,1,0,0,1,0,0,60.1808,5.45,92.65,0.0,926.0,0.0,4306.0
4633,114,124.0,0.0,2.0,1635.0,0.0,9,2,1,0,1,0,0,59.8231,5.1,92.3,0.0,926.0,1.0,4307.0
4634,112,124.0,0.0,0.0,1635.0,0.0,12,0,0,0,1,0,0,59.4615,4.75,91.95,0.0,926.0,0.0,4307.0
4635,114,126.0,2.0,0.0,1635.0,0.0,12,0,0,0,1,0,0,59.1,4.4,91.6,0.0,926.0,0.0,4307.0
4636,114,126.0,0.0,0.0,1635.0,0.0,12,0,0,1,0,0,0,58.7385,4.05,91.25,0.0,926.0,0.0,4307.0
4637,114,126.0,0.0,0.0,1635.0,0.0,12,0,0,1,0,0,0,59.1304,13.645,90.9,0.0,926.0,0.0,4307.0
4638,114,126.0,0.0,0.0,1635.0,0.0,12,0,0,1,0,0,0,59.5108,23.24,90.55,0.0,926.0,0.0,4307.0
4639,115,127.0,1.0,0.0,1635.0,0.0,12,0,0,1,0,0,0,59.8796,32.835,90.2,0.0,926.0,0.0,4307.0
4640,115,126.0,0.0,1.0,1636.0,0.0,8,1,3,1,0,0,0,60.3177,40.1,90.2,0.0,926.0,3.0,4310.0
4641,114,126.0,0.0,0.0,1636.0,0.0,11,0,1,1,0,0,0,60.7288,39.6,89.85,1.0,927.0,2.0,4312.0
4642,114,125.0,0.0,1.0,1637.0,0.0,11,1,0,1,0,0,0,61.0631,39.1,89.35,0.0,927.0,0.0,4312.0
4643,115,127.0,2.0,0.0,1637.0,0.0,12,0,0,1,0,0,0,61.4088,38.6,88.85,0.0,927.0,0.0,4312.0
4644,115,127.0,0.0,0.0,1637.0,0.0,12,0,0,1,0,0,0,61.7546,38.1,88.35,0.0,927.0,0.0,4312.0
4645,116,128.0,1.0,0.0,1637.0,0.0,12,0,0,1,0,0,0,62.0888,37.6,90.405,0.0,927.0,0.0,4312.0
4646,115,128.0,0.0,0.0,1637.0,0.0,13,0,0,0,0,0,0,62.3962,37.1,99.65,0.0,927.0,0.0,4312.0
4647,115,127.0,0.0,1.0,1638.0,0.0,12,1,0,0,0,0,0,61.9538,36.6,99.3,0.0,927.0,0.0,4312.0
4648,114,127.0,0.0,0.0,1638.0,0.0,12,0,1,0,0,0,0,61.55,36.1,98.95,0.0,927.0,1.0,4313.0
4649,114,127.0,0.0,0.0,1638.0,0.0,12,0,1,0,0,0,0,61.1846,35.6,98.6,1.0,928.0,2.0,4315.0
4650,114,126.0,0.0,1.0,1639.0,0.0,9,1,3,0,0,0,0,60.8462,35.1,98.25,0.0,928.0,3.0,4318.0
4651,115,127.0,2.0,1.0,1640.0,0.0,11,1,1,0,0,0,0,60.5462,34.6,97.9,2.0,930.0,3.0,4321.0
4652,114,126.0,0.0,1.0,1641.0,0.0,11,1,1,0,0,0,0,60.1808,34.1,97.55,1.0,931.0,1.0,4322.0
4653,114,125.0,0.0,1.0,1642.0,0.0,11,2,0,0,0,0,0,59.8,33.75,97.2,0.0,931.0,0.0,4322.0
4654,112,124.0,0.0,1.0,1643.0,0.0,12,1,0,0,0,0,0,59.4038,33.4,96.85,0.0,931.0,0.0,4322.0
4655,112,125.0,1.0,0.0,1643.0,0.0,13,0,0,0,0,0,0,59.0192,33.05,96.5,0.0,931.0,0.0,4322.0
4656,112,125.0,0.0,0.0,1643.0,0.0,13,0,0,0,0,0,0,58.6346,32.7,96.15,0.0,931.0,0.0,4322.0
4657,113,125.0,1.0,1.0,1644.0,0.0,12,1,0,0,0,0,0,58.25,32.35,95.8,0.0,931.0,0.0,4322.0
4658,112,125.0,0.0,0.0,1644.0,0.0,13,0,0,0,0,0,0,57.8769,32.0,95.45,0.0,931.0,0.0,4322.0
4659,113,126.0,1.0,0.0,1644.0,0.0,12,0,1,0,0,0,0,57.5308,31.65,95.45,0.0,931.0,1.0,4323.0
4660,113,126.0,0.0,0.0,1644.0,0.0,13,0,0,0,0,0,0,57.1231,31.3,95.1,0.0,931.0,0.0,4323.0
4661,113,125.0,0.0,1.0,1645.0,0.0,12,1,0,0,0,0,0,56.7154,30.95,94.75,0.0,931.0,0.0,4323.0
4662,112,124.0,0.0,1.0,1646.0,0.0,12,1,0,0,0,0,0,56.3077,30.6,94.4,0.0,931.0,0.0,4323.0
4663,112,125.0,1.0,0.0,1646.0,0.0,13,0,0,0,0,0,0,55.9115,30.25,94.05,0.0,931.0,0.0,4323.0
4664,112,124.0,0.0,1.0,1647.0,0.0,11,1,1,0,0,0,0,55.5423,29.9,93.7,0.0,931.0,1.0,4324.0
4665,112,125.0,1.0,0.0,1647.0,0.0,9,0,4,0,0,0,0,55.3154,29.55,93.35,1.0,932.0,5.0,4329.0
4666,112,125.0,0.0,0.0,1647.0,0.0,12,0,1,0,0,0,0,54.9731,29.2,93.0,1.0,933.0,2.0,4331.0
4667,113,126.0,1.0,0.0,1647.0,0.0,12,0,1,0,0,0,0,54.6038,28.85,92.65,0.0,933.0,1.0,4332.0
4668,113,126.0,0.0,0.0,1647.0,0.0,13,0,0,0,0,0,0,54.1962,28.5,92.3,0.0,933.0,0.0,4332.0
4669,113,125.0,0.0,1.0,1648.0,0.0,12,1,0,0,0,0,0,53.7885,28.15,91.95,0.0,933.0,0.0,4332.0
4670,112,124.0,0.0,1.0,1649.0,0.0,12,1,0,0,0,0,0,53.3808,27.65,91.6,0.0,933.0,0.0,4332.0
4671,112,125.0,1.0,0.0,1649.0,0.0,12,0,1,0,0,0,0,53.0115,27.15,91.25,0.0,933.0,1.0,4333.0
4672,112,125.0,0.0,0.0,1649.0,0.0,11,0,2,0,0,0,0,52.6731,26.65,90.75,1.0,934.0,3.0,4336.0
4673,112,125.0,0.0,0.0,1649.0,0.0,13,0,0,0,0,0,0,52.2308,26.15,90.25,0.0,934.0,0.0,4336.0
4674,112,125.0,0.0,0.0,1649.0,0.0,11,0,2,0,0,0,0,51.8538,25.95,89.75,0.0,934.0,2.0,4338.0
4675,115,128.0,3.0,0.0,1649.0,0.0,11,0,2,0,0,0,0,51.4769,25.45,89.25,0.0,934.0,2.0,4340.0
4676,115,128.0,0.0,0.0,1649.0,0.0,12,0,1,0,0,0,0,51.1,24.95,88.75,1.0,935.0,2.0,4342.0
4677,115,126.0,0.0,2.0,1651.0,0.0,9,2,2,0,0,0,0,50.7346,24.45,88.75,0.0,935.0,2.0,4344.0
4678,113,125.0,0.0,1.0,1652.0,0.0,11,1,1,0,0,0,0,50.3923,23.95,88.75,1.0,936.0,2.0,4346.0
4679,112,125.0,0.0,0.0,1652.0,0.0,13,0,0,0,0,0,0,49.9846,23.6,88.25,0.0,936.0,0.0,4346.0
4680,112,125.0,0.0,0.0,1652.0,0.0,10,0,3,0,0,0,0,49.6692,23.25,88.25,0.0,936.0,3.0,4349.0
4681,112,124.0,0.0,1.0,1653.0,0.0,11,1,1,0,0,0,0,49.3154,22.9,87.75,1.0,937.0,2.0,4351.0
4682,111,124.0,0.0,0.0,1653.0,0.0,13,0,0,0,0,0,0,48.9192,22.55,87.25,0.0,937.0,0.0,4351.0
4683,112,125.0,1.0,0.0,1653.0,0.0,12,0,1,0,0,0,0,48.5769,22.2,86.75,0.0,937.0,1.0,4352.0
4684,112,125.0,0.0,0.0,1653.0,0.0,13,0,0,0,0,0,0,48.2346,21.85,86.25,1.0,938.0,1.0,4353.0
4685,114,127.0,2.0,0.0,1653.0,0.0,13,0,0,0,0,0,0,47.8269,21.5,85.75,0.0,938.0,0.0,4353.0
4686,114,126.0,0.0,1.0,1654.0,0.0,12,1,0,0,0,0,0,47.4077,21.15,85.25,0.0,938.0,0.0,4353.0
4687,114,125.0,1.0,2.0,1656.0,0.0,11,2,0,0,0,0,0,47.0,20.8,84.75,0.0,938.0,0.0,4353.0
4688,112,124.0,0.0,1.0,1657.0,0.0,8,1,4,0,0,0,0,46.7115,20.45,84.25,0.0,938.0,4.0,4357.0
4689,111,124.0,0.0,0.0,1657.0,0.0,11,0,2,0,0,0,0,46.4346,20.1,83.75,2.0,940.0,4.0,4361.0
4690,111,124.0,0.0,0.0,1657.0,0.0,13,0,0,0,0,0,0,46.0385,19.75,83.25,0.0,940.0,0.0,4361.0
4691,112,125.0,1.0,0.0,1657.0,0.0,13,0,0,0,0,0,0,45.6192,19.25,82.75,0.0,940.0,0.0,4361.0
4692,112,125.0,0.0,0.0,1657.0,0.0,13,0,0,0,0,0,0,45.2,18.75,82.25,0.0,940.0,0.0,4361.0
4693,112,124.0,0.0,1.0,1658.0,0.0,12,1,0,0,0,0,0,44.7808,18.25,81.75,0.0,940.0,0.0,4361.0
4694,111,124.0,0.0,0.0,1658.0,0.0,12,0,1,0,0,0,0,44.4,17.75,81.75,0.0,940.0,1.0,4362.0
4695,112,125.0,1.0,0.0,1658.0,0.0,13,0,0,0,0,0,0,43.9808,17.25,81.25,0.0,940.0,0.0,4362.0
4696,112,125.0,0.0,0.0,1658.0,0.0,13,0,0,0,0,0,0,43.5615,16.75,80.75,0.0,940.0,0.0,4362.0
4697,112,124.0,0.0,1.0,1659.0,0.0,12,1,0,0,0,0,0,43.1423,16.25,80.25,0.0,940.0,0.0,4362.0
4698,111,124.0,0.0,0.0,1659.0,0.0,12,0,1,0,0,0,0,42.7615,15.75,79.75,0.0,940.0,1.0,4363.0
4699,114,126.0,3.0,1.0,1660.0,0.0,12,1,0,0,0,0,0,42.3308,15.25,79.25,0.0,940.0,0.0,4363.0
4700,113,126.0,0.0,0.0,1660.0,0.0,12,0,0,0,1,0,0,41.9115,14.75,78.75,0.0,940.0,0.0,4363.0
4701,113,126.0,0.0,0.0,1660.0,0.0,11,0,1,0,1,0,0,41.5308,14.4,78.25,0.0,940.0,1.0,4364.0
4702,113,125.0,0.0,1.0,1661.0,0.0,8,1,3,0,1,0,0,41.1923,14.05,77.75,0.0,940.0,3.0,4367.0
4703,112,125.0,0.0,0.0,1661.0,0.0,8,0,4,0,1,0,0,40.9577,13.7,77.4,2.0,942.0,6.0,4373.0
4704,112,125.0,0.0,0.0,1661.0,0.0,10,0,1,0,2,0,0,40.6038,13.35,77.05,1.0,943.0,2.0,4375.0
4705,113,126.0,1.0,0.0,1661.0,0.0,11,0,1,0,1,0,0,40.2231,13.0,76.7,0.0,943.0,1.0,4376.0
4706,113,126.0,0.0,0.0,1661.0,0.0,9,0,2,0,2,0,0,39.8808,12.65,76.35,0.0,943.0,2.0,4378.0
4707,114,127.0,1.0,0.0,1661.0,0.0,10,0,1,0,2,0,0,39.5154,12.3,76.35,1.0,944.0,2.0,4380.0
4708,114,127.0,0.0,0.0,1661.0,0.0,11,0,0,0,2,0,0,39.0962,11.95,76.0,0.0,944.0,0.0,4380.0
4709,114,125.0,0.0,2.0,1663.0,0.0,8,2,1,0,2,0,0,38.7038,11.6,75.65,0.0,944.0,1.0,4381.0
4710,113,125.0,0.0,0.0,1663.0,0.0,10,0,1,0,2,0,0,38.3231,11.25,75.15,0.0,944.0,1.0,4382.0
4711,114,126.0,1.0,0.0,1663.0,0.0,11,0,1,0,1,0,0,37.9423,11.25,74.65,0.0,944.0,1.0,4383.0
4712,114,125.0,0.0,1.0,1664.0,0.0,9,1,1,0,2,0,0,37.5615,10.9,74.15,0.0,944.0,1.0,4384.0
4713,114,125.0,1.0,1.0,1665.0,0.0,10,1,0,0,2,0,0,37.1654,10.55,73.65,0.0,944.0,0.0,4384.0
4714,113,125.0,0.0,0.0,1665.0,0.0,11,0,0,0,2,0,0,36.7808,10.2,73.15,0.0,944.0,0.0,4384.0
4715,115,127.0,2.0,0.0,1665.0,0.0,11,0,0,0,2,0,0,36.3962,9.85,72.65,0.0,944.0,0.0,4384.0
4716,115,126.0,0.0,1.0,1666.0,0.0,9,1,2,0,1,0,0,36.0538,9.85,72.15,0.0,944.0,2.0,4386.0
4717,114,124.0,0.0,2.0,1668.0,0.0,7,2,3,0,1,0,0,35.7654,9.85,71.8,1.0,945.0,4.0,4390.0
4718,113,124.0,0.0,0.0,1668.0,0.0,11,0,1,0,1,0,0,35.4346,9.85,71.45,1.0,946.0,2.0,4392.0
4719,113,123.0,0.0,1.0,1669.0,0.0,9,1,1,0,2,0,0,35.0769,9.5,71.1,0.0,946.0,1.0,4393.0
4720,112,121.0,0.0,2.0,1671.0,0.0,9,2,0,0,2,0,0,34.6923,9.15,70.75,0.0,946.0,0.0,4393.0
4721,110,121.0,0.0,0.0,1671.0,0.0,11,0,0,0,2,0,0,34.3308,8.8,70.4,0.0,946.0,0.0,4393.0
4722,110,121.0,0.0,0.0,1671.0,0.0,10,0,1,1,1,0,0,33.9962,8.45,70.05,0.0,946.0,1.0,4394.0
4723,112,123.0,2.0,0.0,1671.0,0.0,11,0,0,1,1,0,0,34.3638,8.1,69.7,0.0,946.0,0.0,4394.0
4724,112,123.0,0.0,0.0,1671.0,0.0,8,0,3,1,1,0,0,34.8238,7.75,69.35,0.0,946.0,3.0,4397.0
4725,113,124.0,1.0,0.0,1671.0,0.0,10,0,1,1,1,0,0,35.2569,7.4,69.0,1.0,947.0,2.0,4399.0
4726,113,124.0,0.0,0.0,1671.0,0.0,11,0,0,1,1,0,0,35.6246,7.05,68.65,0.0,947.0,0.0,4399.0
4727,114,125.0,1.0,0.0,1671.0,0.0,11,0,0,1,1,0,0,35.9923,6.7,68.3,0.0,947.0,0.0,4399.0
4728,114,124.0,0.0,1.0,1672.0,0.0,9,1,0,1,2,0,0,36.36,6.35,67.95,0.0,947.0,0.0,4399.0
4729,113,124.0,0.0,0.0,1672.0,0.0,10,0,0,1,2,0,0,36.7392,6.0,72.61,0.0,947.0,0.0,4399.0
4730,113,124.0,0.0,0.0,1672.0,0.0,7,0,3,1,2,0,0,37.1877,5.65,81.74,0.0,947.0,3.0,4402.0
4731,114,125.0,1.0,0.0,1672.0,0.0,9,0,1,1,2,0,0,37.5862,5.3,90.87,1.0,948.0,2.0,4404.0
4732,114,125.0,0.0,0.0,1672.0,0.0,10,0,1,0,2,0,0,37.9692,4.95,99.65,1.0,949.0,2.0,4406.0
4733,114,125.0,0.0,0.0,1672.0,0.0,11,0,0,0,2,0,0,37.5846,4.6,99.3,0.0,949.0,0.0,4406.0
4734,114,125.0,0.0,0.0,1672.0,0.0,9,0,2,0,2,0,0,37.2654,4.25,98.95,0.0,949.0,2.0,4408.0
4735,116,127.0,2.0,0.0,1672.0,0.0,9,0,2,1,1,0,0,36.9731,3.9,98.6,1.0,950.0,3.0,4411.0
4736,116,127.0,0.0,0.0,1672.0,0.0,10,0,2,1,0,0,0,37.4354,12.25,98.25,1.0,951.0,3.0,4414.0
4737,116,127.0,0.0,0.0,1672.0,0.0,9,0,2,1,1,0,0,37.8862,12.25,97.9,1.0,952.0,3.0,4417.0
4738,116,127.0,0.0,0.0,1672.0,0.0,9,0,2,1,1,0,0,38.31,11.9,97.55,0.0,952.0,2.0,4419.0
4739,117,128.0,1.0,0.0,1672.0,0.0,10,0,1,1,1,0,0,38.7338,11.55,97.2,1.0,953.0,2.0,4421.0
4740,117,127.0,0.0,1.0,1673.0,0.0,10,1,0,1,1,0,0,39.0923,11.2,96.85,0.0,953.0,0.0,4421.0
4741,117,128.0,1.0,0.0,1673.0,0.0,10,0,1,1,1,0,0,39.5008,10.85,96.5,0.0,953.0,1.0,4422.0
4742,117,128.0,0.0,0.0,1673.0,0.0,7,0,3,1,2,0,0,39.9631,10.5,96.15,0.0,953.0,3.0,4425.0
4743,117,128.0,0.0,0.0,1673.0,0.0,9,0,1,1,2,0,0,40.3869,10.15,95.8,1.0,954.0,2.0,4427.0
4744,117,128.0,0.0,0.0,1673.0,0.0,9,0,0,1,3,0,0,40.7454,9.8,95.45,0.0,954.0,0.0,4427.0
4745,118,127.0,1.0,2.0,1675.0,0.0,8,2,0,0,3,0,0,41.0885,9.45,99.65,0.0,954.0,0.0,4427.0
4746,116,127.0,0.0,0.0,1675.0,0.0,9,0,1,0,3,0,0,40.7538,9.1,99.3,0.0,954.0,1.0,4428.0
4747,118,129.0,2.0,0.0,1675.0,0.0,8,0,2,0,3,0,0,40.4462,8.75,98.95,0.0,954.0,2.0,4430.0
4748,118,129.0,0.0,0.0,1675.0,0.0,8,0,2,0,3,0,0,40.1769,8.4,98.6,1.0,955.0,3.0,4433.0
4749,118,129.0,0.0,0.0,1675.0,0.0,7,0,4,0,2,0,0,39.95,8.05,98.25,1.0,956.0,5.0,4438.0
4750,118,129.0,0.0,0.0,1675.0,0.0,8,0,2,0,3,0,0,39.6692,7.7,97.9,1.0,957.0,3.0,4441.0
4751,118,129.0,0.0,0.0,1675.0,0.0,8,0,2,0,3,0,0,39.3615,7.35,97.55,0.0,957.0,2.0,4443.0
4752,118,129.0,0.0,0.0,1675.0,0.0,7,0,3,0,3,0,0,39.1192,7.0,97.2,1.0,958.0,4.0,4447.0
4753,118,129.0,0.0,0.0,1675.0,0.0,9,0,1,0,3,0,0,38.8115,6.65,96.85,1.0,959.0,2.0,4449.0
4754,118,129.0,0.0,0.0,1675.0,0.0,10,0,0,0,3,0,0,38.4269,6.3,96.5,0.0,959.0,0.0,4449.0
4755,121,132.0,3.0,0.0,1675.0,0.0,10,0,0,1,2,0,0,38.0423,5.95,96.15,0.0,959.0,0.0,4449.0
4756,121,132.0,0.0,0.0,1675.0,0.0,10,0,0,1,2,0,0,38.4081,10.45,95.8,0.0,959.0,0.0,4449.0
4757,121,132.0,0.0,0.0,1675.0,0.0,10,0,0,1,2,0,0,38.7738,10.1,95.45,0.0,959.0,0.0,4449.0
4758,121,132.0,0.0,0.0,1675.0,0.0,9,0,1,1,2,0,0,39.155,9.75,94.95,0.0,959.0,1.0,4450.0
4759,122,133.0,1.0,0.0,1675.0,0.0,10,0,0,1,2,0,0,39.4862,9.4,94.45,0.0,959.0,0.0,4450.0
4760,122,132.0,0.0,1.0,1676.0,0.0,8,1,1,1,2,0,0,39.8442,9.05,93.95,0.0,959.0,1.0,4451.0
4761,121,131.0,0.0,1.0,1677.0,0.0,4,1,5,2,1,0,0,40.3331,8.7,93.6,0.0,959.0,5.0,4456.0
4762,120,130.0,0.0,1.0,1678.0,0.0,7,1,3,2,0,0,0,41.5627,8.8,93.25,2.0,961.0,5.0,4461.0
4763,120,131.0,1.0,0.0,1678.0,0.0,10,0,0,2,1,0,0,42.6731,8.45,92.9,1.0,962.0,1.0,4462.0
4764,120,131.0,0.0,0.0,1678.0,0.0,9,0,1,2,1,0,0,43.7604,8.1,92.4,0.0,962.0,1.0,4463.0
4765,120,131.0,1.0,1.0,1679.0,0.0,9,1,2,1,0,0,0,44.8477,8.1,99.65,0.0,962.0,2.0,4465.0
4766,119,130.0,0.0,1.0,1680.0,0.0,8,1,1,1,2,0,0,45.1962,7.75,99.3,0.0,962.0,1.0,4466.0
4767,119,130.0,0.0,0.0,1680.0,0.0,10,0,0,1,2,0,0,45.5292,7.4,98.95,0.0,962.0,0.0,4466.0
4768,119,128.0,0.0,2.0,1682.0,0.0,7,2,0,1,3,0,0,45.8623,7.05,98.6,0.0,962.0,0.0,4466.0
4769,119,129.0,1.0,0.0,1682.0,0.0,9,0,0,1,3,0,0,46.23,6.7,98.25,0.0,962.0,0.0,4466.0
4770,119,129.0,0.0,0.0,1682.0,0.0,9,0,0,1,3,0,0,46.5862,6.35,97.9,0.0,962.0,0.0,4466.0
4771,121,131.0,2.0,0.0,1682.0,0.0,8,0,2,0,3,0,0,46.9692,6.0,99.65,0.0,962.0,2.0,4468.0
4772,121,131.0,0.0,0.0,1682.0,0.0,9,0,1,0,3,0,0,46.65,5.65,99.3,1.0,963.0,2.0,4470.0
4773,121,131.0,0.0,0.0,1682.0,0.0,9,0,1,0,3,0,0,46.2923,5.3,98.95,0.0,963.0,1.0,4471.0
4774,121,131.0,0.0,0.0,1682.0,0.0,8,0,2,0,3,0,0,46.0,4.95,98.6,1.0,964.0,3.0,4474.0
4775,122,132.0,1.0,0.0,1682.0,0.0,10,0,0,0,3,0,0,45.6038,4.6,98.25,0.0,964.0,0.0,4474.0
4776,122,131.0,0.0,1.0,1683.0,0.0,8,1,1,0,3,0,0,45.2462,4.25,97.9,0.0,964.0,1.0,4475.0
4777,121,131.0,0.0,0.0,1683.0,0.0,9,0,0,1,3,0,0,44.8615,3.9,97.55,0.0,964.0,0.0,4475.0
4778,121,131.0,0.0,0.0,1683.0,0.0,9,0,0,2,2,0,0,45.2008,3.55,97.2,0.0,964.0,0.0,4475.0
4779,122,132.0,1.0,0.0,1683.0,0.0,9,0,0,2,2,0,0,46.2973,11.1,96.85,0.0,964.0,0.0,4475.0
4780,122,132.0,0.0,0.0,1683.0,0.0,9,0,0,2,2,0,0,47.3823,10.75,96.5,0.0,964.0,0.0,4475.0
4781,122,131.0,0.0,1.0,1684.0,0.0,8,1,0,2,2,0,0,48.4673,10.4,96.15,0.0,964.0,0.0,4475.0
4782,122,131.0,0.0,0.0,1684.0,0.0,9,0,0,2,2,0,0,49.5523,10.05,95.8,0.0,964.0,0.0,4475.0
4783,124,132.0,2.0,1.0,1685.0,0.0,8,1,0,2,2,0,0,50.6258,9.7,95.45,0.0,964.0,0.0,4475.0
4784,123,132.0,0.0,0.0,1685.0,0.0,9,0,0,2,2,0,0,51.7108,9.35,95.1,0.0,964.0,0.0,4475.0
4785,124,132.0,1.0,1.0,1686.0,0.0,8,1,0,2,2,0,0,52.7958,9.0,94.75,0.0,964.0,0.0,4475.0
4786,123,132.0,0.0,0.0,1686.0,0.0,9,0,1,2,1,0,0,53.9192,9.0,94.4,0.0,964.0,1.0,4476.0
4787,123,133.0,1.0,0.0,1686.0,0.0,10,0,1,1,1,0,0,55.0158,9.0,99.65,0.0,964.0,1.0,4477.0
4788,122,132.0,0.0,1.0,1687.0,0.0,8,1,2,0,2,0,0,55.4385,8.65,99.65,0.0,964.0,2.0,4479.0
4789,121,132.0,0.0,0.0,1687.0,0.0,9,0,2,1,1,0,0,55.1577,8.3,99.3,1.0,965.0,3.0,4482.0
4790,121,132.0,0.0,0.0,1687.0,0.0,11,0,0,1,1,0,0,55.5054,10.25,98.95,0.0,965.0,0.0,4482.0
4791,121,132.0,0.0,0.0,1687.0,0.0,10,0,1,1,1,0,0,55.8915,9.9,98.6,0.0,965.0,1.0,4483.0
4792,121,130.0,0.0,2.0,1689.0,0.0,9,2,0,1,1,0,0,56.2277,9.55,98.25,0.0,965.0,0.0,4483.0
4793,119,130.0,0.0,0.0,1689.0,0.0,11,0,0,1,1,0,0,56.5869,9.2,97.9,0.0,965.0,0.0,4483.0
4794,119,130.0,0.0,0.0,1689.0,0.0,11,0,0,1,1,0,0,56.9346,8.85,97.55,0.0,965.0,0.0,4483.0
4795,122,133.0,3.0,0.0,1689.0,0.0,9,0,2,2,0,0,0,57.3362,8.5,97.2,0.0,965.0,2.0,4485.0
4796,122,133.0,0.0,0.0,1689.0,0.0,9,0,2,2,0,0,0,58.4954,17.65,96.85,1.0,966.0,3.0,4488.0
4797,123,133.0,1.0,1.0,1690.0,0.0,9,1,1,2,0,0,0,59.5892,19.2,96.85,0.0,966.0,1.0,4489.0
4798,122,133.0,0.0,0.0,1690.0,0.0,11,0,0,2,0,0,0,60.6677,18.85,96.5,0.0,966.0,0.0,4489.0
4799,121,133.0,0.0,0.0,1690.0,0.0,10,0,2,1,0,0,0,61.7731,18.35,99.65,0.0,966.0,2.0,4491.0
4800,121,133.0,0.0,0.0,1690.0,0.0,11,0,1,1,0,0,0,62.1731,17.85,99.3,1.0,967.0,2.0,4493.0
4801,121,133.0,0.0,0.0,1690.0,0.0,12,0,0,1,0,0,0,62.5077,17.35,98.95,0.0,967.0,0.0,4493.0
4802,121,133.0,0.0,0.0,1690.0,0.0,12,0,0,1,0,0,0,62.8192,16.85,98.6,0.0,967.0,0.0,4493.0
4803,122,134.0,1.0,0.0,1690.0,0.0,12,0,0,1,0,0,0,63.1308,16.35,98.25,0.0,967.0,0.0,4493.0
4804,122,132.0,0.0,2.0,1692.0,0.0,8,2,2,1,0,0,0,63.5077,15.85,97.9,0.0,967.0,2.0,4495.0
4805,120,133.0,1.0,0.0,1692.0,0.0,12,0,1,0,0,0,0,63.8808,15.35,99.65,1.0,968.0,2.0,4497.0
4806,120,132.0,0.0,1.0,1693.0,0.0,9,1,2,0,1,0,0,63.5269,14.85,99.3,0.0,968.0,2.0,4499.0
4807,120,133.0,1.0,0.0,1693.0,0.0,11,0,1,0,1,0,0,63.1692,14.5,98.95,0.0,968.0,1.0,4500.0
4808,120,132.0,0.0,1.0,1694.0,0.0,11,1,0,0,1,0,0,62.7731,14.15,98.6,0.0,968.0,0.0,4500.0
4809,120,132.0,0.0,0.0,1694.0,0.0,11,0,1,0,1,0,0,62.4154,13.8,98.25,0.0,968.0,1.0,4501.0
4810,120,131.0,0.0,1.0,1695.0,0.0,11,1,0,0,1,0,0,62.0077,13.45,97.9,0.0,968.0,0.0,4501.0
4811,121,133.0,2.0,0.0,1695.0,0.0,11,0,1,0,1,0,0,61.65,13.1,97.55,0.0,968.0,1.0,4502.0
4812,121,133.0,0.0,0.0,1695.0,0.0,12,0,0,0,1,0,0,61.2538,12.75,97.2,0.0,968.0,0.0,4502.0
4813,121,133.0,0.0,0.0,1695.0,0.0,11,0,0,0,2,0,0,60.8462,12.4,96.85,0.0,968.0,0.0,4502.0
4814,121,133.0,0.0,0.0,1695.0,0.0,11,0,0,0,2,0,0,60.4269,12.05,96.5,0.0,968.0,0.0,4502.0
4815,122,133.0,1.0,1.0,1696.0,0.0,9,1,2,0,1,0,0,60.0615,12.05,96.15,0.0,968.0,2.0,4504.0
4816,122,133.0,0.0,0.0,1696.0,0.0,11,0,1,0,1,0,0,59.6962,12.05,95.8,1.0,969.0,2.0,4506.0
4817,122,133.0,0.0,0.0,1696.0,0.0,11,0,0,0,2,0,0,59.2769,11.7,95.45,0.0,969.0,0.0,4506.0
4818,122,131.0,0.0,2.0,1698.0,0.0,7,2,2,0,2,0,0,58.9231,11.35,95.1,0.0,969.0,2.0,4508.0
4819,122,132.0,2.0,1.0,1699.0,0.0,9,1,1,0,2,0,0,58.5538,11.0,94.75,0.0,969.0,1.0,4509.0
4820,121,132.0,0.0,0.0,1699.0,0.0,10,0,0,0,3,0,0,58.1577,10.65,94.4,0.0,969.0,0.0,4509.0
4821,121,132.0,0.0,0.0,1699.0,0.0,10,0,0,0,3,0,0,57.7615,10.3,94.05,0.0,969.0,0.0,4509.0
4822,121,132.0,0.0,0.0,1699.0,0.0,9,0,1,0,3,0,0,57.3923,9.95,93.7,0.0,969.0,1.0,4510.0
4823,121,132.0,0.0,0.0,1699.0,0.0,10,0,1,0,2,0,0,57.05,9.95,93.35,1.0,970.0,2.0,4512.0
4824,121,132.0,0.0,0.0,1699.0,0.0,10,0,0,0,3,0,0,56.6423,9.6,93.0,0.0,970.0,0.0,4512.0
4825,123,134.0,2.0,0.0,1699.0,0.0,10,0,1,0,2,0,0,56.2615,9.6,92.65,0.0,970.0,1.0,4513.0
4826,123,133.0,0.0,1.0,1700.0,0.0,9,1,0,0,3,0,0,55.8538,9.25,92.3,0.0,970.0,0.0,4513.0
4827,123,134.0,1.0,0.0,1700.0,0.0,8,0,2,0,3,0,0,55.5231,8.9,91.95,0.0,970.0,2.0,4515.0
4828,123,134.0,0.0,0.0,1700.0,0.0,9,0,1,0,3,0,0,55.1923,8.55,91.6,1.0,971.0,2.0,4517.0
4829,123,132.0,0.0,2.0,1702.0,0.0,8,2,0,1,2,0,0,54.7962,8.2,91.25,0.0,971.0,0.0,4517.0
4830,122,132.0,0.0,0.0,1702.0,0.0,10,0,0,1,2,0,0,55.1481,7.85,90.9,0.0,971.0,0.0,4517.0
4831,123,132.0,1.0,1.0,1703.0,0.0,8,1,1,1,2,0,0,55.5269,7.5,90.55,0.0,971.0,1.0,4518.0
4832,122,132.0,0.0,0.0,1703.0,0.0,9,0,1,1,2,0,0,55.9327,7.15,90.55,1.0,972.0,2.0,4520.0
4833,122,132.0,0.0,0.0,1703.0,0.0,9,0,1,1,2,0,0,56.3115,6.8,90.2,0.0,972.0,1.0,4521.0
4834,122,131.0,0.0,1.0,1704.0,0.0,7,1,2,1,2,0,0,56.7173,6.45,90.2,0.0,972.0,2.0,4523.0
4835,123,133.0,2.0,0.0,1704.0,0.0,10,0,0,1,2,0,0,57.0808,6.1,89.85,0.0,972.0,0.0,4523.0
4836,123,133.0,0.0,0.0,1704.0,0.0,10,0,0,1,2,0,0,57.4327,5.75,89.35,0.0,972.0,0.0,4523.0
4837,123,133.0,0.0,0.0,1704.0,0.0,10,0,0,1,2,0,0,57.7846,5.4,88.85,0.0,972.0,0.0,4523.0
4838,123,133.0,0.0,0.0,1704.0,0.0,8,0,2,1,2,0,0,58.1904,5.05,90.925,0.0,972.0,2.0,4525.0
4839,123,134.0,1.0,0.0,1704.0,0.0,9,0,2,1,1,0,0,58.5962,4.7,100.0,1.0,973.0,3.0,4528.0
4840,123,134.0,0.0,0.0,1704.0,0.0,11,0,0,1,1,0,0,59.01,7.55,100.0,1.0,974.0,1.0,4529.0
4841,123,133.0,0.0,1.0,1705.0,0.0,10,1,1,1,0,0,0,59.3892,7.55,99.65,0.0,974.0,1.0,4530.0
4842,122,133.0,0.0,0.0,1705.0,0.0,11,0,0,1,1,0,0,59.78,7.55,99.3,1.0,975.0,1.0,4531.0
4843,124,134.0,2.0,1.0,1706.0,0.0,8,1,2,1,1,0,0,60.2092,7.2,98.95,0.0,975.0,2.0,4533.0
4844,123,134.0,0.0,0.0,1706.0,0.0,10,0,1,1,1,0,0,60.65,6.85,98.6,1.0,976.0,2.0,4535.0
4845,124,135.0,1.0,0.0,1706.0,0.0,11,0,0,1,1,0,0,61.0138,6.5,98.25,0.0,976.0,0.0,4535.0
4846,124,135.0,0.0,0.0,1706.0,0.0,10,0,1,2,0,0,0,61.4046,6.15,97.9,0.0,976.0,1.0,4536.0
4847,124,135.0,0.0,0.0,1706.0,0.0,10,0,1,2,0,0,0,62.5442,15.535,97.55,0.0,976.0,1.0,4537.0
4848,124,135.0,0.0,0.0,1706.0,0.0,9,0,2,2,0,0,0,63.7108,15.75,97.2,0.0,976.0,2.0,4539.0
4849,123,135.0,0.0,0.0,1706.0,0.0,10,0,2,1,0,0,0,64.8504,15.75,99.65,0.0,976.0,2.0,4541.0
4850,123,134.0,0.0,1.0,1707.0,0.0,8,1,3,1,0,0,0,65.3108,15.75,99.3,1.0,977.0,4.0,4545.0
4851,123,135.0,1.0,0.0,1707.0,0.0,12,0,0,1,0,0,0,65.7173,15.4,98.95,2.0,979.0,2.0,4547.0
4852,123,135.0,0.0,0.0,1707.0,0.0,10,0,1,1,1,0,0,66.0854,14.9,98.6,0.0,979.0,1.0,4548.0
4853,124,135.0,1.0,1.0,1708.0,0.0,10,1,1,1,0,0,0,66.465,14.9,98.25,0.0,979.0,1.0,4549.0
4854,123,134.0,0.0,1.0,1709.0,0.0,8,1,2,1,1,0,0,66.91,14.9,97.9,1.0,980.0,3.0,4552.0
4855,124,135.0,2.0,1.0,1710.0,0.0,10,1,0,1,1,0,0,67.2627,14.55,97.55,0.0,980.0,0.0,4552.0
4856,123,135.0,0.0,0.0,1710.0,0.0,10,0,2,0,1,0,0,67.6808,14.55,99.65,0.0,980.0,2.0,4554.0
4857,123,134.0,0.0,1.0,1711.0,0.0,9,1,2,0,1,0,0,67.35,14.2,99.3,0.0,980.0,2.0,4556.0
4858,122,134.0,0.0,0.0,1711.0,0.0,11,0,1,0,1,0,0,66.9923,13.85,98.95,0.0,980.0,1.0,4557.0
4859,123,135.0,1.0,0.0,1711.0,0.0,9,0,3,0,1,0,0,66.7269,13.5,98.6,1.0,981.0,4.0,4561.0
4860,123,135.0,0.0,0.0,1711.0,0.0,12,0,0,0,1,0,0,66.3192,13.15,98.25,0.0,981.0,0.0,4561.0
4861,123,135.0,0.0,0.0,1711.0,0.0,11,0,1,0,1,0,0,65.95,12.8,97.9,0.0,981.0,1.0,4562.0
4862,123,134.0,0.0,1.0,1712.0,0.0,11,1,0,0,1,0,0,65.5423,12.45,97.55,0.0,981.0,0.0,4562.0
4863,122,134.0,0.0,0.0,1712.0,0.0,11,0,0,0,2,0,0,65.1462,12.1,97.2,0.0,981.0,0.0,4562.0
4864,122,134.0,0.0,0.0,1712.0,0.0,11,0,0,0,2,0,0,64.75,11.75,96.85,0.0,981.0,0.0,4562.0
4865,123,135.0,1.0,0.0,1712.0,0.0,11,0,0,0,2,0,0,64.3538,11.4,96.5,0.0,981.0,0.0,4562.0
4866,123,135.0,0.0,0.0,1712.0,0.0,11,0,0,0,2,0,0,63.9462,11.05,96.15,0.0,981.0,0.0,4562.0
4867,126,138.0,3.0,0.0,1712.0,0.0,11,0,0,0,2,0,0,63.5385,10.7,95.8,0.0,981.0,0.0,4562.0
4868,126,137.0,0.0,1.0,1713.0,0.0,10,1,0,0,2,0,0,63.1308,10.35,95.45,0.0,981.0,0.0,4562.0
4869,125,136.0,0.0,1.0,1714.0,0.0,10,1,0,0,2,0,0,62.7346,10.0,95.1,0.0,981.0,0.0,4562.0
4870,124,136.0,0.0,0.0,1714.0,0.0,11,0,0,0,2,0,0,62.35,9.65,94.75,0.0,981.0,0.0,4562.0
4871,124,135.0,0.0,1.0,1715.0,0.0,9,1,1,0,2,0,0,61.9808,9.3,94.4,0.0,981.0,1.0,4563.0
4872,124,135.0,0.0,0.0,1715.0,0.0,11,0,0,0,2,0,0,61.5962,8.95,94.05,0.0,981.0,0.0,4563.0
4873,124,135.0,0.0,0.0,1715.0,0.0,11,0,0,0,2,0,0,61.2,8.6,93.7,0.0,981.0,0.0,4563.0
4874,124,135.0,0.0,0.0,1715.0,0.0,11,0,0,0,2,0,0,60.8038,8.25,93.35,0.0,981.0,0.0,4563.0
4875,126,135.0,2.0,2.0,1717.0,0.0,9,2,0,0,2,0,0,60.3962,7.9,93.0,0.0,981.0,0.0,4563.0
4876,124,135.0,0.0,0.0,1717.0,0.0,11,0,0,1,1,0,0,60.0115,7.55,92.65,0.0,981.0,0.0,4563.0
4877,124,135.0,0.0,0.0,1717.0,0.0,11,0,0,1,1,0,0,60.3435,7.2,92.3,0.0,981.0,0.0,4563.0
4878,124,135.0,0.0,0.0,1717.0,0.0,11,0,0,1,1,0,0,60.6638,6.85,91.95,0.0,981.0,0.0,4563.0
4879,125,136.0,1.0,0.0,1717.0,0.0,11,0,0,1,1,0,0,60.9842,6.5,91.6,0.0,981.0,0.0,4563.0
4880,125,136.0,0.0,0.0,1717.0,0.0,11,0,0,1,1,0,0,61.3046,6.15,91.25,0.0,981.0,0.0,4563.0
4881,126,137.0,1.0,0.0,1717.0,0.0,11,0,0,1,1,0,0,61.625,5.8,90.9,0.0,981.0,0.0,4563.0
4882,126,136.0,0.0,1.0,1718.0,0.0,10,1,0,1,1,0,0,61.9338,5.45,90.55,0.0,981.0,0.0,4563.0
4883,126,137.0,1.0,0.0,1718.0,0.0,9,0,2,1,1,0,0,62.3196,5.1,90.2,0.0,981.0,2.0,4565.0
4884,126,136.0,0.0,1.0,1719.0,0.0,10,1,0,2,0,0,0,62.64,4.75,89.85,0.0,981.0,0.0,4565.0
4885,126,136.0,1.0,1.0,1720.0,0.0,7,1,3,2,0,0,0,63.8123,14.275,91.035,0.0,981.0,3.0,4568.0
4886,124,136.0,0.0,0.0,1720.0,0.0,10,0,2,1,0,0,0,65.0077,23.8,99.65,2.0,983.0,4.0,4572.0
4887,124,136.0,0.0,0.0,1720.0,0.0,12,0,0,1,0,0,0,65.3827,33.325,99.3,0.0,983.0,0.0,4572.0
4888,124,136.0,0.0,0.0,1720.0,0.0,12,0,0,1,0,0,0,65.7462,38.55,98.95,0.0,983.0,0.0,4572.0
4889,124,136.0,0.0,0.0,1720.0,0.0,12,0,0,1,0,0,0,66.1096,38.2,98.6,0.0,983.0,0.0,4572.0
4890,124,135.0,0.0,1.0,1721.0,0.0,11,1,0,1,0,0,0,66.4615,37.85,98.25,0.0,983.0,0.0,4572.0
4891,125,137.0,2.0,0.0,1721.0,0.0,11,0,1,1,0,0,0,66.8404,37.5,97.9,0.0,983.0,1.0,4573.0
4892,125,137.0,0.0,0.0,1721.0,0.0,12,0,0,1,0,0,0,67.1808,37.0,97.55,0.0,983.0,0.0,4573.0
4893,125,136.0,0.0,1.0,1722.0,0.0,11,1,0,1,0,0,0,67.5212,36.5,97.2,0.0,983.0,0.0,4573.0
4894,123,136.0,0.0,0.0,1722.0,0.0,11,0,2,0,0,0,0,67.9115,36.0,99.65,0.0,983.0,2.0,4575.0
4895,125,138.0,2.0,0.0,1722.0,0.0,10,0,3,0,0,0,0,67.6346,35.5,99.3,1.0,984.0,4.0,4579.0
4896,125,138.0,0.0,0.0,1722.0,0.0,13,0,0,0,0,0,0,67.2538,35.0,98.95,1.0,985.0,1.0,4580.0
4897,125,137.0,0.0,1.0,1723.0,0.0,11,1,1,0,0,0,0,66.8731,34.5,98.6,0.0,985.0,1.0,4581.0
4898,124,137.0,0.0,0.0,1723.0,0.0,13,0,0,0,0,0,0,66.4538,34.15,98.25,0.0,985.0,0.0,4581.0
4899,125,137.0,1.0,1.0,1724.0,0.0,12,1,0,0,0,0,0,66.0346,33.8,97.9,0.0,985.0,0.0,4581.0
4900,124,135.0,0.0,2.0,1726.0,0.0,10,2,1,0,0,0,0,65.6423,33.45,97.55,0.0,985.0,1.0,4582.0
4901,122,135.0,0.0,0.0,1726.0,0.0,13,0,0,0,0,0,0,65.2462,33.1,97.2,0.0,985.0,0.0,4582.0
4902,122,135.0,0.0,0.0,1726.0,0.0,13,0,0,0,0,0,0,64.8269,32.6,96.85,0.0,985.0,0.0,4582.0
4903,123,135.0,1.0,1.0,1727.0,0.0,12,1,0,0,0,0,0,64.4077,32.1,96.5,0.0,985.0,0.0,4582.0
4904,122,133.0,0.0,2.0,1729.0,0.0,11,2,0,0,0,0,0,64.0,31.6,96.15,0.0,985.0,0.0,4582.0
4905,121,134.0,1.0,0.0,1729.0,0.0,13,0,0,0,0,0,0,63.6154,31.25,95.8,0.0,985.0,0.0,4582.0
4906,121,134.0,0.0,0.0,1729.0,0.0,13,0,0,0,0,0,0,63.2308,30.9,95.45,0.0,985.0,0.0,4582.0
4907,122,134.0,1.0,1.0,1730.0,0.0,11,1,1,0,0,0,0,62.8731,30.55,95.1,0.0,985.0,1.0,4583.0
4908,121,133.0,0.0,1.0,1731.0,0.0,10,1,2,0,0,0,0,62.5538,30.2,94.75,0.0,985.0,2.0,4585.0
4909,121,134.0,1.0,0.0,1731.0,0.0,12,0,1,0,0,0,0,62.2462,29.85,94.4,1.0,986.0,2.0,4587.0
4910,121,134.0,0.0,0.0,1731.0,0.0,13,0,0,0,0,0,0,61.8846,29.5,94.05,0.0,986.0,0.0,4587.0
4911,121,134.0,0.0,0.0,1731.0,0.0,11,0,2,0,0,0,0,61.6038,29.5,93.7,0.0,986.0,2.0,4589.0
4912,121,134.0,0.0,0.0,1731.0,0.0,12,0,1,0,0,0,0,61.3231,29.15,93.35,1.0,987.0,2.0,4591.0
4913,121,134.0,0.0,0.0,1731.0,0.0,13,0,0,0,0,0,0,60.9923,28.8,93.0,1.0,988.0,1.0,4592.0
4914,121,134.0,0.0,0.0,1731.0,0.0,13,0,0,0,0,0,0,60.6346,28.45,92.65,0.0,988.0,0.0,4592.0
4915,124,137.0,3.0,0.0,1731.0,0.0,13,0,0,0,0,0,0,60.2769,28.1,92.3,0.0,988.0,0.0,4592.0
4916,124,137.0,0.0,0.0,1731.0,0.0,13,0,0,0,0,0,0,59.8808,27.75,91.8,0.0,988.0,0.0,4592.0
4917,124,137.0,0.0,0.0,1731.0,0.0,13,0,0,0,0,0,0,59.4731,27.4,91.3,0.0,988.0,0.0,4592.0
4918,124,137.0,0.0,0.0,1731.0,0.0,13,0,0,0,0,0,0,59.0423,27.05,90.8,0.0,988.0,0.0,4592.0
4919,124,137.0,0.0,0.0,1731.0,0.0,11,0,2,0,0,0,0,58.6885,26.7,90.3,0.0,988.0,2.0,4594.0
4920,124,137.0,0.0,0.0,1731.0,0.0,13,0,0,0,0,0,0,58.2962,26.35,89.8,1.0,989.0,1.0,4595.0
4921,124,137.0,0.0,0.0,1731.0,0.0,13,0,0,0,0,0,0,57.8654,26.0,89.3,0.0,989.0,0.0,4595.0
4922,124,136.0,0.0,1.0,1732.0,0.0,12,1,0,0,0,0,0,57.4231,25.65,88.8,0.0,989.0,0.0,4595.0
4923,125,137.0,2.0,1.0,1733.0,0.0,11,1,1,0,0,0,0,57.0192,25.65,88.3,0.0,989.0,1.0,4596.0
4924,124,136.0,0.0,1.0,1734.0,0.0,10,1,2,0,0,0,0,56.6538,25.65,87.8,0.0,989.0,2.0,4598.0
4925,124,137.0,1.0,0.0,1734.0,0.0,12,0,1,0,0,0,0,56.3,25.65,87.45,1.0,990.0,2.0,4600.0
4926,124,137.0,0.0,0.0,1734.0,0.0,12,0,1,0,0,0,0,55.9192,25.3,87.1,0.0,990.0,1.0,4601.0
4927,125,138.0,1.0,0.0,1734.0,0.0,13,0,0,0,0,0,0,55.4769,24.95,86.75,0.0,990.0,0.0,4601.0
4928,125,138.0,0.0,0.0,1734.0,0.0,12,0,1,0,0,0,0,55.05,24.95,86.4,0.0,990.0,1.0,4602.0
4929,125,136.0,0.0,2.0,1736.0,0.0,9,2,2,0,0,0,0,54.65,24.95,86.05,0.0,990.0,2.0,4604.0
4930,123,134.0,0.0,2.0,1738.0,0.0,10,2,1,0,0,0,0,54.2731,24.95,85.7,1.0,991.0,2.0,4606.0
4931,122,133.0,1.0,2.0,1740.0,0.0,11,2,0,0,0,0,0,53.8538,24.6,85.35,0.0,991.0,0.0,4606.0
4932,120,133.0,0.0,0.0,1740.0,0.0,13,0,0,0,0,0,0,53.4577,24.25,85.0,0.0,991.0,0.0,4606.0
4933,120,133.0,0.0,0.0,1740.0,0.0,13,0,0,0,0,0,0,53.0615,23.9,84.65,0.0,991.0,0.0,4606.0
4934,120,133.0,0.0,0.0,1740.0,0.0,13,0,0,0,0,0,0,52.6423,23.4,84.15,0.0,991.0,0.0,4606.0
4935,121,134.0,1.0,0.0,1740.0,0.0,13,0,0,0,0,0,0,52.2231,22.9,83.65,0.0,991.0,0.0,4606.0
4936,121,134.0,0.0,0.0,1740.0,0.0,13,0,0,0,0,0,0,51.8038,22.4,83.15,0.0,991.0,0.0,4606.0
4937,122,135.0,1.0,0.0,1740.0,0.0,13,0,0,0,0,0,0,51.3846,21.9,82.65,0.0,991.0,0.0,4606.0
4938,122,132.0,0.0,3.0,1743.0,0.0,10,3,0,0,0,0,0,50.9654,21.4,82.15,0.0,991.0,0.0,4606.0
4939,121,134.0,2.0,0.0,1743.0,0.0,13,0,0,0,0,0,0,50.5692,20.9,81.65,0.0,991.0,0.0,4606.0
4940,121,134.0,0.0,0.0,1743.0,0.0,13,0,0,0,0,0,0,50.1731,20.4,81.15,0.0,991.0,0.0,4606.0
4941,121,134.0,0.0,0.0,1743.0,0.0,13,0,0,0,0,0,0,49.7769,19.9,80.65,0.0,991.0,0.0,4606.0
4942,121,134.0,0.0,0.0,1743.0,0.0,13,0,0,0,0,0,0,49.3808,19.4,80.15,0.0,991.0,0.0,4606.0
4943,121,134.0,0.0,0.0,1743.0,0.0,13,0,0,0,0,0,0,48.9846,18.9,79.65,0.0,991.0,0.0,4606.0
4944,121,134.0,0.0,0.0,1743.0,0.0,13,0,0,0,0,0,0,48.5885,18.4,79.15,0.0,991.0,0.0,4606.0
4945,122,135.0,1.0,0.0,1743.0,0.0,11,0,2,0,0,0,0,48.2462,17.9,78.65,0.0,991.0,2.0,4608.0
4946,122,135.0,0.0,0.0,1743.0,0.0,13,0,0,0,0,0,0,47.8654,17.4,78.15,1.0,992.0,1.0,4609.0
4947,123,136.0,1.0,0.0,1743.0,0.0,12,0,1,0,0,0,0,47.4846,16.9,77.65,0.0,992.0,1.0,4610.0
4948,123,135.0,0.0,1.0,1744.0,0.0,10,1,2,0,0,0,0,47.1423,16.9,77.15,0.0,992.0,2.0,4612.0
4949,122,135.0,0.0,0.0,1744.0,0.0,12,0,1,0,0,0,0,46.8,16.9,76.65,1.0,993.0,2.0,4614.0
4950,122,134.0,0.0,1.0,1745.0,0.0,12,1,0,0,0,0,0,46.3692,16.4,76.15,0.0,993.0,0.0,4614.0
4951,123,136.0,2.0,0.0,1745.0,0.0,13,0,0,0,0,0,0,45.95,15.9,75.8,0.0,993.0,0.0,4614.0
4952,123,136.0,0.0,0.0,1745.0,0.0,10,0,3,0,0,0,0,45.6346,15.9,75.45,0.0,993.0,3.0,4617.0
4953,123,136.0,0.0,0.0,1745.0,0.0,11,0,2,0,0,0,0,45.3308,15.9,75.1,1.0,994.0,3.0,4620.0
4954,123,136.0,0.0,0.0,1745.0,0.0,12,0,1,0,0,0,0,44.9885,15.4,74.75,1.0,995.0,2.0,4622.0
4955,125,138.0,2.0,0.0,1745.0,0.0,12,0,0,0,1,0,0,44.5577,14.9,74.4,0.0,995.0,0.0,4622.0
4956,125,138.0,0.0,0.0,1745.0,0.0,11,0,1,0,1,0,0,44.2154,14.55,74.05,0.0,995.0,1.0,4623.0
4957,125,136.0,0.0,2.0,1747.0,0.0,10,2,0,0,1,0,0,43.7731,14.2,73.7,0.0,995.0,0.0,4623.0
4958,123,136.0,0.0,0.0,1747.0,0.0,12,0,0,0,1,0,0,43.3538,13.85,73.35,0.0,995.0,0.0,4623.0
4959,123,135.0,0.0,1.0,1748.0,0.0,11,1,0,0,1,0,0,42.9231,13.5,73.0,0.0,995.0,0.0,4623.0
4960,123,135.0,0.0,0.0,1748.0,0.0,12,0,0,0,1,0,0,42.5038,13.15,72.65,0.0,995.0,0.0,4623.0
4961,123,135.0,0.0,0.0,1748.0,0.0,12,0,0,0,1,0,0,42.0846,12.8,72.3,0.0,995.0,0.0,4623.0
4962,123,135.0,0.0,0.0,1748.0,0.0,10,0,2,0,1,0,0,41.7308,12.45,71.95,0.0,995.0,2.0,4625.0
4963,125,136.0,2.0,1.0,1749.0,0.0,10,1,1,0,1,0,0,41.3769,12.1,71.6,1.0,996.0,2.0,4627.0
4964,124,136.0,0.0,0.0,1749.0,0.0,12,0,0,0,1,0,0,40.9692,11.75,71.25,0.0,996.0,0.0,4627.0
4965,126,138.0,2.0,0.0,1749.0,0.0,12,0,0,0,1,0,0,40.5269,11.4,70.75,0.0,996.0,0.0,4627.0
4966,126,138.0,0.0,0.0,1749.0,0.0,12,0,0,0,1,0,0,40.0846,11.05,70.25,0.0,996.0,0.0,4627.0
4967,126,137.0,0.0,1.0,1750.0,0.0,8,1,3,0,1,0,0,39.7346,10.7,69.75,0.0,996.0,3.0,4630.0
4968,125,137.0,0.0,0.0,1750.0,0.0,11,0,1,0,1,0,0,39.3577,10.35,69.4,1.0,997.0,2.0,4632.0
4969,125,137.0,0.0,0.0,1750.0,0.0,12,0,0,0,1,0,0,38.9269,10.0,69.05,0.0,997.0,0.0,4632.0
4970,125,136.0,0.0,1.0,1751.0,0.0,11,1,0,0,1,0,0,38.4962,9.65,68.7,0.0,997.0,0.0,4632.0
4971,125,136.0,1.0,1.0,1752.0,0.0,10,1,1,0,1,0,0,38.0923,9.3,68.2,0.0,997.0,1.0,4633.0
4972,124,136.0,0.0,0.0,1752.0,0.0,10,0,2,0,1,0,0,37.7269,8.95,67.7,0.0,997.0,2.0,4635.0
4973,124,134.0,0.0,2.0,1754.0,0.0,9,2,1,0,1,0,0,37.35,8.6,67.2,1.0,998.0,2.0,4637.0
4974,122,134.0,0.0,0.0,1754.0,0.0,11,0,1,0,1,0,0,36.9692,8.25,66.85,0.0,998.0,1.0,4638.0
4975,124,135.0,2.0,1.0,1755.0,0.0,9,1,2,0,1,0,0,36.6154,7.9,66.5,0.0,998.0,2.0,4640.0
4976,123,135.0,0.0,0.0,1755.0,0.0,12,0,0,0,1,0,0,36.1962,7.55,66.15,0.0,998.0,0.0,4640.0
4977,123,135.0,0.0,0.0,1755.0,0.0,12,0,0,0,1,0,0,35.7769,7.2,65.8,0.0,998.0,0.0,4640.0
4978,123,135.0,0.0,0.0,1755.0,0.0,11,0,0,0,2,0,0,35.3577,6.85,65.45,0.0,998.0,0.0,4640.0
4979,125,135.0,2.0,2.0,1757.0,0.0,9,2,0,0,2,0,0,34.95,6.5,65.1,0.0,998.0,0.0,4640.0
4980,123,135.0,0.0,0.0,1757.0,0.0,11,0,0,0,2,0,0,34.5654,6.15,64.75,0.0,998.0,0.0,4640.0
4981,123,135.0,0.0,0.0,1757.0,0.0,9,0,2,1,1,0,0,34.2462,5.8,64.4,0.0,998.0,2.0,4642.0
4982,123,135.0,0.0,0.0,1757.0,0.0,10,0,1,1,1,0,0,34.6669,13.5,64.05,1.0,999.0,2.0,4644.0
4983,123,135.0,0.0,0.0,1757.0,0.0,11,0,0,1,1,0,0,35.0223,13.15,63.7,0.0,999.0,0.0,4644.0
4984,123,135.0,0.0,0.0,1757.0,0.0,11,0,0,1,1,0,0,35.3662,12.8,63.35,0.0,999.0,0.0,4644.0
4985,124,136.0,1.0,0.0,1757.0,0.0,11,0,0,1,1,0,0,35.71,12.45,63.0,0.0,999.0,0.0,4644.0
4986,124,136.0,0.0,0.0,1757.0,0.0,11,0,0,1,1,0,0,36.0538,12.1,62.65,0.0,999.0,0.0,4644.0
4987,126,137.0,2.0,1.0,1758.0,0.0,10,1,0,1,1,0,0,36.3977,11.75,62.32,0.0,999.0,0.0,4644.0
4988,125,137.0,0.0,0.0,1758.0,0.0,11,0,0,1,1,0,0,36.7531,11.4,71.74,0.0,999.0,0.0,4644.0
4989,125,137.0,0.0,0.0,1758.0,0.0,11,0,0,1,1,0,0,37.1085,11.05,81.16,0.0,999.0,0.0,4644.0
4990,125,136.0,0.0,1.0,1759.0,0.0,7,1,3,1,1,0,0,37.5562,10.7,90.58,0.0,999.0,3.0,4647.0
4991,124,136.0,0.0,0.0,1759.0,0.0,10,0,2,0,1,0,0,38.0154,10.35,99.65,2.0,1001.0,4.0,4651.0
4992,124,136.0,0.0,0.0,1759.0,0.0,12,0,0,0,1,0,0,37.6192,10.0,99.3,0.0,1001.0,0.0,4651.0
4993,125,137.0,1.0,0.0,1759.0,0.0,10,0,1,0,2,0,0,37.3,9.65,98.95,0.0,1001.0,1.0,4652.0
4994,125,137.0,0.0,0.0,1759.0,0.0,9,0,2,0,2,0,0,37.0192,9.3,98.6,0.0,1001.0,2.0,4654.0
4995,127,139.0,2.0,0.0,1759.0,0.0,11,0,0,0,2,0,0,36.65,8.95,98.25,1.0,1002.0,1.0,4655.0
4996,127,139.0,0.0,0.0,1759.0,0.0,11,0,0,0,2,0,0,36.2423,8.6,97.9,0.0,1002.0,0.0,4655.0
4997,127,139.0,0.0,0.0,1759.0,0.0,11,0,0,0,2,0,0,35.8231,8.25,97.55,0.0,1002.0,0.0,4655.0
4998,127,139.0,0.0,0.0,1759.0,0.0,9,0,2,0,2,0,0,35.4577,7.9,97.2,0.0,1002.0,2.0,4657.0
4999,128,138.0,1.0,2.0,1761.0,0.0,6,2,3,0,2,0,0,35.1692,7.55,96.85,1.0,1003.0,4.0,4661.0
5000,127,138.0,0.0,0.0,1761.0,0.0,9,0,1,0,3,0,0,34.8269,7.2,96.5,1.0,1004.0,2.0,4663.0
5001,127,138.0,0.0,0.0,1761.0,0.0,10,0,0,0,3,0,0,34.4192,6.85,96.15,0.0,1004.0,0.0,4663.0
5002,127,138.0,0.0,0.0,1761.0,0.0,9,0,1,0,3,0,0,34.0269,6.5,95.8,0.0,1004.0,1.0,4664.0
5003,128,139.0,1.0,0.0,1761.0,0.0,8,0,1,0,4,0,0,33.6346,6.15,95.45,0.0,1004.0,1.0,4665.0
5004,128,138.0,0.0,1.0,1762.0,0.0,7,1,1,0,4,0,0,33.2538,5.8,95.1,0.0,1004.0,1.0,4666.0
5005,129,138.0,1.0,1.0,1763.0,0.0,6,1,2,1,3,0,0,32.9115,5.45,94.75,0.0,1004.0,2.0,4668.0
5006,128,138.0,0.0,0.0,1763.0,0.0,8,0,1,1,3,0,0,33.335,10.2,94.4,1.0,1005.0,2.0,4670.0
5007,129,139.0,1.0,0.0,1763.0,0.0,9,0,0,1,3,0,0,33.6815,9.85,94.05,0.0,1005.0,0.0,4670.0
5008,129,139.0,0.0,0.0,1763.0,0.0,9,0,0,1,3,0,0,34.0281,9.5,93.7,0.0,1005.0,0.0,4670.0
5009,129,139.0,0.0,0.0,1763.0,0.0,9,0,0,1,3,0,0,34.3746,9.15,93.35,0.0,1005.0,0.0,4670.0
5010,129,139.0,0.0,0.0,1763.0,0.0,8,0,1,1,3,0,0,34.7596,8.8,93.0,0.0,1005.0,1.0,4671.0
5011,131,141.0,2.0,0.0,1763.0,0.0,8,0,1,2,2,0,0,35.1831,8.45,92.65,1.0,1006.0,2.0,4673.0
5012,131,139.0,0.0,2.0,1765.0,0.0,6,2,2,2,1,0,0,36.3146,10.55,92.3,0.0,1006.0,2.0,4675.0
5013,129,139.0,0.0,0.0,1765.0,0.0,6,0,3,2,2,0,0,37.5231,10.55,91.95,1.0,1007.0,4.0,4679.0
5014,129,138.0,0.0,1.0,1766.0,0.0,7,1,1,2,2,0,0,38.6277,10.2,91.6,0.0,1007.0,1.0,4680.0
5015,129,139.0,1.0,0.0,1766.0,0.0,10,0,0,1,2,0,0,39.6785,9.85,99.65,0.0,1007.0,0.0,4680.0
5016,129,139.0,0.0,0.0,1766.0,0.0,8,0,1,1,3,0,0,40.0288,9.5,99.3,0.0,1007.0,1.0,4681.0
5017,129,139.0,0.0,0.0,1766.0,0.0,8,0,1,1,3,0,0,40.4023,9.15,98.95,0.0,1007.0,1.0,4682.0
5018,129,139.0,0.0,0.0,1766.0,0.0,9,0,1,2,1,0,0,40.8027,9.15,98.6,1.0,1008.0,2.0,4684.0
5019,130,140.0,1.0,0.0,1766.0,0.0,8,0,0,2,2,1,0,41.8619,8.8,98.25,0.0,1008.0,0.0,4684.0
5020,130,139.0,0.0,1.0,1767.0,0.0,7,1,0,2,2,1,0,42.9481,8.45,97.9,0.0,1008.0,0.0,4684.0
5021,130,139.0,1.0,1.0,1768.0,0.0,7,1,0,1,3,1,0,43.9919,8.1,99.65,0.0,1008.0,0.0,4684.0
5022,130,139.0,0.0,0.0,1768.0,0.0,8,0,0,1,3,1,0,44.37,7.75,99.3,0.0,1008.0,0.0,4684.0
5023,131,140.0,1.0,0.0,1768.0,0.0,8,0,0,1,3,1,0,44.7481,7.4,98.95,0.0,1008.0,0.0,4684.0
5024,131,140.0,0.0,0.0,1768.0,0.0,7,0,1,1,3,1,0,45.1531,7.05,98.6,0.0,1008.0,1.0,4685.0
5025,132,141.0,1.0,0.0,1768.0,0.0,7,0,1,1,3,1,0,45.585,6.7,98.25,1.0,1009.0,2.0,4687.0
5026,132,141.0,0.0,0.0,1768.0,0.0,7,0,1,1,3,1,0,46.0015,6.35,97.9,0.0,1009.0,1.0,4688.0
5027,133,142.0,1.0,0.0,1768.0,0.0,6,0,2,1,3,1,0,46.4719,6.0,97.55,1.0,1010.0,3.0,4691.0
5028,133,142.0,0.0,0.0,1768.0,0.0,9,0,0,0,4,0,0,46.7962,5.65,99.65,0.0,1010.0,0.0,4691.0
5029,133,141.0,0.0,1.0,1769.0,0.0,8,1,0,0,4,0,0,46.4,5.3,99.3,0.0,1010.0,0.0,4691.0
5030,132,141.0,0.0,0.0,1769.0,0.0,9,0,1,0,3,0,0,46.0423,4.95,98.95,0.0,1010.0,1.0,4692.0
5031,132,140.0,0.0,1.0,1770.0,0.0,8,1,0,0,4,0,0,45.6462,4.6,98.6,0.0,1010.0,0.0,4692.0
5032,131,139.0,0.0,1.0,1771.0,0.0,8,1,0,0,4,0,0,45.2615,4.25,98.25,0.0,1010.0,0.0,4692.0
5033,130,139.0,0.0,0.0,1771.0,0.0,9,0,0,0,4,0,0,44.8885,3.9,97.9,0.0,1010.0,0.0,4692.0
5034,130,139.0,0.0,0.0,1771.0,0.0,8,0,1,0,4,0,0,44.5308,3.55,97.55,0.0,1010.0,1.0,4693.0
5035,134,143.0,4.0,0.0,1771.0,0.0,9,0,0,1,3,0,0,44.1462,3.2,97.2,0.0,1010.0,0.0,4693.0
5036,134,142.0,0.0,1.0,1772.0,0.0,6,1,2,2,2,0,0,44.5588,2.85,96.85,0.0,1010.0,2.0,4695.0
5037,133,142.0,0.0,0.0,1772.0,0.0,8,0,1,2,2,0,0,45.7573,8.8,96.5,1.0,1011.0,2.0,4697.0
5038,133,141.0,0.0,1.0,1773.0,0.0,8,1,0,2,2,0,0,46.8558,8.45,96.15,0.0,1011.0,0.0,4697.0
5039,132,140.0,0.0,1.0,1774.0,0.0,8,1,1,2,1,0,0,47.9927,8.45,95.8,0.0,1011.0,1.0,4698.0
5040,132,139.0,0.0,1.0,1775.0,0.0,7,2,0,2,2,0,0,49.1565,8.45,95.45,1.0,1012.0,1.0,4699.0
5041,130,139.0,0.0,0.0,1775.0,0.0,9,0,0,2,2,0,0,50.2781,8.1,95.1,0.0,1012.0,0.0,4699.0
5042,130,138.0,0.0,1.0,1776.0,0.0,8,1,0,2,2,0,0,51.3881,7.75,94.75,0.0,1012.0,0.0,4699.0
5043,130,138.0,1.0,1.0,1777.0,0.0,8,1,0,2,2,0,0,52.5096,7.4,94.4,0.0,1012.0,0.0,4699.0
5044,129,138.0,0.0,0.0,1777.0,0.0,8,0,1,3,1,0,0,53.6696,7.05,94.4,0.0,1012.0,1.0,4700.0
5045,129,139.0,1.0,0.0,1777.0,0.0,10,0,0,2,1,0,0,55.5062,6.7,99.65,0.0,1012.0,0.0,4700.0
5046,128,138.0,0.0,1.0,1778.0,0.0,10,1,1,1,0,0,0,56.6262,6.7,99.65,0.0,1012.0,1.0,4701.0
5047,128,139.0,1.0,0.0,1778.0,0.0,10,0,1,2,0,0,0,57.0104,6.35,99.3,0.0,1012.0,1.0,4702.0
5048,128,139.0,0.0,0.0,1778.0,0.0,11,0,0,2,0,0,0,58.115,15.715,98.95,0.0,1012.0,0.0,4702.0
5049,129,140.0,1.0,0.0,1778.0,0.0,11,0,0,2,0,0,0,59.2196,20.95,98.6,0.0,1012.0,0.0,4702.0
5050,129,140.0,0.0,0.0,1778.0,0.0,11,0,0,2,0,0,0,60.3242,20.6,98.25,0.0,1012.0,0.0,4702.0
5051,130,140.0,1.0,1.0,1779.0,0.0,10,1,0,2,0,0,0,61.4288,20.25,97.9,0.0,1012.0,0.0,4702.0
5052,129,140.0,0.0,0.0,1779.0,0.0,11,0,0,2,0,0,0,62.545,19.9,97.55,0.0,1012.0,0.0,4702.0
5053,129,140.0,0.0,0.0,1779.0,0.0,11,0,0,2,0,0,0,63.6612,19.55,97.2,0.0,1012.0,0.0,4702.0
5054,128,140.0,0.0,0.0,1779.0,0.0,10,0,2,1,0,0,0,64.8158,19.2,99.65,0.0,1012.0,2.0,4704.0
5055,129,141.0,1.0,0.0,1779.0,0.0,11,0,1,1,0,0,0,65.2669,18.85,99.3,1.0,1013.0,2.0,4706.0
5056,129,141.0,0.0,0.0,1779.0,0.0,12,0,0,1,0,0,0,65.6681,18.5,98.95,1.0,1014.0,1.0,4707.0
5057,128,141.0,0.0,0.0,1779.0,0.0,13,0,0,0,0,0,0,65.9923,18.15,99.65,0.0,1014.0,0.0,4707.0
5058,128,140.0,0.0,1.0,1780.0,0.0,12,1,0,0,0,0,0,65.5962,17.8,99.3,0.0,1014.0,0.0,4707.0
5059,129,142.0,2.0,0.0,1780.0,0.0,13,0,0,0,0,0,0,65.2115,17.45,98.95,0.0,1014.0,0.0,4707.0
5060,129,142.0,0.0,0.0,1780.0,0.0,11,0,2,0,0,0,0,64.8923,17.1,98.6,0.0,1014.0,2.0,4709.0
5061,129,141.0,0.0,1.0,1781.0,0.0,11,1,1,0,0,0,0,64.5731,16.75,98.25,1.0,1015.0,2.0,4711.0
5062,128,141.0,0.0,0.0,1781.0,0.0,13,0,0,0,0,0,0,64.1885,16.25,97.9,0.0,1015.0,0.0,4711.0
5063,129,142.0,1.0,0.0,1781.0,0.0,13,0,0,0,0,0,0,63.7923,15.75,97.55,0.0,1015.0,0.0,4711.0
5064,129,142.0,0.0,0.0,1781.0,0.0,13,0,0,0,0,0,0,63.3846,15.25,97.2,0.0,1015.0,0.0,4711.0
5065,130,143.0,1.0,0.0,1781.0,0.0,12,0,0,0,1,0,0,62.9654,14.75,96.85,0.0,1015.0,0.0,4711.0
5066,130,142.0,0.0,1.0,1782.0,0.0,10,1,1,0,1,0,0,62.5731,14.4,96.5,0.0,1015.0,1.0,4712.0
5067,130,143.0,1.0,0.0,1782.0,0.0,12,0,0,0,1,0,0,62.1538,14.05,96.15,0.0,1015.0,0.0,4712.0
5068,130,143.0,0.0,0.0,1782.0,0.0,12,0,0,0,1,0,0,61.7231,13.7,95.8,0.0,1015.0,0.0,4712.0
5069,130,142.0,0.0,1.0,1783.0,0.0,8,1,3,0,1,0,0,61.3846,13.35,95.45,0.0,1015.0,3.0,4715.0
5070,130,141.0,0.0,1.0,1784.0,0.0,9,1,2,0,1,0,0,61.0692,13.0,95.1,1.0,1016.0,3.0,4718.0
5071,131,142.0,1.0,0.0,1784.0,0.0,10,1,2,0,0,0,0,60.7923,13.0,94.75,1.0,1017.0,3.0,4721.0
5072,131,142.0,0.0,0.0,1784.0,0.0,11,1,0,0,1,0,0,60.4115,12.65,94.4,0.0,1017.0,0.0,4721.0
5073,131,141.0,0.0,1.0,1785.0,0.0,10,2,1,0,0,0,0,60.0577,12.65,94.05,0.0,1017.0,1.0,4722.0
5074,129,141.0,0.0,0.0,1785.0,0.0,11,0,0,0,2,0,0,59.65,12.3,93.7,0.0,1017.0,0.0,4722.0
5075,131,143.0,2.0,0.0,1785.0,0.0,11,0,0,0,2,0,0,59.2423,11.95,93.35,0.0,1017.0,0.0,4722.0
5076,131,142.0,0.0,1.0,1786.0,0.0,9,1,1,0,2,0,0,58.85,11.6,93.0,0.0,1017.0,1.0,4723.0
5077,131,143.0,1.0,0.0,1786.0,0.0,9,0,2,0,2,0,0,58.5077,11.25,92.65,0.0,1017.0,2.0,4725.0
5078,131,143.0,0.0,0.0,1786.0,0.0,10,0,1,0,2,0,0,58.1654,10.9,92.3,1.0,1018.0,2.0,4727.0
5079,131,143.0,0.0,0.0,1786.0,0.0,11,0,0,0,2,0,0,57.7577,10.55,91.95,0.0,1018.0,0.0,4727.0
5080,131,143.0,0.0,0.0,1786.0,0.0,11,0,0,0,2,0,0,57.35,10.2,91.6,0.0,1018.0,0.0,4727.0
5081,131,143.0,0.0,0.0,1786.0,0.0,11,0,0,0,2,0,0,56.9308,9.85,91.25,0.0,1018.0,0.0,4727.0
5082,131,142.0,0.0,1.0,1787.0,0.0,10,1,0,0,2,0,0,56.4885,9.5,90.9,0.0,1018.0,0.0,4727.0
5083,132,144.0,2.0,0.0,1787.0,0.0,10,0,1,0,2,0,0,56.0962,9.15,90.55,0.0,1018.0,1.0,4728.0
5084,132,143.0,0.0,1.0,1788.0,0.0,8,1,1,0,3,0,0,55.7308,8.8,90.2,1.0,1019.0,2.0,4730.0
5085,133,144.0,1.0,0.0,1788.0,0.0,10,0,0,0,3,0,0,55.3115,8.45,89.85,0.0,1019.0,0.0,4730.0
5086,133,144.0,0.0,0.0,1788.0,0.0,10,0,0,0,3,0,0,54.8808,8.1,89.35,0.0,1019.0,0.0,4730.0
5087,133,144.0,0.0,0.0,1788.0,0.0,10,0,0,0,3,0,0,54.45,7.75,88.85,0.0,1019.0,0.0,4730.0
5088,133,144.0,0.0,0.0,1788.0,0.0,10,0,0,0,3,0,0,54.0192,7.4,88.35,0.0,1019.0,0.0,4730.0
5089,133,143.0,0.0,1.0,1789.0,0.0,8,1,1,0,3,0,0,53.6038,7.05,87.85,0.0,1019.0,1.0,4731.0
5090,133,142.0,0.0,1.0,1790.0,0.0,9,1,0,0,3,0,0,53.1615,6.7,87.35,0.0,1019.0,0.0,4731.0
5091,134,144.0,2.0,0.0,1790.0,0.0,10,0,0,0,3,0,0,52.7192,6.35,86.85,0.0,1019.0,0.0,4731.0
5092,134,144.0,0.0,0.0,1790.0,0.0,10,0,0,0,3,0,0,52.2769,6.0,86.35,0.0,1019.0,0.0,4731.0
5093,134,142.0,0.0,2.0,1792.0,0.0,7,2,1,0,3,0,0,51.8731,5.65,85.85,0.0,1019.0,1.0,4732.0
5094,132,139.0,0.0,3.0,1795.0,0.0,7,3,0,1,2,0,0,51.4423,5.3,85.5,0.0,1019.0,0.0,4732.0
5095,131,141.0,2.0,0.0,1795.0,0.0,10,0,0,2,1,0,0,51.7712,4.95,85.15,0.0,1019.0,0.0,4732.0
5096,131,140.0,0.0,1.0,1796.0,0.0,9,1,0,2,1,0,0,52.8581,10.75,84.8,0.0,1019.0,0.0,4732.0
5097,130,138.0,0.0,2.0,1798.0,0.0,8,2,0,2,1,0,0,53.9565,10.4,84.45,0.0,1019.0,0.0,4732.0
5098,128,138.0,0.0,0.0,1798.0,0.0,10,0,1,2,0,0,0,55.105,10.4,84.1,0.0,1019.0,1.0,4733.0
5099,129,139.0,1.0,0.0,1798.0,0.0,8,0,2,2,1,0,0,56.3073,10.4,83.75,1.0,1020.0,3.0,4736.0
5100,129,139.0,0.0,0.0,1798.0,0.0,10,0,0,2,1,0,0,57.4058,10.05,83.4,0.0,1020.0,0.0,4736.0
5101,129,139.0,0.0,0.0,1798.0,0.0,10,0,0,2,1,0,0,58.5042,9.7,83.05,0.0,1020.0,0.0,4736.0
5102,129,139.0,0.0,0.0,1798.0,0.0,8,0,1,2,2,0,0,59.6296,9.35,83.05,0.0,1020.0,1.0,4737.0
5103,129,138.0,0.0,1.0,1799.0,0.0,8,1,1,3,0,0,0,60.755,9.0,90.775,0.0,1020.0,1.0,4738.0
5104,128,138.0,0.0,0.0,1799.0,0.0,10,0,0,2,1,0,0,62.565,14.45,99.65,0.0,1020.0,0.0,4738.0
5105,129,140.0,2.0,0.0,1799.0,0.0,8,0,3,1,1,0,0,63.7308,14.1,99.65,0.0,1020.0,3.0,4741.0
5106,129,140.0,0.0,0.0,1799.0,0.0,9,0,3,1,0,0,0,64.2192,14.1,99.3,2.0,1022.0,5.0,4746.0
5107,131,142.0,2.0,0.0,1799.0,0.0,11,0,0,1,1,0,0,64.5615,13.75,98.95,0.0,1022.0,0.0,4746.0
5108,131,141.0,0.0,1.0,1800.0,0.0,10,1,0,1,1,0,0,64.8923,13.4,98.6,0.0,1022.0,0.0,4746.0
5109,130,140.0,0.0,1.0,1801.0,0.0,10,1,0,1,1,0,0,65.2231,13.05,98.25,0.0,1022.0,0.0,4746.0
5110,129,139.0,0.0,1.0,1802.0,0.0,9,1,1,1,1,0,0,65.5923,12.7,97.9,0.0,1022.0,1.0,4747.0
5111,128,139.0,0.0,0.0,1802.0,0.0,10,0,2,1,0,0,0,66.0,12.7,97.55,0.0,1022.0,2.0,4749.0
5112,128,139.0,0.0,0.0,1802.0,0.0,8,0,3,1,1,0,0,66.4731,12.7,97.2,1.0,1023.0,4.0,4753.0
5113,128,139.0,0.0,0.0,1802.0,0.0,10,0,2,0,1,0,0,66.9038,12.7,99.65,1.0,1024.0,3.0,4756.0
5114,128,139.0,0.0,0.0,1802.0,0.0,10,0,1,0,2,0,0,66.5692,12.35,99.3,0.0,1024.0,1.0,4757.0
5115,130,141.0,2.0,0.0,1802.0,0.0,11,0,0,0,2,0,0,66.2077,12.0,98.95,0.0,1024.0,0.0,4757.0
5116,130,141.0,0.0,0.0,1802.0,0.0,11,0,0,0,2,0,0,65.8462,11.65,98.6,0.0,1024.0,0.0,4757.0
5117,130,141.0,0.0,0.0,1802.0,0.0,11,0,0,0,2,0,0,65.4846,11.3,98.25,0.0,1024.0,0.0,4757.0
5118,130,141.0,0.0,0.0,1802.0,0.0,11,0,0,0,2,0,0,65.1115,10.95,97.9,0.0,1024.0,0.0,4757.0
5119,132,143.0,2.0,0.0,1802.0,0.0,11,0,0,0,2,0,0,64.7269,10.6,97.55,0.0,1024.0,0.0,4757.0
5120,132,142.0,0.0,1.0,1803.0,0.0,9,1,1,0,2,0,0,64.3577,10.25,97.2,0.0,1024.0,1.0,4758.0
5121,131,142.0,0.0,0.0,1803.0,0.0,10,0,1,0,2,0,0,64.0385,9.9,96.85,1.0,1025.0,2.0,4760.0
5122,131,142.0,0.0,0.0,1803.0,0.0,11,0,0,0,2,0,0,63.6538,9.55,96.5,0.0,1025.0,0.0,4760.0
5123,132,143.0,1.0,0.0,1803.0,0.0,8,0,3,0,2,0,0,63.3615,9.2,96.15,0.0,1025.0,3.0,4763.0
5124,132,143.0,0.0,0.0,1803.0,0.0,11,0,0,0,2,0,0,63.0077,8.85,95.8,2.0,1027.0,2.0,4765.0
5125,133,142.0,1.0,2.0,1805.0,0.0,9,2,0,0,2,0,0,62.6,8.5,95.45,0.0,1027.0,0.0,4765.0
5126,131,141.0,0.0,1.0,1806.0,0.0,9,1,1,0,2,0,0,62.2423,8.15,95.1,0.0,1027.0,1.0,4766.0
5127,130,141.0,0.0,0.0,1806.0,0.0,11,0,0,0,2,0,0,61.8577,7.8,94.75,0.0,1027.0,0.0,4766.0
5128,130,141.0,0.0,0.0,1806.0,0.0,10,0,1,0,2,0,0,61.5,7.45,94.75,0.0,1027.0,1.0,4767.0
5129,130,141.0,0.0,0.0,1806.0,0.0,11,0,0,0,2,0,0,61.1038,7.1,94.4,0.0,1027.0,0.0,4767.0
5130,130,141.0,0.0,0.0,1806.0,0.0,9,0,2,1,1,0,0,60.7615,6.75,94.05,0.0,1027.0,2.0,4769.0
5131,132,143.0,2.0,0.0,1806.0,0.0,10,0,1,1,1,0,0,61.1635,8.2,93.7,1.0,1028.0,2.0,4771.0
5132,132,143.0,0.0,0.0,1806.0,0.0,11,0,0,1,1,0,0,61.5115,7.85,93.35,0.0,1028.0,0.0,4771.0
5133,133,144.0,1.0,0.0,1806.0,0.0,9,0,2,1,1,0,0,61.9135,7.5,93.0,0.0,1028.0,2.0,4773.0
5134,133,144.0,0.0,0.0,1806.0,0.0,8,0,3,2,0,0,0,62.3692,7.15,93.0,1.0,1029.0,4.0,4777.0
5135,134,145.0,1.0,0.0,1806.0,0.0,10,0,1,2,0,0,0,63.5008,16.435,93.0,1.0,1030.0,2.0,4779.0
5136,134,144.0,0.0,1.0,1807.0,0.0,9,1,1,2,0,0,0,64.5938,25.72,92.65,0.0,1030.0,1.0,4780.0
5137,133,144.0,0.0,0.0,1807.0,0.0,10,0,1,2,0,0,0,65.6985,35.005,92.3,0.0,1030.0,1.0,4781.0
5138,133,143.0,0.0,1.0,1808.0,0.0,8,1,2,2,0,0,0,66.8185,43.1,92.3,0.0,1030.0,2.0,4783.0
5139,133,144.0,1.0,0.0,1808.0,0.0,10,0,1,2,0,0,0,67.95,43.1,92.3,1.0,1031.0,2.0,4785.0
5140,132,144.0,0.0,0.0,1808.0,0.0,10,0,2,1,0,0,0,69.0777,42.75,99.65,0.0,1031.0,2.0,4787.0
5141,132,144.0,0.0,0.0,1808.0,0.0,8,0,4,1,0,0,0,69.5804,42.4,99.3,1.0,1032.0,5.0,4792.0
5142,132,144.0,0.0,0.0,1808.0,0.0,10,0,2,1,0,0,0,70.0446,42.05,98.95,2.0,1034.0,4.0,4796.0
5143,133,145.0,1.0,0.0,1808.0,0.0,12,0,0,1,0,0,0,70.3781,41.7,98.6,0.0,1034.0,0.0,4796.0
5144,132,145.0,0.0,0.0,1808.0,0.0,12,0,1,0,0,0,0,70.7231,41.35,99.65,0.0,1034.0,1.0,4797.0
5145,133,146.0,1.0,0.0,1808.0,0.0,12,0,1,0,0,0,0,70.3423,41.0,99.3,0.0,1034.0,1.0,4798.0
5146,133,146.0,0.0,0.0,1808.0,0.0,12,0,1,0,0,0,0,69.9885,40.65,98.95,1.0,1035.0,2.0,4800.0
5147,135,147.0,2.0,1.0,1809.0,0.0,12,1,0,0,0,0,0,69.5346,40.15,98.6,0.0,1035.0,0.0,4800.0
5148,134,145.0,0.0,2.0,1811.0,0.0,11,2,0,0,0,0,0,69.0923,39.65,98.25,0.0,1035.0,0.0,4800.0
5149,132,144.0,0.0,1.0,1812.0,0.0,12,1,0,0,0,0,0,68.6615,39.15,97.9,0.0,1035.0,0.0,4800.0
5150,131,144.0,0.0,0.0,1812.0,0.0,10,0,3,0,0,0,0,68.3462,38.8,97.55,0.0,1035.0,3.0,4803.0
5151,131,144.0,0.0,0.0,1812.0,0.0,12,0,1,0,0,0,0,68.0308,38.45,97.2,2.0,1037.0,3.0,4806.0
5152,131,144.0,0.0,0.0,1812.0,0.0,13,0,0,0,0,0,0,67.6115,38.1,96.85,0.0,1037.0,0.0,4806.0
5153,131,144.0,0.0,0.0,1812.0,0.0,13,0,0,0,0,0,0,67.1923,37.75,96.5,0.0,1037.0,0.0,4806.0
5154,131,144.0,0.0,0.0,1812.0,0.0,13,0,0,0,0,0,0,66.7615,37.4,96.15,0.0,1037.0,0.0,4806.0
5155,134,147.0,3.0,0.0,1812.0,0.0,13,0,0,0,0,0,0,66.3192,37.05,95.65,0.0,1037.0,0.0,4806.0
5156,134,146.0,0.0,1.0,1813.0,0.0,12,1,0,0,0,0,0,65.8654,36.7,95.15,0.0,1037.0,0.0,4806.0
5157,133,145.0,0.0,1.0,1814.0,0.0,12,1,0,0,0,0,0,65.4231,36.35,94.65,0.0,1037.0,0.0,4806.0
5158,132,145.0,0.0,0.0,1814.0,0.0,12,0,1,0,0,0,0,65.0308,36.0,94.15,0.0,1037.0,1.0,4807.0
5159,132,145.0,0.0,0.0,1814.0,0.0,11,0,2,0,0,0,0,64.6654,35.65,93.65,0.0,1037.0,2.0,4809.0
5160,132,144.0,0.0,1.0,1815.0,0.0,11,1,1,0,0,0,0,64.2885,35.3,93.15,1.0,1038.0,2.0,4811.0
5161,132,145.0,1.0,0.0,1815.0,0.0,13,0,0,0,0,0,0,63.8577,34.95,92.65,0.0,1038.0,0.0,4811.0
5162,132,144.0,0.0,1.0,1816.0,0.0,12,1,0,0,0,0,0,63.4154,34.6,92.15,0.0,1038.0,0.0,4811.0
5163,132,145.0,1.0,0.0,1816.0,0.0,13,0,0,0,0,0,0,62.9846,34.25,91.65,0.0,1038.0,0.0,4811.0
5164,132,144.0,0.0,1.0,1817.0,0.0,11,1,1,0,0,0,0,62.5923,33.9,91.25,0.0,1038.0,1.0,4812.0
5165,132,145.0,1.0,0.0,1817.0,0.0,13,0,0,0,0,0,0,62.15,33.55,90.9,0.0,1038.0,0.0,4812.0
5166,132,144.0,0.0,1.0,1818.0,0.0,12,1,0,0,0,0,0,61.6962,33.2,90.55,0.0,1038.0,0.0,4812.0
5167,132,143.0,1.0,2.0,1820.0,0.0,11,2,0,0,0,0,0,61.2423,32.85,90.2,0.0,1038.0,0.0,4812.0
5168,130,143.0,0.0,0.0,1820.0,0.0,13,0,0,0,0,0,0,60.8115,32.5,89.85,0.0,1038.0,0.0,4812.0
5169,130,142.0,0.0,1.0,1821.0,0.0,12,1,0,0,0,0,0,60.3808,32.15,89.5,0.0,1038.0,0.0,4812.0
5170,129,141.0,0.0,1.0,1822.0,0.0,11,1,1,0,0,0,0,59.9769,31.8,89.0,0.0,1038.0,1.0,4813.0
5171,129,140.0,1.0,2.0,1824.0,0.0,11,2,0,0,0,0,0,59.5577,31.45,88.5,0.0,1038.0,0.0,4813.0
5172,127,139.0,0.0,1.0,1825.0,0.0,12,1,0,0,0,0,0,59.1615,31.1,88.0,0.0,1038.0,0.0,4813.0
5173,126,138.0,0.0,1.0,1826.0,0.0,12,1,0,0,0,0,0,58.7654,30.75,87.5,0.0,1038.0,0.0,4813.0
5174,125,138.0,0.0,0.0,1826.0,0.0,11,0,2,0,0,0,0,58.4462,30.4,87.0,0.0,1038.0,2.0,4815.0
5175,127,140.0,2.0,0.0,1826.0,0.0,12,0,1,0,0,0,0,58.1269,30.05,86.55,1.0,1039.0,2.0,4817.0
5176,127,140.0,0.0,0.0,1826.0,0.0,13,0,0,0,0,0,0,57.7423,29.7,86.2,0.0,1039.0,0.0,4817.0
5177,127,140.0,0.0,0.0,1826.0,0.0,12,0,1,0,0,0,0,57.3962,29.35,86.0,0.0,1039.0,1.0,4818.0
5178,127,140.0,0.0,0.0,1826.0,0.0,10,0,3,0,0,0,0,57.1038,28.85,86.0,0.0,1039.0,3.0,4821.0
5179,129,142.0,2.0,0.0,1826.0,0.0,12,0,1,0,0,0,0,56.8115,28.35,86.0,2.0,1041.0,3.0,4824.0
5180,129,142.0,0.0,0.0,1826.0,0.0,12,0,1,0,0,0,0,56.4423,27.85,85.5,0.0,1041.0,1.0,4825.0
5181,129,141.0,0.0,1.0,1827.0,0.0,10,1,2,0,0,0,0,56.1,27.35,85.15,0.0,1041.0,2.0,4827.0
5182,128,140.0,0.0,1.0,1828.0,0.0,11,1,1,0,0,0,0,55.7577,26.85,84.8,1.0,1042.0,2.0,4829.0
5183,127,140.0,0.0,0.0,1828.0,0.0,13,0,0,0,0,0,0,55.3731,26.35,84.45,0.0,1042.0,0.0,4829.0
5184,127,140.0,0.0,0.0,1828.0,0.0,12,0,1,0,0,0,0,55.0154,25.85,84.1,0.0,1042.0,1.0,4830.0
5185,128,141.0,1.0,0.0,1828.0,0.0,11,0,2,0,0,0,0,54.6962,25.85,83.75,0.0,1042.0,2.0,4832.0
5186,128,141.0,0.0,0.0,1828.0,0.0,12,0,1,0,0,0,0,54.3654,25.85,83.4,1.0,1043.0,2.0,4834.0
5187,129,142.0,1.0,0.0,1828.0,0.0,12,0,1,0,0,0,0,53.9962,25.35,83.05,0.0,1043.0,1.0,4835.0
5188,129,142.0,0.0,0.0,1828.0,0.0,13,0,0,0,0,0,0,53.5885,24.85,82.7,0.0,1043.0,0.0,4835.0
5189,130,143.0,1.0,0.0,1828.0,0.0,13,0,0,0,0,0,0,53.1808,24.35,82.35,0.0,1043.0,0.0,4835.0
5190,130,142.0,0.0,1.0,1829.0,0.0,11,1,1,0,0,0,0,52.7885,23.85,82.0,0.0,1043.0,1.0,4836.0
5191,130,143.0,1.0,0.0,1829.0,0.0,10,0,3,0,0,0,0,52.4885,23.35,81.65,1.0,1044.0,4.0,4840.0
5192,130,143.0,0.0,0.0,1829.0,0.0,11,0,2,0,0,0,0,52.1385,22.85,81.65,1.0,1045.0,3.0,4843.0
5193,130,143.0,0.0,0.0,1829.0,0.0,12,0,1,0,0,0,0,51.7615,22.35,81.65,1.0,1046.0,2.0,4845.0
5194,130,143.0,0.0,0.0,1829.0,0.0,11,0,2,0,0,0,0,51.3731,21.85,81.3,0.0,1046.0,2.0,4847.0
5195,132,145.0,2.0,0.0,1829.0,0.0,13,0,0,0,0,0,0,50.9577,21.35,80.95,1.0,1047.0,1.0,4848.0
5196,132,144.0,0.0,1.0,1830.0,0.0,11,1,1,0,0,0,0,50.5192,20.85,80.95,0.0,1047.0,1.0,4849.0
5197,131,144.0,0.0,0.0,1830.0,0.0,12,0,1,0,0,0,0,50.1423,20.35,80.6,0.0,1047.0,1.0,4850.0
5198,131,144.0,0.0,0.0,1830.0,0.0,11,0,2,0,0,0,0,49.8308,19.85,80.25,1.0,1048.0,3.0,4853.0
5199,131,144.0,0.0,0.0,1830.0,0.0,13,0,0,0,0,0,0,49.4154,19.35,79.9,1.0,1049.0,1.0,4854.0
5200,131,143.0,0.0,1.0,1831.0,0.0,10,1,2,0,0,0,0,49.0269,18.85,79.55,0.0,1049.0,2.0,4856.0
5201,130,143.0,0.0,0.0,1831.0,0.0,13,0,0,0,0,0,0,48.6231,18.35,79.2,0.0,1049.0,0.0,4856.0
5202,130,143.0,0.0,0.0,1831.0,0.0,13,0,0,0,0,0,0,48.1692,17.85,78.7,0.0,1049.0,0.0,4856.0
5203,133,145.0,3.0,1.0,1832.0,0.0,11,1,1,0,0,0,0,47.7538,17.35,78.2,0.0,1049.0,1.0,4857.0
5204,132,145.0,0.0,0.0,1832.0,0.0,9,0,4,0,0,0,0,47.4538,17.0,78.2,0.0,1049.0,4.0,4861.0
5205,133,145.0,1.0,1.0,1833.0,0.0,10,1,2,0,0,0,0,47.1538,16.65,78.2,2.0,1051.0,4.0,4865.0
5206,132,144.0,0.0,1.0,1834.0,0.0,12,1,0,0,0,0,0,46.7231,16.3,77.7,0.0,1051.0,0.0,4865.0
5207,131,143.0,0.0,1.0,1835.0,0.0,10,1,2,0,0,0,0,46.3808,15.95,77.2,0.0,1051.0,2.0,4867.0
5208,130,143.0,0.0,0.0,1835.0,0.0,12,0,1,0,0,0,0,46.05,15.6,76.7,1.0,1052.0,2.0,4869.0
5209,130,143.0,0.0,0.0,1835.0,0.0,13,0,0,0,0,0,0,45.6423,15.25,76.2,0.0,1052.0,0.0,4869.0
5210,130,143.0,0.0,0.0,1835.0,0.0,11,0,1,0,1,0,0,45.25,14.9,75.7,0.0,1052.0,1.0,4870.0
5211,131,144.0,1.0,0.0,1835.0,0.0,11,0,1,0,1,0,0,44.8846,14.55,75.2,1.0,1053.0,2.0,4872.0
5212,131,144.0,0.0,0.0,1835.0,0.0,12,0,0,0,1,0,0,44.4654,14.2,74.7,0.0,1053.0,0.0,4872.0
5213,131,144.0,0.0,0.0,1835.0,0.0,10,0,3,0,0,0,0,44.15,14.2,74.7,0.0,1053.0,3.0,4875.0
5214,131,144.0,0.0,0.0,1835.0,0.0,8,0,5,0,0,0,0,43.9423,14.2,74.7,2.0,1055.0,7.0,4882.0
5215,133,146.0,2.0,0.0,1835.0,0.0,11,0,1,0,1,0,0,43.5538,13.85,74.2,1.0,1056.0,2.0,4884.0
5216,133,146.0,0.0,0.0,1835.0,0.0,11,0,1,0,1,0,0,43.1769,13.5,74.2,0.0,1056.0,1.0,4885.0
5217,134,146.0,1.0,1.0,1836.0,0.0,11,1,0,0,1,0,0,42.8,13.15,74.2,1.0,1057.0,1.0,4886.0
5218,134,146.0,0.0,0.0,1836.0,0.0,9,0,3,0,1,0,0,42.4731,12.8,73.7,0.0,1057.0,3.0,4889.0
5219,135,147.0,1.0,0.0,1836.0,0.0,10,0,2,0,1,0,0,42.1462,12.45,73.2,1.0,1058.0,3.0,4892.0
5220,135,147.0,0.0,0.0,1836.0,0.0,11,0,1,0,1,0,0,41.7808,12.1,72.7,1.0,1059.0,2.0,4894.0
5221,135,146.0,0.0,1.0,1837.0,0.0,10,1,1,0,1,0,0,41.4154,11.75,72.2,0.0,1059.0,1.0,4895.0
5222,134,146.0,0.0,0.0,1837.0,0.0,9,0,3,0,1,0,0,41.0538,11.4,71.7,0.0,1059.0,3.0,4898.0
5223,134,146.0,0.0,0.0,1837.0,0.0,8,0,5,0,0,0,0,40.7962,11.4,71.2,1.0,1060.0,6.0,4904.0
5224,134,146.0,0.0,0.0,1837.0,0.0,10,0,2,0,1,0,0,40.4846,11.4,70.7,2.0,1062.0,4.0,4908.0
5225,135,147.0,1.0,0.0,1837.0,0.0,12,0,0,0,1,0,0,40.0423,11.05,70.2,0.0,1062.0,0.0,4908.0
5226,135,146.0,0.0,1.0,1838.0,0.0,10,1,1,0,1,0,0,39.6269,10.7,69.7,0.0,1062.0,1.0,4909.0
5227,136,148.0,2.0,0.0,1838.0,0.0,10,0,3,0,0,0,0,39.2885,10.7,69.7,0.0,1062.0,3.0,4912.0
5228,136,148.0,0.0,0.0,1838.0,0.0,11,0,1,0,1,0,0,38.9231,10.35,69.7,1.0,1063.0,2.0,4914.0
5229,136,148.0,0.0,0.0,1838.0,0.0,11,0,1,0,1,0,0,38.5308,10.0,69.2,0.0,1063.0,1.0,4915.0
5230,136,148.0,0.0,0.0,1838.0,0.0,10,0,2,0,1,0,0,38.1769,9.65,68.7,0.0,1063.0,2.0,4917.0
5231,137,149.0,1.0,0.0,1838.0,0.0,9,0,3,0,1,0,0,37.8769,9.3,68.2,1.0,1064.0,4.0,4921.0
5232,137,147.0,0.0,2.0,1840.0,0.0,9,2,1,0,1,0,0,37.5,8.95,67.7,1.0,1065.0,2.0,4923.0
5233,135,147.0,0.0,0.0,1840.0,0.0,12,0,0,0,1,0,0,37.0692,8.6,67.2,0.0,1065.0,0.0,4923.0
5234,135,147.0,0.0,0.0,1840.0,0.0,10,0,2,0,1,0,0,36.7154,8.25,67.2,0.0,1065.0,2.0,4925.0
5235,137,148.0,2.0,1.0,1841.0,0.0,9,1,2,0,1,0,0,36.3769,7.9,67.2,1.0,1066.0,3.0,4928.0
5236,136,148.0,0.0,0.0,1841.0,0.0,10,0,2,0,1,0,0,36.05,7.55,66.7,1.0,1067.0,3.0,4931.0
5237,136,147.0,0.0,1.0,1842.0,0.0,10,1,1,0,1,0,0,35.6962,7.2,66.2,1.0,1068.0,2.0,4933.0
5238,135,147.0,0.0,0.0,1842.0,0.0,10,0,1,0,2,0,0,35.3038,6.85,65.7,0.0,1068.0,1.0,4934.0
5239,136,148.0,1.0,0.0,1842.0,0.0,11,0,0,0,2,0,0,34.8846,6.5,65.2,0.0,1068.0,0.0,4934.0
5240,136,145.0,0.0,3.0,1845.0,0.0,8,3,0,0,2,0,0,34.4538,6.15,64.7,0.0,1068.0,0.0,4934.0
5241,133,145.0,0.0,0.0,1845.0,0.0,11,0,0,0,2,0,0,34.0577,5.8,64.35,0.0,1068.0,0.0,4934.0
5242,133,144.0,0.0,1.0,1846.0,0.0,10,1,0,0,2,0,0,33.6615,5.45,64.0,0.0,1068.0,0.0,4934.0
5243,134,145.0,1.0,0.0,1846.0,0.0,11,0,0,0,2,0,0,33.2538,5.1,63.65,0.0,1068.0,0.0,4934.0
5244,134,144.0,0.0,1.0,1847.0,0.0,9,1,1,1,1,0,0,32.8846,4.75,63.3,0.0,1068.0,1.0,4935.0
5245,135,146.0,2.0,0.0,1847.0,0.0,11,0,0,1,1,0,0,33.2481,12.25,62.95,0.0,1068.0,0.0,4935.0
5246,135,146.0,0.0,0.0,1847.0,0.0,11,0,0,1,1,0,0,33.6115,11.9,62.6,0.0,1068.0,0.0,4935.0
5247,135,146.0,0.0,0.0,1847.0,0.0,10,0,1,1,1,0,0,34.0019,11.55,62.25,0.0,1068.0,1.0,4936.0
5248,135,145.0,0.0,1.0,1848.0,0.0,8,1,2,1,1,0,0,34.4192,11.2,61.9,0.0,1068.0,2.0,4938.0
5249,135,145.0,0.0,0.0,1848.0,0.0,8,1,2,1,1,0,0,34.8904,10.85,61.9,1.0,1069.0,3.0,4941.0
5250,135,145.0,0.0,0.0,1848.0,0.0,7,1,2,1,2,0,0,35.3346,10.5,61.9,1.0,1070.0,2.0,4943.0
5251,137,147.0,2.0,0.0,1848.0,0.0,8,1,1,1,2,0,0,35.7365,10.15,71.425,1.0,1071.0,1.0,4944.0
5252,137,147.0,0.0,0.0,1848.0,0.0,10,0,0,2,1,0,0,36.0885,9.8,80.95,0.0,1071.0,0.0,4944.0
5253,137,146.0,0.0,1.0,1849.0,0.0,8,1,1,2,1,0,0,37.1996,13.75,90.475,0.0,1071.0,1.0,4945.0
5254,135,145.0,0.0,1.0,1850.0,0.0,9,1,1,1,1,0,0,38.2838,13.4,99.65,0.0,1071.0,1.0,4946.0
5255,135,146.0,1.0,0.0,1850.0,0.0,9,0,0,1,3,0,0,38.62,13.05,99.3,0.0,1071.0,0.0,4946.0
5256,135,145.0,0.0,1.0,1851.0,0.0,7,1,1,1,3,0,0,38.9831,12.7,98.95,0.0,1071.0,1.0,4947.0
5257,135,145.0,0.0,0.0,1851.0,0.0,6,0,3,1,3,0,0,39.4346,12.35,98.6,0.0,1071.0,3.0,4950.0
5258,135,145.0,0.0,0.0,1851.0,0.0,7,0,3,1,2,0,0,39.94,12.0,98.25,2.0,1073.0,5.0,4955.0
5259,137,147.0,2.0,0.0,1851.0,0.0,7,0,2,1,3,0,0,40.3415,11.65,97.9,0.0,1073.0,2.0,4957.0
5260,137,147.0,0.0,0.0,1851.0,0.0,8,0,1,1,3,0,0,40.7585,11.3,97.55,1.0,1074.0,2.0,4959.0
5261,137,147.0,0.0,0.0,1851.0,0.0,8,0,1,1,3,0,0,41.1485,10.95,97.2,1.0,1075.0,2.0,4961.0
5262,136,147.0,0.0,0.0,1851.0,0.0,8,0,3,1,1,0,0,41.55,10.6,99.65,0.0,1075.0,3.0,4964.0
5263,137,148.0,1.0,0.0,1851.0,0.0,8,0,1,1,3,0,0,41.9338,12.45,99.3,1.0,1076.0,2.0,4966.0
5264,137,148.0,0.0,0.0,1851.0,0.0,9,0,0,1,3,0,0,42.2523,12.1,98.95,0.0,1076.0,0.0,4966.0
5265,138,149.0,1.0,0.0,1851.0,0.0,9,0,0,1,3,0,0,42.5708,11.75,98.6,0.0,1076.0,0.0,4966.0
5266,138,149.0,0.0,0.0,1851.0,0.0,9,0,0,1,3,0,0,42.8892,11.4,98.25,0.0,1076.0,0.0,4966.0
5267,139,148.0,1.0,2.0,1853.0,0.0,7,2,0,1,3,0,0,43.2077,11.05,97.9,0.0,1076.0,0.0,4966.0
5268,139,148.0,0.0,0.0,1853.0,0.0,9,0,0,1,3,0,0,43.5492,10.7,97.55,0.0,1076.0,0.0,4966.0
5269,139,148.0,0.0,0.0,1853.0,0.0,9,0,0,1,3,0,0,43.8792,10.35,97.2,0.0,1076.0,0.0,4966.0
5270,139,147.0,0.0,1.0,1854.0,0.0,8,1,0,1,3,0,0,44.1977,10.0,96.85,0.0,1076.0,0.0,4966.0
5271,138,147.0,0.0,0.0,1854.0,0.0,9,0,0,1,3,0,0,44.5162,9.65,96.5,0.0,1076.0,0.0,4966.0
5272,137,147.0,0.0,0.0,1854.0,0.0,10,0,0,0,3,0,0,44.8077,9.3,99.65,0.0,1076.0,0.0,4966.0
5273,138,148.0,1.0,0.0,1854.0,0.0,10,0,0,0,3,0,0,44.4,8.95,99.3,0.0,1076.0,0.0,4966.0
5274,138,147.0,0.0,1.0,1855.0,0.0,9,1,0,1,2,0,0,43.9923,8.6,98.95,0.0,1076.0,0.0,4966.0
5275,140,149.0,3.0,1.0,1856.0,0.0,7,1,2,2,1,0,0,44.3915,8.55,98.6,0.0,1076.0,2.0,4968.0
5276,139,149.0,0.0,0.0,1856.0,0.0,9,0,1,2,1,0,0,45.5046,8.2,98.25,1.0,1077.0,2.0,4970.0
5277,139,149.0,0.0,0.0,1856.0,0.0,10,0,0,2,1,0,0,46.5523,7.85,97.9,0.0,1077.0,0.0,4970.0
5278,139,147.0,0.0,2.0,1858.0,0.0,8,2,0,2,1,0,0,47.6,7.5,97.55,0.0,1077.0,0.0,4970.0
5279,137,147.0,0.0,0.0,1858.0,0.0,10,0,0,3,0,0,0,48.6708,7.15,97.2,0.0,1077.0,0.0,4970.0
5280,137,147.0,0.0,0.0,1858.0,0.0,10,0,0,3,0,0,0,50.4712,16.435,96.85,0.0,1077.0,0.0,4970.0
5281,137,147.0,0.0,0.0,1858.0,0.0,9,0,1,3,0,0,0,52.2985,18.6,96.5,0.0,1077.0,1.0,4971.0
5282,137,145.0,0.0,2.0,1860.0,0.0,8,2,0,3,0,0,0,54.0758,18.1,96.15,0.0,1077.0,0.0,4971.0
5283,136,146.0,1.0,0.0,1860.0,0.0,10,0,0,3,0,0,0,55.8762,17.6,95.8,0.0,1077.0,0.0,4971.0
5284,135,146.0,0.0,0.0,1860.0,0.0,11,0,0,2,0,0,0,57.6496,17.1,99.65,0.0,1077.0,0.0,4971.0
5285,135,147.0,1.0,0.0,1860.0,0.0,11,0,1,1,0,0,0,58.72,16.6,99.65,0.0,1077.0,1.0,4972.0
5286,135,147.0,0.0,0.0,1860.0,0.0,12,0,0,1,0,0,0,59.0765,16.1,99.3,0.0,1077.0,0.0,4972.0
5287,137,149.0,2.0,0.0,1860.0,0.0,12,0,0,1,0,0,0,59.4331,15.6,98.95,0.0,1077.0,0.0,4972.0
5288,137,149.0,0.0,0.0,1860.0,0.0,12,0,0,1,0,0,0,59.7781,15.1,98.6,0.0,1077.0,0.0,4972.0
5289,136,148.0,0.0,1.0,1861.0,0.0,11,1,0,0,1,0,0,60.0962,14.6,99.65,0.0,1077.0,0.0,4972.0
5290,135,147.0,0.0,1.0,1862.0,0.0,10,1,1,0,1,0,0,59.7385,14.25,99.3,0.0,1077.0,1.0,4973.0
5291,136,148.0,1.0,0.0,1862.0,0.0,12,0,0,0,1,0,0,59.3654,13.9,98.95,0.0,1077.0,0.0,4973.0
5292,136,148.0,0.0,0.0,1862.0,0.0,10,0,2,0,1,0,0,59.0462,13.55,98.6,0.0,1077.0,2.0,4975.0
5293,136,148.0,0.0,0.0,1862.0,0.0,11,0,1,0,1,0,0,58.7154,13.2,98.25,1.0,1078.0,2.0,4977.0
5294,136,148.0,0.0,0.0,1862.0,0.0,12,0,0,0,1,0,0,58.3308,12.85,97.9,0.0,1078.0,0.0,4977.0
5295,137,149.0,1.0,0.0,1862.0,0.0,12,0,0,0,1,0,0,57.9462,12.5,97.55,0.0,1078.0,0.0,4977.0
5296,137,147.0,0.0,2.0,1864.0,0.0,9,2,0,0,2,0,0,57.55,12.15,97.2,0.0,1078.0,0.0,4977.0
5297,136,147.0,0.0,0.0,1864.0,0.0,11,0,0,0,2,0,0,57.1769,11.8,96.85,0.0,1078.0,0.0,4977.0
5298,136,147.0,0.0,0.0,1864.0,0.0,10,0,1,0,2,0,0,56.8192,11.45,96.5,0.0,1078.0,1.0,4978.0
5299,138,148.0,2.0,1.0,1865.0,0.0,10,1,0,0,2,0,0,56.4346,11.1,96.15,0.0,1078.0,0.0,4978.0
5300,137,148.0,0.0,0.0,1865.0,0.0,10,0,1,0,2,0,0,56.0885,10.75,95.8,0.0,1078.0,1.0,4979.0
5301,138,149.0,1.0,0.0,1865.0,0.0,11,0,0,0,2,0,0,55.7154,10.4,95.45,0.0,1078.0,0.0,4979.0
5302,138,149.0,0.0,0.0,1865.0,0.0,11,0,0,0,2,0,0,55.3308,10.05,94.95,0.0,1078.0,0.0,4979.0
5303,138,148.0,0.0,1.0,1866.0,0.0,10,1,0,0,2,0,0,54.9462,9.7,94.45,0.0,1078.0,0.0,4979.0
5304,137,147.0,0.0,1.0,1867.0,0.0,8,1,2,0,2,0,0,54.6269,9.35,93.95,0.0,1078.0,2.0,4981.0
5305,137,148.0,1.0,0.0,1867.0,0.0,10,0,1,0,2,0,0,54.2962,9.0,93.6,1.0,1079.0,2.0,4983.0
5306,137,148.0,0.0,0.0,1867.0,0.0,11,0,1,0,1,0,0,53.9269,8.65,93.25,0.0,1079.0,1.0,4984.0
5307,138,149.0,1.0,0.0,1867.0,0.0,10,0,1,0,2,0,0,53.5962,8.3,92.9,0.0,1079.0,1.0,4985.0
5308,138,149.0,0.0,0.0,1867.0,0.0,10,0,1,0,2,0,0,53.2423,7.95,92.55,1.0,1080.0,2.0,4987.0
5309,138,149.0,0.0,0.0,1867.0,0.0,10,0,1,0,2,0,0,52.85,7.6,92.2,0.0,1080.0,1.0,4988.0
5310,138,149.0,0.0,0.0,1867.0,0.0,8,0,3,0,2,0,0,52.5385,7.25,91.85,1.0,1081.0,4.0,4992.0
5311,139,149.0,1.0,1.0,1868.0,0.0,9,1,1,0,2,0,0,52.1615,6.9,91.5,1.0,1082.0,2.0,4994.0
5312,138,148.0,0.0,1.0,1869.0,0.0,8,1,2,0,2,0,0,51.7846,6.55,91.15,0.0,1082.0,2.0,4996.0
5313,137,147.0,0.0,1.0,1870.0,0.0,10,1,1,1,0,0,0,51.3808,6.2,90.8,0.0,1082.0,1.0,4997.0
5314,136,147.0,0.0,0.0,1870.0,0.0,11,0,0,1,1,0,0,51.71,9.05,90.45,0.0,1082.0,0.0,4997.0
5315,139,150.0,3.0,0.0,1870.0,0.0,11,0,0,1,1,0,0,52.0392,8.7,90.1,0.0,1082.0,0.0,4997.0
5316,139,150.0,0.0,0.0,1870.0,0.0,11,0,0,1,1,0,0,52.3685,8.35,89.75,0.0,1082.0,0.0,4997.0
5317,139,149.0,0.0,1.0,1871.0,0.0,10,1,0,1,1,0,0,52.6977,8.0,89.4,0.0,1082.0,0.0,4997.0
5318,138,149.0,0.0,0.0,1871.0,0.0,11,0,0,1,1,0,0,53.0269,7.65,89.05,0.0,1082.0,0.0,4997.0
5319,138,149.0,0.0,0.0,1871.0,0.0,11,0,0,1,1,0,0,53.3562,7.3,88.7,0.0,1082.0,0.0,4997.0
5320,138,148.0,0.0,1.0,1872.0,0.0,10,1,0,1,1,0,0,53.6854,6.95,88.35,0.0,1082.0,0.0,4997.0
5321,137,148.0,0.0,0.0,1872.0,0.0,11,0,0,1,1,0,0,54.0262,6.6,88.0,0.0,1082.0,0.0,4997.0
5322,137,148.0,0.0,0.0,1872.0,0.0,11,0,0,1,1,0,0,54.3554,6.25,90.62,0.0,1082.0,0.0,4997.0
5323,138,149.0,2.0,1.0,1873.0,0.0,11,1,0,0,1,0,0,54.6577,5.9,99.65,0.0,1082.0,0.0,4997.0
5324,137,148.0,0.0,1.0,1874.0,0.0,11,1,0,0,1,0,0,54.2269,5.55,99.3,0.0,1082.0,0.0,4997.0
5325,137,149.0,1.0,0.0,1874.0,0.0,12,0,0,1,0,0,0,53.8077,5.2,98.95,0.0,1082.0,0.0,4997.0
5326,137,148.0,0.0,1.0,1875.0,0.0,10,1,1,1,0,0,0,54.1715,14.68,98.6,0.0,1082.0,1.0,4998.0
5327,136,148.0,0.0,0.0,1875.0,0.0,10,0,1,1,1,0,0,54.5854,14.7,98.25,1.0,1083.0,2.0,5000.0
5328,136,148.0,0.0,0.0,1875.0,0.0,11,0,0,1,1,0,0,54.9454,14.35,97.9,0.0,1083.0,0.0,5000.0
5329,137,148.0,1.0,1.0,1876.0,0.0,10,1,0,1,1,0,0,55.2938,14.0,97.55,0.0,1083.0,0.0,5000.0
5330,136,147.0,0.0,1.0,1877.0,0.0,9,1,0,1,2,0,0,55.6538,13.65,97.2,0.0,1083.0,0.0,5000.0
5331,137,148.0,1.0,0.0,1877.0,0.0,10,0,0,1,2,0,0,56.0254,13.3,96.85,0.0,1083.0,0.0,5000.0
5332,137,148.0,0.0,0.0,1877.0,0.0,9,0,2,1,1,0,0,56.4508,13.3,96.5,0.0,1083.0,2.0,5002.0
5333,137,148.0,0.0,0.0,1877.0,0.0,8,0,2,1,2,0,0,56.9031,13.3,96.15,1.0,1084.0,3.0,5005.0
5334,137,148.0,0.0,0.0,1877.0,0.0,8,0,2,1,2,0,0,57.3285,12.95,95.8,0.0,1084.0,2.0,5007.0
5335,138,150.0,2.0,0.0,1877.0,0.0,10,0,1,0,2,0,0,57.7269,12.6,99.65,1.0,1085.0,2.0,5009.0
5336,138,148.0,0.0,2.0,1879.0,0.0,9,2,0,0,2,0,0,57.3077,12.25,99.3,0.0,1085.0,0.0,5009.0
5337,138,147.0,0.0,1.0,1880.0,0.0,9,1,0,0,3,0,0,56.9,11.9,98.95,0.0,1085.0,0.0,5009.0
5338,137,147.0,0.0,0.0,1880.0,0.0,9,0,1,0,3,0,0,56.5192,11.55,98.6,0.0,1085.0,1.0,5010.0
5339,138,147.0,1.0,1.0,1881.0,0.0,9,1,0,0,3,0,0,56.1115,11.2,98.25,0.0,1085.0,0.0,5010.0
5340,137,147.0,0.0,0.0,1881.0,0.0,10,0,0,0,3,0,0,55.7154,10.85,97.9,0.0,1085.0,0.0,5010.0
5341,137,147.0,0.0,0.0,1881.0,0.0,9,0,2,0,2,0,0,55.3731,10.5,97.55,0.0,1085.0,2.0,5012.0
5342,137,147.0,0.0,0.0,1881.0,0.0,10,0,1,0,2,0,0,55.0308,10.15,97.2,1.0,1086.0,2.0,5014.0
5343,138,148.0,1.0,0.0,1881.0,0.0,10,0,0,0,3,0,0,54.6346,9.8,96.85,0.0,1086.0,0.0,5014.0
5344,138,148.0,0.0,0.0,1881.0,0.0,10,0,0,0,3,0,0,54.2385,9.45,96.5,0.0,1086.0,0.0,5014.0
5345,139,149.0,1.0,0.0,1881.0,0.0,10,0,0,0,3,0,0,53.8423,9.1,96.15,0.0,1086.0,0.0,5014.0
5346,139,149.0,0.0,0.0,1881.0,0.0,10,0,0,0,3,0,0,53.4346,8.75,95.8,0.0,1086.0,0.0,5014.0
5347,141,150.0,2.0,1.0,1882.0,0.0,9,1,0,0,3,0,0,53.0154,8.4,95.3,0.0,1086.0,0.0,5014.0
5348,140,149.0,0.0,1.0,1883.0,0.0,8,1,1,0,3,0,0,52.6462,8.05,95.3,0.0,1086.0,1.0,5015.0
5349,139,148.0,0.0,1.0,1884.0,0.0,9,1,1,0,2,0,0,52.3154,7.7,95.3,1.0,1087.0,2.0,5017.0
5350,138,148.0,0.0,0.0,1884.0,0.0,10,0,0,0,3,0,0,51.9308,7.35,94.8,0.0,1087.0,0.0,5017.0
5351,138,147.0,0.0,1.0,1885.0,0.0,8,1,1,0,3,0,0,51.55,7.0,94.3,0.0,1087.0,1.0,5018.0
5352,137,146.0,0.0,1.0,1886.0,0.0,9,1,0,0,3,0,0,51.1423,6.65,93.8,0.0,1087.0,0.0,5018.0
5353,136,146.0,0.0,0.0,1886.0,0.0,10,0,0,0,3,0,0,50.7462,6.3,93.3,0.0,1087.0,0.0,5018.0
5354,136,146.0,0.0,0.0,1886.0,0.0,9,0,1,0,3,0,0,50.3769,5.95,92.8,0.0,1087.0,1.0,5019.0
5355,138,148.0,2.0,0.0,1886.0,0.0,10,0,0,0,3,0,0,49.9808,5.6,92.3,0.0,1087.0,0.0,5019.0
5356,138,148.0,0.0,0.0,1886.0,0.0,10,0,0,0,3,0,0,49.5731,5.25,91.8,0.0,1087.0,0.0,5019.0
5357,139,149.0,1.0,0.0,1886.0,0.0,10,0,0,0,3,0,0,49.1654,4.9,91.3,0.0,1087.0,0.0,5019.0
5358,139,148.0,0.0,1.0,1887.0,0.0,9,1,0,1,2,0,0,48.7462,4.55,90.8,0.0,1087.0,0.0,5019.0
5359,139,149.0,1.0,0.0,1887.0,0.0,8,0,2,1,2,0,0,49.1454,4.2,90.45,0.0,1087.0,2.0,5021.0
5360,139,149.0,0.0,0.0,1887.0,0.0,7,0,3,2,1,0,0,49.5985,3.85,90.45,1.0,1088.0,4.0,5025.0
5361,139,149.0,0.0,0.0,1887.0,0.0,9,0,0,2,2,0,0,50.6988,4.85,90.1,0.0,1088.0,0.0,5025.0
5362,139,149.0,0.0,0.0,1887.0,0.0,9,0,1,2,1,0,0,51.8262,4.85,89.75,0.0,1088.0,1.0,5026.0
5363,140,150.0,1.0,0.0,1887.0,0.0,8,0,1,2,2,0,0,52.9919,4.85,89.4,1.0,1089.0,2.0,5028.0
5364,140,149.0,0.0,1.0,1888.0,0.0,8,1,0,2,2,0,0,54.0808,4.5,88.9,0.0,1089.0,0.0,5028.0
5365,140,150.0,1.0,0.0,1888.0,0.0,9,0,0,2,2,0,0,55.1812,4.15,88.4,0.0,1089.0,0.0,5028.0
5366,140,149.0,0.0,1.0,1889.0,0.0,8,1,0,2,2,0,0,56.2815,3.8,87.9,0.0,1089.0,0.0,5028.0
5367,140,148.0,0.0,1.0,1890.0,0.0,8,1,0,3,1,0,0,57.3819,3.45,90.71,0.0,1089.0,0.0,5028.0
5368,138,148.0,0.0,0.0,1890.0,0.0,8,0,2,2,1,0,0,59.3019,12.45,99.65,0.0,1089.0,2.0,5030.0
5369,138,148.0,0.0,0.0,1890.0,0.0,9,0,1,2,1,0,0,60.4958,12.1,99.3,1.0,1090.0,2.0,5032.0
5370,137,148.0,0.0,0.0,1890.0,0.0,11,0,0,1,1,0,0,61.5858,11.75,99.65,0.0,1090.0,0.0,5032.0
5371,140,151.0,3.0,0.0,1890.0,0.0,11,0,0,1,1,0,0,61.9362,11.4,99.3,0.0,1090.0,0.0,5032.0
5372,140,150.0,0.0,1.0,1891.0,0.0,10,1,0,1,1,0,0,62.2865,11.05,98.95,0.0,1090.0,0.0,5032.0
5373,139,149.0,0.0,1.0,1892.0,0.0,9,1,0,1,2,0,0,62.6485,10.7,98.6,0.0,1090.0,0.0,5032.0
5374,138,148.0,0.0,1.0,1893.0,0.0,9,1,0,1,2,0,0,63.0219,10.35,98.25,0.0,1090.0,0.0,5032.0
5375,138,149.0,1.0,0.0,1893.0,0.0,9,0,1,2,1,0,0,63.4454,10.0,97.9,0.0,1090.0,1.0,5033.0
5376,138,149.0,0.0,0.0,1893.0,0.0,10,0,0,2,1,0,0,64.5496,13.55,97.55,0.0,1090.0,0.0,5033.0
5377,138,148.0,0.0,1.0,1894.0,0.0,10,1,0,1,1,0,0,65.6269,13.2,99.65,0.0,1090.0,0.0,5033.0
5378,137,148.0,0.0,0.0,1894.0,0.0,11,0,0,1,1,0,0,65.95,12.85,99.3,0.0,1090.0,0.0,5033.0
5379,138,148.0,1.0,1.0,1895.0,0.0,9,1,1,1,1,0,0,66.3,12.5,98.95,0.0,1090.0,1.0,5034.0
5380,137,146.0,0.0,2.0,1897.0,0.0,9,2,1,1,0,0,0,66.6885,12.5,98.6,1.0,1091.0,2.0,5036.0
5381,135,146.0,0.0,0.0,1897.0,0.0,11,0,0,1,1,0,0,67.0346,12.15,98.25,0.0,1091.0,0.0,5036.0
5382,135,146.0,0.0,0.0,1897.0,0.0,11,0,0,1,1,0,0,67.3692,11.8,97.9,0.0,1091.0,0.0,5036.0
5383,136,146.0,1.0,1.0,1898.0,0.0,10,1,0,1,1,0,0,67.7038,11.45,97.55,0.0,1091.0,0.0,5036.0
5384,135,146.0,0.0,0.0,1898.0,0.0,7,0,4,1,1,0,0,68.1577,11.1,97.55,0.0,1091.0,4.0,5040.0
5385,136,148.0,2.0,0.0,1898.0,0.0,11,0,1,0,1,0,0,68.5192,10.75,99.65,1.0,1092.0,2.0,5042.0
5386,136,148.0,0.0,0.0,1898.0,0.0,12,0,0,0,1,0,0,68.1346,10.4,99.3,0.0,1092.0,0.0,5042.0
5387,137,149.0,1.0,0.0,1898.0,0.0,10,0,2,0,1,0,0,67.8038,10.05,98.95,0.0,1092.0,2.0,5044.0
5388,137,149.0,0.0,0.0,1898.0,0.0,11,0,1,0,1,0,0,67.4577,9.7,98.6,0.0,1092.0,1.0,5045.0
5389,137,149.0,0.0,0.0,1898.0,0.0,11,0,1,0,1,0,0,67.1,9.35,98.25,0.0,1092.0,1.0,5046.0
5390,137,149.0,0.0,0.0,1898.0,0.0,10,0,2,0,1,0,0,66.7808,9.0,97.9,0.0,1092.0,2.0,5048.0
5391,137,148.0,0.0,1.0,1899.0,0.0,11,1,0,0,1,0,0,66.3962,8.65,97.55,0.0,1092.0,0.0,5048.0
5392,136,148.0,0.0,0.0,1899.0,0.0,12,0,0,0,1,0,0,66.0231,8.3,97.2,0.0,1092.0,0.0,5048.0
5393,136,147.0,0.0,1.0,1900.0,0.0,11,1,0,0,1,0,0,65.6154,7.95,96.85,0.0,1092.0,0.0,5048.0
5394,135,146.0,0.0,1.0,1901.0,0.0,11,1,0,0,1,0,0,65.2077,7.6,96.5,0.0,1092.0,0.0,5048.0
5395,137,149.0,3.0,0.0,1901.0,0.0,12,0,0,0,1,0,0,64.8115,7.25,96.15,0.0,1092.0,0.0,5048.0
5396,137,149.0,0.0,0.0,1901.0,0.0,12,0,0,0,1,0,0,64.4038,6.9,95.8,0.0,1092.0,0.0,5048.0
5397,137,149.0,0.0,0.0,1901.0,0.0,12,0,0,0,1,0,0,63.9962,6.55,95.45,0.0,1092.0,0.0,5048.0
5398,137,149.0,0.0,0.0,1901.0,0.0,12,0,0,1,0,0,0,63.5885,6.2,95.1,0.0,1092.0,0.0,5048.0
5399,138,150.0,1.0,0.0,1901.0,0.0,11,0,1,1,0,0,0,63.9677,15.58,94.75,0.0,1092.0,1.0,5049.0
5400,138,150.0,0.0,0.0,1901.0,0.0,10,0,2,1,0,0,0,64.4008,24.96,94.25,1.0,1093.0,3.0,5052.0
5401,138,149.0,0.0,1.0,1902.0,0.0,11,1,0,1,0,0,0,64.7185,34.34,93.75,0.0,1093.0,0.0,5052.0
5402,137,148.0,0.0,1.0,1903.0,0.0,11,1,0,1,0,0,0,65.0477,39.05,93.25,0.0,1093.0,0.0,5052.0
5403,137,149.0,1.0,0.0,1903.0,0.0,12,0,0,1,0,0,0,65.3654,38.7,92.9,0.0,1093.0,0.0,5052.0
5404,137,149.0,0.0,0.0,1903.0,0.0,12,0,0,1,0,0,0,65.6831,38.35,92.55,0.0,1093.0,0.0,5052.0
5405,138,150.0,1.0,0.0,1903.0,0.0,12,0,0,1,0,0,0,66.0008,38.0,92.2,0.0,1093.0,0.0,5052.0
5406,138,149.0,0.0,1.0,1904.0,0.0,11,1,0,1,0,0,0,66.3185,37.65,91.85,0.0,1093.0,0.0,5052.0
5407,138,150.0,1.0,0.0,1904.0,0.0,11,0,1,1,0,0,0,66.6862,37.3,91.5,0.0,1093.0,1.0,5053.0
5408,137,150.0,0.0,0.0,1904.0,0.0,12,0,1,0,0,0,0,67.0423,36.8,99.65,1.0,1094.0,2.0,5055.0
5409,137,150.0,0.0,0.0,1904.0,0.0,11,0,2,0,0,0,0,66.6538,36.3,99.3,0.0,1094.0,2.0,5057.0
5410,137,149.0,0.0,1.0,1905.0,0.0,11,1,1,0,0,0,0,66.2654,35.8,98.95,1.0,1095.0,2.0,5059.0
5411,137,150.0,1.0,0.0,1905.0,0.0,13,0,0,0,0,0,0,65.8231,35.45,98.6,0.0,1095.0,0.0,5059.0
5412,137,150.0,0.0,0.0,1905.0,0.0,12,0,1,0,0,0,0,65.4077,35.1,98.25,0.0,1095.0,1.0,5060.0
5413,138,151.0,1.0,0.0,1905.0,0.0,12,0,1,0,0,0,0,65.0038,34.75,97.9,0.0,1095.0,1.0,5061.0
5414,138,151.0,0.0,0.0,1905.0,0.0,12,0,1,0,0,0,0,64.6269,34.4,97.55,1.0,1096.0,2.0,5063.0
5415,139,151.0,1.0,1.0,1906.0,0.0,11,1,1,0,0,0,0,64.2115,34.05,97.2,0.0,1096.0,1.0,5064.0
5416,138,150.0,0.0,1.0,1907.0,0.0,10,1,2,0,0,0,0,63.8846,33.7,96.85,0.0,1096.0,2.0,5066.0
5417,137,150.0,0.0,0.0,1907.0,0.0,12,0,1,0,0,0,0,63.5308,33.35,96.5,0.0,1096.0,1.0,5067.0
5418,137,150.0,0.0,0.0,1907.0,0.0,12,0,1,0,0,0,0,63.1769,33.0,96.15,0.0,1096.0,1.0,5068.0
5419,139,151.0,2.0,1.0,1908.0,0.0,11,1,1,0,0,0,0,62.8231,32.65,95.8,0.0,1096.0,1.0,5069.0
5420,138,151.0,0.0,0.0,1908.0,0.0,11,0,2,0,0,0,0,62.5192,32.3,95.45,0.0,1096.0,2.0,5071.0
5421,138,151.0,0.0,0.0,1908.0,0.0,9,0,4,0,0,0,0,62.3077,31.95,95.1,1.0,1097.0,5.0,5076.0
5422,138,150.0,0.0,1.0,1909.0,0.0,10,1,2,0,0,0,0,62.0577,31.6,94.75,2.0,1099.0,4.0,5080.0
5423,137,150.0,0.0,0.0,1909.0,0.0,13,0,0,0,0,0,0,61.7154,31.25,94.4,1.0,1100.0,1.0,5081.0
5424,137,150.0,0.0,0.0,1909.0,0.0,11,0,2,0,0,0,0,61.4769,31.25,94.05,0.0,1100.0,2.0,5083.0
5425,138,151.0,1.0,0.0,1909.0,0.0,13,0,0,0,0,0,0,61.1231,30.9,93.7,1.0,1101.0,1.0,5084.0
5426,138,151.0,0.0,0.0,1909.0,0.0,13,0,0,0,0,0,0,60.6923,30.55,93.2,0.0,1101.0,0.0,5084.0
5427,140,153.0,2.0,0.0,1909.0,0.0,13,0,0,0,0,0,0,60.2615,30.2,92.7,0.0,1101.0,0.0,5084.0
5428,140,153.0,0.0,0.0,1909.0,0.0,13,0,0,0,0,0,0,59.8192,29.85,92.2,0.0,1101.0,0.0,5084.0
5429,140,153.0,0.0,0.0,1909.0,0.0,12,0,1,0,0,0,0,59.4154,29.5,91.7,0.0,1101.0,1.0,5085.0
5430,140,152.0,0.0,1.0,1910.0,0.0,10,1,2,0,0,0,0,59.0885,29.15,91.2,1.0,1102.0,3.0,5088.0
5431,140,153.0,1.0,0.0,1910.0,0.0,10,0,3,0,0,0,0,58.7615,28.65,91.2,0.0,1102.0,3.0,5091.0
5432,140,153.0,0.0,0.0,1910.0,0.0,8,0,5,0,0,0,0,58.5269,28.15,91.2,1.0,1103.0,6.0,5097.0
5433,140,153.0,0.0,0.0,1910.0,0.0,12,0,1,0,0,0,0,58.15,27.65,91.2,1.0,1104.0,2.0,5099.0
5434,140,153.0,0.0,0.0,1910.0,0.0,10,0,3,0,0,0,0,57.7885,27.15,90.7,0.0,1104.0,3.0,5102.0
5435,142,155.0,2.0,0.0,1910.0,0.0,11,0,2,0,0,0,0,57.4654,26.65,90.2,2.0,1106.0,4.0,5106.0
5436,142,154.0,0.0,1.0,1911.0,0.0,12,1,0,0,0,0,0,57.0,26.15,89.7,0.0,1106.0,0.0,5106.0
5437,141,153.0,0.0,1.0,1912.0,0.0,12,1,0,0,0,0,0,56.5462,25.65,89.2,0.0,1106.0,0.0,5106.0
5438,140,151.0,0.0,2.0,1914.0,0.0,11,2,0,0,0,0,0,56.1038,25.15,88.85,0.0,1106.0,0.0,5106.0
5439,138,151.0,0.0,0.0,1914.0,0.0,11,0,2,0,0,0,0,55.75,24.65,88.5,0.0,1106.0,2.0,5108.0
5440,138,151.0,0.0,0.0,1914.0,0.0,10,0,3,0,0,0,0,55.4615,24.15,88.15,1.0,1107.0,4.0,5112.0
5441,139,152.0,1.0,0.0,1914.0,0.0,12,0,1,0,0,0,0,55.1077,23.65,87.8,1.0,1108.0,2.0,5114.0
5442,139,152.0,0.0,0.0,1914.0,0.0,11,0,2,0,0,0,0,54.7423,23.15,87.8,0.0,1108.0,2.0,5116.0
5443,141,151.0,2.0,3.0,1917.0,0.0,9,3,1,0,0,0,0,54.3769,22.65,87.8,1.0,1109.0,2.0,5118.0
5444,138,150.0,0.0,1.0,1918.0,0.0,10,1,2,0,0,0,0,54.0462,22.3,87.45,0.0,1109.0,2.0,5120.0
5445,138,151.0,1.0,0.0,1918.0,0.0,13,0,0,0,0,0,0,53.6615,21.95,87.1,0.0,1109.0,0.0,5120.0
5446,138,151.0,0.0,0.0,1918.0,0.0,12,0,1,0,0,0,0,53.2923,21.6,86.75,0.0,1109.0,1.0,5121.0
5447,138,151.0,0.0,0.0,1918.0,0.0,13,0,0,0,0,0,0,52.8962,21.25,86.4,0.0,1109.0,0.0,5121.0
5448,138,151.0,0.0,0.0,1918.0,0.0,12,0,1,0,0,0,0,52.5269,20.9,86.05,0.0,1109.0,1.0,5122.0
5449,138,150.0,0.0,1.0,1919.0,0.0,11,1,1,0,0,0,0,52.1846,20.9,85.7,1.0,1110.0,2.0,5124.0
5450,137,149.0,0.0,1.0,1920.0,0.0,11,1,1,0,0,0,0,51.8154,20.55,85.35,0.0,1110.0,1.0,5125.0
5451,137,150.0,1.0,0.0,1920.0,0.0,8,0,5,0,0,0,0,51.5885,20.55,85.0,0.0,1110.0,5.0,5130.0
5452,137,150.0,0.0,0.0,1920.0,0.0,11,0,2,0,0,0,0,51.3346,20.2,84.65,2.0,1112.0,4.0,5134.0
5453,137,150.0,0.0,0.0,1920.0,0.0,13,0,0,0,0,0,0,50.95,19.85,84.3,0.0,1112.0,0.0,5134.0
5454,137,150.0,0.0,0.0,1920.0,0.0,13,0,0,0,0,0,0,50.5538,19.5,83.95,0.0,1112.0,0.0,5134.0
5455,140,153.0,3.0,0.0,1920.0,0.0,12,0,1,0,0,0,0,50.1846,19.0,83.6,0.0,1112.0,1.0,5135.0
5456,140,153.0,0.0,0.0,1920.0,0.0,13,0,0,0,0,0,0,49.7769,18.5,83.25,0.0,1112.0,0.0,5135.0
5457,140,152.0,0.0,1.0,1921.0,0.0,12,1,0,0,0,0,0,49.3577,18.0,82.9,0.0,1112.0,0.0,5135.0
5458,139,151.0,0.0,1.0,1922.0,0.0,12,1,0,0,0,0,0,48.95,17.5,82.55,0.0,1112.0,0.0,5135.0
5459,139,152.0,1.0,0.0,1922.0,0.0,13,0,0,0,0,0,0,48.5423,17.0,82.2,0.0,1112.0,0.0,5135.0
5460,139,152.0,0.0,0.0,1922.0,0.0,13,0,0,0,0,0,0,48.1346,16.5,81.85,0.0,1112.0,0.0,5135.0
5461,139,152.0,0.0,0.0,1922.0,0.0,13,0,0,0,0,0,0,47.7038,16.0,81.5,0.0,1112.0,0.0,5135.0
5462,139,152.0,0.0,0.0,1922.0,0.0,13,0,0,0,0,0,0,47.2615,15.5,81.0,0.0,1112.0,0.0,5135.0
5463,139,150.0,0.0,2.0,1924.0,0.0,11,2,0,0,0,0,0,46.8192,15.0,80.5,0.0,1112.0,0.0,5135.0
5464,137,149.0,0.0,1.0,1925.0,0.0,11,1,1,0,0,0,0,46.4269,15.0,80.0,0.0,1112.0,1.0,5136.0
5465,137,150.0,1.0,0.0,1925.0,0.0,12,0,0,0,1,0,0,46.0077,14.5,79.5,0.0,1112.0,0.0,5136.0
5466,137,150.0,0.0,0.0,1925.0,0.0,12,0,0,0,1,0,0,45.6,14.15,79.0,0.0,1112.0,0.0,5136.0
5467,139,151.0,2.0,1.0,1926.0,0.0,11,1,0,0,1,0,0,45.1923,13.8,78.5,0.0,1112.0,0.0,5136.0
5468,139,150.0,0.0,1.0,1927.0,0.0,11,1,0,0,1,0,0,44.7962,13.45,78.15,0.0,1112.0,0.0,5136.0
5469,139,150.0,1.0,1.0,1928.0,0.0,10,1,1,0,1,0,0,44.4269,13.1,77.8,0.0,1112.0,1.0,5137.0
5470,138,149.0,0.0,1.0,1929.0,0.0,10,1,1,0,1,0,0,44.0692,12.75,77.45,0.0,1112.0,1.0,5138.0
5471,137,149.0,0.0,0.0,1929.0,0.0,10,0,2,0,1,0,0,43.7269,12.4,77.1,0.0,1112.0,2.0,5140.0
5472,137,149.0,0.0,0.0,1929.0,0.0,11,0,1,0,1,0,0,43.3846,12.05,76.75,1.0,1113.0,2.0,5142.0
5473,137,148.0,0.0,1.0,1930.0,0.0,10,1,1,0,1,0,0,43.0154,11.7,76.4,0.0,1113.0,1.0,5143.0
5474,136,148.0,0.0,0.0,1930.0,0.0,11,0,1,0,1,0,0,42.6462,11.35,76.05,0.0,1113.0,1.0,5144.0
5475,138,150.0,2.0,0.0,1930.0,0.0,12,0,0,0,1,0,0,42.25,11.0,75.7,0.0,1113.0,0.0,5144.0
5476,138,150.0,0.0,0.0,1930.0,0.0,12,0,0,0,1,0,0,41.8423,10.65,75.2,0.0,1113.0,0.0,5144.0
5477,138,150.0,0.0,0.0,1930.0,0.0,10,0,2,0,1,0,0,41.5,10.3,74.7,0.0,1113.0,2.0,5146.0
5478,138,149.0,0.0,1.0,1931.0,0.0,9,1,2,0,1,0,0,41.1962,9.95,74.2,1.0,1114.0,3.0,5149.0
5479,138,150.0,1.0,0.0,1931.0,0.0,10,0,2,0,1,0,0,40.8538,9.6,73.7,0.0,1114.0,2.0,5151.0
5480,138,149.0,0.0,1.0,1932.0,0.0,10,1,1,0,1,0,0,40.5,9.25,73.2,1.0,1115.0,2.0,5153.0
5481,137,149.0,0.0,0.0,1932.0,0.0,11,0,0,0,2,0,0,40.0923,8.9,72.85,0.0,1115.0,0.0,5153.0
5482,137,149.0,0.0,0.0,1932.0,0.0,10,0,1,0,2,0,0,39.7231,8.55,72.5,0.0,1115.0,1.0,5154.0
5483,139,151.0,2.0,0.0,1932.0,0.0,11,0,0,0,2,0,0,39.3038,8.2,72.15,0.0,1115.0,0.0,5154.0
5484,139,150.0,0.0,1.0,1933.0,0.0,10,1,0,1,1,0,0,38.8846,7.85,71.8,0.0,1115.0,0.0,5154.0
5485,139,150.0,1.0,1.0,1934.0,0.0,10,1,0,1,1,0,0,39.2127,13.55,71.45,0.0,1115.0,0.0,5154.0
5486,138,150.0,0.0,0.0,1934.0,0.0,11,0,0,1,1,0,0,39.5523,13.2,71.1,0.0,1115.0,0.0,5154.0
5487,138,150.0,0.0,0.0,1934.0,0.0,11,0,0,1,1,0,0,39.8919,12.85,70.75,0.0,1115.0,0.0,5154.0
5488,138,150.0,0.0,0.0,1934.0,0.0,11,0,0,1,1,0,0,40.22,12.5,70.4,0.0,1115.0,0.0,5154.0
5489,138,149.0,0.0,1.0,1935.0,0.0,10,1,0,1,1,0,0,40.5365,12.15,70.05,0.0,1115.0,0.0,5154.0
5490,138,149.0,0.0,0.0,1935.0,0.0,11,0,0,1,1,0,0,40.8646,11.8,69.7,0.0,1115.0,0.0,5154.0
5491,140,149.0,2.0,2.0,1937.0,0.0,8,2,1,1,1,0,0,41.2196,11.45,72.355,0.0,1115.0,1.0,5155.0
5492,138,148.0,0.0,1.0,1938.0,0.0,9,1,0,1,2,0,0,41.5708,11.1,81.57,0.0,1115.0,0.0,5155.0
5493,138,148.0,0.0,0.0,1938.0,0.0,10,0,0,1,2,0,0,41.945,10.75,90.785,0.0,1115.0,0.0,5155.0
5494,137,148.0,0.0,0.0,1938.0,0.0,11,0,0,0,2,0,0,42.2923,10.4,99.65,0.0,1115.0,0.0,5155.0
5495,138,148.0,1.0,1.0,1939.0,0.0,10,1,0,0,2,0,0,41.9192,10.05,99.3,0.0,1115.0,0.0,5155.0
5496,137,148.0,0.0,0.0,1939.0,0.0,11,0,0,0,2,0,0,41.5462,9.7,98.95,0.0,1115.0,0.0,5155.0
5497,138,149.0,1.0,0.0,1939.0,0.0,10,0,0,0,3,0,0,41.1731,9.35,98.6,0.0,1115.0,0.0,5155.0
5498,138,149.0,0.0,0.0,1939.0,0.0,8,0,1,0,4,0,0,40.8269,9.0,98.25,0.0,1115.0,1.0,5156.0
5499,139,150.0,1.0,0.0,1939.0,0.0,8,0,1,0,4,0,0,40.5077,8.65,97.9,1.0,1116.0,2.0,5158.0
5500,139,150.0,0.0,0.0,1939.0,0.0,9,0,0,0,4,0,0,40.1231,8.3,97.55,0.0,1116.0,0.0,5158.0
5501,139,150.0,0.0,0.0,1939.0,0.0,8,0,1,0,4,0,0,39.7654,7.95,97.2,0.0,1116.0,1.0,5159.0
5502,139,150.0,0.0,0.0,1939.0,0.0,8,0,2,0,3,0,0,39.45,7.6,96.85,1.0,1117.0,3.0,5162.0
5503,140,151.0,1.0,0.0,1939.0,0.0,9,0,0,0,4,0,0,39.0692,7.25,96.5,1.0,1118.0,1.0,5163.0
5504,140,151.0,0.0,0.0,1939.0,0.0,9,0,0,0,4,0,0,38.65,6.9,96.15,0.0,1118.0,0.0,5163.0
5505,141,152.0,1.0,0.0,1939.0,0.0,8,0,1,0,4,0,0,38.2692,6.55,95.8,0.0,1118.0,1.0,5164.0
5506,141,151.0,0.0,1.0,1940.0,0.0,8,1,0,0,4,0,0,37.8885,6.2,95.45,1.0,1119.0,1.0,5165.0
5507,141,151.0,1.0,1.0,1941.0,0.0,8,1,0,0,4,0,0,37.4808,5.85,95.1,0.0,1119.0,0.0,5165.0
5508,140,151.0,0.0,0.0,1941.0,0.0,9,0,0,0,4,0,0,37.0846,5.5,94.75,0.0,1119.0,0.0,5165.0
5509,140,150.0,0.0,1.0,1942.0,0.0,8,1,0,0,4,0,0,36.6885,5.15,94.4,0.0,1119.0,0.0,5165.0
5510,139,150.0,0.0,0.0,1942.0,0.0,9,0,0,3,1,0,0,36.3038,4.8,94.05,0.0,1119.0,0.0,5165.0
5511,140,150.0,1.0,1.0,1943.0,0.0,7,1,1,3,1,0,0,38.1554,10.8,93.7,0.0,1119.0,1.0,5166.0
5512,139,150.0,0.0,0.0,1943.0,0.0,7,0,1,3,1,1,0,40.0185,10.45,93.35,0.0,1119.0,1.0,5167.0
5513,139,150.0,0.0,0.0,1943.0,0.0,4,0,5,3,0,1,0,42.0277,10.45,93.0,0.0,1119.0,5.0,5172.0
5514,139,150.0,0.0,0.0,1943.0,0.0,6,0,2,3,1,1,0,44.0369,10.45,92.65,3.0,1122.0,5.0,5177.0
5515,142,153.0,3.0,0.0,1943.0,0.0,8,0,0,3,1,1,0,45.9,10.1,92.3,0.0,1122.0,0.0,5177.0
5516,142,153.0,0.0,0.0,1943.0,0.0,8,0,0,3,1,1,0,47.7631,9.75,91.95,0.0,1122.0,0.0,5177.0
5517,142,153.0,0.0,0.0,1943.0,0.0,8,0,0,3,1,1,0,49.6262,9.4,91.6,0.0,1122.0,0.0,5177.0
5518,142,153.0,0.0,0.0,1943.0,0.0,8,0,0,3,1,1,0,51.4777,9.05,91.25,0.0,1122.0,0.0,5177.0
5519,142,153.0,0.0,0.0,1943.0,0.0,8,0,0,3,1,1,0,53.3292,8.7,91.015,0.0,1122.0,0.0,5177.0
5520,141,151.0,0.0,2.0,1945.0,0.0,9,2,0,0,2,0,0,55.0731,8.35,99.65,0.0,1122.0,0.0,5177.0
5521,140,151.0,0.0,0.0,1945.0,0.0,11,0,1,0,1,0,0,54.7269,8.35,99.3,0.0,1122.0,1.0,5178.0
5522,140,151.0,0.0,0.0,1945.0,0.0,11,0,0,0,2,0,0,54.3538,8.0,98.95,0.0,1122.0,0.0,5178.0
5523,141,152.0,1.0,0.0,1945.0,0.0,11,0,0,0,2,0,0,53.9808,7.65,98.6,0.0,1122.0,0.0,5178.0
5524,141,152.0,0.0,0.0,1945.0,0.0,11,0,0,0,2,0,0,53.5846,7.3,98.25,0.0,1122.0,0.0,5178.0
5525,143,154.0,2.0,0.0,1945.0,0.0,11,0,0,0,2,0,0,53.1885,6.95,97.9,0.0,1122.0,0.0,5178.0
5526,143,153.0,0.0,1.0,1946.0,0.0,10,1,2,0,0,0,0,52.8462,6.95,97.55,0.0,1122.0,2.0,5180.0
5527,143,153.0,1.0,1.0,1947.0,0.0,9,1,2,0,1,0,0,52.5423,6.95,97.2,1.0,1123.0,3.0,5183.0
5528,142,152.0,0.0,1.0,1948.0,0.0,10,1,1,0,1,0,0,52.1962,6.95,96.85,0.0,1123.0,1.0,5184.0
5529,141,152.0,0.0,0.0,1948.0,0.0,10,0,1,0,2,0,0,51.8885,6.95,96.5,1.0,1124.0,2.0,5186.0
5530,141,152.0,0.0,0.0,1948.0,0.0,11,0,0,0,2,0,0,51.5038,6.6,96.15,0.0,1124.0,0.0,5186.0
5531,142,152.0,1.0,1.0,1949.0,0.0,9,1,1,0,2,0,0,51.1462,6.25,95.8,0.0,1124.0,1.0,5187.0
5532,141,151.0,0.0,1.0,1950.0,0.0,8,1,2,0,2,0,0,50.8269,5.9,95.45,0.0,1124.0,2.0,5189.0
5533,140,151.0,0.0,0.0,1950.0,0.0,10,0,1,0,2,0,0,50.5192,5.55,95.1,1.0,1125.0,2.0,5191.0
5534,140,151.0,0.0,0.0,1950.0,0.0,11,0,0,0,2,0,0,50.1577,5.2,94.75,0.0,1125.0,0.0,5191.0
5535,141,152.0,1.0,0.0,1950.0,0.0,11,0,1,0,1,0,0,49.8,5.2,94.4,0.0,1125.0,1.0,5192.0
5536,141,152.0,0.0,0.0,1950.0,0.0,10,0,2,0,1,0,0,49.4692,5.2,94.4,0.0,1125.0,2.0,5194.0
5537,141,152.0,0.0,0.0,1950.0,0.0,11,0,1,0,1,0,0,49.1385,5.2,94.4,1.0,1126.0,2.0,5196.0
5538,141,152.0,0.0,0.0,1950.0,0.0,10,0,1,0,2,0,0,48.7692,4.85,94.05,0.0,1126.0,1.0,5197.0
5539,144,155.0,3.0,0.0,1950.0,0.0,10,0,1,0,2,0,0,48.4385,4.5,93.7,1.0,1127.0,2.0,5199.0
5540,144,155.0,0.0,0.0,1950.0,0.0,11,0,0,0,2,0,0,48.0423,4.15,93.35,0.0,1127.0,0.0,5199.0
5541,144,155.0,0.0,0.0,1950.0,0.0,11,0,0,0,2,0,0,47.6462,3.8,93.0,0.0,1127.0,0.0,5199.0
5542,144,155.0,0.0,0.0,1950.0,0.0,11,0,0,0,2,0,0,47.25,3.45,92.65,0.0,1127.0,0.0,5199.0
5543,144,155.0,0.0,0.0,1950.0,0.0,11,0,0,0,2,0,0,46.8423,3.1,92.3,0.0,1127.0,0.0,5199.0
5544,144,153.0,0.0,2.0,1952.0,0.0,9,2,0,0,2,0,0,46.4346,2.75,91.95,0.0,1127.0,0.0,5199.0
5545,143,154.0,1.0,0.0,1952.0,0.0,11,0,0,0,2,0,0,46.05,2.4,91.6,0.0,1127.0,0.0,5199.0
5546,143,153.0,0.0,1.0,1953.0,0.0,10,1,0,1,1,0,0,45.6538,2.05,91.25,0.0,1127.0,0.0,5199.0
5547,143,154.0,1.0,0.0,1953.0,0.0,11,0,0,1,1,0,0,46.0073,1.7,90.9,0.0,1127.0,0.0,5199.0
5548,143,153.0,0.0,1.0,1954.0,0.0,9,1,1,1,1,0,0,46.3762,1.35,90.55,0.0,1127.0,1.0,5200.0
5549,142,153.0,0.0,0.0,1954.0,0.0,11,0,0,1,1,0,0,46.7296,1.0,90.2,0.0,1127.0,0.0,5200.0
5550,142,153.0,0.0,0.0,1954.0,0.0,11,0,0,1,1,0,0,47.06,0.65,89.85,0.0,1127.0,0.0,5200.0
5551,143,153.0,1.0,1.0,1955.0,0.0,10,1,0,1,1,0,0,47.3904,0.3,89.5,0.0,1127.0,0.0,5200.0
5552,143,152.0,0.0,1.0,1956.0,0.0,9,2,0,1,1,0,0,47.7631,0.0,89.15,0.0,1127.0,0.0,5200.0
5553,143,153.0,1.0,0.0,1956.0,0.0,10,1,0,1,0,0,1,48.1704,0.0,88.8,0.0,1127.0,0.0,5200.0
5554,143,153.0,0.0,0.0,1956.0,0.0,9,1,0,1,1,0,1,48.5777,0.0,88.45,0.0,1127.0,0.0,5200.0
5555,145,155.0,2.0,0.0,1956.0,0.0,10,0,0,1,1,0,1,48.935,0.0,90.605,0.0,1127.0,0.0,5200.0
5556,144,155.0,0.0,0.0,1956.0,0.0,9,0,2,0,1,0,1,49.3192,0.0,99.65,0.0,1127.0,2.0,5202.0
5557,144,155.0,0.0,0.0,1956.0,0.0,9,0,1,0,2,0,1,48.9808,0.0,99.3,1.0,1128.0,2.0,5204.0
5558,144,154.0,0.0,1.0,1957.0,0.0,9,1,0,0,2,0,1,48.5654,0.0,98.95,0.0,1128.0,0.0,5204.0
5559,144,153.0,0.0,1.0,1958.0,0.0,9,1,0,0,2,0,1,48.1615,0.0,98.6,0.0,1128.0,0.0,5204.0
5560,143,153.0,0.0,0.0,1958.0,0.0,10,0,0,0,2,0,1,47.7692,0.0,98.25,0.0,1128.0,0.0,5204.0
5561,143,153.0,0.0,0.0,1958.0,0.0,10,0,0,0,2,0,1,47.3769,0.0,97.9,0.0,1128.0,0.0,5204.0
5562,143,153.0,0.0,0.0,1958.0,0.0,10,0,0,0,2,0,1,46.9846,0.0,97.55,0.0,1128.0,0.0,5204.0
5563,145,152.0,2.0,3.0,1961.0,0.0,7,3,0,0,2,0,1,46.5923,0.0,97.2,0.0,1128.0,0.0,5204.0
5564,142,152.0,0.0,0.0,1961.0,0.0,10,0,0,0,2,0,1,46.2346,0.0,96.85,0.0,1128.0,0.0,5204.0
5565,143,153.0,1.0,0.0,1961.0,0.0,10,0,0,1,1,0,1,45.8769,0.0,96.5,0.0,1128.0,0.0,5204.0
5566,143,152.0,0.0,1.0,1962.0,0.0,9,1,0,1,1,0,1,46.2319,0.0,96.15,0.0,1128.0,0.0,5204.0
5567,143,153.0,1.0,0.0,1962.0,0.0,10,0,0,1,1,0,1,46.5985,0.0,95.8,0.0,1128.0,0.0,5204.0
5568,143,153.0,0.0,0.0,1962.0,0.0,10,1,0,1,1,0,0,54.6304,11.05,99.65,0.0,1128.0,0.0,5204.0
5569,142,152.0,0.0,1.0,1963.0,0.0,10,1,0,2,0,0,0,54.97,10.7,99.3,0.0,1128.0,0.0,5204.0
5570,141,151.0,0.0,1.0,1964.0,0.0,10,1,0,2,0,0,0,56.0235,19.63,98.95,0.0,1128.0,0.0,5204.0
5571,141,152.0,1.0,0.0,1964.0,0.0,11,0,0,2,0,0,0,57.0885,24.65,98.6,0.0,1128.0,0.0,5204.0
5572,141,152.0,0.0,0.0,1964.0,0.0,11,0,0,2,0,0,0,58.1419,24.25,98.25,0.0,1128.0,0.0,5204.0
5573,141,152.0,0.0,0.0,1964.0,0.0,11,0,0,2,0,0,0,59.1838,23.75,97.9,0.0,1128.0,0.0,5204.0
5574,141,152.0,0.0,0.0,1964.0,0.0,11,0,0,2,0,0,0,60.2142,23.25,97.55,0.0,1128.0,0.0,5204.0
5575,142,153.0,2.0,1.0,1965.0,0.0,11,1,0,1,0,0,0,61.2177,22.75,99.65,0.0,1128.0,0.0,5204.0
5576,141,153.0,0.0,0.0,1965.0,0.0,12,0,0,1,0,0,0,61.5354,22.25,99.3,0.0,1128.0,0.0,5204.0
5577,141,153.0,0.0,0.0,1965.0,0.0,11,0,1,1,0,0,0,61.8915,21.75,98.95,0.0,1128.0,1.0,5205.0
5578,141,153.0,0.0,0.0,1965.0,0.0,11,0,1,1,0,0,0,62.2862,21.75,98.6,1.0,1129.0,2.0,5207.0
5579,141,154.0,1.0,0.0,1965.0,0.0,13,0,0,0,0,0,0,62.5769,21.25,99.65,0.0,1129.0,0.0,5207.0
5580,141,154.0,0.0,0.0,1965.0,0.0,12,0,1,0,0,0,0,62.2077,21.25,99.3,0.0,1129.0,1.0,5208.0
5581,142,155.0,1.0,0.0,1965.0,0.0,13,0,0,0,0,0,0,61.8,20.75,98.95,0.0,1129.0,0.0,5208.0
5582,142,154.0,0.0,1.0,1966.0,0.0,12,1,0,0,0,0,0,61.3808,20.25,98.6,0.0,1129.0,0.0,5208.0
5583,141,153.0,0.0,1.0,1967.0,0.0,12,1,0,0,0,0,0,60.95,19.75,98.25,0.0,1129.0,0.0,5208.0
5584,140,153.0,0.0,0.0,1967.0,0.0,13,0,0,0,0,0,0,60.5192,19.25,97.9,0.0,1129.0,0.0,5208.0
5585,141,154.0,1.0,0.0,1967.0,0.0,12,0,1,0,0,0,0,60.1154,18.75,97.55,0.0,1129.0,1.0,5209.0
5586,141,154.0,0.0,0.0,1967.0,0.0,12,0,1,0,0,0,0,59.7385,18.25,97.2,1.0,1130.0,2.0,5211.0
5587,143,154.0,2.0,2.0,1969.0,0.0,11,2,0,0,0,0,0,59.2962,17.75,96.85,0.0,1130.0,0.0,5211.0
5588,141,154.0,0.0,0.0,1969.0,0.0,13,0,0,0,0,0,0,58.8654,17.25,96.5,0.0,1130.0,0.0,5211.0
5589,141,153.0,0.0,1.0,1970.0,0.0,12,1,0,0,0,0,0,58.4346,16.75,96.15,0.0,1130.0,0.0,5211.0
5590,140,152.0,0.0,1.0,1971.0,0.0,10,1,2,0,0,0,0,58.0692,16.25,95.8,0.0,1130.0,2.0,5213.0
5591,139,152.0,0.0,0.0,1971.0,0.0,13,0,0,0,0,0,0,57.6615,15.75,95.45,0.0,1130.0,0.0,5213.0
5592,139,150.0,0.0,2.0,1973.0,0.0,11,2,0,0,0,0,0,57.2538,15.25,95.1,0.0,1130.0,0.0,5213.0
5593,137,150.0,0.0,0.0,1973.0,0.0,12,0,0,0,1,0,0,56.8692,14.75,94.75,0.0,1130.0,0.0,5213.0
5594,137,150.0,0.0,0.0,1973.0,0.0,10,0,1,0,2,0,0,56.5231,14.4,94.4,0.0,1130.0,1.0,5214.0
5595,140,153.0,3.0,0.0,1973.0,0.0,9,0,2,0,2,0,0,56.1923,14.05,94.4,0.0,1130.0,2.0,5216.0
5596,140,152.0,0.0,1.0,1974.0,0.0,7,1,3,0,2,0,0,55.9269,13.7,94.4,1.0,1131.0,4.0,5220.0
5597,139,152.0,0.0,0.0,1974.0,0.0,10,0,1,0,2,0,0,55.6192,13.35,94.05,1.0,1132.0,2.0,5222.0
5598,139,152.0,0.0,0.0,1974.0,0.0,11,0,0,0,2,0,0,55.2346,13.0,93.7,0.0,1132.0,0.0,5222.0
5599,140,153.0,1.0,0.0,1974.0,0.0,11,0,0,0,2,0,0,54.8385,12.65,93.35,0.0,1132.0,0.0,5222.0
5600,140,153.0,0.0,0.0,1974.0,0.0,10,0,1,0,2,0,0,54.4692,12.3,93.0,0.0,1132.0,1.0,5223.0
5601,140,152.0,0.0,1.0,1975.0,0.0,7,1,3,0,2,0,0,54.1654,11.95,92.65,0.0,1132.0,3.0,5226.0
5602,140,151.0,0.0,1.0,1976.0,0.0,9,1,1,0,2,0,0,53.8346,11.6,92.3,1.0,1133.0,2.0,5228.0
5603,140,152.0,1.0,0.0,1976.0,0.0,7,0,4,0,2,0,0,53.5923,11.25,91.95,0.0,1133.0,4.0,5232.0
5604,140,152.0,0.0,0.0,1976.0,0.0,10,0,1,0,2,0,0,53.3115,10.9,91.6,2.0,1135.0,3.0,5235.0
5605,141,153.0,1.0,0.0,1976.0,0.0,11,0,0,0,2,0,0,52.9385,10.55,91.25,0.0,1135.0,0.0,5235.0
5606,141,153.0,0.0,0.0,1976.0,0.0,11,0,0,0,2,0,0,52.5692,10.2,90.9,0.0,1135.0,0.0,5235.0
5607,141,153.0,0.0,0.0,1976.0,0.0,9,0,2,0,2,0,0,52.25,9.85,90.55,0.0,1135.0,2.0,5237.0
5608,141,153.0,0.0,0.0,1976.0,0.0,8,0,3,1,1,0,0,51.9577,9.5,90.2,0.0,1135.0,3.0,5240.0
5609,142,154.0,1.0,0.0,1976.0,0.0,8,0,3,1,1,0,0,52.3769,9.4,89.85,0.0,1135.0,3.0,5243.0
5610,142,154.0,0.0,0.0,1976.0,0.0,8,0,3,1,1,0,0,52.7846,9.05,89.5,0.0,1135.0,3.0,5246.0
5611,144,156.0,2.0,0.0,1976.0,0.0,7,0,3,1,2,0,0,53.2577,8.7,89.5,2.0,1137.0,5.0,5251.0
5612,144,156.0,0.0,0.0,1976.0,0.0,9,0,1,1,2,0,0,53.6269,8.35,89.5,1.0,1138.0,2.0,5253.0
5613,144,156.0,0.0,0.0,1976.0,0.0,10,0,0,1,2,0,0,53.9577,8.0,89.15,0.0,1138.0,0.0,5253.0
5614,144,156.0,0.0,0.0,1976.0,0.0,10,0,0,1,2,0,0,54.25,7.65,88.8,0.0,1138.0,0.0,5253.0
5615,145,156.0,1.0,1.0,1977.0,0.0,7,1,1,1,3,0,0,54.5692,7.3,88.45,0.0,1138.0,1.0,5254.0
5616,144,154.0,0.0,2.0,1979.0,0.0,6,2,1,1,3,0,0,54.9,6.95,88.45,0.0,1138.0,1.0,5255.0
5617,143,152.0,0.0,2.0,1981.0,0.0,7,2,0,1,3,0,0,55.2154,6.6,90.95,0.0,1138.0,0.0,5255.0
5618,141,152.0,0.0,0.0,1981.0,0.0,9,0,1,0,3,0,0,55.5538,6.25,99.65,0.0,1138.0,1.0,5256.0
5619,142,153.0,1.0,0.0,1981.0,0.0,9,0,2,0,2,0,0,55.2385,6.25,99.3,1.0,1139.0,3.0,5259.0
5620,142,153.0,0.0,0.0,1981.0,0.0,10,0,0,0,3,0,0,54.8308,5.9,98.95,0.0,1139.0,0.0,5259.0
5621,142,152.0,0.0,1.0,1982.0,0.0,9,1,0,0,3,0,0,54.4231,5.55,98.6,0.0,1139.0,0.0,5259.0
5622,141,152.0,0.0,0.0,1982.0,0.0,9,0,1,0,3,0,0,54.0538,5.2,98.25,0.0,1139.0,1.0,5260.0
5623,143,151.0,2.0,3.0,1985.0,0.0,7,3,0,0,3,0,0,53.6577,4.85,97.9,0.0,1139.0,0.0,5260.0
5624,141,151.0,0.0,0.0,1985.0,0.0,10,0,0,0,3,0,0,53.2962,4.5,97.55,0.0,1139.0,0.0,5260.0
5625,142,152.0,1.0,0.0,1985.0,0.0,10,0,0,0,3,0,0,52.9346,4.15,97.2,0.0,1139.0,0.0,5260.0
5626,142,152.0,0.0,0.0,1985.0,0.0,10,0,0,1,2,0,0,52.5615,3.8,96.85,0.0,1139.0,0.0,5260.0
5627,143,152.0,1.0,1.0,1986.0,0.0,9,1,0,1,2,0,0,52.9119,3.45,96.5,0.0,1139.0,0.0,5260.0
5628,142,152.0,0.0,0.0,1986.0,0.0,10,0,1,1,1,0,0,53.2892,3.1,96.15,0.0,1139.0,1.0,5261.0
5629,142,151.0,0.0,1.0,1987.0,0.0,8,1,2,1,1,0,0,53.6935,2.75,96.15,0.0,1139.0,2.0,5263.0
5630,141,151.0,0.0,0.0,1987.0,0.0,10,0,1,1,1,0,0,54.1092,2.4,96.15,1.0,1140.0,2.0,5265.0
5631,141,151.0,0.0,0.0,1987.0,0.0,10,0,0,1,2,0,0,54.4712,2.05,95.8,0.0,1140.0,0.0,5265.0
5632,141,151.0,0.0,0.0,1987.0,0.0,10,0,0,2,1,0,0,54.81,1.7,95.45,0.0,1140.0,0.0,5265.0
5633,141,151.0,0.0,0.0,1987.0,0.0,10,0,0,2,1,0,0,55.9319,9.25,95.1,0.0,1140.0,0.0,5265.0
5634,141,150.0,0.0,1.0,1988.0,0.0,9,1,0,2,1,0,0,57.0538,8.9,94.75,0.0,1140.0,0.0,5265.0
5635,143,153.0,3.0,0.0,1988.0,0.0,9,0,1,2,1,0,0,58.2258,8.55,94.4,0.0,1140.0,1.0,5266.0
5636,142,152.0,0.0,1.0,1989.0,0.0,7,1,3,1,1,0,0,59.4131,8.2,99.65,0.0,1140.0,3.0,5269.0
5637,142,153.0,1.0,0.0,1989.0,0.0,10,0,1,1,1,0,0,59.8654,7.85,99.3,1.0,1141.0,2.0,5271.0
5638,142,153.0,0.0,0.0,1989.0,0.0,11,0,0,1,1,0,0,60.2523,7.5,98.95,0.0,1141.0,0.0,5271.0
5639,142,152.0,0.0,1.0,1990.0,0.0,9,1,0,1,2,0,0,60.6392,7.15,98.6,0.0,1141.0,0.0,5271.0
5640,142,152.0,0.0,0.0,1990.0,0.0,10,0,0,2,1,0,0,61.0377,6.8,98.25,0.0,1141.0,0.0,5271.0
5641,142,152.0,0.0,0.0,1990.0,0.0,9,0,1,2,1,0,0,62.2069,13.95,97.9,0.0,1141.0,1.0,5272.0
5642,141,152.0,0.0,0.0,1990.0,0.0,9,0,2,1,1,0,0,63.4031,13.6,99.65,1.0,1142.0,3.0,5275.0
5643,142,153.0,1.0,0.0,1990.0,0.0,10,0,1,1,1,0,0,63.8162,13.25,99.3,1.0,1143.0,2.0,5277.0
5644,142,152.0,0.0,1.0,1991.0,0.0,10,1,0,1,1,0,0,64.1638,12.9,98.95,0.0,1143.0,0.0,5277.0
5645,142,152.0,1.0,1.0,1992.0,0.0,10,1,0,1,1,0,0,64.5115,12.55,98.6,0.0,1143.0,0.0,5277.0
5646,141,152.0,0.0,0.0,1992.0,0.0,11,0,0,1,1,0,0,64.8708,12.2,98.25,0.0,1143.0,0.0,5277.0
5647,142,152.0,1.0,1.0,1993.0,0.0,9,1,1,1,1,0,0,65.2454,11.85,97.9,0.0,1143.0,1.0,5278.0
5648,141,152.0,0.0,0.0,1993.0,0.0,11,0,0,1,1,0,0,65.6046,11.5,97.55,0.0,1143.0,0.0,5278.0
5649,141,152.0,0.0,0.0,1993.0,0.0,11,0,0,1,1,0,0,65.9638,11.15,97.2,0.0,1143.0,0.0,5278.0
5650,140,152.0,0.0,0.0,1993.0,0.0,12,0,0,0,1,0,0,66.2962,10.8,99.65,0.0,1143.0,0.0,5278.0
5651,142,153.0,2.0,1.0,1994.0,0.0,10,1,1,0,1,0,0,65.9385,10.45,99.3,0.0,1143.0,1.0,5279.0
5652,141,152.0,0.0,1.0,1995.0,0.0,11,1,0,0,1,0,0,65.5923,10.1,98.95,1.0,1144.0,1.0,5280.0
5653,140,151.0,0.0,1.0,1996.0,0.0,11,1,0,0,1,0,0,65.2308,9.75,98.6,0.0,1144.0,0.0,5280.0
5654,139,151.0,0.0,0.0,1996.0,0.0,12,0,0,0,1,0,0,64.8577,9.4,98.25,0.0,1144.0,0.0,5280.0
5655,140,152.0,1.0,0.0,1996.0,0.0,12,0,0,0,1,0,0,64.4846,9.05,97.9,0.0,1144.0,0.0,5280.0
5656,140,151.0,0.0,1.0,1997.0,0.0,11,1,0,0,1,0,0,64.1115,8.7,97.55,0.0,1144.0,0.0,5280.0
5657,139,151.0,0.0,0.0,1997.0,0.0,12,0,0,0,1,0,0,63.7269,8.35,97.2,0.0,1144.0,0.0,5280.0
5658,139,151.0,0.0,0.0,1997.0,0.0,12,0,0,1,0,0,0,63.3423,8.0,96.85,0.0,1144.0,0.0,5280.0
5659,141,153.0,2.0,0.0,1997.0,0.0,12,0,0,1,0,0,0,63.6808,17.2,96.5,0.0,1144.0,0.0,5280.0
5660,141,153.0,0.0,0.0,1997.0,0.0,12,0,0,1,0,0,0,64.0192,26.4,96.15,0.0,1144.0,0.0,5280.0
5661,141,153.0,0.0,0.0,1997.0,0.0,12,0,0,1,0,0,0,64.3577,34.9,95.8,0.0,1144.0,0.0,5280.0
5662,141,153.0,0.0,0.0,1997.0,0.0,12,0,0,1,0,0,0,64.6962,34.55,95.45,0.0,1144.0,0.0,5280.0
5663,141,153.0,0.0,0.0,1997.0,0.0,10,0,2,1,0,0,0,65.0885,34.2,95.1,0.0,1144.0,2.0,5282.0
5664,141,153.0,0.0,0.0,1997.0,0.0,11,0,1,1,0,0,0,65.4808,33.85,94.75,1.0,1145.0,2.0,5284.0
5665,143,154.0,2.0,1.0,1998.0,0.0,10,1,1,1,0,0,0,65.8462,33.5,94.4,0.0,1145.0,1.0,5285.0
5666,142,154.0,0.0,0.0,1998.0,0.0,11,0,1,1,0,0,0,66.2385,33.15,94.05,1.0,1146.0,2.0,5287.0
5667,143,155.0,1.0,0.0,1998.0,0.0,12,0,0,1,0,0,0,66.5538,32.8,93.7,0.0,1146.0,0.0,5287.0
5668,142,154.0,0.0,1.0,1999.0,0.0,12,1,0,0,0,0,0,66.8308,32.45,99.65,0.0,1146.0,0.0,5287.0
5669,141,154.0,0.0,0.0,1999.0,0.0,13,0,0,0,0,0,0,66.4115,32.1,99.3,0.0,1146.0,0.0,5287.0
5670,141,154.0,0.0,0.0,1999.0,0.0,13,0,0,0,0,0,0,65.9808,31.75,98.95,0.0,1146.0,0.0,5287.0
5671,142,155.0,1.0,0.0,1999.0,0.0,12,0,1,0,0,0,0,65.5769,31.4,98.6,0.0,1146.0,1.0,5288.0
5672,142,152.0,0.0,3.0,2002.0,0.0,10,3,0,0,0,0,0,65.1462,31.05,98.25,0.0,1146.0,0.0,5288.0
