run_id,tick,event_type,robot_id,task_id,details
20260905_113629_48895a,3,task_created,,G00001,type=PUTAWAY pickup=BUFFER dropoff=A-04
20260905_113629_48895a,3,task_assigned,R3,G00001,
20260905_113629_48895a,5,task_created,,G00002,type=PICK pickup=E-04 dropoff=PICK-1
20260905_113629_48895a,5,task_assigned,R11,G00002,
20260905_113629_48895a,7,task_created,,G00003,type=PACK pickup=PICK-1 dropoff=PACK-1
20260905_113629_48895a,7,task_assigned,R5,G00003,
20260905_113629_48895a,9,task_created,,G00004,type=SHIP pickup=STAGING dropoff=DOCK-1
20260905_113629_48895a,9,task_assigned,R13,G00004,
20260905_113629_48895a,11,task_created,,G00005,type=PUTAWAY pickup=RECV dropoff=A-05
20260905_113629_48895a,11,task_assigned,R8,G00005,
20260905_113629_48895a,12,task_completed,R13,G00004,
20260905_113629_48895a,15,task_created,,G00006,type=PICK pickup=A-04 dropoff=PICK-1
20260905_113629_48895a,15,task_assigned,R10,G00006,
20260905_113629_48895a,17,task_completed,R3,G00001,
20260905_113629_48895a,18,task_completed,R11,G00002,
20260905_113629_48895a,19,task_created,,G00007,type=PUTAWAY pickup=BUFFER dropoff=D-06
20260905_113629_48895a,19,task_assigned,R2,G00007,
20260905_113629_48895a,19,task_created,,G00008,type=PACK pickup=PICK-3 dropoff=PACK-1
20260905_113629_48895a,19,task_assigned,R9,G00008,
20260905_113629_48895a,20,task_completed,R5,G00003,
20260905_113629_48895a,23,task_created,,G00009,type=SHIP pickup=STAGING dropoff=DOCK-2
20260905_113629_48895a,23,task_assigned,R13,G00009,
20260905_113629_48895a,23,robot_blocked,R10,,"{""x"": 6, ""y"": 4}"
20260905_113629_48895a,25,task_completed,R8,G00005,
20260905_113629_48895a,25,task_created,,G00010,type=PICK pickup=D-05 dropoff=PICK-2
20260905_113629_48895a,25,task_assigned,R6,G00010,
20260905_113629_48895a,27,task_created,,G00011,type=PUTAWAY pickup=RECV dropoff=A-01
20260905_113629_48895a,27,task_assigned,R8,G00011,
20260905_113629_48895a,28,task_completed,R13,G00009,
20260905_113629_48895a,31,task_created,,G00012,type=PACK pickup=PICK-1 dropoff=PACK-2
20260905_113629_48895a,31,task_assigned,R11,G00012,
20260905_113629_48895a,32,task_completed,R10,G00006,
20260905_113629_48895a,35,task_created,,G00013,type=PUTAWAY pickup=RECV dropoff=E-04
20260905_113629_48895a,35,task_assigned,R7,G00013,
20260905_113629_48895a,35,task_created,,G00014,type=PICK pickup=C-04 dropoff=PICK-1
20260905_113629_48895a,35,task_assigned,R4,G00014,
20260905_113629_48895a,35,robot_blocked,R4,,"{""x"": 19, ""y"": 1}"
20260905_113629_48895a,35,robot_blocked,R9,,"{""x"": 10, ""y"": 11}"
20260905_113629_48895a,36,task_completed,R8,G00011,
20260905_113629_48895a,37,task_completed,R9,G00008,
20260905_113629_48895a,37,task_created,,G00015,type=SHIP pickup=STAGING dropoff=DOCK-1
20260905_113629_48895a,37,task_assigned,R1,G00015,
20260905_113629_48895a,38,task_completed,R6,G00010,
20260905_113629_48895a,39,task_completed,R2,G00007,
20260905_113629_48895a,43,task_created,,G00016,type=PUTAWAY pickup=BUFFER dropoff=G-01
20260905_113629_48895a,43,task_assigned,R6,G00016,
20260905_113629_48895a,43,task_created,,G00017,type=PACK pickup=PICK-1 dropoff=PACK-2
20260905_113629_48895a,43,task_assigned,R10,G00017,
20260905_113629_48895a,45,task_completed,R11,G00012,
20260905_113629_48895a,45,task_completed,R1,G00015,
20260905_113629_48895a,45,task_created,,G00018,type=PICK pickup=F-05 dropoff=PICK-3
20260905_113629_48895a,45,task_assigned,R3,G00018,
20260905_113629_48895a,51,task_created,,G00019,type=PUTAWAY pickup=RECV dropoff=A-06
20260905_113629_48895a,51,task_assigned,R8,G00019,
20260905_113629_48895a,51,task_created,,G00020,type=SHIP pickup=STAGING dropoff=DOCK-1
20260905_113629_48895a,51,task_assigned,R1,G00020,
20260905_113629_48895a,53,task_completed,R7,G00013,
20260905_113629_48895a,55,task_created,,G00021,type=PICK pickup=G-01 dropoff=PICK-1
20260905_113629_48895a,55,task_assigned,R7,G00021,
20260905_113629_48895a,55,task_created,,G00022,type=PACK pickup=PICK-3 dropoff=PACK-2
20260905_113629_48895a,55,task_assigned,R2,G00022,
20260905_113629_48895a,56,task_completed,R6,G00016,
20260905_113629_48895a,56,task_completed,R1,G00020,
20260905_113629_48895a,57,task_completed,R4,G00014,
20260905_113629_48895a,59,task_completed,R10,G00017,
20260905_113629_48895a,59,task_created,,G00023,type=PUTAWAY pickup=RECV dropoff=D-01
20260905_113629_48895a,59,task_assigned,R12,G00023,
20260905_113629_48895a,61,task_completed,R8,G00019,
20260905_113629_48895a,63,robot_blocked,R7,,"{""x"": 13, ""y"": 4}"
20260905_113629_48895a,65,task_created,,G00024,type=PICK pickup=B-01 dropoff=PICK-1
20260905_113629_48895a,65,task_assigned,R4,G00024,
20260905_113629_48895a,65,task_created,,G00025,type=SHIP pickup=STAGING dropoff=DOCK-2
20260905_113629_48895a,65,task_assigned,R13,G00025,
20260905_113629_48895a,66,task_completed,R3,G00018,
20260905_113629_48895a,67,task_created,,G00026,type=PUTAWAY pickup=BUFFER dropoff=D-06
20260905_113629_48895a,67,task_assigned,R9,G00026,
20260905_113629_48895a,67,task_created,,G00027,type=PACK pickup=PICK-1 dropoff=PACK-2
20260905_113629_48895a,67,task_assigned,R5,G00027,
20260905_113629_48895a,67,robot_blocked,R12,,"{""x"": 6, ""y"": 9}"
20260905_113629_48895a,68,robot_blocked,R5,,"{""x"": 11, ""y"": 11}"
20260905_113629_48895a,70,task_completed,R13,G00025,
20260905_113629_48895a,70,robot_blocked,R2,,"{""x"": 15, ""y"": 11}"
20260905_113629_48895a,72,task_completed,R2,G00022,
20260905_113629_48895a,75,task_created,,G00028,type=PUTAWAY pickup=RECV dropoff=H-03
20260905_113629_48895a,75,task_assigned,R8,G00028,
20260905_113629_48895a,75,task_created,,G00029,type=PICK pickup=F-07 dropoff=PICK-1
20260905_113629_48895a,75,task_assigned,R6,G00029,
20260905_113629_48895a,79,task_created,,G00030,type=PACK pickup=PICK-2 dropoff=PACK-2
20260905_113629_48895a,79,task_assigned,R13,G00030,
20260905_113629_48895a,79,task_created,,G00031,type=SHIP pickup=STAGING dropoff=DOCK-2
20260905_113629_48895a,79,task_assigned,R1,G00031,
20260905_113629_48895a,80,robot_blocked,R13,,"{""x"": 13, ""y"": 15}"
20260905_113629_48895a,81,task_completed,R7,G00021,
20260905_113629_48895a,83,task_created,,G00032,type=PUTAWAY pickup=BUFFER dropoff=C-06
20260905_113629_48895a,83,task_assigned,R10,G00032,
20260905_113629_48895a,84,task_completed,R1,G00031,
20260905_113629_48895a,85,task_created,,G00033,type=PICK pickup=D-08 dropoff=PICK-1
20260905_113629_48895a,85,task_assigned,R3,G00033,
20260905_113629_48895a,89,robot_blocked,R6,,"{""x"": 5, ""y"": 8}"
20260905_113629_48895a,91,task_completed,R6,G00029,
20260905_113629_48895a,91,task_created,,G00034,type=PUTAWAY pickup=RECV dropoff=G-01
20260905_113629_48895a,91,task_assigned,R7,G00034,
20260905_113629_48895a,91,task_created,,G00035,type=PACK pickup=PICK-2 dropoff=PACK-1
20260905_113629_48895a,91,task_assigned,R1,G00035,
20260905_113629_48895a,93,task_created,,G00036,type=SHIP pickup=STAGING dropoff=DOCK-1
20260905_113629_48895a,93,task_assigned,R11,G00036,
20260905_113629_48895a,95,task_completed,R5,G00027,
20260905_113629_48895a,95,task_created,,G00037,type=PICK pickup=D-06 dropoff=PICK-1
20260905_113629_48895a,95,task_assigned,R2,G00037,
20260905_113629_48895a,96,robot_blocked,R3,,"{""x"": 21, ""y"": 4}"
20260905_113629_48895a,98,task_completed,R4,G00024,
20260905_113629_48895a,99,task_completed,R13,G00030,
20260905_113629_48895a,99,task_created,,G00038,type=PUTAWAY pickup=RECV dropoff=G-04
20260905_113629_48895a,99,task_assigned,R6,G00038,
20260905_113629_48895a,100,task_completed,R12,G00023,
20260905_113629_48895a,101,task_completed,R11,G00036,
20260905_113629_48895a,103,task_completed,R10,G00032,
20260905_113629_48895a,103,task_created,,G00039,type=PACK pickup=PICK-2 dropoff=PACK-1
20260905_113629_48895a,103,task_assigned,R13,G00039,
20260905_113629_48895a,103,robot_blocked,R8,,"{""x"": 19, ""y"": 4}"
20260905_113629_48895a,105,task_completed,R1,G00035,
20260905_113629_48895a,105,task_created,,G00040,type=PICK pickup=D-04 dropoff=PICK-3
20260905_113629_48895a,105,task_assigned,R5,G00040,
20260905_113629_48895a,107,task_created,,G00041,type=PUTAWAY pickup=RECV dropoff=D-04
20260905_113629_48895a,107,task_assigned,R4,G00041,
20260905_113629_48895a,107,task_created,,G00042,type=SHIP pickup=STAGING dropoff=DOCK-2
20260905_113629_48895a,107,task_assigned,R1,G00042,
20260905_113629_48895a,113,task_completed,R1,G00042,
20260905_113629_48895a,115,task_completed,R7,G00034,
20260905_113629_48895a,115,task_completed,R13,G00039,
20260905_113629_48895a,115,task_created,,G00043,type=PUTAWAY pickup=RECV dropoff=C-03
20260905_113629_48895a,115,task_assigned,R10,G00043,
20260905_113629_48895a,115,task_created,,G00044,type=PICK pickup=E-02 dropoff=PICK-1
20260905_113629_48895a,115,task_assigned,R1,G00044,
20260905_113629_48895a,115,task_created,,G00045,type=PACK pickup=PICK-1 dropoff=PACK-2
20260905_113629_48895a,115,task_assigned,R11,G00045,
20260905_113629_48895a,121,task_completed,R8,G00028,
20260905_113629_48895a,121,task_created,,G00046,type=SHIP pickup=STAGING dropoff=DOCK-2
20260905_113629_48895a,121,task_assigned,R13,G00046,
20260905_113629_48895a,123,task_created,,G00047,type=PUTAWAY pickup=RECV dropoff=D-05
20260905_113629_48895a,123,task_assigned,R12,G00047,
20260905_113629_48895a,125,task_created,,G00048,type=PICK pickup=C-02 dropoff=PICK-3
20260905_113629_48895a,125,task_assigned,R7,G00048,
20260905_113629_48895a,127,task_completed,R13,G00046,
20260905_113629_48895a,127,task_created,,G00049,type=PACK pickup=PICK-2 dropoff=PACK-1
20260905_113629_48895a,127,task_assigned,R8,G00049,
20260905_113629_48895a,129,robot_blocked,R11,,"{""x"": 5, ""y"": 8}"
20260905_113629_48895a,131,task_created,,G00050,type=PUTAWAY pickup=BUFFER dropoff=B-07
20260905_113629_48895a,131,task_assigned,R13,G00050,
20260905_113629_48895a,132,task_completed,R3,G00033,
20260905_113629_48895a,132,task_completed,R6,G00038,
20260905_113629_48895a,134,task_completed,R9,G00026,
20260905_113629_48895a,135,task_created,,G00051,type=PICK pickup=C-04 dropoff=PICK-3
20260905_113629_48895a,135,task_assigned,R9,G00051,
20260905_113629_48895a,135,task_created,,G00052,type=SHIP pickup=STAGING dropoff=DOCK-2
20260905_113629_48895a,135,task_assigned,R6,G00052,
20260905_113629_48895a,136,task_completed,R7,G00048,
20260905_113629_48895a,139,task_created,,G00053,type=PUTAWAY pickup=BUFFER dropoff=G-02
20260905_113629_48895a,139,task_assigned,R3,G00053,
20260905_113629_48895a,139,task_created,,G00054,type=PACK pickup=PICK-2 dropoff=PACK-2
20260905_113629_48895a,139,task_assigned,R7,G00054,
20260905_113629_48895a,143,task_completed,R11,G00045,
20260905_113629_48895a,145,task_completed,R1,G00044,
20260905_113629_48895a,145,task_created,,G00055,type=PICK pickup=E-01 dropoff=PICK-3
20260905_113629_48895a,145,task_assigned,R11,G00055,
20260905_113629_48895a,147,task_completed,R9,G00051,
20260905_113629_48895a,147,task_created,,G00056,type=PUTAWAY pickup=BUFFER dropoff=B-07
20260905_113629_48895a,147,task_assigned,R1,G00056,
20260905_113629_48895a,149,task_created,,G00057,type=SHIP pickup=STAGING dropoff=DOCK-2
20260905_113629_48895a,149,task_assigned,R9,G00057,
20260905_113629_48895a,150,task_completed,R5,G00040,
20260905_113629_48895a,151,task_completed,R8,G00049,
20260905_113629_48895a,151,task_created,,G00058,type=PACK pickup=PICK-1 dropoff=PACK-2
20260905_113629_48895a,151,task_assigned,R5,G00058,
20260905_113629_48895a,153,task_completed,R4,G00041,
20260905_113629_48895a,153,task_completed,R13,G00050,
20260905_113629_48895a,153,task_completed,R6,G00052,
20260905_113629_48895a,155,task_completed,R7,G00054,
20260905_113629_48895a,155,task_created,,G00059,type=PUTAWAY pickup=RECV dropoff=C-05
20260905_113629_48895a,155,task_assigned,R13,G00059,
20260905_113629_48895a,155,task_created,,G00060,type=PICK pickup=H-03 dropoff=PICK-1
20260905_113629_48895a,155,task_assigned,R4,G00060,
20260905_113629_48895a,163,task_created,,G00061,type=PUTAWAY pickup=RECV dropoff=C-07
20260905_113629_48895a,163,task_assigned,R6,G00061,
20260905_113629_48895a,163,task_created,,G00062,type=PACK pickup=PICK-3 dropoff=PACK-1
20260905_113629_48895a,163,task_assigned,R7,G00062,
20260905_113629_48895a,163,task_created,,G00063,type=SHIP pickup=STAGING dropoff=DOCK-1
20260905_113629_48895a,163,task_assigned,R8,G00063,
20260905_113629_48895a,165,task_completed,R9,G00057,
20260905_113629_48895a,165,task_created,,G00064,type=PICK pickup=C-04 dropoff=PICK-2
20260905_113629_48895a,166,task_assigned,R9,G00064,
20260905_113629_48895a,168,task_completed,R2,G00037,
20260905_113629_48895a,168,task_completed,R1,G00056,
20260905_113629_48895a,169,task_completed,R8,G00063,
20260905_113629_48895a,170,task_completed,R3,G00053,
20260905_113629_48895a,171,task_created,,G00065,type=PUTAWAY pickup=BUFFER dropoff=A-01
20260905_113629_48895a,171,task_assigned,R1,G00065,
20260905_113629_48895a,172,task_completed,R10,G00043,
20260905_113629_48895a,175,task_created,,G00066,type=PICK pickup=F-02 dropoff=PICK-2
20260905_113629_48895a,175,task_assigned,R3,G00066,
20260905_113629_48895a,175,task_created,,G00067,type=PACK pickup=PICK-1 dropoff=PACK-1
20260905_113629_48895a,175,task_assigned,R2,G00067,
20260905_113629_48895a,177,task_completed,R4,G00060,
20260905_113629_48895a,177,task_created,,G00068,type=SHIP pickup=STAGING dropoff=DOCK-2
20260905_113629_48895a,177,task_assigned,R8,G00068,
20260905_113629_48895a,179,task_created,,G00069,type=PUTAWAY pickup=BUFFER dropoff=A-08
20260905_113629_48895a,179,task_assigned,R10,G00069,
20260905_113629_48895a,182,task_completed,R8,G00068,
20260905_113629_48895a,183,task_completed,R13,G00059,
20260905_113629_48895a,183,robot_blocked,R1,,"{""x"": 6, ""y"": 0}"
20260905_113629_48895a,185,task_completed,R5,G00058,
20260905_113629_48895a,185,task_completed,R2,G00067,
20260905_113629_48895a,185,task_created,,G00070,type=PICK pickup=D-07 dropoff=PICK-3
20260905_113629_48895a,185,task_assigned,R13,G00070,
20260905_113629_48895a,187,task_completed,R7,G00062,
20260905_113629_48895a,187,task_completed,R3,G00066,
20260905_113629_48895a,187,task_created,,G00071,type=PUTAWAY pickup=BUFFER dropoff=B-03
20260905_113629_48895a,187,task_assigned,R2,G00071,
20260905_113629_48895a,187,task_created,,G00072,type=PACK pickup=PICK-3 dropoff=PACK-2
20260905_113629_48895a,187,task_assigned,R5,G00072,
20260905_113629_48895a,191,task_completed,R1,G00065,
20260905_113629_48895a,191,task_created,,G00073,type=SHIP pickup=STAGING dropoff=DOCK-1
20260905_113629_48895a,191,task_assigned,R8,G00073,
20260905_113629_48895a,195,task_created,,G00074,type=PUTAWAY pickup=BUFFER dropoff=H-05
20260905_113629_48895a,195,task_assigned,R3,G00074,
20260905_113629_48895a,195,task_created,,G00075,type=PICK pickup=C-06 dropoff=PICK-2
20260905_113629_48895a,195,task_assigned,R1,G00075,
20260905_113629_48895a,196,task_completed,R9,G00064,
20260905_113629_48895a,196,task_completed,R8,G00073,
20260905_113629_48895a,199,task_created,,G00076,type=PACK pickup=PICK-3 dropoff=PACK-2
20260905_113629_48895a,199,task_assigned,R8,G00076,
20260905_113629_48895a,200,task_completed,R11,G00055,
20260905_113629_48895a,202,task_completed,R12,G00047,
20260905_113629_48895a,203,task_created,,G00077,type=PUTAWAY pickup=BUFFER dropoff=D-02
20260905_113629_48895a,203,task_assigned,R12,G00077,
20260905_113629_48895a,204,task_completed,R5,G00072,
20260905_113629_48895a,205,task_created,,G00078,type=PICK pickup=E-08 dropoff=PICK-2
20260905_113629_48895a,205,task_assigned,R4,G00078,
20260905_113629_48895a,205,task_created,,G00079,type=SHIP pickup=STAGING dropoff=DOCK-2
20260905_113629_48895a,205,task_assigned,R7,G00079,
20260905_113629_48895a,207,task_completed,R6,G00061,
20260905_113629_48895a,208,task_completed,R10,G00069,
20260905_113629_48895a,211,task_completed,R7,G00079,
20260905_113629_48895a,211,task_created,,G00080,type=PUTAWAY pickup=RECV dropoff=B-08
20260905_113629_48895a,211,task_assigned,R10,G00080,
20260905_113629_48895a,211,task_created,,G00081,type=PACK pickup=PICK-1 dropoff=PACK-1
20260905_113629_48895a,211,task_assigned,R9,G00081,
20260905_113629_48895a,212,task_completed,R2,G00071,
20260905_113629_48895a,214,task_completed,R13,G00070,
20260905_113629_48895a,215,task_completed,R3,G00074,
20260905_113629_48895a,215,task_created,,G00082,type=PICK pickup=B-01 dropoff=PICK-2
20260905_113629_48895a,215,task_assigned,R2,G00082,
20260905_113629_48895a,216,task_completed,R1,G00075,
20260905_113629_48895a,219,task_created,,G00083,type=PUTAWAY pickup=BUFFER dropoff=D-06
20260905_113629_48895a,219,task_assigned,R1,G00083,
20260905_113629_48895a,219,task_created,,G00084,type=SHIP pickup=STAGING dropoff=DOCK-1
20260905_113629_48895a,219,task_assigned,R7,G00084,
20260905_113629_48895a,222,task_completed,R4,G00078,
20260905_113629_48895a,223,task_created,,G00085,type=PACK pickup=PICK-1 dropoff=PACK-1
20260905_113629_48895a,223,task_assigned,R5,G00085,
20260905_113629_48895a,224,task_completed,R7,G00084,
20260905_113629_48895a,225,task_created,,G00086,type=PICK pickup=D-06 dropoff=PICK-1
20260905_113629_48895a,225,task_assigned,R11,G00086,
20260905_113629_48895a,226,task_completed,R8,G00076,
20260905_113629_48895a,227,task_created,,G00087,type=PUTAWAY pickup=BUFFER dropoff=F-03
20260905_113629_48895a,227,task_assigned,R13,G00087,
20260905_113629_48895a,228,task_completed,R9,G00081,
20260905_113629_48895a,229,task_completed,R2,G00082,
20260905_113629_48895a,233,task_created,,G00088,type=SHIP pickup=STAGING dropoff=DOCK-1
20260905_113629_48895a,233,task_assigned,R7,G00088,
20260905_113629_48895a,234,task_completed,R10,G00080,
20260905_113629_48895a,235,task_created,,G00089,type=PUTAWAY pickup=RECV dropoff=H-07
20260905_113629_48895a,235,task_assigned,R6,G00089,
20260905_113629_48895a,235,task_created,,G00090,type=PICK pickup=D-04 dropoff=PICK-3
20260905_113629_48895a,235,task_assigned,R3,G00090,
20260905_113629_48895a,235,task_created,,G00091,type=PACK pickup=PICK-1 dropoff=PACK-2
20260905_113629_48895a,235,task_assigned,R2,G00091,
20260905_113629_48895a,237,task_completed,R12,G00077,
20260905_113629_48895a,238,task_completed,R7,G00088,
20260905_113629_48895a,243,task_created,,G00092,type=PUTAWAY pickup=BUFFER dropoff=H-05
20260905_113629_48895a,243,task_assigned,R12,G00092,
20260905_113629_48895a,245,task_created,,G00093,type=PICK pickup=G-05 dropoff=PICK-1
20260905_113629_48895a,245,task_assigned,R4,G00093,
20260905_113629_48895a,247,task_created,,G00094,type=PACK pickup=PICK-1 dropoff=PACK-1
20260905_113629_48895a,247,task_assigned,R7,G00094,
20260905_113629_48895a,247,task_created,,G00095,type=SHIP pickup=STAGING dropoff=DOCK-2
20260905_113629_48895a,247,task_assigned,R8,G00095,
20260905_113629_48895a,248,task_completed,R1,G00083,
20260905_113629_48895a,248,task_completed,R3,G00090,
20260905_113629_48895a,251,task_completed,R5,G00085,
20260905_113629_48895a,251,task_created,,G00096,type=PUTAWAY pickup=RECV dropoff=G-05
20260905_113629_48895a,251,task_assigned,R10,G00096,
20260905_113629_48895a,254,task_completed,R8,G00095,
20260905_113629_48895a,255,task_created,,G00097,type=PICK pickup=H-04 dropoff=PICK-3
20260905_113629_48895a,255,task_assigned,R1,G00097,
20260905_113629_48895a,258,task_completed,R13,G00087,
20260905_113629_48895a,259,task_created,,G00098,type=PUTAWAY pickup=BUFFER dropoff=B-05
20260905_113629_48895a,259,task_assigned,R13,G00098,
20260905_113629_48895a,259,task_created,,G00099,type=PACK pickup=PICK-1 dropoff=PACK-2
20260905_113629_48895a,259,task_assigned,R5,G00099,
20260905_113629_48895a,261,task_created,,G00100,type=SHIP pickup=STAGING dropoff=DOCK-1
20260905_113629_48895a,261,task_assigned,R8,G00100,
20260905_113629_48895a,263,task_completed,R2,G00091,
20260905_113629_48895a,265,task_created,,G00101,type=PICK pickup=D-08 dropoff=PICK-1
20260905_113629_48895a,265,task_assigned,R3,G00101,
20260905_113629_48895a,266,task_completed,R4,G00093,
20260905_113629_48895a,266,task_completed,R1,G00097,
20260905_113629_48895a,266,task_completed,R8,G00100,
20260905_113629_48895a,267,task_created,,G00102,type=PUTAWAY pickup=BUFFER dropoff=H-02
20260905_113629_48895a,267,task_assigned,R8,G00102,
20260905_113629_48895a,269,task_completed,R7,G00094,
20260905_113629_48895a,271,task_created,,G00103,type=PACK pickup=PICK-1 dropoff=PACK-2
20260905_113629_48895a,271,task_assigned,R4,G00103,
20260905_113629_48895a,275,task_completed,R11,G00086,
20260905_113629_48895a,275,task_created,,G00104,type=PUTAWAY pickup=BUFFER dropoff=E-04
20260905_113629_48895a,275,task_assigned,R7,G00104,
20260905_113629_48895a,275,task_created,,G00105,type=PICK pickup=H-04 dropoff=PICK-1
20260905_113629_48895a,275,task_assigned,R1,G00105,
20260905_113629_48895a,275,task_created,,G00106,type=SHIP pickup=STAGING dropoff=DOCK-2
20260905_113629_48895a,275,task_assigned,R9,G00106,
20260905_113629_48895a,276,task_completed,R13,G00098,
20260905_113629_48895a,279,task_completed,R10,G00096,
20260905_113629_48895a,280,task_completed,R6,G00089,
20260905_113629_48895a,280,task_completed,R12,G00092,
20260905_113629_48895a,281,task_completed,R9,G00106,
20260905_113629_48895a,283,task_created,,G00107,type=PUTAWAY pickup=BUFFER dropoff=A-07
20260905_113629_48895a,283,task_assigned,R13,G00107,
20260905_113629_48895a,283,task_created,,G00108,type=PACK pickup=PICK-3 dropoff=PACK-1
20260905_113629_48895a,283,task_assigned,R12,G00108,
20260905_113629_48895a,285,task_completed,R5,G00099,
20260905_113629_48895a,285,task_created,,G00109,type=PICK pickup=B-04 dropoff=PICK-1
20260905_113629_48895a,285,task_assigned,R11,G00109,
20260905_113629_48895a,289,task_completed,R4,G00103,
20260905_113629_48895a,289,task_created,,G00110,type=SHIP pickup=STAGING dropoff=DOCK-2
20260905_113629_48895a,289,task_assigned,R9,G00110,
20260905_113629_48895a,291,task_created,,G00111,type=PUTAWAY pickup=RECV dropoff=H-06
20260905_113629_48895a,292,task_assigned,R5,G00111,
20260905_113629_48895a,294,task_completed,R9,G00110,
20260905_113629_48895a,295,task_created,,G00112,type=PICK pickup=D-04 dropoff=PICK-2
20260905_113629_48895a,295,task_assigned,R4,G00112,
20260905_113629_48895a,295,task_created,,G00113,type=PACK pickup=PICK-1 dropoff=PACK-1
20260905_113629_48895a,295,task_assigned,R9,G00113,
20260905_113629_48895a,298,task_completed,R8,G00102,
20260905_113629_48895a,299,task_completed,R7,G00104,
20260905_113629_48895a,299,task_created,,G00114,type=PUTAWAY pickup=RECV dropoff=A-01
20260905_113629_48895a,299,task_assigned,R8,G00114,
20260905_113629_48895a,302,task_completed,R12,G00108,
20260905_113629_48895a,303,task_created,,G00115,type=SHIP pickup=STAGING dropoff=DOCK-2
20260905_113629_48895a,303,task_assigned,R2,G00115,
20260905_113629_48895a,304,task_interrupted,R1,G00105,
20260905_113629_48895a,305,task_assigned,R12,G00105,
20260905_113629_48895a,305,task_created,,G00116,type=PICK pickup=H-03 dropoff=PICK-2
20260905_113629_48895a,305,task_assigned,R7,G00116,
20260905_113629_48895a,306,task_completed,R13,G00107,
20260905_113629_48895a,307,task_interrupted,R3,G00101,
20260905_113629_48895a,307,task_completed,R11,G00109,
20260905_113629_48895a,307,task_interrupted,R7,G00116,
20260905_113629_48895a,307,task_created,,G00117,type=PUTAWAY pickup=RECV dropoff=H-07
20260905_113629_48895a,307,task_created,,G00118,type=PACK pickup=PICK-1 dropoff=PACK-1
20260905_113629_48895a,307,task_assigned,R13,G00118,
20260905_113629_48895a,308,task_assigned,R11,G00101,
20260905_113629_48895a,312,task_completed,R11,G00101,
20260905_113629_48895a,315,task_interrupted,R4,G00112,
20260905_113629_48895a,315,task_created,,G00119,type=PUTAWAY pickup=RECV dropoff=D-04
20260905_113629_48895a,315,task_created,,G00120,type=PICK pickup=A-08 dropoff=PICK-3
20260905_113629_48895a,316,task_assigned,R11,G00112,
20260905_113629_48895a,317,task_completed,R12,G00105,
20260905_113629_48895a,317,task_created,,G00121,type=SHIP pickup=STAGING dropoff=DOCK-2
20260905_113629_48895a,318,task_completed,R2,G00115,
20260905_113629_48895a,318,task_interrupted,R13,G00118,
20260905_113629_48895a,318,task_assigned,R12,G00121,
20260905_113629_48895a,319,task_assigned,R2,G00118,
20260905_113629_48895a,319,task_created,,G00122,type=PACK pickup=PICK-1 dropoff=PACK-1
20260905_113629_48895a,323,task_created,,G00123,type=PUTAWAY pickup=RECV dropoff=C-05
20260905_113629_48895a,324,task_interrupted,R5,G00111,
20260905_113629_48895a,325,task_completed,R9,G00113,
20260905_113629_48895a,325,task_created,,G00124,type=PICK pickup=A-08 dropoff=PICK-3
20260905_113629_48895a,326,task_interrupted,R11,G00112,
20260905_113629_48895a,326,task_assigned,R9,G00122,
20260905_113629_48895a,327,task_interrupted,R8,G00114,
20260905_113629_48895a,327,task_interrupted,R12,G00121,
20260905_113629_48895a,330,task_assigned,R10,G00121,
20260905_113629_48895a,331,task_created,,G00125,type=PUTAWAY pickup=BUFFER dropoff=C-08
20260905_113629_48895a,331,task_created,,G00126,type=PACK pickup=PICK-1 dropoff=PACK-1
20260905_113629_48895a,331,task_created,,G00127,type=SHIP pickup=STAGING dropoff=DOCK-2
20260905_113629_48895a,332,task_interrupted,R9,G00122,
20260905_113629_48895a,332,task_assigned,R3,G00126,
20260905_113629_48895a,332,task_assigned,R1,G00127,
20260905_113629_48895a,335,task_assigned,R6,G00122,
20260905_113629_48895a,335,task_created,,G00128,type=PICK pickup=B-08 dropoff=PICK-3
20260905_113629_48895a,339,task_created,,G00129,type=PUTAWAY pickup=BUFFER dropoff=A-06
20260905_113629_48895a,343,task_created,,G00130,type=PACK pickup=PICK-3 dropoff=PACK-1
20260905_113629_48895a,345,task_completed,R2,G00118,
20260905_113629_48895a,345,task_created,,G00131,type=PICK pickup=G-06 dropoff=PICK-3
20260905_113629_48895a,345,task_created,,G00132,type=SHIP pickup=STAGING dropoff=DOCK-2
20260905_113629_48895a,346,task_completed,R10,G00121,
20260905_113629_48895a,346,task_assigned,R2,G00132,
20260905_113629_48895a,347,task_assigned,R10,G00130,
20260905_113629_48895a,347,task_created,,G00133,type=PUTAWAY pickup=BUFFER dropoff=F-01
20260905_113629_48895a,348,task_completed,R1,G00127,
20260905_113629_48895a,349,task_assigned,R1,G00112,
20260905_113629_48895a,352,task_completed,R2,G00132,
20260905_113629_48895a,353,task_assigned,R2,G00116,
20260905_113629_48895a,354,task_completed,R3,G00126,
20260905_113629_48895a,355,task_created,,G00134,type=PUTAWAY pickup=BUFFER dropoff=E-02
20260905_113629_48895a,355,task_created,,G00135,type=PICK pickup=G-03 dropoff=PICK-1
20260905_113629_48895a,355,task_created,,G00136,type=PACK pickup=PICK-3 dropoff=PACK-2
20260905_113629_48895a,355,task_assigned,R3,G00136,
20260905_113629_48895a,356,task_completed,R6,G00122,
20260905_113629_48895a,357,task_assigned,R6,G00120,
20260905_113629_48895a,359,task_assigned,R13,G00124,
20260905_113629_48895a,359,task_created,,G00137,type=SHIP pickup=STAGING dropoff=DOCK-2
20260905_113629_48895a,359,task_assigned,R12,G00137,
20260905_113629_48895a,363,task_created,,G00138,type=PUTAWAY pickup=BUFFER dropoff=A-02
20260905_113629_48895a,364,task_assigned,R11,G00128,
20260905_113629_48895a,365,task_created,,G00139,type=PICK pickup=H-03 dropoff=PICK-3
20260905_113629_48895a,367,task_created,,G00140,type=PACK pickup=PICK-3 dropoff=PACK-1
20260905_113629_48895a,371,task_created,,G00141,type=PUTAWAY pickup=BUFFER dropoff=D-04
20260905_113629_48895a,373,task_completed,R1,G00112,
20260905_113629_48895a,373,task_completed,R10,G00130,
20260905_113629_48895a,373,task_created,,G00142,type=SHIP pickup=STAGING dropoff=DOCK-1
20260905_113629_48895a,374,task_assigned,R10,G00131,
20260905_113629_48895a,374,task_assigned,R1,G00140,
20260905_113629_48895a,374,task_assigned,R4,G00142,
20260905_113629_48895a,375,task_completed,R12,G00137,
20260905_113629_48895a,375,task_created,,G00143,type=PICK pickup=F-05 dropoff=PICK-1
20260905_113629_48895a,376,task_assigned,R12,G00135,
20260905_113629_48895a,377,task_completed,R3,G00136,
20260905_113629_48895a,378,task_assigned,R3,G00139,
20260905_113629_48895a,379,task_created,,G00144,type=PUTAWAY pickup=BUFFER dropoff=F-08
20260905_113629_48895a,379,task_created,,G00145,type=PACK pickup=PICK-2 dropoff=PACK-1
20260905_113629_48895a,382,task_assigned,R7,G00145,
20260905_113629_48895a,385,task_created,,G00146,type=PICK pickup=H-01 dropoff=PICK-3
20260905_113629_48895a,387,task_completed,R2,G00116,
20260905_113629_48895a,387,task_created,,G00147,type=PUTAWAY pickup=RECV dropoff=A-02
20260905_113629_48895a,387,task_created,,G00148,type=SHIP pickup=STAGING dropoff=DOCK-1
20260905_113629_48895a,388,task_assigned,R2,G00148,
20260905_113629_48895a,389,task_completed,R4,G00142,
20260905_113629_48895a,390,task_assigned,R4,G00143,
20260905_113629_48895a,391,task_created,,G00149,type=PACK pickup=PICK-1 dropoff=PACK-2
20260905_113629_48895a,392,task_assigned,R9,G00149,
20260905_113629_48895a,395,task_created,,G00150,type=PUTAWAY pickup=BUFFER dropoff=B-06
20260905_113629_48895a,395,task_created,,G00151,type=PICK pickup=C-04 dropoff=PICK-2
20260905_113629_48895a,396,task_completed,R10,G00131,
20260905_113629_48895a,396,task_completed,R2,G00148,
20260905_113629_48895a,397,task_assigned,R8,G00114,
20260905_113629_48895a,397,task_completed,R1,G00140,
20260905_113629_48895a,397,task_assigned,R10,G00146,
20260905_113629_48895a,397,task_assigned,R2,G00151,
20260905_113629_48895a,398,task_assigned,R1,G00111,
20260905_113629_48895a,399,task_assigned,R5,G00117,
20260905_113629_48895a,399,task_completed,R13,G00124,
20260905_113629_48895a,400,task_assigned,R13,G00119,
20260905_113629_48895a,400,task_completed,R3,G00139,
20260905_113629_48895a,401,task_created,,G00152,type=SHIP pickup=STAGING dropoff=DOCK-1
20260905_113629_48895a,401,task_assigned,R3,G00152,
20260905_113629_48895a,403,task_created,,G00153,type=PUTAWAY pickup=RECV dropoff=D-03
20260905_113629_48895a,403,task_created,,G00154,type=PACK pickup=PICK-3 dropoff=PACK-2
20260905_113629_48895a,405,task_created,,G00155,type=PICK pickup=H-07 dropoff=PICK-2
20260905_113629_48895a,410,task_completed,R6,G00120,
20260905_113629_48895a,411,task_completed,R7,G00145,
20260905_113629_48895a,411,task_assigned,R6,G00154,
20260905_113629_48895a,411,task_created,,G00156,type=PUTAWAY pickup=BUFFER dropoff=B-04
20260905_113629_48895a,412,task_completed,R12,G00135,
20260905_113629_48895a,412,task_completed,R10,G00146,
20260905_113629_48895a,412,task_assigned,R7,G00155,
20260905_113629_48895a,413,task_assigned,R12,G00123,
20260905_113629_48895a,413,task_assigned,R10,G00125,
20260905_113629_48895a,415,task_completed,R4,G00143,
20260905_113629_48895a,415,task_created,,G00157,type=PICK pickup=G-07 dropoff=PICK-2
20260905_113629_48895a,415,task_created,,G00158,type=PACK pickup=PICK-1 dropoff=PACK-1
20260905_113629_48895a,415,task_created,,G00159,type=SHIP pickup=STAGING dropoff=DOCK-1
20260905_113629_48895a,416,task_assigned,R4,G00159,
20260905_113629_48895a,418,task_completed,R3,G00152,
20260905_113629_48895a,419,task_completed,R11,G00128,
20260905_113629_48895a,419,task_completed,R6,G00154,
20260905_113629_48895a,419,task_assigned,R3,G00158,
20260905_113629_48895a,419,task_created,,G00160,type=PUTAWAY pickup=RECV dropoff=C-05
20260905_113629_48895a,420,task_assigned,R6,G00129,
20260905_113629_48895a,420,task_assigned,R11,G00157,
20260905_113629_48895a,423,task_completed,R2,G00151,
20260905_113629_48895a,424,task_assigned,R2,G00133,
20260905_113629_48895a,424,task_completed,R9,G00149,
20260905_113629_48895a,425,task_created,,G00161,type=PICK pickup=H-01 dropoff=PICK-3
20260905_113629_48895a,425,task_assigned,R9,G00161,
20260905_113629_48895a,427,task_completed,R8,G00114,
20260905_113629_48895a,427,task_created,,G00162,type=PUTAWAY pickup=RECV dropoff=A-02
20260905_113629_48895a,427,task_created,,G00163,type=PACK pickup=PICK-1 dropoff=PACK-1
20260905_113629_48895a,428,task_assigned,R8,G00163,
20260905_113629_48895a,429,task_created,,G00164,type=SHIP pickup=STAGING dropoff=DOCK-1
20260905_113629_48895a,433,task_completed,R4,G00159,
20260905_113629_48895a,434,task_assigned,R4,G00164,
20260905_113629_48895a,435,task_created,,G00165,type=PUTAWAY pickup=RECV dropoff=C-03
20260905_113629_48895a,435,task_created,,G00166,type=PICK pickup=G-08 dropoff=PICK-1
20260905_113629_48895a,436,task_completed,R11,G00157,
20260905_113629_48895a,437,task_assigned,R11,G00166,
20260905_113629_48895a,439,task_completed,R1,G00111,
20260905_113629_48895a,439,task_completed,R4,G00164,
20260905_113629_48895a,439,task_created,,G00167,type=PACK pickup=PICK-1 dropoff=PACK-2
20260905_113629_48895a,440,task_assigned,R1,G00134,
20260905_113629_48895a,440,task_assigned,R4,G00167,
20260905_113629_48895a,441,task_completed,R3,G00158,
20260905_113629_48895a,442,task_completed,R5,G00117,
20260905_113629_48895a,442,task_assigned,R3,G00138,
20260905_113629_48895a,443,task_created,,G00168,type=PUTAWAY pickup=RECV dropoff=A-06
20260905_113629_48895a,443,task_created,,G00169,type=SHIP pickup=STAGING dropoff=DOCK-1
20260905_113629_48895a,443,task_assigned,R5,G00169,
20260905_113629_48895a,445,task_completed,R8,G00163,
20260905_113629_48895a,445,task_created,,G00170,type=PICK pickup=D-08 dropoff=PICK-3
20260905_113629_48895a,446,task_assigned,R8,G00170,
20260905_113629_48895a,450,task_completed,R10,G00125,
20260905_113629_48895a,450,task_completed,R2,G00133,
20260905_113629_48895a,451,task_assigned,R2,G00141,
20260905_113629_48895a,451,task_created,,G00171,type=PUTAWAY pickup=BUFFER dropoff=F-06
20260905_113629_48895a,451,task_created,,G00172,type=PACK pickup=PICK-3 dropoff=PACK-2
20260905_113629_48895a,451,task_assigned,R10,G00172,
20260905_113629_48895a,455,task_created,,G00173,type=PICK pickup=C-04 dropoff=PICK-1
20260905_113629_48895a,457,task_created,,G00174,type=SHIP pickup=STAGING dropoff=DOCK-1
20260905_113629_48895a,459,task_created,,G00175,type=PUTAWAY pickup=RECV dropoff=A-04
20260905_113629_48895a,461,task_completed,R12,G00123,
20260905_113629_48895a,462,task_assigned,R12,G00174,
20260905_113629_48895a,463,task_completed,R13,G00119,
20260905_113629_48895a,463,task_created,,G00176,type=PACK pickup=PICK-1 dropoff=PACK-2
20260905_113629_48895a,464,task_assigned,R13,G00176,
20260905_113629_48895a,465,task_completed,R9,G00161,
20260905_113629_48895a,465,task_created,,G00177,type=PICK pickup=G-05 dropoff=PICK-3
20260905_113629_48895a,466,task_completed,R7,G00155,
20260905_113629_48895a,466,task_assigned,R9,G00173,
20260905_113629_48895a,467,task_completed,R10,G00172,
20260905_113629_48895a,467,task_assigned,R7,G00177,
20260905_113629_48895a,467,task_created,,G00178,type=PUTAWAY pickup=BUFFER dropoff=E-03
20260905_113629_48895a,468,task_completed,R3,G00138,
20260905_113629_48895a,468,task_assigned,R10,G00144,
20260905_113629_48895a,469,task_assigned,R3,G00147,
20260905_113629_48895a,469,task_completed,R4,G00167,
20260905_113629_48895a,470,task_completed,R6,G00129,
20260905_113629_48895a,470,task_assigned,R4,G00150,
20260905_113629_48895a,471,task_completed,R5,G00169,
20260905_113629_48895a,471,task_created,,G00179,type=SHIP pickup=STAGING dropoff=DOCK-1
20260905_113629_48895a,471,task_assigned,R6,G00179,
20260905_113629_48895a,472,task_assigned,R5,G00153,
20260905_113629_48895a,475,task_created,,G00180,type=PUTAWAY pickup=RECV dropoff=A-05
20260905_113629_48895a,475,task_created,,G00181,type=PICK pickup=H-05 dropoff=PICK-1
20260905_113629_48895a,475,task_created,,G00182,type=PACK pickup=PICK-1 dropoff=PACK-2
20260905_113629_48895a,479,task_completed,R8,G00170,
20260905_113629_48895a,480,task_completed,R3,G00147,
20260905_113629_48895a,480,task_completed,R12,G00174,
20260905_113629_48895a,480,task_assigned,R8,G00182,
20260905_113629_48895a,481,task_completed,R2,G00141,
20260905_113629_48895a,481,task_assigned,R3,G00156,
20260905_113629_48895a,481,task_assigned,R12,G00181,
20260905_113629_48895a,482,task_assigned,R2,G00160,
20260905_113629_48895a,482,task_completed,R11,G00166,
20260905_113629_48895a,483,task_assigned,R11,G00162,
20260905_113629_48895a,483,task_created,,G00183,type=PUTAWAY pickup=RECV dropoff=E-08
20260905_113629_48895a,485,task_created,,G00184,type=PICK pickup=D-06 dropoff=PICK-1
20260905_113629_48895a,485,task_created,,G00185,type=SHIP pickup=STAGING dropoff=DOCK-1
20260905_113629_48895a,487,task_completed,R1,G00134,
20260905_113629_48895a,487,task_created,,G00186,type=PACK pickup=PICK-2 dropoff=PACK-2
20260905_113629_48895a,488,task_assigned,R1,G00185,
20260905_113629_48895a,491,task_created,,G00187,type=PUTAWAY pickup=RECV dropoff=B-01
20260905_113629_48895a,492,task_completed,R7,G00177,
20260905_113629_48895a,493,task_completed,R4,G00150,
20260905_113629_48895a,493,task_assigned,R7,G00186,
20260905_113629_48895a,494,task_completed,R6,G00179,
20260905_113629_48895a,494,task_assigned,R4,G00184,
20260905_113629_48895a,495,task_created,,G00188,type=PICK pickup=E-04 dropoff=PICK-2
20260905_113629_48895a,495,task_assigned,R6,G00188,
20260905_113629_48895a,498,task_completed,R9,G00173,
20260905_113629_48895a,499,task_created,,G00189,type=PUTAWAY pickup=RECV dropoff=F-03
20260905_113629_48895a,499,task_created,,G00190,type=PACK pickup=PICK-1 dropoff=PACK-1
20260905_113629_48895a,499,task_created,,G00191,type=SHIP pickup=STAGING dropoff=DOCK-1
20260905_113629_48895a,499,task_assigned,R9,G00191,
20260905_113629_48895a,502,task_completed,R10,G00144,
20260905_113629_48895a,503,task_assigned,R10,G00190,
20260905_113629_48895a,505,task_created,,G00192,type=PICK pickup=E-02 dropoff=PICK-1
20260905_113629_48895a,506,task_completed,R13,G00176,
20260905_113629_48895a,507,task_assigned,R13,G00192,
20260905_113629_48895a,507,task_created,,G00193,type=PUTAWAY pickup=BUFFER dropoff=G-08
20260905_113629_48895a,509,task_completed,R1,G00185,
20260905_113629_48895a,509,task_completed,R7,G00186,
20260905_113629_48895a,510,task_assigned,R7,G00165,
20260905_113629_48895a,510,task_assigned,R1,G00168,
20260905_113629_48895a,511,task_created,,G00194,type=PACK pickup=PICK-2 dropoff=PACK-2
20260905_113629_48895a,512,task_completed,R8,G00182,
20260905_113629_48895a,513,task_created,,G00195,type=SHIP pickup=STAGING dropoff=DOCK-1
20260905_113629_48895a,513,task_assigned,R8,G00195,
20260905_113629_48895a,515,task_completed,R9,G00191,
20260905_113629_48895a,515,task_created,,G00196,type=PUTAWAY pickup=RECV dropoff=D-01
20260905_113629_48895a,515,task_created,,G00197,type=PICK pickup=E-01 dropoff=PICK-1
20260905_113629_48895a,516,task_assigned,R9,G00194,
20260905_113629_48895a,519,task_completed,R3,G00156,
20260905_113629_48895a,520,task_assigned,R3,G00197,
20260905_113629_48895a,521,task_completed,R8,G00195,
20260905_113629_48895a,522,task_completed,R2,G00160,
20260905_113629_48895a,522,task_assigned,R8,G00171,
20260905_113629_48895a,523,task_created,,G00198,type=PUTAWAY pickup=RECV dropoff=A-01
20260905_113629_48895a,523,task_created,,G00199,type=PACK pickup=PICK-3 dropoff=PACK-1
20260905_113629_48895a,524,task_completed,R11,G00162,
20260905_113629_48895a,525,task_assigned,R11,G00199,
20260905_113629_48895a,525,task_created,,G00200,type=PICK pickup=F-07 dropoff=PICK-2
20260905_113629_48895a,527,task_created,,G00201,type=SHIP pickup=STAGING dropoff=DOCK-2
20260905_113629_48895a,531,task_completed,R12,G00181,
20260905_113629_48895a,531,task_completed,R9,G00194,
20260905_113629_48895a,531,task_created,,G00202,type=PUTAWAY pickup=RECV dropoff=B-08
20260905_113629_48895a,532,task_assigned,R12,G00200,
20260905_113629_48895a,532,task_assigned,R9,G00201,
20260905_113629_48895a,533,task_completed,R6,G00188,
20260905_113629_48895a,533,task_completed,R10,G00190,
20260905_113629_48895a,534,task_assigned,R10,G00175,
20260905_113629_48895a,534,task_assigned,R6,G00178,
20260905_113629_48895a,535,task_created,,G00203,type=PICK pickup=E-07 dropoff=PICK-3
20260905_113629_48895a,535,task_created,,G00204,type=PACK pickup=PICK-2 dropoff=PACK-2
20260905_113629_48895a,539,task_completed,R13,G00192,
20260905_113629_48895a,539,task_completed,R9,G00201,
20260905_113629_48895a,539,task_created,,G00205,type=PUTAWAY pickup=RECV dropoff=G-04
20260905_113629_48895a,540,task_assigned,R13,G00203,
20260905_113629_48895a,540,task_assigned,R9,G00204,
20260905_113629_48895a,541,task_created,,G00206,type=SHIP pickup=STAGING dropoff=DOCK-1
20260905_113629_48895a,545,task_created,,G00207,type=PICK pickup=D-01 dropoff=PICK-2
20260905_113629_48895a,547,task_created,,G00208,type=PUTAWAY pickup=RECV dropoff=C-07
20260905_113629_48895a,547,task_created,,G00209,type=PACK pickup=PICK-3 dropoff=PACK-2
20260905_113629_48895a,549,task_interrupted,R3,G00197,
20260905_113629_48895a,550,task_interrupted,R1,G00168,
20260905_113629_48895a,550,task_completed,R12,G00200,
20260905_113629_48895a,551,task_assigned,R12,G00206,
20260905_113629_48895a,555,task_completed,R4,G00184,
20260905_113629_48895a,555,task_completed,R9,G00204,
20260905_113629_48895a,555,task_created,,G00210,type=PUTAWAY pickup=RECV dropoff=A-01
20260905_113629_48895a,555,task_created,,G00211,type=PICK pickup=E-07 dropoff=PICK-2
20260905_113629_48895a,555,task_created,,G00212,type=SHIP pickup=STAGING dropoff=DOCK-2
20260905_113629_48895a,556,task_assigned,R4,G00209,
20260905_113629_48895a,556,task_assigned,R9,G00212,
20260905_113629_48895a,559,task_interrupted,R6,G00178,
20260905_113629_48895a,559,task_completed,R12,G00206,
20260905_113629_48895a,559,task_created,,G00213,type=PACK pickup=PICK-3 dropoff=PACK-2
20260905_113629_48895a,559,task_assigned,R2,G00213,
20260905_113629_48895a,560,task_completed,R5,G00153,
20260905_113629_48895a,560,task_assigned,R12,G00197,
20260905_113629_48895a,561,task_assigned,R5,G00207,
20260905_113629_48895a,563,task_completed,R9,G00212,
20260905_113629_48895a,563,task_created,,G00214,type=PUTAWAY pickup=RECV dropoff=H-01
20260905_113629_48895a,564,task_assigned,R9,G00211,
20260905_113629_48895a,565,task_created,,G00215,type=PICK pickup=H-01 dropoff=PICK-3
20260905_113629_48895a,569,task_created,,G00216,type=SHIP pickup=STAGING dropoff=DOCK-2
20260905_113629_48895a,570,task_completed,R10,G00175,
20260905_113629_48895a,571,task_completed,R11,G00199,
20260905_113629_48895a,571,task_created,,G00217,type=PUTAWAY pickup=BUFFER dropoff=B-03
20260905_113629_48895a,571,task_created,,G00218,type=PACK pickup=PICK-2 dropoff=PACK-2
20260905_113629_48895a,572,task_assigned,R11,G00216,
20260905_113629_48895a,574,task_completed,R12,G00197,
20260905_113629_48895a,574,task_completed,R5,G00207,
20260905_113629_48895a,574,task_assigned,R3,G00218,
20260905_113629_48895a,575,task_assigned,R5,G00215,
20260905_113629_48895a,575,task_created,,G00219,type=PICK pickup=B-04 dropoff=PICK-1
20260905_113629_48895a,575,task_assigned,R12,G00219,
20260905_113629_48895a,577,task_completed,R8,G00171,
20260905_113629_48895a,578,task_assigned,R8,G00168,
20260905_113629_48895a,578,task_completed,R11,G00216,
20260905_113629_48895a,579,task_assigned,R11,G00178,
20260905_113629_48895a,579,task_created,,G00220,type=PUTAWAY pickup=RECV dropoff=D-05
20260905_113629_48895a,580,task_interrupted,R13,G00203,
20260905_113629_48895a,583,task_completed,R8,G00168,
20260905_113629_48895a,583,task_interrupted,R12,G00219,
20260905_113629_48895a,583,task_created,,G00221,type=PACK pickup=PICK-1 dropoff=PACK-1
20260905_113629_48895a,583,task_created,,G00222,type=SHIP pickup=STAGING dropoff=DOCK-1
20260905_113629_48895a,584,task_assigned,R8,G00222,
20260905_113629_48895a,585,task_created,,G00223,type=PICK pickup=D-08 dropoff=PICK-2
20260905_113629_48895a,587,task_completed,R7,G00165,
20260905_113629_48895a,587,task_interrupted,R11,G00178,
20260905_113629_48895a,587,task_assigned,R6,G00221,
20260905_113629_48895a,587,task_created,,G00224,type=PUTAWAY pickup=BUFFER dropoff=H-03
20260905_113629_48895a,588,task_assigned,R7,G00203,
20260905_113629_48895a,588,task_completed,R4,G00209,
20260905_113629_48895a,589,task_assigned,R4,G00219,
20260905_113629_48895a,594,task_completed,R2,G00213,
20260905_113629_48895a,594,task_completed,R5,G00215,
20260905_113629_48895a,595,task_assigned,R2,G00223,
20260905_113629_48895a,595,task_created,,G00225,type=PUTAWAY pickup=RECV dropoff=D-01
20260905_113629_48895a,595,task_created,,G00226,type=PICK pickup=G-02 dropoff=PICK-2
20260905_113629_48895a,595,task_assigned,R5,G00226,
20260905_113629_48895a,595,task_created,,G00227,type=PACK pickup=PICK-2 dropoff=PACK-1
20260905_113629_48895a,595,task_assigned,R1,G00227,
20260905_113629_48895a,597,task_created,,G00228,type=SHIP pickup=STAGING dropoff=DOCK-1
20260905_113629_48895a,598,task_assigned,R10,G00228,
20260905_113629_48895a,600,task_completed,R3,G00218,
20260905_113629_48895a,601,task_assigned,R3,G00178,
20260905_113629_48895a,603,task_created,,G00229,type=PUTAWAY pickup=BUFFER dropoff=G-07
20260905_113629_48895a,605,task_created,,G00230,type=PICK pickup=D-05 dropoff=PICK-1
20260905_113629_48895a,606,task_completed,R9,G00211,
20260905_113629_48895a,606,task_interrupted,R4,G00219,
20260905_113629_48895a,607,task_completed,R8,G00222,
20260905_113629_48895a,607,task_created,,G00231,type=PACK pickup=PICK-3 dropoff=PACK-2
20260905_113629_48895a,607,task_assigned,R9,G00231,
20260905_113629_48895a,608,task_assigned,R8,G00219,
20260905_113629_48895a,610,task_completed,R5,G00226,
20260905_113629_48895a,611,task_completed,R6,G00221,
20260905_113629_48895a,611,task_created,,G00232,type=PUTAWAY pickup=BUFFER dropoff=D-08
20260905_113629_48895a,611,task_created,,G00233,type=SHIP pickup=STAGING dropoff=DOCK-2
20260905_113629_48895a,611,task_assigned,R11,G00233,
20260905_113629_48895a,612,task_assigned,R5,G00180,
20260905_113629_48895a,612,task_assigned,R6,G00230,
20260905_113629_48895a,612,task_interrupted,R9,G00231,
20260905_113629_48895a,613,task_completed,R10,G00228,
20260905_113629_48895a,613,task_assigned,R13,G00231,
20260905_113629_48895a,614,task_assigned,R10,G00183,
20260905_113629_48895a,614,task_interrupted,R7,G00203,
20260905_113629_48895a,615,task_created,,G00234,type=PICK pickup=C-02 dropoff=PICK-2
20260905_113629_48895a,616,task_interrupted,R5,G00180,
20260905_113629_48895a,619,task_created,,G00235,type=PUTAWAY pickup=RECV dropoff=H-01
20260905_113629_48895a,619,task_created,,G00236,type=PACK pickup=PICK-3 dropoff=PACK-2
20260905_113629_48895a,621,task_completed,R1,G00227,
20260905_113629_48895a,622,task_assigned,R1,G00236,
20260905_113629_48895a,624,task_assigned,R12,G00203,
20260905_113629_48895a,624,task_interrupted,R8,G00219,
20260905_113629_48895a,625,task_completed,R2,G00223,
20260905_113629_48895a,625,task_created,,G00237,type=PICK pickup=H-02 dropoff=PICK-1
20260905_113629_48895a,625,task_created,,G00238,type=SHIP pickup=STAGING dropoff=DOCK-2
20260905_113629_48895a,626,task_assigned,R2,G00238,
20260905_113629_48895a,627,task_created,,G00239,type=PUTAWAY pickup=RECV dropoff=D-08
20260905_113629_48895a,628,task_completed,R11,G00233,
20260905_113629_48895a,629,task_assigned,R11,G00219,
20260905_113629_48895a,630,task_completed,R3,G00178,
20260905_113629_48895a,631,task_created,,G00240,type=PACK pickup=PICK-3 dropoff=PACK-2
20260905_113629_48895a,631,task_assigned,R3,G00240,
20260905_113629_48895a,634,task_assigned,R4,G00234,
20260905_113629_48895a,634,task_completed,R2,G00238,
20260905_113629_48895a,635,task_assigned,R2,G00237,
20260905_113629_48895a,635,task_created,,G00241,type=PUTAWAY pickup=RECV dropoff=D-07
20260905_113629_48895a,635,task_created,,G00242,type=PICK pickup=E-04 dropoff=PICK-2
20260905_113629_48895a,639,task_created,,G00243,type=SHIP pickup=STAGING dropoff=DOCK-2
20260905_113629_48895a,643,task_created,,G00244,type=PUTAWAY pickup=BUFFER dropoff=E-03
20260905_113629_48895a,643,task_created,,G00245,type=PACK pickup=PICK-2 dropoff=PACK-2
20260905_113629_48895a,644,task_completed,R1,G00236,
20260905_113629_48895a,645,task_assigned,R1,G00243,
20260905_113629_48895a,645,task_created,,G00246,type=PICK pickup=B-03 dropoff=PICK-1
20260905_113629_48895a,647,task_completed,R10,G00183,
20260905_113629_48895a,648,task_assigned,R10,G00242,
20260905_113629_48895a,648,task_assigned,R9,G00245,
20260905_113629_48895a,649,task_completed,R13,G00231,
20260905_113629_48895a,650,task_assigned,R5,G00180,
20260905_113629_48895a,650,task_assigned,R13,G00246,
20260905_113629_48895a,651,task_completed,R6,G00230,
20260905_113629_48895a,651,task_created,,G00247,type=PUTAWAY pickup=BUFFER dropoff=D-06
20260905_113629_48895a,652,task_assigned,R6,G00187,
20260905_113629_48895a,652,task_completed,R1,G00243,
20260905_113629_48895a,653,task_assigned,R1,G00189,
20260905_113629_48895a,653,task_created,,G00248,type=SHIP pickup=STAGING dropoff=DOCK-1
20260905_113629_48895a,653,task_assigned,R7,G00248,
20260905_113629_48895a,655,task_created,,G00249,type=PICK pickup=D-04 dropoff=PICK-1
20260905_113629_48895a,655,task_created,,G00250,type=PACK pickup=PICK-2 dropoff=PACK-2
20260905_113629_48895a,656,task_completed,R12,G00203,
20260905_113629_48895a,657,task_completed,R11,G00219,
20260905_113629_48895a,657,task_assigned,R12,G00250,
20260905_113629_48895a,658,task_assigned,R11,G00249,
20260905_113629_48895a,659,task_completed,R10,G00242,
20260905_113629_48895a,659,task_created,,G00251,type=PUTAWAY pickup=RECV dropoff=H-04
20260905_113629_48895a,660,task_assigned,R10,G00193,
20260905_113629_48895a,665,task_created,,G00252,type=PICK pickup=G-06 dropoff=PICK-1
20260905_113629_48895a,666,task_completed,R3,G00240,
20260905_113629_48895a,667,task_created,,G00253,type=PUTAWAY pickup=BUFFER dropoff=G-06
20260905_113629_48895a,667,task_created,,G00254,type=PACK pickup=PICK-2 dropoff=PACK-1
20260905_113629_48895a,667,task_created,,G00255,type=SHIP pickup=STAGING dropoff=DOCK-2
20260905_113629_48895a,667,task_assigned,R3,G00255,
20260905_113629_48895a,668,task_assigned,R8,G00254,
20260905_113629_48895a,669,task_completed,R4,G00234,
20260905_113629_48895a,669,task_completed,R7,G00248,
20260905_113629_48895a,670,task_assigned,R7,G00196,
20260905_113629_48895a,670,task_assigned,R4,G00252,
20260905_113629_48895a,671,task_completed,R6,G00187,
20260905_113629_48895a,672,task_completed,R5,G00180,
20260905_113629_48895a,672,task_assigned,R6,G00198,
20260905_113629_48895a,673,task_assigned,R5,G00202,
20260905_113629_48895a,673,task_completed,R12,G00250,
20260905_113629_48895a,674,task_assigned,R12,G00205,
20260905_113629_48895a,674,task_completed,R9,G00245,
20260905_113629_48895a,674,task_completed,R3,G00255,
20260905_113629_48895a,675,task_assigned,R3,G00208,
20260905_113629_48895a,675,task_created,,G00256,type=PUTAWAY pickup=BUFFER dropoff=F-06
20260905_113629_48895a,675,task_created,,G00257,type=PICK pickup=E-07 dropoff=PICK-2
20260905_113629_48895a,675,task_assigned,R9,G00257,
20260905_113629_48895a,676,task_completed,R10,G00193,
20260905_113629_48895a,677,task_assigned,R10,G00210,
20260905_113629_48895a,679,task_created,,G00258,type=PACK pickup=PICK-2 dropoff=PACK-1
20260905_113629_48895a,681,task_created,,G00259,type=SHIP pickup=STAGING dropoff=DOCK-1
20260905_113629_48895a,683,task_created,,G00260,type=PUTAWAY pickup=RECV dropoff=G-08
20260905_113629_48895a,685,task_completed,R2,G00237,
20260905_113629_48895a,685,task_created,,G00261,type=PICK pickup=H-07 dropoff=PICK-1
20260905_113629_48895a,686,task_assigned,R2,G00259,
20260905_113629_48895a,691,task_completed,R6,G00198,
20260905_113629_48895a,691,task_completed,R5,G00202,
20260905_113629_48895a,691,task_completed,R13,G00246,
20260905_113629_48895a,691,task_created,,G00262,type=PUTAWAY pickup=RECV dropoff=F-04
20260905_113629_48895a,691,task_created,,G00263,type=PACK pickup=PICK-3 dropoff=PACK-2
20260905_113629_48895a,692,task_assigned,R5,G00258,
20260905_113629_48895a,692,task_assigned,R6,G00261,
20260905_113629_48895a,692,task_assigned,R13,G00263,
20260905_113629_48895a,694,task_completed,R8,G00254,
20260905_113629_48895a,695,task_created,,G00264,type=PICK pickup=C-06 dropoff=PICK-2
20260905_113629_48895a,695,task_created,,G00265,type=SHIP pickup=STAGING dropoff=DOCK-1
20260905_113629_48895a,695,task_assigned,R8,G00265,
20260905_113629_48895a,699,task_created,,G00266,type=PUTAWAY pickup=RECV dropoff=A-04
20260905_113629_48895a,701,task_completed,R8,G00265,
20260905_113629_48895a,702,task_completed,R1,G00189,
20260905_113629_48895a,702,task_completed,R5,G00258,
20260905_113629_48895a,702,task_assigned,R8,G00264,
20260905_113629_48895a,703,task_completed,R10,G00210,
20260905_113629_48895a,703,task_assigned,R1,G00214,
20260905_113629_48895a,703,task_created,,G00267,type=PACK pickup=PICK-1 dropoff=PACK-2
20260905_113629_48895a,703,task_assigned,R5,G00267,
20260905_113629_48895a,704,task_assigned,R10,G00217,
20260905_113629_48895a,704,task_completed,R2,G00259,
20260905_113629_48895a,705,task_created,,G00268,type=PICK pickup=C-02 dropoff=PICK-2
20260905_113629_48895a,705,task_assigned,R2,G00268,
20260905_113629_48895a,706,task_completed,R9,G00257,
20260905_113629_48895a,707,task_assigned,R9,G00220,
20260905_113629_48895a,707,task_created,,G00269,type=PUTAWAY pickup=BUFFER dropoff=A-07
20260905_113629_48895a,709,task_created,,G00270,type=SHIP pickup=STAGING dropoff=DOCK-2
20260905_113629_48895a,710,task_completed,R11,G00249,
20260905_113629_48895a,711,task_assigned,R11,G00270,
20260905_113629_48895a,715,task_created,,G00271,type=PUTAWAY pickup=RECV dropoff=D-04
20260905_113629_48895a,715,task_created,,G00272,type=PICK pickup=H-03 dropoff=PICK-2
20260905_113629_48895a,715,task_created,,G00273,type=PACK pickup=PICK-2 dropoff=PACK-2
20260905_113629_48895a,717,task_completed,R12,G00205,
20260905_113629_48895a,718,task_assigned,R12,G00273,
20260905_113629_48895a,721,task_completed,R7,G00196,
20260905_113629_48895a,721,task_completed,R4,G00252,
20260905_113629_48895a,721,task_completed,R13,G00263,
20260905_113629_48895a,722,task_assigned,R4,G00224,
20260905_113629_48895a,722,task_assigned,R13,G00225,
20260905_113629_48895a,722,task_assigned,R7,G00272,
20260905_113629_48895a,723,task_completed,R10,G00217,
20260905_113629_48895a,723,task_created,,G00274,type=PUTAWAY pickup=RECV dropoff=G-06
20260905_113629_48895a,723,task_created,,G00275,type=SHIP pickup=STAGING dropoff=DOCK-1
20260905_113629_48895a,724,task_assigned,R10,G00275,
20260905_113629_48895a,725,task_created,,G00276,type=PICK pickup=H-05 dropoff=PICK-1
20260905_113629_48895a,727,task_completed,R11,G00270,
20260905_113629_48895a,727,task_created,,G00277,type=PACK pickup=PICK-3 dropoff=PACK-1
20260905_113629_48895a,728,task_completed,R2,G00268,
20260905_113629_48895a,728,task_assigned,R11,G00277,
20260905_113629_48895a,729,task_completed,R5,G00267,
20260905_113629_48895a,729,task_assigned,R2,G00276,
20260905_113629_48895a,730,task_assigned,R5,G00229,
20260905_113629_48895a,731,task_created,,G00278,type=PUTAWAY pickup=RECV dropoff=D-05
20260905_113629_48895a,735,task_created,,G00279,type=PICK pickup=B-01 dropoff=PICK-3
20260905_113629_48895a,737,task_created,,G00280,type=SHIP pickup=STAGING dropoff=DOCK-1
20260905_113629_48895a,738,task_completed,R1,G00214,
20260905_113629_48895a,738,task_completed,R7,G00272,
20260905_113629_48895a,739,task_assigned,R7,G00280,
20260905_113629_48895a,739,task_created,,G00281,type=PUTAWAY pickup=BUFFER dropoff=D-02
20260905_113629_48895a,739,task_created,,G00282,type=PACK pickup=PICK-1 dropoff=PACK-1
20260905_113629_48895a,739,task_assigned,R1,G00282,
20260905_113629_48895a,741,task_completed,R10,G00275,
20260905_113629_48895a,742,task_assigned,R10,G00279,
20260905_113629_48895a,744,task_completed,R12,G00273,
20260905_113629_48895a,745,task_completed,R8,G00264,
20260905_113629_48895a,745,task_created,,G00283,type=PICK pickup=D-07 dropoff=PICK-1
20260905_113629_48895a,745,task_assigned,R12,G00283,
20260905_113629_48895a,746,task_assigned,R8,G00232,
20260905_113629_48895a,747,task_completed,R9,G00220,
20260905_113629_48895a,747,task_created,,G00284,type=PUTAWAY pickup=RECV dropoff=B-07
20260905_113629_48895a,748,task_assigned,R9,G00235,
20260905_113629_48895a,749,task_completed,R7,G00280,
20260905_113629_48895a,750,task_assigned,R7,G00239,
20260905_113629_48895a,751,task_created,,G00285,type=PACK pickup=PICK-3 dropoff=PACK-1
20260905_113629_48895a,751,task_created,,G00286,type=SHIP pickup=STAGING dropoff=DOCK-2
20260905_113629_48895a,752,task_completed,R6,G00261,
20260905_113629_48895a,753,task_assigned,R6,G00286,
20260905_113629_48895a,754,task_completed,R11,G00277,
20260905_113629_48895a,755,task_completed,R4,G00224,
20260905_113629_48895a,755,task_assigned,R11,G00285,
20260905_113629_48895a,755,task_created,,G00287,type=PUTAWAY pickup=RECV dropoff=C-06
20260905_113629_48895a,755,task_created,,G00288,type=PICK pickup=B-07 dropoff=PICK-1
20260905_113629_48895a,756,task_assigned,R4,G00288,
20260905_113629_48895a,762,task_completed,R2,G00276,
20260905_113629_48895a,763,task_created,,G00289,type=PUTAWAY pickup=RECV dropoff=B-06
20260905_113629_48895a,763,task_created,,G00290,type=PACK pickup=PICK-3 dropoff=PACK-1
20260905_113629_48895a,763,task_assigned,R2,G00290,
20260905_113629_48895a,765,task_created,,G00291,type=PICK pickup=E-08 dropoff=PICK-3
20260905_113629_48895a,765,task_created,,G00292,type=SHIP pickup=STAGING dropoff=DOCK-2
20260905_113629_48895a,768,task_completed,R1,G00282,
20260905_113629_48895a,769,task_completed,R8,G00232,
20260905_113629_48895a,769,task_completed,R6,G00286,
20260905_113629_48895a,769,task_assigned,R1,G00292,
20260905_113629_48895a,770,task_assigned,R6,G00241,
20260905_113629_48895a,770,task_assigned,R8,G00291,
20260905_113629_48895a,771,task_created,,G00293,type=PUTAWAY pickup=BUFFER dropoff=B-02
20260905_113629_48895a,772,task_completed,R5,G00229,
20260905_113629_48895a,772,task_completed,R10,G00279,
20260905_113629_48895a,773,task_assigned,R5,G00244,
20260905_113629_48895a,773,task_assigned,R10,G00247,
20260905_113629_48895a,774,task_interrupted,R2,G00290,
20260905_113629_48895a,775,task_completed,R1,G00292,
20260905_113629_48895a,775,task_created,,G00294,type=PICK pickup=D-08 dropoff=PICK-1
20260905_113629_48895a,775,task_created,,G00295,type=PACK pickup=PICK-3 dropoff=PACK-2
20260905_113629_48895a,776,task_assigned,R1,G00290,
20260905_113629_48895a,778,task_completed,R13,G00225,
20260905_113629_48895a,779,task_created,,G00296,type=PUTAWAY pickup=BUFFER dropoff=A-06
20260905_113629_48895a,779,task_created,,G00297,type=SHIP pickup=STAGING dropoff=DOCK-2
20260905_113629_48895a,779,task_assigned,R13,G00297,
20260905_113629_48895a,782,task_completed,R11,G00285,
20260905_113629_48895a,783,task_assigned,R11,G00295,
20260905_113629_48895a,785,task_created,,G00298,type=PICK pickup=F-08 dropoff=PICK-1
20260905_113629_48895a,787,task_created,,G00299,type=PUTAWAY pickup=RECV dropoff=A-02
20260905_113629_48895a,787,task_created,,G00300,type=PACK pickup=PICK-2 dropoff=PACK-2
20260905_113629_48895a,791,task_completed,R3,G00208,
20260905_113629_48895a,792,task_assigned,R3,G00300,
20260905_113629_48895a,793,task_created,,G00301,type=SHIP pickup=STAGING dropoff=DOCK-2
20260905_113629_48895a,795,task_created,,G00302,type=PUTAWAY pickup=RECV dropoff=H-03
20260905_113629_48895a,795,task_created,,G00303,type=PICK pickup=C-04 dropoff=PICK-2
20260905_113629_48895a,799,task_completed,R9,G00235,
20260905_113629_48895a,799,task_created,,G00304,type=PACK pickup=PICK-1 dropoff=PACK-2
20260905_113629_48895a,800,task_assigned,R9,G00301,
20260905_113629_48895a,801,task_completed,R13,G00297,
20260905_113629_48895a,802,task_completed,R1,G00290,
20260905_113629_48895a,802,task_assigned,R13,G00304,
20260905_113629_48895a,803,task_created,,G00305,type=PUTAWAY pickup=RECV dropoff=H-04
20260905_113629_48895a,805,task_completed,R5,G00244,
20260905_113629_48895a,805,task_completed,R12,G00283,
20260905_113629_48895a,805,task_completed,R11,G00295,
20260905_113629_48895a,805,task_interrupted,R3,G00300,
20260905_113629_48895a,805,task_created,,G00306,type=PICK pickup=G-08 dropoff=PICK-3
20260905_113629_48895a,806,task_assigned,R5,G00294,
20260905_113629_48895a,806,task_assigned,R12,G00298,
20260905_113629_48895a,806,task_assigned,R11,G00300,
20260905_113629_48895a,806,task_assigned,R1,G00303,
20260905_113629_48895a,807,task_completed,R10,G00247,
20260905_113629_48895a,807,task_created,,G00307,type=SHIP pickup=STAGING dropoff=DOCK-2
20260905_113629_48895a,807,task_assigned,R2,G00307,
20260905_113629_48895a,808,task_completed,R11,G00300,
20260905_113629_48895a,808,task_assigned,R10,G00306,
20260905_113629_48895a,810,task_interrupted,R6,G00241,
20260905_113629_48895a,810,task_completed,R4,G00288,
20260905_113629_48895a,811,task_assigned,R11,G00241,
20260905_113629_48895a,811,task_created,,G00308,type=PUTAWAY pickup=BUFFER dropoff=B-04
20260905_113629_48895a,811,task_created,,G00309,type=PACK pickup=PICK-2 dropoff=PACK-2
20260905_113629_48895a,811,task_assigned,R4,G00309,
20260905_113629_48895a,815,task_completed,R7,G00239,
20260905_113629_48895a,815,task_interrupted,R10,G00306,
20260905_113629_48895a,815,task_created,,G00310,type=PICK pickup=D-08 dropoff=PICK-2
20260905_113629_48895a,816,task_assigned,R7,G00306,
20260905_113629_48895a,819,task_interrupted,R1,G00303,
20260905_113629_48895a,819,task_created,,G00311,type=PUTAWAY pickup=RECV dropoff=F-04
20260905_113629_48895a,821,task_created,,G00312,type=SHIP pickup=STAGING dropoff=DOCK-2
20260905_113629_48895a,822,task_completed,R2,G00307,
20260905_113629_48895a,823,task_assigned,R2,G00312,
20260905_113629_48895a,823,task_created,,G00313,type=PACK pickup=PICK-2 dropoff=PACK-1
20260905_113629_48895a,824,task_completed,R7,G00306,
20260905_113629_48895a,825,task_completed,R9,G00301,
20260905_113629_48895a,825,task_assigned,R7,G00313,
20260905_113629_48895a,825,task_created,,G00314,type=PICK pickup=H-07 dropoff=PICK-1
20260905_113629_48895a,826,task_assigned,R9,G00303,
20260905_113629_48895a,826,task_completed,R4,G00309,
20260905_113629_48895a,827,task_assigned,R4,G00310,
20260905_113629_48895a,827,task_created,,G00315,type=PUTAWAY pickup=RECV dropoff=E-02
20260905_113629_48895a,828,task_completed,R2,G00312,
20260905_113629_48895a,829,task_assigned,R2,G00314,
20260905_113629_48895a,832,task_interrupted,R11,G00241,
20260905_113629_48895a,835,task_completed,R12,G00298,
20260905_113629_48895a,835,task_interrupted,R13,G00304,
20260905_113629_48895a,835,task_created,,G00316,type=PUTAWAY pickup=RECV dropoff=E-04
20260905_113629_48895a,835,task_created,,G00317,type=PICK pickup=E-04 dropoff=PICK-3
20260905_113629_48895a,835,task_created,,G00318,type=PACK pickup=PICK-1 dropoff=PACK-1
20260905_113629_48895a,835,task_created,,G00319,type=SHIP pickup=STAGING dropoff=DOCK-1
20260905_113629_48895a,835,task_assigned,R3,G00319,
20260905_113629_48895a,836,task_assigned,R12,G00304,
20260905_113629_48895a,840,task_completed,R8,G00291,
20260905_113629_48895a,841,task_assigned,R8,G00318,
20260905_113629_48895a,843,task_created,,G00320,type=PUTAWAY pickup=RECV dropoff=H-07
20260905_113629_48895a,845,task_created,,G00321,type=PICK pickup=D-07 dropoff=PICK-3
20260905_113629_48895a,847,task_assigned,R6,G00241,
20260905_113629_48895a,847,task_created,,G00322,type=PACK pickup=PICK-2 dropoff=PACK-2
20260905_113629_48895a,848,task_completed,R7,G00313,
20260905_113629_48895a,849,task_created,,G00323,type=SHIP pickup=STAGING dropoff=DOCK-1
20260905_113629_48895a,849,task_assigned,R7,G00323,
20260905_113629_48895a,850,task_completed,R9,G00303,
20260905_113629_48895a,851,task_interrupted,R12,G00304,
20260905_113629_48895a,851,task_completed,R3,G00319,
20260905_113629_48895a,851,task_assigned,R9,G00322,
20260905_113629_48895a,851,task_created,,G00324,type=PUTAWAY pickup=BUFFER dropoff=E-06
20260905_113629_48895a,852,task_assigned,R3,G00304,
20260905_113629_48895a,855,task_completed,R7,G00323,
20260905_113629_48895a,855,task_created,,G00325,type=PICK pickup=D-05 dropoff=PICK-2
20260905_113629_48895a,859,task_created,,G00326,type=PUTAWAY pickup=BUFFER dropoff=E-08
20260905_113629_48895a,859,task_created,,G00327,type=PACK pickup=PICK-3 dropoff=PACK-2
20260905_113629_48895a,859,task_assigned,R7,G00327,
20260905_113629_48895a,860,task_assigned,R1,G00317,
20260905_113629_48895a,860,task_assigned,R10,G00321,
20260905_113629_48895a,861,task_interrupted,R5,G00294,
20260905_113629_48895a,861,task_completed,R4,G00310,
20260905_113629_48895a,862,task_assigned,R4,G00294,
20260905_113629_48895a,862,task_completed,R9,G00322,
20260905_113629_48895a,863,task_created,,G00328,type=SHIP pickup=STAGING dropoff=DOCK-2
20260905_113629_48895a,863,task_assigned,R9,G00328,
20260905_113629_48895a,865,task_interrupted,R4,G00294,
20260905_113629_48895a,865,task_created,,G00329,type=PICK pickup=G-07 dropoff=PICK-3
20260905_113629_48895a,867,task_completed,R3,G00304,
20260905_113629_48895a,867,task_created,,G00330,type=PUTAWAY pickup=RECV dropoff=F-06
20260905_113629_48895a,868,task_assigned,R3,G00294,
20260905_113629_48895a,868,task_interrupted,R9,G00328,
20260905_113629_48895a,869,task_interrupted,R7,G00327,
20260905_113629_48895a,870,task_completed,R8,G00318,
20260905_113629_48895a,871,task_assigned,R8,G00328,
20260905_113629_48895a,871,task_created,,G00331,type=PACK pickup=PICK-3 dropoff=PACK-2
20260905_113629_48895a,875,task_created,,G00332,type=PUTAWAY pickup=RECV dropoff=E-08
20260905_113629_48895a,875,task_created,,G00333,type=PICK pickup=E-01 dropoff=PICK-1
20260905_113629_48895a,876,task_assigned,R13,G00327,
20260905_113629_48895a,877,task_created,,G00334,type=SHIP pickup=STAGING dropoff=DOCK-1
20260905_113629_48895a,879,task_assigned,R11,G00334,
20260905_113629_48895a,883,task_created,,G00335,type=PUTAWAY pickup=RECV dropoff=B-08
20260905_113629_48895a,883,task_created,,G00336,type=PACK pickup=PICK-3 dropoff=PACK-1
20260905_113629_48895a,885,task_completed,R6,G00241,
20260905_113629_48895a,885,task_created,,G00337,type=PICK pickup=D-01 dropoff=PICK-1
20260905_113629_48895a,886,task_completed,R2,G00314,
20260905_113629_48895a,886,task_assigned,R6,G00331,
20260905_113629_48895a,887,task_assigned,R2,G00336,
20260905_113629_48895a,888,task_assigned,R12,G00325,
20260905_113629_48895a,888,task_completed,R8,G00328,
20260905_113629_48895a,889,task_completed,R3,G00294,
20260905_113629_48895a,889,task_assigned,R8,G00329,
20260905_113629_48895a,890,task_assigned,R3,G00333,
20260905_113629_48895a,891,task_created,,G00338,type=PUTAWAY pickup=RECV dropoff=E-04
20260905_113629_48895a,891,task_created,,G00339,type=SHIP pickup=STAGING dropoff=DOCK-1
20260905_113629_48895a,895,task_created,,G00340,type=PICK pickup=D-01 dropoff=PICK-2
20260905_113629_48895a,895,task_created,,G00341,type=PACK pickup=PICK-1 dropoff=PACK-2
20260905_113629_48895a,896,task_assigned,R5,G00339,
20260905_113629_48895a,897,task_completed,R11,G00334,
20260905_113629_48895a,898,task_interrupted,R8,G00329,
20260905_113629_48895a,898,task_assigned,R11,G00341,
20260905_113629_48895a,899,task_created,,G00342,type=PUTAWAY pickup=BUFFER dropoff=E-07
20260905_113629_48895a,904,task_assigned,R4,G00329,
20260905_113629_48895a,905,task_completed,R3,G00333,
20260905_113629_48895a,905,task_created,,G00343,type=PICK pickup=A-02 dropoff=PICK-3
20260905_113629_48895a,905,task_created,,G00344,type=SHIP pickup=STAGING dropoff=DOCK-2
20260905_113629_48895a,906,task_completed,R1,G00317,
20260905_113629_48895a,906,task_assigned,R3,G00344,
20260905_113629_48895a,907,task_completed,R10,G00321,
20260905_113629_48895a,907,task_created,,G00345,type=PUTAWAY pickup=BUFFER dropoff=A-07
20260905_113629_48895a,907,task_created,,G00346,type=PACK pickup=PICK-3 dropoff=PACK-2
20260905_113629_48895a,907,task_assigned,R1,G00346,
20260905_113629_48895a,908,task_completed,R6,G00331,
20260905_113629_48895a,908,task_assigned,R10,G00337,
20260905_113629_48895a,909,task_assigned,R6,G00340,
20260905_113629_48895a,912,task_completed,R5,G00339,
20260905_113629_48895a,912,task_assigned,R9,G00343,
20260905_113629_48895a,913,task_assigned,R7,G00251,
20260905_113629_48895a,913,task_assigned,R5,G00253,
20260905_113629_48895a,914,task_completed,R13,G00327,
20260905_113629_48895a,915,task_created,,G00347,type=PUTAWAY pickup=BUFFER dropoff=H-07
20260905_113629_48895a,915,task_created,,G00348,type=PICK pickup=B-06 dropoff=PICK-1
20260905_113629_48895a,915,task_assigned,R13,G00348,
20260905_113629_48895a,916,task_completed,R1,G00346,
20260905_113629_48895a,917,task_assigned,R1,G00256,
20260905_113629_48895a,919,task_created,,G00349,type=PACK pickup=PICK-3 dropoff=PACK-2
20260905_113629_48895a,919,task_created,,G00350,type=SHIP pickup=STAGING dropoff=DOCK-2
20260905_113629_48895a,923,task_completed,R3,G00344,
20260905_113629_48895a,923,task_created,,G00351,type=PUTAWAY pickup=RECV dropoff=F-04
20260905_113629_48895a,924,task_assigned,R3,G00350,
20260905_113629_48895a,925,task_created,,G00352,type=PICK pickup=C-08 dropoff=PICK-1
20260905_113629_48895a,926,task_completed,R2,G00336,
20260905_113629_48895a,927,task_completed,R11,G00341,
20260905_113629_48895a,927,task_assigned,R2,G00349,
20260905_113629_48895a,928,task_assigned,R11,G00352,
20260905_113629_48895a,929,task_completed,R3,G00350,
20260905_113629_48895a,930,task_assigned,R8,G00260,
20260905_113629_48895a,930,task_assigned,R3,G00262,
20260905_113629_48895a,931,task_completed,R12,G00325,
20260905_113629_48895a,931,task_created,,G00353,type=PUTAWAY pickup=RECV dropoff=H-06
20260905_113629_48895a,931,task_created,,G00354,type=PACK pickup=PICK-1 dropoff=PACK-1
20260905_113629_48895a,932,task_assigned,R12,G00354,
20260905_113629_48895a,933,task_completed,R10,G00337,
20260905_113629_48895a,933,task_created,,G00355,type=SHIP pickup=STAGING dropoff=DOCK-2
20260905_113629_48895a,934,task_assigned,R10,G00355,
20260905_113629_48895a,935,task_created,,G00356,type=PICK pickup=B-02 dropoff=PICK-3
20260905_113629_48895a,937,task_completed,R13,G00348,
20260905_113629_48895a,938,task_completed,R1,G00256,
20260905_113629_48895a,938,task_assigned,R13,G00356,
20260905_113629_48895a,939,task_assigned,R1,G00266,
20260905_113629_48895a,939,task_created,,G00357,type=PUTAWAY pickup=BUFFER dropoff=C-04
20260905_113629_48895a,943,task_created,,G00358,type=PACK pickup=PICK-1 dropoff=PACK-2
20260905_113629_48895a,944,task_completed,R4,G00329,
20260905_113629_48895a,945,task_assigned,R4,G00358,
20260905_113629_48895a,945,task_created,,G00359,type=PICK pickup=B-03 dropoff=PICK-1
20260905_113629_48895a,946,task_completed,R5,G00253,
20260905_113629_48895a,947,task_created,,G00360,type=PUTAWAY pickup=BUFFER dropoff=G-06
20260905_113629_48895a,947,task_created,,G00361,type=SHIP pickup=STAGING dropoff=DOCK-2
20260905_113629_48895a,947,task_assigned,R5,G00361,
20260905_113629_48895a,949,task_completed,R6,G00340,
20260905_113629_48895a,950,task_completed,R2,G00349,
20260905_113629_48895a,950,task_assigned,R6,G00359,
20260905_113629_48895a,951,task_assigned,R2,G00269,
20260905_113629_48895a,952,task_completed,R10,G00355,
20260905_113629_48895a,953,task_assigned,R10,G00271,
20260905_113629_48895a,955,task_completed,R7,G00251,
20260905_113629_48895a,955,task_completed,R12,G00354,
20260905_113629_48895a,955,task_created,,G00362,type=PUTAWAY pickup=RECV dropoff=H-01
20260905_113629_48895a,955,task_created,,G00363,type=PICK pickup=E-07 dropoff=PICK-3
20260905_113629_48895a,955,task_created,,G00364,type=PACK pickup=PICK-2 dropoff=PACK-2
20260905_113629_48895a,956,task_assigned,R7,G00363,
20260905_113629_48895a,956,task_assigned,R12,G00364,
20260905_113629_48895a,960,task_completed,R9,G00343,
20260905_113629_48895a,961,task_created,,G00365,type=SHIP pickup=STAGING dropoff=DOCK-1
20260905_113629_48895a,961,task_assigned,R9,G00365,
20260905_113629_48895a,962,task_completed,R1,G00266,
20260905_113629_48895a,963,task_assigned,R1,G00274,
20260905_113629_48895a,963,task_completed,R13,G00356,
20260905_113629_48895a,963,task_created,,G00366,type=PUTAWAY pickup=BUFFER dropoff=D-04
20260905_113629_48895a,964,task_assigned,R13,G00278,
20260905_113629_48895a,965,task_created,,G00367,type=PICK pickup=E-02 dropoff=PICK-3
20260905_113629_48895a,967,task_completed,R5,G00361,
20260905_113629_48895a,967,task_created,,G00368,type=PACK pickup=PICK-1 dropoff=PACK-1
20260905_113629_48895a,968,task_assigned,R5,G00368,
20260905_113629_48895a,971,task_created,,G00369,type=PUTAWAY pickup=BUFFER dropoff=C-07
20260905_113629_48895a,972,task_completed,R12,G00364,
20260905_113629_48895a,973,task_assigned,R12,G00367,
20260905_113629_48895a,975,task_completed,R8,G00260,
20260905_113629_48895a,975,task_created,,G00370,type=PICK pickup=B-02 dropoff=PICK-1
20260905_113629_48895a,975,task_created,,G00371,type=SHIP pickup=STAGING dropoff=DOCK-2
20260905_113629_48895a,976,task_assigned,R8,G00371,
20260905_113629_48895a,979,task_completed,R9,G00365,
20260905_113629_48895a,979,task_created,,G00372,type=PUTAWAY pickup=RECV dropoff=H-05
20260905_113629_48895a,979,task_created,,G00373,type=PACK pickup=PICK-2 dropoff=PACK-1
20260905_113629_48895a,980,task_completed,R3,G00262,
20260905_113629_48895a,980,task_completed,R4,G00358,
20260905_113629_48895a,980,task_assigned,R9,G00373,
20260905_113629_48895a,981,task_assigned,R3,G00281,
20260905_113629_48895a,981,task_assigned,R4,G00370,
20260905_113629_48895a,985,task_created,,G00374,type=PICK pickup=D-06 dropoff=PICK-2
20260905_113629_48895a,986,task_completed,R1,G00274,
20260905_113629_48895a,987,task_assigned,R1,G00374,
20260905_113629_48895a,987,task_created,,G00375,type=PUTAWAY pickup=RECV dropoff=H-03
20260905_113629_48895a,989,task_created,,G00376,type=SHIP pickup=STAGING dropoff=DOCK-1
20260905_113629_48895a,991,task_created,,G00377,type=PACK pickup=PICK-2 dropoff=PACK-1
20260905_113629_48895a,993,task_completed,R2,G00269,
20260905_113629_48895a,993,task_completed,R11,G00352,
20260905_113629_48895a,994,task_completed,R9,G00373,
20260905_113629_48895a,994,task_assigned,R11,G00376,
20260905_113629_48895a,994,task_assigned,R2,G00377,
20260905_113629_48895a,995,task_completed,R8,G00371,
20260905_113629_48895a,995,task_created,,G00378,type=PUTAWAY pickup=RECV dropoff=B-07
20260905_113629_48895a,995,task_created,,G00379,type=PICK pickup=D-05 dropoff=PICK-3
20260905_113629_48895a,995,task_assigned,R9,G00379,
20260905_113629_48895a,996,task_assigned,R8,G00284,
20260905_113629_48895a,997,task_completed,R5,G00368,
20260905_113629_48895a,998,task_assigned,R5,G00287,
20260905_113629_48895a,1003,task_created,,G00380,type=PUTAWAY pickup=BUFFER dropoff=E-03
20260905_113629_48895a,1003,task_created,,G00381,type=PACK pickup=PICK-1 dropoff=PACK-1
20260905_113629_48895a,1003,task_created,,G00382,type=SHIP pickup=STAGING dropoff=DOCK-1
20260905_113629_48895a,1004,task_completed,R4,G00370,
20260905_113629_48895a,1005,task_completed,R6,G00359,
20260905_113629_48895a,1005,task_assigned,R4,G00382,
20260905_113629_48895a,1005,task_created,,G00383,type=PICK pickup=E-08 dropoff=PICK-3
20260905_113629_48895a,1006,task_completed,R10,G00271,
20260905_113629_48895a,1006,task_assigned,R6,G00381,
20260905_113629_48895a,1007,task_assigned,R10,G00383,
20260905_113629_48895a,1010,task_completed,R1,G00374,
20260905_113629_48895a,1011,task_assigned,R1,G00289,
20260905_113629_48895a,1011,task_completed,R11,G00376,
20260905_113629_48895a,1011,task_created,,G00384,type=PUTAWAY pickup=RECV dropoff=H-01
20260905_113629_48895a,1012,task_assigned,R11,G00293,
20260905_113629_48895a,1015,task_completed,R2,G00377,
20260905_113629_48895a,1015,task_created,,G00385,type=PICK pickup=B-08 dropoff=PICK-2
20260905_113629_48895a,1015,task_created,,G00386,type=PACK pickup=PICK-3 dropoff=PACK-2
20260905_113629_48895a,1016,task_completed,R6,G00381,
20260905_113629_48895a,1016,task_assigned,R2,G00386,
20260905_113629_48895a,1017,task_created,,G00387,type=SHIP pickup=STAGING dropoff=DOCK-2
20260905_113629_48895a,1017,task_assigned,R6,G00387,
20260905_113629_48895a,1019,task_created,,G00388,type=PUTAWAY pickup=RECV dropoff=H-01
20260905_113629_48895a,1021,task_completed,R4,G00382,
20260905_113629_48895a,1022,task_completed,R7,G00363,
20260905_113629_48895a,1022,task_assigned,R4,G00385,
20260905_113629_48895a,1023,task_assigned,R7,G00296,
20260905_113629_48895a,1023,task_completed,R6,G00387,
20260905_113629_48895a,1024,task_assigned,R6,G00299,
20260905_113629_48895a,1025,task_completed,R13,G00278,
20260905_113629_48895a,1025,task_created,,G00389,type=PICK pickup=B-03 dropoff=PICK-3
20260905_113629_48895a,1026,task_completed,R9,G00379,
20260905_113629_48895a,1026,task_assigned,R13,G00389,
20260905_113629_48895a,1027,task_created,,G00390,type=PUTAWAY pickup=BUFFER dropoff=G-08
20260905_113629_48895a,1027,task_created,,G00391,type=PACK pickup=PICK-3 dropoff=PACK-2
20260905_113629_48895a,1027,task_assigned,R9,G00391,
20260905_113629_48895a,1029,task_completed,R3,G00281,
20260905_113629_48895a,1030,task_assigned,R3,G00302,
20260905_113629_48895a,1031,task_created,,G00392,type=SHIP pickup=STAGING dropoff=DOCK-1
20260905_113629_48895a,1035,task_completed,R9,G00391,
20260905_113629_48895a,1035,task_created,,G00393,type=PUTAWAY pickup=BUFFER dropoff=D-06
20260905_113629_48895a,1035,task_created,,G00394,type=PICK pickup=A-03 dropoff=PICK-3
20260905_113629_48895a,1036,task_assigned,R9,G00392,
20260905_113629_48895a,1038,task_interrupted,R2,G00386,
20260905_113629_48895a,1039,task_created,,G00395,type=PACK pickup=PICK-2 dropoff=PACK-1
20260905_113629_48895a,1040,task_completed,R5,G00287,
20260905_113629_48895a,1041,task_assigned,R5,G00386,
20260905_113629_48895a,1042,task_completed,R11,G00293,
20260905_113629_48895a,1043,task_completed,R9,G00392,
20260905_113629_48895a,1043,task_assigned,R11,G00395,
20260905_113629_48895a,1043,task_created,,G00396,type=PUTAWAY pickup=BUFFER dropoff=H-05
20260905_113629_48895a,1044,task_assigned,R9,G00394,
20260905_113629_48895a,1045,task_completed,R12,G00367,
20260905_113629_48895a,1045,task_created,,G00397,type=PICK pickup=H-01 dropoff=PICK-2
20260905_113629_48895a,1045,task_created,,G00398,type=SHIP pickup=STAGING dropoff=DOCK-2
20260905_113629_48895a,1046,task_assigned,R12,G00398,
20260905_113629_48895a,1048,task_completed,R1,G00289,
20260905_113629_48895a,1049,task_assigned,R1,G00397,
20260905_113629_48895a,1051,task_completed,R10,G00383,
20260905_113629_48895a,1051,task_created,,G00399,type=PUTAWAY pickup=RECV dropoff=B-04
20260905_113629_48895a,1051,task_created,,G00400,type=PACK pickup=PICK-2 dropoff=PACK-2
20260905_113629_48895a,1052,task_assigned,R10,G00400,
20260905_113629_48895a,1053,task_completed,R5,G00386,
20260905_113629_48895a,1054,task_assigned,R5,G00305,
20260905_113629_48895a,1055,task_created,,G00401,type=PICK pickup=G-05 dropoff=PICK-2
20260905_113629_48895a,1057,task_completed,R6,G00299,
20260905_113629_48895a,1058,task_interrupted,R3,G00302,
20260905_113629_48895a,1058,task_assigned,R6,G00401,
20260905_113629_48895a,1059,task_completed,R4,G00385,
20260905_113629_48895a,1059,task_created,,G00402,type=PUTAWAY pickup=RECV dropoff=B-06
20260905_113629_48895a,1059,task_created,,G00403,type=SHIP pickup=STAGING dropoff=DOCK-2
20260905_113629_48895a,1060,task_assigned,R4,G00403,
20260905_113629_48895a,1063,task_completed,R12,G00398,
20260905_113629_48895a,1063,task_created,,G00404,type=PACK pickup=PICK-2 dropoff=PACK-2
20260905_113629_48895a,1064,task_assigned,R12,G00404,
20260905_113629_48895a,1065,task_created,,G00405,type=PICK pickup=E-05 dropoff=PICK-3
20260905_113629_48895a,1067,task_assigned,R2,G00405,
20260905_113629_48895a,1067,task_created,,G00406,type=PUTAWAY pickup=RECV dropoff=A-05
20260905_113629_48895a,1070,task_completed,R10,G00400,
20260905_113629_48895a,1071,task_completed,R11,G00395,
20260905_113629_48895a,1072,task_assigned,R11,G00302,
20260905_113629_48895a,1072,task_assigned,R10,G00308,
20260905_113629_48895a,1072,task_completed,R4,G00403,
20260905_113629_48895a,1073,task_interrupted,R1,G00397,
20260905_113629_48895a,1073,task_created,,G00407,type=SHIP pickup=STAGING dropoff=DOCK-1
20260905_113629_48895a,1073,task_assigned,R4,G00407,
20260905_113629_48895a,1075,task_created,,G00408,type=PUTAWAY pickup=RECV dropoff=E-01
20260905_113629_48895a,1075,task_created,,G00409,type=PICK pickup=F-02 dropoff=PICK-1
20260905_113629_48895a,1075,task_created,,G00410,type=PACK pickup=PICK-2 dropoff=PACK-1
20260905_113629_48895a,1078,task_interrupted,R10,G00308,
20260905_113629_48895a,1078,task_completed,R4,G00407,
20260905_113629_48895a,1079,task_completed,R7,G00296,
20260905_113629_48895a,1079,task_completed,R12,G00404,
20260905_113629_48895a,1079,task_assigned,R4,G00410,
20260905_113629_48895a,1080,task_completed,R13,G00389,
20260905_113629_48895a,1080,task_assigned,R7,G00397,
20260905_113629_48895a,1080,task_assigned,R12,G00409,
20260905_113629_48895a,1081,task_assigned,R13,G00308,
20260905_113629_48895a,1083,task_completed,R9,G00394,
20260905_113629_48895a,1083,task_created,,G00411,type=PUTAWAY pickup=RECV dropoff=G-05
20260905_113629_48895a,1084,task_assigned,R9,G00311,
20260905_113629_48895a,1085,task_created,,G00412,type=PICK pickup=A-07 dropoff=PICK-1
20260905_113629_48895a,1086,task_interrupted,R6,G00401,
20260905_113629_48895a,1087,task_created,,G00413,type=PACK pickup=PICK-3 dropoff=PACK-2
20260905_113629_48895a,1087,task_created,,G00414,type=SHIP pickup=STAGING dropoff=DOCK-2
20260905_113629_48895a,1091,task_assigned,R3,G00414,
20260905_113629_48895a,1091,task_created,,G00415,type=PUTAWAY pickup=BUFFER dropoff=D-03
20260905_113629_48895a,1094,task_completed,R4,G00410,
20260905_113629_48895a,1095,task_assigned,R4,G00413,
20260905_113629_48895a,1095,task_created,,G00416,type=PICK pickup=E-03 dropoff=PICK-3
20260905_113629_48895a,1099,task_created,,G00417,type=PUTAWAY pickup=BUFFER dropoff=E-05
20260905_113629_48895a,1099,task_created,,G00418,type=PACK pickup=PICK-2 dropoff=PACK-2
20260905_113629_48895a,1101,task_completed,R13,G00308,
20260905_113629_48895a,1101,task_created,,G00419,type=SHIP pickup=STAGING dropoff=DOCK-1
20260905_113629_48895a,1102,task_assigned,R13,G00419,
20260905_113629_48895a,1103,task_completed,R5,G00305,
20260905_113629_48895a,1103,task_completed,R7,G00397,
20260905_113629_48895a,1104,task_assigned,R5,G00401,
20260905_113629_48895a,1104,task_assigned,R7,G00418,
20260905_113629_48895a,1105,task_completed,R12,G00409,
20260905_113629_48895a,1105,task_interrupted,R13,G00419,
20260905_113629_48895a,1105,task_created,,G00420,type=PICK pickup=D-07 dropoff=PICK-3
20260905_113629_48895a,1106,task_assigned,R12,G00419,
20260905_113629_48895a,1107,task_completed,R3,G00414,
20260905_113629_48895a,1107,task_created,,G00421,type=PUTAWAY pickup=BUFFER dropoff=E-08
20260905_113629_48895a,1108,task_assigned,R3,G00412,
20260905_113629_48895a,1109,task_assigned,R1,G00416,
20260905_113629_48895a,1110,task_completed,R7,G00418,
20260905_113629_48895a,1111,task_created,,G00422,type=PACK pickup=PICK-3 dropoff=PACK-1
20260905_113629_48895a,1111,task_assigned,R7,G00422,
20260905_113629_48895a,1114,task_interrupted,R11,G00302,
20260905_113629_48895a,1115,task_created,,G00423,type=PUTAWAY pickup=RECV dropoff=B-04
20260905_113629_48895a,1115,task_created,,G00424,type=PICK pickup=D-05 dropoff=PICK-1
20260905_113629_48895a,1115,task_created,,G00425,type=SHIP pickup=STAGING dropoff=DOCK-1
20260905_113629_48895a,1117,task_completed,R2,G00405,
20260905_113629_48895a,1117,task_completed,R4,G00413,
20260905_113629_48895a,1118,task_completed,R5,G00401,
20260905_113629_48895a,1118,task_assigned,R2,G00420,
20260905_113629_48895a,1118,task_assigned,R4,G00424,
20260905_113629_48895a,1118,task_assigned,R10,G00425,
20260905_113629_48895a,1119,task_assigned,R5,G00302,
20260905_113629_48895a,1119,task_interrupted,R12,G00419,
20260905_113629_48895a,1121,task_completed,R9,G00311,
20260905_113629_48895a,1122,task_assigned,R9,G00419,
20260905_113629_48895a,1123,task_created,,G00426,type=PUTAWAY pickup=BUFFER dropoff=H-08
20260905_113629_48895a,1123,task_created,,G00427,type=PACK pickup=PICK-3 dropoff=PACK-2
20260905_113629_48895a,1123,task_assigned,R6,G00427,
20260905_113629_48895a,1125,task_interrupted,R5,G00302,
20260905_113629_48895a,1125,task_created,,G00428,type=PICK pickup=E-03 dropoff=PICK-2
20260905_113629_48895a,1128,task_interrupted,R9,G00419,
20260905_113629_48895a,1129,task_created,,G00429,type=SHIP pickup=STAGING dropoff=DOCK-2
20260905_113629_48895a,1131,task_created,,G00430,type=PUTAWAY pickup=BUFFER dropoff=H-03
20260905_113629_48895a,1133,task_interrupted,R4,G00424,
20260905_113629_48895a,1134,task_completed,R10,G00425,
20260905_113629_48895a,1135,task_assigned,R10,G00419,
20260905_113629_48895a,1135,task_completed,R7,G00422,
20260905_113629_48895a,1135,task_created,,G00431,type=PICK pickup=C-03 dropoff=PICK-2
20260905_113629_48895a,1135,task_created,,G00432,type=PACK pickup=PICK-1 dropoff=PACK-1
20260905_113629_48895a,1136,task_interrupted,,G00429,
20260905_113629_48895a,1137,task_completed,R3,G00412,
20260905_113629_48895a,1138,task_assigned,R13,G00429,
20260905_113629_48895a,1138,task_assigned,R3,G00432,
20260905_113629_48895a,1139,task_created,,G00433,type=PUTAWAY pickup=BUFFER dropoff=E-04
20260905_113629_48895a,1140,task_completed,R10,G00419,
20260905_113629_48895a,1141,task_completed,R8,G00284,
20260905_113629_48895a,1141,task_assigned,R10,G00424,
20260905_113629_48895a,1142,task_assigned,R8,G00428,
20260905_113629_48895a,1143,task_completed,R2,G00420,
20260905_113629_48895a,1143,task_created,,G00434,type=SHIP pickup=STAGING dropoff=DOCK-2
20260905_113629_48895a,1144,task_assigned,R2,G00431,
20260905_113629_48895a,1144,task_assigned,R12,G00434,
20260905_113629_48895a,1145,task_created,,G00435,type=PICK pickup=E-03 dropoff=PICK-1
20260905_113629_48895a,1147,task_created,,G00436,type=PUTAWAY pickup=RECV dropoff=E-07
20260905_113629_48895a,1147,task_created,,G00437,type=PACK pickup=PICK-3 dropoff=PACK-2
20260905_113629_48895a,1149,task_interrupted,R8,G00428,
20260905_113629_48895a,1150,task_completed,R3,G00432,
20260905_113629_48895a,1151,task_assigned,R3,G00437,
20260905_113629_48895a,1154,task_completed,R13,G00429,
20260905_113629_48895a,1155,task_assigned,R13,G00428,
20260905_113629_48895a,1155,task_created,,G00438,type=PUTAWAY pickup=BUFFER dropoff=H-02
20260905_113629_48895a,1155,task_created,,G00439,type=PICK pickup=H-06 dropoff=PICK-2
20260905_113629_48895a,1157,task_assigned,R11,G00302,
20260905_113629_48895a,1157,task_created,,G00440,type=SHIP pickup=STAGING dropoff=DOCK-2
20260905_113629_48895a,1159,task_completed,R2,G00431,
20260905_113629_48895a,1159,task_created,,G00441,type=PACK pickup=PICK-2 dropoff=PACK-2
20260905_113629_48895a,1160,task_completed,R12,G00434,
20260905_113629_48895a,1160,task_assigned,R2,G00440,
20260905_113629_48895a,1161,task_assigned,R12,G00441,
20260905_113629_48895a,1162,task_assigned,R5,G00435,
20260905_113629_48895a,1163,task_completed,R1,G00416,
20260905_113629_48895a,1163,task_completed,R6,G00427,
20260905_113629_48895a,1163,task_created,,G00442,type=PUTAWAY pickup=BUFFER dropoff=D-07
20260905_113629_48895a,1164,task_assigned,R1,G00315,
20260905_113629_48895a,1164,task_assigned,R6,G00439,
20260905_113629_48895a,1165,task_created,,G00443,type=PICK pickup=G-02 dropoff=PICK-1
20260905_113629_48895a,1168,task_assigned,R7,G00443,
20260905_113629_48895a,1171,task_created,,G00444,type=PUTAWAY pickup=RECV dropoff=A-06
20260905_113629_48895a,1171,task_created,,G00445,type=PACK pickup=PICK-2 dropoff=PACK-2
20260905_113629_48895a,1171,task_created,,G00446,type=SHIP pickup=STAGING dropoff=DOCK-2
20260905_113629_48895a,1173,task_completed,R3,G00437,
20260905_113629_48895a,1173,task_completed,R2,G00440,
20260905_113629_48895a,1174,task_assigned,R2,G00445,
20260905_113629_48895a,1174,task_assigned,R3,G00446,
20260905_113629_48895a,1175,task_created,,G00447,type=PICK pickup=C-04 dropoff=PICK-2
20260905_113629_48895a,1178,task_completed,R12,G00441,
20260905_113629_48895a,1179,task_assigned,R12,G00447,
20260905_113629_48895a,1179,task_created,,G00448,type=PUTAWAY pickup=BUFFER dropoff=C-01
20260905_113629_48895a,1181,task_assigned,R4,G00316,
20260905_113629_48895a,1183,task_created,,G00449,type=PACK pickup=PICK-3 dropoff=PACK-2
20260905_113629_48895a,1184,task_completed,R10,G00424,
20260905_113629_48895a,1184,task_completed,R3,G00446,
20260905_113629_48895a,1184,task_assigned,R8,G00449,
20260905_113629_48895a,1185,task_created,,G00450,type=PICK pickup=B-05 dropoff=PICK-2
20260905_113629_48895a,1185,task_assigned,R3,G00450,
20260905_113629_48895a,1185,task_created,,G00451,type=SHIP pickup=STAGING dropoff=DOCK-2
20260905_113629_48895a,1185,task_assigned,R10,G00451,
20260905_113629_48895a,1186,task_assigned,R9,G00320,
20260905_113629_48895a,1186,task_completed,R13,G00428,
20260905_113629_48895a,1187,task_assigned,R13,G00324,
20260905_113629_48895a,1187,task_created,,G00452,type=PUTAWAY pickup=BUFFER dropoff=C-03
20260905_113629_48895a,1190,task_completed,R11,G00302,
20260905_113629_48895a,1190,task_completed,R6,G00439,
20260905_113629_48895a,1191,task_assigned,R11,G00326,
20260905_113629_48895a,1191,task_assigned,R6,G00330,
20260905_113629_48895a,1194,task_completed,R5,G00435,
20260905_113629_48895a,1194,task_completed,R2,G00445,
20260905_113629_48895a,1195,task_created,,G00453,type=PUTAWAY pickup=RECV dropoff=C-04
20260905_113629_48895a,1195,task_created,,G00454,type=PICK pickup=B-02 dropoff=PICK-2
20260905_113629_48895a,1195,task_assigned,R2,G00454,
20260905_113629_48895a,1195,task_created,,G00455,type=PACK pickup=PICK-2 dropoff=PACK-2
20260905_113629_48895a,1195,task_assigned,R5,G00455,
20260905_113629_48895a,1198,task_completed,R1,G00315,
20260905_113629_48895a,1199,task_created,,G00456,type=SHIP pickup=STAGING dropoff=DOCK-1
20260905_113629_48895a,1199,task_assigned,R1,G00456,
20260905_113629_48895a,1201,task_completed,R12,G00447,
20260905_113629_48895a,1202,task_assigned,R12,G00332,
20260905_113629_48895a,1203,task_created,,G00457,type=PUTAWAY pickup=RECV dropoff=G-01
20260905_113629_48895a,1204,task_completed,R10,G00451,
20260905_113629_48895a,1205,task_created,,G00458,type=PICK pickup=F-01 dropoff=PICK-3
20260905_113629_48895a,1205,task_assigned,R10,G00458,
20260905_113629_48895a,1207,task_created,,G00459,type=PACK pickup=PICK-3 dropoff=PACK-2
20260905_113629_48895a,1210,task_completed,R13,G00324,
20260905_113629_48895a,1211,task_completed,R7,G00443,
20260905_113629_48895a,1211,task_completed,R3,G00450,
20260905_113629_48895a,1211,task_completed,R5,G00455,
20260905_113629_48895a,1211,task_assigned,R13,G00459,
20260905_113629_48895a,1211,task_created,,G00460,type=PUTAWAY pickup=BUFFER dropoff=B-01
20260905_113629_48895a,1212,task_assigned,R7,G00335,
20260905_113629_48895a,1212,task_assigned,R5,G00338,
20260905_113629_48895a,1212,task_assigned,R3,G00342,
20260905_113629_48895a,1213,task_created,,G00461,type=SHIP pickup=STAGING dropoff=DOCK-2
20260905_113629_48895a,1215,task_created,,G00462,type=PICK pickup=D-06 dropoff=PICK-3
20260905_113629_48895a,1218,task_completed,R2,G00454,
20260905_113629_48895a,1219,task_assigned,R2,G00461,
20260905_113629_48895a,1219,task_created,,G00463,type=PUTAWAY pickup=BUFFER dropoff=G-08
20260905_113629_48895a,1219,task_created,,G00464,type=PACK pickup=PICK-1 dropoff=PACK-1
20260905_113629_48895a,1220,task_completed,R11,G00326,
20260905_113629_48895a,1220,task_completed,R8,G00449,
20260905_113629_48895a,1221,task_assigned,R11,G00462,
20260905_113629_48895a,1221,task_assigned,R8,G00464,
20260905_113629_48895a,1223,task_completed,R1,G00456,
20260905_113629_48895a,1224,task_assigned,R1,G00345,
20260905_113629_48895a,1225,task_created,,G00465,type=PICK pickup=H-01 dropoff=PICK-1
20260905_113629_48895a,1227,task_completed,R2,G00461,
20260905_113629_48895a,1227,task_created,,G00466,type=PUTAWAY pickup=RECV dropoff=A-04
20260905_113629_48895a,1227,task_created,,G00467,type=SHIP pickup=STAGING dropoff=DOCK-2
20260905_113629_48895a,1228,task_assigned,R2,G00467,
20260905_113629_48895a,1231,task_created,,G00468,type=PACK pickup=PICK-1 dropoff=PACK-2
20260905_113629_48895a,1233,task_completed,R12,G00332,
20260905_113629_48895a,1233,task_completed,R2,G00467,
20260905_113629_48895a,1234,task_assigned,R2,G00465,
20260905_113629_48895a,1234,task_assigned,R12,G00468,
20260905_113629_48895a,1235,task_created,,G00469,type=PUTAWAY pickup=RECV dropoff=F-08
20260905_113629_48895a,1235,task_created,,G00470,type=PICK pickup=G-08 dropoff=PICK-1
20260905_113629_48895a,1238,task_completed,R6,G00330,
20260905_113629_48895a,1238,task_completed,R7,G00335,
20260905_113629_48895a,1239,task_assigned,R6,G00347,
20260905_113629_48895a,1239,task_assigned,R7,G00470,
20260905_113629_48895a,1240,task_completed,R13,G00459,
20260905_113629_48895a,1241,task_completed,R10,G00458,
20260905_113629_48895a,1241,task_created,,G00471,type=SHIP pickup=STAGING dropoff=DOCK-2
20260905_113629_48895a,1241,task_assigned,R13,G00471,
20260905_113629_48895a,1242,task_completed,R9,G00320,
20260905_113629_48895a,1242,task_assigned,R10,G00351,
20260905_113629_48895a,1243,task_created,,G00472,type=PUTAWAY pickup=BUFFER dropoff=C-06
20260905_113629_48895a,1243,task_created,,G00473,type=PACK pickup=PICK-1 dropoff=PACK-1
20260905_113629_48895a,1243,task_assigned,R9,G00473,
20260905_113629_48895a,1244,task_completed,R5,G00338,
20260905_113629_48895a,1245,task_completed,R8,G00464,
20260905_113629_48895a,1245,task_created,,G00474,type=PICK pickup=G-01 dropoff=PICK-3
20260905_113629_48895a,1245,task_assigned,R5,G00474,
20260905_113629_48895a,1246,task_assigned,R8,G00353,
20260905_113629_48895a,1248,task_completed,R13,G00471,
20260905_113629_48895a,1249,task_assigned,R13,G00357,
20260905_113629_48895a,1251,task_created,,G00475,type=PUTAWAY pickup=BUFFER dropoff=H-08
20260905_113629_48895a,1252,task_completed,R1,G00345,
20260905_113629_48895a,1252,task_completed,R11,G00462,
20260905_113629_48895a,1253,task_assigned,R11,G00360,
20260905_113629_48895a,1253,task_assigned,R1,G00362,
20260905_113629_48895a,1255,task_created,,G00476,type=PICK pickup=C-03 dropoff=PICK-1
20260905_113629_48895a,1255,task_created,,G00477,type=PACK pickup=PICK-2 dropoff=PACK-2
20260905_113629_48895a,1255,task_created,,G00478,type=SHIP pickup=STAGING dropoff=DOCK-2
20260905_113629_48895a,1259,task_completed,R12,G00468,
20260905_113629_48895a,1259,task_created,,G00479,type=PUTAWAY pickup=BUFFER dropoff=H-04
20260905_113629_48895a,1260,task_assigned,R12,G00478,
20260905_113629_48895a,1263,task_completed,R6,G00347,
20260905_113629_48895a,1264,task_assigned,R6,G00477,
20260905_113629_48895a,1265,task_completed,R7,G00470,
20260905_113629_48895a,1265,task_created,,G00480,type=PICK pickup=E-05 dropoff=PICK-3
20260905_113629_48895a,1266,task_assigned,R7,G00476,
20260905_113629_48895a,1267,task_completed,R12,G00478,
20260905_113629_48895a,1267,task_created,,G00481,type=PUTAWAY pickup=BUFFER dropoff=B-02
20260905_113629_48895a,1267,task_created,,G00482,type=PACK pickup=PICK-2 dropoff=PACK-2
20260905_113629_48895a,1268,task_assigned,R12,G00482,
20260905_113629_48895a,1269,task_created,,G00483,type=SHIP pickup=STAGING dropoff=DOCK-2
20260905_113629_48895a,1275,task_completed,R5,G00474,
20260905_113629_48895a,1275,task_created,,G00484,type=PUTAWAY pickup=RECV dropoff=H-03
20260905_113629_48895a,1275,task_created,,G00485,type=PICK pickup=E-07 dropoff=PICK-1
20260905_113629_48895a,1276,task_completed,R11,G00360,
20260905_113629_48895a,1276,task_assigned,R5,G00483,
20260905_113629_48895a,1277,task_assigned,R11,G00480,
20260905_113629_48895a,1279,task_created,,G00486,type=PACK pickup=PICK-2 dropoff=PACK-2
20260905_113629_48895a,1280,task_completed,R2,G00465,
20260905_113629_48895a,1281,task_completed,R9,G00473,
20260905_113629_48895a,1281,task_assigned,R2,G00486,
20260905_113629_48895a,1282,task_assigned,R9,G00485,
20260905_113629_48895a,1283,task_created,,G00487,type=PUTAWAY pickup=BUFFER dropoff=D-07
20260905_113629_48895a,1283,task_created,,G00488,type=SHIP pickup=STAGING dropoff=DOCK-2
20260905_113629_48895a,1284,task_completed,R1,G00362,
20260905_113629_48895a,1284,task_interrupted,R2,G00486,
20260905_113629_48895a,1285,task_completed,R12,G00482,
20260905_113629_48895a,1285,task_assigned,R1,G00488,
20260905_113629_48895a,1285,task_created,,G00489,type=PICK pickup=E-06 dropoff=PICK-3
20260905_113629_48895a,1286,task_assigned,R12,G00486,
20260905_113629_48895a,1289,task_completed,R4,G00316,
20260905_113629_48895a,1290,task_completed,R6,G00477,
20260905_113629_48895a,1290,task_assigned,R4,G00489,
20260905_113629_48895a,1291,task_created,,G00490,type=PUTAWAY pickup=RECV dropoff=A-03
20260905_113629_48895a,1291,task_created,,G00491,type=PACK pickup=PICK-3 dropoff=PACK-2
20260905_113629_48895a,1291,task_assigned,R6,G00491,
20260905_113629_48895a,1292,task_completed,R5,G00483,
20260905_113629_48895a,1293,task_assigned,R5,G00366,
20260905_113629_48895a,1295,task_created,,G00492,type=PICK pickup=E-04 dropoff=PICK-1
20260905_113629_48895a,1297,task_created,,G00493,type=SHIP pickup=STAGING dropoff=DOCK-2
20260905_113629_48895a,1299,task_completed,R13,G00357,
20260905_113629_48895a,1299,task_completed,R12,G00486,
20260905_113629_48895a,1299,task_created,,G00494,type=PUTAWAY pickup=RECV dropoff=D-06
20260905_113629_48895a,1300,task_assigned,R13,G00492,
20260905_113629_48895a,1300,task_assigned,R12,G00493,
20260905_113629_48895a,1303,task_completed,R7,G00476,
20260905_113629_48895a,1303,task_created,,G00495,type=PACK pickup=PICK-3 dropoff=PACK-2
20260905_113629_48895a,1304,task_assigned,R7,G00495,
20260905_113629_48895a,1305,task_completed,R10,G00351,
20260905_113629_48895a,1305,task_completed,R8,G00353,
20260905_113629_48895a,1305,task_created,,G00496,type=PICK pickup=D-05 dropoff=PICK-3
20260905_113629_48895a,1306,task_assigned,R10,G00369,
20260905_113629_48895a,1306,task_completed,R1,G00488,
20260905_113629_48895a,1306,task_assigned,R8,G00496,
20260905_113629_48895a,1307,task_completed,R3,G00342,
20260905_113629_48895a,1307,task_created,,G00497,type=PUTAWAY pickup=BUFFER dropoff=E-01
20260905_113629_48895a,1308,task_completed,R6,G00491,
20260905_113629_48895a,1309,task_assigned,R2,G00372,
20260905_113629_48895a,1309,task_assigned,R6,G00375,
20260905_113629_48895a,1309,task_assigned,R3,G00378,
20260905_113629_48895a,1309,task_completed,R12,G00493,
20260905_113629_48895a,1310,task_assigned,R12,G00380,
20260905_113629_48895a,1310,task_completed,R9,G00485,
20260905_113629_48895a,1311,task_created,,G00498,type=SHIP pickup=STAGING dropoff=DOCK-1
20260905_113629_48895a,1311,task_assigned,R9,G00498,
20260905_113629_48895a,1312,task_completed,R8,G00496,
20260905_113629_48895a,1313,task_assigned,R8,G00384,
20260905_113629_48895a,1315,task_interrupted,R3,G00378,
20260905_113629_48895a,1315,task_created,,G00499,type=PUTAWAY pickup=BUFFER dropoff=E-08
20260905_113629_48895a,1315,task_created,,G00500,type=PICK pickup=H-01 dropoff=PICK-1
20260905_113629_48895a,1315,task_created,,G00501,type=PACK pickup=PICK-3 dropoff=PACK-2
20260905_113629_48895a,1315,task_assigned,R1,G00501,
20260905_113629_48895a,1319,task_completed,R13,G00492,
20260905_113629_48895a,1320,task_assigned,R13,G00500,
20260905_113629_48895a,1323,task_created,,G00502,type=PUTAWAY pickup=BUFFER dropoff=B-04
20260905_113629_48895a,1325,task_completed,R5,G00366,
20260905_113629_48895a,1325,task_created,,G00503,type=PICK pickup=E-06 dropoff=PICK-2
20260905_113629_48895a,1325,task_created,,G00504,type=SHIP pickup=STAGING dropoff=DOCK-1
20260905_113629_48895a,1326,task_assigned,R5,G00504,
20260905_113629_48895a,1327,task_completed,R10,G00369,
20260905_113629_48895a,1327,task_completed,R9,G00498,
20260905_113629_48895a,1327,task_created,,G00505,type=PACK pickup=PICK-1 dropoff=PACK-1
20260905_113629_48895a,1328,task_assigned,R10,G00503,
20260905_113629_48895a,1328,task_assigned,R9,G00505,
20260905_113629_48895a,1331,task_completed,R11,G00480,
20260905_113629_48895a,1331,task_created,,G00506,type=PUTAWAY pickup=RECV dropoff=E-03
20260905_113629_48895a,1332,task_assigned,R11,G00378,
20260905_113629_48895a,1332,task_completed,R4,G00489,
20260905_113629_48895a,1333,task_assigned,R4,G00388,
20260905_113629_48895a,1333,task_completed,R7,G00495,
20260905_113629_48895a,1334,task_assigned,R7,G00390,
20260905_113629_48895a,1335,task_interrupted,R1,G00501,
20260905_113629_48895a,1335,task_created,,G00507,type=PICK pickup=C-06 dropoff=PICK-2
20260905_113629_48895a,1339,task_created,,G00508,type=PUTAWAY pickup=RECV dropoff=E-06
20260905_113629_48895a,1339,task_created,,G00509,type=PACK pickup=PICK-3 dropoff=PACK-2
20260905_113629_48895a,1339,task_created,,G00510,type=SHIP pickup=STAGING dropoff=DOCK-2
20260905_113629_48895a,1340,task_completed,R12,G00380,
20260905_113629_48895a,1341,task_assigned,R12,G00510,
20260905_113629_48895a,1345,task_interrupted,R6,G00375,
20260905_113629_48895a,1345,task_interrupted,R10,G00503,
20260905_113629_48895a,1345,task_created,,G00511,type=PICK pickup=B-02 dropoff=PICK-1
20260905_113629_48895a,1346,task_assigned,R3,G00501,
20260905_113629_48895a,1347,task_created,,G00512,type=PUTAWAY pickup=BUFFER dropoff=G-03
20260905_113629_48895a,1350,task_completed,R9,G00505,
20260905_113629_48895a,1351,task_completed,R5,G00504,
20260905_113629_48895a,1351,task_assigned,R9,G00509,
20260905_113629_48895a,1351,task_created,,G00513,type=PACK pickup=PICK-3 dropoff=PACK-2
20260905_113629_48895a,1352,task_assigned,R5,G00513,
20260905_113629_48895a,1353,task_created,,G00514,type=SHIP pickup=STAGING dropoff=DOCK-2
20260905_113629_48895a,1355,task_created,,G00515,type=PUTAWAY pickup=BUFFER dropoff=E-02
20260905_113629_48895a,1355,task_created,,G00516,type=PICK pickup=B-08 dropoff=PICK-2
20260905_113629_48895a,1358,task_completed,R7,G00390,
20260905_113629_48895a,1359,task_interrupted,R13,G00500,
20260905_113629_48895a,1359,task_assigned,R7,G00514,
20260905_113629_48895a,1361,task_completed,R12,G00510,
20260905_113629_48895a,1362,task_assigned,R12,G00500,
20260905_113629_48895a,1363,task_created,,G00517,type=PUTAWAY pickup=RECV dropoff=E-02
20260905_113629_48895a,1363,task_created,,G00518,type=PACK pickup=PICK-3 dropoff=PACK-2
20260905_113629_48895a,1365,task_assigned,R1,G00518,
20260905_113629_48895a,1365,task_created,,G00519,type=PICK pickup=F-08 dropoff=PICK-1
20260905_113629_48895a,1366,task_completed,R3,G00501,
20260905_113629_48895a,1367,task_created,,G00520,type=SHIP pickup=STAGING dropoff=DOCK-2
20260905_113629_48895a,1367,task_assigned,R3,G00520,
20260905_113629_48895a,1371,task_completed,R2,G00372,
20260905_113629_48895a,1371,task_created,,G00521,type=PUTAWAY pickup=BUFFER dropoff=F-02
20260905_113629_48895a,1372,task_completed,R11,G00378,
20260905_113629_48895a,1372,task_interrupted,R12,G00500,
20260905_113629_48895a,1372,task_assigned,R2,G00503,
20260905_113629_48895a,1373,task_assigned,R11,G00500,
20260905_113629_48895a,1373,task_completed,R9,G00509,
20260905_113629_48895a,1374,task_completed,R8,G00384,
20260905_113629_48895a,1374,task_assigned,R9,G00507,
20260905_113629_48895a,1374,task_completed,R3,G00520,
20260905_113629_48895a,1375,task_assigned,R8,G00511,
20260905_113629_48895a,1375,task_created,,G00522,type=PICK pickup=D-05 dropoff=PICK-3
20260905_113629_48895a,1375,task_created,,G00523,type=PACK pickup=PICK-1 dropoff=PACK-2
20260905_113629_48895a,1375,task_assigned,R3,G00523,
20260905_113629_48895a,1377,task_completed,R5,G00513,
20260905_113629_48895a,1377,task_completed,R7,G00514,
20260905_113629_48895a,1378,task_assigned,R10,G00516,
20260905_113629_48895a,1378,task_assigned,R7,G00519,
20260905_113629_48895a,1378,task_assigned,R5,G00522,
20260905_113629_48895a,1379,task_created,,G00524,type=PUTAWAY pickup=RECV dropoff=G-05
20260905_113629_48895a,1381,task_interrupted,R5,G00522,
20260905_113629_48895a,1381,task_created,,G00525,type=SHIP pickup=STAGING dropoff=DOCK-1
20260905_113629_48895a,1382,task_completed,R11,G00500,
20260905_113629_48895a,1383,task_assigned,R11,G00522,
20260905_113629_48895a,1383,task_assigned,R13,G00525,
20260905_113629_48895a,1385,task_assigned,R6,G00375,
20260905_113629_48895a,1385,task_created,,G00526,type=PICK pickup=A-06 dropoff=PICK-1
20260905_113629_48895a,1387,task_created,,G00527,type=PUTAWAY pickup=RECV dropoff=H-08
20260905_113629_48895a,1387,task_created,,G00528,type=PACK pickup=PICK-1 dropoff=PACK-1
20260905_113629_48895a,1388,task_interrupted,R11,G00522,
20260905_113629_48895a,1389,task_completed,R4,G00388,
20260905_113629_48895a,1389,task_assigned,R12,G00528,
20260905_113629_48895a,1392,task_completed,R9,G00507,
20260905_113629_48895a,1392,task_interrupted,R7,G00519,
20260905_113629_48895a,1393,task_assigned,R9,G00519,
20260905_113629_48895a,1395,task_created,,G00529,type=PUTAWAY pickup=BUFFER dropoff=C-02
20260905_113629_48895a,1395,task_created,,G00530,type=PICK pickup=G-02 dropoff=PICK-2
20260905_113629_48895a,1395,task_created,,G00531,type=SHIP pickup=STAGING dropoff=DOCK-2
20260905_113629_48895a,1399,task_completed,R13,G00525,
20260905_113629_48895a,1399,task_created,,G00532,type=PACK pickup=PICK-3 dropoff=PACK-1
20260905_113629_48895a,1400,task_completed,R8,G00511,
20260905_113629_48895a,1400,task_completed,R1,G00518,
20260905_113629_48895a,1400,task_assigned,R13,G00531,
20260905_113629_48895a,1401,task_assigned,R8,G00522,
20260905_113629_48895a,1401,task_assigned,R1,G00532,
20260905_113629_48895a,1403,task_created,,G00533,type=PUTAWAY pickup=RECV dropoff=B-05
20260905_113629_48895a,1404,task_interrupted,R8,G00522,
20260905_113629_48895a,1405,task_completed,R13,G00531,
20260905_113629_48895a,1405,task_created,,G00534,type=PICK pickup=H-07 dropoff=PICK-3
20260905_113629_48895a,1406,task_assigned,R13,G00522,
20260905_113629_48895a,1408,task_interrupted,R9,G00519,
20260905_113629_48895a,1408,task_completed,R3,G00523,
20260905_113629_48895a,1409,task_created,,G00535,type=SHIP pickup=STAGING dropoff=DOCK-2
20260905_113629_48895a,1409,task_assigned,R3,G00535,
20260905_113629_48895a,1411,task_created,,G00536,type=PUTAWAY pickup=BUFFER dropoff=F-08
20260905_113629_48895a,1411,task_created,,G00537,type=PACK pickup=PICK-1 dropoff=PACK-2
20260905_113629_48895a,1412,task_completed,R12,G00528,
20260905_113629_48895a,1413,task_completed,R2,G00503,
20260905_113629_48895a,1413,task_assigned,R12,G00537,
20260905_113629_48895a,1414,task_assigned,R5,G00519,
20260905_113629_48895a,1414,task_assigned,R2,G00526,
20260905_113629_48895a,1415,task_created,,G00538,type=PICK pickup=H-01 dropoff=PICK-1
20260905_113629_48895a,1416,task_completed,R3,G00535,
20260905_113629_48895a,1417,task_assigned,R3,G00530,
20260905_113629_48895a,1418,task_assigned,R11,G00534,
20260905_113629_48895a,1419,task_created,,G00539,type=PUTAWAY pickup=RECV dropoff=B-05
20260905_113629_48895a,1423,task_completed,R1,G00532,
20260905_113629_48895a,1423,task_created,,G00540,type=PACK pickup=PICK-3 dropoff=PACK-2
20260905_113629_48895a,1423,task_created,,G00541,type=SHIP pickup=STAGING dropoff=DOCK-1
20260905_113629_48895a,1424,task_assigned,R1,G00541,
20260905_113629_48895a,1425,task_completed,R6,G00375,
20260905_113629_48895a,1425,task_created,,G00542,type=PICK pickup=G-03 dropoff=PICK-2
20260905_113629_48895a,1426,task_completed,R13,G00522,
20260905_113629_48895a,1426,task_assigned,R6,G00540,
20260905_113629_48895a,1427,task_assigned,R13,G00538,
20260905_113629_48895a,1427,task_created,,G00543,type=PUTAWAY pickup=BUFFER dropoff=B-08
20260905_113629_48895a,1428,task_assigned,R7,G00542,
20260905_113629_48895a,1430,task_assigned,R4,G00393,
20260905_113629_48895a,1430,task_completed,R1,G00541,
20260905_113629_48895a,1431,task_assigned,R1,G00396,
20260905_113629_48895a,1431,task_completed,R10,G00516,
20260905_113629_48895a,1432,task_assigned,R10,G00399,
20260905_113629_48895a,1435,task_created,,G00544,type=PUTAWAY pickup=RECV dropoff=B-04
20260905_113629_48895a,1435,task_created,,G00545,type=PICK pickup=D-04 dropoff=PICK-3
20260905_113629_48895a,1435,task_created,,G00546,type=PACK pickup=PICK-3 dropoff=PACK-1
20260905_113629_48895a,1437,task_completed,R5,G00519,
20260905_113629_48895a,1437,task_completed,R3,G00530,
20260905_113629_48895a,1437,task_created,,G00547,type=SHIP pickup=STAGING dropoff=DOCK-2
20260905_113629_48895a,1438,task_assigned,R3,G00546,
20260905_113629_48895a,1438,task_assigned,R5,G00547,
20260905_113629_48895a,1439,task_completed,R2,G00526,
20260905_113629_48895a,1439,task_completed,R12,G00537,
20260905_113629_48895a,1440,task_assigned,R2,G00402,
20260905_113629_48895a,1440,task_assigned,R12,G00545,
20260905_113629_48895a,1442,task_assigned,R8,G00406,
20260905_113629_48895a,1443,task_created,,G00548,type=PUTAWAY pickup=BUFFER dropoff=C-01
20260905_113629_48895a,1445,task_created,,G00549,type=PICK pickup=D-03 dropoff=PICK-1
20260905_113629_48895a,1446,task_completed,R6,G00540,
20260905_113629_48895a,1447,task_assigned,R6,G00549,
20260905_113629_48895a,1447,task_created,,G00550,type=PACK pickup=PICK-3 dropoff=PACK-1
20260905_113629_48895a,1447,task_assigned,R9,G00550,
20260905_113629_48895a,1451,task_created,,G00551,type=PUTAWAY pickup=BUFFER dropoff=D-06
20260905_113629_48895a,1451,task_created,,G00552,type=SHIP pickup=STAGING dropoff=DOCK-1
20260905_113629_48895a,1455,task_completed,R5,G00547,
20260905_113629_48895a,1455,task_created,,G00553,type=PICK pickup=A-01 dropoff=PICK-2
20260905_113629_48895a,1456,task_assigned,R5,G00552,
20260905_113629_48895a,1458,task_completed,R13,G00538,
20260905_113629_48895a,1459,task_created,,G00554,type=PUTAWAY pickup=BUFFER dropoff=C-01
20260905_113629_48895a,1459,task_created,,G00555,type=PACK pickup=PICK-3 dropoff=PACK-2
20260905_113629_48895a,1459,task_assigned,R13,G00555,
20260905_113629_48895a,1461,task_completed,R11,G00534,
20260905_113629_48895a,1461,task_completed,R5,G00552,
20260905_113629_48895a,1462,task_completed,R10,G00399,
20260905_113629_48895a,1462,task_completed,R2,G00402,
20260905_113629_48895a,1462,task_assigned,R11,G00408,
20260905_113629_48895a,1462,task_assigned,R5,G00553,
20260905_113629_48895a,1463,task_assigned,R10,G00411,
20260905_113629_48895a,1463,task_assigned,R2,G00415,
20260905_113629_48895a,1463,task_completed,R3,G00546,
20260905_113629_48895a,1464,task_assigned,R3,G00417,
20260905_113629_48895a,1465,task_created,,G00556,type=PICK pickup=C-07 dropoff=PICK-1
20260905_113629_48895a,1465,task_created,,G00557,type=SHIP pickup=STAGING dropoff=DOCK-1
20260905_113629_48895a,1466,task_completed,R8,G00406,
20260905_113629_48895a,1466,task_completed,R12,G00545,
20260905_113629_48895a,1467,task_assigned,R12,G00556,
20260905_113629_48895a,1467,task_assigned,R8,G00557,
20260905_113629_48895a,1467,task_created,,G00558,type=PUTAWAY pickup=BUFFER dropoff=F-06
20260905_113629_48895a,1468,task_completed,R7,G00542,
20260905_113629_48895a,1469,task_assigned,R7,G00421,
20260905_113629_48895a,1471,task_completed,R4,G00393,
20260905_113629_48895a,1471,task_created,,G00559,type=PACK pickup=PICK-1 dropoff=PACK-2
20260905_113629_48895a,1472,task_assigned,R4,G00559,
20260905_113629_48895a,1475,task_completed,R1,G00396,
20260905_113629_48895a,1475,task_created,,G00560,type=PUTAWAY pickup=BUFFER dropoff=C-07
20260905_113629_48895a,1475,task_created,,G00561,type=PICK pickup=E-02 dropoff=PICK-1
20260905_113629_48895a,1476,task_assigned,R1,G00561,
20260905_113629_48895a,1479,task_created,,G00562,type=SHIP pickup=STAGING dropoff=DOCK-2
20260905_113629_48895a,1483,task_created,,G00563,type=PUTAWAY pickup=BUFFER dropoff=B-01
20260905_113629_48895a,1483,task_created,,G00564,type=PACK pickup=PICK-2 dropoff=PACK-2
20260905_113629_48895a,1485,task_created,,G00565,type=PICK pickup=F-07 dropoff=PICK-3
20260905_113629_48895a,1487,task_completed,R13,G00555,
20260905_113629_48895a,1488,task_assigned,R13,G00562,
20260905_113629_48895a,1490,task_completed,R9,G00550,
20260905_113629_48895a,1491,task_completed,R12,G00556,
20260905_113629_48895a,1491,task_completed,R8,G00557,
20260905_113629_48895a,1491,task_assigned,R9,G00564,
20260905_113629_48895a,1491,task_created,,G00566,type=PUTAWAY pickup=BUFFER dropoff=H-02
20260905_113629_48895a,1492,task_assigned,R12,G00423,
20260905_113629_48895a,1492,task_assigned,R8,G00565,
20260905_113629_48895a,1493,task_completed,R10,G00411,
20260905_113629_48895a,1493,task_created,,G00567,type=SHIP pickup=STAGING dropoff=DOCK-1
20260905_113629_48895a,1494,task_completed,R11,G00408,
20260905_113629_48895a,1494,task_assigned,R10,G00567,
20260905_113629_48895a,1495,task_completed,R2,G00415,
20260905_113629_48895a,1495,task_completed,R7,G00421,
20260905_113629_48895a,1495,task_completed,R13,G00562,
20260905_113629_48895a,1495,task_created,,G00568,type=PICK pickup=E-07 dropoff=PICK-2
20260905_113629_48895a,1495,task_created,,G00569,type=PACK pickup=PICK-3 dropoff=PACK-1
20260905_113629_48895a,1495,task_assigned,R11,G00569,
20260905_113629_48895a,1496,task_assigned,R13,G00426,
20260905_113629_48895a,1496,task_assigned,R2,G00430,
20260905_113629_48895a,1496,task_assigned,R7,G00568,
20260905_113629_48895a,1499,task_created,,G00570,type=PUTAWAY pickup=BUFFER dropoff=H-06
20260905_113629_48895a,1503,task_completed,R9,G00564,
20260905_113629_48895a,1504,task_assigned,R9,G00433,
20260905_113629_48895a,1504,task_completed,R5,G00553,
20260905_113629_48895a,1505,task_created,,G00571,type=PICK pickup=G-04 dropoff=PICK-2
20260905_113629_48895a,1505,task_assigned,R5,G00571,
20260905_113629_48895a,1506,task_completed,R3,G00417,
20260905_113629_48895a,1507,task_created,,G00572,type=PUTAWAY pickup=BUFFER dropoff=H-07
20260905_113629_48895a,1507,task_created,,G00573,type=PACK pickup=PICK-3 dropoff=PACK-2
20260905_113629_48895a,1507,task_created,,G00574,type=SHIP pickup=STAGING dropoff=DOCK-1
20260905_113629_48895a,1507,task_assigned,R3,G00574,
20260905_113629_48895a,1509,task_completed,R7,G00568,
20260905_113629_48895a,1510,task_assigned,R7,G00573,
20260905_113629_48895a,1511,task_completed,R6,G00549,
20260905_113629_48895a,1512,task_assigned,R6,G00436,
20260905_113629_48895a,1512,task_completed,R10,G00567,
20260905_113629_48895a,1513,task_assigned,R10,G00438,
20260905_113629_48895a,1513,task_completed,R4,G00559,
20260905_113629_48895a,1514,task_assigned,R4,G00442,
20260905_113629_48895a,1515,task_created,,G00575,type=PUTAWAY pickup=RECV dropoff=C-03
20260905_113629_48895a,1515,task_created,,G00576,type=PICK pickup=B-01 dropoff=PICK-1
20260905_113629_48895a,1517,task_completed,R12,G00423,
20260905_113629_48895a,1518,task_assigned,R12,G00576,
20260905_113629_48895a,1519,task_created,,G00577,type=PACK pickup=PICK-2 dropoff=PACK-2
20260905_113629_48895a,1520,task_interrupted,R2,G00430,
20260905_113629_48895a,1521,task_created,,G00578,type=SHIP pickup=STAGING dropoff=DOCK-2
20260905_113629_48895a,1523,task_created,,G00579,type=PUTAWAY pickup=RECV dropoff=G-08
20260905_113629_48895a,1525,task_created,,G00580,type=PICK pickup=B-05 dropoff=PICK-3
20260905_113629_48895a,1527,task_completed,R1,G00561,
20260905_113629_48895a,1528,task_completed,R12,G00576,
20260905_113629_48895a,1528,task_assigned,R1,G00578,
20260905_113629_48895a,1529,task_completed,R9,G00433,
20260905_113629_48895a,1529,task_completed,R6,G00436,
20260905_113629_48895a,1529,task_assigned,R12,G00577,
20260905_113629_48895a,1530,task_assigned,R6,G00430,
20260905_113629_48895a,1530,task_completed,R7,G00573,
20260905_113629_48895a,1530,task_assigned,R9,G00580,
20260905_113629_48895a,1531,task_completed,R3,G00574,
20260905_113629_48895a,1531,task_created,,G00581,type=PUTAWAY pickup=BUFFER dropoff=D-04
20260905_113629_48895a,1531,task_created,,G00582,type=PACK pickup=PICK-2 dropoff=PACK-2
20260905_113629_48895a,1531,task_assigned,R7,G00582,
20260905_113629_48895a,1532,task_assigned,R3,G00444,
20260905_113629_48895a,1535,task_created,,G00583,type=PICK pickup=D-06 dropoff=PICK-2
20260905_113629_48895a,1535,task_created,,G00584,type=SHIP pickup=STAGING dropoff=DOCK-2
20260905_113629_48895a,1537,task_completed,R11,G00569,
20260905_113629_48895a,1538,task_assigned,R11,G00584,
20260905_113629_48895a,1539,task_created,,G00585,type=PUTAWAY pickup=RECV dropoff=G-06
20260905_113629_48895a,1543,task_created,,G00586,type=PACK pickup=PICK-3 dropoff=PACK-1
20260905_113629_48895a,1544,task_completed,R1,G00578,
20260905_113629_48895a,1544,task_completed,R7,G00582,
20260905_113629_48895a,1545,task_completed,R4,G00442,
20260905_113629_48895a,1545,task_completed,R5,G00571,
20260905_113629_48895a,1545,task_assigned,R1,G00583,
20260905_113629_48895a,1545,task_completed,R11,G00584,
20260905_113629_48895a,1545,task_assigned,R7,G00586,
20260905_113629_48895a,1545,task_created,,G00587,type=PICK pickup=F-01 dropoff=PICK-2
20260905_113629_48895a,1546,task_assigned,R5,G00448,
20260905_113629_48895a,1546,task_assigned,R11,G00452,
20260905_113629_48895a,1546,task_completed,R12,G00577,
20260905_113629_48895a,1546,task_assigned,R4,G00587,
20260905_113629_48895a,1547,task_assigned,R12,G00453,
20260905_113629_48895a,1547,task_created,,G00588,type=PUTAWAY pickup=RECV dropoff=E-01
20260905_113629_48895a,1549,task_created,,G00589,type=SHIP pickup=STAGING dropoff=DOCK-1
20260905_113629_48895a,1550,task_completed,R8,G00565,
20260905_113629_48895a,1551,task_assigned,R8,G00589,
20260905_113629_48895a,1555,task_created,,G00590,type=PUTAWAY pickup=RECV dropoff=B-01
20260905_113629_48895a,1555,task_created,,G00591,type=PICK pickup=B-04 dropoff=PICK-1
20260905_113629_48895a,1555,task_created,,G00592,type=PACK pickup=PICK-1 dropoff=PACK-2
20260905_113629_48895a,1559,task_completed,R3,G00444,
20260905_113629_48895a,1560,task_assigned,R3,G00592,
20260905_113629_48895a,1561,task_completed,R6,G00430,
20260905_113629_48895a,1562,task_completed,R13,G00426,
20260905_113629_48895a,1562,task_assigned,R6,G00591,
20260905_113629_48895a,1563,task_assigned,R13,G00457,
20260905_113629_48895a,1563,task_created,,G00593,type=PUTAWAY pickup=BUFFER dropoff=F-08
20260905_113629_48895a,1563,task_created,,G00594,type=SHIP pickup=STAGING dropoff=DOCK-1
20260905_113629_48895a,1563,task_assigned,R2,G00594,
20260905_113629_48895a,1565,task_created,,G00595,type=PICK pickup=F-03 dropoff=PICK-3
20260905_113629_48895a,1567,task_completed,R8,G00589,
20260905_113629_48895a,1567,task_created,,G00596,type=PACK pickup=PICK-1 dropoff=PACK-2
20260905_113629_48895a,1568,task_assigned,R8,G00596,
20260905_113629_48895a,1570,task_completed,R9,G00580,
20260905_113629_48895a,1570,task_interrupted,R3,G00592,
20260905_113629_48895a,1571,task_completed,R7,G00586,
20260905_113629_48895a,1571,task_assigned,R9,G00592,
20260905_113629_48895a,1571,task_created,,G00597,type=PUTAWAY pickup=RECV dropoff=G-07
20260905_113629_48895a,1572,task_assigned,R7,G00595,
20260905_113629_48895a,1573,task_completed,R4,G00587,
20260905_113629_48895a,1574,task_assigned,R4,G00460,
20260905_113629_48895a,1575,task_created,,G00598,type=PICK pickup=A-07 dropoff=PICK-2
20260905_113629_48895a,1577,task_created,,G00599,type=SHIP pickup=STAGING dropoff=DOCK-2
20260905_113629_48895a,1578,task_completed,R10,G00438,
20260905_113629_48895a,1578,task_completed,R11,G00452,
20260905_113629_48895a,1578,task_completed,R1,G00583,
20260905_113629_48895a,1578,task_completed,R2,G00594,
20260905_113629_48895a,1579,task_completed,R5,G00448,
20260905_113629_48895a,1579,task_assigned,R10,G00463,
20260905_113629_48895a,1579,task_assigned,R1,G00598,
20260905_113629_48895a,1579,task_assigned,R2,G00599,
20260905_113629_48895a,1579,task_created,,G00600,type=PUTAWAY pickup=BUFFER dropoff=D-04
20260905_113629_48895a,1579,task_created,,G00601,type=PACK pickup=PICK-1 dropoff=PACK-2
20260905_113629_48895a,1579,task_assigned,R11,G00601,
20260905_113629_48895a,1580,task_assigned,R5,G00466,
20260905_113629_48895a,1584,task_completed,R2,G00599,
20260905_113629_48895a,1585,task_created,,G00602,type=PICK pickup=D-05 dropoff=PICK-1
20260905_113629_48895a,1585,task_assigned,R2,G00602,
20260905_113629_48895a,1587,task_created,,G00603,type=PUTAWAY pickup=RECV dropoff=F-08
20260905_113629_48895a,1588,task_interrupted,R1,G00598,
20260905_113629_48895a,1590,task_completed,R12,G00453,
20260905_113629_48895a,1591,task_created,,G00604,type=PACK pickup=PICK-1 dropoff=PACK-2
20260905_113629_48895a,1591,task_created,,G00605,type=SHIP pickup=STAGING dropoff=DOCK-2
20260905_113629_48895a,1591,task_assigned,R12,G00605,
20260905_113629_48895a,1593,task_assigned,R3,G00604,
20260905_113629_48895a,1595,task_created,,G00606,type=PUTAWAY pickup=BUFFER dropoff=E-03
20260905_113629_48895a,1595,task_created,,G00607,type=PICK pickup=A-04 dropoff=PICK-1
20260905_113629_48895a,1597,task_completed,R8,G00596,
20260905_113629_48895a,1598,task_assigned,R8,G00598,
20260905_113629_48895a,1598,task_interrupted,R12,G00605,
20260905_113629_48895a,1599,task_completed,R9,G00592,
20260905_113629_48895a,1600,task_assigned,R9,G00605,
20260905_113629_48895a,1601,task_completed,R10,G00463,
20260905_113629_48895a,1602,task_completed,R4,G00460,
20260905_113629_48895a,1602,task_completed,R5,G00466,
20260905_113629_48895a,1602,task_assigned,R10,G00607,
20260905_113629_48895a,1603,task_assigned,R5,G00469,
20260905_113629_48895a,1603,task_interrupted,R10,G00607,
20260905_113629_48895a,1603,task_created,,G00608,type=PUTAWAY pickup=RECV dropoff=E-08
20260905_113629_48895a,1603,task_created,,G00609,type=PACK pickup=PICK-2 dropoff=PACK-2
20260905_113629_48895a,1603,task_assigned,R4,G00609,
20260905_113629_48895a,1604,task_completed,R6,G00591,
20260905_113629_48895a,1605,task_completed,R7,G00595,
20260905_113629_48895a,1605,task_created,,G00610,type=PICK pickup=A-01 dropoff=PICK-1
20260905_113629_48895a,1605,task_created,,G00611,type=SHIP pickup=STAGING dropoff=DOCK-2
20260905_113629_48895a,1605,task_assigned,R6,G00611,
20260905_113629_48895a,1606,task_assigned,R7,G00607,
20260905_113629_48895a,1607,task_completed,R9,G00605,
20260905_113629_48895a,1608,task_assigned,R9,G00610,
20260905_113629_48895a,1610,task_interrupted,R13,G00457,
20260905_113629_48895a,1611,task_created,,G00612,type=PUTAWAY pickup=BUFFER dropoff=C-03
20260905_113629_48895a,1613,task_completed,R11,G00601,
20260905_113629_48895a,1614,task_assigned,R11,G00457,
20260905_113629_48895a,1615,task_created,,G00613,type=PICK pickup=A-04 dropoff=PICK-1
20260905_113629_48895a,1615,task_created,,G00614,type=PACK pickup=PICK-3 dropoff=PACK-1
20260905_113629_48895a,1615,task_assigned,R1,G00614,
20260905_113629_48895a,1618,task_interrupted,R6,G00611,
20260905_113629_48895a,1619,task_created,,G00615,type=PUTAWAY pickup=RECV dropoff=G-06
20260905_113629_48895a,1619,task_created,,G00616,type=SHIP pickup=STAGING dropoff=DOCK-2
20260905_113629_48895a,1620,task_completed,R4,G00609,
20260905_113629_48895a,1621,task_assigned,R4,G00611,
20260905_113629_48895a,1622,task_completed,R5,G00469,
20260905_113629_48895a,1622,task_completed,R3,G00604,
20260905_113629_48895a,1623,task_assigned,R5,G00613,
20260905_113629_48895a,1623,task_assigned,R3,G00616,
20260905_113629_48895a,1624,task_completed,R2,G00602,
20260905_113629_48895a,1625,task_created,,G00617,type=PICK pickup=C-05 dropoff=PICK-2
20260905_113629_48895a,1625,task_assigned,R2,G00617,
20260905_113629_48895a,1627,task_created,,G00618,type=PUTAWAY pickup=RECV dropoff=F-02
20260905_113629_48895a,1627,task_created,,G00619,type=PACK pickup=PICK-3 dropoff=PACK-1
20260905_113629_48895a,1628,task_completed,R4,G00611,
20260905_113629_48895a,1629,task_assigned,R4,G00619,
20260905_113629_48895a,1630,task_completed,R11,G00457,
20260905_113629_48895a,1630,task_assigned,R12,G00472,
20260905_113629_48895a,1630,task_completed,R3,G00616,
20260905_113629_48895a,1631,task_assigned,R3,G00475,
20260905_113629_48895a,1631,task_assigned,R11,G00479,
20260905_113629_48895a,1633,task_created,,G00620,type=SHIP pickup=STAGING dropoff=DOCK-1
20260905_113629_48895a,1635,task_created,,G00621,type=PUTAWAY pickup=BUFFER dropoff=A-07
20260905_113629_48895a,1635,task_created,,G00622,type=PICK pickup=B-03 dropoff=PICK-2
20260905_113629_48895a,1639,task_interrupted,R5,G00613,
20260905_113629_48895a,1639,task_created,,G00623,type=PACK pickup=PICK-2 dropoff=PACK-2
20260905_113629_48895a,1642,task_interrupted,R11,G00479,
20260905_113629_48895a,1642,task_assigned,R10,G00620,
20260905_113629_48895a,1642,task_assigned,R6,G00623,
20260905_113629_48895a,1643,task_created,,G00624,type=PUTAWAY pickup=RECV dropoff=H-01
20260905_113629_48895a,1645,task_created,,G00625,type=PICK pickup=G-06 dropoff=PICK-2
20260905_113629_48895a,1646,task_completed,R2,G00617,
20260905_113629_48895a,1647,task_created,,G00626,type=SHIP pickup=STAGING dropoff=DOCK-1
20260905_113629_48895a,1647,task_assigned,R2,G00626,
20260905_113629_48895a,1649,task_assigned,R13,G00613,
20260905_113629_48895a,1651,task_completed,R8,G00598,
20260905_113629_48895a,1651,task_created,,G00627,type=PUTAWAY pickup=RECV dropoff=G-08
20260905_113629_48895a,1651,task_created,,G00628,type=PACK pickup=PICK-1 dropoff=PACK-2
20260905_113629_48895a,1652,task_interrupted,R7,G00607,
20260905_113629_48895a,1652,task_assigned,R8,G00628,
20260905_113629_48895a,1654,task_completed,R9,G00610,
20260905_113629_48895a,1655,task_assigned,R9,G00607,
20260905_113629_48895a,1655,task_created,,G00629,type=PICK pickup=H-07 dropoff=PICK-3
20260905_113629_48895a,1656,task_interrupted,R4,G00619,
20260905_113629_48895a,1657,task_completed,R1,G00614,
20260905_113629_48895a,1658,task_assigned,R1,G00619,
20260905_113629_48895a,1658,task_completed,R2,G00626,
20260905_113629_48895a,1659,task_assigned,R2,G00622,
20260905_113629_48895a,1659,task_created,,G00630,type=PUTAWAY pickup=RECV dropoff=A-06
20260905_113629_48895a,1661,task_created,,G00631,type=SHIP pickup=STAGING dropoff=DOCK-2
20260905_113629_48895a,1661,task_assigned,R5,G00631,
20260905_113629_48895a,1662,task_completed,R10,G00620,
20260905_113629_48895a,1663,task_created,,G00632,type=PACK pickup=PICK-3 dropoff=PACK-1
20260905_113629_48895a,1663,task_assigned,R10,G00632,
20260905_113629_48895a,1664,task_completed,R13,G00613,
20260905_113629_48895a,1665,task_assigned,R13,G00625,
20260905_113629_48895a,1665,task_created,,G00633,type=PICK pickup=A-01 dropoff=PICK-1
20260905_113629_48895a,1666,task_completed,R3,G00475,
20260905_113629_48895a,1667,task_completed,R1,G00619,
20260905_113629_48895a,1667,task_assigned,R3,G00629,
20260905_113629_48895a,1667,task_created,,G00634,type=PUTAWAY pickup=RECV dropoff=D-04
20260905_113629_48895a,1668,task_assigned,R1,G00633,
20260905_113629_48895a,1673,task_interrupted,R9,G00607,
20260905_113629_48895a,1674,task_interrupted,R8,G00628,
20260905_113629_48895a,1675,task_completed,R12,G00472,
20260905_113629_48895a,1675,task_completed,R6,G00623,
20260905_113629_48895a,1675,task_completed,R3,G00629,
20260905_113629_48895a,1675,task_created,,G00635,type=PUTAWAY pickup=BUFFER dropoff=E-01
20260905_113629_48895a,1675,task_created,,G00636,type=PICK pickup=E-06 dropoff=PICK-2
20260905_113629_48895a,1675,task_created,,G00637,type=PACK pickup=PICK-1 dropoff=PACK-1
20260905_113629_48895a,1675,task_created,,G00638,type=SHIP pickup=STAGING dropoff=DOCK-2
20260905_113629_48895a,1676,task_assigned,R12,G00628,
20260905_113629_48895a,1676,task_completed,R5,G00631,
20260905_113629_48895a,1676,task_assigned,R3,G00637,
20260905_113629_48895a,1676,task_assigned,R6,G00638,
20260905_113629_48895a,1677,task_assigned,R5,G00607,
20260905_113629_48895a,1678,task_assigned,R7,G00636,
20260905_113629_48895a,1679,task_completed,R2,G00622,
20260905_113629_48895a,1680,task_assigned,R2,G00479,
20260905_113629_48895a,1683,task_completed,R6,G00638,
20260905_113629_48895a,1683,task_created,,G00639,type=PUTAWAY pickup=BUFFER dropoff=C-01
20260905_113629_48895a,1684,task_assigned,R6,G00481,
20260905_113629_48895a,1685,task_created,,G00640,type=PICK pickup=G-01 dropoff=PICK-3
20260905_113629_48895a,1686,task_assigned,R4,G00640,
20260905_113629_48895a,1687,task_created,,G00641,type=PACK pickup=PICK-3 dropoff=PACK-1
20260905_113629_48895a,1688,task_completed,R13,G00625,
20260905_113629_48895a,1689,task_created,,G00642,type=SHIP pickup=STAGING dropoff=DOCK-1
20260905_113629_48895a,1689,task_assigned,R13,G00642,
20260905_113629_48895a,1691,task_completed,R12,G00628,
20260905_113629_48895a,1691,task_completed,R1,G00633,
20260905_113629_48895a,1691,task_assigned,R11,G00641,
20260905_113629_48895a,1691,task_created,,G00643,type=PUTAWAY pickup=RECV dropoff=A-06
20260905_113629_48895a,1692,task_assigned,R1,G00484,
20260905_113629_48895a,1692,task_assigned,R12,G00487,
20260905_113629_48895a,1693,task_completed,R10,G00632,
20260905_113629_48895a,1694,task_assigned,R10,G00490,
20260905_113629_48895a,1695,task_created,,G00644,type=PICK pickup=G-08 dropoff=PICK-1
20260905_113629_48895a,1696,task_assigned,R9,G00644,
20260905_113629_48895a,1697,task_completed,R5,G00607,
20260905_113629_48895a,1698,task_assigned,R5,G00494,
20260905_113629_48895a,1699,task_completed,R13,G00642,
20260905_113629_48895a,1699,task_created,,G00645,type=PUTAWAY pickup=RECV dropoff=B-02
20260905_113629_48895a,1699,task_created,,G00646,type=PACK pickup=PICK-2 dropoff=PACK-2
20260905_113629_48895a,1700,task_assigned,R13,G00646,
20260905_113629_48895a,1703,task_created,,G00647,type=SHIP pickup=STAGING dropoff=DOCK-2
20260905_113629_48895a,1705,task_created,,G00648,type=PICK pickup=E-06 dropoff=PICK-1
20260905_113629_48895a,1706,task_completed,R3,G00637,
20260905_113629_48895a,1707,task_completed,R7,G00636,
20260905_113629_48895a,1707,task_assigned,R3,G00647,
20260905_113629_48895a,1707,task_created,,G00649,type=PUTAWAY pickup=RECV dropoff=A-03
20260905_113629_48895a,1708,task_assigned,R7,G00648,
20260905_113629_48895a,1710,task_assigned,R8,G00497,
20260905_113629_48895a,1711,task_completed,R6,G00481,
20260905_113629_48895a,1711,task_created,,G00650,type=PACK pickup=PICK-2 dropoff=PACK-1
20260905_113629_48895a,1712,task_assigned,R6,G00650,
20260905_113629_48895a,1713,task_completed,R2,G00479,
20260905_113629_48895a,1713,task_completed,R3,G00647,
20260905_113629_48895a,1714,task_assigned,R3,G00499,
20260905_113629_48895a,1714,task_assigned,R2,G00502,
20260905_113629_48895a,1715,task_created,,G00651,type=PUTAWAY pickup=RECV dropoff=F-07
20260905_113629_48895a,1715,task_created,,G00652,type=PICK pickup=B-04 dropoff=PICK-2
20260905_113629_48895a,1716,task_completed,R13,G00646,
20260905_113629_48895a,1717,task_created,,G00653,type=SHIP pickup=STAGING dropoff=DOCK-1
20260905_113629_48895a,1717,task_assigned,R13,G00653,
20260905_113629_48895a,1722,task_completed,R12,G00487,
20260905_113629_48895a,1723,task_created,,G00654,type=PUTAWAY pickup=RECV dropoff=G-04
20260905_113629_48895a,1723,task_created,,G00655,type=PACK pickup=PICK-3 dropoff=PACK-1
20260905_113629_48895a,1723,task_assigned,R12,G00655,
20260905_113629_48895a,1724,task_completed,R6,G00650,
20260905_113629_48895a,1725,task_completed,R4,G00640,
20260905_113629_48895a,1725,task_assigned,R6,G00652,
20260905_113629_48895a,1725,task_completed,R13,G00653,
20260905_113629_48895a,1725,task_created,,G00656,type=PICK pickup=G-03 dropoff=PICK-2
20260905_113629_48895a,1726,task_assigned,R13,G00506,
20260905_113629_48895a,1726,task_assigned,R4,G00656,
20260905_113629_48895a,1731,task_created,,G00657,type=PUTAWAY pickup=RECV dropoff=D-05
20260905_113629_48895a,1731,task_created,,G00658,type=SHIP pickup=STAGING dropoff=DOCK-1
20260905_113629_48895a,1732,task_completed,R11,G00641,
20260905_113629_48895a,1733,task_assigned,R11,G00658,
20260905_113629_48895a,1734,task_completed,R7,G00648,
20260905_113629_48895a,1735,task_completed,R10,G00490,
20260905_113629_48895a,1735,task_created,,G00659,type=PICK pickup=B-02 dropoff=PICK-3
20260905_113629_48895a,1735,task_created,,G00660,type=PACK pickup=PICK-3 dropoff=PACK-1
20260905_113629_48895a,1735,task_assigned,R7,G00660,
20260905_113629_48895a,1736,task_assigned,R10,G00659,
20260905_113629_48895a,1737,task_completed,R1,G00484,
20260905_113629_48895a,1738,task_completed,R2,G00502,
20260905_113629_48895a,1738,task_assigned,R1,G00508,
20260905_113629_48895a,1739,task_assigned,R2,G00512,
20260905_113629_48895a,1739,task_completed,R11,G00658,
20260905_113629_48895a,1739,task_created,,G00661,type=PUTAWAY pickup=BUFFER dropoff=F-05
20260905_113629_48895a,1740,task_assigned,R11,G00515,
20260905_113629_48895a,1743,task_completed,R5,G00494,
20260905_113629_48895a,1743,task_completed,R9,G00644,
20260905_113629_48895a,1743,task_completed,R4,G00656,
20260905_113629_48895a,1744,task_assigned,R9,G00517,
20260905_113629_48895a,1744,task_assigned,R4,G00521,
20260905_113629_48895a,1744,task_assigned,R5,G00524,
20260905_113629_48895a,1745,task_created,,G00662,type=PICK pickup=F-05 dropoff=PICK-3
20260905_113629_48895a,1745,task_created,,G00663,type=SHIP pickup=STAGING dropoff=DOCK-1
20260905_113629_48895a,1746,task_completed,R12,G00655,
20260905_113629_48895a,1747,task_assigned,R12,G00663,
20260905_113629_48895a,1747,task_created,,G00664,type=PUTAWAY pickup=BUFFER dropoff=C-03
20260905_113629_48895a,1747,task_created,,G00665,type=PACK pickup=PICK-2 dropoff=PACK-1
20260905_113629_48895a,1750,task_completed,R6,G00652,
20260905_113629_48895a,1751,task_completed,R3,G00499,
20260905_113629_48895a,1751,task_assigned,R6,G00665,
20260905_113629_48895a,1752,task_completed,R8,G00497,
20260905_113629_48895a,1752,task_assigned,R3,G00662,
20260905_113629_48895a,1753,task_assigned,R8,G00527,
20260905_113629_48895a,1753,task_completed,R12,G00663,
20260905_113629_48895a,1754,task_assigned,R12,G00529,
20260905_113629_48895a,1755,task_created,,G00666,type=PUTAWAY pickup=BUFFER dropoff=C-04
20260905_113629_48895a,1755,task_created,,G00667,type=PICK pickup=B-02 dropoff=PICK-1
20260905_113629_48895a,1759,task_created,,G00668,type=PACK pickup=PICK-3 dropoff=PACK-2
20260905_113629_48895a,1759,task_created,,G00669,type=SHIP pickup=STAGING dropoff=DOCK-2
20260905_113629_48895a,1761,task_completed,R2,G00512,
20260905_113629_48895a,1761,task_completed,R6,G00665,
20260905_113629_48895a,1762,task_completed,R9,G00517,
20260905_113629_48895a,1762,task_assigned,R2,G00668,
20260905_113629_48895a,1762,task_assigned,R6,G00669,
20260905_113629_48895a,1763,task_assigned,R9,G00667,
20260905_113629_48895a,1763,task_created,,G00670,type=PUTAWAY pickup=RECV dropoff=F-01
20260905_113629_48895a,1764,task_completed,R13,G00506,
20260905_113629_48895a,1765,task_created,,G00671,type=PICK pickup=C-04 dropoff=PICK-2
20260905_113629_48895a,1765,task_assigned,R13,G00671,
20260905_113629_48895a,1766,task_completed,R4,G00521,
20260905_113629_48895a,1767,task_assigned,R4,G00533,
20260905_113629_48895a,1768,task_completed,R10,G00659,
20260905_113629_48895a,1768,task_completed,R7,G00660,
20260905_113629_48895a,1768,task_completed,R6,G00669,
20260905_113629_48895a,1769,task_completed,R1,G00508,
20260905_113629_48895a,1769,task_assigned,R7,G00536,
20260905_113629_48895a,1769,task_assigned,R6,G00539,
20260905_113629_48895a,1769,task_assigned,R10,G00543,
20260905_113629_48895a,1770,task_assigned,R1,G00544,
20260905_113629_48895a,1770,task_completed,R3,G00662,
20260905_113629_48895a,1771,task_created,,G00672,type=PUTAWAY pickup=BUFFER dropoff=H-05
20260905_113629_48895a,1771,task_created,,G00673,type=PACK pickup=PICK-2 dropoff=PACK-2
20260905_113629_48895a,1771,task_assigned,R3,G00673,
20260905_113629_48895a,1773,task_created,,G00674,type=SHIP pickup=STAGING dropoff=DOCK-1
20260905_113629_48895a,1775,task_completed,R11,G00515,
20260905_113629_48895a,1775,task_created,,G00675,type=PICK pickup=F-06 dropoff=PICK-3
20260905_113629_48895a,1776,task_assigned,R11,G00674,
20260905_113629_48895a,1778,task_completed,R2,G00668,
20260905_113629_48895a,1779,task_created,,G00676,type=PUTAWAY pickup=BUFFER dropoff=E-08
20260905_113629_48895a,1783,task_created,,G00677,type=PACK pickup=PICK-2 dropoff=PACK-2
20260905_113629_48895a,1783,task_assigned,R2,G00677,
20260905_113629_48895a,1785,task_created,,G00678,type=PICK pickup=A-05 dropoff=PICK-1
20260905_113629_48895a,1786,task_completed,R5,G00524,
20260905_113629_48895a,1787,task_completed,R3,G00673,
20260905_113629_48895a,1787,task_created,,G00679,type=PUTAWAY pickup=RECV dropoff=E-05
20260905_113629_48895a,1787,task_created,,G00680,type=SHIP pickup=STAGING dropoff=DOCK-1
20260905_113629_48895a,1787,task_assigned,R5,G00680,
20260905_113629_48895a,1788,task_completed,R9,G00667,
20260905_113629_48895a,1788,task_assigned,R3,G00675,
20260905_113629_48895a,1789,task_assigned,R9,G00678,
20260905_113629_48895a,1791,task_completed,R1,G00544,
20260905_113629_48895a,1791,task_interrupted,R2,G00677,
20260905_113629_48895a,1792,task_assigned,R1,G00677,
20260905_113629_48895a,1793,task_completed,R8,G00527,
20260905_113629_48895a,1794,task_assigned,R8,G00548,
20260905_113629_48895a,1795,task_completed,R12,G00529,
20260905_113629_48895a,1795,task_completed,R10,G00543,
20260905_113629_48895a,1795,task_created,,G00681,type=PUTAWAY pickup=RECV dropoff=H-04
20260905_113629_48895a,1795,task_created,,G00682,type=PICK pickup=A-06 dropoff=PICK-2
20260905_113629_48895a,1795,task_created,,G00683,type=PACK pickup=PICK-3 dropoff=PACK-1
20260905_113629_48895a,1796,task_completed,R7,G00536,
20260905_113629_48895a,1796,task_assigned,R12,G00682,
20260905_113629_48895a,1796,task_assigned,R10,G00683,
20260905_113629_48895a,1797,task_assigned,R7,G00551,
20260905_113629_48895a,1799,task_completed,R13,G00671,
20260905_113629_48895a,1800,task_assigned,R13,G00554,
20260905_113629_48895a,1801,task_created,,G00684,type=SHIP pickup=STAGING dropoff=DOCK-2
20260905_113629_48895a,1802,task_completed,R5,G00680,
20260905_113629_48895a,1803,task_assigned,R5,G00684,
20260905_113629_48895a,1803,task_created,,G00685,type=PUTAWAY pickup=BUFFER dropoff=A-08
20260905_113629_48895a,1804,task_completed,R9,G00678,
20260905_113629_48895a,1805,task_completed,R11,G00674,
20260905_113629_48895a,1805,task_created,,G00686,type=PICK pickup=H-02 dropoff=PICK-1
20260905_113629_48895a,1805,task_assigned,R9,G00686,
20260905_113629_48895a,1806,task_completed,R6,G00539,
20260905_113629_48895a,1806,task_assigned,R11,G00558,
20260905_113629_48895a,1807,task_created,,G00687,type=PACK pickup=PICK-2 dropoff=PACK-1
20260905_113629_48895a,1807,task_assigned,R6,G00687,
20260905_113629_48895a,1810,task_completed,R4,G00533,
20260905_113629_48895a,1810,task_completed,R5,G00684,
20260905_113629_48895a,1811,task_assigned,R4,G00560,
20260905_113629_48895a,1811,task_assigned,R5,G00563,
20260905_113629_48895a,1811,task_interrupted,R3,G00675,
20260905_113629_48895a,1811,task_created,,G00688,type=PUTAWAY pickup=BUFFER dropoff=A-06
20260905_113629_48895a,1814,task_completed,R8,G00548,
20260905_113629_48895a,1815,task_created,,G00689,type=PICK pickup=D-08 dropoff=PICK-3
20260905_113629_48895a,1815,task_created,,G00690,type=SHIP pickup=STAGING dropoff=DOCK-2
20260905_113629_48895a,1815,task_assigned,R8,G00690,
20260905_113629_48895a,1819,task_created,,G00691,type=PUTAWAY pickup=BUFFER dropoff=F-07
20260905_113629_48895a,1819,task_created,,G00692,type=PACK pickup=PICK-2 dropoff=PACK-2
20260905_113629_48895a,1820,task_assigned,R2,G00692,
20260905_113629_48895a,1822,task_completed,R10,G00683,
20260905_113629_48895a,1823,task_assigned,R10,G00675,
20260905_113629_48895a,1824,task_completed,R6,G00687,
20260905_113629_48895a,1825,task_completed,R13,G00554,
20260905_113629_48895a,1825,task_assigned,R6,G00689,
20260905_113629_48895a,1825,task_created,,G00693,type=PICK pickup=G-02 dropoff=PICK-2
20260905_113629_48895a,1826,task_assigned,R13,G00693,
20260905_113629_48895a,1827,task_created,,G00694,type=PUTAWAY pickup=RECV dropoff=A-07
20260905_113629_48895a,1829,task_created,,G00695,type=SHIP pickup=STAGING dropoff=DOCK-1
20260905_113629_48895a,1831,task_created,,G00696,type=PACK pickup=PICK-2 dropoff=PACK-1
20260905_113629_48895a,1833,task_completed,R8,G00690,
20260905_113629_48895a,1833,task_completed,R13,G00693,
20260905_113629_48895a,1834,task_assigned,R8,G00695,
20260905_113629_48895a,1834,task_assigned,R13,G00696,
20260905_113629_48895a,1835,task_completed,R12,G00682,
20260905_113629_48895a,1835,task_created,,G00697,type=PUTAWAY pickup=RECV dropoff=E-05
20260905_113629_48895a,1835,task_created,,G00698,type=PICK pickup=E-01 dropoff=PICK-3
20260905_113629_48895a,1836,task_assigned,R12,G00698,
20260905_113629_48895a,1838,task_completed,R1,G00677,
20260905_113629_48895a,1839,task_completed,R8,G00695,
20260905_113629_48895a,1839,task_completed,R13,G00696,
20260905_113629_48895a,1840,task_assigned,R3,G00566,
20260905_113629_48895a,1840,task_assigned,R8,G00570,
20260905_113629_48895a,1840,task_assigned,R13,G00572,
20260905_113629_48895a,1843,task_created,,G00699,type=PUTAWAY pickup=BUFFER dropoff=F-03
20260905_113629_48895a,1843,task_created,,G00700,type=PACK pickup=PICK-1 dropoff=PACK-1
20260905_113629_48895a,1843,task_created,,G00701,type=SHIP pickup=STAGING dropoff=DOCK-2
20260905_113629_48895a,1843,task_interrupted,,G00701,
20260905_113629_48895a,1844,task_completed,R7,G00551,
20260905_113629_48895a,1845,task_assigned,R7,G00701,
20260905_113629_48895a,1845,task_created,,G00702,type=PICK pickup=G-03 dropoff=PICK-1
20260905_113629_48895a,1847,task_completed,R2,G00692,
20260905_113629_48895a,1848,task_completed,R4,G00560,
20260905_113629_48895a,1848,task_assigned,R2,G00700,
20260905_113629_48895a,1849,task_assigned,R4,G00702,
20260905_113629_48895a,1851,task_created,,G00703,type=PUTAWAY pickup=BUFFER dropoff=E-08
20260905_113629_48895a,1852,task_completed,R11,G00558,
20260905_113629_48895a,1852,task_completed,R5,G00563,
20260905_113629_48895a,1852,task_completed,R9,G00686,
20260905_113629_48895a,1853,task_assigned,R11,G00575,
20260905_113629_48895a,1853,task_assigned,R9,G00579,
20260905_113629_48895a,1853,task_assigned,R5,G00581,
20260905_113629_48895a,1855,task_created,,G00704,type=PICK pickup=G-01 dropoff=PICK-3
20260905_113629_48895a,1855,task_created,,G00705,type=PACK pickup=PICK-2 dropoff=PACK-1
20260905_113629_48895a,1856,task_completed,R6,G00689,
20260905_113629_48895a,1857,task_created,,G00706,type=SHIP pickup=STAGING dropoff=DOCK-2
20260905_113629_48895a,1857,task_assigned,R6,G00706,
20260905_113629_48895a,1859,task_created,,G00707,type=PUTAWAY pickup=RECV dropoff=A-03
20260905_113629_48895a,1861,task_completed,R10,G00675,
20260905_113629_48895a,1862,task_interrupted,R12,G00698,
20260905_113629_48895a,1862,task_assigned,R10,G00705,
20260905_113629_48895a,1865,task_created,,G00708,type=PICK pickup=F-07 dropoff=PICK-2
20260905_113629_48895a,1866,task_completed,R7,G00701,
20260905_113629_48895a,1867,task_completed,R13,G00572,
20260905_113629_48895a,1867,task_created,,G00709,type=PUTAWAY pickup=BUFFER dropoff=D-04
20260905_113629_48895a,1867,task_created,,G00710,type=PACK pickup=PICK-2 dropoff=PACK-2
20260905_113629_48895a,1867,task_assigned,R7,G00710,
20260905_113629_48895a,1868,task_assigned,R13,G00698,
20260905_113629_48895a,1870,task_interrupted,R10,G00705,
20260905_113629_48895a,1871,task_created,,G00711,type=SHIP pickup=STAGING dropoff=DOCK-1
20260905_113629_48895a,1871,task_assigned,R1,G00711,
20260905_113629_48895a,1872,task_completed,R2,G00700,
20260905_113629_48895a,1873,task_assigned,R2,G00705,
20260905_113629_48895a,1875,task_created,,G00712,type=PUTAWAY pickup=BUFFER dropoff=C-04
20260905_113629_48895a,1875,task_created,,G00713,type=PICK pickup=B-02 dropoff=PICK-2
20260905_113629_48895a,1876,task_completed,R4,G00702,
20260905_113629_48895a,1877,task_completed,R5,G00581,
20260905_113629_48895a,1877,task_interrupted,R13,G00698,
20260905_113629_48895a,1877,task_assigned,R4,G00704,
20260905_113629_48895a,1877,task_completed,R6,G00706,
20260905_113629_48895a,1878,task_interrupted,,G00708,
20260905_113629_48895a,1879,task_created,,G00714,type=PACK pickup=PICK-1 dropoff=PACK-1
20260905_113629_48895a,1882,task_completed,R2,G00705,
20260905_113629_48895a,1883,task_completed,R11,G00575,
20260905_113629_48895a,1883,task_assigned,R2,G00714,
20260905_113629_48895a,1883,task_created,,G00715,type=PUTAWAY pickup=RECV dropoff=C-01
20260905_113629_48895a,1884,task_assigned,R11,G00698,
20260905_113629_48895a,1884,task_assigned,R6,G00708,
20260905_113629_48895a,1885,task_interrupted,R6,G00708,
20260905_113629_48895a,1885,task_created,,G00716,type=PICK pickup=G-01 dropoff=PICK-1
20260905_113629_48895a,1885,task_created,,G00717,type=SHIP pickup=STAGING dropoff=DOCK-1
20260905_113629_48895a,1886,task_completed,R8,G00570,
20260905_113629_48895a,1886,task_completed,R7,G00710,
20260905_113629_48895a,1886,task_completed,R1,G00711,
20260905_113629_48895a,1887,task_assigned,R8,G00708,
20260905_113629_48895a,1887,task_assigned,R7,G00713,
20260905_113629_48895a,1887,task_assigned,R1,G00717,
20260905_113629_48895a,1889,task_completed,R9,G00579,
20260905_113629_48895a,1890,task_completed,R3,G00566,
20260905_113629_48895a,1890,task_assigned,R9,G00716,
20260905_113629_48895a,1891,task_created,,G00718,type=PUTAWAY pickup=BUFFER dropoff=H-01
20260905_113629_48895a,1891,task_created,,G00719,type=PACK pickup=PICK-1 dropoff=PACK-2
20260905_113629_48895a,1891,task_assigned,R3,G00719,
20260905_113629_48895a,1892,task_completed,R1,G00717,
20260905_113629_48895a,1893,task_assigned,R1,G00585,
20260905_113629_48895a,1894,task_assigned,R12,G00588,
20260905_113629_48895a,1895,task_created,,G00720,type=PICK pickup=F-07 dropoff=PICK-3
20260905_113629_48895a,1898,task_interrupted,R7,G00713,
20260905_113629_48895a,1899,task_created,,G00721,type=PUTAWAY pickup=BUFFER dropoff=H-01
20260905_113629_48895a,1899,task_created,,G00722,type=SHIP pickup=STAGING dropoff=DOCK-2
20260905_113629_48895a,1900,task_assigned,R10,G00722,
20260905_113629_48895a,1902,task_completed,R4,G00704,
20260905_113629_48895a,1902,task_completed,R2,G00714,
20260905_113629_48895a,1903,task_assigned,R4,G00713,
20260905_113629_48895a,1903,task_created,,G00723,type=PACK pickup=PICK-1 dropoff=PACK-1
20260905_113629_48895a,1903,task_assigned,R2,G00723,
20260905_113629_48895a,1905,task_created,,G00724,type=PICK pickup=E-08 dropoff=PICK-2
20260905_113629_48895a,1906,task_completed,R9,G00716,
20260905_113629_48895a,1907,task_assigned,R9,G00720,
20260905_113629_48895a,1907,task_created,,G00725,type=PUTAWAY pickup=BUFFER dropoff=F-08
20260905_113629_48895a,1909,task_interrupted,R4,G00713,
20260905_113629_48895a,1910,task_completed,R11,G00698,
20260905_113629_48895a,1911,task_completed,R8,G00708,
20260905_113629_48895a,1911,task_assigned,R11,G00713,
20260905_113629_48895a,1912,task_assigned,R8,G00590,
20260905_113629_48895a,1912,task_interrupted,R9,G00720,
20260905_113629_48895a,1912,task_assigned,R13,G00724,
20260905_113629_48895a,1913,task_created,,G00726,type=SHIP pickup=STAGING dropoff=DOCK-2
20260905_113629_48895a,1915,task_created,,G00727,type=PUTAWAY pickup=RECV dropoff=G-01
20260905_113629_48895a,1915,task_created,,G00728,type=PICK pickup=G-06 dropoff=PICK-1
20260905_113629_48895a,1915,task_created,,G00729,type=PACK pickup=PICK-1 dropoff=PACK-1
20260905_113629_48895a,1916,task_interrupted,R11,G00713,
20260905_113629_48895a,1916,task_completed,R10,G00722,
20260905_113629_48895a,1917,task_completed,R12,G00588,
20260905_113629_48895a,1917,task_assigned,R10,G00726,
20260905_113629_48895a,1918,task_assigned,R12,G00729,
20260905_113629_48895a,1921,task_assigned,R6,G00713,
20260905_113629_48895a,1922,task_interrupted,R8,G00590,
20260905_113629_48895a,1922,task_completed,R10,G00726,
20260905_113629_48895a,1923,task_assigned,R10,G00720,
20260905_113629_48895a,1923,task_completed,R2,G00723,
20260905_113629_48895a,1923,task_assigned,R5,G00728,
20260905_113629_48895a,1923,task_created,,G00730,type=PUTAWAY pickup=RECV dropoff=A-07
20260905_113629_48895a,1924,task_assigned,R2,G00590,
20260905_113629_48895a,1925,task_created,,G00731,type=PICK pickup=H-06 dropoff=PICK-2
20260905_113629_48895a,1927,task_created,,G00732,type=PACK pickup=PICK-3 dropoff=PACK-1
20260905_113629_48895a,1927,task_created,,G00733,type=SHIP pickup=STAGING dropoff=DOCK-2
20260905_113629_48895a,1931,task_completed,R1,G00585,
20260905_113629_48895a,1931,task_created,,G00734,type=PUTAWAY pickup=BUFFER dropoff=C-05
20260905_113629_48895a,1932,task_assigned,R1,G00733,
20260905_113629_48895a,1934,task_assigned,R7,G00732,
20260905_113629_48895a,1935,task_completed,R3,G00719,
20260905_113629_48895a,1935,task_completed,R12,G00729,
20260905_113629_48895a,1935,task_created,,G00735,type=PICK pickup=E-03 dropoff=PICK-2
20260905_113629_48895a,1936,task_assigned,R12,G00731,
20260905_113629_48895a,1936,task_assigned,R3,G00735,
20260905_113629_48895a,1939,task_created,,G00736,type=PUTAWAY pickup=BUFFER dropoff=G-08
20260905_113629_48895a,1939,task_created,,G00737,type=PACK pickup=PICK-1 dropoff=PACK-1
20260905_113629_48895a,1941,task_created,,G00738,type=SHIP pickup=STAGING dropoff=DOCK-2
20260905_113629_48895a,1942,task_completed,R13,G00724,
20260905_113629_48895a,1943,task_assigned,R13,G00738,
20260905_113629_48895a,1945,task_created,,G00739,type=PICK pickup=A-04 dropoff=PICK-2
20260905_113629_48895a,1947,task_assigned,R4,G00737,
20260905_113629_48895a,1947,task_created,,G00740,type=PUTAWAY pickup=BUFFER dropoff=G-03
20260905_113629_48895a,1949,task_completed,R6,G00713,
20260905_113629_48895a,1950,task_completed,R1,G00733,
20260905_113629_48895a,1950,task_assigned,R6,G00739,
20260905_113629_48895a,1951,task_completed,R2,G00590,
20260905_113629_48895a,1951,task_assigned,R1,G00593,
20260905_113629_48895a,1951,task_created,,G00741,type=PACK pickup=PICK-3 dropoff=PACK-2
20260905_113629_48895a,1951,task_assigned,R11,G00741,
20260905_113629_48895a,1952,task_assigned,R2,G00597,
20260905_113629_48895a,1954,task_assigned,R8,G00600,
20260905_113629_48895a,1955,task_completed,R13,G00738,
20260905_113629_48895a,1955,task_created,,G00742,type=PUTAWAY pickup=BUFFER dropoff=G-02
20260905_113629_48895a,1955,task_created,,G00743,type=PICK pickup=B-03 dropoff=PICK-2
20260905_113629_48895a,1955,task_created,,G00744,type=SHIP pickup=STAGING dropoff=DOCK-1
20260905_113629_48895a,1956,task_assigned,R13,G00744,
20260905_113629_48895a,1959,task_assigned,R9,G00743,
20260905_113629_48895a,1961,task_completed,R13,G00744,
20260905_113629_48895a,1962,task_assigned,R13,G00603,
20260905_113629_48895a,1963,task_created,,G00745,type=PUTAWAY pickup=RECV dropoff=B-05
20260905_113629_48895a,1963,task_created,,G00746,type=PACK pickup=PICK-3 dropoff=PACK-2
20260905_113629_48895a,1964,task_completed,R10,G00720,
20260905_113629_48895a,1965,task_assigned,R10,G00746,
20260905_113629_48895a,1965,task_created,,G00747,type=PICK pickup=C-03 dropoff=PICK-1
20260905_113629_48895a,1968,task_completed,R4,G00737,
20260905_113629_48895a,1969,task_created,,G00748,type=SHIP pickup=STAGING dropoff=DOCK-2
20260905_113629_48895a,1969,task_assigned,R4,G00748,
20260905_113629_48895a,1971,task_created,,G00749,type=PUTAWAY pickup=RECV dropoff=C-02
20260905_113629_48895a,1972,task_completed,R1,G00593,
20260905_113629_48895a,1972,task_completed,R12,G00731,
20260905_113629_48895a,1973,task_assigned,R1,G00606,
20260905_113629_48895a,1973,task_completed,R10,G00746,
20260905_113629_48895a,1973,task_assigned,R12,G00747,
20260905_113629_48895a,1974,task_assigned,R10,G00608,
20260905_113629_48895a,1975,task_created,,G00750,type=PICK pickup=H-05 dropoff=PICK-2
20260905_113629_48895a,1975,task_created,,G00751,type=PACK pickup=PICK-3 dropoff=PACK-1
20260905_113629_48895a,1976,task_completed,R7,G00732,
20260905_113629_48895a,1976,task_completed,R4,G00748,
20260905_113629_48895a,1977,task_completed,R2,G00597,
20260905_113629_48895a,1977,task_assigned,R7,G00750,
20260905_113629_48895a,1977,task_assigned,R4,G00751,
20260905_113629_48895a,1978,task_assigned,R2,G00612,
20260905_113629_48895a,1978,task_completed,R6,G00739,
20260905_113629_48895a,1979,task_assigned,R6,G00615,
20260905_113629_48895a,1979,task_completed,R5,G00728,
20260905_113629_48895a,1979,task_created,,G00752,type=PUTAWAY pickup=BUFFER dropoff=A-03
20260905_113629_48895a,1980,task_assigned,R5,G00618,
20260905_113629_48895a,1980,task_completed,R3,G00735,
20260905_113629_48895a,1981,task_assigned,R3,G00621,
20260905_113629_48895a,1983,task_created,,G00753,type=SHIP pickup=STAGING dropoff=DOCK-1
20260905_113629_48895a,1985,task_created,,G00754,type=PICK pickup=C-04 dropoff=PICK-3
20260905_113629_48895a,1986,task_completed,R11,G00741,
20260905_113629_48895a,1987,task_assigned,R11,G00753,
20260905_113629_48895a,1987,task_created,,G00755,type=PUTAWAY pickup=RECV dropoff=B-07
20260905_113629_48895a,1987,task_created,,G00756,type=PACK pickup=PICK-2 dropoff=PACK-1
20260905_113629_48895a,1991,task_completed,R1,G00606,
20260905_113629_48895a,1992,task_assigned,R1,G00756,
20260905_113629_48895a,1994,task_completed,R11,G00753,
20260905_113629_48895a,1995,task_assigned,R11,G00754,
20260905_113629_48895a,1995,task_created,,G00757,type=PUTAWAY pickup=RECV dropoff=B-08
20260905_113629_48895a,1995,task_created,,G00758,type=PICK pickup=A-07 dropoff=PICK-1
20260905_113629_48895a,1997,task_completed,R2,G00612,
20260905_113629_48895a,1997,task_created,,G00759,type=SHIP pickup=STAGING dropoff=DOCK-2
20260905_113629_48895a,1998,task_assigned,R2,G00759,
20260905_113629_48895a,1999,task_created,,G00760,type=PACK pickup=PICK-1 dropoff=PACK-1
20260905_113629_48895a,2001,task_completed,R8,G00600,
20260905_113629_48895a,2002,task_assigned,R8,G00760,
20260905_113629_48895a,2003,task_created,,G00761,type=PUTAWAY pickup=RECV dropoff=A-03
20260905_113629_48895a,2004,task_completed,R13,G00603,
20260905_113629_48895a,2004,task_completed,R12,G00747,
20260905_113629_48895a,2004,task_completed,R4,G00751,
20260905_113629_48895a,2005,task_assigned,R12,G00624,
20260905_113629_48895a,2005,task_assigned,R4,G00758,
20260905_113629_48895a,2005,task_created,,G00762,type=PICK pickup=D-07 dropoff=PICK-3
20260905_113629_48895a,2005,task_assigned,R13,G00762,
20260905_113629_48895a,2006,task_completed,R7,G00750,
20260905_113629_48895a,2007,task_assigned,R7,G00627,
20260905_113629_48895a,2009,task_completed,R3,G00621,
20260905_113629_48895a,2009,task_completed,R1,G00756,
20260905_113629_48895a,2010,task_assigned,R3,G00630,
20260905_113629_48895a,2010,task_assigned,R1,G00634,
20260905_113629_48895a,2011,task_created,,G00763,type=PUTAWAY pickup=BUFFER dropoff=E-06
20260905_113629_48895a,2011,task_created,,G00764,type=PACK pickup=PICK-2 dropoff=PACK-1
20260905_113629_48895a,2011,task_created,,G00765,type=SHIP pickup=STAGING dropoff=DOCK-1
20260905_113629_48895a,2014,task_completed,R2,G00759,
20260905_113629_48895a,2015,task_assigned,R2,G00765,
20260905_113629_48895a,2015,task_created,,G00766,type=PICK pickup=G-06 dropoff=PICK-1
20260905_113629_48895a,2019,task_created,,G00767,type=PUTAWAY pickup=BUFFER dropoff=F-07
20260905_113629_48895a,2020,task_completed,R2,G00765,
20260905_113629_48895a,2021,task_completed,R5,G00618,
20260905_113629_48895a,2021,task_completed,R11,G00754,
20260905_113629_48895a,2021,task_assigned,R2,G00764,
20260905_113629_48895a,2022,task_assigned,R5,G00635,
20260905_113629_48895a,2022,task_assigned,R11,G00766,
20260905_113629_48895a,2023,task_created,,G00768,type=PACK pickup=PICK-1 dropoff=PACK-1
20260905_113629_48895a,2024,task_completed,R9,G00743,
20260905_113629_48895a,2025,task_created,,G00769,type=PICK pickup=G-02 dropoff=PICK-2
20260905_113629_48895a,2025,task_created,,G00770,type=SHIP pickup=STAGING dropoff=DOCK-2
20260905_113629_48895a,2025,task_assigned,R9,G00770,
20260905_113629_48895a,2027,task_created,,G00771,type=PUTAWAY pickup=RECV dropoff=E-01
20260905_113629_48895a,2028,task_interrupted,R2,G00764,
20260905_113629_48895a,2030,task_completed,R4,G00758,
20260905_113629_48895a,2031,task_completed,R10,G00608,
20260905_113629_48895a,2031,task_assigned,R4,G00764,
20260905_113629_48895a,2032,task_assigned,R10,G00768,
20260905_113629_48895a,2033,task_completed,R3,G00630,
20260905_113629_48895a,2034,task_assigned,R3,G00769,
20260905_113629_48895a,2035,task_completed,R13,G00762,
20260905_113629_48895a,2035,task_completed,R9,G00770,
20260905_113629_48895a,2035,task_created,,G00772,type=PUTAWAY pickup=BUFFER dropoff=F-06
20260905_113629_48895a,2035,task_created,,G00773,type=PICK pickup=B-01 dropoff=PICK-2
20260905_113629_48895a,2035,task_created,,G00774,type=PACK pickup=PICK-1 dropoff=PACK-1
20260905_113629_48895a,2036,task_completed,R8,G00760,
20260905_113629_48895a,2036,task_assigned,R13,G00773,
20260905_113629_48895a,2036,task_assigned,R9,G00774,
20260905_113629_48895a,2037,task_assigned,R8,G00639,
20260905_113629_48895a,2039,task_created,,G00775,type=SHIP pickup=STAGING dropoff=DOCK-1
20260905_113629_48895a,2043,task_created,,G00776,type=PUTAWAY pickup=BUFFER dropoff=F-06
20260905_113629_48895a,2045,task_completed,R6,G00615,
20260905_113629_48895a,2045,task_created,,G00777,type=PICK pickup=F-04 dropoff=PICK-3
20260905_113629_48895a,2046,task_completed,R4,G00764,
20260905_113629_48895a,2046,task_completed,R11,G00766,
20260905_113629_48895a,2046,task_assigned,R6,G00775,
20260905_113629_48895a,2047,task_assigned,R4,G00777,
20260905_113629_48895a,2047,task_created,,G00778,type=PACK pickup=PICK-1 dropoff=PACK-2
20260905_113629_48895a,2047,task_assigned,R11,G00778,
20260905_113629_48895a,2048,task_completed,R10,G00768,
20260905_113629_48895a,2049,task_assigned,R10,G00643,
20260905_113629_48895a,2051,task_created,,G00779,type=PUTAWAY pickup=RECV dropoff=C-08
20260905_113629_48895a,2053,task_created,,G00780,type=SHIP pickup=STAGING dropoff=DOCK-1
20260905_113629_48895a,2055,task_created,,G00781,type=PICK pickup=H-03 dropoff=PICK-1
20260905_113629_48895a,2056,task_assigned,R2,G00780,
20260905_113629_48895a,2059,task_created,,G00782,type=PUTAWAY pickup=RECV dropoff=D-02
20260905_113629_48895a,2059,task_created,,G00783,type=PACK pickup=PICK-1 dropoff=PACK-1
20260905_113629_48895a,2061,task_completed,R1,G00634,
20260905_113629_48895a,2061,task_completed,R8,G00639,
20260905_113629_48895a,2061,task_completed,R6,G00775,
20260905_113629_48895a,2062,task_assigned,R1,G00645,
20260905_113629_48895a,2062,task_assigned,R6,G00781,
20260905_113629_48895a,2062,task_assigned,R8,G00783,
20260905_113629_48895a,2063,task_completed,R9,G00774,
20260905_113629_48895a,2064,task_assigned,R9,G00649,
20260905_113629_48895a,2064,task_completed,R13,G00773,
20260905_113629_48895a,2065,task_completed,R7,G00627,
20260905_113629_48895a,2065,task_created,,G00784,type=PICK pickup=A-06 dropoff=PICK-2
20260905_113629_48895a,2065,task_assigned,R13,G00784,
20260905_113629_48895a,2066,task_assigned,R7,G00651,
20260905_113629_48895a,2066,task_completed,R11,G00778,
20260905_113629_48895a,2067,task_completed,R12,G00624,
20260905_113629_48895a,2067,task_created,,G00785,type=PUTAWAY pickup=RECV dropoff=G-03
20260905_113629_48895a,2067,task_created,,G00786,type=SHIP pickup=STAGING dropoff=DOCK-2
20260905_113629_48895a,2067,task_assigned,R11,G00786,
20260905_113629_48895a,2068,task_assigned,R12,G00654,
20260905_113629_48895a,2069,task_interrupted,R3,G00769,
20260905_113629_48895a,2071,task_completed,R5,G00635,
20260905_113629_48895a,2071,task_completed,R2,G00780,
20260905_113629_48895a,2071,task_created,,G00787,type=PACK pickup=PICK-1 dropoff=PACK-1
20260905_113629_48895a,2072,task_assigned,R5,G00769,
20260905_113629_48895a,2072,task_assigned,R2,G00787,
20260905_113629_48895a,2074,task_completed,R11,G00786,
20260905_113629_48895a,2075,task_completed,R10,G00643,
20260905_113629_48895a,2075,task_completed,R4,G00777,
20260905_113629_48895a,2075,task_created,,G00788,type=PUTAWAY pickup=RECV dropoff=F-06
20260905_113629_48895a,2075,task_created,,G00789,type=PICK pickup=A-07 dropoff=PICK-3
20260905_113629_48895a,2075,task_assigned,R11,G00789,
20260905_113629_48895a,2076,task_assigned,R10,G00657,
20260905_113629_48895a,2076,task_assigned,R4,G00661,
20260905_113629_48895a,2081,task_created,,G00790,type=SHIP pickup=STAGING dropoff=DOCK-2
20260905_113629_48895a,2083,task_created,,G00791,type=PUTAWAY pickup=BUFFER dropoff=F-08
20260905_113629_48895a,2083,task_created,,G00792,type=PACK pickup=PICK-2 dropoff=PACK-2
20260905_113629_48895a,2085,task_created,,G00793,type=PICK pickup=H-01 dropoff=PICK-2
20260905_113629_48895a,2088,task_completed,R8,G00783,
20260905_113629_48895a,2089,task_completed,R5,G00769,
20260905_113629_48895a,2089,task_assigned,R8,G00790,
20260905_113629_48895a,2090,task_assigned,R5,G00792,
20260905_113629_48895a,2091,task_created,,G00794,type=PUTAWAY pickup=RECV dropoff=C-08
20260905_113629_48895a,2092,task_interrupted,R1,G00645,
20260905_113629_48895a,2094,task_completed,R2,G00787,
20260905_113629_48895a,2095,task_completed,R8,G00790,
20260905_113629_48895a,2095,task_created,,G00795,type=PICK pickup=H-08 dropoff=PICK-3
20260905_113629_48895a,2095,task_created,,G00796,type=PACK pickup=PICK-2 dropoff=PACK-2
20260905_113629_48895a,2095,task_created,,G00797,type=SHIP pickup=STAGING dropoff=DOCK-1
20260905_113629_48895a,2095,task_assigned,R2,G00797,
20260905_113629_48895a,2096,task_completed,R5,G00792,
20260905_113629_48895a,2096,task_assigned,R8,G00796,
20260905_113629_48895a,2097,task_completed,R9,G00649,
20260905_113629_48895a,2097,task_assigned,R3,G00793,
20260905_113629_48895a,2097,task_assigned,R5,G00795,
20260905_113629_48895a,2098,task_assigned,R9,G00645,
20260905_113629_48895a,2099,task_created,,G00798,type=PUTAWAY pickup=RECV dropoff=B-03
20260905_113629_48895a,2101,task_completed,R2,G00797,
20260905_113629_48895a,2102,task_assigned,R2,G00664,
20260905_113629_48895a,2104,task_completed,R4,G00661,
20260905_113629_48895a,2105,task_created,,G00799,type=PICK pickup=G-08 dropoff=PICK-3
20260905_113629_48895a,2105,task_assigned,R4,G00799,
20260905_113629_48895a,2107,task_created,,G00800,type=PUTAWAY pickup=BUFFER dropoff=E-06
20260905_113629_48895a,2107,task_created,,G00801,type=PACK pickup=PICK-2 dropoff=PACK-1
20260905_113629_48895a,2108,task_completed,R9,G00645,
20260905_113629_48895a,2108,task_completed,R13,G00784,
20260905_113629_48895a,2109,task_interrupted,R12,G00654,
20260905_113629_48895a,2109,task_completed,R6,G00781,
20260905_113629_48895a,2109,task_assigned,R13,G00801,
20260905_113629_48895a,2109,task_created,,G00802,type=SHIP pickup=STAGING dropoff=DOCK-2
20260905_113629_48895a,2109,task_assigned,R9,G00802,
20260905_113629_48895a,2110,task_assigned,R6,G00654,
20260905_113629_48895a,2112,task_completed,R10,G00657,
20260905_113629_48895a,2112,task_completed,R8,G00796,
20260905_113629_48895a,2113,task_completed,R7,G00651,
20260905_113629_48895a,2113,task_assigned,R8,G00666,
20260905_113629_48895a,2113,task_assigned,R10,G00670,
20260905_113629_48895a,2114,task_assigned,R7,G00672,
20260905_113629_48895a,2114,task_completed,R13,G00801,
20260905_113629_48895a,2115,task_completed,R11,G00789,
20260905_113629_48895a,2115,task_created,,G00803,type=PUTAWAY pickup=RECV dropoff=E-08
20260905_113629_48895a,2115,task_created,,G00804,type=PICK pickup=H-02 dropoff=PICK-3
20260905_113629_48895a,2115,task_assigned,R13,G00804,
20260905_113629_48895a,2116,task_assigned,R1,G00676,
20260905_113629_48895a,2116,task_assigned,R11,G00679,
20260905_113629_48895a,2119,task_created,,G00805,type=PACK pickup=PICK-3 dropoff=PACK-2
20260905_113629_48895a,2121,task_completed,R5,G00795,
20260905_113629_48895a,2122,task_assigned,R5,G00805,
20260905_113629_48895a,2123,task_interrupted,R10,G00670,
20260905_113629_48895a,2123,task_created,,G00806,type=PUTAWAY pickup=BUFFER dropoff=H-01
20260905_113629_48895a,2123,task_created,,G00807,type=SHIP pickup=STAGING dropoff=DOCK-2
20260905_113629_48895a,2125,task_created,,G00808,type=PICK pickup=A-06 dropoff=PICK-3
20260905_113629_48895a,2128,task_completed,R9,G00802,
20260905_113629_48895a,2129,task_assigned,R9,G00807,
20260905_113629_48895a,2130,task_completed,R2,G00664,
20260905_113629_48895a,2131,task_completed,R7,G00672,
20260905_113629_48895a,2131,task_created,,G00809,type=PUTAWAY pickup=RECV dropoff=G-08
20260905_113629_48895a,2131,task_created,,G00810,type=PACK pickup=PICK-2 dropoff=PACK-1
20260905_113629_48895a,2131,task_assigned,R2,G00810,
20260905_113629_48895a,2132,task_assigned,R7,G00808,
20260905_113629_48895a,2134,task_completed,R5,G00805,
20260905_113629_48895a,2134,task_completed,R9,G00807,
20260905_113629_48895a,2135,task_assigned,R5,G00670,
20260905_113629_48895a,2135,task_interrupted,R7,G00808,
20260905_113629_48895a,2135,task_created,,G00811,type=PICK pickup=B-02 dropoff=PICK-3
20260905_113629_48895a,2135,task_assigned,R9,G00811,
20260905_113629_48895a,2137,task_created,,G00812,type=SHIP pickup=STAGING dropoff=DOCK-2
20260905_113629_48895a,2138,task_completed,R4,G00799,
20260905_113629_48895a,2139,task_completed,R6,G00654,
20260905_113629_48895a,2139,task_assigned,R4,G00812,
20260905_113629_48895a,2139,task_created,,G00813,type=PUTAWAY pickup=BUFFER dropoff=A-04
20260905_113629_48895a,2140,task_completed,R8,G00666,
20260905_113629_48895a,2140,task_assigned,R6,G00808,
20260905_113629_48895a,2141,task_assigned,R8,G00681,
20260905_113629_48895a,2141,task_interrupted,R13,G00804,
20260905_113629_48895a,2143,task_completed,R3,G00793,
20260905_113629_48895a,2143,task_created,,G00814,type=PACK pickup=PICK-1 dropoff=PACK-2
20260905_113629_48895a,2144,task_interrupted,R5,G00670,
20260905_113629_48895a,2144,task_completed,R2,G00810,
20260905_113629_48895a,2144,task_assigned,R3,G00814,
20260905_113629_48895a,2145,task_completed,R11,G00679,
20260905_113629_48895a,2145,task_assigned,R2,G00804,
20260905_113629_48895a,2145,task_created,,G00815,type=PICK pickup=A-05 dropoff=PICK-1
20260905_113629_48895a,2146,task_assigned,R11,G00815,
20260905_113629_48895a,2147,task_created,,G00816,type=PUTAWAY pickup=BUFFER dropoff=D-07
20260905_113629_48895a,2150,task_assigned,R12,G00670,
20260905_113629_48895a,2151,task_created,,G00817,type=SHIP pickup=STAGING dropoff=DOCK-2
20260905_113629_48895a,2153,task_completed,R11,G00815,
20260905_113629_48895a,2154,task_assigned,R11,G00817,
20260905_113629_48895a,2155,task_completed,R1,G00676,
20260905_113629_48895a,2155,task_completed,R4,G00812,
20260905_113629_48895a,2155,task_created,,G00818,type=PUTAWAY pickup=RECV dropoff=A-05
20260905_113629_48895a,2155,task_created,,G00819,type=PICK pickup=C-04 dropoff=PICK-3
20260905_113629_48895a,2155,task_created,,G00820,type=PACK pickup=PICK-2 dropoff=PACK-2
20260905_113629_48895a,2156,task_assigned,R4,G00819,
20260905_113629_48895a,2156,task_assigned,R1,G00820,
20260905_113629_48895a,2158,task_interrupted,R6,G00808,
20260905_113629_48895a,2163,task_created,,G00821,type=PUTAWAY pickup=RECV dropoff=H-01
20260905_113629_48895a,2164,task_assigned,R10,G00808,
20260905_113629_48895a,2164,task_interrupted,R11,G00817,
20260905_113629_48895a,2165,task_created,,G00822,type=PICK pickup=B-02 dropoff=PICK-3
20260905_113629_48895a,2165,task_created,,G00823,type=SHIP pickup=STAGING dropoff=DOCK-2
20260905_113629_48895a,2166,task_completed,R2,G00804,
20260905_113629_48895a,2166,task_completed,R3,G00814,
20260905_113629_48895a,2167,task_assigned,R3,G00817,
20260905_113629_48895a,2167,task_assigned,R2,G00823,
20260905_113629_48895a,2167,task_created,,G00824,type=PACK pickup=PICK-2 dropoff=PACK-2
20260905_113629_48895a,2171,task_created,,G00825,type=PUTAWAY pickup=RECV dropoff=D-08
20260905_113629_48895a,2172,task_interrupted,R4,G00819,
20260905_113629_48895a,2173,task_completed,R9,G00811,
20260905_113629_48895a,2173,task_assigned,R5,G00824,
20260905_113629_48895a,2174,task_completed,R3,G00817,
20260905_113629_48895a,2174,task_assigned,R9,G00819,
20260905_113629_48895a,2174,task_completed,R1,G00820,
20260905_113629_48895a,2175,task_assigned,R1,G00822,
20260905_113629_48895a,2175,task_created,,G00826,type=PICK pickup=B-07 dropoff=PICK-1
20260905_113629_48895a,2175,task_assigned,R3,G00826,
20260905_113629_48895a,2177,task_interrupted,R9,G00819,
20260905_113629_48895a,2178,task_interrupted,R8,G00681,
20260905_113629_48895a,2179,task_created,,G00827,type=PUTAWAY pickup=BUFFER dropoff=H-08
20260905_113629_48895a,2179,task_created,,G00828,type=PACK pickup=PICK-3 dropoff=PACK-2
20260905_113629_48895a,2179,task_created,,G00829,type=SHIP pickup=STAGING dropoff=DOCK-2
20260905_113629_48895a,2180,task_completed,R12,G00670,
20260905_113629_48895a,2181,task_assigned,R12,G00829,
20260905_113629_48895a,2182,task_assigned,R13,G00828,
20260905_113629_48895a,2185,task_assigned,R7,G00819,
20260905_113629_48895a,2185,task_completed,R2,G00823,
20260905_113629_48895a,2185,task_created,,G00830,type=PICK pickup=E-02 dropoff=PICK-3
20260905_113629_48895a,2186,task_assigned,R2,G00830,
20260905_113629_48895a,2187,task_created,,G00831,type=PUTAWAY pickup=RECV dropoff=D-04
20260905_113629_48895a,2190,task_assigned,R6,G00681,
20260905_113629_48895a,2191,task_created,,G00832,type=PACK pickup=PICK-3 dropoff=PACK-2
20260905_113629_48895a,2193,task_created,,G00833,type=SHIP pickup=STAGING dropoff=DOCK-1
20260905_113629_48895a,2195,task_created,,G00834,type=PUTAWAY pickup=BUFFER dropoff=C-02
20260905_113629_48895a,2195,task_created,,G00835,type=PICK pickup=B-02 dropoff=PICK-2
20260905_113629_48895a,2199,task_completed,R12,G00829,
20260905_113629_48895a,2200,task_assigned,R12,G00832,
20260905_113629_48895a,2200,task_assigned,R11,G00833,
20260905_113629_48895a,2201,task_completed,R10,G00808,
20260905_113629_48895a,2201,task_completed,R5,G00824,
20260905_113629_48895a,2202,task_assigned,R10,G00685,
20260905_113629_48895a,2202,task_assigned,R5,G00835,
20260905_113629_48895a,2203,task_created,,G00836,type=PUTAWAY pickup=BUFFER dropoff=H-01
20260905_113629_48895a,2203,task_created,,G00837,type=PACK pickup=PICK-1 dropoff=PACK-2
20260905_113629_48895a,2205,task_created,,G00838,type=PICK pickup=F-05 dropoff=PICK-3
20260905_113629_48895a,2207,task_created,,G00839,type=SHIP pickup=STAGING dropoff=DOCK-2
20260905_113629_48895a,2211,task_completed,R3,G00826,
20260905_113629_48895a,2211,task_created,,G00840,type=PUTAWAY pickup=RECV dropoff=C-05
20260905_113629_48895a,2212,task_assigned,R3,G00839,
20260905_113629_48895a,2215,task_created,,G00841,type=PICK pickup=C-07 dropoff=PICK-2
20260905_113629_48895a,2215,task_created,,G00842,type=PACK pickup=PICK-3 dropoff=PACK-1
20260905_113629_48895a,2216,task_completed,R11,G00833,
20260905_113629_48895a,2217,task_assigned,R11,G00837,
20260905_113629_48895a,2219,task_completed,R13,G00828,
20260905_113629_48895a,2219,task_created,,G00843,type=PUTAWAY pickup=BUFFER dropoff=D-02
20260905_113629_48895a,2220,task_assigned,R13,G00842,
20260905_113629_48895a,2221,task_completed,R12,G00832,
20260905_113629_48895a,2221,task_created,,G00844,type=SHIP pickup=STAGING dropoff=DOCK-1
20260905_113629_48895a,2222,task_completed,R5,G00835,
20260905_113629_48895a,2222,task_assigned,R12,G00844,
20260905_113629_48895a,2223,task_completed,R1,G00822,
20260905_113629_48895a,2223,task_assigned,R5,G00838,
20260905_113629_48895a,2224,task_completed,R7,G00819,
20260905_113629_48895a,2224,task_assigned,R1,G00841,
20260905_113629_48895a,2225,task_created,,G00845,type=PICK pickup=H-08 dropoff=PICK-1
20260905_113629_48895a,2225,task_assigned,R7,G00845,
20260905_113629_48895a,2227,task_created,,G00846,type=PUTAWAY pickup=RECV dropoff=F-08
20260905_113629_48895a,2227,task_created,,G00847,type=PACK pickup=PICK-2 dropoff=PACK-1
20260905_113629_48895a,2227,task_assigned,R8,G00847,
20260905_113629_48895a,2228,task_assigned,R4,G00688,
20260905_113629_48895a,2228,task_completed,R3,G00839,
20260905_113629_48895a,2229,task_completed,R10,G00685,
20260905_113629_48895a,2229,task_assigned,R3,G00691,
20260905_113629_48895a,2229,task_completed,R2,G00830,
20260905_113629_48895a,2230,task_assigned,R9,G00694,
20260905_113629_48895a,2230,task_assigned,R10,G00697,
20260905_113629_48895a,2230,task_assigned,R2,G00699,
20260905_113629_48895a,2230,task_completed,R12,G00844,
20260905_113629_48895a,2231,task_completed,R6,G00681,
20260905_113629_48895a,2231,task_assigned,R12,G00703,
20260905_113629_48895a,2232,task_assigned,R6,G00707,
20260905_113629_48895a,2235,task_created,,G00848,type=PUTAWAY pickup=BUFFER dropoff=B-01
20260905_113629_48895a,2235,task_created,,G00849,type=PICK pickup=E-08 dropoff=PICK-2
20260905_113629_48895a,2235,task_created,,G00850,type=SHIP pickup=STAGING dropoff=DOCK-2
20260905_113629_48895a,2239,task_created,,G00851,type=PACK pickup=PICK-2 dropoff=PACK-1
20260905_113629_48895a,2242,task_completed,R10,G00697,
20260905_113629_48895a,2243,task_assigned,R10,G00850,
20260905_113629_48895a,2243,task_created,,G00852,type=PUTAWAY pickup=BUFFER dropoff=F-01
20260905_113629_48895a,2244,task_completed,R13,G00842,
20260905_113629_48895a,2245,task_assigned,R13,G00851,
20260905_113629_48895a,2245,task_created,,G00853,type=PICK pickup=B-02 dropoff=PICK-2
20260905_113629_48895a,2246,task_completed,R11,G00837,
20260905_113629_48895a,2247,task_assigned,R11,G00849,
20260905_113629_48895a,2249,task_created,,G00854,type=SHIP pickup=STAGING dropoff=DOCK-2
20260905_113629_48895a,2251,task_created,,G00855,type=PUTAWAY pickup=BUFFER dropoff=C-08
20260905_113629_48895a,2251,task_created,,G00856,type=PACK pickup=PICK-1 dropoff=PACK-2
20260905_113629_48895a,2254,task_completed,R8,G00847,
20260905_113629_48895a,2255,task_assigned,R8,G00854,
20260905_113629_48895a,2255,task_created,,G00857,type=PICK pickup=A-08 dropoff=PICK-1
20260905_113629_48895a,2256,task_completed,R3,G00691,
20260905_113629_48895a,2257,task_completed,R9,G00694,
20260905_113629_48895a,2257,task_assigned,R3,G00856,
20260905_113629_48895a,2258,task_completed,R1,G00841,
20260905_113629_48895a,2258,task_completed,R13,G00851,
20260905_113629_48895a,2258,task_assigned,R9,G00853,
20260905_113629_48895a,2259,task_assigned,R1,G00709,
20260905_113629_48895a,2259,task_assigned,R13,G00857,
20260905_113629_48895a,2259,task_created,,G00858,type=PUTAWAY pickup=BUFFER dropoff=E-07
20260905_113629_48895a,2260,task_completed,R2,G00699,
20260905_113629_48895a,2260,task_completed,R7,G00845,
20260905_113629_48895a,2261,task_assigned,R7,G00712,
20260905_113629_48895a,2261,task_assigned,R2,G00715,
20260905_113629_48895a,2261,task_completed,R8,G00854,
20260905_113629_48895a,2262,task_assigned,R8,G00718,
20260905_113629_48895a,2263,task_created,,G00859,type=PACK pickup=PICK-1 dropoff=PACK-1
20260905_113629_48895a,2263,task_created,,G00860,type=SHIP pickup=STAGING dropoff=DOCK-1
20260905_113629_48895a,2265,task_completed,R5,G00838,
20260905_113629_48895a,2265,task_created,,G00861,type=PICK pickup=F-05 dropoff=PICK-3
20260905_113629_48895a,2266,task_assigned,R5,G00860,
20260905_113629_48895a,2267,task_created,,G00862,type=PUTAWAY pickup=RECV dropoff=B-03
20260905_113629_48895a,2268,task_completed,R10,G00850,
20260905_113629_48895a,2269,task_assigned,R10,G00859,
20260905_113629_48895a,2275,task_created,,G00863,type=PUTAWAY pickup=RECV dropoff=D-02
20260905_113629_48895a,2275,task_created,,G00864,type=PICK pickup=E-04 dropoff=PICK-1
20260905_113629_48895a,2275,task_created,,G00865,type=PACK pickup=PICK-3 dropoff=PACK-2
20260905_113629_48895a,2277,task_created,,G00866,type=SHIP pickup=STAGING dropoff=DOCK-1
20260905_113629_48895a,2282,task_completed,R4,G00688,
20260905_113629_48895a,2282,task_completed,R5,G00860,
20260905_113629_48895a,2283,task_completed,R13,G00857,
20260905_113629_48895a,2283,task_assigned,R5,G00865,
20260905_113629_48895a,2283,task_assigned,R4,G00866,
20260905_113629_48895a,2283,task_created,,G00867,type=PUTAWAY pickup=BUFFER dropoff=C-06
20260905_113629_48895a,2284,task_assigned,R13,G00861,
20260905_113629_48895a,2285,task_created,,G00868,type=PICK pickup=F-04 dropoff=PICK-3
20260905_113629_48895a,2286,task_completed,R11,G00849,
20260905_113629_48895a,2287,task_interrupted,R2,G00715,
20260905_113629_48895a,2287,task_created,,G00869,type=PACK pickup=PICK-1 dropoff=PACK-1
20260905_113629_48895a,2287,task_assigned,R11,G00869,
20260905_113629_48895a,2289,task_completed,R7,G00712,
20260905_113629_48895a,2290,task_assigned,R7,G00864,
20260905_113629_48895a,2291,task_created,,G00870,type=PUTAWAY pickup=BUFFER dropoff=A-06
20260905_113629_48895a,2291,task_created,,G00871,type=SHIP pickup=STAGING dropoff=DOCK-1
20260905_113629_48895a,2293,task_completed,R8,G00718,
20260905_113629_48895a,2294,task_assigned,R8,G00871,
20260905_113629_48895a,2295,task_created,,G00872,type=PICK pickup=G-06 dropoff=PICK-3
20260905_113629_48895a,2296,task_completed,R10,G00859,
20260905_113629_48895a,2297,task_assigned,R10,G00868,
20260905_113629_48895a,2299,task_created,,G00873,type=PUTAWAY pickup=BUFFER dropoff=H-08
20260905_113629_48895a,2299,task_created,,G00874,type=PACK pickup=PICK-3 dropoff=PACK-2
20260905_113629_48895a,2302,task_completed,R3,G00856,
20260905_113629_48895a,2303,task_assigned,R3,G00874,
20260905_113629_48895a,2305,task_completed,R4,G00866,
20260905_113629_48895a,2305,task_created,,G00875,type=PICK pickup=E-07 dropoff=PICK-2
20260905_113629_48895a,2305,task_created,,G00876,type=SHIP pickup=STAGING dropoff=DOCK-2
20260905_113629_48895a,2306,task_assigned,R4,G00876,
20260905_113629_48895a,2307,task_completed,R11,G00869,
20260905_113629_48895a,2307,task_created,,G00877,type=PUTAWAY pickup=RECV dropoff=H-03
20260905_113629_48895a,2308,task_completed,R5,G00865,
20260905_113629_48895a,2308,task_assigned,R11,G00872,
20260905_113629_48895a,2309,task_assigned,R5,G00875,
20260905_113629_48895a,2310,task_completed,R1,G00709,
20260905_113629_48895a,2311,task_completed,R4,G00876,
20260905_113629_48895a,2311,task_created,,G00878,type=PACK pickup=PICK-1 dropoff=PACK-1
20260905_113629_48895a,2311,task_assigned,R1,G00878,
20260905_113629_48895a,2312,task_assigned,R4,G00715,
20260905_113629_48895a,2313,task_completed,R13,G00861,
20260905_113629_48895a,2314,task_assigned,R13,G00721,
20260905_113629_48895a,2315,task_created,,G00879,type=PUTAWAY pickup=BUFFER dropoff=H-01
20260905_113629_48895a,2315,task_created,,G00880,type=PICK pickup=G-06 dropoff=PICK-2
20260905_113629_48895a,2317,task_completed,R7,G00864,
20260905_113629_48895a,2318,task_assigned,R7,G00880,
20260905_113629_48895a,2319,task_completed,R9,G00853,
20260905_113629_48895a,2319,task_created,,G00881,type=SHIP pickup=STAGING dropoff=DOCK-1
20260905_113629_48895a,2320,task_assigned,R9,G00725,
20260905_113629_48895a,2320,task_completed,R8,G00871,
20260905_113629_48895a,2320,task_completed,R3,G00874,
20260905_113629_48895a,2320,task_assigned,R2,G00881,
20260905_113629_48895a,2321,task_assigned,R8,G00727,
20260905_113629_48895a,2321,task_assigned,R3,G00730,
20260905_113629_48895a,2322,task_completed,R12,G00703,
20260905_113629_48895a,2323,task_created,,G00882,type=PUTAWAY pickup=RECV dropoff=C-03
20260905_113629_48895a,2323,task_created,,G00883,type=PACK pickup=PICK-2 dropoff=PACK-2
20260905_113629_48895a,2323,task_assigned,R12,G00883,
20260905_113629_48895a,2325,task_created,,G00884,type=PICK pickup=F-05 dropoff=PICK-2
20260905_113629_48895a,2326,task_interrupted,R3,G00730,
20260905_113629_48895a,2328,task_completed,R6,G00707,
20260905_113629_48895a,2329,task_assigned,R6,G00884,
20260905_113629_48895a,2331,task_created,,G00885,type=PUTAWAY pickup=BUFFER dropoff=F-08
20260905_113629_48895a,2333,task_created,,G00886,type=SHIP pickup=STAGING dropoff=DOCK-2
20260905_113629_48895a,2334,task_completed,R9,G00725,
20260905_113629_48895a,2335,task_completed,R10,G00868,
20260905_113629_48895a,2335,task_assigned,R9,G00886,
20260905_113629_48895a,2335,task_created,,G00887,type=PICK pickup=D-07 dropoff=PICK-2
20260905_113629_48895a,2335,task_created,,G00888,type=PACK pickup=PICK-1 dropoff=PACK-2
20260905_113629_48895a,2336,task_completed,R2,G00881,
20260905_113629_48895a,2336,task_assigned,R10,G00888,
20260905_113629_48895a,2337,task_assigned,R2,G00887,
20260905_113629_48895a,2339,task_completed,R7,G00880,
20260905_113629_48895a,2339,task_created,,G00889,type=PUTAWAY pickup=RECV dropoff=D-08
20260905_113629_48895a,2340,task_assigned,R7,G00730,
20260905_113629_48895a,2341,task_completed,R13,G00721,
20260905_113629_48895a,2341,task_completed,R12,G00883,
20260905_113629_48895a,2342,task_assigned,R13,G00734,
20260905_113629_48895a,2342,task_assigned,R12,G00736,
20260905_113629_48895a,2342,task_completed,R11,G00872,
20260905_113629_48895a,2343,task_assigned,R11,G00740,
20260905_113629_48895a,2345,task_created,,G00890,type=PICK pickup=C-03 dropoff=PICK-1
20260905_113629_48895a,2346,task_completed,R5,G00875,
20260905_113629_48895a,2347,task_created,,G00891,type=PUTAWAY pickup=BUFFER dropoff=E-06
20260905_113629_48895a,2347,task_created,,G00892,type=PACK pickup=PICK-2 dropoff=PACK-2
20260905_113629_48895a,2347,task_created,,G00893,type=SHIP pickup=STAGING dropoff=DOCK-1
20260905_113629_48895a,2347,task_assigned,R5,G00893,
20260905_113629_48895a,2348,task_interrupted,R1,G00878,
20260905_113629_48895a,2348,task_assigned,R3,G00892,
20260905_113629_48895a,2354,task_completed,R4,G00715,
20260905_113629_48895a,2354,task_completed,R9,G00886,
20260905_113629_48895a,2355,task_assigned,R9,G00878,
20260905_113629_48895a,2355,task_assigned,R4,G00890,
20260905_113629_48895a,2355,task_created,,G00894,type=PUTAWAY pickup=RECV dropoff=F-01
20260905_113629_48895a,2355,task_created,,G00895,type=PICK pickup=D-01 dropoff=PICK-1
20260905_113629_48895a,2356,task_completed,R6,G00884,
20260905_113629_48895a,2357,task_completed,R5,G00893,
20260905_113629_48895a,2357,task_assigned,R6,G00895,
20260905_113629_48895a,2358,task_assigned,R5,G00742,
20260905_113629_48895a,2359,task_created,,G00896,type=PACK pickup=PICK-2 dropoff=PACK-2
20260905_113629_48895a,2361,task_created,,G00897,type=SHIP pickup=STAGING dropoff=DOCK-2
20260905_113629_48895a,2362,task_completed,R13,G00734,
20260905_113629_48895a,2363,task_completed,R8,G00727,
20260905_113629_48895a,2363,task_completed,R7,G00730,
20260905_113629_48895a,2363,task_assigned,R13,G00897,
20260905_113629_48895a,2363,task_created,,G00898,type=PUTAWAY pickup=RECV dropoff=A-03
20260905_113629_48895a,2364,task_assigned,R7,G00745,
20260905_113629_48895a,2364,task_assigned,R8,G00896,
20260905_113629_48895a,2365,task_created,,G00899,type=PICK pickup=B-04 dropoff=PICK-2
20260905_113629_48895a,2368,task_completed,R10,G00888,
20260905_113629_48895a,2369,task_assigned,R10,G00899,
20260905_113629_48895a,2371,task_created,,G00900,type=PUTAWAY pickup=RECV dropoff=D-07
20260905_113629_48895a,2371,task_created,,G00901,type=PACK pickup=PICK-1 dropoff=PACK-2
20260905_113629_48895a,2372,task_completed,R4,G00890,
20260905_113629_48895a,2372,task_assigned,R1,G00901,
20260905_113629_48895a,2373,task_assigned,R4,G00749,
20260905_113629_48895a,2373,task_completed,R2,G00887,
20260905_113629_48895a,2374,task_assigned,R2,G00752,
20260905_113629_48895a,2375,task_completed,R11,G00740,
20260905_113629_48895a,2375,task_created,,G00902,type=PICK pickup=A-07 dropoff=PICK-1
20260905_113629_48895a,2375,task_created,,G00903,type=SHIP pickup=STAGING dropoff=DOCK-2
20260905_113629_48895a,2376,task_completed,R3,G00892,
20260905_113629_48895a,2376,task_assigned,R11,G00903,
20260905_113629_48895a,2377,task_completed,R9,G00878,
20260905_113629_48895a,2377,task_assigned,R3,G00902,
20260905_113629_48895a,2378,task_assigned,R9,G00755,
20260905_113629_48895a,2378,task_completed,R8,G00896,
20260905_113629_48895a,2379,task_completed,R7,G00745,
20260905_113629_48895a,2379,task_assigned,R8,G00757,
20260905_113629_48895a,2379,task_created,,G00904,type=PUTAWAY pickup=RECV dropoff=E-05
20260905_113629_48895a,2380,task_assigned,R7,G00761,
20260905_113629_48895a,2383,task_completed,R12,G00736,
20260905_113629_48895a,2383,task_created,,G00905,type=PACK pickup=PICK-3 dropoff=PACK-1
20260905_113629_48895a,2384,task_assigned,R12,G00905,
20260905_113629_48895a,2385,task_interrupted,R10,G00899,
20260905_113629_48895a,2385,task_created,,G00906,type=PICK pickup=B-06 dropoff=PICK-2
20260905_113629_48895a,2386,task_completed,R13,G00897,
20260905_113629_48895a,2387,task_completed,R5,G00742,
20260905_113629_48895a,2387,task_assigned,R13,G00899,
20260905_113629_48895a,2387,task_created,,G00907,type=PUTAWAY pickup=BUFFER dropoff=E-02
20260905_113629_48895a,2388,task_interrupted,R12,G00905,
20260905_113629_48895a,2388,task_assigned,R5,G00906,
20260905_113629_48895a,2389,task_created,,G00908,type=SHIP pickup=STAGING dropoff=DOCK-2
20260905_113629_48895a,2392,task_completed,R11,G00903,
20260905_113629_48895a,2393,task_assigned,R11,G00908,
20260905_113629_48895a,2395,task_interrupted,R5,G00906,
20260905_113629_48895a,2395,task_created,,G00909,type=PUTAWAY pickup=RECV dropoff=A-06
20260905_113629_48895a,2395,task_created,,G00910,type=PICK pickup=G-04 dropoff=PICK-1
20260905_113629_48895a,2395,task_created,,G00911,type=PACK pickup=PICK-3 dropoff=PACK-1
20260905_113629_48895a,2398,task_completed,R6,G00895,
20260905_113629_48895a,2398,task_completed,R13,G00899,
20260905_113629_48895a,2398,task_completed,R11,G00908,
20260905_113629_48895a,2399,task_assigned,R11,G00905,
20260905_113629_48895a,2400,task_completed,R1,G00901,
20260905_113629_48895a,2401,task_assigned,R6,G00906,
20260905_113629_48895a,2401,task_assigned,R1,G00911,
20260905_113629_48895a,2402,task_completed,R2,G00752,
20260905_113629_48895a,2403,task_completed,R7,G00761,
20260905_113629_48895a,2403,task_created,,G00912,type=PUTAWAY pickup=RECV dropoff=E-05
20260905_113629_48895a,2403,task_created,,G00913,type=SHIP pickup=STAGING dropoff=DOCK-2
20260905_113629_48895a,2403,task_assigned,R2,G00913,
20260905_113629_48895a,2405,task_interrupted,R6,G00906,
20260905_113629_48895a,2405,task_created,,G00914,type=PICK pickup=H-02 dropoff=PICK-3
20260905_113629_48895a,2406,task_completed,R3,G00902,
20260905_113629_48895a,2406,task_assigned,R7,G00906,
20260905_113629_48895a,2407,task_created,,G00915,type=PACK pickup=PICK-2 dropoff=PACK-1
20260905_113629_48895a,2407,task_assigned,R3,G00915,
20260905_113629_48895a,2410,task_interrupted,R7,G00906,
20260905_113629_48895a,2411,task_created,,G00916,type=PUTAWAY pickup=BUFFER dropoff=B-05
20260905_113629_48895a,2415,task_created,,G00917,type=PICK pickup=G-03 dropoff=PICK-2
20260905_113629_48895a,2416,task_assigned,R10,G00906,
20260905_113629_48895a,2417,task_created,,G00918,type=SHIP pickup=STAGING dropoff=DOCK-2
20260905_113629_48895a,2419,task_created,,G00919,type=PUTAWAY pickup=BUFFER dropoff=D-02
20260905_113629_48895a,2419,task_created,,G00920,type=PACK pickup=PICK-3 dropoff=PACK-2
20260905_113629_48895a,2422,task_completed,R4,G00749,
20260905_113629_48895a,2423,task_completed,R8,G00757,
20260905_113629_48895a,2423,task_completed,R3,G00915,
20260905_113629_48895a,2423,task_assigned,R4,G00918,
20260905_113629_48895a,2424,task_assigned,R8,G00910,
20260905_113629_48895a,2424,task_assigned,R3,G00920,
20260905_113629_48895a,2425,task_completed,R1,G00911,
20260905_113629_48895a,2425,task_created,,G00921,type=PICK pickup=A-06 dropoff=PICK-1
20260905_113629_48895a,2426,task_completed,R11,G00905,
20260905_113629_48895a,2426,task_assigned,R12,G00914,
20260905_113629_48895a,2426,task_assigned,R1,G00917,
20260905_113629_48895a,2427,task_interrupted,,G00921,
20260905_113629_48895a,2427,task_created,,G00922,type=PUTAWAY pickup=BUFFER dropoff=C-02
20260905_113629_48895a,2429,task_completed,R2,G00913,
20260905_113629_48895a,2429,task_assigned,R13,G00921,
20260905_113629_48895a,2430,task_assigned,R2,G00763,
20260905_113629_48895a,2431,task_created,,G00923,type=PACK pickup=PICK-3 dropoff=PACK-2
20260905_113629_48895a,2431,task_created,,G00924,type=SHIP pickup=STAGING dropoff=DOCK-2
20260905_113629_48895a,2432,task_assigned,R5,G00924,
20260905_113629_48895a,2435,task_completed,R9,G00755,
20260905_113629_48895a,2435,task_created,,G00925,type=PUTAWAY pickup=BUFFER dropoff=C-02
20260905_113629_48895a,2435,task_created,,G00926,type=PICK pickup=F-02 dropoff=PICK-3
20260905_113629_48895a,2436,task_assigned,R9,G00923,
20260905_113629_48895a,2440,task_completed,R4,G00918,
20260905_113629_48895a,2443,task_created,,G00927,type=PUTAWAY pickup=RECV dropoff=C-05
20260905_113629_48895a,2443,task_created,,G00928,type=PACK pickup=PICK-2 dropoff=PACK-2
20260905_113629_48895a,2443,task_assigned,R6,G00928,
20260905_113629_48895a,2445,task_completed,R10,G00906,
20260905_113629_48895a,2445,task_created,,G00929,type=PICK pickup=F-04 dropoff=PICK-3
20260905_113629_48895a,2445,task_created,,G00930,type=SHIP pickup=STAGING dropoff=DOCK-2
20260905_113629_48895a,2445,task_assigned,R4,G00930,
20260905_113629_48895a,2446,task_completed,R3,G00920,
20260905_113629_48895a,2446,task_assigned,R10,G00926,
20260905_113629_48895a,2447,task_assigned,R3,G00929,
20260905_113629_48895a,2448,task_completed,R5,G00924,
20260905_113629_48895a,2449,task_assigned,R5,G00767,
20260905_113629_48895a,2450,task_completed,R4,G00930,
20260905_113629_48895a,2451,task_assigned,R11,G00771,
20260905_113629_48895a,2451,task_created,,G00931,type=PUTAWAY pickup=RECV dropoff=A-03
20260905_113629_48895a,2453,task_completed,R13,G00921,
20260905_113629_48895a,2454,task_assigned,R13,G00772,
20260905_113629_48895a,2455,task_completed,R1,G00917,
20260905_113629_48895a,2455,task_created,,G00932,type=PICK pickup=F-08 dropoff=PICK-2
20260905_113629_48895a,2455,task_created,,G00933,type=PACK pickup=PICK-3 dropoff=PACK-1
20260905_113629_48895a,2455,task_assigned,R7,G00933,
20260905_113629_48895a,2456,task_assigned,R1,G00932,
20260905_113629_48895a,2459,task_completed,R8,G00910,
20260905_113629_48895a,2459,task_created,,G00934,type=PUTAWAY pickup=RECV dropoff=E-08
20260905_113629_48895a,2459,task_created,,G00935,type=SHIP pickup=STAGING dropoff=DOCK-2
20260905_113629_48895a,2460,task_interrupted,,G00935,
20260905_113629_48895a,2465,task_completed,R12,G00914,
20260905_113629_48895a,2465,task_created,,G00936,type=PICK pickup=E-02 dropoff=PICK-3
20260905_113629_48895a,2466,task_completed,R2,G00763,
20260905_113629_48895a,2466,task_completed,R1,G00932,
20260905_113629_48895a,2466,task_assigned,R12,G00935,
20260905_113629_48895a,2467,task_assigned,R2,G00936,
20260905_113629_48895a,2467,task_created,,G00937,type=PUTAWAY pickup=BUFFER dropoff=A-07
20260905_113629_48895a,2467,task_created,,G00938,type=PACK pickup=PICK-3 dropoff=PACK-2
20260905_113629_48895a,2467,task_assigned,R1,G00938,
20260905_113629_48895a,2469,task_completed,R9,G00923,
20260905_113629_48895a,2470,task_assigned,R9,G00776,
20260905_113629_48895a,2471,task_completed,R6,G00928,
20260905_113629_48895a,2472,task_assigned,R6,G00779,
20260905_113629_48895a,2473,task_interrupted,R9,G00776,
20260905_113629_48895a,2473,task_created,,G00939,type=SHIP pickup=STAGING dropoff=DOCK-2
20260905_113629_48895a,2474,task_completed,R11,G00771,
20260905_113629_48895a,2474,task_completed,R10,G00926,
20260905_113629_48895a,2475,task_assigned,R10,G00776,
20260905_113629_48895a,2475,task_assigned,R4,G00939,
20260905_113629_48895a,2475,task_created,,G00940,type=PUTAWAY pickup=BUFFER dropoff=D-08
20260905_113629_48895a,2475,task_created,,G00941,type=PICK pickup=A-05 dropoff=PICK-3
20260905_113629_48895a,2475,task_assigned,R11,G00941,
20260905_113629_48895a,2479,task_completed,R3,G00929,
20260905_113629_48895a,2479,task_created,,G00942,type=PACK pickup=PICK-3 dropoff=PACK-1
20260905_113629_48895a,2480,task_assigned,R3,G00942,
20260905_113629_48895a,2482,task_completed,R5,G00767,
20260905_113629_48895a,2482,task_assigned,R8,G00782,
20260905_113629_48895a,2483,task_assigned,R5,G00785,
20260905_113629_48895a,2483,task_completed,R12,G00935,
20260905_113629_48895a,2483,task_created,,G00943,type=PUTAWAY pickup=BUFFER dropoff=A-03
20260905_113629_48895a,2484,task_assigned,R12,G00788,
20260905_113629_48895a,2485,task_completed,R1,G00938,
20260905_113629_48895a,2485,task_created,,G00944,type=PICK pickup=H-01 dropoff=PICK-2
20260905_113629_48895a,2486,task_assigned,R1,G00944,
20260905_113629_48895a,2487,task_completed,R2,G00936,
20260905_113629_48895a,2487,task_created,,G00945,type=SHIP pickup=STAGING dropoff=DOCK-1
20260905_113629_48895a,2488,task_assigned,R2,G00945,
20260905_113629_48895a,2491,task_completed,R4,G00939,
20260905_113629_48895a,2491,task_created,,G00946,type=PUTAWAY pickup=RECV dropoff=D-03
20260905_113629_48895a,2491,task_created,,G00947,type=PACK pickup=PICK-2 dropoff=PACK-2
20260905_113629_48895a,2492,task_assigned,R4,G00947,
20260905_113629_48895a,2493,task_completed,R3,G00942,
20260905_113629_48895a,2494,task_assigned,R3,G00791,
20260905_113629_48895a,2495,task_completed,R7,G00933,
20260905_113629_48895a,2495,task_created,,G00948,type=PICK pickup=A-08 dropoff=PICK-3
20260905_113629_48895a,2496,task_assigned,R7,G00948,
20260905_113629_48895a,2499,task_completed,R10,G00776,
20260905_113629_48895a,2499,task_created,,G00949,type=PUTAWAY pickup=BUFFER dropoff=D-03
20260905_113629_48895a,2500,task_assigned,R10,G00794,
20260905_113629_48895a,2501,task_created,,G00950,type=SHIP pickup=STAGING dropoff=DOCK-2
20260905_113629_48895a,2502,task_assigned,R9,G00950,
20260905_113629_48895a,2503,task_created,,G00951,type=PACK pickup=PICK-3 dropoff=PACK-2
20260905_113629_48895a,2505,task_completed,R13,G00772,
20260905_113629_48895a,2505,task_completed,R2,G00945,
20260905_113629_48895a,2505,task_created,,G00952,type=PICK pickup=F-01 dropoff=PICK-1
20260905_113629_48895a,2506,task_assigned,R13,G00951,
20260905_113629_48895a,2506,task_assigned,R2,G00952,
20260905_113629_48895a,2507,task_completed,R4,G00947,
20260905_113629_48895a,2507,task_created,,G00953,type=PUTAWAY pickup=RECV dropoff=F-04
20260905_113629_48895a,2508,task_assigned,R4,G00798,
20260905_113629_48895a,2510,task_completed,R1,G00944,
20260905_113629_48895a,2511,task_assigned,R1,G00800,
20260905_113629_48895a,2512,task_completed,R11,G00941,
20260905_113629_48895a,2513,task_assigned,R11,G00803,
20260905_113629_48895a,2515,task_completed,R6,G00779,
20260905_113629_48895a,2515,task_created,,G00954,type=PUTAWAY pickup=RECV dropoff=E-02
20260905_113629_48895a,2515,task_created,,G00955,type=PICK pickup=H-06 dropoff=PICK-1
20260905_113629_48895a,2515,task_created,,G00956,type=PACK pickup=PICK-1 dropoff=PACK-2
20260905_113629_48895a,2515,task_created,,G00957,type=SHIP pickup=STAGING dropoff=DOCK-1
20260905_113629_48895a,2516,task_assigned,R6,G00957,
20260905_113629_48895a,2518,task_completed,R9,G00950,
20260905_113629_48895a,2519,task_assigned,R9,G00956,
20260905_113629_48895a,2521,task_completed,R12,G00788,
20260905_113629_48895a,2521,task_completed,R3,G00791,
20260905_113629_48895a,2522,task_assigned,R3,G00806,
20260905_113629_48895a,2522,task_assigned,R12,G00955,
20260905_113629_48895a,2523,task_created,,G00958,type=PUTAWAY pickup=RECV dropoff=E-05
20260905_113629_48895a,2525,task_created,,G00959,type=PICK pickup=D-03 dropoff=PICK-3
20260905_113629_48895a,2527,task_completed,R7,G00948,
20260905_113629_48895a,2527,task_created,,G00960,type=PACK pickup=PICK-3 dropoff=PACK-2
20260905_113629_48895a,2528,task_assigned,R7,G00960,
20260905_113629_48895a,2529,task_completed,R2,G00952,
20260905_113629_48895a,2529,task_created,,G00961,type=SHIP pickup=STAGING dropoff=DOCK-2
20260905_113629_48895a,2530,task_completed,R13,G00951,
20260905_113629_48895a,2530,task_assigned,R2,G00961,
20260905_113629_48895a,2531,task_assigned,R13,G00959,
20260905_113629_48895a,2531,task_created,,G00962,type=PUTAWAY pickup=RECV dropoff=E-04
20260905_113629_48895a,2533,task_completed,R5,G00785,
20260905_113629_48895a,2534,task_completed,R10,G00794,
20260905_113629_48895a,2534,task_assigned,R5,G00809,
20260905_113629_48895a,2534,task_completed,R6,G00957,
20260905_113629_48895a,2534,task_interrupted,R2,G00961,
20260905_113629_48895a,2535,task_assigned,R6,G00961,
20260905_113629_48895a,2535,task_created,,G00963,type=PICK pickup=E-05 dropoff=PICK-1
20260905_113629_48895a,2535,task_assigned,R10,G00963,
20260905_113629_48895a,2536,task_completed,R7,G00960,
20260905_113629_48895a,2537,task_assigned,R7,G00813,
20260905_113629_48895a,2539,task_completed,R3,G00806,
20260905_113629_48895a,2539,task_created,,G00964,type=PUTAWAY pickup=RECV dropoff=G-03
20260905_113629_48895a,2539,task_created,,G00965,type=PACK pickup=PICK-2 dropoff=PACK-1
20260905_113629_48895a,2540,task_completed,R6,G00961,
20260905_113629_48895a,2540,task_assigned,R3,G00965,
20260905_113629_48895a,2541,task_assigned,R6,G00816,
20260905_113629_48895a,2543,task_created,,G00966,type=SHIP pickup=STAGING dropoff=DOCK-1
20260905_113629_48895a,2544,task_completed,R1,G00800,
20260905_113629_48895a,2545,task_assigned,R1,G00966,
20260905_113629_48895a,2545,task_created,,G00967,type=PICK pickup=E-05 dropoff=PICK-3
20260905_113629_48895a,2547,task_created,,G00968,type=PUTAWAY pickup=BUFFER dropoff=F-05
20260905_113629_48895a,2550,task_completed,R11,G00803,
20260905_113629_48895a,2551,task_created,,G00969,type=PACK pickup=PICK-2 dropoff=PACK-2
20260905_113629_48895a,2551,task_assigned,R11,G00969,
20260905_113629_48895a,2552,task_completed,R9,G00956,
20260905_113629_48895a,2553,task_completed,R13,G00959,
20260905_113629_48895a,2553,task_assigned,R9,G00967,
20260905_113629_48895a,2554,task_assigned,R13,G00818,
20260905_113629_48895a,2555,task_created,,G00970,type=PUTAWAY pickup=RECV dropoff=D-04
20260905_113629_48895a,2555,task_created,,G00971,type=PICK pickup=D-02 dropoff=PICK-3
20260905_113629_48895a,2557,task_completed,R12,G00955,
20260905_113629_48895a,2557,task_created,,G00972,type=SHIP pickup=STAGING dropoff=DOCK-2
20260905_113629_48895a,2558,task_completed,R4,G00798,
20260905_113629_48895a,2558,task_assigned,R12,G00972,
20260905_113629_48895a,2559,task_assigned,R4,G00971,
20260905_113629_48895a,2560,task_completed,R3,G00965,
20260905_113629_48895a,2561,task_assigned,R2,G00821,
20260905_113629_48895a,2563,task_created,,G00973,type=PUTAWAY pickup=BUFFER dropoff=B-06
20260905_113629_48895a,2563,task_created,,G00974,type=PACK pickup=PICK-3 dropoff=PACK-1
20260905_113629_48895a,2563,task_assigned,R3,G00974,
20260905_113629_48895a,2565,task_created,,G00975,type=PICK pickup=D-08 dropoff=PICK-1
20260905_113629_48895a,2568,task_completed,R10,G00963,
20260905_113629_48895a,2569,task_assigned,R10,G00975,
20260905_113629_48895a,2570,task_completed,R8,G00782,
20260905_113629_48895a,2571,task_interrupted,R3,G00974,
20260905_113629_48895a,2571,task_created,,G00976,type=PUTAWAY pickup=BUFFER dropoff=D-06
20260905_113629_48895a,2571,task_created,,G00977,type=SHIP pickup=STAGING dropoff=DOCK-1
20260905_113629_48895a,2571,task_assigned,R8,G00977,
20260905_113629_48895a,2572,task_completed,R1,G00966,
20260905_113629_48895a,2573,task_completed,R5,G00809,
20260905_113629_48895a,2573,task_assigned,R1,G00974,
20260905_113629_48895a,2574,task_assigned,R5,G00825,
20260905_113629_48895a,2574,task_completed,R12,G00972,
20260905_113629_48895a,2575,task_completed,R7,G00813,
20260905_113629_48895a,2575,task_created,,G00978,type=PICK pickup=G-05 dropoff=PICK-2
20260905_113629_48895a,2575,task_created,,G00979,type=PACK pickup=PICK-3 dropoff=PACK-2
20260905_113629_48895a,2575,task_assigned,R12,G00979,
20260905_113629_48895a,2576,task_completed,R4,G00971,
20260905_113629_48895a,2576,task_assigned,R7,G00978,
20260905_113629_48895a,2577,task_assigned,R4,G00827,
20260905_113629_48895a,2577,task_completed,R11,G00969,
20260905_113629_48895a,2578,task_assigned,R11,G00831,
20260905_113629_48895a,2579,task_created,,G00980,type=PUTAWAY pickup=BUFFER dropoff=C-02
20260905_113629_48895a,2585,task_interrupted,R1,G00974,
20260905_113629_48895a,2585,task_created,,G00981,type=PICK pickup=A-01 dropoff=PICK-3
20260905_113629_48895a,2585,task_created,,G00982,type=SHIP pickup=STAGING dropoff=DOCK-2
20260905_113629_48895a,2587,task_completed,R6,G00816,
20260905_113629_48895a,2587,task_created,,G00983,type=PUTAWAY pickup=RECV dropoff=H-06
20260905_113629_48895a,2587,task_created,,G00984,type=PACK pickup=PICK-3 dropoff=PACK-1
20260905_113629_48895a,2588,task_assigned,R6,G00982,
20260905_113629_48895a,2589,task_completed,R13,G00818,
20260905_113629_48895a,2590,task_assigned,R13,G00974,
20260905_113629_48895a,2593,task_completed,R7,G00978,
20260905_113629_48895a,2594,task_assigned,R7,G00984,
20260905_113629_48895a,2595,task_created,,G00985,type=PUTAWAY pickup=RECV dropoff=F-02
20260905_113629_48895a,2595,task_created,,G00986,type=PICK pickup=E-05 dropoff=PICK-3
20260905_113629_48895a,2599,task_created,,G00987,type=PACK pickup=PICK-1 dropoff=PACK-1
20260905_113629_48895a,2599,task_created,,G00988,type=SHIP pickup=STAGING dropoff=DOCK-1
20260905_113629_48895a,2600,task_completed,R8,G00977,
20260905_113629_48895a,2600,task_completed,R12,G00979,
20260905_113629_48895a,2601,task_assigned,R12,G00987,
20260905_113629_48895a,2601,task_assigned,R8,G00988,
20260905_113629_48895a,2603,task_assigned,R3,G00981,
20260905_113629_48895a,2603,task_created,,G00989,type=PUTAWAY pickup=BUFFER dropoff=G-06
20260905_113629_48895a,2604,task_completed,R2,G00821,
20260905_113629_48895a,2605,task_assigned,R2,G00986,
20260905_113629_48895a,2605,task_created,,G00990,type=PICK pickup=C-07 dropoff=PICK-1
20260905_113629_48895a,2606,task_completed,R8,G00988,
20260905_113629_48895a,2607,task_assigned,R8,G00990,
20260905_113629_48895a,2611,task_created,,G00991,type=PUTAWAY pickup=RECV dropoff=H-08
20260905_113629_48895a,2611,task_created,,G00992,type=PACK pickup=PICK-1 dropoff=PACK-2
20260905_113629_48895a,2612,task_completed,R9,G00967,
20260905_113629_48895a,2613,task_created,,G00993,type=SHIP pickup=STAGING dropoff=DOCK-1
20260905_113629_48895a,2613,task_assigned,R9,G00993,
20260905_113629_48895a,2614,task_completed,R6,G00982,
20260905_113629_48895a,2615,task_assigned,R6,G00992,
20260905_113629_48895a,2615,task_created,,G00994,type=PICK pickup=E-07 dropoff=PICK-3
20260905_113629_48895a,2619,task_completed,R7,G00984,
20260905_113629_48895a,2619,task_assigned,R1,G00994,
20260905_113629_48895a,2619,task_created,,G00995,type=PUTAWAY pickup=BUFFER dropoff=F-03
20260905_113629_48895a,2620,task_assigned,R7,G00834,
20260905_113629_48895a,2623,task_created,,G00996,type=PACK pickup=PICK-2 dropoff=PACK-2
20260905_113629_48895a,2625,task_completed,R5,G00825,
20260905_113629_48895a,2625,task_completed,R12,G00987,
20260905_113629_48895a,2625,task_created,,G00997,type=PICK pickup=H-08 dropoff=PICK-1
20260905_113629_48895a,2626,task_assigned,R12,G00996,
20260905_113629_48895a,2626,task_assigned,R5,G00997,
20260905_113629_48895a,2627,task_completed,R4,G00827,
20260905_113629_48895a,2627,task_created,,G00998,type=PUTAWAY pickup=RECV dropoff=E-03
20260905_113629_48895a,2627,task_created,,G00999,type=SHIP pickup=STAGING dropoff=DOCK-1
20260905_113629_48895a,2628,task_completed,R13,G00974,
20260905_113629_48895a,2628,task_assigned,R4,G00999,
20260905_113629_48895a,2629,task_assigned,R13,G00836,
20260905_113629_48895a,2629,task_completed,R9,G00993,
20260905_113629_48895a,2630,task_assigned,R9,G00840,
20260905_113629_48895a,2632,task_completed,R11,G00831,
20260905_113629_48895a,2633,task_assigned,R11,G00843,
20260905_113629_48895a,2635,task_created,,G01000,type=PUTAWAY pickup=RECV dropoff=C-05
20260905_113629_48895a,2635,task_created,,G01001,type=PICK pickup=H-03 dropoff=PICK-3
20260905_113629_48895a,2635,task_created,,G01002,type=PACK pickup=PICK-2 dropoff=PACK-1
20260905_113629_48895a,2639,task_completed,R10,G00975,
20260905_113629_48895a,2639,task_completed,R12,G00996,
20260905_113629_48895a,2640,task_assigned,R12,G01002,
20260905_113629_48895a,2641,task_created,,G01003,type=SHIP pickup=STAGING dropoff=DOCK-2
20260905_113629_48895a,2643,task_created,,G01004,type=PUTAWAY pickup=RECV dropoff=D-01
20260905_113629_48895a,2645,task_completed,R8,G00990,
20260905_113629_48895a,2645,task_created,,G01005,type=PICK pickup=C-07 dropoff=PICK-3
20260905_113629_48895a,2646,task_assigned,R8,G01003,
20260905_113629_48895a,2647,task_interrupted,R5,G00997,
20260905_113629_48895a,2647,task_interrupted,R12,G01002,
20260905_113629_48895a,2647,task_created,,G01006,type=PACK pickup=PICK-3 dropoff=PACK-2
20260905_113629_48895a,2648,task_completed,R6,G00992,
20260905_113629_48895a,2649,task_assigned,R6,G01002,
20260905_113629_48895a,2651,task_created,,G01007,type=PUTAWAY pickup=RECV dropoff=F-02
20260905_113629_48895a,2654,task_interrupted,R13,G00836,
20260905_113629_48895a,2655,task_completed,R2,G00986,
20260905_113629_48895a,2655,task_created,,G01008,type=PICK pickup=B-04 dropoff=PICK-2
20260905_113629_48895a,2655,task_created,,G01009,type=SHIP pickup=STAGING dropoff=DOCK-1
20260905_113629_48895a,2656,task_completed,R3,G00981,
20260905_113629_48895a,2656,task_assigned,R2,G01009,
20260905_113629_48895a,2657,task_assigned,R3,G01006,
20260905_113629_48895a,2659,task_created,,G01010,type=PUTAWAY pickup=BUFFER dropoff=H-06
20260905_113629_48895a,2659,task_created,,G01011,type=PACK pickup=PICK-2 dropoff=PACK-1
20260905_113629_48895a,2660,task_completed,R11,G00843,
20260905_113629_48895a,2660,task_assigned,R10,G01011,
20260905_113629_48895a,2661,task_assigned,R11,G00997,
20260905_113629_48895a,2661,task_completed,R6,G01002,
20260905_113629_48895a,2662,task_completed,R1,G00994,
20260905_113629_48895a,2662,task_assigned,R6,G01001,
20260905_113629_48895a,2663,task_completed,R8,G01003,
20260905_113629_48895a,2663,task_assigned,R1,G01005,
20260905_113629_48895a,2664,task_assigned,R8,G01008,
20260905_113629_48895a,2665,task_created,,G01012,type=PICK pickup=A-01 dropoff=PICK-2
20260905_113629_48895a,2667,task_interrupted,R11,G00997,
20260905_113629_48895a,2667,task_completed,R4,G00999,
20260905_113629_48895a,2667,task_created,,G01013,type=PUTAWAY pickup=RECV dropoff=D-07
20260905_113629_48895a,2668,task_assigned,R4,G00997,
20260905_113629_48895a,2668,task_completed,R3,G01006,
20260905_113629_48895a,2669,task_completed,R7,G00834,
20260905_113629_48895a,2669,task_created,,G01014,type=SHIP pickup=STAGING dropoff=DOCK-2
20260905_113629_48895a,2669,task_assigned,R3,G01014,
20260905_113629_48895a,2670,task_interrupted,R6,G01001,
20260905_113629_48895a,2670,task_assigned,R7,G01012,
20260905_113629_48895a,2671,task_created,,G01015,type=PACK pickup=PICK-2 dropoff=PACK-2
20260905_113629_48895a,2672,task_completed,R2,G01009,
20260905_113629_48895a,2673,task_assigned,R2,G01015,
20260905_113629_48895a,2674,task_interrupted,R7,G01012,
20260905_113629_48895a,2675,task_completed,R9,G00840,
20260905_113629_48895a,2675,task_assigned,R5,G01001,
20260905_113629_48895a,2675,task_created,,G01016,type=PUTAWAY pickup=BUFFER dropoff=E-02
20260905_113629_48895a,2675,task_created,,G01017,type=PICK pickup=F-07 dropoff=PICK-3
20260905_113629_48895a,2676,task_assigned,R9,G01012,
20260905_113629_48895a,2676,task_completed,R3,G01014,
20260905_113629_48895a,2677,task_assigned,R3,G00836,
20260905_113629_48895a,2677,task_assigned,R12,G01017,
20260905_113629_48895a,2682,task_completed,R4,G00997,
20260905_113629_48895a,2683,task_created,,G01018,type=PUTAWAY pickup=BUFFER dropoff=A-08
20260905_113629_48895a,2683,task_created,,G01019,type=PACK pickup=PICK-3 dropoff=PACK-1
20260905_113629_48895a,2683,task_created,,G01020,type=SHIP pickup=STAGING dropoff=DOCK-2
20260905_113629_48895a,2683,task_assigned,R4,G01020,
20260905_113629_48895a,2685,task_completed,R10,G01011,
20260905_113629_48895a,2685,task_created,,G01021,type=PICK pickup=C-05 dropoff=PICK-2
20260905_113629_48895a,2686,task_assigned,R10,G01019,
20260905_113629_48895a,2688,task_completed,R2,G01015,
20260905_113629_48895a,2689,task_assigned,R2,G01021,
20260905_113629_48895a,2690,task_completed,R8,G01008,
20260905_113629_48895a,2691,task_assigned,R8,G00846,
20260905_113629_48895a,2691,task_created,,G01022,type=PUTAWAY pickup=RECV dropoff=B-08
20260905_113629_48895a,2695,task_created,,G01023,type=PICK pickup=E-06 dropoff=PICK-2
20260905_113629_48895a,2695,task_created,,G01024,type=PACK pickup=PICK-3 dropoff=PACK-1
20260905_113629_48895a,2697,task_created,,G01025,type=SHIP pickup=STAGING dropoff=DOCK-1
20260905_113629_48895a,2698,task_interrupted,R8,G00846,
20260905_113629_48895a,2699,task_interrupted,R4,G01020,
20260905_113629_48895a,2699,task_assigned,R13,G01025,
20260905_113629_48895a,2699,task_created,,G01026,type=PUTAWAY pickup=RECV dropoff=C-04
20260905_113629_48895a,2703,task_completed,R3,G00836,
20260905_113629_48895a,2704,task_completed,R9,G01012,
20260905_113629_48895a,2704,task_assigned,R3,G01020,
20260905_113629_48895a,2705,task_assigned,R9,G01024,
20260905_113629_48895a,2705,task_created,,G01027,type=PICK pickup=H-03 dropoff=PICK-3
20260905_113629_48895a,2707,task_created,,G01028,type=PUTAWAY pickup=RECV dropoff=G-06
20260905_113629_48895a,2707,task_created,,G01029,type=PACK pickup=PICK-3 dropoff=PACK-2
20260905_113629_48895a,2711,task_created,,G01030,type=SHIP pickup=STAGING dropoff=DOCK-1
20260905_113629_48895a,2711,task_assigned,R6,G01030,
20260905_113629_48895a,2713,task_assigned,R7,G01029,
20260905_113629_48895a,2715,task_completed,R10,G01019,
20260905_113629_48895a,2715,task_assigned,R11,G01023,
20260905_113629_48895a,2715,task_created,,G01031,type=PUTAWAY pickup=BUFFER dropoff=H-02
20260905_113629_48895a,2715,task_created,,G01032,type=PICK pickup=F-07 dropoff=PICK-1
20260905_113629_48895a,2716,task_completed,R1,G01005,
20260905_113629_48895a,2716,task_completed,R13,G01025,
20260905_113629_48895a,2716,task_assigned,R10,G01027,
20260905_113629_48895a,2717,task_assigned,R1,G00846,
20260905_113629_48895a,2717,task_completed,R5,G01001,
20260905_113629_48895a,2717,task_assigned,R13,G01032,
20260905_113629_48895a,2719,task_created,,G01033,type=PACK pickup=PICK-3 dropoff=PACK-1
20260905_113629_48895a,2719,task_assigned,R5,G01033,
20260905_113629_48895a,2723,task_created,,G01034,type=PUTAWAY pickup=BUFFER dropoff=D-02
20260905_113629_48895a,2724,task_completed,R3,G01020,
20260905_113629_48895a,2725,task_completed,R12,G01017,
20260905_113629_48895a,2725,task_created,,G01035,type=PICK pickup=C-04 dropoff=PICK-1
20260905_113629_48895a,2725,task_created,,G01036,type=SHIP pickup=STAGING dropoff=DOCK-2
20260905_113629_48895a,2725,task_assigned,R3,G01036,
20260905_113629_48895a,2726,task_interrupted,R9,G01024,
20260905_113629_48895a,2726,task_assigned,R12,G01035,
20260905_113629_48895a,2728,task_assigned,R8,G01024,
20260905_113629_48895a,2728,task_completed,R6,G01030,
20260905_113629_48895a,2729,task_assigned,R6,G00848,
20260905_113629_48895a,2729,task_completed,R2,G01021,
20260905_113629_48895a,2730,task_assigned,R2,G00852,
20260905_113629_48895a,2730,task_completed,R3,G01036,
20260905_113629_48895a,2731,task_created,,G01037,type=PUTAWAY pickup=BUFFER dropoff=D-03
20260905_113629_48895a,2731,task_created,,G01038,type=PACK pickup=PICK-3 dropoff=PACK-2
20260905_113629_48895a,2731,task_assigned,R3,G01038,
20260905_113629_48895a,2735,task_created,,G01039,type=PICK pickup=B-04 dropoff=PICK-3
20260905_113629_48895a,2736,task_completed,R5,G01033,
20260905_113629_48895a,2736,task_assigned,R4,G01039,
20260905_113629_48895a,2737,task_assigned,R5,G00855,
20260905_113629_48895a,2739,task_created,,G01040,type=PUTAWAY pickup=RECV dropoff=A-08
20260905_113629_48895a,2739,task_created,,G01041,type=SHIP pickup=STAGING dropoff=DOCK-1
20260905_113629_48895a,2742,task_completed,R13,G01032,
20260905_113629_48895a,2743,task_completed,R10,G01027,
20260905_113629_48895a,2743,task_assigned,R13,G01041,
20260905_113629_48895a,2743,task_created,,G01042,type=PACK pickup=PICK-3 dropoff=PACK-2
20260905_113629_48895a,2744,task_assigned,R10,G01042,
20260905_113629_48895a,2745,task_created,,G01043,type=PICK pickup=H-03 dropoff=PICK-3
20260905_113629_48895a,2747,task_completed,R2,G00852,
20260905_113629_48895a,2747,task_completed,R11,G01023,
20260905_113629_48895a,2747,task_created,,G01044,type=PUTAWAY pickup=BUFFER dropoff=H-04
20260905_113629_48895a,2748,task_assigned,R2,G00858,
20260905_113629_48895a,2748,task_assigned,R11,G01043,
20260905_113629_48895a,2749,task_completed,R7,G01029,
20260905_113629_48895a,2750,task_assigned,R7,G00862,
20260905_113629_48895a,2752,task_completed,R10,G01042,
20260905_113629_48895a,2753,task_completed,R3,G01038,
20260905_113629_48895a,2753,task_created,,G01045,type=SHIP pickup=STAGING dropoff=DOCK-1
20260905_113629_48895a,2753,task_assigned,R10,G01045,
20260905_113629_48895a,2754,task_completed,R1,G00846,
20260905_113629_48895a,2754,task_assigned,R3,G00863,
20260905_113629_48895a,2755,task_created,,G01046,type=PUTAWAY pickup=RECV dropoff=E-01
20260905_113629_48895a,2755,task_created,,G01047,type=PICK pickup=A-01 dropoff=PICK-3
20260905_113629_48895a,2755,task_created,,G01048,type=PACK pickup=PICK-1 dropoff=PACK-1
20260905_113629_48895a,2755,task_assigned,R1,G01048,
20260905_113629_48895a,2756,task_completed,R12,G01035,
20260905_113629_48895a,2757,task_assigned,R12,G00867,
20260905_113629_48895a,2757,task_assigned,R9,G01047,
20260905_113629_48895a,2760,task_completed,R10,G01045,
20260905_113629_48895a,2761,task_assigned,R10,G00870,
20260905_113629_48895a,2761,task_completed,R8,G01024,
20260905_113629_48895a,2761,task_completed,R13,G01041,
20260905_113629_48895a,2762,task_assigned,R8,G00873,
20260905_113629_48895a,2762,task_assigned,R13,G00877,
20260905_113629_48895a,2763,task_created,,G01049,type=PUTAWAY pickup=BUFFER dropoff=G-07
20260905_113629_48895a,2765,task_completed,R5,G00855,
20260905_113629_48895a,2765,task_created,,G01050,type=PICK pickup=F-05 dropoff=PICK-3
20260905_113629_48895a,2766,task_assigned,R5,G01050,
20260905_113629_48895a,2767,task_created,,G01051,type=PACK pickup=PICK-1 dropoff=PACK-1
20260905_113629_48895a,2767,task_created,,G01052,type=SHIP pickup=STAGING dropoff=DOCK-2
20260905_113629_48895a,2769,task_completed,R11,G01043,
20260905_113629_48895a,2770,task_assigned,R11,G01052,
20260905_113629_48895a,2771,task_completed,R2,G00858,
20260905_113629_48895a,2771,task_created,,G01053,type=PUTAWAY pickup=BUFFER dropoff=E-05
20260905_113629_48895a,2772,task_assigned,R2,G01051,
20260905_113629_48895a,2775,task_created,,G01054,type=PICK pickup=G-05 dropoff=PICK-1
20260905_113629_48895a,2779,task_created,,G01055,type=PUTAWAY pickup=BUFFER dropoff=G-06
20260905_113629_48895a,2779,task_created,,G01056,type=PACK pickup=PICK-2 dropoff=PACK-2
20260905_113629_48895a,2781,task_created,,G01057,type=SHIP pickup=STAGING dropoff=DOCK-2
20260905_113629_48895a,2782,task_interrupted,R2,G01051,
20260905_113629_48895a,2784,task_completed,R1,G01048,
20260905_113629_48895a,2785,task_assigned,R1,G01057,
20260905_113629_48895a,2785,task_created,,G01058,type=PICK pickup=G-01 dropoff=PICK-1
20260905_113629_48895a,2786,task_completed,R11,G01052,
20260905_113629_48895a,2787,task_completed,R6,G00848,
20260905_113629_48895a,2787,task_assigned,R11,G01051,
20260905_113629_48895a,2787,task_created,,G01059,type=PUTAWAY pickup=BUFFER dropoff=F-05
20260905_113629_48895a,2788,task_assigned,R6,G01056,
20260905_113629_48895a,2790,task_completed,R12,G00867,
20260905_113629_48895a,2791,task_completed,R1,G01057,
20260905_113629_48895a,2791,task_created,,G01060,type=PACK pickup=PICK-1 dropoff=PACK-1
20260905_113629_48895a,2791,task_assigned,R12,G01060,
20260905_113629_48895a,2792,task_assigned,R1,G01054,
20260905_113629_48895a,2793,task_completed,R5,G01050,
20260905_113629_48895a,2794,task_completed,R10,G00870,
20260905_113629_48895a,2794,task_assigned,R5,G01058,
20260905_113629_48895a,2795,task_completed,R4,G01039,
20260905_113629_48895a,2795,task_created,,G01061,type=PUTAWAY pickup=RECV dropoff=C-01
20260905_113629_48895a,2795,task_created,,G01062,type=PICK pickup=D-05 dropoff=PICK-1
20260905_113629_48895a,2795,task_created,,G01063,type=SHIP pickup=STAGING dropoff=DOCK-2
20260905_113629_48895a,2795,task_assigned,R10,G01063,
20260905_113629_48895a,2796,task_assigned,R4,G01062,
20260905_113629_48895a,2801,task_completed,R9,G01047,
20260905_113629_48895a,2802,task_assigned,R9,G00879,
20260905_113629_48895a,2802,task_completed,R6,G01056,
20260905_113629_48895a,2803,task_assigned,R6,G00882,
20260905_113629_48895a,2803,task_created,,G01064,type=PUTAWAY pickup=RECV dropoff=G-07
20260905_113629_48895a,2803,task_created,,G01065,type=PACK pickup=PICK-3 dropoff=PACK-2
20260905_113629_48895a,2803,task_assigned,R2,G01065,
20260905_113629_48895a,2805,task_created,,G01066,type=PICK pickup=D-06 dropoff=PICK-1
20260905_113629_48895a,2809,task_created,,G01067,type=SHIP pickup=STAGING dropoff=DOCK-2
20260905_113629_48895a,2811,task_created,,G01068,type=PUTAWAY pickup=BUFFER dropoff=E-04
20260905_113629_48895a,2813,task_completed,R7,G00862,
20260905_113629_48895a,2814,task_assigned,R7,G01067,
20260905_113629_48895a,2815,task_created,,G01069,type=PICK pickup=D-01 dropoff=PICK-3
20260905_113629_48895a,2815,task_created,,G01070,type=PACK pickup=PICK-1 dropoff=PACK-1
20260905_113629_48895a,2816,task_completed,R11,G01051,
20260905_113629_48895a,2816,task_completed,R10,G01063,
20260905_113629_48895a,2817,task_completed,R8,G00873,
20260905_113629_48895a,2817,task_completed,R13,G00877,
20260905_113629_48895a,2817,task_assigned,R10,G01066,
20260905_113629_48895a,2817,task_assigned,R11,G01070,
20260905_113629_48895a,2818,task_assigned,R8,G00885,
20260905_113629_48895a,2818,task_completed,R1,G01054,
20260905_113629_48895a,2818,task_assigned,R13,G01069,
20260905_113629_48895a,2819,task_assigned,R1,G00889,
20260905_113629_48895a,2819,task_created,,G01071,type=PUTAWAY pickup=RECV dropoff=A-03
20260905_113629_48895a,2823,task_completed,R12,G01060,
20260905_113629_48895a,2823,task_created,,G01072,type=SHIP pickup=STAGING dropoff=DOCK-1
20260905_113629_48895a,2824,task_assigned,R12,G01072,
20260905_113629_48895a,2825,task_completed,R13,G01069,
20260905_113629_48895a,2825,task_created,,G01073,type=PICK pickup=B-01 dropoff=PICK-1
20260905_113629_48895a,2826,task_completed,R3,G00863,
20260905_113629_48895a,2826,task_assigned,R13,G01073,
20260905_113629_48895a,2827,task_completed,R4,G01062,
20260905_113629_48895a,2827,task_created,,G01074,type=PUTAWAY pickup=BUFFER dropoff=H-02
20260905_113629_48895a,2827,task_created,,G01075,type=PACK pickup=PICK-3 dropoff=PACK-1
20260905_113629_48895a,2828,task_assigned,R4,G01075,
20260905_113629_48895a,2830,task_completed,R12,G01072,
20260905_113629_48895a,2831,task_assigned,R12,G00891,
20260905_113629_48895a,2834,task_completed,R7,G01067,
20260905_113629_48895a,2835,task_created,,G01076,type=PUTAWAY pickup=BUFFER dropoff=A-06
20260905_113629_48895a,2835,task_created,,G01077,type=PICK pickup=G-04 dropoff=PICK-2
20260905_113629_48895a,2835,task_assigned,R7,G01077,
20260905_113629_48895a,2836,task_completed,R11,G01070,
20260905_113629_48895a,2837,task_created,,G01078,type=SHIP pickup=STAGING dropoff=DOCK-1
20260905_113629_48895a,2837,task_assigned,R11,G01078,
20260905_113629_48895a,2838,task_completed,R2,G01065,
20260905_113629_48895a,2839,task_completed,R5,G01058,
20260905_113629_48895a,2839,task_created,,G01079,type=PACK pickup=PICK-1 dropoff=PACK-1
20260905_113629_48895a,2839,task_assigned,R2,G01079,
20260905_113629_48895a,2840,task_assigned,R5,G00894,
20260905_113629_48895a,2843,task_interrupted,R1,G00889,
20260905_113629_48895a,2843,task_completed,R11,G01078,
20260905_113629_48895a,2843,task_created,,G01080,type=PUTAWAY pickup=RECV dropoff=D-06
20260905_113629_48895a,2844,task_assigned,R11,G00889,
20260905_113629_48895a,2845,task_completed,R6,G00882,
20260905_113629_48895a,2845,task_created,,G01081,type=PICK pickup=F-01 dropoff=PICK-3
20260905_113629_48895a,2846,task_assigned,R6,G01081,
20260905_113629_48895a,2848,task_completed,R8,G00885,
20260905_113629_48895a,2849,task_assigned,R8,G00898,
20260905_113629_48895a,2850,task_completed,R13,G01073,
20260905_113629_48895a,2851,task_created,,G01082,type=PUTAWAY pickup=RECV dropoff=D-07
20260905_113629_48895a,2851,task_created,,G01083,type=PACK pickup=PICK-2 dropoff=PACK-1
20260905_113629_48895a,2851,task_created,,G01084,type=SHIP pickup=STAGING dropoff=DOCK-2
20260905_113629_48895a,2851,task_assigned,R13,G01084,
20260905_113629_48895a,2855,task_completed,R9,G00879,
20260905_113629_48895a,2855,task_created,,G01085,type=PICK pickup=E-07 dropoff=PICK-2
20260905_113629_48895a,2856,task_assigned,R9,G01083,
20260905_113629_48895a,2859,task_completed,R5,G00894,
20260905_113629_48895a,2859,task_completed,R10,G01066,
20260905_113629_48895a,2859,task_created,,G01086,type=PUTAWAY pickup=BUFFER dropoff=C-07
20260905_113629_48895a,2860,task_assigned,R10,G00900,
20260905_113629_48895a,2860,task_assigned,R5,G01085,
20260905_113629_48895a,2862,task_completed,R7,G01077,
20260905_113629_48895a,2863,task_completed,R2,G01079,
20260905_113629_48895a,2863,task_created,,G01087,type=PACK pickup=PICK-3 dropoff=PACK-2
20260905_113629_48895a,2863,task_assigned,R7,G01087,
20260905_113629_48895a,2864,task_assigned,R2,G00904,
20260905_113629_48895a,2865,task_completed,R4,G01075,
20260905_113629_48895a,2865,task_created,,G01088,type=PICK pickup=H-08 dropoff=PICK-1
20260905_113629_48895a,2865,task_created,,G01089,type=SHIP pickup=STAGING dropoff=DOCK-2
20260905_113629_48895a,2866,task_assigned,R4,G01089,
20260905_113629_48895a,2867,task_created,,G01090,type=PUTAWAY pickup=RECV dropoff=G-06
20260905_113629_48895a,2869,task_completed,R13,G01084,
20260905_113629_48895a,2869,task_assigned,R3,G01088,
20260905_113629_48895a,2870,task_assigned,R13,G00907,
20260905_113629_48895a,2872,task_completed,R4,G01089,
20260905_113629_48895a,2873,task_interrupted,R10,G00900,
20260905_113629_48895a,2873,task_assigned,R4,G00909,
20260905_113629_48895a,2873,task_completed,R9,G01083,
20260905_113629_48895a,2874,task_assigned,R9,G00900,
20260905_113629_48895a,2875,task_completed,R11,G00889,
20260905_113629_48895a,2875,task_created,,G01091,type=PUTAWAY pickup=RECV dropoff=C-04
20260905_113629_48895a,2875,task_created,,G01092,type=PICK pickup=E-07 dropoff=PICK-2
20260905_113629_48895a,2875,task_created,,G01093,type=PACK pickup=PICK-1 dropoff=PACK-2
20260905_113629_48895a,2876,task_completed,R8,G00898,
20260905_113629_48895a,2876,task_assigned,R11,G01093,
20260905_113629_48895a,2877,task_assigned,R8,G01092,
20260905_113629_48895a,2879,task_completed,R7,G01087,
20260905_113629_48895a,2879,task_created,,G01094,type=SHIP pickup=STAGING dropoff=DOCK-1
20260905_113629_48895a,2880,task_assigned,R7,G01094,
20260905_113629_48895a,2883,task_created,,G01095,type=PUTAWAY pickup=RECV dropoff=C-03
20260905_113629_48895a,2885,task_created,,G01096,type=PICK pickup=H-04 dropoff=PICK-1
20260905_113629_48895a,2886,task_completed,R12,G00891,
20260905_113629_48895a,2887,task_completed,R7,G01094,
20260905_113629_48895a,2887,task_created,,G01097,type=PACK pickup=PICK-3 dropoff=PACK-2
20260905_113629_48895a,2887,task_assigned,R1,G01097,
20260905_113629_48895a,2888,task_assigned,R12,G00912,
20260905_113629_48895a,2888,task_assigned,R7,G01096,
20260905_113629_48895a,2890,task_completed,R6,G01081,
20260905_113629_48895a,2891,task_assigned,R6,G00916,
20260905_113629_48895a,2891,task_created,,G01098,type=PUTAWAY pickup=RECV dropoff=C-02
20260905_113629_48895a,2893,task_created,,G01099,type=SHIP pickup=STAGING dropoff=DOCK-1
20260905_113629_48895a,2895,task_completed,R2,G00904,
20260905_113629_48895a,2895,task_created,,G01100,type=PICK pickup=E-01 dropoff=PICK-1
20260905_113629_48895a,2896,task_completed,R5,G01085,
20260905_113629_48895a,2896,task_assigned,R2,G01099,
20260905_113629_48895a,2897,task_assigned,R5,G01100,
20260905_113629_48895a,2899,task_interrupted,R5,G01100,
20260905_113629_48895a,2899,task_created,,G01101,type=PUTAWAY pickup=RECV dropoff=B-03
20260905_113629_48895a,2899,task_created,,G01102,type=PACK pickup=PICK-2 dropoff=PACK-2
20260905_113629_48895a,2901,task_completed,R12,G00912,
20260905_113629_48895a,2902,task_assigned,R12,G01102,
20260905_113629_48895a,2905,task_completed,R13,G00907,
20260905_113629_48895a,2905,task_created,,G01103,type=PICK pickup=B-04 dropoff=PICK-3
20260905_113629_48895a,2906,task_assigned,R13,G01100,
20260905_113629_48895a,2907,task_interrupted,R12,G01102,
20260905_113629_48895a,2907,task_created,,G01104,type=PUTAWAY pickup=BUFFER dropoff=A-07
20260905_113629_48895a,2907,task_created,,G01105,type=SHIP pickup=STAGING dropoff=DOCK-2
20260905_113629_48895a,2911,task_assigned,R10,G01105,
20260905_113629_48895a,2911,task_created,,G01106,type=PACK pickup=PICK-3 dropoff=PACK-1
20260905_113629_48895a,2913,task_completed,R4,G00909,
20260905_113629_48895a,2914,task_completed,R6,G00916,
20260905_113629_48895a,2914,task_assigned,R4,G01102,
20260905_113629_48895a,2915,task_assigned,R6,G01106,
20260905_113629_48895a,2915,task_created,,G01107,type=PUTAWAY pickup=BUFFER dropoff=D-01
20260905_113629_48895a,2915,task_created,,G01108,type=PICK pickup=D-04 dropoff=PICK-2
20260905_113629_48895a,2916,task_completed,R13,G01100,
20260905_113629_48895a,2917,task_completed,R11,G01093,
20260905_113629_48895a,2917,task_assigned,R13,G01103,
20260905_113629_48895a,2918,task_assigned,R11,G01108,
20260905_113629_48895a,2919,task_completed,R8,G01092,
20260905_113629_48895a,2920,task_assigned,R8,G00919,
20260905_113629_48895a,2921,task_interrupted,R13,G01103,
20260905_113629_48895a,2921,task_created,,G01109,type=SHIP pickup=STAGING dropoff=DOCK-2
20260905_113629_48895a,2923,task_completed,R1,G01097,
20260905_113629_48895a,2923,task_created,,G01110,type=PUTAWAY pickup=RECV dropoff=A-02
20260905_113629_48895a,2923,task_created,,G01111,type=PACK pickup=PICK-1 dropoff=PACK-1
20260905_113629_48895a,2924,task_assigned,R1,G01109,
20260905_113629_48895a,2925,task_created,,G01112,type=PICK pickup=B-08 dropoff=PICK-3
20260905_113629_48895a,2926,task_completed,R3,G01088,
20260905_113629_48895a,2926,task_completed,R10,G01105,
20260905_113629_48895a,2927,task_completed,R2,G01099,
20260905_113629_48895a,2927,task_assigned,R3,G01103,
20260905_113629_48895a,2927,task_assigned,R10,G01111,
20260905_113629_48895a,2928,task_assigned,R2,G01112,
20260905_113629_48895a,2929,task_assigned,R5,G00922,
20260905_113629_48895a,2931,task_completed,R9,G00900,
20260905_113629_48895a,2931,task_assigned,R12,G00925,
20260905_113629_48895a,2931,task_interrupted,R7,G01096,
20260905_113629_48895a,2931,task_completed,R1,G01109,
20260905_113629_48895a,2931,task_created,,G01113,type=PUTAWAY pickup=RECV dropoff=D-08
20260905_113629_48895a,2932,task_assigned,R9,G00927,
20260905_113629_48895a,2932,task_assigned,R1,G01096,
20260905_113629_48895a,2935,task_interrupted,R11,G01108,
20260905_113629_48895a,2935,task_created,,G01114,type=PICK pickup=D-03 dropoff=PICK-2
20260905_113629_48895a,2935,task_created,,G01115,type=PACK pickup=PICK-1 dropoff=PACK-2
20260905_113629_48895a,2935,task_created,,G01116,type=SHIP pickup=STAGING dropoff=DOCK-2
20260905_113629_48895a,2938,task_interrupted,R6,G01106,
20260905_113629_48895a,2939,task_completed,R4,G01102,
20260905_113629_48895a,2939,task_created,,G01117,type=PUTAWAY pickup=RECV dropoff=F-06
20260905_113629_48895a,2940,task_completed,R8,G00919,
20260905_113629_48895a,2940,task_assigned,R4,G01116,
20260905_113629_48895a,2941,task_assigned,R8,G01106,
20260905_113629_48895a,2943,task_interrupted,R8,G01106,
20260905_113629_48895a,2945,task_created,,G01118,type=PICK pickup=E-08 dropoff=PICK-2
20260905_113629_48895a,2947,task_created,,G01119,type=PUTAWAY pickup=RECV dropoff=H-08
20260905_113629_48895a,2947,task_created,,G01120,type=PACK pickup=PICK-2 dropoff=PACK-1
20260905_113629_48895a,2949,task_created,,G01121,type=SHIP pickup=STAGING dropoff=DOCK-2
20260905_113629_48895a,2950,task_completed,R1,G01096,
20260905_113629_48895a,2950,task_completed,R4,G01116,
20260905_113629_48895a,2951,task_assigned,R4,G01106,
20260905_113629_48895a,2951,task_assigned,R1,G01121,
20260905_113629_48895a,2952,task_assigned,R13,G01115,
20260905_113629_48895a,2955,task_created,,G01122,type=PUTAWAY pickup=BUFFER dropoff=F-08
20260905_113629_48895a,2955,task_created,,G01123,type=PICK pickup=F-01 dropoff=PICK-2
20260905_113629_48895a,2957,task_completed,R10,G01111,
20260905_113629_48895a,2958,task_assigned,R10,G01120,
20260905_113629_48895a,2959,task_completed,R2,G01112,
20260905_113629_48895a,2959,task_created,,G01124,type=PACK pickup=PICK-1 dropoff=PACK-1
20260905_113629_48895a,2959,task_assigned,R7,G01124,
20260905_113629_48895a,2960,task_assigned,R2,G01108,
20260905_113629_48895a,2963,task_interrupted,R4,G01106,
20260905_113629_48895a,2963,task_created,,G01125,type=PUTAWAY pickup=BUFFER dropoff=A-03
20260905_113629_48895a,2963,task_created,,G01126,type=SHIP pickup=STAGING dropoff=DOCK-2
20260905_113629_48895a,2965,task_created,,G01127,type=PICK pickup=E-06 dropoff=PICK-1
20260905_113629_48895a,2966,task_interrupted,R9,G00927,
20260905_113629_48895a,2969,task_completed,R12,G00925,
20260905_113629_48895a,2969,task_completed,R1,G01121,
20260905_113629_48895a,2970,task_completed,R5,G00922,
20260905_113629_48895a,2970,task_assigned,R1,G01106,
20260905_113629_48895a,2970,task_assigned,R12,G01126,
20260905_113629_48895a,2971,task_created,,G01128,type=PUTAWAY pickup=BUFFER dropoff=F-03
20260905_113629_48895a,2971,task_created,,G01129,type=PACK pickup=PICK-1 dropoff=PACK-2
20260905_113629_48895a,2971,task_assigned,R5,G01129,
20260905_113629_48895a,2975,task_created,,G01130,type=PICK pickup=D-08 dropoff=PICK-2
20260905_113629_48895a,2976,task_completed,R3,G01103,
20260905_113629_48895a,2977,task_created,,G01131,type=SHIP pickup=STAGING dropoff=DOCK-2
20260905_113629_48895a,2977,task_assigned,R3,G01131,
20260905_113629_48895a,2979,task_created,,G01132,type=PUTAWAY pickup=RECV dropoff=H-07
20260905_113629_48895a,2980,task_assigned,R6,G01114,
20260905_113629_48895a,2980,task_completed,R13,G01115,
20260905_113629_48895a,2981,task_assigned,R13,G01118,
20260905_113629_48895a,2981,task_completed,R10,G01120,
20260905_113629_48895a,2982,task_assigned,R10,G01123,
20260905_113629_48895a,2982,task_completed,R7,G01124,
20260905_113629_48895a,2983,task_completed,R2,G01108,
20260905_113629_48895a,2983,task_created,,G01133,type=PACK pickup=PICK-2 dropoff=PACK-1
20260905_113629_48895a,2983,task_assigned,R7,G01133,
20260905_113629_48895a,2984,task_assigned,R2,G01127,
20260905_113629_48895a,2985,task_completed,R12,G01126,
20260905_113629_48895a,2985,task_created,,G01134,type=PICK pickup=F-06 dropoff=PICK-1
20260905_113629_48895a,2986,task_assigned,R12,G01130,
20260905_113629_48895a,2987,task_assigned,R11,G01134,
20260905_113629_48895a,2987,task_created,,G01135,type=PUTAWAY pickup=BUFFER dropoff=H-07
20260905_113629_48895a,2991,task_created,,G01136,type=SHIP pickup=STAGING dropoff=DOCK-1
20260905_113629_48895a,2994,task_assigned,R8,G01136,
20260905_113629_48895a,2995,task_created,,G01137,type=PUTAWAY pickup=BUFFER dropoff=B-02
20260905_113629_48895a,2995,task_created,,G01138,type=PICK pickup=A-07 dropoff=PICK-1
20260905_113629_48895a,2995,task_created,,G01139,type=PACK pickup=PICK-2 dropoff=PACK-1
20260905_113629_48895a,2997,task_completed,R3,G01131,
20260905_113629_48895a,2998,task_completed,R1,G01106,
20260905_113629_48895a,2998,task_assigned,R3,G01139,
20260905_113629_48895a,2999,task_assigned,R1,G01138,
20260905_113629_48895a,3002,task_assigned,R4,G00927,
20260905_113629_48895a,3003,task_created,,G01140,type=PUTAWAY pickup=BUFFER dropoff=B-01
20260905_113629_48895a,3004,task_completed,R7,G01133,
20260905_113629_48895a,3005,task_created,,G01141,type=PICK pickup=C-04 dropoff=PICK-1
20260905_113629_48895a,3005,task_created,,G01142,type=SHIP pickup=STAGING dropoff=DOCK-2
20260905_113629_48895a,3005,task_assigned,R7,G01142,
20260905_113629_48895a,3006,task_completed,R2,G01127,
20260905_113629_48895a,3007,task_created,,G01143,type=PACK pickup=PICK-2 dropoff=PACK-1
20260905_113629_48895a,3007,task_assigned,R2,G01143,
20260905_113629_48895a,3008,task_completed,R5,G01129,
20260905_113629_48895a,3009,task_assigned,R5,G01141,
20260905_113629_48895a,3010,task_assigned,R9,G00931,
20260905_113629_48895a,3011,task_completed,R10,G01123,
20260905_113629_48895a,3011,task_completed,R7,G01142,
20260905_113629_48895a,3011,task_created,,G01144,type=PUTAWAY pickup=RECV dropoff=H-07
20260905_113629_48895a,3012,task_assigned,R7,G00934,
20260905_113629_48895a,3012,task_assigned,R10,G00937,
20260905_113629_48895a,3012,task_completed,R8,G01136,
20260905_113629_48895a,3012,task_completed,R3,G01139,
20260905_113629_48895a,3013,task_assigned,R8,G00940,
20260905_113629_48895a,3013,task_assigned,R3,G00943,
20260905_113629_48895a,3015,task_created,,G01145,type=PICK pickup=A-03 dropoff=PICK-1
20260905_113629_48895a,3016,task_completed,R11,G01134,
20260905_113629_48895a,3017,task_assigned,R11,G01145,
20260905_113629_48895a,3019,task_created,,G01146,type=PUTAWAY pickup=RECV dropoff=A-02
20260905_113629_48895a,3019,task_created,,G01147,type=PACK pickup=PICK-1 dropoff=PACK-2
20260905_113629_48895a,3019,task_created,,G01148,type=SHIP pickup=STAGING dropoff=DOCK-1
20260905_113629_48895a,3020,task_completed,R12,G01130,
20260905_113629_48895a,3021,task_completed,R1,G01138,
20260905_113629_48895a,3021,task_assigned,R12,G01148,
20260905_113629_48895a,3022,task_completed,R2,G01143,
20260905_113629_48895a,3022,task_assigned,R1,G01147,
20260905_113629_48895a,3025,task_created,,G01149,type=PICK pickup=G-08 dropoff=PICK-1
20260905_113629_48895a,3027,task_created,,G01150,type=PUTAWAY pickup=BUFFER dropoff=B-05
20260905_113629_48895a,3029,task_completed,R12,G01148,
20260905_113629_48895a,3030,task_completed,R13,G01118,
20260905_113629_48895a,3030,task_assigned,R12,G01149,
20260905_113629_48895a,3031,task_completed,R6,G01114,
20260905_113629_48895a,3031,task_created,,G01151,type=PACK pickup=PICK-3 dropoff=PACK-1
20260905_113629_48895a,3031,task_assigned,R13,G01151,
20260905_113629_48895a,3032,task_completed,R10,G00937,
20260905_113629_48895a,3032,task_assigned,R6,G00946,
20260905_113629_48895a,3033,task_created,,G01152,type=SHIP pickup=STAGING dropoff=DOCK-1
20260905_113629_48895a,3033,task_assigned,R10,G01152,
20260905_113629_48895a,3034,task_completed,R11,G01145,
20260905_113629_48895a,3035,task_completed,R9,G00931,
20260905_113629_48895a,3035,task_created,,G01153,type=PUTAWAY pickup=RECV dropoff=F-06
20260905_113629_48895a,3035,task_created,,G01154,type=PICK pickup=E-03 dropoff=PICK-2
20260905_113629_48895a,3035,task_assigned,R11,G01154,
20260905_113629_48895a,3036,task_assigned,R9,G00949,
20260905_113629_48895a,3036,task_completed,R1,G01147,
20260905_113629_48895a,3037,task_completed,R4,G00927,
20260905_113629_48895a,3037,task_assigned,R1,G00953,
20260905_113629_48895a,3038,task_assigned,R4,G00954,
20260905_113629_48895a,3043,task_created,,G01155,type=PUTAWAY pickup=BUFFER dropoff=F-08
20260905_113629_48895a,3043,task_created,,G01156,type=PACK pickup=PICK-2 dropoff=PACK-2
20260905_113629_48895a,3045,task_created,,G01157,type=PICK pickup=D-08 dropoff=PICK-3
20260905_113629_48895a,3047,task_completed,R7,G00934,
20260905_113629_48895a,3047,task_created,,G01158,type=SHIP pickup=STAGING dropoff=DOCK-2
20260905_113629_48895a,3048,task_assigned,R7,G01158,
20260905_113629_48895a,3049,task_completed,R8,G00940,
20260905_113629_48895a,3050,task_completed,R3,G00943,
20260905_113629_48895a,3050,task_assigned,R8,G01156,
20260905_113629_48895a,3051,task_assigned,R3,G01157,
20260905_113629_48895a,3051,task_created,,G01159,type=PUTAWAY pickup=BUFFER dropoff=A-05
20260905_113629_48895a,3054,task_assigned,R2,G00958,
20260905_113629_48895a,3054,task_completed,R13,G01151,
20260905_113629_48895a,3055,task_completed,R10,G01152,
20260905_113629_48895a,3055,task_completed,R11,G01154,
20260905_113629_48895a,3055,task_created,,G01160,type=PICK pickup=B-04 dropoff=PICK-2
20260905_113629_48895a,3055,task_created,,G01161,type=PACK pickup=PICK-2 dropoff=PACK-2
20260905_113629_48895a,3055,task_assigned,R13,G01161,
20260905_113629_48895a,3056,task_assigned,R10,G00962,
20260905_113629_48895a,3056,task_assigned,R11,G01160,
20260905_113629_48895a,3057,task_completed,R5,G01141,
20260905_113629_48895a,3058,task_assigned,R5,G00964,
20260905_113629_48895a,3059,task_created,,G01162,type=PUTAWAY pickup=RECV dropoff=A-08
20260905_113629_48895a,3061,task_created,,G01163,type=SHIP pickup=STAGING dropoff=DOCK-1
20260905_113629_48895a,3065,task_completed,R9,G00949,
20260905_113629_48895a,3065,task_created,,G01164,type=PICK pickup=B-03 dropoff=PICK-2
20260905_113629_48895a,3066,task_completed,R11,G01160,
20260905_113629_48895a,3066,task_assigned,R9,G01163,
20260905_113629_48895a,3067,task_completed,R13,G01161,
20260905_113629_48895a,3067,task_created,,G01165,type=PUTAWAY pickup=RECV dropoff=F-03
20260905_113629_48895a,3067,task_created,,G01166,type=PACK pickup=PICK-3 dropoff=PACK-1
20260905_113629_48895a,3067,task_assigned,R11,G01166,
20260905_113629_48895a,3068,task_assigned,R13,G01164,
20260905_113629_48895a,3073,task_completed,R8,G01156,
20260905_113629_48895a,3074,task_assigned,R8,G00968,
20260905_113629_48895a,3075,task_completed,R7,G01158,
20260905_113629_48895a,3075,task_created,,G01167,type=PUTAWAY pickup=BUFFER dropoff=D-06
20260905_113629_48895a,3075,task_created,,G01168,type=PICK pickup=D-04 dropoff=PICK-3
20260905_113629_48895a,3075,task_created,,G01169,type=SHIP pickup=STAGING dropoff=DOCK-2
20260905_113629_48895a,3076,task_completed,R1,G00953,
20260905_113629_48895a,3076,task_assigned,R7,G01169,
20260905_113629_48895a,3077,task_completed,R4,G00954,
20260905_113629_48895a,3077,task_assigned,R1,G01168,
20260905_113629_48895a,3078,task_assigned,R4,G00970,
20260905_113629_48895a,3079,task_created,,G01170,type=PACK pickup=PICK-1 dropoff=PACK-1
20260905_113629_48895a,3081,task_completed,R6,G00946,
20260905_113629_48895a,3081,task_completed,R2,G00958,
20260905_113629_48895a,3081,task_completed,R7,G01169,
20260905_113629_48895a,3082,task_assigned,R6,G00973,
20260905_113629_48895a,3082,task_assigned,R7,G00976,
20260905_113629_48895a,3082,task_assigned,R2,G01170,
20260905_113629_48895a,3083,task_created,,G01171,type=PUTAWAY pickup=RECV dropoff=A-05
20260905_113629_48895a,3085,task_completed,R12,G01149,
20260905_113629_48895a,3085,task_created,,G01172,type=PICK pickup=C-07 dropoff=PICK-2
20260905_113629_48895a,3086,task_assigned,R12,G01172,
20260905_113629_48895a,3088,task_completed,R9,G01163,
20260905_113629_48895a,3089,task_completed,R13,G01164,
20260905_113629_48895a,3089,task_created,,G01173,type=SHIP pickup=STAGING dropoff=DOCK-1
20260905_113629_48895a,3089,task_assigned,R9,G01173,
20260905_113629_48895a,3090,task_assigned,R13,G00980,
20260905_113629_48895a,3090,task_completed,R3,G01157,
20260905_113629_48895a,3090,task_completed,R11,G01166,
20260905_113629_48895a,3091,task_created,,G01174,type=PUTAWAY pickup=BUFFER dropoff=G-03
20260905_113629_48895a,3091,task_created,,G01175,type=PACK pickup=PICK-1 dropoff=PACK-2
20260905_113629_48895a,3091,task_assigned,R11,G01175,
20260905_113629_48895a,3094,task_completed,R9,G01173,
20260905_113629_48895a,3095,task_created,,G01176,type=PICK pickup=C-05 dropoff=PICK-3
20260905_113629_48895a,3095,task_assigned,R9,G01176,
20260905_113629_48895a,3099,task_created,,G01177,type=PUTAWAY pickup=BUFFER dropoff=G-02
20260905_113629_48895a,3103,task_completed,R10,G00962,
20260905_113629_48895a,3103,task_completed,R1,G01168,
20260905_113629_48895a,3103,task_created,,G01178,type=PACK pickup=PICK-3 dropoff=PACK-2
20260905_113629_48895a,3103,task_created,,G01179,type=SHIP pickup=STAGING dropoff=DOCK-1
20260905_113629_48895a,3104,task_completed,R8,G00968,
20260905_113629_48895a,3104,task_completed,R2,G01170,
20260905_113629_48895a,3104,task_assigned,R10,G01179,
20260905_113629_48895a,3105,task_assigned,R2,G01178,
20260905_113629_48895a,3105,task_created,,G01180,type=PICK pickup=B-03 dropoff=PICK-3
20260905_113629_48895a,3105,task_assigned,R8,G01180,
20260905_113629_48895a,3107,task_created,,G01181,type=PUTAWAY pickup=RECV dropoff=A-07
20260905_113629_48895a,3108,task_completed,R5,G00964,
20260905_113629_48895a,3108,task_completed,R6,G00973,
20260905_113629_48895a,3109,task_completed,R13,G00980,
20260905_113629_48895a,3109,task_assigned,R6,G00983,
20260905_113629_48895a,3109,task_assigned,R5,G00985,
20260905_113629_48895a,3109,task_completed,R12,G01172,
20260905_113629_48895a,3110,task_assigned,R13,G00989,
20260905_113629_48895a,3110,task_assigned,R12,G00991,
20260905_113629_48895a,3111,task_completed,R7,G00976,
20260905_113629_48895a,3112,task_assigned,R7,G00995,
20260905_113629_48895a,3115,task_created,,G01182,type=PUTAWAY pickup=BUFFER dropoff=G-08
20260905_113629_48895a,3115,task_created,,G01183,type=PICK pickup=D-06 dropoff=PICK-1
20260905_113629_48895a,3115,task_created,,G01184,type=PACK pickup=PICK-2 dropoff=PACK-2
20260905_113629_48895a,3117,task_completed,R11,G01175,
20260905_113629_48895a,3117,task_created,,G01185,type=SHIP pickup=STAGING dropoff=DOCK-1
20260905_113629_48895a,3118,task_assigned,R11,G01185,
20260905_113629_48895a,3120,task_completed,R8,G01180,
20260905_113629_48895a,3121,task_assigned,R8,G01184,
20260905_113629_48895a,3123,task_completed,R10,G01179,
20260905_113629_48895a,3123,task_created,,G01186,type=PUTAWAY pickup=RECV dropoff=H-02
20260905_113629_48895a,3124,task_assigned,R10,G01183,
20260905_113629_48895a,3125,task_created,,G01187,type=PICK pickup=H-07 dropoff=PICK-1
20260905_113629_48895a,3126,task_completed,R11,G01185,
20260905_113629_48895a,3127,task_completed,R13,G00989,
20260905_113629_48895a,3127,task_completed,R9,G01176,
20260905_113629_48895a,3127,task_completed,R2,G01178,
20260905_113629_48895a,3127,task_created,,G01188,type=PACK pickup=PICK-2 dropoff=PACK-2
20260905_113629_48895a,3127,task_assigned,R11,G01188,
20260905_113629_48895a,3128,task_assigned,R9,G00998,
20260905_113629_48895a,3128,task_assigned,R13,G01000,
20260905_113629_48895a,3128,task_assigned,R2,G01187,
20260905_113629_48895a,3130,task_completed,R7,G00995,
20260905_113629_48895a,3131,task_created,,G01189,type=PUTAWAY pickup=RECV dropoff=C-08
20260905_113629_48895a,3131,task_created,,G01190,type=SHIP pickup=STAGING dropoff=DOCK-1
20260905_113629_48895a,3131,task_assigned,R7,G01190,
20260905_113629_48895a,3135,task_created,,G01191,type=PICK pickup=E-06 dropoff=PICK-1
20260905_113629_48895a,3136,task_assigned,R3,G01191,
20260905_113629_48895a,3139,task_completed,R4,G00970,
20260905_113629_48895a,3139,task_completed,R8,G01184,
20260905_113629_48895a,3139,task_created,,G01192,type=PUTAWAY pickup=BUFFER dropoff=B-03
20260905_113629_48895a,3139,task_created,,G01193,type=PACK pickup=PICK-2 dropoff=PACK-1
20260905_113629_48895a,3140,task_assigned,R4,G01004,
20260905_113629_48895a,3140,task_assigned,R8,G01193,
20260905_113629_48895a,3142,task_completed,R11,G01188,
20260905_113629_48895a,3143,task_assigned,R1,G01007,
20260905_113629_48895a,3143,task_assigned,R11,G01010,
20260905_113629_48895a,3144,task_completed,R5,G00985,
20260905_113629_48895a,3145,task_created,,G01194,type=PICK pickup=G-01 dropoff=PICK-3
20260905_113629_48895a,3145,task_created,,G01195,type=SHIP pickup=STAGING dropoff=DOCK-2
20260905_113629_48895a,3145,task_assigned,R5,G01195,
20260905_113629_48895a,3147,task_created,,G01196,type=PUTAWAY pickup=RECV dropoff=F-07
20260905_113629_48895a,3150,task_interrupted,R10,G01183,
20260905_113629_48895a,3150,task_completed,R7,G01190,
20260905_113629_48895a,3151,task_created,,G01197,type=PACK pickup=PICK-1 dropoff=PACK-1
20260905_113629_48895a,3151,task_assigned,R7,G01197,
20260905_113629_48895a,3152,task_interrupted,R12,G00991,
20260905_113629_48895a,3155,task_completed,R6,G00983,
20260905_113629_48895a,3155,task_created,,G01198,type=PUTAWAY pickup=BUFFER dropoff=E-08
20260905_113629_48895a,3155,task_created,,G01199,type=PICK pickup=H-01 dropoff=PICK-2
20260905_113629_48895a,3156,task_assigned,R6,G01183,
20260905_113629_48895a,3156,task_completed,R8,G01193,
20260905_113629_48895a,3157,task_assigned,R8,G01194,
20260905_113629_48895a,3158,task_interrupted,R5,G01195,
20260905_113629_48895a,3159,task_created,,G01200,type=SHIP pickup=STAGING dropoff=DOCK-1
20260905_113629_48895a,3163,task_created,,G01201,type=PUTAWAY pickup=BUFFER dropoff=B-04
20260905_113629_48895a,3163,task_created,,G01202,type=PACK pickup=PICK-1 dropoff=PACK-2
20260905_113629_48895a,3165,task_completed,R3,G01191,
20260905_113629_48895a,3165,task_created,,G01203,type=PICK pickup=H-02 dropoff=PICK-3
20260905_113629_48895a,3166,task_assigned,R3,G01195,
20260905_113629_48895a,3167,task_completed,R13,G01000,
20260905_113629_48895a,3168,task_assigned,R13,G01200,
20260905_113629_48895a,3171,task_created,,G01204,type=PUTAWAY pickup=RECV dropoff=B-06
20260905_113629_48895a,3173,task_completed,R7,G01197,
20260905_113629_48895a,3173,task_created,,G01205,type=SHIP pickup=STAGING dropoff=DOCK-1
20260905_113629_48895a,3174,task_assigned,R7,G01205,
20260905_113629_48895a,3175,task_created,,G01206,type=PICK pickup=F-06 dropoff=PICK-3
20260905_113629_48895a,3175,task_created,,G01207,type=PACK pickup=PICK-1 dropoff=PACK-2
20260905_113629_48895a,3177,task_completed,R11,G01010,
20260905_113629_48895a,3177,task_completed,R2,G01187,
20260905_113629_48895a,3178,task_assigned,R2,G01202,
20260905_113629_48895a,3178,task_assigned,R11,G01207,
20260905_113629_48895a,3179,task_completed,R6,G01183,
20260905_113629_48895a,3179,task_created,,G01208,type=PUTAWAY pickup=RECV dropoff=A-02
20260905_113629_48895a,3180,task_completed,R8,G01194,
20260905_113629_48895a,3180,task_assigned,R6,G01199,
20260905_113629_48895a,3180,task_completed,R7,G01205,
20260905_113629_48895a,3181,task_assigned,R8,G01203,
20260905_113629_48895a,3182,task_assigned,R7,G00991,
20260905_113629_48895a,3182,task_assigned,R5,G01206,
20260905_113629_48895a,3183,task_interrupted,R13,G01200,
20260905_113629_48895a,3185,task_completed,R3,G01195,
20260905_113629_48895a,3185,task_created,,G01209,type=PICK pickup=E-06 dropoff=PICK-2
20260905_113629_48895a,3186,task_assigned,R3,G01200,
20260905_113629_48895a,3187,task_completed,R9,G00998,
20260905_113629_48895a,3187,task_created,,G01210,type=PUTAWAY pickup=RECV dropoff=B-03
20260905_113629_48895a,3187,task_created,,G01211,type=PACK pickup=PICK-3 dropoff=PACK-1
20260905_113629_48895a,3187,task_created,,G01212,type=SHIP pickup=STAGING dropoff=DOCK-2
20260905_113629_48895a,3188,task_assigned,R9,G01211,
20260905_113629_48895a,3188,task_assigned,R10,G01212,
20260905_113629_48895a,3191,task_interrupted,R7,G00991,
20260905_113629_48895a,3191,task_completed,R3,G01200,
20260905_113629_48895a,3192,task_completed,R2,G01202,
20260905_113629_48895a,3192,task_assigned,R3,G01209,
20260905_113629_48895a,3193,task_assigned,R2,G00991,
20260905_113629_48895a,3193,task_completed,R4,G01004,
20260905_113629_48895a,3194,task_assigned,R4,G01013,
20260905_113629_48895a,3194,task_interrupted,R6,G01199,
20260905_113629_48895a,3194,task_completed,R8,G01203,
20260905_113629_48895a,3195,task_assigned,R8,G01199,
20260905_113629_48895a,3195,task_created,,G01213,type=PUTAWAY pickup=BUFFER dropoff=C-02
20260905_113629_48895a,3195,task_created,,G01214,type=PICK pickup=E-03 dropoff=PICK-2
20260905_113629_48895a,3199,task_interrupted,R11,G01207,
20260905_113629_48895a,3199,task_created,,G01215,type=PACK pickup=PICK-2 dropoff=PACK-2
20260905_113629_48895a,3201,task_created,,G01216,type=SHIP pickup=STAGING dropoff=DOCK-1
20260905_113629_48895a,3203,task_completed,R10,G01212,
20260905_113629_48895a,3203,task_created,,G01217,type=PUTAWAY pickup=BUFFER dropoff=G-08
20260905_113629_48895a,3204,task_assigned,R10,G01216,
20260905_113629_48895a,3205,task_created,,G01218,type=PICK pickup=E-04 dropoff=PICK-2
20260905_113629_48895a,3207,task_assigned,R13,G01207,
20260905_113629_48895a,3209,task_completed,R10,G01216,
20260905_113629_48895a,3210,task_assigned,R10,G01215,
20260905_113629_48895a,3211,task_created,,G01219,type=PUTAWAY pickup=RECV dropoff=H-06
20260905_113629_48895a,3211,task_created,,G01220,type=PACK pickup=PICK-1 dropoff=PACK-2
20260905_113629_48895a,3215,task_interrupted,R8,G01199,
20260905_113629_48895a,3215,task_created,,G01221,type=PICK pickup=E-01 dropoff=PICK-1
20260905_113629_48895a,3215,task_created,,G01222,type=SHIP pickup=STAGING dropoff=DOCK-1
20260905_113629_48895a,3218,task_completed,R2,G00991,
20260905_113629_48895a,3218,task_interrupted,R4,G01013,
20260905_113629_48895a,3219,task_assigned,R2,G01222,
20260905_113629_48895a,3219,task_created,,G01223,type=PUTAWAY pickup=RECV dropoff=B-06
20260905_113629_48895a,3220,task_assigned,R7,G01220,
20260905_113629_48895a,3222,task_assigned,R12,G01199,
20260905_113629_48895a,3223,task_created,,G01224,type=PACK pickup=PICK-1 dropoff=PACK-2
20260905_113629_48895a,3224,task_completed,R5,G01206,
20260905_113629_48895a,3225,task_completed,R3,G01209,
20260905_113629_48895a,3225,task_assigned,R5,G01224,
20260905_113629_48895a,3225,task_created,,G01225,type=PICK pickup=A-01 dropoff=PICK-2
20260905_113629_48895a,3226,task_assigned,R3,G01214,
20260905_113629_48895a,3227,task_completed,R9,G01211,
20260905_113629_48895a,3227,task_completed,R10,G01215,
20260905_113629_48895a,3227,task_created,,G01226,type=PUTAWAY pickup=RECV dropoff=G-01
20260905_113629_48895a,3228,task_assigned,R10,G01218,
20260905_113629_48895a,3228,task_assigned,R9,G01221,
20260905_113629_48895a,3229,task_created,,G01227,type=SHIP pickup=STAGING dropoff=DOCK-2
20260905_113629_48895a,3230,task_assigned,R11,G01227,
20260905_113629_48895a,3232,task_assigned,R6,G01225,
20260905_113629_48895a,3235,task_created,,G01228,type=PUTAWAY pickup=RECV dropoff=G-08
20260905_113629_48895a,3235,task_created,,G01229,type=PICK pickup=C-02 dropoff=PICK-2
20260905_113629_48895a,3235,task_created,,G01230,type=PACK pickup=PICK-2 dropoff=PACK-1
20260905_113629_48895a,3236,task_completed,R1,G01007,
20260905_113629_48895a,3237,task_assigned,R1,G01230,
20260905_113629_48895a,3240,task_completed,R13,G01207,
20260905_113629_48895a,3241,task_completed,R12,G01199,
20260905_113629_48895a,3241,task_assigned,R13,G01229,
20260905_113629_48895a,3242,task_assigned,R12,G01013,
20260905_113629_48895a,3243,task_created,,G01231,type=PUTAWAY pickup=RECV dropoff=F-01
20260905_113629_48895a,3243,task_created,,G01232,type=SHIP pickup=STAGING dropoff=DOCK-2
20260905_113629_48895a,3245,task_completed,R2,G01222,
20260905_113629_48895a,3245,task_created,,G01233,type=PICK pickup=F-01 dropoff=PICK-2
20260905_113629_48895a,3246,task_assigned,R2,G01232,
20260905_113629_48895a,3247,task_completed,R11,G01227,
20260905_113629_48895a,3247,task_created,,G01234,type=PACK pickup=PICK-3 dropoff=PACK-2
20260905_113629_48895a,3248,task_assigned,R11,G01234,
20260905_113629_48895a,3250,task_completed,R7,G01220,
20260905_113629_48895a,3250,task_interrupted,R9,G01221,
20260905_113629_48895a,3251,task_assigned,R7,G01221,
20260905_113629_48895a,3251,task_completed,R1,G01230,
20260905_113629_48895a,3251,task_completed,R2,G01232,
20260905_113629_48895a,3251,task_created,,G01235,type=PUTAWAY pickup=BUFFER dropoff=F-02
20260905_113629_48895a,3252,task_assigned,R1,G01016,
20260905_113629_48895a,3252,task_assigned,R2,G01018,
20260905_113629_48895a,3252,task_assigned,R4,G01233,
20260905_113629_48895a,3255,task_created,,G01236,type=PICK pickup=G-01 dropoff=PICK-2
20260905_113629_48895a,3257,task_created,,G01237,type=SHIP pickup=STAGING dropoff=DOCK-2
20260905_113629_48895a,3257,task_assigned,R8,G01237,
20260905_113629_48895a,3259,task_completed,R5,G01224,
20260905_113629_48895a,3259,task_created,,G01238,type=PUTAWAY pickup=BUFFER dropoff=D-02
20260905_113629_48895a,3259,task_created,,G01239,type=PACK pickup=PICK-3 dropoff=PACK-1
20260905_113629_48895a,3260,task_completed,R10,G01218,
20260905_113629_48895a,3260,task_assigned,R5,G01239,
20260905_113629_48895a,3261,task_completed,R13,G01229,
20260905_113629_48895a,3261,task_assigned,R10,G01236,
20260905_113629_48895a,3263,task_assigned,R13,G01022,
20260905_113629_48895a,3265,task_created,,G01240,type=PICK pickup=A-04 dropoff=PICK-3
20260905_113629_48895a,3267,task_completed,R3,G01214,
20260905_113629_48895a,3267,task_created,,G01241,type=PUTAWAY pickup=RECV dropoff=D-03
20260905_113629_48895a,3268,task_assigned,R3,G01240,
20260905_113629_48895a,3269,task_completed,R11,G01234,
20260905_113629_48895a,3270,task_assigned,R11,G01026,
20260905_113629_48895a,3271,task_created,,G01242,type=PACK pickup=PICK-2 dropoff=PACK-2
20260905_113629_48895a,3271,task_created,,G01243,type=SHIP pickup=STAGING dropoff=DOCK-2
20260905_113629_48895a,3273,task_completed,R12,G01013,
20260905_113629_48895a,3273,task_interrupted,R2,G01018,
20260905_113629_48895a,3273,task_completed,R8,G01237,
20260905_113629_48895a,3274,task_assigned,R12,G01242,
20260905_113629_48895a,3274,task_assigned,R8,G01243,
20260905_113629_48895a,3275,task_created,,G01244,type=PUTAWAY pickup=RECV dropoff=C-02
20260905_113629_48895a,3275,task_created,,G01245,type=PICK pickup=E-07 dropoff=PICK-1
20260905_113629_48895a,3275,task_assigned,R9,G01245,
20260905_113629_48895a,3279,task_completed,R8,G01243,
20260905_113629_48895a,3280,task_assigned,R8,G01018,
20260905_113629_48895a,3280,task_completed,R7,G01221,
20260905_113629_48895a,3280,task_completed,R10,G01236,
20260905_113629_48895a,3281,task_assigned,R7,G01028,
20260905_113629_48895a,3281,task_assigned,R10,G01031,
20260905_113629_48895a,3281,task_completed,R6,G01225,
20260905_113629_48895a,3282,task_assigned,R6,G01034,
20260905_113629_48895a,3283,task_created,,G01246,type=PUTAWAY pickup=RECV dropoff=C-04
20260905_113629_48895a,3283,task_created,,G01247,type=PACK pickup=PICK-3 dropoff=PACK-2
20260905_113629_48895a,3285,task_completed,R5,G01239,
20260905_113629_48895a,3285,task_created,,G01248,type=PICK pickup=G-01 dropoff=PICK-1
20260905_113629_48895a,3285,task_created,,G01249,type=SHIP pickup=STAGING dropoff=DOCK-2
20260905_113629_48895a,3286,task_assigned,R5,G01249,
20260905_113629_48895a,3288,task_completed,R1,G01016,
20260905_113629_48895a,3289,task_assigned,R1,G01247,
20260905_113629_48895a,3291,task_created,,G01250,type=PUTAWAY pickup=RECV dropoff=G-06
20260905_113629_48895a,3292,task_completed,R5,G01249,
20260905_113629_48895a,3293,task_assigned,R5,G01248,
20260905_113629_48895a,3295,task_completed,R12,G01242,
20260905_113629_48895a,3295,task_created,,G01251,type=PICK pickup=A-05 dropoff=PICK-2
20260905_113629_48895a,3295,task_created,,G01252,type=PACK pickup=PICK-3 dropoff=PACK-1
20260905_113629_48895a,3296,task_assigned,R12,G01252,
20260905_113629_48895a,3299,task_created,,G01253,type=PUTAWAY pickup=BUFFER dropoff=D-08
20260905_113629_48895a,3299,task_created,,G01254,type=SHIP pickup=STAGING dropoff=DOCK-1
20260905_113629_48895a,3301,task_completed,R9,G01245,
20260905_113629_48895a,3302,task_completed,R4,G01233,
20260905_113629_48895a,3302,task_assigned,R9,G01254,
20260905_113629_48895a,3303,task_completed,R10,G01031,
20260905_113629_48895a,3303,task_assigned,R4,G01251,
20260905_113629_48895a,3304,task_assigned,R10,G01037,
20260905_113629_48895a,3305,task_created,,G01255,type=PICK pickup=A-06 dropoff=PICK-3
20260905_113629_48895a,3307,task_created,,G01256,type=PUTAWAY pickup=RECV dropoff=F-03
20260905_113629_48895a,3307,task_created,,G01257,type=PACK pickup=PICK-2 dropoff=PACK-1
20260905_113629_48895a,3311,task_assigned,R2,G01257,
20260905_113629_48895a,3312,task_completed,R13,G01022,
20260905_113629_48895a,3313,task_completed,R11,G01026,
20260905_113629_48895a,3313,task_completed,R7,G01028,
20260905_113629_48895a,3313,task_created,,G01258,type=SHIP pickup=STAGING dropoff=DOCK-1
20260905_113629_48895a,3313,task_assigned,R13,G01258,
20260905_113629_48895a,3314,task_assigned,R7,G01040,
20260905_113629_48895a,3314,task_assigned,R11,G01255,
20260905_113629_48895a,3315,task_created,,G01259,type=PUTAWAY pickup=RECV dropoff=D-05
20260905_113629_48895a,3315,task_created,,G01260,type=PICK pickup=D-05 dropoff=PICK-2
20260905_113629_48895a,3319,task_completed,R12,G01252,
20260905_113629_48895a,3319,task_created,,G01261,type=PACK pickup=PICK-2 dropoff=PACK-2
20260905_113629_48895a,3320,task_completed,R8,G01018,
20260905_113629_48895a,3320,task_completed,R9,G01254,
20260905_113629_48895a,3320,task_assigned,R12,G01261,
20260905_113629_48895a,3321,task_assigned,R8,G01044,
20260905_113629_48895a,3321,task_assigned,R9,G01260,
20260905_113629_48895a,3322,task_completed,R6,G01034,
20260905_113629_48895a,3322,task_completed,R1,G01247,
20260905_113629_48895a,3323,task_assigned,R6,G01046,
20260905_113629_48895a,3323,task_assigned,R1,G01049,
20260905_113629_48895a,3323,task_created,,G01262,type=PUTAWAY pickup=RECV dropoff=C-04
20260905_113629_48895a,3325,task_created,,G01263,type=PICK pickup=F-05 dropoff=PICK-1
20260905_113629_48895a,3327,task_created,,G01264,type=SHIP pickup=STAGING dropoff=DOCK-1
20260905_113629_48895a,3328,task_completed,R5,G01248,
20260905_113629_48895a,3329,task_assigned,R5,G01264,
20260905_113629_48895a,3331,task_completed,R3,G01240,
20260905_113629_48895a,3331,task_created,,G01265,type=PUTAWAY pickup=RECV dropoff=G-06
20260905_113629_48895a,3331,task_created,,G01266,type=PACK pickup=PICK-1 dropoff=PACK-1
20260905_113629_48895a,3332,task_assigned,R3,G01266,
20260905_113629_48895a,3333,task_completed,R13,G01258,
20260905_113629_48895a,3334,task_assigned,R13,G01263,
20260905_113629_48895a,3335,task_created,,G01267,type=PICK pickup=C-03 dropoff=PICK-2
20260905_113629_48895a,3338,task_completed,R7,G01040,
20260905_113629_48895a,3339,task_assigned,R7,G01267,
20260905_113629_48895a,3339,task_created,,G01268,type=PUTAWAY pickup=RECV dropoff=F-04
20260905_113629_48895a,3340,task_completed,R12,G01261,
20260905_113629_48895a,3341,task_created,,G01269,type=SHIP pickup=STAGING dropoff=DOCK-1
20260905_113629_48895a,3341,task_assigned,R12,G01269,
20260905_113629_48895a,3342,task_completed,R2,G01257,
20260905_113629_48895a,3343,task_created,,G01270,type=PACK pickup=PICK-3 dropoff=PACK-2
20260905_113629_48895a,3343,task_assigned,R2,G01270,
20260905_113629_48895a,3345,task_completed,R5,G01264,
20260905_113629_48895a,3345,task_created,,G01271,type=PICK pickup=F-05 dropoff=PICK-2
20260905_113629_48895a,3346,task_completed,R4,G01251,
20260905_113629_48895a,3346,task_assigned,R5,G01271,
20260905_113629_48895a,3347,task_completed,R1,G01049,
20260905_113629_48895a,3347,task_assigned,R4,G01053,
20260905_113629_48895a,3347,task_created,,G01272,type=PUTAWAY pickup=BUFFER dropoff=H-01
20260905_113629_48895a,3348,task_assigned,R1,G01055,
20260905_113629_48895a,3348,task_completed,R12,G01269,
20260905_113629_48895a,3349,task_assigned,R12,G01059,
20260905_113629_48895a,3351,task_completed,R6,G01046,
20260905_113629_48895a,3352,task_assigned,R6,G01061,
20260905_113629_48895a,3355,task_created,,G01273,type=PUTAWAY pickup=RECV dropoff=F-01
20260905_113629_48895a,3355,task_created,,G01274,type=PICK pickup=B-01 dropoff=PICK-2
20260905_113629_48895a,3355,task_created,,G01275,type=PACK pickup=PICK-1 dropoff=PACK-1
20260905_113629_48895a,3355,task_created,,G01276,type=SHIP pickup=STAGING dropoff=DOCK-2
20260905_113629_48895a,3356,task_completed,R11,G01255,
20260905_113629_48895a,3356,task_completed,R13,G01263,
20260905_113629_48895a,3357,task_assigned,R13,G01275,
20260905_113629_48895a,3357,task_assigned,R11,G01276,
20260905_113629_48895a,3358,task_completed,R9,G01260,
20260905_113629_48895a,3359,task_completed,R8,G01044,
20260905_113629_48895a,3359,task_completed,R3,G01266,
20260905_113629_48895a,3359,task_assigned,R9,G01274,
20260905_113629_48895a,3360,task_assigned,R8,G01064,
20260905_113629_48895a,3360,task_assigned,R3,G01068,
20260905_113629_48895a,3362,task_completed,R10,G01037,
20260905_113629_48895a,3362,task_completed,R1,G01055,
20260905_113629_48895a,3362,task_interrupted,R3,G01068,
20260905_113629_48895a,3363,task_assigned,R10,G01068,
20260905_113629_48895a,3363,task_created,,G01277,type=PUTAWAY pickup=BUFFER dropoff=C-06
20260905_113629_48895a,3365,task_created,,G01278,type=PICK pickup=D-08 dropoff=PICK-3
20260905_113629_48895a,3366,task_completed,R2,G01270,
20260905_113629_48895a,3367,task_completed,R13,G01275,
20260905_113629_48895a,3367,task_created,,G01279,type=PACK pickup=PICK-1 dropoff=PACK-1
20260905_113629_48895a,3367,task_assigned,R2,G01279,
20260905_113629_48895a,3368,task_assigned,R13,G01278,
20260905_113629_48895a,3369,task_created,,G01280,type=SHIP pickup=STAGING dropoff=DOCK-2
20260905_113629_48895a,3371,task_completed,R4,G01053,
20260905_113629_48895a,3371,task_completed,R6,G01061,
20260905_113629_48895a,3371,task_created,,G01281,type=PUTAWAY pickup=RECV dropoff=D-06
20260905_113629_48895a,3372,task_assigned,R6,G01071,
20260905_113629_48895a,3372,task_completed,R7,G01267,
20260905_113629_48895a,3372,task_assigned,R4,G01280,
20260905_113629_48895a,3373,task_assigned,R7,G01074,
20260905_113629_48895a,3373,task_completed,R11,G01276,
20260905_113629_48895a,3374,task_assigned,R11,G01076,
20260905_113629_48895a,3374,task_completed,R9,G01274,
20260905_113629_48895a,3375,task_created,,G01282,type=PICK pickup=G-04 dropoff=PICK-3
20260905_113629_48895a,3375,task_assigned,R9,G01282,
20260905_113629_48895a,3377,task_completed,R5,G01271,
20260905_113629_48895a,3378,task_assigned,R5,G01080,
20260905_113629_48895a,3379,task_created,,G01283,type=PUTAWAY pickup=BUFFER dropoff=C-08
20260905_113629_48895a,3379,task_created,,G01284,type=PACK pickup=PICK-3 dropoff=PACK-2
20260905_113629_48895a,3380,task_completed,R12,G01059,
20260905_113629_48895a,3381,task_assigned,R12,G01284,
20260905_113629_48895a,3383,task_created,,G01285,type=SHIP pickup=STAGING dropoff=DOCK-1
20260905_113629_48895a,3385,task_created,,G01286,type=PICK pickup=D-02 dropoff=PICK-2
20260905_113629_48895a,3387,task_created,,G01287,type=PUTAWAY pickup=RECV dropoff=G-02
20260905_113629_48895a,3388,task_assigned,R3,G01285,
20260905_113629_48895a,3391,task_created,,G01288,type=PACK pickup=PICK-1 dropoff=PACK-1
20260905_113629_48895a,3393,task_completed,R6,G01071,
20260905_113629_48895a,3394,task_completed,R9,G01282,
20260905_113629_48895a,3394,task_assigned,R6,G01288,
20260905_113629_48895a,3395,task_completed,R7,G01074,
20260905_113629_48895a,3395,task_assigned,R9,G01286,
20260905_113629_48895a,3395,task_created,,G01289,type=PUTAWAY pickup=BUFFER dropoff=E-04
20260905_113629_48895a,3395,task_created,,G01290,type=PICK pickup=B-01 dropoff=PICK-3
20260905_113629_48895a,3396,task_completed,R2,G01279,
20260905_113629_48895a,3396,task_completed,R4,G01280,
20260905_113629_48895a,3396,task_assigned,R7,G01290,
20260905_113629_48895a,3397,task_assigned,R4,G01082,
20260905_113629_48895a,3397,task_created,,G01291,type=SHIP pickup=STAGING dropoff=DOCK-1
20260905_113629_48895a,3397,task_assigned,R2,G01291,
20260905_113629_48895a,3399,task_completed,R13,G01278,
20260905_113629_48895a,3400,task_assigned,R13,G01086,
20260905_113629_48895a,3402,task_completed,R10,G01068,
20260905_113629_48895a,3403,task_completed,R2,G01291,
20260905_113629_48895a,3403,task_created,,G01292,type=PUTAWAY pickup=RECV dropoff=F-02
20260905_113629_48895a,3403,task_created,,G01293,type=PACK pickup=PICK-1 dropoff=PACK-2
20260905_113629_48895a,3403,task_assigned,R10,G01293,
20260905_113629_48895a,3404,task_interrupted,R5,G01080,
20260905_113629_48895a,3404,task_assigned,R2,G01090,
20260905_113629_48895a,3404,task_completed,R3,G01285,
20260905_113629_48895a,3405,task_completed,R11,G01076,
20260905_113629_48895a,3405,task_created,,G01294,type=PICK pickup=B-07 dropoff=PICK-2
20260905_113629_48895a,3405,task_assigned,R3,G01294,
20260905_113629_48895a,3406,task_assigned,R11,G01080,
20260905_113629_48895a,3406,task_completed,R12,G01284,
20260905_113629_48895a,3407,task_assigned,R12,G01091,
20260905_113629_48895a,3409,task_assigned,R1,G01095,
20260905_113629_48895a,3411,task_created,,G01295,type=PUTAWAY pickup=RECV dropoff=F-01
20260905_113629_48895a,3411,task_created,,G01296,type=SHIP pickup=STAGING dropoff=DOCK-2
20260905_113629_48895a,3413,task_completed,R6,G01288,
20260905_113629_48895a,3413,task_interrupted,R10,G01293,
20260905_113629_48895a,3414,task_assigned,R6,G01296,
20260905_113629_48895a,3415,task_created,,G01297,type=PICK pickup=B-07 dropoff=PICK-2
20260905_113629_48895a,3415,task_created,,G01298,type=PACK pickup=PICK-2 dropoff=PACK-2
20260905_113629_48895a,3419,task_created,,G01299,type=PUTAWAY pickup=BUFFER dropoff=E-07
20260905_113629_48895a,3420,task_completed,R6,G01296,
20260905_113629_48895a,3421,task_assigned,R6,G01293,
20260905_113629_48895a,3425,task_created,,G01300,type=PICK pickup=B-03 dropoff=PICK-3
20260905_113629_48895a,3425,task_created,,G01301,type=SHIP pickup=STAGING dropoff=DOCK-2
20260905_113629_48895a,3426,task_completed,R7,G01290,
20260905_113629_48895a,3427,task_completed,R13,G01086,
20260905_113629_48895a,3427,task_completed,R3,G01294,
20260905_113629_48895a,3427,task_assigned,R7,G01301,
20260905_113629_48895a,3427,task_created,,G01302,type=PUTAWAY pickup=BUFFER dropoff=D-07
20260905_113629_48895a,3427,task_created,,G01303,type=PACK pickup=PICK-2 dropoff=PACK-1
20260905_113629_48895a,3428,task_completed,R9,G01286,
20260905_113629_48895a,3428,task_assigned,R3,G01298,
20260905_113629_48895a,3428,task_assigned,R13,G01303,
20260905_113629_48895a,3429,task_assigned,R9,G01297,
20260905_113629_48895a,3432,task_completed,R11,G01080,
20260905_113629_48895a,3432,task_interrupted,R13,G01303,
20260905_113629_48895a,3433,task_assigned,R11,G01303,
20260905_113629_48895a,3434,task_completed,R3,G01298,
20260905_113629_48895a,3435,task_assigned,R10,G01300,
20260905_113629_48895a,3435,task_created,,G01304,type=PUTAWAY pickup=BUFFER dropoff=F-08
20260905_113629_48895a,3435,task_created,,G01305,type=PICK pickup=C-03 dropoff=PICK-3
20260905_113629_48895a,3435,task_assigned,R3,G01305,
20260905_113629_48895a,3436,task_assigned,R5,G01098,
20260905_113629_48895a,3436,task_interrupted,R7,G01301,
20260905_113629_48895a,3439,task_created,,G01306,type=PACK pickup=PICK-2 dropoff=PACK-2
20260905_113629_48895a,3439,task_created,,G01307,type=SHIP pickup=STAGING dropoff=DOCK-2
20260905_113629_48895a,3442,task_completed,R8,G01064,
20260905_113629_48895a,3442,task_interrupted,R12,G01091,
20260905_113629_48895a,3442,task_completed,R9,G01297,
20260905_113629_48895a,3442,task_interrupted,R11,G01303,
20260905_113629_48895a,3443,task_assigned,R9,G01301,
20260905_113629_48895a,3443,task_assigned,R8,G01307,
20260905_113629_48895a,3443,task_created,,G01308,type=PUTAWAY pickup=RECV dropoff=C-08
20260905_113629_48895a,3445,task_created,,G01309,type=PICK pickup=H-07 dropoff=PICK-3
20260905_113629_48895a,3446,task_interrupted,R6,G01293,
20260905_113629_48895a,3451,task_completed,R9,G01301,
20260905_113629_48895a,3451,task_created,,G01310,type=PUTAWAY pickup=BUFFER dropoff=C-06
20260905_113629_48895a,3451,task_created,,G01311,type=PACK pickup=PICK-2 dropoff=PACK-2
20260905_113629_48895a,3452,task_completed,R2,G01090,
20260905_113629_48895a,3452,task_assigned,R9,G01293,
20260905_113629_48895a,3453,task_created,,G01312,type=SHIP pickup=STAGING dropoff=DOCK-1
20260905_113629_48895a,3453,task_assigned,R2,G01312,
20260905_113629_48895a,3455,task_completed,R3,G01305,
20260905_113629_48895a,3455,task_created,,G01313,type=PICK pickup=F-01 dropoff=PICK-2
20260905_113629_48895a,3456,task_assigned,R3,G01303,
20260905_113629_48895a,3459,task_completed,R1,G01095,
20260905_113629_48895a,3459,task_created,,G01314,type=PUTAWAY pickup=BUFFER dropoff=F-06
20260905_113629_48895a,3460,task_assigned,R1,G01306,
20260905_113629_48895a,3463,task_completed,R8,G01307,
20260905_113629_48895a,3463,task_assigned,R7,G01311,
20260905_113629_48895a,3463,task_created,,G01315,type=PACK pickup=PICK-1 dropoff=PACK-2
20260905_113629_48895a,3465,task_completed,R4,G01082,
20260905_113629_48895a,3465,task_created,,G01316,type=PICK pickup=C-02 dropoff=PICK-1
20260905_113629_48895a,3466,task_assigned,R4,G01309,
20260905_113629_48895a,3466,task_assigned,R8,G01313,
20260905_113629_48895a,3466,task_assigned,R13,G01315,
20260905_113629_48895a,3467,task_created,,G01317,type=PUTAWAY pickup=RECV dropoff=H-08
20260905_113629_48895a,3467,task_created,,G01318,type=SHIP pickup=STAGING dropoff=DOCK-2
20260905_113629_48895a,3469,task_completed,R9,G01293,
20260905_113629_48895a,3470,task_assigned,R12,G01091,
20260905_113629_48895a,3470,task_assigned,R9,G01318,
20260905_113629_48895a,3473,task_completed,R4,G01309,
20260905_113629_48895a,3474,task_completed,R3,G01303,
20260905_113629_48895a,3474,task_assigned,R4,G01316,
20260905_113629_48895a,3475,task_completed,R1,G01306,
20260905_113629_48895a,3475,task_interrupted,R8,G01313,
20260905_113629_48895a,3475,task_created,,G01319,type=PUTAWAY pickup=RECV dropoff=H-01
20260905_113629_48895a,3475,task_created,,G01320,type=PICK pickup=H-07 dropoff=PICK-1
20260905_113629_48895a,3475,task_assigned,R3,G01320,
20260905_113629_48895a,3475,task_created,,G01321,type=PACK pickup=PICK-1 dropoff=PACK-1
20260905_113629_48895a,3475,task_assigned,R11,G01321,
20260905_113629_48895a,3476,task_assigned,R1,G01313,
20260905_113629_48895a,3477,task_completed,R5,G01098,
20260905_113629_48895a,3477,task_completed,R10,G01300,
20260905_113629_48895a,3477,task_completed,R9,G01318,
20260905_113629_48895a,3478,task_assigned,R5,G01101,
20260905_113629_48895a,3478,task_assigned,R10,G01104,
20260905_113629_48895a,3478,task_assigned,R9,G01107,
20260905_113629_48895a,3478,task_interrupted,R4,G01316,
20260905_113629_48895a,3479,task_completed,R2,G01312,
20260905_113629_48895a,3480,task_assigned,R2,G01316,
20260905_113629_48895a,3481,task_created,,G01322,type=SHIP pickup=STAGING dropoff=DOCK-2
20260905_113629_48895a,3483,task_created,,G01323,type=PUTAWAY pickup=BUFFER dropoff=E-04
20260905_113629_48895a,3485,task_created,,G01324,type=PICK pickup=D-05 dropoff=PICK-3
20260905_113629_48895a,3487,task_created,,G01325,type=PACK pickup=PICK-2 dropoff=PACK-1
20260905_113629_48895a,3491,task_created,,G01326,type=PUTAWAY pickup=RECV dropoff=H-08
20260905_113629_48895a,3493,task_completed,R13,G01315,
20260905_113629_48895a,3494,task_assigned,R6,G01322,
20260905_113629_48895a,3494,task_assigned,R13,G01325,
20260905_113629_48895a,3495,task_created,,G01327,type=PICK pickup=B-07 dropoff=PICK-3
20260905_113629_48895a,3495,task_created,,G01328,type=SHIP pickup=STAGING dropoff=DOCK-2
20260905_113629_48895a,3495,task_assigned,R8,G01328,
20260905_113629_48895a,3496,task_completed,R7,G01311,
20260905_113629_48895a,3496,task_completed,R11,G01321,
20260905_113629_48895a,3497,task_assigned,R7,G01324,
20260905_113629_48895a,3497,task_assigned,R11,G01327,
20260905_113629_48895a,3499,task_created,,G01329,type=PUTAWAY pickup=RECV dropoff=A-06
20260905_113629_48895a,3499,task_created,,G01330,type=PACK pickup=PICK-3 dropoff=PACK-2
20260905_113629_48895a,3502,task_interrupted,R9,G01107,
20260905_113629_48895a,3502,task_completed,R1,G01313,
20260905_113629_48895a,3503,task_assigned,R1,G01330,
20260905_113629_48895a,3505,task_completed,R10,G01104,
20260905_113629_48895a,3505,task_created,,G01331,type=PICK pickup=D-04 dropoff=PICK-2
20260905_113629_48895a,3506,task_completed,R13,G01325,
20260905_113629_48895a,3506,task_assigned,R10,G01331,
20260905_113629_48895a,3507,task_assigned,R13,G01107,
20260905_113629_48895a,3507,task_created,,G01332,type=PUTAWAY pickup=BUFFER dropoff=D-08
20260905_113629_48895a,3509,task_created,,G01333,type=SHIP pickup=STAGING dropoff=DOCK-1
20260905_113629_48895a,3510,task_completed,R8,G01328,
20260905_113629_48895a,3511,task_assigned,R8,G01333,
20260905_113629_48895a,3511,task_created,,G01334,type=PACK pickup=PICK-2 dropoff=PACK-2
20260905_113629_48895a,3513,task_completed,R6,G01322,
20260905_113629_48895a,3514,task_assigned,R6,G01334,
20260905_113629_48895a,3515,task_created,,G01335,type=PUTAWAY pickup=RECV dropoff=B-04
20260905_113629_48895a,3515,task_created,,G01336,type=PICK pickup=H-01 dropoff=PICK-1
20260905_113629_48895a,3518,task_completed,R8,G01333,
20260905_113629_48895a,3518,task_assigned,R4,G01336,
20260905_113629_48895a,3519,task_completed,R5,G01101,
20260905_113629_48895a,3519,task_assigned,R8,G01110,
20260905_113629_48895a,3519,task_completed,R7,G01324,
20260905_113629_48895a,3519,task_completed,R1,G01330,
20260905_113629_48895a,3520,task_completed,R12,G01091,
20260905_113629_48895a,3520,task_assigned,R7,G01113,
20260905_113629_48895a,3520,task_assigned,R5,G01117,
20260905_113629_48895a,3520,task_assigned,R1,G01119,
20260905_113629_48895a,3521,task_assigned,R12,G01122,
20260905_113629_48895a,3523,task_created,,G01337,type=PUTAWAY pickup=BUFFER dropoff=D-03
20260905_113629_48895a,3523,task_created,,G01338,type=PACK pickup=PICK-3 dropoff=PACK-2
20260905_113629_48895a,3523,task_created,,G01339,type=SHIP pickup=STAGING dropoff=DOCK-1
20260905_113629_48895a,3524,task_completed,R2,G01316,
20260905_113629_48895a,3525,task_assigned,R2,G01339,
20260905_113629_48895a,3525,task_created,,G01340,type=PICK pickup=C-02 dropoff=PICK-1
20260905_113629_48895a,3529,task_completed,R3,G01320,
20260905_113629_48895a,3530,task_assigned,R3,G01338,
20260905_113629_48895a,3531,task_completed,R6,G01334,
20260905_113629_48895a,3531,task_created,,G01341,type=PUTAWAY pickup=BUFFER dropoff=A-08
20260905_113629_48895a,3532,task_completed,R13,G01107,
20260905_113629_48895a,3532,task_assigned,R6,G01340,
20260905_113629_48895a,3533,task_assigned,R13,G01125,
20260905_113629_48895a,3535,task_created,,G01342,type=PICK pickup=F-05 dropoff=PICK-3
20260905_113629_48895a,3535,task_created,,G01343,type=PACK pickup=PICK-2 dropoff=PACK-1
20260905_113629_48895a,3536,task_completed,R12,G01122,
20260905_113629_48895a,3537,task_created,,G01344,type=SHIP pickup=STAGING dropoff=DOCK-2
20260905_113629_48895a,3537,task_assigned,R12,G01344,
20260905_113629_48895a,3538,task_completed,R11,G01327,
20260905_113629_48895a,3539,task_assigned,R11,G01343,
20260905_113629_48895a,3539,task_created,,G01345,type=PUTAWAY pickup=RECV dropoff=E-03
20260905_113629_48895a,3541,task_completed,R2,G01339,
20260905_113629_48895a,3542,task_assigned,R2,G01128,
20260905_113629_48895a,3542,task_assigned,R9,G01342,
20260905_113629_48895a,3545,task_created,,G01346,type=PICK pickup=B-05 dropoff=PICK-1
20260905_113629_48895a,3547,task_completed,R8,G01110,
20260905_113629_48895a,3547,task_interrupted,R2,G01128,
20260905_113629_48895a,3547,task_created,,G01347,type=PUTAWAY pickup=RECV dropoff=A-08
20260905_113629_48895a,3547,task_created,,G01348,type=PACK pickup=PICK-2 dropoff=PACK-1
20260905_113629_48895a,3548,task_assigned,R8,G01348,
20260905_113629_48895a,3551,task_created,,G01349,type=SHIP pickup=STAGING dropoff=DOCK-1
20260905_113629_48895a,3552,task_completed,R5,G01117,
20260905_113629_48895a,3553,task_completed,R11,G01343,
20260905_113629_48895a,3553,task_assigned,R5,G01349,
20260905_113629_48895a,3554,task_completed,R12,G01344,
20260905_113629_48895a,3554,task_assigned,R11,G01346,
20260905_113629_48895a,3555,task_created,,G01350,type=PUTAWAY pickup=BUFFER dropoff=F-02
20260905_113629_48895a,3555,task_created,,G01351,type=PICK pickup=D-08 dropoff=PICK-3
20260905_113629_48895a,3555,task_assigned,R12,G01351,
20260905_113629_48895a,3556,task_completed,R3,G01338,
20260905_113629_48895a,3557,task_assigned,R3,G01128,
20260905_113629_48895a,3557,task_completed,R10,G01331,
20260905_113629_48895a,3558,task_assigned,R10,G01132,
20260905_113629_48895a,3559,task_created,,G01352,type=PACK pickup=PICK-2 dropoff=PACK-2
20260905_113629_48895a,3563,task_created,,G01353,type=PUTAWAY pickup=BUFFER dropoff=E-03
20260905_113629_48895a,3565,task_created,,G01354,type=PICK pickup=G-06 dropoff=PICK-2
20260905_113629_48895a,3565,task_created,,G01355,type=SHIP pickup=STAGING dropoff=DOCK-1
20260905_113629_48895a,3570,task_completed,R6,G01340,
20260905_113629_48895a,3571,task_completed,R13,G01125,
20260905_113629_48895a,3571,task_completed,R5,G01349,
20260905_113629_48895a,3571,task_assigned,R6,G01355,
20260905_113629_48895a,3571,task_created,,G01356,type=PUTAWAY pickup=BUFFER dropoff=G-04
20260905_113629_48895a,3571,task_created,,G01357,type=PACK pickup=PICK-3 dropoff=PACK-2
20260905_113629_48895a,3572,task_completed,R7,G01113,
20260905_113629_48895a,3572,task_assigned,R5,G01352,
20260905_113629_48895a,3572,task_assigned,R13,G01357,
20260905_113629_48895a,3573,task_assigned,R7,G01135,
20260905_113629_48895a,3573,task_assigned,R2,G01354,
20260905_113629_48895a,3575,task_created,,G01358,type=PICK pickup=F-08 dropoff=PICK-2
20260905_113629_48895a,3578,task_completed,R11,G01346,
20260905_113629_48895a,3579,task_created,,G01359,type=PUTAWAY pickup=RECV dropoff=F-02
20260905_113629_48895a,3579,task_created,,G01360,type=SHIP pickup=STAGING dropoff=DOCK-1
20260905_113629_48895a,3579,task_assigned,R11,G01360,
20260905_113629_48895a,3583,task_completed,R8,G01348,
20260905_113629_48895a,3583,task_completed,R12,G01351,
20260905_113629_48895a,3583,task_created,,G01361,type=PACK pickup=PICK-3 dropoff=PACK-2
20260905_113629_48895a,3584,task_completed,R3,G01128,
20260905_113629_48895a,3584,task_assigned,R12,G01358,
20260905_113629_48895a,3584,task_assigned,R8,G01361,
20260905_113629_48895a,3585,task_created,,G01362,type=PICK pickup=F-06 dropoff=PICK-1
20260905_113629_48895a,3585,task_assigned,R3,G01362,
20260905_113629_48895a,3587,task_completed,R5,G01352,
20260905_113629_48895a,3587,task_created,,G01363,type=PUTAWAY pickup=RECV dropoff=D-04
20260905_113629_48895a,3588,task_assigned,R5,G01137,
20260905_113629_48895a,3590,task_completed,R6,G01355,
20260905_113629_48895a,3591,task_completed,R1,G01119,
20260905_113629_48895a,3591,task_assigned,R6,G01140,
20260905_113629_48895a,3591,task_completed,R4,G01336,
20260905_113629_48895a,3592,task_assigned,R4,G01144,
20260905_113629_48895a,3592,task_assigned,R1,G01146,
20260905_113629_48895a,3593,task_created,,G01364,type=SHIP pickup=STAGING dropoff=DOCK-1
20260905_113629_48895a,3594,task_completed,R3,G01362,
20260905_113629_48895a,3595,task_assigned,R3,G01364,
20260905_113629_48895a,3595,task_created,,G01365,type=PUTAWAY pickup=RECV dropoff=E-03
20260905_113629_48895a,3595,task_created,,G01366,type=PICK pickup=F-02 dropoff=PICK-2
20260905_113629_48895a,3595,task_created,,G01367,type=PACK pickup=PICK-2 dropoff=PACK-1
20260905_113629_48895a,3596,task_completed,R11,G01360,
20260905_113629_48895a,3597,task_assigned,R11,G01367,
20260905_113629_48895a,3599,task_completed,R10,G01132,
20260905_113629_48895a,3600,task_assigned,R10,G01366,
20260905_113629_48895a,3603,task_created,,G01368,type=PUTAWAY pickup=RECV dropoff=F-04
20260905_113629_48895a,3605,task_created,,G01369,type=PICK pickup=A-07 dropoff=PICK-1
20260905_113629_48895a,3606,task_completed,R7,G01135,
20260905_113629_48895a,3607,task_interrupted,R3,G01364,
20260905_113629_48895a,3607,task_created,,G01370,type=PACK pickup=PICK-1 dropoff=PACK-2
20260905_113629_48895a,3607,task_created,,G01371,type=SHIP pickup=STAGING dropoff=DOCK-1
20260905_113629_48895a,3607,task_assigned,R7,G01371,
20260905_113629_48895a,3608,task_completed,R13,G01357,
20260905_113629_48895a,3609,task_completed,R8,G01361,
20260905_113629_48895a,3609,task_assigned,R13,G01364,
20260905_113629_48895a,3610,task_assigned,R8,G01370,
20260905_113629_48895a,3611,task_created,,G01372,type=PUTAWAY pickup=BUFFER dropoff=H-01
20260905_113629_48895a,3615,task_completed,R11,G01367,
20260905_113629_48895a,3615,task_created,,G01373,type=PICK pickup=H-03 dropoff=PICK-1
20260905_113629_48895a,3616,task_completed,R13,G01364,
20260905_113629_48895a,3616,task_assigned,R11,G01369,
20260905_113629_48895a,3617,task_completed,R5,G01137,
20260905_113629_48895a,3617,task_assigned,R13,G01373,
20260905_113629_48895a,3618,task_assigned,R5,G01150,
20260905_113629_48895a,3619,task_created,,G01374,type=PUTAWAY pickup=RECV dropoff=D-02
20260905_113629_48895a,3619,task_created,,G01375,type=PACK pickup=PICK-3 dropoff=PACK-1
20260905_113629_48895a,3621,task_created,,G01376,type=SHIP pickup=STAGING dropoff=DOCK-1
20260905_113629_48895a,3623,task_completed,R9,G01342,
20260905_113629_48895a,3624,task_assigned,R9,G01376,
20260905_113629_48895a,3625,task_created,,G01377,type=PICK pickup=E-04 dropoff=PICK-1
20260905_113629_48895a,3627,task_completed,R12,G01358,
20260905_113629_48895a,3627,task_created,,G01378,type=PUTAWAY pickup=RECV dropoff=E-01
20260905_113629_48895a,3628,task_assigned,R12,G01375,
20260905_113629_48895a,3631,task_completed,R4,G01144,
20260905_113629_48895a,3631,task_created,,G01379,type=PACK pickup=PICK-1 dropoff=PACK-2
20260905_113629_48895a,3632,task_completed,R10,G01366,
20260905_113629_48895a,3632,task_assigned,R4,G01379,
20260905_113629_48895a,3633,task_assigned,R10,G01153,
20260905_113629_48895a,3633,task_assigned,R3,G01377,
20260905_113629_48895a,3634,task_completed,R6,G01140,
20260905_113629_48895a,3634,task_interrupted,R1,G01146,
20260905_113629_48895a,3635,task_created,,G01380,type=PUTAWAY pickup=BUFFER dropoff=A-07
20260905_113629_48895a,3635,task_created,,G01381,type=PICK pickup=G-03 dropoff=PICK-3
20260905_113629_48895a,3635,task_created,,G01382,type=SHIP pickup=STAGING dropoff=DOCK-1
20260905_113629_48895a,3635,task_assigned,R6,G01382,
20260905_113629_48895a,3638,task_completed,R5,G01150,
20260905_113629_48895a,3639,task_completed,R8,G01370,
20260905_113629_48895a,3639,task_assigned,R5,G01381,
20260905_113629_48895a,3640,task_assigned,R8,G01146,
20260905_113629_48895a,3642,task_completed,R11,G01369,
20260905_113629_48895a,3643,task_created,,G01383,type=PUTAWAY pickup=RECV dropoff=B-04
20260905_113629_48895a,3643,task_created,,G01384,type=PACK pickup=PICK-3 dropoff=PACK-1
20260905_113629_48895a,3643,task_assigned,R11,G01384,
20260905_113629_48895a,3644,task_completed,R7,G01371,
20260905_113629_48895a,3645,task_created,,G01385,type=PICK pickup=A-01 dropoff=PICK-1
20260905_113629_48895a,3645,task_assigned,R7,G01385,
20260905_113629_48895a,3648,task_completed,R9,G01376,
20260905_113629_48895a,3649,task_created,,G01386,type=SHIP pickup=STAGING dropoff=DOCK-1
20260905_113629_48895a,3649,task_assigned,R9,G01386,
20260905_113629_48895a,3651,task_created,,G01387,type=PUTAWAY pickup=BUFFER dropoff=D-05
20260905_113629_48895a,3654,task_completed,R9,G01386,
20260905_113629_48895a,3655,task_created,,G01388,type=PICK pickup=H-01 dropoff=PICK-1
20260905_113629_48895a,3655,task_created,,G01389,type=PACK pickup=PICK-1 dropoff=PACK-2
20260905_113629_48895a,3655,task_assigned,R9,G01389,
20260905_113629_48895a,3656,task_completed,R6,G01382,
20260905_113629_48895a,3657,task_interrupted,R10,G01153,
20260905_113629_48895a,3657,task_completed,R12,G01375,
20260905_113629_48895a,3657,task_assigned,R6,G01388,
20260905_113629_48895a,3658,task_assigned,R12,G01153,
20260905_113629_48895a,3659,task_created,,G01390,type=PUTAWAY pickup=BUFFER dropoff=G-07
20260905_113629_48895a,3663,task_created,,G01391,type=SHIP pickup=STAGING dropoff=DOCK-2
20260905_113629_48895a,3664,task_interrupted,R5,G01381,
20260905_113629_48895a,3665,task_created,,G01392,type=PICK pickup=B-02 dropoff=PICK-1
20260905_113629_48895a,3667,task_created,,G01393,type=PUTAWAY pickup=RECV dropoff=B-04
20260905_113629_48895a,3667,task_created,,G01394,type=PACK pickup=PICK-3 dropoff=PACK-1
20260905_113629_48895a,3668,task_completed,R2,G01354,
20260905_113629_48895a,3669,task_assigned,R2,G01391,
20260905_113629_48895a,3671,task_completed,R13,G01373,
20260905_113629_48895a,3672,task_assigned,R13,G01381,
20260905_113629_48895a,3672,task_assigned,R1,G01394,
20260905_113629_48895a,3673,task_completed,R3,G01377,
20260905_113629_48895a,3674,task_assigned,R3,G01392,
20260905_113629_48895a,3675,task_created,,G01395,type=PUTAWAY pickup=BUFFER dropoff=F-01
20260905_113629_48895a,3675,task_created,,G01396,type=PICK pickup=F-08 dropoff=PICK-2
20260905_113629_48895a,3676,task_completed,R11,G01384,
20260905_113629_48895a,3677,task_completed,R2,G01391,
20260905_113629_48895a,3677,task_created,,G01397,type=SHIP pickup=STAGING dropoff=DOCK-2
20260905_113629_48895a,3677,task_assigned,R11,G01397,
20260905_113629_48895a,3678,task_completed,R12,G01153,
20260905_113629_48895a,3678,task_assigned,R2,G01396,
20260905_113629_48895a,3679,task_completed,R4,G01379,
20260905_113629_48895a,3679,task_created,,G01398,type=PACK pickup=PICK-1 dropoff=PACK-1
20260905_113629_48895a,3679,task_assigned,R12,G01398,
20260905_113629_48895a,3680,task_assigned,R4,G01155,
20260905_113629_48895a,3681,task_completed,R8,G01146,
20260905_113629_48895a,3682,task_assigned,R8,G01159,
20260905_113629_48895a,3682,task_completed,R7,G01385,
20260905_113629_48895a,3682,task_completed,R9,G01389,
20260905_113629_48895a,3683,task_assigned,R9,G01162,
20260905_113629_48895a,3683,task_assigned,R7,G01165,
20260905_113629_48895a,3683,task_completed,R11,G01397,
20260905_113629_48895a,3683,task_created,,G01399,type=PUTAWAY pickup=BUFFER dropoff=A-02
20260905_113629_48895a,3684,task_assigned,R11,G01167,
20260905_113629_48895a,3684,task_interrupted,R13,G01381,
20260905_113629_48895a,3685,task_created,,G01400,type=PICK pickup=C-06 dropoff=PICK-2
20260905_113629_48895a,3691,task_created,,G01401,type=PUTAWAY pickup=RECV dropoff=D-04
20260905_113629_48895a,3691,task_created,,G01402,type=PACK pickup=PICK-3 dropoff=PACK-1
20260905_113629_48895a,3691,task_created,,G01403,type=SHIP pickup=STAGING dropoff=DOCK-2
20260905_113629_48895a,3693,task_assigned,R10,G01403,
20260905_113629_48895a,3695,task_created,,G01404,type=PICK pickup=D-04 dropoff=PICK-1
20260905_113629_48895a,3696,task_interrupted,R7,G01165,
20260905_113629_48895a,3699,task_created,,G01405,type=PUTAWAY pickup=BUFFER dropoff=C-02
20260905_113629_48895a,3703,task_completed,R12,G01398,
20260905_113629_48895a,3703,task_created,,G01406,type=PACK pickup=PICK-1 dropoff=PACK-2
20260905_113629_48895a,3704,task_interrupted,R11,G01167,
20260905_113629_48895a,3705,task_created,,G01407,type=PICK pickup=F-05 dropoff=PICK-2
20260905_113629_48895a,3705,task_created,,G01408,type=SHIP pickup=STAGING dropoff=DOCK-1
20260905_113629_48895a,3706,task_completed,R4,G01155,
20260905_113629_48895a,3707,task_assigned,R5,G01381,
20260905_113629_48895a,3707,task_assigned,R4,G01408,
20260905_113629_48895a,3707,task_created,,G01409,type=PUTAWAY pickup=BUFFER dropoff=E-04
20260905_113629_48895a,3708,task_completed,R8,G01159,
20260905_113629_48895a,3708,task_completed,R3,G01392,
20260905_113629_48895a,3709,task_assigned,R3,G01402,
20260905_113629_48895a,3709,task_completed,R10,G01403,
20260905_113629_48895a,3709,task_assigned,R8,G01406,
20260905_113629_48895a,3710,task_completed,R6,G01388,
20260905_113629_48895a,3710,task_assigned,R10,G01400,
20260905_113629_48895a,3712,task_completed,R1,G01394,
20260905_113629_48895a,3713,task_assigned,R1,G01404,
20260905_113629_48895a,3713,task_assigned,R6,G01407,
20260905_113629_48895a,3715,task_created,,G01410,type=PUTAWAY pickup=BUFFER dropoff=D-08
20260905_113629_48895a,3715,task_created,,G01411,type=PICK pickup=E-05 dropoff=PICK-3
20260905_113629_48895a,3715,task_created,,G01412,type=PACK pickup=PICK-1 dropoff=PACK-2
20260905_113629_48895a,3719,task_created,,G01413,type=SHIP pickup=STAGING dropoff=DOCK-1
20260905_113629_48895a,3720,task_assigned,R13,G01413,
20260905_113629_48895a,3721,task_completed,R2,G01396,
20260905_113629_48895a,3722,task_assigned,R2,G01412,
20260905_113629_48895a,3723,task_created,,G01414,type=PUTAWAY pickup=RECV dropoff=E-06
20260905_113629_48895a,3725,task_completed,R4,G01408,
20260905_113629_48895a,3725,task_created,,G01415,type=PICK pickup=A-07 dropoff=PICK-1
20260905_113629_48895a,3726,task_assigned,R4,G01411,
20260905_113629_48895a,3727,task_created,,G01416,type=PACK pickup=PICK-2 dropoff=PACK-2
20260905_113629_48895a,3728,task_completed,R9,G01162,
20260905_113629_48895a,3728,task_assigned,R7,G01165,
20260905_113629_48895a,3728,task_assigned,R12,G01416,
20260905_113629_48895a,3729,task_assigned,R9,G01415,
20260905_113629_48895a,3730,task_interrupted,R6,G01407,
20260905_113629_48895a,3731,task_interrupted,R8,G01406,
20260905_113629_48895a,3731,task_created,,G01417,type=PUTAWAY pickup=BUFFER dropoff=D-07
20260905_113629_48895a,3733,task_created,,G01418,type=SHIP pickup=STAGING dropoff=DOCK-1
20260905_113629_48895a,3735,task_completed,R13,G01413,
20260905_113629_48895a,3735,task_created,,G01419,type=PICK pickup=A-02 dropoff=PICK-2
20260905_113629_48895a,3736,task_assigned,R13,G01418,
20260905_113629_48895a,3737,task_completed,R9,G01415,
20260905_113629_48895a,3738,task_assigned,R9,G01406,
20260905_113629_48895a,3739,task_completed,R10,G01400,
20260905_113629_48895a,3739,task_created,,G01420,type=PUTAWAY pickup=RECV dropoff=C-01
20260905_113629_48895a,3739,task_created,,G01421,type=PACK pickup=PICK-2 dropoff=PACK-2
20260905_113629_48895a,3740,task_completed,R5,G01381,
20260905_113629_48895a,3740,task_assigned,R10,G01421,
20260905_113629_48895a,3741,task_completed,R3,G01402,
20260905_113629_48895a,3741,task_assigned,R5,G01407,
20260905_113629_48895a,3741,task_completed,R13,G01418,
20260905_113629_48895a,3742,task_assigned,R3,G01167,
20260905_113629_48895a,3742,task_assigned,R13,G01419,
20260905_113629_48895a,3745,task_created,,G01422,type=PICK pickup=F-07 dropoff=PICK-3
20260905_113629_48895a,3746,task_completed,R10,G01421,
20260905_113629_48895a,3746,task_assigned,R11,G01422,
20260905_113629_48895a,3747,task_created,,G01423,type=PUTAWAY pickup=BUFFER dropoff=H-05
20260905_113629_48895a,3747,task_created,,G01424,type=SHIP pickup=STAGING dropoff=DOCK-1
20260905_113629_48895a,3747,task_assigned,R10,G01424,
20260905_113629_48895a,3748,task_interrupted,R4,G01411,
20260905_113629_48895a,3751,task_completed,R2,G01412,
20260905_113629_48895a,3751,task_created,,G01425,type=PACK pickup=PICK-3 dropoff=PACK-1
20260905_113629_48895a,3752,task_assigned,R2,G01425,
20260905_113629_48895a,3753,task_completed,R9,G01406,
20260905_113629_48895a,3754,task_assigned,R9,G01411,
20260905_113629_48895a,3754,task_completed,R10,G01424,
20260905_113629_48895a,3755,task_created,,G01426,type=PUTAWAY pickup=BUFFER dropoff=E-02
20260905_113629_48895a,3755,task_created,,G01427,type=PICK pickup=D-04 dropoff=PICK-1
20260905_113629_48895a,3755,task_assigned,R10,G01427,
20260905_113629_48895a,3757,task_completed,R1,G01404,
20260905_113629_48895a,3758,task_assigned,R1,G01171,
20260905_113629_48895a,3758,task_completed,R12,G01416,
20260905_113629_48895a,3759,task_assigned,R12,G01174,
20260905_113629_48895a,3760,task_completed,R5,G01407,
20260905_113629_48895a,3761,task_created,,G01428,type=SHIP pickup=STAGING dropoff=DOCK-2
20260905_113629_48895a,3761,task_assigned,R5,G01428,
20260905_113629_48895a,3762,task_completed,R7,G01165,
20260905_113629_48895a,3763,task_assigned,R8,G01177,
20260905_113629_48895a,3763,task_created,,G01429,type=PUTAWAY pickup=RECV dropoff=G-06
20260905_113629_48895a,3763,task_created,,G01430,type=PACK pickup=PICK-2 dropoff=PACK-2
20260905_113629_48895a,3763,task_assigned,R7,G01430,
20260905_113629_48895a,3765,task_created,,G01431,type=PICK pickup=B-03 dropoff=PICK-3
20260905_113629_48895a,3768,task_completed,R3,G01167,
20260905_113629_48895a,3768,task_assigned,R6,G01431,
20260905_113629_48895a,3769,task_assigned,R3,G01181,
20260905_113629_48895a,3769,task_completed,R5,G01428,
20260905_113629_48895a,3770,task_assigned,R5,G01182,
20260905_113629_48895a,3771,task_created,,G01432,type=PUTAWAY pickup=BUFFER dropoff=E-04
20260905_113629_48895a,3773,task_completed,R1,G01171,
20260905_113629_48895a,3774,task_assigned,R1,G01186,
20260905_113629_48895a,3774,task_completed,R2,G01425,
20260905_113629_48895a,3775,task_created,,G01433,type=PICK pickup=B-03 dropoff=PICK-2
20260905_113629_48895a,3775,task_created,,G01434,type=PACK pickup=PICK-1 dropoff=PACK-1
20260905_113629_48895a,3775,task_created,,G01435,type=SHIP pickup=STAGING dropoff=DOCK-2
20260905_113629_48895a,3775,task_assigned,R2,G01435,
20260905_113629_48895a,3776,task_completed,R7,G01430,
20260905_113629_48895a,3777,task_assigned,R7,G01434,
20260905_113629_48895a,3779,task_created,,G01436,type=PUTAWAY pickup=RECV dropoff=B-01
20260905_113629_48895a,3780,task_completed,R13,G01419,
20260905_113629_48895a,3780,task_assigned,R4,G01433,
20260905_113629_48895a,3781,task_completed,R12,G01174,
20260905_113629_48895a,3781,task_assigned,R13,G01189,
20260905_113629_48895a,3781,task_completed,R2,G01435,
20260905_113629_48895a,3782,task_assigned,R12,G01192,
20260905_113629_48895a,3782,task_assigned,R2,G01196,
20260905_113629_48895a,3782,task_interrupted,R9,G01411,
20260905_113629_48895a,3785,task_completed,R11,G01422,
20260905_113629_48895a,3785,task_created,,G01437,type=PICK pickup=E-08 dropoff=PICK-3
20260905_113629_48895a,3786,task_assigned,R11,G01411,
20260905_113629_48895a,3787,task_created,,G01438,type=PUTAWAY pickup=RECV dropoff=D-07
20260905_113629_48895a,3787,task_created,,G01439,type=PACK pickup=PICK-1 dropoff=PACK-1
20260905_113629_48895a,3789,task_created,,G01440,type=SHIP pickup=STAGING dropoff=DOCK-2
20260905_113629_48895a,3795,task_completed,R5,G01182,
20260905_113629_48895a,3795,task_created,,G01441,type=PUTAWAY pickup=BUFFER dropoff=H-03
20260905_113629_48895a,3795,task_created,,G01442,type=PICK pickup=A-08 dropoff=PICK-2
20260905_113629_48895a,3796,task_assigned,R5,G01440,
20260905_113629_48895a,3799,task_created,,G01443,type=PACK pickup=PICK-3 dropoff=PACK-1
20260905_113629_48895a,3801,task_completed,R1,G01186,
20260905_113629_48895a,3802,task_assigned,R1,G01439,
20260905_113629_48895a,3803,task_created,,G01444,type=PUTAWAY pickup=BUFFER dropoff=A-02
20260905_113629_48895a,3803,task_created,,G01445,type=SHIP pickup=STAGING dropoff=DOCK-1
20260905_113629_48895a,3804,task_completed,R7,G01434,
20260905_113629_48895a,3805,task_assigned,R7,G01445,
20260905_113629_48895a,3805,task_created,,G01446,type=PICK pickup=C-05 dropoff=PICK-2
20260905_113629_48895a,3806,task_completed,R8,G01177,
20260905_113629_48895a,3807,task_completed,R3,G01181,
20260905_113629_48895a,3807,task_completed,R10,G01427,
20260905_113629_48895a,3807,task_assigned,R8,G01443,
20260905_113629_48895a,3808,task_assigned,R10,G01437,
20260905_113629_48895a,3808,task_assigned,R3,G01442,
20260905_113629_48895a,3810,task_completed,R11,G01411,
20260905_113629_48895a,3811,task_interrupted,R2,G01196,
20260905_113629_48895a,3811,task_completed,R7,G01445,
20260905_113629_48895a,3811,task_created,,G01447,type=PUTAWAY pickup=RECV dropoff=E-02
20260905_113629_48895a,3811,task_created,,G01448,type=PACK pickup=PICK-1 dropoff=PACK-2
20260905_113629_48895a,3811,task_assigned,R11,G01448,
20260905_113629_48895a,3812,task_assigned,R7,G01446,
20260905_113629_48895a,3815,task_created,,G01449,type=PICK pickup=C-01 dropoff=PICK-3
20260905_113629_48895a,3816,task_completed,R12,G01192,
20260905_113629_48895a,3816,task_assigned,R9,G01449,
20260905_113629_48895a,3817,task_completed,R4,G01433,
20260905_113629_48895a,3817,task_created,,G01450,type=SHIP pickup=STAGING dropoff=DOCK-1
20260905_113629_48895a,3817,task_assigned,R12,G01450,
20260905_113629_48895a,3818,task_assigned,R4,G01196,
20260905_113629_48895a,3818,task_completed,R5,G01440,
20260905_113629_48895a,3819,task_assigned,R5,G01198,
20260905_113629_48895a,3819,task_created,,G01451,type=PUTAWAY pickup=BUFFER dropoff=F-03
20260905_113629_48895a,3823,task_created,,G01452,type=PACK pickup=PICK-2 dropoff=PACK-2
20260905_113629_48895a,3825,task_completed,R13,G01189,
20260905_113629_48895a,3825,task_created,,G01453,type=PICK pickup=B-01 dropoff=PICK-2
20260905_113629_48895a,3826,task_completed,R3,G01442,
20260905_113629_48895a,3826,task_assigned,R13,G01452,
20260905_113629_48895a,3827,task_assigned,R3,G01453,
20260905_113629_48895a,3827,task_created,,G01454,type=PUTAWAY pickup=BUFFER dropoff=H-08
20260905_113629_48895a,3831,task_created,,G01455,type=SHIP pickup=STAGING dropoff=DOCK-2
20260905_113629_48895a,3835,task_completed,R10,G01437,
20260905_113629_48895a,3835,task_created,,G01456,type=PUTAWAY pickup=BUFFER dropoff=H-08
20260905_113629_48895a,3835,task_created,,G01457,type=PICK pickup=C-06 dropoff=PICK-2
20260905_113629_48895a,3835,task_created,,G01458,type=PACK pickup=PICK-1 dropoff=PACK-2
20260905_113629_48895a,3836,task_completed,R6,G01431,
20260905_113629_48895a,3836,task_completed,R8,G01443,
20260905_113629_48895a,3836,task_assigned,R10,G01455,
20260905_113629_48895a,3837,task_assigned,R6,G01457,
20260905_113629_48895a,3837,task_assigned,R8,G01458,
20260905_113629_48895a,3841,task_assigned,R2,G01201,
20260905_113629_48895a,3841,task_completed,R7,G01446,
20260905_113629_48895a,3841,task_completed,R12,G01450,
20260905_113629_48895a,3842,task_assigned,R7,G01204,
20260905_113629_48895a,3842,task_assigned,R12,G01208,
20260905_113629_48895a,3843,task_completed,R4,G01196,
20260905_113629_48895a,3843,task_created,,G01459,type=PUTAWAY pickup=BUFFER dropoff=B-07
20260905_113629_48895a,3844,task_assigned,R4,G01210,
20260905_113629_48895a,3845,task_completed,R1,G01439,
20260905_113629_48895a,3845,task_created,,G01460,type=PICK pickup=D-06 dropoff=PICK-3
20260905_113629_48895a,3845,task_created,,G01461,type=SHIP pickup=STAGING dropoff=DOCK-1
20260905_113629_48895a,3846,task_completed,R13,G01452,
20260905_113629_48895a,3846,task_assigned,R1,G01461,
20260905_113629_48895a,3847,task_created,,G01462,type=PACK pickup=PICK-1 dropoff=PACK-1
20260905_113629_48895a,3847,task_assigned,R13,G01462,
20260905_113629_48895a,3851,task_completed,R5,G01198,
20260905_113629_48895a,3851,task_created,,G01463,type=PUTAWAY pickup=BUFFER dropoff=H-05
20260905_113629_48895a,3852,task_assigned,R5,G01460,
20260905_113629_48895a,3852,task_completed,R1,G01461,
20260905_113629_48895a,3853,task_assigned,R1,G01213,
20260905_113629_48895a,3853,task_completed,R9,G01449,
20260905_113629_48895a,3853,task_completed,R3,G01453,
20260905_113629_48895a,3854,task_assigned,R9,G01217,
20260905_113629_48895a,3854,task_completed,R10,G01455,
20260905_113629_48895a,3855,task_created,,G01464,type=PICK pickup=F-07 dropoff=PICK-2
20260905_113629_48895a,3855,task_assigned,R10,G01464,
20260905_113629_48895a,3859,task_created,,G01465,type=PUTAWAY pickup=BUFFER dropoff=C-07
20260905_113629_48895a,3859,task_created,,G01466,type=PACK pickup=PICK-1 dropoff=PACK-2
20260905_113629_48895a,3859,task_created,,G01467,type=SHIP pickup=STAGING dropoff=DOCK-2
20260905_113629_48895a,3859,task_assigned,R3,G01467,
20260905_113629_48895a,3861,task_completed,R11,G01448,
20260905_113629_48895a,3862,task_completed,R8,G01458,
20260905_113629_48895a,3862,task_assigned,R11,G01466,
20260905_113629_48895a,3863,task_assigned,R8,G01219,
20260905_113629_48895a,3865,task_created,,G01468,type=PICK pickup=D-08 dropoff=PICK-2
20260905_113629_48895a,3867,task_completed,R3,G01467,
20260905_113629_48895a,3867,task_created,,G01469,type=PUTAWAY pickup=RECV dropoff=E-03
20260905_113629_48895a,3871,task_created,,G01470,type=PACK pickup=PICK-1 dropoff=PACK-2
20260905_113629_48895a,3873,task_completed,R6,G01457,
20260905_113629_48895a,3873,task_completed,R13,G01462,
20260905_113629_48895a,3873,task_created,,G01471,type=SHIP pickup=STAGING dropoff=DOCK-1
20260905_113629_48895a,3873,task_assigned,R3,G01471,
20260905_113629_48895a,3874,task_completed,R5,G01460,
20260905_113629_48895a,3874,task_assigned,R13,G01468,
20260905_113629_48895a,3874,task_assigned,R6,G01470,
20260905_113629_48895a,3875,task_interrupted,R3,G01471,
20260905_113629_48895a,3875,task_created,,G01472,type=PUTAWAY pickup=BUFFER dropoff=D-05
20260905_113629_48895a,3875,task_created,,G01473,type=PICK pickup=A-06 dropoff=PICK-2
20260905_113629_48895a,3875,task_assigned,R5,G01473,
20260905_113629_48895a,3876,task_completed,R12,G01208,
20260905_113629_48895a,3877,task_completed,R7,G01204,
20260905_113629_48895a,3877,task_assigned,R12,G01471,
20260905_113629_48895a,3878,task_completed,R9,G01217,
20260905_113629_48895a,3878,task_assigned,R7,G01223,
20260905_113629_48895a,3879,task_assigned,R9,G01226,
20260905_113629_48895a,3883,task_completed,R1,G01213,
20260905_113629_48895a,3883,task_created,,G01474,type=PUTAWAY pickup=BUFFER dropoff=H-04
20260905_113629_48895a,3883,task_created,,G01475,type=PACK pickup=PICK-2 dropoff=PACK-2
20260905_113629_48895a,3884,task_assigned,R1,G01475,
20260905_113629_48895a,3885,task_completed,R10,G01464,
20260905_113629_48895a,3885,task_created,,G01476,type=PICK pickup=F-02 dropoff=PICK-1
20260905_113629_48895a,3886,task_assigned,R10,G01476,
20260905_113629_48895a,3887,task_created,,G01477,type=SHIP pickup=STAGING dropoff=DOCK-1
20260905_113629_48895a,3888,task_completed,R2,G01201,
20260905_113629_48895a,3889,task_assigned,R2,G01477,
20260905_113629_48895a,3891,task_interrupted,R1,G01475,
20260905_113629_48895a,3891,task_created,,G01478,type=PUTAWAY pickup=RECV dropoff=D-02
20260905_113629_48895a,3893,task_completed,R11,G01466,
20260905_113629_48895a,3894,task_assigned,R11,G01475,
20260905_113629_48895a,3895,task_created,,G01479,type=PICK pickup=E-06 dropoff=PICK-3
20260905_113629_48895a,3895,task_created,,G01480,type=PACK pickup=PICK-2 dropoff=PACK-1
20260905_113629_48895a,3896,task_completed,R4,G01210,
20260905_113629_48895a,3897,task_assigned,R4,G01480,
20260905_113629_48895a,3898,task_assigned,R3,G01479,
20260905_113629_48895a,3899,task_created,,G01481,type=PUTAWAY pickup=RECV dropoff=F-08
20260905_113629_48895a,3900,task_completed,R6,G01470,
20260905_113629_48895a,3900,task_completed,R12,G01471,
20260905_113629_48895a,3901,task_assigned,R12,G01228,
20260905_113629_48895a,3901,task_created,,G01482,type=SHIP pickup=STAGING dropoff=DOCK-1
20260905_113629_48895a,3901,task_assigned,R6,G01482,
20260905_113629_48895a,3905,task_created,,G01483,type=PICK pickup=D-08 dropoff=PICK-1
20260905_113629_48895a,3906,task_completed,R11,G01475,
20260905_113629_48895a,3907,task_created,,G01484,type=PUTAWAY pickup=BUFFER dropoff=G-05
20260905_113629_48895a,3907,task_created,,G01485,type=PACK pickup=PICK-1 dropoff=PACK-1
20260905_113629_48895a,3907,task_assigned,R11,G01485,
20260905_113629_48895a,3908,task_completed,R6,G01482,
20260905_113629_48895a,3909,task_completed,R13,G01468,
20260905_113629_48895a,3909,task_assigned,R6,G01483,
20260905_113629_48895a,3910,task_assigned,R13,G01231,
20260905_113629_48895a,3912,task_completed,R8,G01219,
20260905_113629_48895a,3913,task_assigned,R8,G01235,
20260905_113629_48895a,3915,task_completed,R2,G01477,
20260905_113629_48895a,3915,task_created,,G01486,type=PUTAWAY pickup=RECV dropoff=A-02
20260905_113629_48895a,3915,task_created,,G01487,type=PICK pickup=F-03 dropoff=PICK-1
20260905_113629_48895a,3915,task_created,,G01488,type=SHIP pickup=STAGING dropoff=DOCK-2
20260905_113629_48895a,3916,task_assigned,R2,G01488,
20260905_113629_48895a,3919,task_completed,R7,G01223,
20260905_113629_48895a,3919,task_created,,G01489,type=PACK pickup=PICK-1 dropoff=PACK-1
20260905_113629_48895a,3920,task_assigned,R7,G01489,
20260905_113629_48895a,3921,task_interrupted,R10,G01476,
20260905_113629_48895a,3921,task_completed,R2,G01488,
20260905_113629_48895a,3922,task_assigned,R2,G01476,
20260905_113629_48895a,3923,task_assigned,R1,G01487,
20260905_113629_48895a,3923,task_created,,G01490,type=PUTAWAY pickup=BUFFER dropoff=G-06
20260905_113629_48895a,3925,task_completed,R4,G01480,
20260905_113629_48895a,3925,task_created,,G01491,type=PICK pickup=H-07 dropoff=PICK-1
20260905_113629_48895a,3926,task_assigned,R4,G01491,
20260905_113629_48895a,3927,task_completed,R9,G01226,
20260905_113629_48895a,3927,task_completed,R5,G01473,
20260905_113629_48895a,3928,task_assigned,R9,G01238,
20260905_113629_48895a,3929,task_created,,G01492,type=SHIP pickup=STAGING dropoff=DOCK-2
20260905_113629_48895a,3929,task_assigned,R5,G01492,
20260905_113629_48895a,3931,task_completed,R11,G01485,
20260905_113629_48895a,3931,task_created,,G01493,type=PUTAWAY pickup=BUFFER dropoff=A-06
20260905_113629_48895a,3931,task_created,,G01494,type=PACK pickup=PICK-1 dropoff=PACK-2
20260905_113629_48895a,3932,task_completed,R8,G01235,
20260905_113629_48895a,3932,task_assigned,R11,G01494,
20260905_113629_48895a,3933,task_assigned,R8,G01241,
20260905_113629_48895a,3935,task_created,,G01495,type=PICK pickup=F-08 dropoff=PICK-2
20260905_113629_48895a,3936,task_interrupted,R5,G01492,
20260905_113629_48895a,3938,task_interrupted,R13,G01231,
20260905_113629_48895a,3939,task_created,,G01496,type=PUTAWAY pickup=BUFFER dropoff=B-05
20260905_113629_48895a,3943,task_created,,G01497,type=PACK pickup=PICK-3 dropoff=PACK-1
20260905_113629_48895a,3943,task_created,,G01498,type=SHIP pickup=STAGING dropoff=DOCK-1
20260905_113629_48895a,3945,task_created,,G01499,type=PICK pickup=A-08 dropoff=PICK-2
20260905_113629_48895a,3946,task_completed,R9,G01238,
20260905_113629_48895a,3946,task_completed,R7,G01489,
20260905_113629_48895a,3947,task_assigned,R9,G01492,
20260905_113629_48895a,3947,task_assigned,R7,G01498,
20260905_113629_48895a,3947,task_created,,G01500,type=PUTAWAY pickup=BUFFER dropoff=D-07
20260905_113629_48895a,3949,task_completed,R2,G01476,
20260905_113629_48895a,3950,task_completed,R12,G01228,
20260905_113629_48895a,3950,task_assigned,R2,G01497,
20260905_113629_48895a,3951,task_assigned,R12,G01495,
20260905_113629_48895a,3953,task_completed,R3,G01479,
20260905_113629_48895a,3953,task_completed,R7,G01498,
20260905_113629_48895a,3954,task_assigned,R7,G01231,
20260905_113629_48895a,3954,task_completed,R1,G01487,
20260905_113629_48895a,3954,task_assigned,R3,G01499,
20260905_113629_48895a,3955,task_created,,G01501,type=PUTAWAY pickup=RECV dropoff=E-02
20260905_113629_48895a,3955,task_created,,G01502,type=PICK pickup=F-01 dropoff=PICK-2
20260905_113629_48895a,3955,task_created,,G01503,type=PACK pickup=PICK-3 dropoff=PACK-2
20260905_113629_48895a,3955,task_assigned,R1,G01503,
20260905_113629_48895a,3956,task_completed,R11,G01494,
20260905_113629_48895a,3957,task_created,,G01504,type=SHIP pickup=STAGING dropoff=DOCK-2
20260905_113629_48895a,3957,task_assigned,R11,G01504,
20260905_113629_48895a,3958,task_interrupted,R12,G01495,
20260905_113629_48895a,3961,task_completed,R6,G01483,
20260905_113629_48895a,3962,task_interrupted,R7,G01231,
20260905_113629_48895a,3962,task_assigned,R5,G01495,
20260905_113629_48895a,3962,task_assigned,R6,G01502,
20260905_113629_48895a,3963,task_assigned,R10,G01231,
20260905_113629_48895a,3963,task_created,,G01505,type=PUTAWAY pickup=RECV dropoff=D-06
20260905_113629_48895a,3964,task_completed,R11,G01504,
20260905_113629_48895a,3965,task_completed,R9,G01492,
20260905_113629_48895a,3965,task_created,,G01506,type=PICK pickup=B-02 dropoff=PICK-1
20260905_113629_48895a,3965,task_assigned,R11,G01506,
20260905_113629_48895a,3966,task_assigned,R9,G01244,
20260905_113629_48895a,3967,task_created,,G01507,type=PACK pickup=PICK-1 dropoff=PACK-1
20260905_113629_48895a,3969,task_interrupted,R11,G01506,
20260905_113629_48895a,3971,task_completed,R4,G01491,
20260905_113629_48895a,3971,task_created,,G01508,type=PUTAWAY pickup=BUFFER dropoff=B-06
20260905_113629_48895a,3971,task_created,,G01509,type=SHIP pickup=STAGING dropoff=DOCK-2
20260905_113629_48895a,3972,task_assigned,R4,G01509,
20260905_113629_48895a,3973,task_completed,R8,G01241,
20260905_113629_48895a,3975,task_created,,G01510,type=PICK pickup=H-04 dropoff=PICK-2
20260905_113629_48895a,3979,task_assigned,R13,G01507,
20260905_113629_48895a,3979,task_created,,G01511,type=PUTAWAY pickup=RECV dropoff=B-08
20260905_113629_48895a,3979,task_created,,G01512,type=PACK pickup=PICK-3 dropoff=PACK-2
20260905_113629_48895a,3983,task_completed,R10,G01231,
20260905_113629_48895a,3983,task_completed,R1,G01503,
20260905_113629_48895a,3984,task_assigned,R1,G01506,
20260905_113629_48895a,3984,task_assigned,R10,G01512,
20260905_113629_48895a,3985,task_completed,R2,G01497,
20260905_113629_48895a,3985,task_created,,G01513,type=PICK pickup=D-03 dropoff=PICK-2
20260905_113629_48895a,3985,task_created,,G01514,type=SHIP pickup=STAGING dropoff=DOCK-2
20260905_113629_48895a,3986,task_assigned,R2,G01514,
20260905_113629_48895a,3987,task_created,,G01515,type=PUTAWAY pickup=RECV dropoff=B-08
20260905_113629_48895a,3991,task_created,,G01516,type=PACK pickup=PICK-1 dropoff=PACK-1
20260905_113629_48895a,3992,task_completed,R5,G01495,
20260905_113629_48895a,3992,task_assigned,R7,G01516,
20260905_113629_48895a,3993,task_completed,R6,G01502,
20260905_113629_48895a,3993,task_assigned,R5,G01510,
20260905_113629_48895a,3993,task_assigned,R12,G01513,
20260905_113629_48895a,3994,task_completed,R2,G01514,
20260905_113629_48895a,3995,task_completed,R4,G01509,
20260905_113629_48895a,3995,task_created,,G01517,type=PUTAWAY pickup=RECV dropoff=A-06
20260905_113629_48895a,3995,task_created,,G01518,type=PICK pickup=D-04 dropoff=PICK-2
20260905_113629_48895a,3995,task_assigned,R2,G01518,
20260905_113629_48895a,3999,task_created,,G01519,type=SHIP pickup=STAGING dropoff=DOCK-1
20260905_113629_48895a,3999,task_assigned,R4,G01519,
20260905_113629_48895a,4000,task_assigned,R11,G01246,
20260905_113629_48895a,4000,task_assigned,R6,G01250,
20260905_113629_48895a,4000,task_completed,R13,G01507,
20260905_113629_48895a,4001,task_assigned,R13,G01253,
20260905_113629_48895a,4003,task_created,,G01520,type=PUTAWAY pickup=BUFFER dropoff=F-06
20260905_113629_48895a,4003,task_created,,G01521,type=PACK pickup=PICK-2 dropoff=PACK-1
20260905_113629_48895a,4004,task_completed,R4,G01519,
20260905_113629_48895a,4005,task_completed,R3,G01499,
20260905_113629_48895a,4005,task_assigned,R4,G01521,
20260905_113629_48895a,4005,task_created,,G01522,type=PICK pickup=E-07 dropoff=PICK-2
20260905_113629_48895a,4006,task_assigned,R3,G01522,
20260905_113629_48895a,4009,task_completed,R9,G01244,
20260905_113629_48895a,4010,task_assigned,R9,G01256,
20260905_113629_48895a,4011,task_interrupted,R6,G01250,
20260905_113629_48895a,4011,task_interrupted,R4,G01521,
20260905_113629_48895a,4011,task_created,,G01523,type=PUTAWAY pickup=BUFFER dropoff=A-04
20260905_113629_48895a,4013,task_created,,G01524,type=SHIP pickup=STAGING dropoff=DOCK-2
20260905_113629_48895a,4014,task_completed,R10,G01512,
20260905_113629_48895a,4015,task_assigned,R10,G01524,
20260905_113629_48895a,4015,task_created,,G01525,type=PICK pickup=D-08 dropoff=PICK-1
20260905_113629_48895a,4015,task_created,,G01526,type=PACK pickup=PICK-2 dropoff=PACK-1
20260905_113629_48895a,4019,task_completed,R1,G01506,
20260905_113629_48895a,4019,task_created,,G01527,type=PUTAWAY pickup=BUFFER dropoff=B-08
20260905_113629_48895a,4020,task_assigned,R1,G01521,
20260905_113629_48895a,4022,task_completed,R7,G01516,
20260905_113629_48895a,4022,task_completed,R10,G01524,
20260905_113629_48895a,4023,task_assigned,R10,G01525,
20260905_113629_48895a,4023,task_assigned,R7,G01526,
20260905_113629_48895a,4025,task_created,,G01528,type=PICK pickup=A-02 dropoff=PICK-1
20260905_113629_48895a,4025,task_assigned,R8,G01528,
20260905_113629_48895a,4027,task_created,,G01529,type=PUTAWAY pickup=BUFFER dropoff=C-01
20260905_113629_48895a,4027,task_created,,G01530,type=PACK pickup=PICK-1 dropoff=PACK-2
20260905_113629_48895a,4027,task_created,,G01531,type=SHIP pickup=STAGING dropoff=DOCK-1
20260905_113629_48895a,4032,task_completed,R13,G01253,
20260905_113629_48895a,4032,task_completed,R2,G01518,
20260905_113629_48895a,4033,task_completed,R5,G01510,
20260905_113629_48895a,4033,task_completed,R1,G01521,
20260905_113629_48895a,4033,task_assigned,R2,G01530,
20260905_113629_48895a,4033,task_assigned,R13,G01531,
20260905_113629_48895a,4034,task_assigned,R5,G01250,
20260905_113629_48895a,4034,task_assigned,R1,G01259,
20260905_113629_48895a,4034,task_completed,R7,G01526,
20260905_113629_48895a,4035,task_created,,G01532,type=PUTAWAY pickup=RECV dropoff=B-02
20260905_113629_48895a,4035,task_created,,G01533,type=PICK pickup=A-03 dropoff=PICK-1
20260905_113629_48895a,4035,task_assigned,R7,G01533,
20260905_113629_48895a,4039,task_interrupted,R9,G01256,
20260905_113629_48895a,4039,task_created,,G01534,type=PACK pickup=PICK-1 dropoff=PACK-2
20260905_113629_48895a,4041,task_created,,G01535,type=SHIP pickup=STAGING dropoff=DOCK-1
20260905_113629_48895a,4041,task_assigned,R4,G01535,
20260905_113629_48895a,4043,task_assigned,R6,G01534,
20260905_113629_48895a,4043,task_created,,G01536,type=PUTAWAY pickup=RECV dropoff=B-08
20260905_113629_48895a,4045,task_completed,R11,G01246,
20260905_113629_48895a,4045,task_completed,R12,G01513,
20260905_113629_48895a,4045,task_created,,G01537,type=PICK pickup=A-06 dropoff=PICK-2
20260905_113629_48895a,4046,task_assigned,R12,G01256,
20260905_113629_48895a,4046,task_assigned,R11,G01537,
20260905_113629_48895a,4051,task_completed,R8,G01528,
20260905_113629_48895a,4051,task_created,,G01538,type=PUTAWAY pickup=BUFFER dropoff=C-06
20260905_113629_48895a,4051,task_created,,G01539,type=PACK pickup=PICK-3 dropoff=PACK-2
20260905_113629_48895a,4052,task_completed,R3,G01522,
20260905_113629_48895a,4052,task_assigned,R8,G01539,
20260905_113629_48895a,4053,task_assigned,R3,G01262,
20260905_113629_48895a,4055,task_completed,R2,G01530,
20260905_113629_48895a,4055,task_created,,G01540,type=PICK pickup=G-03 dropoff=PICK-2
20260905_113629_48895a,4055,task_created,,G01541,type=SHIP pickup=STAGING dropoff=DOCK-2
20260905_113629_48895a,4056,task_completed,R13,G01531,
20260905_113629_48895a,4056,task_assigned,R2,G01541,
20260905_113629_48895a,4057,task_completed,R4,G01535,
20260905_113629_48895a,4057,task_assigned,R13,G01540,
20260905_113629_48895a,4058,task_assigned,R4,G01265,
20260905_113629_48895a,4059,task_created,,G01542,type=PUTAWAY pickup=RECV dropoff=C-07
20260905_113629_48895a,4060,task_completed,R7,G01533,
20260905_113629_48895a,4061,task_completed,R12,G01256,
20260905_113629_48895a,4061,task_assigned,R7,G01268,
20260905_113629_48895a,4062,task_assigned,R12,G01272,
20260905_113629_48895a,4063,task_created,,G01543,type=PACK pickup=PICK-2 dropoff=PACK-1
20260905_113629_48895a,4065,task_completed,R2,G01541,
20260905_113629_48895a,4065,task_created,,G01544,type=PICK pickup=C-08 dropoff=PICK-2
20260905_113629_48895a,4066,task_assigned,R2,G01543,
20260905_113629_48895a,4067,task_created,,G01545,type=PUTAWAY pickup=RECV dropoff=H-02
20260905_113629_48895a,4069,task_completed,R6,G01534,
20260905_113629_48895a,4069,task_created,,G01546,type=SHIP pickup=STAGING dropoff=DOCK-1
20260905_113629_48895a,4070,task_completed,R10,G01525,
20260905_113629_48895a,4070,task_assigned,R6,G01546,
20260905_113629_48895a,4071,task_assigned,R10,G01544,
20260905_113629_48895a,4072,task_completed,R5,G01250,
20260905_113629_48895a,4072,task_interrupted,R2,G01543,
20260905_113629_48895a,4073,task_assigned,R5,G01543,
20260905_113629_48895a,4075,task_created,,G01547,type=PUTAWAY pickup=BUFFER dropoff=E-06
20260905_113629_48895a,4075,task_created,,G01548,type=PICK pickup=H-08 dropoff=PICK-2
20260905_113629_48895a,4075,task_created,,G01549,type=PACK pickup=PICK-3 dropoff=PACK-2
20260905_113629_48895a,4077,task_completed,R6,G01546,
20260905_113629_48895a,4078,task_assigned,R6,G01549,
20260905_113629_48895a,4079,task_completed,R12,G01272,
20260905_113629_48895a,4079,task_assigned,R9,G01548,
20260905_113629_48895a,4080,task_assigned,R12,G01273,
20260905_113629_48895a,4082,task_completed,R8,G01539,
20260905_113629_48895a,4083,task_created,,G01550,type=PUTAWAY pickup=BUFFER dropoff=B-04
20260905_113629_48895a,4083,task_created,,G01551,type=SHIP pickup=STAGING dropoff=DOCK-2
20260905_113629_48895a,4083,task_assigned,R8,G01551,
20260905_113629_48895a,4084,task_completed,R11,G01537,
20260905_113629_48895a,4085,task_created,,G01552,type=PICK pickup=C-02 dropoff=PICK-2
20260905_113629_48895a,4085,task_assigned,R11,G01552,
20260905_113629_48895a,4087,task_completed,R7,G01268,
20260905_113629_48895a,4087,task_created,,G01553,type=PACK pickup=PICK-1 dropoff=PACK-1
20260905_113629_48895a,4088,task_assigned,R7,G01553,
20260905_113629_48895a,4090,task_completed,R8,G01551,
20260905_113629_48895a,4091,task_assigned,R8,G01277,
20260905_113629_48895a,4091,task_created,,G01554,type=PUTAWAY pickup=BUFFER dropoff=G-01
20260905_113629_48895a,4094,task_completed,R5,G01543,
20260905_113629_48895a,4095,task_created,,G01555,type=PICK pickup=F-06 dropoff=PICK-2
20260905_113629_48895a,4095,task_assigned,R5,G01555,
20260905_113629_48895a,4097,task_created,,G01556,type=SHIP pickup=STAGING dropoff=DOCK-2
20260905_113629_48895a,4099,task_completed,R1,G01259,
20260905_113629_48895a,4099,task_created,,G01557,type=PUTAWAY pickup=RECV dropoff=G-02
20260905_113629_48895a,4099,task_created,,G01558,type=PACK pickup=PICK-2 dropoff=PACK-1
20260905_113629_48895a,4100,task_assigned,R2,G01556,
20260905_113629_48895a,4100,task_assigned,R1,G01558,
20260905_113629_48895a,4103,task_completed,R6,G01549,
20260905_113629_48895a,4104,task_assigned,R6,G01281,
20260905_113629_48895a,4105,task_created,,G01559,type=PICK pickup=A-04 dropoff=PICK-2
20260905_113629_48895a,4106,task_completed,R3,G01262,
20260905_113629_48895a,4107,task_completed,R11,G01552,
20260905_113629_48895a,4107,task_assigned,R3,G01559,
20260905_113629_48895a,4107,task_created,,G01560,type=PUTAWAY pickup=BUFFER dropoff=A-04
20260905_113629_48895a,4108,task_assigned,R11,G01283,
20260905_113629_48895a,4110,task_completed,R13,G01540,
20260905_113629_48895a,4111,task_completed,R7,G01553,
20260905_113629_48895a,4111,task_created,,G01561,type=PACK pickup=PICK-2 dropoff=PACK-1
20260905_113629_48895a,4111,task_created,,G01562,type=SHIP pickup=STAGING dropoff=DOCK-2
20260905_113629_48895a,4111,task_assigned,R13,G01562,
20260905_113629_48895a,4112,task_assigned,R7,G01561,
20260905_113629_48895a,4115,task_completed,R4,G01265,
20260905_113629_48895a,4115,task_created,,G01563,type=PUTAWAY pickup=BUFFER dropoff=C-05
20260905_113629_48895a,4115,task_created,,G01564,type=PICK pickup=B-05 dropoff=PICK-1
20260905_113629_48895a,4116,task_completed,R2,G01556,
20260905_113629_48895a,4116,task_assigned,R4,G01564,
20260905_113629_48895a,4117,task_assigned,R2,G01287,
20260905_113629_48895a,4119,task_completed,R12,G01273,
20260905_113629_48895a,4119,task_completed,R5,G01555,
20260905_113629_48895a,4120,task_assigned,R12,G01289,
20260905_113629_48895a,4120,task_assigned,R5,G01292,
20260905_113629_48895a,4120,task_completed,R13,G01562,
20260905_113629_48895a,4121,task_assigned,R13,G01295,
20260905_113629_48895a,4123,task_completed,R7,G01561,
20260905_113629_48895a,4123,task_created,,G01565,type=PUTAWAY pickup=BUFFER dropoff=E-03
20260905_113629_48895a,4123,task_created,,G01566,type=PACK pickup=PICK-3 dropoff=PACK-1
20260905_113629_48895a,4124,task_assigned,R7,G01566,
20260905_113629_48895a,4125,task_interrupted,R3,G01559,
20260905_113629_48895a,4125,task_created,,G01567,type=PICK pickup=D-05 dropoff=PICK-3
20260905_113629_48895a,4125,task_created,,G01568,type=SHIP pickup=STAGING dropoff=DOCK-2
20260905_113629_48895a,4126,task_completed,R10,G01544,
20260905_113629_48895a,4127,task_completed,R1,G01558,
20260905_113629_48895a,4127,task_assigned,R10,G01568,
20260905_113629_48895a,4128,task_assigned,R1,G01559,
20260905_113629_48895a,4130,task_completed,R9,G01548,
20260905_113629_48895a,4130,task_completed,R4,G01564,
20260905_113629_48895a,4131,task_completed,R8,G01277,
20260905_113629_48895a,4131,task_assigned,R4,G01299,
20260905_113629_48895a,4131,task_assigned,R9,G01567,
20260905_113629_48895a,4131,task_created,,G01569,type=PUTAWAY pickup=BUFFER dropoff=C-07
20260905_113629_48895a,4132,task_assigned,R8,G01302,
20260905_113629_48895a,4135,task_completed,R10,G01568,
20260905_113629_48895a,4135,task_created,,G01570,type=PICK pickup=D-07 dropoff=PICK-3
20260905_113629_48895a,4135,task_created,,G01571,type=PACK pickup=PICK-2 dropoff=PACK-2
20260905_113629_48895a,4136,task_assigned,R10,G01571,
20260905_113629_48895a,4139,task_created,,G01572,type=PUTAWAY pickup=BUFFER dropoff=F-06
20260905_113629_48895a,4139,task_created,,G01573,type=SHIP pickup=STAGING dropoff=DOCK-1
20260905_113629_48895a,4142,task_completed,R12,G01289,
20260905_113629_48895a,4143,task_assigned,R12,G01573,
20260905_113629_48895a,4145,task_created,,G01574,type=PICK pickup=H-08 dropoff=PICK-3
20260905_113629_48895a,4147,task_created,,G01575,type=PUTAWAY pickup=RECV dropoff=C-07
20260905_113629_48895a,4147,task_created,,G01576,type=PACK pickup=PICK-2 dropoff=PACK-1
20260905_113629_48895a,4148,task_completed,R9,G01567,
20260905_113629_48895a,4149,task_interrupted,R1,G01559,
20260905_113629_48895a,4149,task_assigned,R9,G01576,
20260905_113629_48895a,4150,task_completed,R11,G01283,
20260905_113629_48895a,4151,task_completed,R6,G01281,
20260905_113629_48895a,4151,task_assigned,R11,G01559,
20260905_113629_48895a,4151,task_completed,R10,G01571,
20260905_113629_48895a,4152,task_completed,R7,G01566,
20260905_113629_48895a,4152,task_assigned,R6,G01570,
20260905_113629_48895a,4152,task_assigned,R10,G01574,
20260905_113629_48895a,4153,task_assigned,R7,G01304,
20260905_113629_48895a,4153,task_created,,G01577,type=SHIP pickup=STAGING dropoff=DOCK-1
20260905_113629_48895a,4153,task_assigned,R3,G01577,
20260905_113629_48895a,4155,task_created,,G01578,type=PUTAWAY pickup=BUFFER dropoff=D-05
20260905_113629_48895a,4155,task_created,,G01579,type=PICK pickup=A-03 dropoff=PICK-3
20260905_113629_48895a,4156,task_completed,R5,G01292,
20260905_113629_48895a,4157,task_assigned,R5,G01579,
20260905_113629_48895a,4159,task_created,,G01580,type=PACK pickup=PICK-2 dropoff=PACK-1
20260905_113629_48895a,4160,task_completed,R4,G01299,
20260905_113629_48895a,4160,task_completed,R6,G01570,
20260905_113629_48895a,4161,task_completed,R8,G01302,
20260905_113629_48895a,4161,task_assigned,R4,G01308,
20260905_113629_48895a,4161,task_completed,R11,G01559,
20260905_113629_48895a,4161,task_assigned,R6,G01580,
20260905_113629_48895a,4162,task_assigned,R8,G01310,
20260905_113629_48895a,4162,task_assigned,R11,G01314,
20260905_113629_48895a,4162,task_completed,R9,G01576,
20260905_113629_48895a,4163,task_assigned,R9,G01317,
20260905_113629_48895a,4163,task_completed,R12,G01573,
20260905_113629_48895a,4163,task_created,,G01581,type=PUTAWAY pickup=RECV dropoff=D-02
20260905_113629_48895a,4164,task_assigned,R12,G01319,
20260905_113629_48895a,4165,task_completed,R2,G01287,
20260905_113629_48895a,4165,task_created,,G01582,type=PICK pickup=C-01 dropoff=PICK-2
20260905_113629_48895a,4166,task_assigned,R2,G01582,
20260905_113629_48895a,4167,task_created,,G01583,type=SHIP pickup=STAGING dropoff=DOCK-2
20260905_113629_48895a,4168,task_completed,R3,G01577,
20260905_113629_48895a,4169,task_assigned,R3,G01583,
20260905_113629_48895a,4171,task_created,,G01584,type=PUTAWAY pickup=BUFFER dropoff=A-03
20260905_113629_48895a,4171,task_created,,G01585,type=PACK pickup=PICK-1 dropoff=PACK-1
20260905_113629_48895a,4172,task_completed,R2,G01582,
20260905_113629_48895a,4173,task_assigned,R2,G01585,
20260905_113629_48895a,4174,task_completed,R6,G01580,
20260905_113629_48895a,4174,task_completed,R3,G01583,
20260905_113629_48895a,4175,task_assigned,R6,G01323,
20260905_113629_48895a,4175,task_created,,G01586,type=PICK pickup=B-07 dropoff=PICK-3
20260905_113629_48895a,4175,task_assigned,R3,G01586,
20260905_113629_48895a,4176,task_interrupted,R10,G01574,
20260905_113629_48895a,4178,task_assigned,R1,G01574,
20260905_113629_48895a,4179,task_completed,R13,G01295,
20260905_113629_48895a,4179,task_created,,G01587,type=PUTAWAY pickup=RECV dropoff=B-02
20260905_113629_48895a,4180,task_assigned,R13,G01326,
20260905_113629_48895a,4181,task_created,,G01588,type=SHIP pickup=STAGING dropoff=DOCK-2
20260905_113629_48895a,4183,task_created,,G01589,type=PACK pickup=PICK-3 dropoff=PACK-1
20260905_113629_48895a,4185,task_created,,G01590,type=PICK pickup=F-04 dropoff=PICK-2
20260905_113629_48895a,4187,task_created,,G01591,type=PUTAWAY pickup=RECV dropoff=C-02
20260905_113629_48895a,4188,task_completed,R11,G01314,
20260905_113629_48895a,4189,task_assigned,R11,G01588,
20260905_113629_48895a,4190,task_interrupted,R13,G01326,
20260905_113629_48895a,4190,task_completed,R2,G01585,
20260905_113629_48895a,4191,task_assigned,R2,G01589,
20260905_113629_48895a,4192,task_interrupted,R5,G01579,
20260905_113629_48895a,4195,task_completed,R7,G01304,
20260905_113629_48895a,4195,task_created,,G01592,type=PUTAWAY pickup=BUFFER dropoff=G-08
20260905_113629_48895a,4195,task_created,,G01593,type=PICK pickup=H-07 dropoff=PICK-3
20260905_113629_48895a,4195,task_created,,G01594,type=PACK pickup=PICK-2 dropoff=PACK-1
20260905_113629_48895a,4195,task_created,,G01595,type=SHIP pickup=STAGING dropoff=DOCK-1
20260905_113629_48895a,4196,task_completed,R4,G01308,
20260905_113629_48895a,4196,task_assigned,R7,G01595,
20260905_113629_48895a,4197,task_assigned,R4,G01594,
20260905_113629_48895a,4203,task_created,,G01596,type=PUTAWAY pickup=BUFFER dropoff=G-01
20260905_113629_48895a,4204,task_completed,R11,G01588,
20260905_113629_48895a,4205,task_assigned,R11,G01579,
20260905_113629_48895a,4205,task_created,,G01597,type=PICK pickup=E-08 dropoff=PICK-3
20260905_113629_48895a,4207,task_created,,G01598,type=PACK pickup=PICK-3 dropoff=PACK-2
20260905_113629_48895a,4209,task_completed,R1,G01574,
20260905_113629_48895a,4209,task_created,,G01599,type=SHIP pickup=STAGING dropoff=DOCK-1
20260905_113629_48895a,4210,task_assigned,R1,G01599,
20260905_113629_48895a,4211,task_completed,R7,G01595,
20260905_113629_48895a,4211,task_created,,G01600,type=PUTAWAY pickup=BUFFER dropoff=G-03
20260905_113629_48895a,4212,task_completed,R12,G01319,
20260905_113629_48895a,4212,task_assigned,R7,G01598,
20260905_113629_48895a,4213,task_completed,R9,G01317,
20260905_113629_48895a,4213,task_completed,R6,G01323,
20260905_113629_48895a,4213,task_assigned,R12,G01590,
20260905_113629_48895a,4214,task_assigned,R9,G01593,
20260905_113629_48895a,4214,task_completed,R4,G01594,
20260905_113629_48895a,4214,task_assigned,R6,G01597,
20260905_113629_48895a,4215,task_created,,G01601,type=PICK pickup=A-05 dropoff=PICK-1
20260905_113629_48895a,4215,task_assigned,R4,G01601,
20260905_113629_48895a,4216,task_interrupted,R12,G01590,
20260905_113629_48895a,4217,task_assigned,R10,G01590,
20260905_113629_48895a,4218,task_completed,R2,G01589,
20260905_113629_48895a,4219,task_interrupted,R7,G01598,
20260905_113629_48895a,4219,task_created,,G01602,type=PUTAWAY pickup=RECV dropoff=D-05
20260905_113629_48895a,4219,task_created,,G01603,type=PACK pickup=PICK-3 dropoff=PACK-1
20260905_113629_48895a,4219,task_assigned,R2,G01603,
20260905_113629_48895a,4222,task_completed,R11,G01579,
20260905_113629_48895a,4223,task_completed,R3,G01586,
20260905_113629_48895a,4223,task_created,,G01604,type=SHIP pickup=STAGING dropoff=DOCK-1
20260905_113629_48895a,4223,task_assigned,R11,G01604,
20260905_113629_48895a,4224,task_completed,R9,G01593,
20260905_113629_48895a,4224,task_assigned,R3,G01598,
20260905_113629_48895a,4225,task_created,,G01605,type=PICK pickup=F-03 dropoff=PICK-3
20260905_113629_48895a,4225,task_assigned,R9,G01605,
20260905_113629_48895a,4227,task_completed,R1,G01599,
20260905_113629_48895a,4227,task_interrupted,R11,G01604,
20260905_113629_48895a,4227,task_created,,G01606,type=PUTAWAY pickup=BUFFER dropoff=D-07
20260905_113629_48895a,4228,task_assigned,R13,G01326,
20260905_113629_48895a,4228,task_assigned,R1,G01604,
20260905_113629_48895a,4231,task_completed,R8,G01310,
20260905_113629_48895a,4231,task_created,,G01607,type=PACK pickup=PICK-2 dropoff=PACK-2
20260905_113629_48895a,4232,task_assigned,R8,G01329,
20260905_113629_48895a,4232,task_completed,R3,G01598,
20260905_113629_48895a,4232,task_assigned,R5,G01607,
20260905_113629_48895a,4233,task_assigned,R3,G01332,
20260905_113629_48895a,4233,task_completed,R6,G01597,
20260905_113629_48895a,4234,task_assigned,R6,G01335,
20260905_113629_48895a,4234,task_completed,R1,G01604,
20260905_113629_48895a,4235,task_created,,G01608,type=PUTAWAY pickup=BUFFER dropoff=B-04
20260905_113629_48895a,4235,task_created,,G01609,type=PICK pickup=F-03 dropoff=PICK-2
20260905_113629_48895a,4235,task_assigned,R1,G01609,
20260905_113629_48895a,4237,task_created,,G01610,type=SHIP pickup=STAGING dropoff=DOCK-2
20260905_113629_48895a,4243,task_completed,R4,G01601,
20260905_113629_48895a,4243,task_created,,G01611,type=PUTAWAY pickup=BUFFER dropoff=D-08
20260905_113629_48895a,4243,task_created,,G01612,type=PACK pickup=PICK-3 dropoff=PACK-1
20260905_113629_48895a,4244,task_assigned,R4,G01610,
20260905_113629_48895a,4245,task_created,,G01613,type=PICK pickup=F-05 dropoff=PICK-2
20260905_113629_48895a,4247,task_completed,R2,G01603,
20260905_113629_48895a,4248,task_assigned,R7,G01612,
20260905_113629_48895a,4248,task_assigned,R2,G01613,
20260905_113629_48895a,4250,task_interrupted,R8,G01329,
20260905_113629_48895a,4251,task_created,,G01614,type=PUTAWAY pickup=BUFFER dropoff=A-01
20260905_113629_48895a,4251,task_created,,G01615,type=SHIP pickup=STAGING dropoff=DOCK-2
20260905_113629_48895a,4254,task_completed,R9,G01605,
20260905_113629_48895a,4255,task_assigned,R12,G01615,
20260905_113629_48895a,4255,task_created,,G01616,type=PICK pickup=H-01 dropoff=PICK-3
20260905_113629_48895a,4255,task_created,,G01617,type=PACK pickup=PICK-2 dropoff=PACK-1
20260905_113629_48895a,4255,task_assigned,R9,G01617,
20260905_113629_48895a,4256,task_interrupted,R6,G01335,
20260905_113629_48895a,4259,task_created,,G01618,type=PUTAWAY pickup=RECV dropoff=H-08
20260905_113629_48895a,4260,task_interrupted,R4,G01610,
20260905_113629_48895a,4263,task_completed,R3,G01332,
20260905_113629_48895a,4264,task_assigned,R3,G01610,
20260905_113629_48895a,4265,task_created,,G01619,type=PICK pickup=G-01 dropoff=PICK-2
20260905_113629_48895a,4265,task_created,,G01620,type=SHIP pickup=STAGING dropoff=DOCK-1
20260905_113629_48895a,4265,task_assigned,R11,G01620,
20260905_113629_48895a,4266,task_completed,R5,G01607,
20260905_113629_48895a,4267,task_created,,G01621,type=PUTAWAY pickup=RECV dropoff=D-05
20260905_113629_48895a,4267,task_created,,G01622,type=PACK pickup=PICK-1 dropoff=PACK-2
20260905_113629_48895a,4267,task_assigned,R5,G01622,
20260905_113629_48895a,4268,task_completed,R10,G01590,
20260905_113629_48895a,4269,task_assigned,R10,G01616,
20260905_113629_48895a,4270,task_completed,R9,G01617,
20260905_113629_48895a,4271,task_assigned,R9,G01619,
20260905_113629_48895a,4272,task_completed,R1,G01609,
20260905_113629_48895a,4272,task_completed,R12,G01615,
20260905_113629_48895a,4273,task_assigned,R12,G01329,
20260905_113629_48895a,4273,task_assigned,R1,G01335,
20260905_113629_48895a,4275,task_completed,R2,G01613,
20260905_113629_48895a,4275,task_created,,G01623,type=PUTAWAY pickup=BUFFER dropoff=A-05
20260905_113629_48895a,4275,task_created,,G01624,type=PICK pickup=E-06 dropoff=PICK-1
20260905_113629_48895a,4276,task_assigned,R2,G01624,
20260905_113629_48895a,4279,task_created,,G01625,type=PACK pickup=PICK-2 dropoff=PACK-2
20260905_113629_48895a,4279,task_created,,G01626,type=SHIP pickup=STAGING dropoff=DOCK-1
20260905_113629_48895a,4282,task_completed,R11,G01620,
20260905_113629_48895a,4283,task_assigned,R11,G01626,
20260905_113629_48895a,4283,task_created,,G01627,type=PUTAWAY pickup=RECV dropoff=C-06
20260905_113629_48895a,4285,task_assigned,R4,G01625,
20260905_113629_48895a,4285,task_created,,G01628,type=PICK pickup=G-01 dropoff=PICK-1
20260905_113629_48895a,4286,task_completed,R10,G01616,
20260905_113629_48895a,4287,task_assigned,R10,G01337,
20260905_113629_48895a,4287,task_completed,R3,G01610,
20260905_113629_48895a,4287,task_assigned,R6,G01628,
20260905_113629_48895a,4288,task_assigned,R3,G01341,
20260905_113629_48895a,4288,task_completed,R9,G01619,
20260905_113629_48895a,4288,task_completed,R11,G01626,
20260905_113629_48895a,4289,task_assigned,R11,G01345,
20260905_113629_48895a,4289,task_assigned,R9,G01347,
20260905_113629_48895a,4289,task_completed,R7,G01612,
20260905_113629_48895a,4290,task_completed,R13,G01326,
20260905_113629_48895a,4290,task_assigned,R7,G01350,
20260905_113629_48895a,4291,task_assigned,R13,G01353,
20260905_113629_48895a,4291,task_created,,G01629,type=PUTAWAY pickup=BUFFER dropoff=B-04
20260905_113629_48895a,4291,task_created,,G01630,type=PACK pickup=PICK-2 dropoff=PACK-2
20260905_113629_48895a,4291,task_assigned,R8,G01630,
20260905_113629_48895a,4293,task_created,,G01631,type=SHIP pickup=STAGING dropoff=DOCK-2
20260905_113629_48895a,4295,task_created,,G01632,type=PICK pickup=C-06 dropoff=PICK-3
20260905_113629_48895a,4297,task_completed,R2,G01624,
20260905_113629_48895a,4298,task_assigned,R2,G01631,
20260905_113629_48895a,4299,task_created,,G01633,type=PUTAWAY pickup=RECV dropoff=C-05
20260905_113629_48895a,4300,task_interrupted,R9,G01347,
20260905_113629_48895a,4300,task_completed,R5,G01622,
20260905_113629_48895a,4301,task_completed,R1,G01335,
20260905_113629_48895a,4301,task_assigned,R5,G01632,
20260905_113629_48895a,4302,task_completed,R12,G01329,
20260905_113629_48895a,4302,task_assigned,R1,G01347,
20260905_113629_48895a,4303,task_created,,G01634,type=PACK pickup=PICK-1 dropoff=PACK-1
20260905_113629_48895a,4303,task_assigned,R12,G01634,
20260905_113629_48895a,4305,task_created,,G01635,type=PICK pickup=F-03 dropoff=PICK-1
20260905_113629_48895a,4307,task_created,,G01636,type=PUTAWAY pickup=BUFFER dropoff=G-05
20260905_113629_48895a,4307,task_created,,G01637,type=SHIP pickup=STAGING dropoff=DOCK-2
20260905_113629_48895a,4311,task_completed,R4,G01625,
20260905_113629_48895a,4312,task_assigned,R4,G01637,
20260905_113629_48895a,4315,task_completed,R3,G01341,
20260905_113629_48895a,4315,task_created,,G01638,type=PUTAWAY pickup=RECV dropoff=D-07
20260905_113629_48895a,4315,task_created,,G01639,type=PICK pickup=B-05 dropoff=PICK-1
20260905_113629_48895a,4315,task_created,,G01640,type=PACK pickup=PICK-2 dropoff=PACK-2
20260905_113629_48895a,4316,task_completed,R10,G01337,
20260905_113629_48895a,4316,task_assigned,R3,G01640,
20260905_113629_48895a,4317,task_completed,R2,G01631,
20260905_113629_48895a,4317,task_assigned,R10,G01635,
20260905_113629_48895a,4319,task_completed,R11,G01345,
20260905_113629_48895a,4320,task_completed,R8,G01630,
20260905_113629_48895a,4320,task_completed,R4,G01637,
20260905_113629_48895a,4320,task_assigned,R11,G01639,
20260905_113629_48895a,4321,task_assigned,R4,G01356,
20260905_113629_48895a,4321,task_completed,R12,G01634,
20260905_113629_48895a,4321,task_created,,G01641,type=SHIP pickup=STAGING dropoff=DOCK-1
20260905_113629_48895a,4321,task_assigned,R8,G01641,
20260905_113629_48895a,4322,task_assigned,R12,G01359,
20260905_113629_48895a,4323,task_completed,R5,G01632,
20260905_113629_48895a,4323,task_created,,G01642,type=PUTAWAY pickup=RECV dropoff=A-01
20260905_113629_48895a,4324,task_completed,R13,G01353,
20260905_113629_48895a,4324,task_assigned,R5,G01363,
20260905_113629_48895a,4325,task_assigned,R13,G01365,
20260905_113629_48895a,4325,task_created,,G01643,type=PICK pickup=G-07 dropoff=PICK-1
20260905_113629_48895a,4325,task_assigned,R9,G01643,
20260905_113629_48895a,4326,task_completed,R1,G01347,
20260905_113629_48895a,4327,task_created,,G01644,type=PACK pickup=PICK-2 dropoff=PACK-2
20260905_113629_48895a,4327,task_assigned,R1,G01644,
20260905_113629_48895a,4329,task_completed,R7,G01350,
20260905_113629_48895a,4330,task_assigned,R7,G01368,
20260905_113629_48895a,4331,task_completed,R6,G01628,
20260905_113629_48895a,4331,task_completed,R8,G01641,
20260905_113629_48895a,4331,task_created,,G01645,type=PUTAWAY pickup=BUFFER dropoff=B-05
20260905_113629_48895a,4332,task_assigned,R8,G01372,
20260905_113629_48895a,4332,task_assigned,R6,G01374,
20260905_113629_48895a,4335,task_created,,G01646,type=PICK pickup=A-04 dropoff=PICK-1
20260905_113629_48895a,4335,task_created,,G01647,type=SHIP pickup=STAGING dropoff=DOCK-2
20260905_113629_48895a,4337,task_completed,R3,G01640,
20260905_113629_48895a,4338,task_completed,R13,G01365,
20260905_113629_48895a,4338,task_assigned,R3,G01647,
20260905_113629_48895a,4339,task_created,,G01648,type=PUTAWAY pickup=BUFFER dropoff=H-05
20260905_113629_48895a,4339,task_created,,G01649,type=PACK pickup=PICK-1 dropoff=PACK-2
20260905_113629_48895a,4339,task_assigned,R13,G01649,
20260905_113629_48895a,4342,task_assigned,R2,G01646,
20260905_113629_48895a,4344,task_completed,R11,G01639,
20260905_113629_48895a,4344,task_completed,R1,G01644,
20260905_113629_48895a,4345,task_assigned,R1,G01378,
20260905_113629_48895a,4345,task_completed,R3,G01647,
20260905_113629_48895a,4345,task_created,,G01650,type=PICK pickup=G-03 dropoff=PICK-2
20260905_113629_48895a,4345,task_assigned,R11,G01650,
20260905_113629_48895a,4346,task_assigned,R3,G01380,
20260905_113629_48895a,4347,task_created,,G01651,type=PUTAWAY pickup=RECV dropoff=E-02
20260905_113629_48895a,4349,task_created,,G01652,type=SHIP pickup=STAGING dropoff=DOCK-2
20260905_113629_48895a,4350,task_completed,R4,G01356,
20260905_113629_48895a,4351,task_completed,R7,G01368,
20260905_113629_48895a,4351,task_assigned,R4,G01652,
20260905_113629_48895a,4351,task_created,,G01653,type=PACK pickup=PICK-1 dropoff=PACK-2
20260905_113629_48895a,4352,task_completed,R10,G01635,
20260905_113629_48895a,4352,task_assigned,R7,G01653,
20260905_113629_48895a,4353,task_assigned,R10,G01383,
20260905_113629_48895a,4355,task_created,,G01654,type=PUTAWAY pickup=RECV dropoff=F-08
20260905_113629_48895a,4355,task_created,,G01655,type=PICK pickup=C-08 dropoff=PICK-2
20260905_113629_48895a,4360,task_completed,R8,G01372,
20260905_113629_48895a,4361,task_completed,R13,G01649,
20260905_113629_48895a,4361,task_assigned,R8,G01655,
20260905_113629_48895a,4362,task_assigned,R13,G01387,
20260905_113629_48895a,4363,task_created,,G01656,type=PUTAWAY pickup=BUFFER dropoff=E-02
20260905_113629_48895a,4363,task_created,,G01657,type=PACK pickup=PICK-2 dropoff=PACK-2
20260905_113629_48895a,4363,task_created,,G01658,type=SHIP pickup=STAGING dropoff=DOCK-1
20260905_113629_48895a,4365,task_created,,G01659,type=PICK pickup=E-03 dropoff=PICK-3
20260905_113629_48895a,4367,task_completed,R6,G01374,
20260905_113629_48895a,4368,task_completed,R11,G01650,
20260905_113629_48895a,4368,task_assigned,R6,G01658,
20260905_113629_48895a,4369,task_assigned,R11,G01657,
20260905_113629_48895a,4370,task_completed,R12,G01359,
20260905_113629_48895a,4370,task_completed,R9,G01643,
20260905_113629_48895a,4370,task_completed,R4,G01652,
20260905_113629_48895a,4371,task_assigned,R4,G01390,
20260905_113629_48895a,4371,task_assigned,R12,G01393,
20260905_113629_48895a,4371,task_assigned,R9,G01659,
20260905_113629_48895a,4371,task_created,,G01660,type=PUTAWAY pickup=BUFFER dropoff=C-04
20260905_113629_48895a,4372,task_completed,R2,G01646,
20260905_113629_48895a,4373,task_assigned,R2,G01395,
20260905_113629_48895a,4374,task_completed,R8,G01655,
20260905_113629_48895a,4375,task_completed,R11,G01657,
20260905_113629_48895a,4375,task_created,,G01661,type=PICK pickup=B-05 dropoff=PICK-1
20260905_113629_48895a,4375,task_created,,G01662,type=PACK pickup=PICK-3 dropoff=PACK-2
20260905_113629_48895a,4375,task_assigned,R8,G01662,
20260905_113629_48895a,4376,task_interrupted,R3,G01380,
20260905_113629_48895a,4376,task_assigned,R11,G01661,
20260905_113629_48895a,4377,task_created,,G01663,type=SHIP pickup=STAGING dropoff=DOCK-1
20260905_113629_48895a,4378,task_completed,R1,G01378,
20260905_113629_48895a,4379,task_assigned,R1,G01663,
20260905_113629_48895a,4379,task_created,,G01664,type=PUTAWAY pickup=BUFFER dropoff=G-02
20260905_113629_48895a,4383,task_completed,R7,G01653,
20260905_113629_48895a,4384,task_completed,R5,G01363,
20260905_113629_48895a,4384,task_assigned,R7,G01380,
20260905_113629_48895a,4385,task_created,,G01665,type=PICK pickup=G-06 dropoff=PICK-3
20260905_113629_48895a,4385,task_assigned,R5,G01665,
20260905_113629_48895a,4387,task_created,,G01666,type=PUTAWAY pickup=RECV dropoff=D-07
20260905_113629_48895a,4387,task_created,,G01667,type=PACK pickup=PICK-2 dropoff=PACK-2
20260905_113629_48895a,4391,task_completed,R6,G01658,
20260905_113629_48895a,4391,task_created,,G01668,type=SHIP pickup=STAGING dropoff=DOCK-2
20260905_113629_48895a,4392,task_assigned,R6,G01668,
20260905_113629_48895a,4395,task_completed,R8,G01662,
20260905_113629_48895a,4395,task_created,,G01669,type=PUTAWAY pickup=BUFFER dropoff=C-03
20260905_113629_48895a,4395,task_created,,G01670,type=PICK pickup=B-08 dropoff=PICK-2
20260905_113629_48895a,4396,task_completed,R12,G01393,
20260905_113629_48895a,4396,task_assigned,R8,G01667,
20260905_113629_48895a,4397,task_completed,R6,G01668,
20260905_113629_48895a,4397,task_assigned,R12,G01670,
20260905_113629_48895a,4398,task_assigned,R6,G01399,
20260905_113629_48895a,4399,task_created,,G01671,type=PACK pickup=PICK-1 dropoff=PACK-1
20260905_113629_48895a,4401,task_completed,R2,G01395,
20260905_113629_48895a,4401,task_completed,R12,G01670,
20260905_113629_48895a,4402,task_assigned,R12,G01401,
20260905_113629_48895a,4402,task_assigned,R2,G01671,
20260905_113629_48895a,4403,task_created,,G01672,type=PUTAWAY pickup=BUFFER dropoff=D-01
20260905_113629_48895a,4404,task_completed,R13,G01387,
20260905_113629_48895a,4405,task_completed,R9,G01659,
20260905_113629_48895a,4405,task_created,,G01673,type=PICK pickup=C-01 dropoff=PICK-1
20260905_113629_48895a,4405,task_created,,G01674,type=SHIP pickup=STAGING dropoff=DOCK-1
20260905_113629_48895a,4405,task_assigned,R13,G01674,
20260905_113629_48895a,4406,task_assigned,R9,G01673,
20260905_113629_48895a,4409,task_completed,R4,G01390,
20260905_113629_48895a,4409,task_completed,R1,G01663,
20260905_113629_48895a,4410,task_completed,R7,G01380,
20260905_113629_48895a,4410,task_assigned,R4,G01405,
20260905_113629_48895a,4411,task_created,,G01675,type=PUTAWAY pickup=RECV dropoff=D-02
20260905_113629_48895a,4411,task_created,,G01676,type=PACK pickup=PICK-3 dropoff=PACK-1
20260905_113629_48895a,4411,task_assigned,R7,G01676,
20260905_113629_48895a,4414,task_assigned,R3,G01409,
20260905_113629_48895a,4415,task_completed,R8,G01667,
20260905_113629_48895a,4415,task_created,,G01677,type=PICK pickup=E-02 dropoff=PICK-2
20260905_113629_48895a,4416,task_assigned,R8,G01677,
20260905_113629_48895a,4419,task_completed,R2,G01671,
20260905_113629_48895a,4419,task_created,,G01678,type=PUTAWAY pickup=BUFFER dropoff=B-04
20260905_113629_48895a,4419,task_created,,G01679,type=SHIP pickup=STAGING dropoff=DOCK-2
20260905_113629_48895a,4419,task_assigned,R1,G01679,
20260905_113629_48895a,4420,task_assigned,R2,G01410,
20260905_113629_48895a,4420,task_interrupted,R1,G01679,
20260905_113629_48895a,4423,task_created,,G01680,type=PACK pickup=PICK-3 dropoff=PACK-2
20260905_113629_48895a,4425,task_created,,G01681,type=PICK pickup=E-04 dropoff=PICK-3
20260905_113629_48895a,4426,task_completed,R5,G01665,
20260905_113629_48895a,4427,task_assigned,R5,G01679,
20260905_113629_48895a,4427,task_created,,G01682,type=PUTAWAY pickup=RECV dropoff=A-02
20260905_113629_48895a,4428,task_completed,R4,G01405,
20260905_113629_48895a,4429,task_assigned,R4,G01680,
20260905_113629_48895a,4432,task_completed,R13,G01674,
20260905_113629_48895a,4433,task_interrupted,R10,G01383,
20260905_113629_48895a,4433,task_created,,G01683,type=SHIP pickup=STAGING dropoff=DOCK-1
20260905_113629_48895a,4433,task_assigned,R13,G01683,
20260905_113629_48895a,4435,task_completed,R6,G01399,
20260905_113629_48895a,4435,task_created,,G01684,type=PUTAWAY pickup=RECV dropoff=C-04
20260905_113629_48895a,4435,task_created,,G01685,type=PICK pickup=C-03 dropoff=PICK-3
20260905_113629_48895a,4435,task_created,,G01686,type=PACK pickup=PICK-3 dropoff=PACK-1
20260905_113629_48895a,4436,task_assigned,R6,G01686,
20260905_113629_48895a,4437,task_completed,R11,G01661,
20260905_113629_48895a,4438,task_assigned,R11,G01681,
20260905_113629_48895a,4438,task_completed,R13,G01683,
20260905_113629_48895a,4439,task_assigned,R13,G01685,
20260905_113629_48895a,4442,task_assigned,R1,G01383,
20260905_113629_48895a,4443,task_completed,R5,G01679,
20260905_113629_48895a,4443,task_created,,G01687,type=PUTAWAY pickup=BUFFER dropoff=B-05
20260905_113629_48895a,4444,task_assigned,R5,G01414,
20260905_113629_48895a,4445,task_created,,G01688,type=PICK pickup=E-05 dropoff=PICK-3
20260905_113629_48895a,4446,task_completed,R4,G01680,
20260905_113629_48895a,4446,task_interrupted,R13,G01685,
20260905_113629_48895a,4447,task_created,,G01689,type=PACK pickup=PICK-2 dropoff=PACK-2
20260905_113629_48895a,4447,task_created,,G01690,type=SHIP pickup=STAGING dropoff=DOCK-2
20260905_113629_48895a,4447,task_assigned,R4,G01690,
20260905_113629_48895a,4448,task_completed,R7,G01676,
20260905_113629_48895a,4449,task_assigned,R7,G01689,
20260905_113629_48895a,4451,task_created,,G01691,type=PUTAWAY pickup=RECV dropoff=H-05
20260905_113629_48895a,4454,task_completed,R4,G01690,
20260905_113629_48895a,4455,task_completed,R8,G01677,
20260905_113629_48895a,4455,task_assigned,R4,G01685,
20260905_113629_48895a,4455,task_created,,G01692,type=PICK pickup=A-05 dropoff=PICK-1
20260905_113629_48895a,4456,task_assigned,R8,G01688,
20260905_113629_48895a,4459,task_completed,R12,G01401,
20260905_113629_48895a,4459,task_created,,G01693,type=PUTAWAY pickup=RECV dropoff=G-04
20260905_113629_48895a,4459,task_created,,G01694,type=PACK pickup=PICK-1 dropoff=PACK-2
20260905_113629_48895a,4460,task_interrupted,R5,G01414,
20260905_113629_48895a,4461,task_completed,R7,G01689,
20260905_113629_48895a,4461,task_created,,G01695,type=SHIP pickup=STAGING dropoff=DOCK-2
20260905_113629_48895a,4461,task_assigned,R12,G01695,
20260905_113629_48895a,4464,task_completed,R2,G01410,
20260905_113629_48895a,4464,task_completed,R9,G01673,
20260905_113629_48895a,4465,task_completed,R1,G01383,
20260905_113629_48895a,4465,task_assigned,R2,G01692,
20260905_113629_48895a,4465,task_assigned,R9,G01694,
20260905_113629_48895a,4465,task_created,,G01696,type=PICK pickup=F-03 dropoff=PICK-3
20260905_113629_48895a,4465,task_assigned,R7,G01696,
20260905_113629_48895a,4466,task_assigned,R1,G01414,
20260905_113629_48895a,4467,task_assigned,R10,G01417,
20260905_113629_48895a,4467,task_created,,G01697,type=PUTAWAY pickup=BUFFER dropoff=A-07
20260905_113629_48895a,4468,task_completed,R3,G01409,
20260905_113629_48895a,4469,task_assigned,R3,G01420,
20260905_113629_48895a,4471,task_interrupted,R12,G01695,
20260905_113629_48895a,4471,task_created,,G01698,type=PACK pickup=PICK-3 dropoff=PACK-2
20260905_113629_48895a,4472,task_completed,R6,G01686,
20260905_113629_48895a,4472,task_interrupted,R7,G01696,
20260905_113629_48895a,4473,task_assigned,R13,G01695,
20260905_113629_48895a,4473,task_assigned,R6,G01698,
20260905_113629_48895a,4475,task_created,,G01699,type=PUTAWAY pickup=RECV dropoff=F-08
20260905_113629_48895a,4475,task_created,,G01700,type=PICK pickup=A-03 dropoff=PICK-2
20260905_113629_48895a,4475,task_created,,G01701,type=SHIP pickup=STAGING dropoff=DOCK-2
20260905_113629_48895a,4481,task_completed,R9,G01694,
20260905_113629_48895a,4482,task_assigned,R9,G01701,
20260905_113629_48895a,4483,task_created,,G01702,type=PUTAWAY pickup=RECV dropoff=H-07
20260905_113629_48895a,4483,task_created,,G01703,type=PACK pickup=PICK-3 dropoff=PACK-1
20260905_113629_48895a,4485,task_completed,R11,G01681,
20260905_113629_48895a,4485,task_created,,G01704,type=PICK pickup=D-06 dropoff=PICK-1
20260905_113629_48895a,4486,task_completed,R4,G01685,
20260905_113629_48895a,4486,task_assigned,R11,G01703,
20260905_113629_48895a,4487,task_assigned,R4,G01696,
20260905_113629_48895a,4488,task_completed,R13,G01695,
20260905_113629_48895a,4489,task_completed,R9,G01701,
20260905_113629_48895a,4489,task_interrupted,R11,G01703,
20260905_113629_48895a,4489,task_created,,G01705,type=SHIP pickup=STAGING dropoff=DOCK-2
20260905_113629_48895a,4489,task_assigned,R13,G01705,
20260905_113629_48895a,4490,task_assigned,R9,G01700,
20260905_113629_48895a,4490,task_assigned,R5,G01703,
20260905_113629_48895a,4491,task_created,,G01706,type=PUTAWAY pickup=RECV dropoff=E-03
20260905_113629_48895a,4493,task_completed,R1,G01414,
20260905_113629_48895a,4494,task_assigned,R1,G01704,
20260905_113629_48895a,4494,task_completed,R13,G01705,
20260905_113629_48895a,4495,task_created,,G01707,type=PICK pickup=G-06 dropoff=PICK-3
20260905_113629_48895a,4495,task_created,,G01708,type=PACK pickup=PICK-3 dropoff=PACK-1
20260905_113629_48895a,4495,task_assigned,R13,G01708,
20260905_113629_48895a,4497,task_completed,R6,G01698,
20260905_113629_48895a,4498,task_assigned,R6,G01707,
20260905_113629_48895a,4499,task_created,,G01709,type=PUTAWAY pickup=BUFFER dropoff=H-01
20260905_113629_48895a,4503,task_created,,G01710,type=SHIP pickup=STAGING dropoff=DOCK-2
20260905_113629_48895a,4504,task_completed,R8,G01688,
20260905_113629_48895a,4504,task_assigned,R7,G01710,
20260905_113629_48895a,4505,task_interrupted,R4,G01696,
20260905_113629_48895a,4505,task_interrupted,R6,G01707,
20260905_113629_48895a,4505,task_created,,G01711,type=PICK pickup=H-07 dropoff=PICK-3
20260905_113629_48895a,4505,task_assigned,R8,G01711,
20260905_113629_48895a,4507,task_completed,R3,G01420,
20260905_113629_48895a,4507,task_created,,G01712,type=PUTAWAY pickup=RECV dropoff=A-08
20260905_113629_48895a,4507,task_created,,G01713,type=PACK pickup=PICK-3 dropoff=PACK-1
20260905_113629_48895a,4507,task_assigned,R12,G01713,
20260905_113629_48895a,4508,task_assigned,R3,G01696,
20260905_113629_48895a,4509,task_completed,R10,G01417,
20260905_113629_48895a,4510,task_assigned,R10,G01707,
20260905_113629_48895a,4515,task_completed,R2,G01692,
20260905_113629_48895a,4515,task_created,,G01714,type=PUTAWAY pickup=BUFFER dropoff=E-08
20260905_113629_48895a,4515,task_created,,G01715,type=PICK pickup=G-04 dropoff=PICK-1
20260905_113629_48895a,4516,task_assigned,R2,G01715,
20260905_113629_48895a,4517,task_interrupted,R8,G01711,
20260905_113629_48895a,4517,task_created,,G01716,type=SHIP pickup=STAGING dropoff=DOCK-1
20260905_113629_48895a,4519,task_created,,G01717,type=PACK pickup=PICK-1 dropoff=PACK-1
20260905_113629_48895a,4521,task_completed,R7,G01710,
20260905_113629_48895a,4522,task_completed,R9,G01700,
20260905_113629_48895a,4522,task_assigned,R7,G01716,
20260905_113629_48895a,4523,task_completed,R3,G01696,
20260905_113629_48895a,4523,task_completed,R13,G01708,
20260905_113629_48895a,4523,task_assigned,R9,G01717,
20260905_113629_48895a,4523,task_created,,G01718,type=PUTAWAY pickup=BUFFER dropoff=D-08
20260905_113629_48895a,4524,task_assigned,R3,G01423,
20260905_113629_48895a,4524,task_assigned,R13,G01711,
20260905_113629_48895a,4525,task_created,,G01719,type=PICK pickup=A-05 dropoff=PICK-2
20260905_113629_48895a,4525,task_assigned,R11,G01719,
20260905_113629_48895a,4527,task_completed,R5,G01703,
20260905_113629_48895a,4527,task_completed,R7,G01716,
20260905_113629_48895a,4528,task_assigned,R7,G01426,
20260905_113629_48895a,4528,task_assigned,R5,G01429,
20260905_113629_48895a,4531,task_created,,G01720,type=PUTAWAY pickup=BUFFER dropoff=F-07
20260905_113629_48895a,4531,task_created,,G01721,type=PACK pickup=PICK-3 dropoff=PACK-1
20260905_113629_48895a,4531,task_created,,G01722,type=SHIP pickup=STAGING dropoff=DOCK-2
20260905_113629_48895a,4535,task_created,,G01723,type=PICK pickup=H-04 dropoff=PICK-3
20260905_113629_48895a,4536,task_completed,R10,G01707,
20260905_113629_48895a,4537,task_assigned,R10,G01722,
20260905_113629_48895a,4539,task_created,,G01724,type=PUTAWAY pickup=RECV dropoff=B-08
20260905_113629_48895a,4541,task_completed,R13,G01711,
20260905_113629_48895a,4541,task_completed,R9,G01717,
20260905_113629_48895a,4542,task_assigned,R13,G01721,
20260905_113629_48895a,4542,task_assigned,R9,G01723,
20260905_113629_48895a,4543,task_created,,G01725,type=PACK pickup=PICK-3 dropoff=PACK-1
20260905_113629_48895a,4544,task_assigned,R6,G01725,
20260905_113629_48895a,4545,task_created,,G01726,type=PICK pickup=D-07 dropoff=PICK-2
20260905_113629_48895a,4545,task_created,,G01727,type=SHIP pickup=STAGING dropoff=DOCK-2
20260905_113629_48895a,4547,task_interrupted,R9,G01723,
20260905_113629_48895a,4547,task_assigned,R4,G01727,
20260905_113629_48895a,4547,task_created,,G01728,type=PUTAWAY pickup=BUFFER dropoff=H-05
20260905_113629_48895a,4548,task_completed,R12,G01713,
20260905_113629_48895a,4549,task_completed,R2,G01715,
20260905_113629_48895a,4549,task_assigned,R12,G01723,
20260905_113629_48895a,4550,task_assigned,R2,G01726,
20260905_113629_48895a,4551,task_completed,R3,G01423,
20260905_113629_48895a,4552,task_assigned,R3,G01432,
20260905_113629_48895a,4553,task_completed,R10,G01722,
20260905_113629_48895a,4554,task_assigned,R10,G01436,
20260905_113629_48895a,4555,task_completed,R13,G01721,
20260905_113629_48895a,4555,task_created,,G01729,type=PUTAWAY pickup=RECV dropoff=F-05
20260905_113629_48895a,4555,task_created,,G01730,type=PICK pickup=C-05 dropoff=PICK-2
20260905_113629_48895a,4555,task_created,,G01731,type=PACK pickup=PICK-3 dropoff=PACK-1
20260905_113629_48895a,4556,task_assigned,R13,G01731,
20260905_113629_48895a,4557,task_completed,R11,G01719,
20260905_113629_48895a,4558,task_assigned,R8,G01438,
20260905_113629_48895a,4558,task_assigned,R11,G01730,
20260905_113629_48895a,4559,task_completed,R7,G01426,
20260905_113629_48895a,4559,task_created,,G01732,type=SHIP pickup=STAGING dropoff=DOCK-1
20260905_113629_48895a,4560,task_completed,R1,G01704,
20260905_113629_48895a,4560,task_assigned,R7,G01732,
20260905_113629_48895a,4561,task_assigned,R1,G01441,
20260905_113629_48895a,4563,task_completed,R4,G01727,
20260905_113629_48895a,4563,task_created,,G01733,type=PUTAWAY pickup=RECV dropoff=A-07
20260905_113629_48895a,4564,task_assigned,R4,G01444,
20260905_113629_48895a,4564,task_interrupted,R2,G01726,
20260905_113629_48895a,4565,task_created,,G01734,type=PICK pickup=C-05 dropoff=PICK-3
20260905_113629_48895a,4567,task_created,,G01735,type=PACK pickup=PICK-1 dropoff=PACK-1
20260905_113629_48895a,4571,task_created,,G01736,type=PUTAWAY pickup=BUFFER dropoff=D-03
20260905_113629_48895a,4572,task_completed,R11,G01730,
20260905_113629_48895a,4573,task_created,,G01737,type=SHIP pickup=STAGING dropoff=DOCK-2
20260905_113629_48895a,4573,task_assigned,R11,G01737,
20260905_113629_48895a,4575,task_created,,G01738,type=PICK pickup=A-03 dropoff=PICK-3
20260905_113629_48895a,4576,task_assigned,R9,G01735,
20260905_113629_48895a,4578,task_completed,R12,G01723,
20260905_113629_48895a,4579,task_created,,G01739,type=PUTAWAY pickup=BUFFER dropoff=H-05
20260905_113629_48895a,4579,task_created,,G01740,type=PACK pickup=PICK-1 dropoff=PACK-1
20260905_113629_48895a,4579,task_assigned,R12,G01740,
20260905_113629_48895a,4581,task_completed,R5,G01429,
20260905_113629_48895a,4582,task_assigned,R5,G01726,
20260905_113629_48895a,4583,task_completed,R11,G01737,
20260905_113629_48895a,4584,task_completed,R13,G01731,
20260905_113629_48895a,4584,task_assigned,R11,G01734,
20260905_113629_48895a,4585,task_completed,R3,G01432,
20260905_113629_48895a,4585,task_completed,R7,G01732,
20260905_113629_48895a,4585,task_assigned,R13,G01738,
20260905_113629_48895a,4585,task_created,,G01741,type=PICK pickup=A-02 dropoff=PICK-1
20260905_113629_48895a,4586,task_assigned,R3,G01447,
20260905_113629_48895a,4586,task_completed,R6,G01725,
20260905_113629_48895a,4586,task_assigned,R7,G01741,
20260905_113629_48895a,4587,task_created,,G01742,type=PUTAWAY pickup=RECV dropoff=E-08
20260905_113629_48895a,4587,task_created,,G01743,type=SHIP pickup=STAGING dropoff=DOCK-2
20260905_113629_48895a,4587,task_assigned,R6,G01743,
20260905_113629_48895a,4591,task_created,,G01744,type=PACK pickup=PICK-2 dropoff=PACK-2
20260905_113629_48895a,4593,task_completed,R6,G01743,
20260905_113629_48895a,4594,task_assigned,R6,G01744,
20260905_113629_48895a,4595,task_completed,R4,G01444,
20260905_113629_48895a,4595,task_created,,G01745,type=PUTAWAY pickup=RECV dropoff=E-01
20260905_113629_48895a,4595,task_created,,G01746,type=PICK pickup=D-04 dropoff=PICK-2
20260905_113629_48895a,4596,task_assigned,R4,G01746,
20260905_113629_48895a,4598,task_completed,R9,G01735,
20260905_113629_48895a,4599,task_completed,R3,G01447,
20260905_113629_48895a,4599,task_assigned,R9,G01451,
20260905_113629_48895a,4600,task_assigned,R2,G01454,
20260905_113629_48895a,4600,task_assigned,R3,G01456,
20260905_113629_48895a,4601,task_created,,G01747,type=SHIP pickup=STAGING dropoff=DOCK-2
20260905_113629_48895a,4602,task_completed,R10,G01436,
20260905_113629_48895a,4603,task_assigned,R10,G01747,
20260905_113629_48895a,4603,task_created,,G01748,type=PUTAWAY pickup=BUFFER dropoff=A-01
20260905_113629_48895a,4603,task_created,,G01749,type=PACK pickup=PICK-3 dropoff=PACK-2
20260905_113629_48895a,4605,task_completed,R8,G01438,
20260905_113629_48895a,4605,task_completed,R12,G01740,
20260905_113629_48895a,4605,task_created,,G01750,type=PICK pickup=E-05 dropoff=PICK-2
20260905_113629_48895a,4606,task_assigned,R8,G01749,
20260905_113629_48895a,4606,task_assigned,R12,G01750,
20260905_113629_48895a,4607,task_completed,R5,G01726,
20260905_113629_48895a,4608,task_completed,R1,G01441,
20260905_113629_48895a,4608,task_assigned,R5,G01459,
20260905_113629_48895a,4608,task_completed,R11,G01734,
20260905_113629_48895a,4609,task_assigned,R11,G01463,
20260905_113629_48895a,4609,task_assigned,R1,G01465,
20260905_113629_48895a,4609,task_completed,R6,G01744,
20260905_113629_48895a,4610,task_assigned,R6,G01469,
20260905_113629_48895a,4611,task_created,,G01751,type=PUTAWAY pickup=BUFFER dropoff=H-06
20260905_113629_48895a,4615,task_created,,G01752,type=PICK pickup=B-01 dropoff=PICK-2
20260905_113629_48895a,4615,task_created,,G01753,type=PACK pickup=PICK-2 dropoff=PACK-2
20260905_113629_48895a,4615,task_created,,G01754,type=SHIP pickup=STAGING dropoff=DOCK-2
20260905_113629_48895a,4616,task_completed,R7,G01741,
20260905_113629_48895a,4617,task_assigned,R7,G01754,
20260905_113629_48895a,4619,task_created,,G01755,type=PUTAWAY pickup=RECV dropoff=D-01
20260905_113629_48895a,4621,task_completed,R5,G01459,
20260905_113629_48895a,4621,task_completed,R10,G01747,
20260905_113629_48895a,4622,task_completed,R8,G01749,
20260905_113629_48895a,4622,task_assigned,R10,G01752,
20260905_113629_48895a,4622,task_assigned,R5,G01753,
20260905_113629_48895a,4623,task_assigned,R8,G01472,
20260905_113629_48895a,4624,task_completed,R13,G01738,
20260905_113629_48895a,4625,task_created,,G01756,type=PICK pickup=C-04 dropoff=PICK-3
20260905_113629_48895a,4625,task_assigned,R13,G01756,
20260905_113629_48895a,4627,task_created,,G01757,type=PUTAWAY pickup=BUFFER dropoff=A-08
20260905_113629_48895a,4627,task_created,,G01758,type=PACK pickup=PICK-3 dropoff=PACK-2
20260905_113629_48895a,4628,task_interrupted,R3,G01456,
20260905_113629_48895a,4629,task_created,,G01759,type=SHIP pickup=STAGING dropoff=DOCK-1
20260905_113629_48895a,4633,task_completed,R7,G01754,
20260905_113629_48895a,4634,task_assigned,R7,G01759,
20260905_113629_48895a,4635,task_completed,R12,G01750,
20260905_113629_48895a,4635,task_created,,G01760,type=PUTAWAY pickup=BUFFER dropoff=H-08
20260905_113629_48895a,4635,task_created,,G01761,type=PICK pickup=E-06 dropoff=PICK-2
20260905_113629_48895a,4636,task_assigned,R12,G01758,
20260905_113629_48895a,4637,task_completed,R11,G01463,
20260905_113629_48895a,4637,task_completed,R1,G01465,
20260905_113629_48895a,4638,task_assigned,R1,G01456,
20260905_113629_48895a,4638,task_assigned,R11,G01761,
20260905_113629_48895a,4639,task_completed,R9,G01451,
20260905_113629_48895a,4639,task_completed,R7,G01759,
20260905_113629_48895a,4639,task_created,,G01762,type=PACK pickup=PICK-2 dropoff=PACK-2
20260905_113629_48895a,4640,task_completed,R6,G01469,
20260905_113629_48895a,4640,task_assigned,R7,G01474,
20260905_113629_48895a,4640,task_completed,R5,G01753,
20260905_113629_48895a,4640,task_assigned,R9,G01762,
20260905_113629_48895a,4641,task_assigned,R6,G01478,
20260905_113629_48895a,4641,task_assigned,R5,G01481,
20260905_113629_48895a,4643,task_created,,G01763,type=PUTAWAY pickup=RECV dropoff=A-05
20260905_113629_48895a,4643,task_created,,G01764,type=SHIP pickup=STAGING dropoff=DOCK-2
20260905_113629_48895a,4645,task_completed,R4,G01746,
20260905_113629_48895a,4645,task_created,,G01765,type=PICK pickup=D-05 dropoff=PICK-3
20260905_113629_48895a,4646,task_assigned,R4,G01764,
20260905_113629_48895a,4649,task_completed,R2,G01454,
20260905_113629_48895a,4650,task_assigned,R2,G01765,
20260905_113629_48895a,4651,task_created,,G01766,type=PUTAWAY pickup=RECV dropoff=F-06
20260905_113629_48895a,4651,task_created,,G01767,type=PACK pickup=PICK-3 dropoff=PACK-2
20260905_113629_48895a,4654,task_completed,R10,G01752,
20260905_113629_48895a,4654,task_completed,R12,G01758,
20260905_113629_48895a,4655,task_assigned,R12,G01767,
20260905_113629_48895a,4655,task_created,,G01768,type=PICK pickup=C-06 dropoff=PICK-3
20260905_113629_48895a,4655,task_assigned,R10,G01768,
20260905_113629_48895a,4656,task_completed,R4,G01764,
20260905_113629_48895a,4657,task_created,,G01769,type=SHIP pickup=STAGING dropoff=DOCK-2
20260905_113629_48895a,4657,task_assigned,R4,G01769,
20260905_113629_48895a,4658,task_completed,R9,G01762,
20260905_113629_48895a,4658,task_completed,R2,G01765,
20260905_113629_48895a,4659,task_assigned,R2,G01484,
20260905_113629_48895a,4659,task_assigned,R9,G01486,
20260905_113629_48895a,4659,task_created,,G01770,type=PUTAWAY pickup=BUFFER dropoff=H-05
20260905_113629_48895a,4661,task_completed,R1,G01456,
20260905_113629_48895a,4662,task_assigned,R1,G01490,
20260905_113629_48895a,4662,task_completed,R4,G01769,
20260905_113629_48895a,4663,task_created,,G01771,type=PACK pickup=PICK-1 dropoff=PACK-2
20260905_113629_48895a,4663,task_assigned,R4,G01771,
20260905_113629_48895a,4665,task_completed,R13,G01756,
20260905_113629_48895a,4665,task_created,,G01772,type=PICK pickup=C-08 dropoff=PICK-3
20260905_113629_48895a,4666,task_assigned,R13,G01772,
20260905_113629_48895a,4667,task_created,,G01773,type=PUTAWAY pickup=RECV dropoff=B-04
20260905_113629_48895a,4671,task_created,,G01774,type=SHIP pickup=STAGING dropoff=DOCK-2
20260905_113629_48895a,4672,task_completed,R12,G01767,
20260905_113629_48895a,4673,task_assigned,R12,G01774,
20260905_113629_48895a,4675,task_created,,G01775,type=PUTAWAY pickup=BUFFER dropoff=E-08
20260905_113629_48895a,4675,task_created,,G01776,type=PICK pickup=G-06 dropoff=PICK-2
20260905_113629_48895a,4675,task_created,,G01777,type=PACK pickup=PICK-2 dropoff=PACK-2
20260905_113629_48895a,4680,task_completed,R5,G01481,
20260905_113629_48895a,4680,task_completed,R2,G01484,
20260905_113629_48895a,4680,task_interrupted,R1,G01490,
20260905_113629_48895a,4680,task_completed,R13,G01772,
20260905_113629_48895a,4680,task_completed,R12,G01774,
20260905_113629_48895a,4681,task_assigned,R5,G01490,
20260905_113629_48895a,4681,task_assigned,R13,G01493,
20260905_113629_48895a,4681,task_assigned,R12,G01776,
20260905_113629_48895a,4681,task_assigned,R2,G01777,
20260905_113629_48895a,4683,task_created,,G01778,type=PUTAWAY pickup=RECV dropoff=H-04
20260905_113629_48895a,4684,task_completed,R11,G01761,
20260905_113629_48895a,4685,task_created,,G01779,type=PICK pickup=B-08 dropoff=PICK-2
20260905_113629_48895a,4685,task_created,,G01780,type=SHIP pickup=STAGING dropoff=DOCK-1
20260905_113629_48895a,4685,task_assigned,R11,G01780,
20260905_113629_48895a,4687,task_completed,R8,G01472,
20260905_113629_48895a,4687,task_interrupted,R13,G01493,
20260905_113629_48895a,4687,task_created,,G01781,type=PACK pickup=PICK-2 dropoff=PACK-1
20260905_113629_48895a,4688,task_assigned,R8,G01781,
20260905_113629_48895a,4689,task_completed,R10,G01768,
20260905_113629_48895a,4690,task_completed,R9,G01486,
20260905_113629_48895a,4690,task_assigned,R10,G01779,
20260905_113629_48895a,4691,task_assigned,R9,G01493,
20260905_113629_48895a,4691,task_interrupted,R10,G01779,
20260905_113629_48895a,4691,task_created,,G01782,type=PUTAWAY pickup=BUFFER dropoff=G-01
20260905_113629_48895a,4692,task_completed,R5,G01490,
20260905_113629_48895a,4693,task_assigned,R5,G01779,
20260905_113629_48895a,4693,task_completed,R11,G01780,
20260905_113629_48895a,4694,task_assigned,R11,G01496,
20260905_113629_48895a,4694,task_completed,R2,G01777,
20260905_113629_48895a,4695,task_completed,R4,G01771,
20260905_113629_48895a,4695,task_created,,G01783,type=PICK pickup=E-07 dropoff=PICK-2
20260905_113629_48895a,4695,task_assigned,R2,G01783,
20260905_113629_48895a,4696,task_assigned,R4,G01500,
20260905_113629_48895a,4697,task_assigned,R3,G01501,
20260905_113629_48895a,4699,task_created,,G01784,type=PUTAWAY pickup=BUFFER dropoff=C-04
20260905_113629_48895a,4699,task_created,,G01785,type=PACK pickup=PICK-1 dropoff=PACK-1
20260905_113629_48895a,4699,task_created,,G01786,type=SHIP pickup=STAGING dropoff=DOCK-2
20260905_113629_48895a,4701,task_completed,R6,G01478,
20260905_113629_48895a,4701,task_completed,R5,G01779,
20260905_113629_48895a,4702,task_assigned,R5,G01785,
20260905_113629_48895a,4702,task_assigned,R6,G01786,
20260905_113629_48895a,4705,task_completed,R7,G01474,
20260905_113629_48895a,4705,task_interrupted,R5,G01785,
20260905_113629_48895a,4705,task_created,,G01787,type=PICK pickup=H-03 dropoff=PICK-1
20260905_113629_48895a,4706,task_assigned,R7,G01785,
20260905_113629_48895a,4707,task_created,,G01788,type=PUTAWAY pickup=RECV dropoff=C-08
20260905_113629_48895a,4708,task_completed,R12,G01776,
20260905_113629_48895a,4711,task_created,,G01789,type=PACK pickup=PICK-1 dropoff=PACK-2
20260905_113629_48895a,4712,task_assigned,R12,G01789,
20260905_113629_48895a,4713,task_created,,G01790,type=SHIP pickup=STAGING dropoff=DOCK-1
20260905_113629_48895a,4715,task_created,,G01791,type=PUTAWAY pickup=RECV dropoff=A-08
20260905_113629_48895a,4715,task_created,,G01792,type=PICK pickup=A-01 dropoff=PICK-2
20260905_113629_48895a,4717,task_completed,R9,G01493,
20260905_113629_48895a,4717,task_completed,R8,G01781,
20260905_113629_48895a,4717,task_assigned,R13,G01790,
20260905_113629_48895a,4718,task_assigned,R9,G01787,
20260905_113629_48895a,4718,task_assigned,R8,G01792,
20260905_113629_48895a,4720,task_assigned,R1,G01505,
20260905_113629_48895a,4723,task_completed,R11,G01496,
20260905_113629_48895a,4723,task_completed,R6,G01786,
20260905_113629_48895a,4723,task_created,,G01793,type=PUTAWAY pickup=RECV dropoff=D-03
20260905_113629_48895a,4723,task_created,,G01794,type=PACK pickup=PICK-1 dropoff=PACK-1
20260905_113629_48895a,4724,task_assigned,R6,G01508,
20260905_113629_48895a,4724,task_interrupted,R12,G01789,
20260905_113629_48895a,4724,task_assigned,R11,G01794,
20260905_113629_48895a,4725,task_completed,R4,G01500,
20260905_113629_48895a,4725,task_created,,G01795,type=PICK pickup=H-07 dropoff=PICK-1
20260905_113629_48895a,4726,task_assigned,R4,G01789,
20260905_113629_48895a,4727,task_created,,G01796,type=SHIP pickup=STAGING dropoff=DOCK-2
20260905_113629_48895a,4729,task_assigned,R10,G01796,
20260905_113629_48895a,4731,task_created,,G01797,type=PUTAWAY pickup=RECV dropoff=G-04
20260905_113629_48895a,4732,task_completed,R13,G01790,
20260905_113629_48895a,4732,task_assigned,R5,G01795,
20260905_113629_48895a,4733,task_assigned,R13,G01511,
20260905_113629_48895a,4733,task_interrupted,R7,G01785,
20260905_113629_48895a,4734,task_completed,R2,G01783,
20260905_113629_48895a,4735,task_assigned,R2,G01785,
20260905_113629_48895a,4735,task_created,,G01798,type=PICK pickup=G-07 dropoff=PICK-2
20260905_113629_48895a,4735,task_created,,G01799,type=PACK pickup=PICK-2 dropoff=PACK-1
20260905_113629_48895a,4739,task_created,,G01800,type=PUTAWAY pickup=BUFFER dropoff=D-02
20260905_113629_48895a,4741,task_created,,G01801,type=SHIP pickup=STAGING dropoff=DOCK-1
20260905_113629_48895a,4742,task_completed,R11,G01794,
20260905_113629_48895a,4743,task_assigned,R11,G01801,
20260905_113629_48895a,4745,task_completed,R3,G01501,
20260905_113629_48895a,4745,task_completed,R10,G01796,
20260905_113629_48895a,4745,task_created,,G01802,type=PICK pickup=F-02 dropoff=PICK-3
20260905_113629_48895a,4746,task_completed,R2,G01785,
20260905_113629_48895a,4746,task_assigned,R12,G01798,
20260905_113629_48895a,4746,task_assigned,R10,G01799,
20260905_113629_48895a,4746,task_interrupted,R11,G01801,
20260905_113629_48895a,4746,task_assigned,R3,G01802,
20260905_113629_48895a,4747,task_assigned,R2,G01801,
20260905_113629_48895a,4747,task_created,,G01803,type=PUTAWAY pickup=BUFFER dropoff=A-03
20260905_113629_48895a,4747,task_created,,G01804,type=PACK pickup=PICK-3 dropoff=PACK-1
20260905_113629_48895a,4749,task_completed,R6,G01508,
20260905_113629_48895a,4749,task_completed,R8,G01792,
20260905_113629_48895a,4750,task_assigned,R6,G01515,
20260905_113629_48895a,4750,task_assigned,R8,G01804,
20260905_113629_48895a,4753,task_completed,R2,G01801,
20260905_113629_48895a,4754,task_assigned,R2,G01517,
20260905_113629_48895a,4755,task_created,,G01805,type=PUTAWAY pickup=BUFFER dropoff=D-05
20260905_113629_48895a,4755,task_created,,G01806,type=PICK pickup=F-05 dropoff=PICK-2
20260905_113629_48895a,4755,task_created,,G01807,type=SHIP pickup=STAGING dropoff=DOCK-1
20260905_113629_48895a,4756,task_interrupted,R6,G01515,
20260905_113629_48895a,4759,task_assigned,R7,G01807,
20260905_113629_48895a,4759,task_created,,G01808,type=PACK pickup=PICK-2 dropoff=PACK-2
20260905_113629_48895a,4760,task_completed,R10,G01799,
20260905_113629_48895a,4761,task_assigned,R10,G01808,
20260905_113629_48895a,4763,task_created,,G01809,type=PUTAWAY pickup=BUFFER dropoff=B-01
20260905_113629_48895a,4765,task_created,,G01810,type=PICK pickup=A-06 dropoff=PICK-2
20260905_113629_48895a,4766,task_completed,R4,G01789,
20260905_113629_48895a,4769,task_created,,G01811,type=SHIP pickup=STAGING dropoff=DOCK-2
20260905_113629_48895a,4770,task_assigned,R11,G01811,
20260905_113629_48895a,4771,task_completed,R1,G01505,
20260905_113629_48895a,4771,task_completed,R13,G01511,
20260905_113629_48895a,4771,task_created,,G01812,type=PUTAWAY pickup=RECV dropoff=G-08
20260905_113629_48895a,4771,task_created,,G01813,type=PACK pickup=PICK-3 dropoff=PACK-1
20260905_113629_48895a,4772,task_assigned,R13,G01806,
20260905_113629_48895a,4772,task_assigned,R1,G01813,
20260905_113629_48895a,4773,task_completed,R8,G01804,
20260905_113629_48895a,4775,task_completed,R7,G01807,
20260905_113629_48895a,4775,task_created,,G01814,type=PICK pickup=F-04 dropoff=PICK-2
20260905_113629_48895a,4776,task_assigned,R7,G01810,
20260905_113629_48895a,4776,task_assigned,R8,G01814,
20260905_113629_48895a,4777,task_completed,R10,G01808,
20260905_113629_48895a,4778,task_assigned,R10,G01515,
20260905_113629_48895a,4778,task_interrupted,R8,G01814,
20260905_113629_48895a,4779,task_created,,G01815,type=PUTAWAY pickup=RECV dropoff=D-01
20260905_113629_48895a,4782,task_completed,R2,G01517,
20260905_113629_48895a,4783,task_created,,G01816,type=PACK pickup=PICK-1 dropoff=PACK-2
20260905_113629_48895a,4783,task_created,,G01817,type=SHIP pickup=STAGING dropoff=DOCK-1
20260905_113629_48895a,4783,task_assigned,R2,G01817,
20260905_113629_48895a,4784,task_completed,R13,G01806,
20260905_113629_48895a,4785,task_assigned,R13,G01816,
20260905_113629_48895a,4785,task_created,,G01818,type=PICK pickup=D-05 dropoff=PICK-3
20260905_113629_48895a,4786,task_completed,R11,G01811,
20260905_113629_48895a,4787,task_completed,R9,G01787,
20260905_113629_48895a,4787,task_assigned,R11,G01814,
20260905_113629_48895a,4787,task_created,,G01819,type=PUTAWAY pickup=BUFFER dropoff=D-04
20260905_113629_48895a,4788,task_assigned,R9,G01818,
20260905_113629_48895a,4790,task_completed,R3,G01802,
20260905_113629_48895a,4791,task_assigned,R6,G01520,
20260905_113629_48895a,4791,task_assigned,R3,G01523,
20260905_113629_48895a,4795,task_created,,G01820,type=PUTAWAY pickup=BUFFER dropoff=C-06
20260905_113629_48895a,4795,task_created,,G01821,type=PICK pickup=B-08 dropoff=PICK-2
20260905_113629_48895a,4795,task_created,,G01822,type=PACK pickup=PICK-3 dropoff=PACK-1
20260905_113629_48895a,4795,task_assigned,R4,G01822,
20260905_113629_48895a,4796,task_completed,R1,G01813,
20260905_113629_48895a,4797,task_created,,G01823,type=SHIP pickup=STAGING dropoff=DOCK-2
20260905_113629_48895a,4797,task_assigned,R1,G01823,
20260905_113629_48895a,4803,task_completed,R1,G01823,
20260905_113629_48895a,4803,task_created,,G01824,type=PUTAWAY pickup=BUFFER dropoff=A-07
20260905_113629_48895a,4804,task_completed,R12,G01798,
20260905_113629_48895a,4804,task_assigned,R1,G01821,
20260905_113629_48895a,4805,task_assigned,R12,G01527,
20260905_113629_48895a,4805,task_created,,G01825,type=PICK pickup=B-06 dropoff=PICK-3
20260905_113629_48895a,4805,task_assigned,R8,G01825,
20260905_113629_48895a,4807,task_created,,G01826,type=PACK pickup=PICK-1 dropoff=PACK-1
20260905_113629_48895a,4808,task_completed,R2,G01817,
20260905_113629_48895a,4809,task_assigned,R2,G01826,
20260905_113629_48895a,4811,task_created,,G01827,type=PUTAWAY pickup=BUFFER dropoff=G-06
20260905_113629_48895a,4811,task_created,,G01828,type=SHIP pickup=STAGING dropoff=DOCK-2
20260905_113629_48895a,4813,task_completed,R13,G01816,
20260905_113629_48895a,4814,task_completed,R7,G01810,
20260905_113629_48895a,4814,task_assigned,R13,G01828,
20260905_113629_48895a,4815,task_created,,G01829,type=PICK pickup=B-08 dropoff=PICK-3
20260905_113629_48895a,4815,task_assigned,R7,G01829,
20260905_113629_48895a,4819,task_completed,R10,G01515,
20260905_113629_48895a,4819,task_completed,R3,G01523,
20260905_113629_48895a,4819,task_created,,G01830,type=PUTAWAY pickup=RECV dropoff=H-05
20260905_113629_48895a,4819,task_created,,G01831,type=PACK pickup=PICK-3 dropoff=PACK-1
20260905_113629_48895a,4820,task_assigned,R3,G01529,
20260905_113629_48895a,4820,task_assigned,R10,G01831,
20260905_113629_48895a,4821,task_completed,R13,G01828,
20260905_113629_48895a,4822,task_assigned,R13,G01532,
20260905_113629_48895a,4824,task_interrupted,R9,G01818,
20260905_113629_48895a,4824,task_interrupted,R2,G01826,
20260905_113629_48895a,4825,task_created,,G01832,type=PICK pickup=D-03 dropoff=PICK-3
20260905_113629_48895a,4825,task_created,,G01833,type=SHIP pickup=STAGING dropoff=DOCK-2
20260905_113629_48895a,4827,task_created,,G01834,type=PUTAWAY pickup=RECV dropoff=B-05
20260905_113629_48895a,4831,task_completed,R5,G01795,
20260905_113629_48895a,4831,task_created,,G01835,type=PACK pickup=PICK-3 dropoff=PACK-2
20260905_113629_48895a,4832,task_assigned,R5,G01833,
20260905_113629_48895a,4835,task_completed,R7,G01829,
20260905_113629_48895a,4835,task_created,,G01836,type=PUTAWAY pickup=BUFFER dropoff=G-06
20260905_113629_48895a,4835,task_created,,G01837,type=PICK pickup=B-06 dropoff=PICK-3
20260905_113629_48895a,4836,task_completed,R4,G01822,
20260905_113629_48895a,4836,task_assigned,R7,G01826,
20260905_113629_48895a,4837,task_assigned,R4,G01835,
20260905_113629_48895a,4839,task_created,,G01838,type=SHIP pickup=STAGING dropoff=DOCK-2
20260905_113629_48895a,4843,task_created,,G01839,type=PUTAWAY pickup=BUFFER dropoff=B-06
20260905_113629_48895a,4843,task_created,,G01840,type=PACK pickup=PICK-2 dropoff=PACK-1
20260905_113629_48895a,4845,task_created,,G01841,type=PICK pickup=D-02 dropoff=PICK-2
20260905_113629_48895a,4848,task_completed,R11,G01814,
20260905_113629_48895a,4848,task_completed,R5,G01833,
20260905_113629_48895a,4849,task_assigned,R5,G01818,
20260905_113629_48895a,4849,task_assigned,R2,G01838,
20260905_113629_48895a,4849,task_assigned,R11,G01840,
20260905_113629_48895a,4850,task_completed,R3,G01529,
20260905_113629_48895a,4851,task_assigned,R3,G01832,
20260905_113629_48895a,4851,task_created,,G01842,type=PUTAWAY pickup=BUFFER dropoff=F-06
20260905_113629_48895a,4852,task_completed,R1,G01821,
20260905_113629_48895a,4853,task_created,,G01843,type=SHIP pickup=STAGING dropoff=DOCK-2
20260905_113629_48895a,4853,task_assigned,R1,G01843,
20260905_113629_48895a,4854,task_completed,R11,G01840,
20260905_113629_48895a,4855,task_created,,G01844,type=PICK pickup=C-05 dropoff=PICK-1
20260905_113629_48895a,4855,task_created,,G01845,type=PACK pickup=PICK-3 dropoff=PACK-2
20260905_113629_48895a,4855,task_assigned,R11,G01845,
20260905_113629_48895a,4856,task_completed,R6,G01520,
20260905_113629_48895a,4857,task_assigned,R6,G01837,
20260905_113629_48895a,4858,task_completed,R8,G01825,
20260905_113629_48895a,4859,task_assigned,R8,G01841,
20260905_113629_48895a,4859,task_created,,G01846,type=PUTAWAY pickup=BUFFER dropoff=H-06
20260905_113629_48895a,4861,task_completed,R13,G01532,
20260905_113629_48895a,4861,task_completed,R1,G01843,
20260905_113629_48895a,4862,task_completed,R12,G01527,
20260905_113629_48895a,4862,task_assigned,R13,G01536,
20260905_113629_48895a,4862,task_completed,R4,G01835,
20260905_113629_48895a,4862,task_assigned,R1,G01844,
20260905_113629_48895a,4863,task_assigned,R12,G01538,
20260905_113629_48895a,4863,task_assigned,R4,G01542,
20260905_113629_48895a,4863,task_completed,R7,G01826,
20260905_113629_48895a,4864,task_assigned,R7,G01545,
20260905_113629_48895a,4864,task_completed,R5,G01818,
20260905_113629_48895a,4864,task_completed,R2,G01838,
20260905_113629_48895a,4865,task_assigned,R5,G01547,
20260905_113629_48895a,4865,task_completed,R10,G01831,
20260905_113629_48895a,4865,task_created,,G01847,type=PICK pickup=F-03 dropoff=PICK-1
20260905_113629_48895a,4865,task_assigned,R2,G01847,
20260905_113629_48895a,4866,task_assigned,R10,G01550,
20260905_113629_48895a,4867,task_completed,R3,G01832,
20260905_113629_48895a,4867,task_created,,G01848,type=PUTAWAY pickup=BUFFER dropoff=A-02
20260905_113629_48895a,4867,task_created,,G01849,type=PACK pickup=PICK-3 dropoff=PACK-1
20260905_113629_48895a,4867,task_created,,G01850,type=SHIP pickup=STAGING dropoff=DOCK-2
20260905_113629_48895a,4868,task_assigned,R3,G01850,
20260905_113629_48895a,4870,task_assigned,R9,G01849,
20260905_113629_48895a,4871,task_completed,R6,G01837,
20260905_113629_48895a,4872,task_assigned,R6,G01554,
20260905_113629_48895a,4874,task_completed,R12,G01538,
20260905_113629_48895a,4875,task_created,,G01851,type=PUTAWAY pickup=BUFFER dropoff=B-04
20260905_113629_48895a,4875,task_created,,G01852,type=PICK pickup=B-02 dropoff=PICK-3
20260905_113629_48895a,4875,task_assigned,R12,G01852,
20260905_113629_48895a,4878,task_completed,R11,G01845,
20260905_113629_48895a,4879,task_created,,G01853,type=PACK pickup=PICK-3 dropoff=PACK-1
20260905_113629_48895a,4879,task_assigned,R11,G01853,
20260905_113629_48895a,4881,task_created,,G01854,type=SHIP pickup=STAGING dropoff=DOCK-1
20260905_113629_48895a,4883,task_created,,G01855,type=PUTAWAY pickup=RECV dropoff=E-06
20260905_113629_48895a,4884,task_completed,R3,G01850,
20260905_113629_48895a,4885,task_assigned,R3,G01854,
20260905_113629_48895a,4885,task_created,,G01856,type=PICK pickup=E-02 dropoff=PICK-2
20260905_113629_48895a,4890,task_completed,R3,G01854,
20260905_113629_48895a,4891,task_completed,R2,G01847,
20260905_113629_48895a,4891,task_created,,G01857,type=PUTAWAY pickup=BUFFER dropoff=B-05
20260905_113629_48895a,4891,task_created,,G01858,type=PACK pickup=PICK-1 dropoff=PACK-1
20260905_113629_48895a,4891,task_assigned,R3,G01858,
20260905_113629_48895a,4892,task_assigned,R2,G01856,
20260905_113629_48895a,4893,task_completed,R1,G01844,
20260905_113629_48895a,4894,task_assigned,R1,G01557,
20260905_113629_48895a,4895,task_completed,R13,G01536,
20260905_113629_48895a,4895,task_created,,G01859,type=PICK pickup=E-06 dropoff=PICK-2
20260905_113629_48895a,4895,task_created,,G01860,type=SHIP pickup=STAGING dropoff=DOCK-2
20260905_113629_48895a,4896,task_assigned,R13,G01860,
20260905_113629_48895a,4897,task_completed,R6,G01554,
20260905_113629_48895a,4898,task_assigned,R6,G01859,
20260905_113629_48895a,4899,task_created,,G01861,type=PUTAWAY pickup=BUFFER dropoff=B-05
20260905_113629_48895a,4901,task_completed,R11,G01853,
20260905_113629_48895a,4902,task_assigned,R11,G01560,
20260905_113629_48895a,4903,task_created,,G01862,type=PACK pickup=PICK-1 dropoff=PACK-1
20260905_113629_48895a,4905,task_completed,R12,G01852,
20260905_113629_48895a,4905,task_created,,G01863,type=PICK pickup=C-02 dropoff=PICK-3
20260905_113629_48895a,4906,task_assigned,R12,G01862,
20260905_113629_48895a,4907,task_created,,G01864,type=PUTAWAY pickup=BUFFER dropoff=F-03
20260905_113629_48895a,4908,task_completed,R10,G01550,
20260905_113629_48895a,4909,task_created,,G01865,type=SHIP pickup=STAGING dropoff=DOCK-2
20260905_113629_48895a,4909,task_assigned,R10,G01865,
20260905_113629_48895a,4911,task_completed,R5,G01547,
20260905_113629_48895a,4911,task_completed,R9,G01849,
20260905_113629_48895a,4912,task_completed,R7,G01545,
20260905_113629_48895a,4912,task_assigned,R5,G01563,
20260905_113629_48895a,4912,task_interrupted,R3,G01858,
20260905_113629_48895a,4912,task_assigned,R9,G01863,
20260905_113629_48895a,4913,task_assigned,R7,G01858,
20260905_113629_48895a,4915,task_completed,R13,G01860,
20260905_113629_48895a,4915,task_created,,G01866,type=PUTAWAY pickup=RECV dropoff=B-04
20260905_113629_48895a,4915,task_created,,G01867,type=PICK pickup=F-08 dropoff=PICK-2
20260905_113629_48895a,4915,task_created,,G01868,type=PACK pickup=PICK-1 dropoff=PACK-1
20260905_113629_48895a,4916,task_assigned,R13,G01868,
20260905_113629_48895a,4921,task_completed,R4,G01542,
20260905_113629_48895a,4922,task_assigned,R4,G01867,
20260905_113629_48895a,4923,task_completed,R1,G01557,
20260905_113629_48895a,4923,task_completed,R2,G01856,
20260905_113629_48895a,4923,task_created,,G01869,type=PUTAWAY pickup=RECV dropoff=G-04
20260905_113629_48895a,4923,task_created,,G01870,type=SHIP pickup=STAGING dropoff=DOCK-2
20260905_113629_48895a,4924,task_assigned,R1,G01565,
20260905_113629_48895a,4924,task_completed,R10,G01865,
20260905_113629_48895a,4924,task_assigned,R2,G01870,
20260905_113629_48895a,4925,task_created,,G01871,type=PICK pickup=G-02 dropoff=PICK-3
20260905_113629_48895a,4925,task_assigned,R10,G01871,
20260905_113629_48895a,4927,task_completed,R8,G01841,
20260905_113629_48895a,4927,task_created,,G01872,type=PACK pickup=PICK-2 dropoff=PACK-2
20260905_113629_48895a,4928,task_assigned,R8,G01872,
20260905_113629_48895a,4930,task_completed,R11,G01560,
20260905_113629_48895a,4931,task_assigned,R11,G01569,
20260905_113629_48895a,4931,task_created,,G01873,type=PUTAWAY pickup=BUFFER dropoff=B-07
20260905_113629_48895a,4932,task_completed,R2,G01870,
20260905_113629_48895a,4933,task_assigned,R2,G01572,
20260905_113629_48895a,4933,task_completed,R7,G01858,
20260905_113629_48895a,4933,task_completed,R6,G01859,
20260905_113629_48895a,4934,task_assigned,R6,G01575,
20260905_113629_48895a,4934,task_assigned,R7,G01578,
20260905_113629_48895a,4934,task_completed,R8,G01872,
20260905_113629_48895a,4935,task_completed,R12,G01862,
20260905_113629_48895a,4935,task_created,,G01874,type=PICK pickup=C-01 dropoff=PICK-3
20260905_113629_48895a,4935,task_assigned,R8,G01874,
20260905_113629_48895a,4936,task_interrupted,R1,G01565,
20260905_113629_48895a,4936,task_assigned,R3,G01581,
20260905_113629_48895a,4936,task_assigned,R12,G01584,
20260905_113629_48895a,4936,task_interrupted,R13,G01868,
20260905_113629_48895a,4937,task_created,,G01875,type=SHIP pickup=STAGING dropoff=DOCK-1
20260905_113629_48895a,4938,task_completed,R5,G01563,
20260905_113629_48895a,4939,task_assigned,R5,G01875,
20260905_113629_48895a,4939,task_created,,G01876,type=PUTAWAY pickup=BUFFER dropoff=G-06
20260905_113629_48895a,4939,task_created,,G01877,type=PACK pickup=PICK-3 dropoff=PACK-2
20260905_113629_48895a,4945,task_created,,G01878,type=PICK pickup=H-01 dropoff=PICK-1
20260905_113629_48895a,4947,task_completed,R9,G01863,
20260905_113629_48895a,4947,task_completed,R4,G01867,
20260905_113629_48895a,4947,task_created,,G01879,type=PUTAWAY pickup=RECV dropoff=F-06
20260905_113629_48895a,4948,task_assigned,R9,G01868,
20260905_113629_48895a,4948,task_assigned,R4,G01877,
20260905_113629_48895a,4951,task_created,,G01880,type=PACK pickup=PICK-3 dropoff=PACK-1
20260905_113629_48895a,4951,task_created,,G01881,type=SHIP pickup=STAGING dropoff=DOCK-2
20260905_113629_48895a,4953,task_completed,R11,G01569,
20260905_113629_48895a,4954,task_assigned,R11,G01881,
20260905_113629_48895a,4955,task_created,,G01882,type=PUTAWAY pickup=RECV dropoff=B-07
20260905_113629_48895a,4955,task_created,,G01883,type=PICK pickup=G-05 dropoff=PICK-2
20260905_113629_48895a,4962,task_assigned,R13,G01880,
20260905_113629_48895a,4963,task_created,,G01884,type=PUTAWAY pickup=BUFFER dropoff=B-01
20260905_113629_48895a,4963,task_created,,G01885,type=PACK pickup=PICK-2 dropoff=PACK-2
20260905_113629_48895a,4965,task_created,,G01886,type=PICK pickup=A-02 dropoff=PICK-3
20260905_113629_48895a,4965,task_created,,G01887,type=SHIP pickup=STAGING dropoff=DOCK-2
20260905_113629_48895a,4966,task_completed,R2,G01572,
20260905_113629_48895a,4966,task_completed,R10,G01871,
20260905_113629_48895a,4966,task_completed,R5,G01875,
20260905_113629_48895a,4967,task_completed,R9,G01868,
20260905_113629_48895a,4967,task_assigned,R10,G01885,
20260905_113629_48895a,4967,task_assigned,R2,G01887,
20260905_113629_48895a,4968,task_assigned,R9,G01878,
20260905_113629_48895a,4969,task_interrupted,R10,G01885,
20260905_113629_48895a,4970,task_assigned,R1,G01565,
20260905_113629_48895a,4970,task_completed,R11,G01881,
20260905_113629_48895a,4971,task_assigned,R11,G01885,
20260905_113629_48895a,4971,task_created,,G01888,type=PUTAWAY pickup=BUFFER dropoff=G-08
20260905_113629_48895a,4974,task_completed,R8,G01874,
20260905_113629_48895a,4975,task_created,,G01889,type=PICK pickup=D-08 dropoff=PICK-2
20260905_113629_48895a,4975,task_created,,G01890,type=PACK pickup=PICK-2 dropoff=PACK-2
20260905_113629_48895a,4975,task_assigned,R8,G01890,
20260905_113629_48895a,4977,task_completed,R6,G01575,
20260905_113629_48895a,4977,task_completed,R4,G01877,
20260905_113629_48895a,4978,task_assigned,R6,G01883,
20260905_113629_48895a,4978,task_assigned,R4,G01886,
20260905_113629_48895a,4979,task_created,,G01891,type=PUTAWAY pickup=BUFFER dropoff=A-07
20260905_113629_48895a,4979,task_created,,G01892,type=SHIP pickup=STAGING dropoff=DOCK-1
20260905_113629_48895a,4980,task_completed,R3,G01581,
20260905_113629_48895a,4981,task_assigned,R3,G01892,
20260905_113629_48895a,4983,task_completed,R12,G01584,
20260905_113629_48895a,4984,task_completed,R2,G01887,
20260905_113629_48895a,4985,task_assigned,R2,G01889,
20260905_113629_48895a,4985,task_created,,G01893,type=PICK pickup=H-05 dropoff=PICK-2
20260905_113629_48895a,4985,task_assigned,R12,G01893,
20260905_113629_48895a,4986,task_completed,R7,G01578,
20260905_113629_48895a,4986,task_assigned,R5,G01587,
20260905_113629_48895a,4986,task_completed,R6,G01883,
20260905_113629_48895a,4987,task_completed,R11,G01885,
20260905_113629_48895a,4987,task_created,,G01894,type=PUTAWAY pickup=BUFFER dropoff=B-02
20260905_113629_48895a,4987,task_created,,G01895,type=PACK pickup=PICK-2 dropoff=PACK-2
20260905_113629_48895a,4987,task_assigned,R6,G01895,
20260905_113629_48895a,4988,task_assigned,R7,G01592,
20260905_113629_48895a,4991,task_interrupted,R7,G01592,
20260905_113629_48895a,4991,task_interrupted,R12,G01893,
20260905_113629_48895a,4992,task_completed,R8,G01890,
20260905_113629_48895a,4992,task_assigned,R11,G01893,
20260905_113629_48895a,4993,task_created,,G01896,type=SHIP pickup=STAGING dropoff=DOCK-2
20260905_113629_48895a,4993,task_assigned,R8,G01896,
20260905_113629_48895a,4994,task_completed,R6,G01895,
20260905_113629_48895a,4995,task_created,,G01897,type=PUTAWAY pickup=RECV dropoff=A-07
20260905_113629_48895a,4995,task_created,,G01898,type=PICK pickup=D-05 dropoff=PICK-3
20260905_113629_48895a,4995,task_assigned,R6,G01898,
20260905_113629_48895a,4999,task_created,,G01899,type=PACK pickup=PICK-3 dropoff=PACK-2
20260905_113629_48895a,5000,task_completed,R8,G01896,
20260905_113629_48895a,5001,task_assigned,R8,G01899,
20260905_113629_48895a,5003,task_completed,R13,G01880,
20260905_113629_48895a,5003,task_completed,R3,G01892,
20260905_113629_48895a,5003,task_interrupted,R11,G01893,
20260905_113629_48895a,5003,task_created,,G01900,type=PUTAWAY pickup=RECV dropoff=D-07
20260905_113629_48895a,5004,task_assigned,R13,G01591,
20260905_113629_48895a,5004,task_assigned,R3,G01592,
20260905_113629_48895a,5004,task_assigned,R10,G01893,
20260905_113629_48895a,5005,task_created,,G01901,type=PICK pickup=B-03 dropoff=PICK-2
20260905_113629_48895a,5007,task_created,,G01902,type=SHIP pickup=STAGING dropoff=DOCK-2
20260905_113629_48895a,5011,task_created,,G01903,type=PUTAWAY pickup=BUFFER dropoff=H-08
20260905_113629_48895a,5011,task_created,,G01904,type=PACK pickup=PICK-2 dropoff=PACK-2
20260905_113629_48895a,5013,task_completed,R6,G01898,
20260905_113629_48895a,5015,task_created,,G01905,type=PICK pickup=B-08 dropoff=PICK-2
20260905_113629_48895a,5017,task_completed,R1,G01565,
20260905_113629_48895a,5018,task_assigned,R1,G01902,
20260905_113629_48895a,5019,task_created,,G01906,type=PUTAWAY pickup=BUFFER dropoff=B-06
20260905_113629_48895a,5021,task_completed,R2,G01889,
20260905_113629_48895a,5021,task_created,,G01907,type=SHIP pickup=STAGING dropoff=DOCK-2
20260905_113629_48895a,5022,task_assigned,R2,G01907,
20260905_113629_48895a,5023,task_completed,R8,G01899,
20260905_113629_48895a,5023,task_assigned,R12,G01904,
20260905_113629_48895a,5023,task_created,,G01908,type=PACK pickup=PICK-1 dropoff=PACK-1
20260905_113629_48895a,5024,task_assigned,R8,G01908,
20260905_113629_48895a,5025,task_created,,G01909,type=PICK pickup=B-04 dropoff=PICK-3
20260905_113629_48895a,5027,task_created,,G01910,type=PUTAWAY pickup=RECV dropoff=D-03
20260905_113629_48895a,5029,task_completed,R5,G01587,
20260905_113629_48895a,5029,task_assigned,R7,G01901,
20260905_113629_48895a,5030,task_assigned,R5,G01905,
20260905_113629_48895a,5030,task_completed,R2,G01907,
20260905_113629_48895a,5031,task_completed,R3,G01592,
20260905_113629_48895a,5031,task_assigned,R2,G01909,
20260905_113629_48895a,5032,task_assigned,R3,G01596,
20260905_113629_48895a,5032,task_interrupted,R4,G01886,
20260905_113629_48895a,5034,task_interrupted,R8,G01908,
20260905_113629_48895a,5035,task_completed,R9,G01878,
20260905_113629_48895a,5035,task_created,,G01911,type=PUTAWAY pickup=RECV dropoff=F-04
20260905_113629_48895a,5035,task_created,,G01912,type=PICK pickup=F-07 dropoff=PICK-1
20260905_113629_48895a,5035,task_created,,G01913,type=PACK pickup=PICK-1 dropoff=PACK-2
20260905_113629_48895a,5035,task_created,,G01914,type=SHIP pickup=STAGING dropoff=DOCK-2
20260905_113629_48895a,5036,task_completed,R5,G01905,
20260905_113629_48895a,5036,task_assigned,R9,G01914,
20260905_113629_48895a,5037,task_assigned,R5,G01908,
20260905_113629_48895a,5043,task_created,,G01915,type=PUTAWAY pickup=RECV dropoff=H-02
20260905_113629_48895a,5045,task_created,,G01916,type=PICK pickup=B-07 dropoff=PICK-1
20260905_113629_48895a,5047,task_completed,R3,G01596,
20260905_113629_48895a,5047,task_created,,G01917,type=PACK pickup=PICK-3 dropoff=PACK-1
20260905_113629_48895a,5048,task_assigned,R3,G01913,
20260905_113629_48895a,5049,task_completed,R1,G01902,
20260905_113629_48895a,5049,task_created,,G01918,type=SHIP pickup=STAGING dropoff=DOCK-2
20260905_113629_48895a,5050,task_assigned,R1,G01918,
20260905_113629_48895a,5051,task_completed,R13,G01591,
20260905_113629_48895a,5051,task_completed,R12,G01904,
20260905_113629_48895a,5051,task_created,,G01919,type=PUTAWAY pickup=RECV dropoff=E-06
20260905_113629_48895a,5052,task_assigned,R8,G01886,
20260905_113629_48895a,5052,task_assigned,R13,G01912,
20260905_113629_48895a,5052,task_assigned,R12,G01917,
20260905_113629_48895a,5054,task_completed,R10,G01893,
20260905_113629_48895a,5054,task_assigned,R6,G01916,
20260905_113629_48895a,5055,task_completed,R1,G01918,
20260905_113629_48895a,5055,task_created,,G01920,type=PICK pickup=F-08 dropoff=PICK-3
20260905_113629_48895a,5055,task_assigned,R10,G01920,
20260905_113629_48895a,5056,task_assigned,R1,G01600,
20260905_113629_48895a,5058,task_completed,R5,G01908,
20260905_113629_48895a,5059,task_assigned,R5,G01602,
20260905_113629_48895a,5059,task_created,,G01921,type=PUTAWAY pickup=BUFFER dropoff=A-06
20260905_113629_48895a,5059,task_created,,G01922,type=PACK pickup=PICK-1 dropoff=PACK-2
20260905_113629_48895a,5059,task_assigned,R11,G01922,
20260905_113629_48895a,5060,task_completed,R9,G01914,
20260905_113629_48895a,5061,task_assigned,R9,G01606,
20260905_113629_48895a,5062,task_completed,R2,G01909,
20260905_113629_48895a,5063,task_completed,R7,G01901,
20260905_113629_48895a,5063,task_created,,G01923,type=SHIP pickup=STAGING dropoff=DOCK-2
20260905_113629_48895a,5063,task_assigned,R2,G01923,
20260905_113629_48895a,5064,task_assigned,R7,G01608,
20260905_113629_48895a,5065,task_created,,G01924,type=PICK pickup=B-06 dropoff=PICK-2
20260905_113629_48895a,5066,task_completed,R13,G01912,
20260905_113629_48895a,5067,task_assigned,R13,G01924,
20260905_113629_48895a,5067,task_created,,G01925,type=PUTAWAY pickup=BUFFER dropoff=D-01
20260905_113629_48895a,5071,task_interrupted,R2,G01923,
20260905_113629_48895a,5071,task_created,,G01926,type=PACK pickup=PICK-1 dropoff=PACK-2
20260905_113629_48895a,5071,task_assigned,R4,G01926,
20260905_113629_48895a,5074,task_completed,R12,G01917,
20260905_113629_48895a,5075,task_assigned,R12,G01923,
20260905_113629_48895a,5075,task_created,,G01927,type=PUTAWAY pickup=BUFFER dropoff=H-03
20260905_113629_48895a,5075,task_created,,G01928,type=PICK pickup=D-01 dropoff=PICK-3
20260905_113629_48895a,5077,task_completed,R3,G01913,
20260905_113629_48895a,5077,task_created,,G01929,type=SHIP pickup=STAGING dropoff=DOCK-1
20260905_113629_48895a,5078,task_completed,R7,G01608,
20260905_113629_48895a,5078,task_assigned,R3,G01929,
20260905_113629_48895a,5079,task_assigned,R7,G01928,
20260905_113629_48895a,5081,task_completed,R8,G01886,
20260905_113629_48895a,5081,task_completed,R12,G01923,
20260905_113629_48895a,5082,task_assigned,R8,G01611,
20260905_113629_48895a,5082,task_assigned,R12,G01614,
20260905_113629_48895a,5083,task_completed,R10,G01920,
20260905_113629_48895a,5083,task_created,,G01930,type=PUTAWAY pickup=RECV dropoff=A-06
20260905_113629_48895a,5083,task_created,,G01931,type=PACK pickup=PICK-3 dropoff=PACK-1
20260905_113629_48895a,5084,task_assigned,R10,G01931,
20260905_113629_48895a,5085,task_completed,R6,G01916,
20260905_113629_48895a,5085,task_completed,R3,G01929,
20260905_113629_48895a,5085,task_created,,G01932,type=PICK pickup=H-02 dropoff=PICK-2
20260905_113629_48895a,5086,task_assigned,R3,G01618,
20260905_113629_48895a,5086,task_completed,R11,G01922,
20260905_113629_48895a,5086,task_assigned,R6,G01932,
20260905_113629_48895a,5087,task_assigned,R11,G01621,
20260905_113629_48895a,5091,task_created,,G01933,type=PUTAWAY pickup=BUFFER dropoff=H-08
20260905_113629_48895a,5091,task_created,,G01934,type=SHIP pickup=STAGING dropoff=DOCK-1
20260905_113629_48895a,5095,task_completed,R9,G01606,
20260905_113629_48895a,5095,task_completed,R13,G01924,
20260905_113629_48895a,5095,task_created,,G01935,type=PICK pickup=G-08 dropoff=PICK-3
20260905_113629_48895a,5095,task_created,,G01936,type=PACK pickup=PICK-2 dropoff=PACK-1
20260905_113629_48895a,5096,task_completed,R7,G01928,
20260905_113629_48895a,5096,task_assigned,R13,G01934,
20260905_113629_48895a,5096,task_assigned,R9,G01936,
20260905_113629_48895a,5097,task_completed,R4,G01926,
20260905_113629_48895a,5097,task_assigned,R7,G01935,
20260905_113629_48895a,5098,task_assigned,R4,G01623,
20260905_113629_48895a,5098,task_completed,R10,G01931,
20260905_113629_48895a,5098,task_interrupted,R9,G01936,
20260905_113629_48895a,5099,task_assigned,R10,G01936,
20260905_113629_48895a,5099,task_created,,G01937,type=PUTAWAY pickup=BUFFER dropoff=C-01
20260905_113629_48895a,5100,task_assigned,R2,G01627,
20260905_113629_48895a,5101,task_completed,R1,G01600,
20260905_113629_48895a,5102,task_assigned,R1,G01629,
20260905_113629_48895a,5104,task_completed,R13,G01934,
20260905_113629_48895a,5105,task_created,,G01938,type=PICK pickup=B-06 dropoff=PICK-2
20260905_113629_48895a,5105,task_created,,G01939,type=SHIP pickup=STAGING dropoff=DOCK-2
20260905_113629_48895a,5105,task_assigned,R13,G01939,
20260905_113629_48895a,5107,task_created,,G01940,type=PUTAWAY pickup=RECV dropoff=D-08
20260905_113629_48895a,5107,task_created,,G01941,type=PACK pickup=PICK-2 dropoff=PACK-2
20260905_113629_48895a,5110,task_completed,R10,G01936,
20260905_113629_48895a,5110,task_completed,R13,G01939,
20260905_113629_48895a,5111,task_assigned,R13,G01938,
20260905_113629_48895a,5111,task_assigned,R10,G01941,
20260905_113629_48895a,5115,task_created,,G01942,type=PUTAWAY pickup=RECV dropoff=E-06
20260905_113629_48895a,5115,task_created,,G01943,type=PICK pickup=H-02 dropoff=PICK-1
20260905_113629_48895a,5116,task_completed,R8,G01611,
20260905_113629_48895a,5117,task_assigned,R8,G01943,
20260905_113629_48895a,5119,task_created,,G01944,type=PACK pickup=PICK-1 dropoff=PACK-2
20260905_113629_48895a,5119,task_created,,G01945,type=SHIP pickup=STAGING dropoff=DOCK-2
20260905_113629_48895a,5123,task_completed,R6,G01932,
20260905_113629_48895a,5123,task_completed,R10,G01941,
20260905_113629_48895a,5123,task_created,,G01946,type=PUTAWAY pickup=BUFFER dropoff=D-02
20260905_113629_48895a,5124,task_completed,R1,G01629,
20260905_113629_48895a,5124,task_assigned,R10,G01944,
20260905_113629_48895a,5124,task_assigned,R6,G01945,
20260905_113629_48895a,5125,task_completed,R5,G01602,
20260905_113629_48895a,5125,task_created,,G01947,type=PICK pickup=D-03 dropoff=PICK-3
20260905_113629_48895a,5125,task_assigned,R1,G01947,
20260905_113629_48895a,5126,task_assigned,R5,G01633,
20260905_113629_48895a,5131,task_created,,G01948,type=PUTAWAY pickup=RECV dropoff=F-05
20260905_113629_48895a,5131,task_created,,G01949,type=PACK pickup=PICK-3 dropoff=PACK-1
20260905_113629_48895a,5132,task_completed,R6,G01945,
20260905_113629_48895a,5133,task_created,,G01950,type=SHIP pickup=STAGING dropoff=DOCK-2
20260905_113629_48895a,5133,task_assigned,R6,G01950,
20260905_113629_48895a,5134,task_completed,R12,G01614,
20260905_113629_48895a,5134,task_completed,R7,G01935,
20260905_113629_48895a,5135,task_assigned,R7,G01949,
20260905_113629_48895a,5135,task_created,,G01951,type=PICK pickup=B-07 dropoff=PICK-2
20260905_113629_48895a,5135,task_assigned,R12,G01951,
20260905_113629_48895a,5138,task_completed,R6,G01950,
20260905_113629_48895a,5139,task_assigned,R6,G01636,
20260905_113629_48895a,5139,task_created,,G01952,type=PUTAWAY pickup=RECV dropoff=G-06
20260905_113629_48895a,5140,task_completed,R3,G01618,
20260905_113629_48895a,5140,task_assigned,R9,G01638,
20260905_113629_48895a,5141,task_completed,R11,G01621,
20260905_113629_48895a,5141,task_assigned,R3,G01642,
20260905_113629_48895a,5142,task_assigned,R11,G01645,
20260905_113629_48895a,5143,task_created,,G01953,type=PACK pickup=PICK-3 dropoff=PACK-2
20260905_113629_48895a,5145,task_created,,G01954,type=PICK pickup=G-07 dropoff=PICK-1
20260905_113629_48895a,5146,task_completed,R13,G01938,
20260905_113629_48895a,5147,task_created,,G01955,type=PUTAWAY pickup=BUFFER dropoff=A-04
20260905_113629_48895a,5147,task_created,,G01956,type=SHIP pickup=STAGING dropoff=DOCK-1
20260905_113629_48895a,5147,task_assigned,R13,G01956,
20260905_113629_48895a,5148,task_completed,R7,G01949,
20260905_113629_48895a,5149,task_assigned,R7,G01953,
20260905_113629_48895a,5151,task_completed,R8,G01943,
20260905_113629_48895a,5152,task_assigned,R8,G01954,
20260905_113629_48895a,5154,task_completed,R4,G01623,
20260905_113629_48895a,5154,task_completed,R12,G01951,
20260905_113629_48895a,5155,task_interrupted,R3,G01642,
20260905_113629_48895a,5155,task_completed,R10,G01944,
20260905_113629_48895a,5155,task_completed,R1,G01947,
20260905_113629_48895a,5155,task_created,,G01957,type=PUTAWAY pickup=BUFFER dropoff=A-08
20260905_113629_48895a,5155,task_created,,G01958,type=PICK pickup=D-02 dropoff=PICK-2
20260905_113629_48895a,5155,task_assigned,R12,G01958,
20260905_113629_48895a,5155,task_created,,G01959,type=PACK pickup=PICK-1 dropoff=PACK-2
20260905_113629_48895a,5155,task_assigned,R4,G01959,
20260905_113629_48895a,5156,task_assigned,R10,G01642,
20260905_113629_48895a,5156,task_assigned,R1,G01648,
20260905_113629_48895a,5157,task_completed,R13,G01956,
20260905_113629_48895a,5158,task_assigned,R13,G01651,
20260905_113629_48895a,5161,task_completed,R6,G01636,
20260905_113629_48895a,5161,task_created,,G01960,type=SHIP pickup=STAGING dropoff=DOCK-1
20260905_113629_48895a,5162,task_assigned,R6,G01960,
20260905_113629_48895a,5163,task_completed,R11,G01645,
20260905_113629_48895a,5163,task_created,,G01961,type=PUTAWAY pickup=BUFFER dropoff=E-06
20260905_113629_48895a,5164,task_assigned,R11,G01654,
20260905_113629_48895a,5165,task_created,,G01962,type=PICK pickup=D-03 dropoff=PICK-3
20260905_113629_48895a,5167,task_created,,G01963,type=PACK pickup=PICK-1 dropoff=PACK-2
20260905_113629_48895a,5171,task_created,,G01964,type=PUTAWAY pickup=RECV dropoff=B-06
20260905_113629_48895a,5172,task_completed,R7,G01953,
20260905_113629_48895a,5173,task_assigned,R7,G01963,
20260905_113629_48895a,5175,task_created,,G01965,type=PICK pickup=D-05 dropoff=PICK-3
20260905_113629_48895a,5175,task_created,,G01966,type=SHIP pickup=STAGING dropoff=DOCK-1
20260905_113629_48895a,5179,task_completed,R4,G01959,
20260905_113629_48895a,5179,task_completed,R6,G01960,
20260905_113629_48895a,5179,task_created,,G01967,type=PUTAWAY pickup=RECV dropoff=A-07
20260905_113629_48895a,5179,task_created,,G01968,type=PACK pickup=PICK-2 dropoff=PACK-2
20260905_113629_48895a,5180,task_assigned,R4,G01966,
20260905_113629_48895a,5180,task_assigned,R6,G01968,
20260905_113629_48895a,5182,task_completed,R12,G01958,
20260905_113629_48895a,5183,task_assigned,R12,G01962,
20260905_113629_48895a,5185,task_created,,G01969,type=PICK pickup=G-06 dropoff=PICK-3
20260905_113629_48895a,5186,task_completed,R5,G01633,
20260905_113629_48895a,5186,task_completed,R11,G01654,
20260905_113629_48895a,5187,task_interrupted,R13,G01651,
20260905_113629_48895a,5187,task_assigned,R11,G01965,
20260905_113629_48895a,5187,task_assigned,R5,G01969,
20260905_113629_48895a,5187,task_created,,G01970,type=PUTAWAY pickup=RECV dropoff=A-07
20260905_113629_48895a,5188,task_completed,R8,G01954,
20260905_113629_48895a,5188,task_completed,R4,G01966,
20260905_113629_48895a,5189,task_completed,R2,G01627,
20260905_113629_48895a,5189,task_completed,R10,G01642,
20260905_113629_48895a,5189,task_assigned,R8,G01651,
20260905_113629_48895a,5189,task_created,,G01971,type=SHIP pickup=STAGING dropoff=DOCK-2
20260905_113629_48895a,5189,task_assigned,R4,G01971,
20260905_113629_48895a,5190,task_assigned,R2,G01656,
20260905_113629_48895a,5190,task_assigned,R10,G01660,
20260905_113629_48895a,5191,task_completed,R1,G01648,
20260905_113629_48895a,5191,task_interrupted,R5,G01969,
20260905_113629_48895a,5191,task_created,,G01972,type=PACK pickup=PICK-1 dropoff=PACK-2
20260905_113629_48895a,5194,task_completed,R4,G01971,
20260905_113629_48895a,5195,task_assigned,R1,G01969,
20260905_113629_48895a,5195,task_assigned,R4,G01972,
20260905_113629_48895a,5195,task_created,,G01973,type=PUTAWAY pickup=BUFFER dropoff=F-08
20260905_113629_48895a,5195,task_created,,G01974,type=PICK pickup=D-02 dropoff=PICK-3
20260905_113629_48895a,5199,task_completed,R6,G01968,
20260905_113629_48895a,5200,task_completed,R9,G01638,
20260905_113629_48895a,5200,task_assigned,R6,G01664,
20260905_113629_48895a,5200,task_assigned,R3,G01974,
20260905_113629_48895a,5201,task_assigned,R9,G01666,
20260905_113629_48895a,5202,task_completed,R7,G01963,
20260905_113629_48895a,5203,task_created,,G01975,type=PUTAWAY pickup=BUFFER dropoff=E-06
20260905_113629_48895a,5203,task_created,,G01976,type=PACK pickup=PICK-2 dropoff=PACK-1
20260905_113629_48895a,5203,task_created,,G01977,type=SHIP pickup=STAGING dropoff=DOCK-1
20260905_113629_48895a,5203,task_assigned,R7,G01977,
20260905_113629_48895a,5204,task_interrupted,R1,G01969,
20260905_113629_48895a,5205,task_created,,G01978,type=PICK pickup=C-07 dropoff=PICK-3
20260905_113629_48895a,5207,task_completed,R8,G01651,
20260905_113629_48895a,5208,task_assigned,R8,G01976,
20260905_113629_48895a,5209,task_completed,R2,G01656,
20260905_113629_48895a,5210,task_assigned,R2,G01969,
20260905_113629_48895a,5210,task_completed,R7,G01977,
20260905_113629_48895a,5211,task_assigned,R7,G01978,
20260905_113629_48895a,5211,task_created,,G01979,type=PUTAWAY pickup=BUFFER dropoff=G-01
20260905_113629_48895a,5214,task_completed,R11,G01965,
20260905_113629_48895a,5215,task_completed,R10,G01660,
20260905_113629_48895a,5215,task_created,,G01980,type=PICK pickup=A-06 dropoff=PICK-2
20260905_113629_48895a,5215,task_created,,G01981,type=PACK pickup=PICK-2 dropoff=PACK-2
20260905_113629_48895a,5215,task_assigned,R11,G01981,
20260905_113629_48895a,5216,task_assigned,R10,G01669,
20260905_113629_48895a,5216,task_assigned,R13,G01980,
20260905_113629_48895a,5217,task_created,,G01982,type=SHIP pickup=STAGING dropoff=DOCK-1
20260905_113629_48895a,5219,task_created,,G01983,type=PUTAWAY pickup=RECV dropoff=A-01
20260905_113629_48895a,5220,task_completed,R12,G01962,
20260905_113629_48895a,5221,task_assigned,R12,G01982,
20260905_113629_48895a,5225,task_interrupted,R10,G01669,
20260905_113629_48895a,5225,task_created,,G01984,type=PICK pickup=F-03 dropoff=PICK-2
20260905_113629_48895a,5227,task_completed,R6,G01664,
20260905_113629_48895a,5227,task_created,,G01985,type=PUTAWAY pickup=BUFFER dropoff=A-06
20260905_113629_48895a,5227,task_created,,G01986,type=PACK pickup=PICK-1 dropoff=PACK-2
20260905_113629_48895a,5228,task_completed,R4,G01972,
20260905_113629_48895a,5228,task_assigned,R6,G01986,
20260905_113629_48895a,5229,task_assigned,R4,G01984,
20260905_113629_48895a,5231,task_created,,G01987,type=SHIP pickup=STAGING dropoff=DOCK-2
20260905_113629_48895a,5232,task_completed,R8,G01976,
20260905_113629_48895a,5233,task_assigned,R8,G01987,
20260905_113629_48895a,5235,task_completed,R11,G01981,
20260905_113629_48895a,5235,task_created,,G01988,type=PUTAWAY pickup=RECV dropoff=F-06
20260905_113629_48895a,5235,task_created,,G01989,type=PICK pickup=B-02 dropoff=PICK-3
20260905_113629_48895a,5235,task_assigned,R5,G01989,
20260905_113629_48895a,5236,task_assigned,R11,G01669,
20260905_113629_48895a,5238,task_completed,R3,G01974,
20260905_113629_48895a,5238,task_completed,R12,G01982,
20260905_113629_48895a,5239,task_assigned,R12,G01672,
20260905_113629_48895a,5239,task_completed,R8,G01987,
20260905_113629_48895a,5239,task_created,,G01990,type=PACK pickup=PICK-2 dropoff=PACK-1
20260905_113629_48895a,5239,task_assigned,R3,G01990,
20260905_113629_48895a,5240,task_assigned,R8,G01675,
20260905_113629_48895a,5240,task_completed,R2,G01969,
20260905_113629_48895a,5241,task_assigned,R2,G01678,
20260905_113629_48895a,5241,task_completed,R7,G01978,
20260905_113629_48895a,5242,task_assigned,R7,G01682,
20260905_113629_48895a,5243,task_created,,G01991,type=PUTAWAY pickup=BUFFER dropoff=B-01
20260905_113629_48895a,5245,task_completed,R13,G01980,
20260905_113629_48895a,5245,task_created,,G01992,type=PICK pickup=C-05 dropoff=PICK-2
20260905_113629_48895a,5245,task_created,,G01993,type=SHIP pickup=STAGING dropoff=DOCK-1
20260905_113629_48895a,5246,task_assigned,R13,G01993,
20260905_113629_48895a,5248,task_interrupted,R7,G01682,
20260905_113629_48895a,5248,task_assigned,R1,G01992,
20260905_113629_48895a,5251,task_created,,G01994,type=PUTAWAY pickup=RECV dropoff=D-05
20260905_113629_48895a,5251,task_created,,G01995,type=PACK pickup=PICK-1 dropoff=PACK-2
20260905_113629_48895a,5252,task_completed,R3,G01990,
20260905_113629_48895a,5253,task_assigned,R3,G01995,
20260905_113629_48895a,5254,task_completed,R4,G01984,
20260905_113629_48895a,5254,task_completed,R13,G01993,
20260905_113629_48895a,5255,task_assigned,R4,G01682,
20260905_113629_48895a,5255,task_created,,G01996,type=PICK pickup=F-03 dropoff=PICK-2
20260905_113629_48895a,5255,task_assigned,R13,G01996,
20260905_113629_48895a,5256,task_interrupted,R12,G01672,
20260905_113629_48895a,5259,task_created,,G01997,type=PUTAWAY pickup=RECV dropoff=D-04
20260905_113629_48895a,5259,task_created,,G01998,type=SHIP pickup=STAGING dropoff=DOCK-1
20260905_113629_48895a,5261,task_completed,R11,G01669,
20260905_113629_48895a,5262,task_completed,R9,G01666,
20260905_113629_48895a,5262,task_completed,R2,G01678,
20260905_113629_48895a,5262,task_assigned,R11,G01998,
20260905_113629_48895a,5263,task_assigned,R2,G01672,
20260905_113629_48895a,5263,task_created,,G01999,type=PACK pickup=PICK-1 dropoff=PACK-2
20260905_113629_48895a,5263,task_assigned,R9,G01999,
20260905_113629_48895a,5264,task_assigned,R10,G01684,
20260905_113629_48895a,5264,task_completed,R6,G01986,
20260905_113629_48895a,5265,task_created,,G02000,type=PICK pickup=H-02 dropoff=PICK-1
20260905_113629_48895a,5265,task_assigned,R6,G02000,
20260905_113629_48895a,5267,task_created,,G02001,type=PUTAWAY pickup=BUFFER dropoff=A-06
20260905_113629_48895a,5271,task_interrupted,R6,G02000,
20260905_113629_48895a,5273,task_created,,G02002,type=SHIP pickup=STAGING dropoff=DOCK-2
20260905_113629_48895a,5275,task_completed,R13,G01996,
20260905_113629_48895a,5275,task_created,,G02003,type=PUTAWAY pickup=BUFFER dropoff=G-02
20260905_113629_48895a,5275,task_created,,G02004,type=PICK pickup=E-01 dropoff=PICK-3
20260905_113629_48895a,5275,task_created,,G02005,type=PACK pickup=PICK-3 dropoff=PACK-2
20260905_113629_48895a,5276,task_assigned,R13,G02002,
20260905_113629_48895a,5277,task_completed,R3,G01995,
20260905_113629_48895a,5278,task_interrupted,R8,G01675,
20260905_113629_48895a,5278,task_assigned,R3,G02005,
20260905_113629_48895a,5279,task_completed,R2,G01672,
20260905_113629_48895a,5280,task_completed,R11,G01998,
20260905_113629_48895a,5280,task_assigned,R2,G02000,
20260905_113629_48895a,5281,task_completed,R5,G01989,
20260905_113629_48895a,5282,task_assigned,R5,G02004,
20260905_113629_48895a,5283,task_created,,G02006,type=PUTAWAY pickup=BUFFER dropoff=F-08
20260905_113629_48895a,5284,task_completed,R13,G02002,
20260905_113629_48895a,5285,task_completed,R4,G01682,
20260905_113629_48895a,5285,task_created,,G02007,type=PICK pickup=H-02 dropoff=PICK-2
20260905_113629_48895a,5285,task_assigned,R13,G02007,
20260905_113629_48895a,5287,task_created,,G02008,type=PACK pickup=PICK-1 dropoff=PACK-2
20260905_113629_48895a,5287,task_created,,G02009,type=SHIP pickup=STAGING dropoff=DOCK-2
20260905_113629_48895a,5287,task_assigned,R7,G02009,
20260905_113629_48895a,5289,task_assigned,R12,G02008,
20260905_113629_48895a,5291,task_completed,R1,G01992,
20260905_113629_48895a,5291,task_created,,G02010,type=PUTAWAY pickup=BUFFER dropoff=B-05
20260905_113629_48895a,5292,task_assigned,R1,G01675,
20260905_113629_48895a,5295,task_completed,R3,G02005,
20260905_113629_48895a,5295,task_created,,G02011,type=PICK pickup=C-06 dropoff=PICK-3
20260905_113629_48895a,5296,task_assigned,R3,G02011,
20260905_113629_48895a,5299,task_created,,G02012,type=PUTAWAY pickup=BUFFER dropoff=B-01
20260905_113629_48895a,5299,task_created,,G02013,type=PACK pickup=PICK-1 dropoff=PACK-1
20260905_113629_48895a,5301,task_completed,R9,G01999,
20260905_113629_48895a,5301,task_created,,G02014,type=SHIP pickup=STAGING dropoff=DOCK-1
20260905_113629_48895a,5302,task_completed,R7,G02009,
20260905_113629_48895a,5302,task_assigned,R9,G02014,
20260905_113629_48895a,5303,task_completed,R2,G02000,
20260905_113629_48895a,5303,task_assigned,R7,G02013,
20260905_113629_48895a,5304,task_assigned,R2,G01687,
20260905_113629_48895a,5305,task_created,,G02015,type=PICK pickup=D-03 dropoff=PICK-3
20260905_113629_48895a,5307,task_assigned,R6,G02015,
20260905_113629_48895a,5307,task_created,,G02016,type=PUTAWAY pickup=RECV dropoff=B-02
20260905_113629_48895a,5309,task_completed,R9,G02014,
20260905_113629_48895a,5310,task_assigned,R9,G01691,
20260905_113629_48895a,5311,task_created,,G02017,type=PACK pickup=PICK-3 dropoff=PACK-1
20260905_113629_48895a,5315,task_created,,G02018,type=PUTAWAY pickup=BUFFER dropoff=H-03
20260905_113629_48895a,5315,task_created,,G02019,type=PICK pickup=F-03 dropoff=PICK-1
20260905_113629_48895a,5315,task_created,,G02020,type=SHIP pickup=STAGING dropoff=DOCK-1
20260905_113629_48895a,5316,task_assigned,R8,G02017,
20260905_113629_48895a,5316,task_assigned,R11,G02020,
20260905_113629_48895a,5317,task_interrupted,R2,G01687,
20260905_113629_48895a,5317,task_assigned,R4,G02019,
20260905_113629_48895a,5320,task_completed,R12,G02008,
20260905_113629_48895a,5320,task_completed,R3,G02011,
20260905_113629_48895a,5321,task_assigned,R12,G01687,
20260905_113629_48895a,5321,task_assigned,R3,G01693,
20260905_113629_48895a,5323,task_completed,R13,G02007,
20260905_113629_48895a,5323,task_created,,G02021,type=PUTAWAY pickup=BUFFER dropoff=C-07
20260905_113629_48895a,5323,task_created,,G02022,type=PACK pickup=PICK-2 dropoff=PACK-1
20260905_113629_48895a,5324,task_completed,R1,G01675,
20260905_113629_48895a,5324,task_assigned,R13,G02022,
20260905_113629_48895a,5325,task_completed,R10,G01684,
20260905_113629_48895a,5325,task_created,,G02023,type=PICK pickup=D-06 dropoff=PICK-2
20260905_113629_48895a,5325,task_assigned,R1,G02023,
20260905_113629_48895a,5326,task_assigned,R10,G01697,
20260905_113629_48895a,5329,task_completed,R13,G02022,
20260905_113629_48895a,5329,task_created,,G02024,type=SHIP pickup=STAGING dropoff=DOCK-2
20260905_113629_48895a,5330,task_completed,R7,G02013,
20260905_113629_48895a,5330,task_assigned,R13,G02024,
20260905_113629_48895a,5331,task_assigned,R7,G01699,
20260905_113629_48895a,5331,task_created,,G02025,type=PUTAWAY pickup=RECV dropoff=G-04
20260905_113629_48895a,5333,task_completed,R11,G02020,
20260905_113629_48895a,5334,task_assigned,R11,G01702,
20260905_113629_48895a,5335,task_created,,G02026,type=PICK pickup=G-08 dropoff=PICK-2
20260905_113629_48895a,5335,task_created,,G02027,type=PACK pickup=PICK-1 dropoff=PACK-2
20260905_113629_48895a,5336,task_completed,R13,G02024,
20260905_113629_48895a,5337,task_assigned,R13,G02027,
20260905_113629_48895a,5339,task_completed,R1,G02023,
20260905_113629_48895a,5339,task_created,,G02028,type=PUTAWAY pickup=BUFFER dropoff=A-01
20260905_113629_48895a,5340,task_assigned,R1,G02026,
20260905_113629_48895a,5343,task_created,,G02029,type=SHIP pickup=STAGING dropoff=DOCK-1
20260905_113629_48895a,5344,task_completed,R5,G02004,
20260905_113629_48895a,5345,task_assigned,R5,G02029,
20260905_113629_48895a,5345,task_created,,G02030,type=PICK pickup=B-02 dropoff=PICK-2
20260905_113629_48895a,5347,task_completed,R10,G01697,
20260905_113629_48895a,5347,task_completed,R4,G02019,
20260905_113629_48895a,5347,task_created,,G02031,type=PUTAWAY pickup=BUFFER dropoff=E-06
20260905_113629_48895a,5347,task_created,,G02032,type=PACK pickup=PICK-3 dropoff=PACK-2
20260905_113629_48895a,5348,task_completed,R6,G02015,
20260905_113629_48895a,5348,task_assigned,R10,G02030,
20260905_113629_48895a,5348,task_assigned,R4,G02032,
20260905_113629_48895a,5349,task_assigned,R6,G01706,
20260905_113629_48895a,5350,task_interrupted,R9,G01691,
20260905_113629_48895a,5354,task_assigned,R2,G01691,
20260905_113629_48895a,5355,task_created,,G02033,type=PUTAWAY pickup=BUFFER dropoff=E-05
20260905_113629_48895a,5355,task_created,,G02034,type=PICK pickup=H-01 dropoff=PICK-2
20260905_113629_48895a,5357,task_completed,R12,G01687,
20260905_113629_48895a,5357,task_created,,G02035,type=SHIP pickup=STAGING dropoff=DOCK-1
20260905_113629_48895a,5358,task_assigned,R12,G02035,
20260905_113629_48895a,5359,task_completed,R8,G02017,
20260905_113629_48895a,5359,task_created,,G02036,type=PACK pickup=PICK-2 dropoff=PACK-1
20260905_113629_48895a,5360,task_assigned,R8,G02036,
20260905_113629_48895a,5361,task_completed,R1,G02026,
20260905_113629_48895a,5361,task_completed,R5,G02029,
20260905_113629_48895a,5362,task_assigned,R5,G01709,
20260905_113629_48895a,5362,task_assigned,R1,G02034,
20260905_113629_48895a,5363,task_created,,G02037,type=PUTAWAY pickup=BUFFER dropoff=C-02
20260905_113629_48895a,5365,task_created,,G02038,type=PICK pickup=G-03 dropoff=PICK-3
20260905_113629_48895a,5367,task_completed,R10,G02030,
20260905_113629_48895a,5368,task_completed,R7,G01699,
20260905_113629_48895a,5368,task_completed,R13,G02027,
20260905_113629_48895a,5368,task_assigned,R10,G02038,
20260905_113629_48895a,5369,task_assigned,R7,G01712,
20260905_113629_48895a,5369,task_assigned,R13,G01714,
20260905_113629_48895a,5371,task_completed,R8,G02036,
20260905_113629_48895a,5371,task_created,,G02039,type=PUTAWAY pickup=RECV dropoff=C-03
20260905_113629_48895a,5371,task_created,,G02040,type=PACK pickup=PICK-2 dropoff=PACK-2
20260905_113629_48895a,5371,task_created,,G02041,type=SHIP pickup=STAGING dropoff=DOCK-1
20260905_113629_48895a,5372,task_assigned,R8,G02041,
20260905_113629_48895a,5375,task_created,,G02042,type=PICK pickup=B-08 dropoff=PICK-1
20260905_113629_48895a,5377,task_completed,R4,G02032,
20260905_113629_48895a,5378,task_completed,R12,G02035,
20260905_113629_48895a,5378,task_assigned,R4,G02040,
20260905_113629_48895a,5379,task_completed,R8,G02041,
20260905_113629_48895a,5379,task_assigned,R12,G02042,
20260905_113629_48895a,5379,task_created,,G02043,type=PUTAWAY pickup=BUFFER dropoff=G-03
20260905_113629_48895a,5380,task_assigned,R8,G01718,
20260905_113629_48895a,5383,task_completed,R3,G01693,
20260905_113629_48895a,5383,task_completed,R11,G01702,
20260905_113629_48895a,5383,task_created,,G02044,type=PACK pickup=PICK-3 dropoff=PACK-1
20260905_113629_48895a,5384,task_assigned,R3,G01720,
20260905_113629_48895a,5384,task_assigned,R11,G02044,
20260905_113629_48895a,5385,task_created,,G02045,type=PICK pickup=E-08 dropoff=PICK-1
20260905_113629_48895a,5385,task_created,,G02046,type=SHIP pickup=STAGING dropoff=DOCK-1
20260905_113629_48895a,5386,task_completed,R6,G01706,
20260905_113629_48895a,5386,task_completed,R10,G02038,
20260905_113629_48895a,5387,task_completed,R1,G02034,
20260905_113629_48895a,5387,task_assigned,R10,G02045,
20260905_113629_48895a,5387,task_assigned,R6,G02046,
20260905_113629_48895a,5387,task_created,,G02047,type=PUTAWAY pickup=RECV dropoff=C-03
20260905_113629_48895a,5388,task_assigned,R1,G01724,
20260905_113629_48895a,5390,task_assigned,R9,G01728,
20260905_113629_48895a,5391,task_completed,R4,G02040,
20260905_113629_48895a,5392,task_assigned,R4,G01729,
20260905_113629_48895a,5394,task_completed,R5,G01709,
20260905_113629_48895a,5395,task_created,,G02048,type=PUTAWAY pickup=BUFFER dropoff=C-08
20260905_113629_48895a,5395,task_created,,G02049,type=PICK pickup=D-05 dropoff=PICK-3
20260905_113629_48895a,5395,task_created,,G02050,type=PACK pickup=PICK-2 dropoff=PACK-1
20260905_113629_48895a,5395,task_assigned,R5,G02050,
20260905_113629_48895a,5399,task_created,,G02051,type=SHIP pickup=STAGING dropoff=DOCK-1
20260905_113629_48895a,5403,task_created,,G02052,type=PUTAWAY pickup=BUFFER dropoff=H-04
20260905_113629_48895a,5405,task_created,,G02053,type=PICK pickup=B-02 dropoff=PICK-2
20260905_113629_48895a,5406,task_completed,R13,G01714,
20260905_113629_48895a,5407,task_completed,R7,G01712,
20260905_113629_48895a,5407,task_assigned,R13,G02051,
20260905_113629_48895a,5407,task_created,,G02054,type=PACK pickup=PICK-3 dropoff=PACK-1
20260905_113629_48895a,5408,task_assigned,R7,G02054,
20260905_113629_48895a,5410,task_completed,R11,G02044,
20260905_113629_48895a,5411,task_interrupted,R3,G01720,
20260905_113629_48895a,5411,task_assigned,R11,G02049,
20260905_113629_48895a,5411,task_created,,G02055,type=PUTAWAY pickup=RECV dropoff=B-05
20260905_113629_48895a,5412,task_completed,R10,G02045,
20260905_113629_48895a,5413,task_created,,G02056,type=SHIP pickup=STAGING dropoff=DOCK-2
20260905_113629_48895a,5413,task_assigned,R10,G02056,
20260905_113629_48895a,5414,task_completed,R2,G01691,
20260905_113629_48895a,5415,task_assigned,R2,G02053,
20260905_113629_48895a,5415,task_created,,G02057,type=PICK pickup=F-03 dropoff=PICK-2
20260905_113629_48895a,5416,task_completed,R5,G02050,
20260905_113629_48895a,5417,task_assigned,R5,G02057,
20260905_113629_48895a,5419,task_completed,R1,G01724,
20260905_113629_48895a,5419,task_created,,G02058,type=PUTAWAY pickup=BUFFER dropoff=D-07
20260905_113629_48895a,5419,task_created,,G02059,type=PACK pickup=PICK-1 dropoff=PACK-2
20260905_113629_48895a,5420,task_completed,R6,G02046,
20260905_113629_48895a,5420,task_assigned,R1,G02059,
20260905_113629_48895a,5421,task_assigned,R6,G01720,
20260905_113629_48895a,5425,task_created,,G02060,type=PICK pickup=B-01 dropoff=PICK-1
20260905_113629_48895a,5427,task_created,,G02061,type=PUTAWAY pickup=RECV dropoff=H-07
20260905_113629_48895a,5427,task_created,,G02062,type=SHIP pickup=STAGING dropoff=DOCK-2
20260905_113629_48895a,5429,task_completed,R10,G02056,
20260905_113629_48895a,5430,task_completed,R13,G02051,
20260905_113629_48895a,5430,task_assigned,R10,G02062,
20260905_113629_48895a,5431,task_created,,G02063,type=PACK pickup=PICK-3 dropoff=PACK-2
20260905_113629_48895a,5431,task_assigned,R13,G02063,
20260905_113629_48895a,5433,task_completed,R12,G02042,
20260905_113629_48895a,5434,task_completed,R11,G02049,
20260905_113629_48895a,5434,task_assigned,R12,G02060,
20260905_113629_48895a,5435,task_completed,R10,G02062,
20260905_113629_48895a,5435,task_created,,G02064,type=PUTAWAY pickup=BUFFER dropoff=F-07
20260905_113629_48895a,5435,task_created,,G02065,type=PICK pickup=F-01 dropoff=PICK-2
20260905_113629_48895a,5435,task_assigned,R11,G02065,
20260905_113629_48895a,5436,task_assigned,R10,G01733,
20260905_113629_48895a,5437,task_completed,R4,G01729,
20260905_113629_48895a,5437,task_interrupted,R13,G02063,
20260905_113629_48895a,5438,task_assigned,R4,G02063,
20260905_113629_48895a,5441,task_created,,G02066,type=SHIP pickup=STAGING dropoff=DOCK-1
20260905_113629_48895a,5441,task_assigned,R3,G02066,
20260905_113629_48895a,5443,task_created,,G02067,type=PUTAWAY pickup=RECV dropoff=D-08
20260905_113629_48895a,5443,task_created,,G02068,type=PACK pickup=PICK-1 dropoff=PACK-2
20260905_113629_48895a,5445,task_created,,G02069,type=PICK pickup=E-04 dropoff=PICK-2
20260905_113629_48895a,5446,task_completed,R9,G01728,
20260905_113629_48895a,5447,task_completed,R8,G01718,
20260905_113629_48895a,5447,task_completed,R1,G02059,
20260905_113629_48895a,5447,task_assigned,R9,G02068,
20260905_113629_48895a,5448,task_assigned,R1,G01736,
20260905_113629_48895a,5448,task_assigned,R8,G02069,
20260905_113629_48895a,5449,task_completed,R12,G02060,
20260905_113629_48895a,5450,task_assigned,R12,G01739,
20260905_113629_48895a,5451,task_created,,G02070,type=PUTAWAY pickup=BUFFER dropoff=F-03
20260905_113629_48895a,5454,task_completed,R6,G01720,
20260905_113629_48895a,5455,task_created,,G02071,type=PICK pickup=H-06 dropoff=PICK-2
20260905_113629_48895a,5455,task_created,,G02072,type=PACK pickup=PICK-2 dropoff=PACK-2
20260905_113629_48895a,5455,task_created,,G02073,type=SHIP pickup=STAGING dropoff=DOCK-2
20260905_113629_48895a,5455,task_assigned,R6,G02073,
20260905_113629_48895a,5456,task_completed,R3,G02066,
20260905_113629_48895a,5457,task_completed,R2,G02053,
20260905_113629_48895a,5457,task_completed,R7,G02054,
20260905_113629_48895a,5457,task_assigned,R3,G02072,
20260905_113629_48895a,5458,task_assigned,R7,G01742,
20260905_113629_48895a,5458,task_assigned,R2,G02071,
20260905_113629_48895a,5459,task_created,,G02074,type=PUTAWAY pickup=BUFFER dropoff=C-07
20260905_113629_48895a,5463,task_completed,R11,G02065,
20260905_113629_48895a,5464,task_assigned,R11,G01745,
20260905_113629_48895a,5465,task_interrupted,R1,G01736,
20260905_113629_48895a,5465,task_created,,G02075,type=PICK pickup=B-03 dropoff=PICK-2
20260905_113629_48895a,5465,task_assigned,R13,G02075,
20260905_113629_48895a,5467,task_completed,R4,G02063,
20260905_113629_48895a,5467,task_created,,G02076,type=PUTAWAY pickup=BUFFER dropoff=D-02
20260905_113629_48895a,5467,task_created,,G02077,type=PACK pickup=PICK-2 dropoff=PACK-1
20260905_113629_48895a,5468,task_interrupted,R5,G02057,
20260905_113629_48895a,5468,task_assigned,R4,G02077,
20260905_113629_48895a,5469,task_created,,G02078,type=SHIP pickup=STAGING dropoff=DOCK-1
20260905_113629_48895a,5470,task_completed,R10,G01733,
20260905_113629_48895a,5471,task_completed,R6,G02073,
20260905_113629_48895a,5471,task_assigned,R10,G02078,
20260905_113629_48895a,5472,task_assigned,R6,G02057,
20260905_113629_48895a,5475,task_created,,G02079,type=PUTAWAY pickup=BUFFER dropoff=G-04
20260905_113629_48895a,5475,task_created,,G02080,type=PICK pickup=D-04 dropoff=PICK-1
20260905_113629_48895a,5476,task_completed,R3,G02072,
20260905_113629_48895a,5477,task_assigned,R3,G02080,
20260905_113629_48895a,5479,task_completed,R12,G01739,
20260905_113629_48895a,5479,task_created,,G02081,type=PACK pickup=PICK-3 dropoff=PACK-2
20260905_113629_48895a,5480,task_completed,R4,G02077,
20260905_113629_48895a,5480,task_assigned,R12,G02081,
20260905_113629_48895a,5481,task_assigned,R4,G01736,
20260905_113629_48895a,5483,task_created,,G02082,type=PUTAWAY pickup=RECV dropoff=C-04
20260905_113629_48895a,5483,task_created,,G02083,type=SHIP pickup=STAGING dropoff=DOCK-2
20260905_113629_48895a,5485,task_completed,R2,G02071,
20260905_113629_48895a,5485,task_created,,G02084,type=PICK pickup=D-05 dropoff=PICK-3
20260905_113629_48895a,5486,task_assigned,R2,G02083,
20260905_113629_48895a,5488,task_completed,R7,G01742,
20260905_113629_48895a,5488,task_completed,R6,G02057,
20260905_113629_48895a,5488,task_completed,R9,G02068,
20260905_113629_48895a,5489,task_assigned,R6,G01748,
20260905_113629_48895a,5489,task_assigned,R7,G01751,
20260905_113629_48895a,5489,task_assigned,R9,G02084,
20260905_113629_48895a,5491,task_completed,R11,G01745,
20260905_113629_48895a,5491,task_completed,R8,G02069,
20260905_113629_48895a,5491,task_created,,G02085,type=PUTAWAY pickup=RECV dropoff=C-02
20260905_113629_48895a,5491,task_created,,G02086,type=PACK pickup=PICK-2 dropoff=PACK-1
20260905_113629_48895a,5492,task_assigned,R11,G01755,
20260905_113629_48895a,5492,task_completed,R10,G02078,
20260905_113629_48895a,5492,task_assigned,R8,G02086,
20260905_113629_48895a,5494,task_assigned,R5,G01757,
20260905_113629_48895a,5494,task_completed,R13,G02075,
20260905_113629_48895a,5494,task_completed,R12,G02081,
20260905_113629_48895a,5495,task_assigned,R12,G01760,
20260905_113629_48895a,5495,task_created,,G02087,type=PICK pickup=G-03 dropoff=PICK-2
20260905_113629_48895a,5495,task_assigned,R13,G02087,
20260905_113629_48895a,5496,task_completed,R2,G02083,
20260905_113629_48895a,5497,task_completed,R8,G02086,
20260905_113629_48895a,5497,task_created,,G02088,type=SHIP pickup=STAGING dropoff=DOCK-1
20260905_113629_48895a,5497,task_assigned,R2,G02088,
20260905_113629_48895a,5498,task_assigned,R8,G01763,
20260905_113629_48895a,5499,task_created,,G02089,type=PUTAWAY pickup=BUFFER dropoff=C-02
20260905_113629_48895a,5502,task_completed,R2,G02088,
20260905_113629_48895a,5503,task_created,,G02090,type=PACK pickup=PICK-2 dropoff=PACK-1
20260905_113629_48895a,5503,task_assigned,R2,G02090,
20260905_113629_48895a,5505,task_created,,G02091,type=PICK pickup=C-07 dropoff=PICK-3
20260905_113629_48895a,5507,task_interrupted,R7,G01751,
20260905_113629_48895a,5507,task_assigned,R1,G02091,
20260905_113629_48895a,5507,task_created,,G02092,type=PUTAWAY pickup=BUFFER dropoff=H-06
20260905_113629_48895a,5511,task_created,,G02093,type=SHIP pickup=STAGING dropoff=DOCK-1
20260905_113629_48895a,5513,task_completed,R6,G01748,
20260905_113629_48895a,5514,task_assigned,R6,G02093,
20260905_113629_48895a,5515,task_completed,R9,G02084,
20260905_113629_48895a,5515,task_created,,G02094,type=PUTAWAY pickup=BUFFER dropoff=H-07
20260905_113629_48895a,5515,task_created,,G02095,type=PICK pickup=D-06 dropoff=PICK-1
20260905_113629_48895a,5515,task_created,,G02096,type=PACK pickup=PICK-2 dropoff=PACK-2
20260905_113629_48895a,5516,task_completed,R4,G01736,
20260905_113629_48895a,5516,task_assigned,R9,G02096,
20260905_113629_48895a,5517,task_completed,R2,G02090,
20260905_113629_48895a,5517,task_assigned,R4,G02095,
20260905_113629_48895a,5518,task_assigned,R2,G01751,
20260905_113629_48895a,5519,task_interrupted,R12,G01760,
20260905_113629_48895a,5521,task_completed,R11,G01755,
20260905_113629_48895a,5521,task_completed,R3,G02080,
20260905_113629_48895a,5522,task_assigned,R10,G01760,
20260905_113629_48895a,5522,task_assigned,R3,G01766,
20260905_113629_48895a,5522,task_assigned,R11,G01770,
20260905_113629_48895a,5523,task_completed,R8,G01763,
20260905_113629_48895a,5523,task_created,,G02097,type=PUTAWAY pickup=BUFFER dropoff=A-06
20260905_113629_48895a,5524,task_assigned,R8,G01773,
20260905_113629_48895a,5525,task_created,,G02098,type=PICK pickup=D-03 dropoff=PICK-3
20260905_113629_48895a,5525,task_created,,G02099,type=SHIP pickup=STAGING dropoff=DOCK-2
20260905_113629_48895a,5527,task_created,,G02100,type=PACK pickup=PICK-2 dropoff=PACK-2
20260905_113629_48895a,5528,task_completed,R13,G02087,
20260905_113629_48895a,5529,task_assigned,R13,G02099,
20260905_113629_48895a,5530,task_completed,R9,G02096,
20260905_113629_48895a,5531,task_assigned,R9,G02100,
20260905_113629_48895a,5531,task_created,,G02101,type=PUTAWAY pickup=BUFFER dropoff=A-06
20260905_113629_48895a,5533,task_completed,R5,G01757,
20260905_113629_48895a,5534,task_assigned,R5,G02098,
20260905_113629_48895a,5535,task_created,,G02102,type=PICK pickup=F-02 dropoff=PICK-1
20260905_113629_48895a,5536,task_completed,R6,G02093,
20260905_113629_48895a,5537,task_assigned,R6,G02102,
20260905_113629_48895a,5538,task_interrupted,R6,G02102,
20260905_113629_48895a,5539,task_completed,R13,G02099,
20260905_113629_48895a,5539,task_created,,G02103,type=PUTAWAY pickup=RECV dropoff=E-02
20260905_113629_48895a,5539,task_created,,G02104,type=PACK pickup=PICK-3 dropoff=PACK-1
20260905_113629_48895a,5539,task_created,,G02105,type=SHIP pickup=STAGING dropoff=DOCK-2
20260905_113629_48895a,5540,task_interrupted,R11,G01770,
20260905_113629_48895a,5540,task_interrupted,R4,G02095,
20260905_113629_48895a,5540,task_assigned,R13,G02105,
20260905_113629_48895a,5541,task_interrupted,R8,G01773,
20260905_113629_48895a,5541,task_completed,R1,G02091,
20260905_113629_48895a,5542,task_assigned,R1,G02104,
20260905_113629_48895a,5544,task_completed,R2,G01751,
20260905_113629_48895a,5545,task_assigned,R2,G02095,
20260905_113629_48895a,5545,task_completed,R13,G02105,
20260905_113629_48895a,5545,task_created,,G02106,type=PICK pickup=F-07 dropoff=PICK-3
20260905_113629_48895a,5546,task_assigned,R13,G02102,
20260905_113629_48895a,5547,task_completed,R9,G02100,
20260905_113629_48895a,5547,task_created,,G02107,type=PUTAWAY pickup=BUFFER dropoff=E-01
20260905_113629_48895a,5548,task_assigned,R9,G02106,
20260905_113629_48895a,5551,task_created,,G02108,type=PACK pickup=PICK-2 dropoff=PACK-1
20260905_113629_48895a,5553,task_assigned,R12,G02108,
20260905_113629_48895a,5553,task_created,,G02109,type=SHIP pickup=STAGING dropoff=DOCK-2
20260905_113629_48895a,5553,task_assigned,R7,G02109,
20260905_113629_48895a,5554,task_completed,R3,G01766,
20260905_113629_48895a,5555,task_completed,R1,G02104,
20260905_113629_48895a,5555,task_created,,G02110,type=PUTAWAY pickup=RECV dropoff=H-07
20260905_113629_48895a,5555,task_created,,G02111,type=PICK pickup=H-06 dropoff=PICK-3
20260905_113629_48895a,5555,task_assigned,R3,G02111,
20260905_113629_48895a,5556,task_assigned,R1,G01770,
20260905_113629_48895a,5561,task_assigned,R6,G01773,
20260905_113629_48895a,5563,task_created,,G02112,type=PUTAWAY pickup=BUFFER dropoff=C-02
20260905_113629_48895a,5563,task_created,,G02113,type=PACK pickup=PICK-2 dropoff=PACK-1
20260905_113629_48895a,5565,task_created,,G02114,type=PICK pickup=D-06 dropoff=PICK-1
20260905_113629_48895a,5566,task_completed,R5,G02098,
20260905_113629_48895a,5567,task_completed,R2,G02095,
20260905_113629_48895a,5567,task_created,,G02115,type=SHIP pickup=STAGING dropoff=DOCK-1
20260905_113629_48895a,5567,task_assigned,R5,G02115,
20260905_113629_48895a,5568,task_completed,R7,G02109,
20260905_113629_48895a,5568,task_assigned,R2,G02113,
20260905_113629_48895a,5569,task_assigned,R7,G02114,
20260905_113629_48895a,5571,task_created,,G02116,type=PUTAWAY pickup=BUFFER dropoff=C-08
20260905_113629_48895a,5575,task_completed,R10,G01760,
20260905_113629_48895a,5575,task_created,,G02117,type=PICK pickup=C-05 dropoff=PICK-2
20260905_113629_48895a,5575,task_created,,G02118,type=PACK pickup=PICK-3 dropoff=PACK-1
20260905_113629_48895a,5576,task_assigned,R10,G02118,
20260905_113629_48895a,5579,task_created,,G02119,type=PUTAWAY pickup=BUFFER dropoff=G-06
20260905_113629_48895a,5580,task_interrupted,R2,G02113,
20260905_113629_48895a,5581,task_completed,R12,G02108,
20260905_113629_48895a,5581,task_created,,G02120,type=SHIP pickup=STAGING dropoff=DOCK-1
20260905_113629_48895a,5582,task_completed,R1,G01770,
20260905_113629_48895a,5582,task_assigned,R12,G02120,
20260905_113629_48895a,5583,task_assigned,R1,G02113,
20260905_113629_48895a,5583,task_completed,R5,G02115,
20260905_113629_48895a,5584,task_completed,R6,G01773,
20260905_113629_48895a,5584,task_assigned,R5,G02117,
20260905_113629_48895a,5585,task_assigned,R4,G01775,
20260905_113629_48895a,5585,task_created,,G02121,type=PICK pickup=H-06 dropoff=PICK-3
20260905_113629_48895a,5585,task_assigned,R6,G02121,
20260905_113629_48895a,5586,task_assigned,R11,G01778,
20260905_113629_48895a,5586,task_completed,R13,G02102,
20260905_113629_48895a,5587,task_created,,G02122,type=PUTAWAY pickup=RECV dropoff=H-06
20260905_113629_48895a,5587,task_created,,G02123,type=PACK pickup=PICK-1 dropoff=PACK-1
20260905_113629_48895a,5587,task_assigned,R13,G02123,
20260905_113629_48895a,5588,task_completed,R12,G02120,
